Gene ID	Gene name	Anatomical entity name	Expression	Call quality	Expression score	class
ENSG00000099284	MACROH2A2	pituitary gland	present	gold quality	88.24	variant
ENSG00000099284	MACROH2A2	pituitary gland	present	gold quality	87.24	variant
ENSG00000099284	MACROH2A2	pituitary gland	present	gold quality	86.01	variant
ENSG00000099284	MACROH2A2	pituitary gland	present	gold quality	87.79	variant
ENSG00000099284	MACROH2A2	pituitary gland	present	gold quality	87.56	variant
ENSG00000099284	MACROH2A2	pituitary gland	present	gold quality	85.71	variant
ENSG00000099284	MACROH2A2	pituitary gland	present	gold quality	87.09	variant
ENSG00000099284	MACROH2A2	pituitary gland	present	gold quality	86.81	variant
ENSG00000099284	MACROH2A2	pituitary gland	present	gold quality	85.9	variant
ENSG00000099284	MACROH2A2	pituitary gland	present	gold quality	86.26	variant
ENSG00000099284	MACROH2A2	pituitary gland	present	gold quality	84.43	variant
ENSG00000099284	MACROH2A2	pituitary gland	present	gold quality	82.24	variant
ENSG00000099284	MACROH2A2	pituitary gland	present	gold quality	86.37	variant
ENSG00000099284	MACROH2A2	lymph node	present	gold quality	83.0	variant
ENSG00000099284	MACROH2A2	lymph node	present	gold quality	82.24	variant
ENSG00000099284	MACROH2A2	lymph node	present	gold quality	83.71	variant
ENSG00000099284	MACROH2A2	lymph node	present	gold quality	75.88	variant
ENSG00000099284	MACROH2A2	lymph node	present	gold quality	80.25	variant
ENSG00000099284	MACROH2A2	lymph node	present	gold quality	78.71	variant
ENSG00000099284	MACROH2A2	adult mammalian kidney	present	gold quality	84.9	variant
ENSG00000099284	MACROH2A2	adult mammalian kidney	present	gold quality	86.12	variant
ENSG00000099284	MACROH2A2	adult mammalian kidney	present	gold quality	87.1	variant
ENSG00000099284	MACROH2A2	adult mammalian kidney	present	gold quality	80.57	variant
ENSG00000099284	MACROH2A2	adult mammalian kidney	present	gold quality	82.77	variant
ENSG00000099284	MACROH2A2	adult mammalian kidney	present	gold quality	82.29	variant
ENSG00000099284	MACROH2A2	adult mammalian kidney	present	gold quality	84.1	variant
ENSG00000099284	MACROH2A2	adult mammalian kidney	present	gold quality	84.34	variant
ENSG00000099284	MACROH2A2	adult mammalian kidney	present	gold quality	83.6	variant
ENSG00000099284	MACROH2A2	adult mammalian kidney	present	gold quality	80.41	variant
ENSG00000099284	MACROH2A2	adult mammalian kidney	present	gold quality	81.3	variant
ENSG00000099284	MACROH2A2	adult mammalian kidney	present	gold quality	83.11	variant
ENSG00000099284	MACROH2A2	prefrontal cortex	present	gold quality	85.64	variant
ENSG00000099284	MACROH2A2	prefrontal cortex	present	gold quality	84.41	variant
ENSG00000099284	MACROH2A2	prefrontal cortex	present	gold quality	75.55	variant
ENSG00000099284	MACROH2A2	prefrontal cortex	present	gold quality	83.36	variant
ENSG00000099284	MACROH2A2	prefrontal cortex	present	gold quality	78.29	variant
ENSG00000099284	MACROH2A2	prefrontal cortex	present	gold quality	82.48	variant
ENSG00000099284	MACROH2A2	prefrontal cortex	present	gold quality	86.4	variant
ENSG00000099284	MACROH2A2	prefrontal cortex	present	gold quality	84.29	variant
ENSG00000099284	MACROH2A2	multicellular organism	present	gold quality	79.73	variant
ENSG00000099284	MACROH2A2	testis	present	gold quality	74.8	variant
ENSG00000099284	MACROH2A2	testis	present	gold quality	72.14	variant
ENSG00000099284	MACROH2A2	testis	present	gold quality	72.6	variant
ENSG00000099284	MACROH2A2	testis	present	gold quality	81.71	variant
ENSG00000099284	MACROH2A2	testis	present	gold quality	81.78	variant
ENSG00000099284	MACROH2A2	testis	present	gold quality	81.17	variant
ENSG00000099284	MACROH2A2	testis	present	gold quality	80.39	variant
ENSG00000099284	MACROH2A2	testis	present	gold quality	79.23	variant
ENSG00000099284	MACROH2A2	testis	present	gold quality	81.13	variant
ENSG00000099284	MACROH2A2	testis	present	gold quality	81.0	variant
ENSG00000099284	MACROH2A2	testis	present	gold quality	77.83	variant
ENSG00000099284	MACROH2A2	testis	present	gold quality	81.38	variant
ENSG00000099284	MACROH2A2	testis	present	gold quality	85.77	variant
ENSG00000099284	MACROH2A2	heart	present	gold quality	92.5	variant
ENSG00000099284	MACROH2A2	heart	present	gold quality	87.15	variant
ENSG00000099284	MACROH2A2	heart	present	gold quality	84.99	variant
ENSG00000099284	MACROH2A2	heart	present	gold quality	84.9	variant
ENSG00000099284	MACROH2A2	heart	present	gold quality	84.13	variant
ENSG00000099284	MACROH2A2	heart	present	gold quality	85.22	variant
ENSG00000099284	MACROH2A2	heart	present	gold quality	83.4	variant
ENSG00000099284	MACROH2A2	heart	present	gold quality	83.52	variant
ENSG00000099284	MACROH2A2	heart	present	gold quality	86.27	variant
ENSG00000099284	MACROH2A2	heart	present	gold quality	86.01	variant
ENSG00000099284	MACROH2A2	heart	present	gold quality	83.64	variant
ENSG00000099284	MACROH2A2	heart	present	gold quality	81.19	variant
ENSG00000099284	MACROH2A2	heart	present	gold quality	84.13	variant
ENSG00000099284	MACROH2A2	heart	present	gold quality	84.03	variant
ENSG00000099284	MACROH2A2	heart	present	gold quality	83.19	variant
ENSG00000099284	MACROH2A2	cerebral cortex	present	gold quality	95.7	variant
ENSG00000099284	MACROH2A2	cerebral cortex	present	gold quality	96.95	variant
ENSG00000099284	MACROH2A2	cerebral cortex	present	gold quality	80.35	variant
ENSG00000099284	MACROH2A2	cerebral cortex	present	gold quality	82.92	variant
ENSG00000099284	MACROH2A2	cerebral cortex	present	gold quality	78.86	variant
ENSG00000099284	MACROH2A2	cerebral cortex	present	gold quality	83.71	variant
ENSG00000099284	MACROH2A2	cerebral cortex	present	gold quality	79.76	variant
ENSG00000099284	MACROH2A2	cerebral cortex	present	gold quality	80.89	variant
ENSG00000099284	MACROH2A2	cerebral cortex	present	gold quality	80.67	variant
ENSG00000099284	MACROH2A2	skeletal muscle tissue	present	gold quality	82.14	variant
ENSG00000099284	MACROH2A2	skeletal muscle tissue	present	gold quality	81.93	variant
ENSG00000099284	MACROH2A2	skeletal muscle tissue	present	gold quality	81.85	variant
ENSG00000099284	MACROH2A2	skeletal muscle tissue	present	gold quality	82.46	variant
ENSG00000099284	MACROH2A2	skeletal muscle tissue	present	gold quality	80.86	variant
ENSG00000099284	MACROH2A2	skeletal muscle tissue	present	gold quality	80.88	variant
ENSG00000099284	MACROH2A2	skeletal muscle tissue	present	gold quality	82.61	variant
ENSG00000099284	MACROH2A2	skeletal muscle tissue	present	gold quality	83.12	variant
ENSG00000099284	MACROH2A2	colon	present	gold quality	88.9	variant
ENSG00000099284	MACROH2A2	colon	present	gold quality	84.05	variant
ENSG00000099284	MACROH2A2	colon	present	gold quality	82.09	variant
ENSG00000099284	MACROH2A2	colon	present	gold quality	82.1	variant
ENSG00000099284	MACROH2A2	colon	present	gold quality	81.32	variant
ENSG00000099284	MACROH2A2	colon	present	gold quality	82.38	variant
ENSG00000099284	MACROH2A2	colon	present	gold quality	81.64	variant
ENSG00000099284	MACROH2A2	colon	present	gold quality	79.62	variant
ENSG00000099284	MACROH2A2	colon	present	gold quality	81.62	variant
ENSG00000099284	MACROH2A2	colon	present	gold quality	82.64	variant
ENSG00000099284	MACROH2A2	colon	present	gold quality	86.08	variant
ENSG00000099284	MACROH2A2	colon	present	gold quality	82.56	variant
ENSG00000099284	MACROH2A2	colon	present	gold quality	82.14	variant
ENSG00000099284	MACROH2A2	colon	present	gold quality	81.85	variant
ENSG00000099284	MACROH2A2	colon	present	gold quality	73.3	variant
ENSG00000099284	MACROH2A2	colon	present	gold quality	82.09	variant
ENSG00000099284	MACROH2A2	colon	present	gold quality	82.11	variant
ENSG00000099284	MACROH2A2	colon	present	gold quality	81.94	variant
ENSG00000099284	MACROH2A2	cortex of kidney	present	gold quality	87.27	variant
ENSG00000099284	MACROH2A2	cortex of kidney	present	gold quality	82.8	variant
ENSG00000099284	MACROH2A2	cortex of kidney	present	gold quality	85.57	variant
ENSG00000099284	MACROH2A2	cortex of kidney	present	gold quality	80.52	variant
ENSG00000099284	MACROH2A2	cortex of kidney	present	gold quality	83.98	variant
ENSG00000099284	MACROH2A2	frontal cortex	present	gold quality	92.84	variant
ENSG00000099284	MACROH2A2	frontal cortex	present	gold quality	81.18	variant
ENSG00000099284	MACROH2A2	frontal cortex	present	gold quality	84.64	variant
ENSG00000099284	MACROH2A2	frontal cortex	present	gold quality	78.37	variant
ENSG00000099284	MACROH2A2	frontal cortex	present	gold quality	84.16	variant
ENSG00000099284	MACROH2A2	frontal cortex	present	gold quality	80.05	variant
ENSG00000099284	MACROH2A2	frontal cortex	present	gold quality	80.34	variant
ENSG00000099284	MACROH2A2	frontal cortex	present	gold quality	81.51	variant
ENSG00000099284	MACROH2A2	frontal cortex	present	gold quality	80.49	variant
ENSG00000099284	MACROH2A2	frontal cortex	present	gold quality	79.85	variant
ENSG00000099284	MACROH2A2	frontal cortex	present	gold quality	78.63	variant
ENSG00000099284	MACROH2A2	frontal cortex	present	gold quality	80.39	variant
ENSG00000099284	MACROH2A2	frontal cortex	present	gold quality	78.02	variant
ENSG00000099284	MACROH2A2	frontal cortex	present	gold quality	82.07	variant
ENSG00000099284	MACROH2A2	frontal cortex	present	gold quality	82.54	variant
ENSG00000099284	MACROH2A2	frontal cortex	present	gold quality	82.08	variant
ENSG00000099284	MACROH2A2	frontal cortex	present	gold quality	82.58	variant
ENSG00000099284	MACROH2A2	frontal cortex	present	gold quality	81.61	variant
ENSG00000099284	MACROH2A2	frontal cortex	present	gold quality	83.35	variant
ENSG00000099284	MACROH2A2	temporal lobe	present	gold quality	81.42	variant
ENSG00000099284	MACROH2A2	temporal lobe	present	gold quality	80.47	variant
ENSG00000099284	MACROH2A2	temporal lobe	present	gold quality	82.22	variant
ENSG00000099284	MACROH2A2	temporal lobe	present	gold quality	80.91	variant
ENSG00000099284	MACROH2A2	temporal lobe	present	gold quality	81.43	variant
ENSG00000099284	MACROH2A2	temporal lobe	present	gold quality	81.96	variant
ENSG00000099284	MACROH2A2	cerebellum	present	gold quality	88.82	variant
ENSG00000099284	MACROH2A2	cerebellum	present	gold quality	88.09	variant
ENSG00000099284	MACROH2A2	cerebellum	present	gold quality	93.59	variant
ENSG00000099284	MACROH2A2	cerebellum	present	gold quality	88.73	variant
ENSG00000099284	MACROH2A2	cerebellum	present	gold quality	88.81	variant
ENSG00000099284	MACROH2A2	cerebellum	present	gold quality	88.39	variant
ENSG00000099284	MACROH2A2	cerebellum	present	gold quality	87.57	variant
ENSG00000099284	MACROH2A2	cerebellum	present	gold quality	91.5	variant
ENSG00000099284	MACROH2A2	cerebellum	present	gold quality	90.59	variant
ENSG00000099284	MACROH2A2	cerebellum	present	gold quality	81.94	variant
ENSG00000099284	MACROH2A2	cerebellum	present	gold quality	87.89	variant
ENSG00000099284	MACROH2A2	cerebellum	present	gold quality	87.84	variant
ENSG00000099284	MACROH2A2	cerebellum	present	gold quality	87.84	variant
ENSG00000099284	MACROH2A2	cerebellum	present	gold quality	85.71	variant
ENSG00000099284	MACROH2A2	lung	present	gold quality	95.25	variant
ENSG00000099284	MACROH2A2	lung	present	gold quality	90.17	variant
ENSG00000099284	MACROH2A2	lung	present	gold quality	78.97	variant
ENSG00000099284	MACROH2A2	lung	present	gold quality	82.36	variant
ENSG00000099284	MACROH2A2	lung	present	gold quality	77.4	variant
ENSG00000099284	MACROH2A2	lung	present	gold quality	75.05	variant
ENSG00000099284	MACROH2A2	lung	present	gold quality	75.38	variant
ENSG00000099284	MACROH2A2	lung	present	gold quality	75.79	variant
ENSG00000099284	MACROH2A2	lung	present	gold quality	75.63	variant
ENSG00000099284	MACROH2A2	lung	present	gold quality	77.06	variant
ENSG00000099284	MACROH2A2	lung	present	gold quality	76.47	variant
ENSG00000099284	MACROH2A2	lung	present	gold quality	75.25	variant
ENSG00000099284	MACROH2A2	lung	present	gold quality	71.74	variant
ENSG00000099284	MACROH2A2	lung	present	gold quality	77.24	variant
ENSG00000099284	MACROH2A2	lung	present	gold quality	76.32	variant
ENSG00000099284	MACROH2A2	lung	present	gold quality	91.72	variant
ENSG00000099284	MACROH2A2	spleen	present	gold quality	70.02	variant
ENSG00000099284	MACROH2A2	spleen	present	gold quality	73.17	variant
ENSG00000099284	MACROH2A2	spleen	present	gold quality	74.11	variant
ENSG00000099284	MACROH2A2	spleen	present	gold quality	72.53	variant
ENSG00000099284	MACROH2A2	spleen	present	gold quality	71.03	variant
ENSG00000099284	MACROH2A2	spleen	present	gold quality	71.52	variant
ENSG00000099284	MACROH2A2	spleen	present	gold quality	70.37	variant
ENSG00000099284	MACROH2A2	spleen	present	gold quality	71.41	variant
ENSG00000099284	MACROH2A2	spleen	present	gold quality	70.19	variant
ENSG00000099284	MACROH2A2	spleen	present	gold quality	71.36	variant
ENSG00000099284	MACROH2A2	spleen	present	gold quality	71.62	variant
ENSG00000099284	MACROH2A2	spleen	present	gold quality	71.47	variant
ENSG00000099284	MACROH2A2	liver	present	gold quality	83.29	variant
ENSG00000099284	MACROH2A2	liver	present	gold quality	84.62	variant
ENSG00000099284	MACROH2A2	liver	present	gold quality	86.39	variant
ENSG00000099284	MACROH2A2	liver	present	gold quality	84.18	variant
ENSG00000099284	MACROH2A2	liver	present	gold quality	86.83	variant
ENSG00000099284	MACROH2A2	liver	present	gold quality	80.75	variant
ENSG00000099284	MACROH2A2	liver	present	gold quality	77.79	variant
ENSG00000099284	MACROH2A2	liver	present	gold quality	83.23	variant
ENSG00000099284	MACROH2A2	liver	present	gold quality	82.03	variant
ENSG00000099284	MACROH2A2	liver	present	gold quality	77.38	variant
ENSG00000099284	MACROH2A2	liver	present	gold quality	74.21	variant
ENSG00000099284	MACROH2A2	liver	present	gold quality	81.62	variant
ENSG00000099284	MACROH2A2	liver	present	gold quality	82.58	variant
ENSG00000099284	MACROH2A2	liver	present	gold quality	82.36	variant
ENSG00000099284	MACROH2A2	liver	present	gold quality	87.49	variant
ENSG00000099284	MACROH2A2	liver	present	gold quality	81.91	variant
ENSG00000099284	MACROH2A2	liver	present	gold quality	82.29	variant
ENSG00000099284	MACROH2A2	liver	present	gold quality	84.11	variant
ENSG00000099284	MACROH2A2	liver	present	gold quality	81.89	variant
ENSG00000099284	MACROH2A2	liver	present	gold quality	89.25	variant
ENSG00000099284	MACROH2A2	cerebellar cortex	present	gold quality	88.23	variant
ENSG00000099284	MACROH2A2	cerebellar cortex	present	gold quality	87.94	variant
ENSG00000099284	MACROH2A2	thymus	present	gold quality	82.96	variant
ENSG00000099284	MACROH2A2	thymus	present	gold quality	90.43	variant
ENSG00000099284	MACROH2A2	bone marrow	present	gold quality	75.26	variant
ENSG00000099284	MACROH2A2	bone marrow	present	gold quality	74.63	variant
ENSG00000099284	MACROH2A2	primary visual cortex	present	gold quality	78.68	variant
ENSG00000099284	MACROH2A2	primary visual cortex	present	gold quality	76.3	variant
ENSG00000099284	MACROH2A2	primary visual cortex	present	gold quality	80.12	variant
ENSG00000099284	MACROH2A2	primary visual cortex	present	gold quality	76.92	variant
ENSG00000099284	MACROH2A2	primary visual cortex	present	gold quality	80.2	variant
ENSG00000099284	MACROH2A2	primary visual cortex	present	gold quality	79.02	variant
ENSG00000099284	MACROH2A2	primary visual cortex	present	gold quality	80.71	variant
ENSG00000099284	MACROH2A2	superior frontal gyrus	present	gold quality	80.4	variant
ENSG00000099284	MACROH2A2	superior frontal gyrus	present	gold quality	78.01	variant
ENSG00000099284	MACROH2A2	superior frontal gyrus	present	gold quality	78.89	variant
ENSG00000099284	MACROH2A2	superior frontal gyrus	present	gold quality	77.54	variant
ENSG00000099284	MACROH2A2	superior frontal gyrus	present	gold quality	77.63	variant
ENSG00000099284	MACROH2A2	superior frontal gyrus	present	gold quality	78.71	variant
ENSG00000099284	MACROH2A2	superior frontal gyrus	present	gold quality	80.71	variant
ENSG00000099284	MACROH2A2	superior frontal gyrus	present	gold quality	79.87	variant
ENSG00000099284	MACROH2A2	superior frontal gyrus	present	gold quality	77.55	variant
ENSG00000099284	MACROH2A2	superior frontal gyrus	present	gold quality	77.42	variant
ENSG00000099284	MACROH2A2	superior frontal gyrus	present	gold quality	78.68	variant
ENSG00000099284	MACROH2A2	superior frontal gyrus	present	gold quality	79.35	variant
ENSG00000099284	MACROH2A2	superior frontal gyrus	present	gold quality	76.35	variant
ENSG00000099284	MACROH2A2	superior frontal gyrus	present	gold quality	77.95	variant
ENSG00000099284	MACROH2A2	superior frontal gyrus	present	gold quality	82.68	variant
ENSG00000099284	MACROH2A2	superior frontal gyrus	present	gold quality	81.15	variant
ENSG00000099284	MACROH2A2	superior frontal gyrus	present	gold quality	77.07	variant
ENSG00000099284	MACROH2A2	superior frontal gyrus	present	gold quality	78.51	variant
ENSG00000099284	MACROH2A2	superior frontal gyrus	present	gold quality	79.46	variant
ENSG00000099284	MACROH2A2	superior frontal gyrus	present	gold quality	77.01	variant
ENSG00000099284	MACROH2A2	superior frontal gyrus	present	gold quality	78.65	variant
ENSG00000099284	MACROH2A2	superior frontal gyrus	present	gold quality	79.91	variant
ENSG00000099284	MACROH2A2	superior frontal gyrus	present	gold quality	78.72	variant
ENSG00000099284	MACROH2A2	hindlimb stylopod muscle	present	gold quality	83.32	variant
ENSG00000099284	MACROH2A2	hindlimb stylopod muscle	present	gold quality	86.51	variant
ENSG00000099284	MACROH2A2	dorsolateral prefrontal cortex	present	gold quality	79.11	variant
ENSG00000099284	MACROH2A2	dorsolateral prefrontal cortex	present	gold quality	78.06	variant
ENSG00000099284	MACROH2A2	dorsolateral prefrontal cortex	present	gold quality	80.23	variant
ENSG00000099284	MACROH2A2	dorsolateral prefrontal cortex	present	gold quality	79.63	variant
ENSG00000099284	MACROH2A2	dorsolateral prefrontal cortex	present	gold quality	81.65	variant
ENSG00000099284	MACROH2A2	dorsolateral prefrontal cortex	present	gold quality	80.15	variant
ENSG00000099284	MACROH2A2	dorsolateral prefrontal cortex	present	gold quality	81.36	variant
ENSG00000099284	MACROH2A2	dorsolateral prefrontal cortex	present	gold quality	80.85	variant
ENSG00000099284	MACROH2A2	dorsolateral prefrontal cortex	present	gold quality	81.45	variant
ENSG00000099284	MACROH2A2	dorsolateral prefrontal cortex	present	gold quality	80.63	variant
ENSG00000099284	MACROH2A2	dorsolateral prefrontal cortex	present	gold quality	80.64	variant
ENSG00000099284	MACROH2A2	dorsolateral prefrontal cortex	present	gold quality	76.34	variant
ENSG00000099284	MACROH2A2	dorsolateral prefrontal cortex	present	gold quality	80.99	variant
ENSG00000099284	MACROH2A2	dorsolateral prefrontal cortex	present	gold quality	77.11	variant
ENSG00000099284	MACROH2A2	dorsolateral prefrontal cortex	present	gold quality	77.74	variant
ENSG00000099284	MACROH2A2	dorsolateral prefrontal cortex	present	gold quality	77.93	variant
ENSG00000099284	MACROH2A2	dorsolateral prefrontal cortex	present	gold quality	79.69	variant
ENSG00000099284	MACROH2A2	dorsolateral prefrontal cortex	present	gold quality	76.18	variant
ENSG00000099284	MACROH2A2	dorsolateral prefrontal cortex	present	gold quality	77.56	variant
ENSG00000099284	MACROH2A2	dorsolateral prefrontal cortex	present	gold quality	78.53	variant
ENSG00000099284	MACROH2A2	dorsolateral prefrontal cortex	present	gold quality	78.35	variant
ENSG00000105968	H2AZ2	pituitary gland	present	gold quality	94.5	variant
ENSG00000105968	H2AZ2	pituitary gland	present	gold quality	95.97	variant
ENSG00000105968	H2AZ2	pituitary gland	present	gold quality	91.22	variant
ENSG00000105968	H2AZ2	pituitary gland	present	gold quality	93.11	variant
ENSG00000105968	H2AZ2	pituitary gland	present	gold quality	94.37	variant
ENSG00000105968	H2AZ2	pituitary gland	present	gold quality	95.4	variant
ENSG00000105968	H2AZ2	pituitary gland	present	gold quality	94.24	variant
ENSG00000105968	H2AZ2	pituitary gland	present	gold quality	94.87	variant
ENSG00000105968	H2AZ2	pituitary gland	present	gold quality	95.12	variant
ENSG00000105968	H2AZ2	pituitary gland	present	gold quality	95.06	variant
ENSG00000105968	H2AZ2	pituitary gland	present	gold quality	94.5	variant
ENSG00000105968	H2AZ2	pituitary gland	present	gold quality	88.86	variant
ENSG00000105968	H2AZ2	pituitary gland	present	gold quality	94.75	variant
ENSG00000105968	H2AZ2	lymph node	present	gold quality	93.75	variant
ENSG00000105968	H2AZ2	lymph node	present	gold quality	93.03	variant
ENSG00000105968	H2AZ2	lymph node	present	gold quality	91.85	variant
ENSG00000105968	H2AZ2	lymph node	present	gold quality	97.91	variant
ENSG00000105968	H2AZ2	lymph node	present	gold quality	94.46	variant
ENSG00000105968	H2AZ2	lymph node	present	gold quality	97.02	variant
ENSG00000105968	H2AZ2	adult mammalian kidney	present	gold quality	94.61	variant
ENSG00000105968	H2AZ2	adult mammalian kidney	present	gold quality	95.13	variant
ENSG00000105968	H2AZ2	adult mammalian kidney	present	gold quality	90.26	variant
ENSG00000105968	H2AZ2	adult mammalian kidney	present	gold quality	96.14	variant
ENSG00000105968	H2AZ2	adult mammalian kidney	present	gold quality	96.3	variant
ENSG00000105968	H2AZ2	adult mammalian kidney	present	gold quality	95.79	variant
ENSG00000105968	H2AZ2	adult mammalian kidney	present	gold quality	89.66	variant
ENSG00000105968	H2AZ2	adult mammalian kidney	present	gold quality	93.11	variant
ENSG00000105968	H2AZ2	adult mammalian kidney	present	gold quality	97.56	variant
ENSG00000105968	H2AZ2	adult mammalian kidney	present	gold quality	97.05	variant
ENSG00000105968	H2AZ2	adult mammalian kidney	present	gold quality	95.8	variant
ENSG00000105968	H2AZ2	adult mammalian kidney	present	gold quality	93.92	variant
ENSG00000105968	H2AZ2	adult mammalian kidney	present	gold quality	95.33	variant
ENSG00000105968	H2AZ2	adult mammalian kidney	present	gold quality	95.34	variant
ENSG00000105968	H2AZ2	adult mammalian kidney	present	gold quality	95.53	variant
ENSG00000105968	H2AZ2	prefrontal cortex	present	gold quality	96.55	variant
ENSG00000105968	H2AZ2	prefrontal cortex	present	gold quality	96.19	variant
ENSG00000105968	H2AZ2	prefrontal cortex	present	gold quality	97.63	variant
ENSG00000105968	H2AZ2	prefrontal cortex	present	gold quality	96.72	variant
ENSG00000105968	H2AZ2	prefrontal cortex	present	gold quality	95.27	variant
ENSG00000105968	H2AZ2	prefrontal cortex	present	gold quality	97.23	variant
ENSG00000105968	H2AZ2	prefrontal cortex	present	gold quality	97.43	variant
ENSG00000105968	H2AZ2	prefrontal cortex	present	gold quality	95.97	variant
ENSG00000105968	H2AZ2	prefrontal cortex	present	gold quality	96.22	variant
ENSG00000105968	H2AZ2	prefrontal cortex	present	gold quality	94.52	variant
ENSG00000105968	H2AZ2	multicellular organism	present	gold quality	95.77	variant
ENSG00000105968	H2AZ2	testis	present	gold quality	94.53	variant
ENSG00000105968	H2AZ2	testis	present	gold quality	92.77	variant
ENSG00000105968	H2AZ2	testis	present	gold quality	94.74	variant
ENSG00000105968	H2AZ2	testis	present	gold quality	96.24	variant
ENSG00000105968	H2AZ2	testis	present	gold quality	95.97	variant
ENSG00000105968	H2AZ2	testis	present	gold quality	97.19	variant
ENSG00000105968	H2AZ2	testis	present	gold quality	97.15	variant
ENSG00000105968	H2AZ2	testis	present	gold quality	95.97	variant
ENSG00000105968	H2AZ2	testis	present	gold quality	97.69	variant
ENSG00000105968	H2AZ2	testis	present	gold quality	95.68	variant
ENSG00000105968	H2AZ2	testis	present	gold quality	94.71	variant
ENSG00000105968	H2AZ2	testis	present	gold quality	96.72	variant
ENSG00000105968	H2AZ2	testis	present	gold quality	96.79	variant
ENSG00000105968	H2AZ2	heart	present	gold quality	98.89	variant
ENSG00000105968	H2AZ2	heart	present	gold quality	98.59	variant
ENSG00000105968	H2AZ2	heart	present	gold quality	97.38	variant
ENSG00000105968	H2AZ2	heart	present	gold quality	97.35	variant
ENSG00000105968	H2AZ2	heart	present	gold quality	97.31	variant
ENSG00000105968	H2AZ2	heart	present	gold quality	97.31	variant
ENSG00000105968	H2AZ2	heart	present	gold quality	97.19	variant
ENSG00000105968	H2AZ2	heart	present	gold quality	97.29	variant
ENSG00000105968	H2AZ2	heart	present	gold quality	97.08	variant
ENSG00000105968	H2AZ2	heart	present	gold quality	98.67	variant
ENSG00000105968	H2AZ2	heart	present	gold quality	97.37	variant
ENSG00000105968	H2AZ2	heart	present	gold quality	97.32	variant
ENSG00000105968	H2AZ2	heart	present	gold quality	97.32	variant
ENSG00000105968	H2AZ2	heart	present	gold quality	97.32	variant
ENSG00000105968	H2AZ2	heart	present	gold quality	98.67	variant
ENSG00000105968	H2AZ2	heart	present	gold quality	97.59	variant
ENSG00000105968	H2AZ2	cerebral cortex	present	gold quality	98.31	variant
ENSG00000105968	H2AZ2	cerebral cortex	present	gold quality	98.48	variant
ENSG00000105968	H2AZ2	cerebral cortex	present	gold quality	96.78	variant
ENSG00000105968	H2AZ2	cerebral cortex	present	gold quality	96.65	variant
ENSG00000105968	H2AZ2	cerebral cortex	present	gold quality	96.69	variant
ENSG00000105968	H2AZ2	cerebral cortex	present	gold quality	96.22	variant
ENSG00000105968	H2AZ2	cerebral cortex	present	gold quality	96.38	variant
ENSG00000105968	H2AZ2	cerebral cortex	present	gold quality	96.77	variant
ENSG00000105968	H2AZ2	cerebral cortex	present	gold quality	96.47	variant
ENSG00000105968	H2AZ2	cerebral cortex	present	gold quality	96.41	variant
ENSG00000105968	H2AZ2	skeletal muscle tissue	present	gold quality	90.43	variant
ENSG00000105968	H2AZ2	skeletal muscle tissue	present	gold quality	95.94	variant
ENSG00000105968	H2AZ2	skeletal muscle tissue	present	gold quality	95.52	variant
ENSG00000105968	H2AZ2	skeletal muscle tissue	present	gold quality	93.66	variant
ENSG00000105968	H2AZ2	skeletal muscle tissue	present	gold quality	91.47	variant
ENSG00000105968	H2AZ2	skeletal muscle tissue	present	gold quality	94.91	variant
ENSG00000105968	H2AZ2	skeletal muscle tissue	present	gold quality	96.28	variant
ENSG00000105968	H2AZ2	skeletal muscle tissue	present	gold quality	94.11	variant
ENSG00000105968	H2AZ2	skeletal muscle tissue	present	gold quality	94.84	variant
ENSG00000105968	H2AZ2	skeletal muscle tissue	present	gold quality	95.45	variant
ENSG00000105968	H2AZ2	skeletal muscle tissue	present	gold quality	95.57	variant
ENSG00000105968	H2AZ2	skeletal muscle tissue	present	gold quality	94.26	variant
ENSG00000105968	H2AZ2	skeletal muscle tissue	present	gold quality	96.08	variant
ENSG00000105968	H2AZ2	skeletal muscle tissue	present	gold quality	95.56	variant
ENSG00000105968	H2AZ2	skeletal muscle tissue	present	gold quality	95.89	variant
ENSG00000105968	H2AZ2	skeletal muscle tissue	present	gold quality	96.73	variant
ENSG00000105968	H2AZ2	skeletal muscle tissue	present	gold quality	95.94	variant
ENSG00000105968	H2AZ2	colon	present	gold quality	97.73	variant
ENSG00000105968	H2AZ2	colon	present	gold quality	97.0	variant
ENSG00000105968	H2AZ2	colon	present	gold quality	96.36	variant
ENSG00000105968	H2AZ2	colon	present	gold quality	96.94	variant
ENSG00000105968	H2AZ2	colon	present	gold quality	96.81	variant
ENSG00000105968	H2AZ2	colon	present	gold quality	97.23	variant
ENSG00000105968	H2AZ2	colon	present	gold quality	97.29	variant
ENSG00000105968	H2AZ2	colon	present	gold quality	98.38	variant
ENSG00000105968	H2AZ2	colon	present	gold quality	97.22	variant
ENSG00000105968	H2AZ2	colon	present	gold quality	97.35	variant
ENSG00000105968	H2AZ2	colon	present	gold quality	92.84	variant
ENSG00000105968	H2AZ2	colon	present	gold quality	95.54	variant
ENSG00000105968	H2AZ2	colon	present	gold quality	96.87	variant
ENSG00000105968	H2AZ2	colon	present	gold quality	97.14	variant
ENSG00000105968	H2AZ2	colon	present	gold quality	95.35	variant
ENSG00000105968	H2AZ2	colon	present	gold quality	96.96	variant
ENSG00000105968	H2AZ2	colon	present	gold quality	97.13	variant
ENSG00000105968	H2AZ2	colon	present	gold quality	97.14	variant
ENSG00000105968	H2AZ2	cortex of kidney	present	gold quality	95.38	variant
ENSG00000105968	H2AZ2	cortex of kidney	present	gold quality	96.12	variant
ENSG00000105968	H2AZ2	cortex of kidney	present	gold quality	95.73	variant
ENSG00000105968	H2AZ2	cortex of kidney	present	gold quality	96.79	variant
ENSG00000105968	H2AZ2	cortex of kidney	present	gold quality	96.06	variant
ENSG00000105968	H2AZ2	frontal cortex	present	gold quality	96.33	variant
ENSG00000105968	H2AZ2	frontal cortex	present	gold quality	95.8	variant
ENSG00000105968	H2AZ2	frontal cortex	present	gold quality	96.47	variant
ENSG00000105968	H2AZ2	frontal cortex	present	gold quality	96.59	variant
ENSG00000105968	H2AZ2	frontal cortex	present	gold quality	96.18	variant
ENSG00000105968	H2AZ2	frontal cortex	present	gold quality	96.31	variant
ENSG00000105968	H2AZ2	frontal cortex	present	gold quality	96.07	variant
ENSG00000105968	H2AZ2	frontal cortex	present	gold quality	95.98	variant
ENSG00000105968	H2AZ2	frontal cortex	present	gold quality	95.55	variant
ENSG00000105968	H2AZ2	frontal cortex	present	gold quality	95.74	variant
ENSG00000105968	H2AZ2	frontal cortex	present	gold quality	96.28	variant
ENSG00000105968	H2AZ2	frontal cortex	present	gold quality	97.33	variant
ENSG00000105968	H2AZ2	frontal cortex	present	gold quality	96.05	variant
ENSG00000105968	H2AZ2	frontal cortex	present	gold quality	96.93	variant
ENSG00000105968	H2AZ2	frontal cortex	present	gold quality	95.99	variant
ENSG00000105968	H2AZ2	frontal cortex	present	gold quality	97.58	variant
ENSG00000105968	H2AZ2	frontal cortex	present	gold quality	96.38	variant
ENSG00000105968	H2AZ2	frontal cortex	present	gold quality	97.11	variant
ENSG00000105968	H2AZ2	frontal cortex	present	gold quality	97.07	variant
ENSG00000105968	H2AZ2	frontal cortex	present	gold quality	96.14	variant
ENSG00000105968	H2AZ2	frontal cortex	present	gold quality	96.12	variant
ENSG00000105968	H2AZ2	frontal cortex	present	gold quality	96.14	variant
ENSG00000105968	H2AZ2	frontal cortex	present	gold quality	96.11	variant
ENSG00000105968	H2AZ2	frontal cortex	present	gold quality	96.07	variant
ENSG00000105968	H2AZ2	frontal cortex	present	gold quality	97.33	variant
ENSG00000105968	H2AZ2	frontal cortex	present	gold quality	96.49	variant
ENSG00000105968	H2AZ2	temporal lobe	present	gold quality	97.03	variant
ENSG00000105968	H2AZ2	temporal lobe	present	gold quality	96.76	variant
ENSG00000105968	H2AZ2	temporal lobe	present	gold quality	96.3	variant
ENSG00000105968	H2AZ2	temporal lobe	present	gold quality	96.0	variant
ENSG00000105968	H2AZ2	temporal lobe	present	gold quality	96.57	variant
ENSG00000105968	H2AZ2	temporal lobe	present	gold quality	96.74	variant
ENSG00000105968	H2AZ2	temporal lobe	present	gold quality	97.42	variant
ENSG00000105968	H2AZ2	temporal lobe	present	gold quality	93.04	variant
ENSG00000105968	H2AZ2	cerebellum	present	gold quality	97.86	variant
ENSG00000105968	H2AZ2	cerebellum	present	gold quality	97.64	variant
ENSG00000105968	H2AZ2	cerebellum	present	gold quality	95.48	variant
ENSG00000105968	H2AZ2	cerebellum	present	gold quality	97.75	variant
ENSG00000105968	H2AZ2	cerebellum	present	gold quality	97.36	variant
ENSG00000105968	H2AZ2	cerebellum	present	gold quality	97.15	variant
ENSG00000105968	H2AZ2	cerebellum	present	gold quality	97.11	variant
ENSG00000105968	H2AZ2	cerebellum	present	gold quality	96.31	variant
ENSG00000105968	H2AZ2	cerebellum	present	gold quality	98.17	variant
ENSG00000105968	H2AZ2	cerebellum	present	gold quality	97.68	variant
ENSG00000105968	H2AZ2	cerebellum	present	gold quality	98.25	variant
ENSG00000105968	H2AZ2	cerebellum	present	gold quality	97.23	variant
ENSG00000105968	H2AZ2	cerebellum	present	gold quality	97.2	variant
ENSG00000105968	H2AZ2	cerebellum	present	gold quality	97.09	variant
ENSG00000105968	H2AZ2	cerebellum	present	gold quality	97.12	variant
ENSG00000105968	H2AZ2	cerebellum	present	gold quality	97.39	variant
ENSG00000105968	H2AZ2	cerebellum	present	gold quality	98.35	variant
ENSG00000105968	H2AZ2	lung	present	gold quality	98.6	variant
ENSG00000105968	H2AZ2	lung	present	gold quality	98.5	variant
ENSG00000105968	H2AZ2	lung	present	gold quality	96.07	variant
ENSG00000105968	H2AZ2	lung	present	gold quality	94.17	variant
ENSG00000105968	H2AZ2	lung	present	gold quality	95.21	variant
ENSG00000105968	H2AZ2	lung	present	gold quality	94.6	variant
ENSG00000105968	H2AZ2	lung	present	gold quality	95.27	variant
ENSG00000105968	H2AZ2	lung	present	gold quality	93.16	variant
ENSG00000105968	H2AZ2	lung	present	gold quality	95.82	variant
ENSG00000105968	H2AZ2	lung	present	gold quality	94.9	variant
ENSG00000105968	H2AZ2	lung	present	gold quality	95.15	variant
ENSG00000105968	H2AZ2	lung	present	gold quality	96.32	variant
ENSG00000105968	H2AZ2	lung	present	gold quality	94.79	variant
ENSG00000105968	H2AZ2	lung	present	gold quality	93.19	variant
ENSG00000105968	H2AZ2	lung	present	gold quality	93.25	variant
ENSG00000105968	H2AZ2	lung	present	gold quality	92.43	variant
ENSG00000105968	H2AZ2	lung	present	gold quality	91.94	variant
ENSG00000105968	H2AZ2	lung	present	gold quality	95.53	variant
ENSG00000105968	H2AZ2	lung	present	gold quality	95.29	variant
ENSG00000105968	H2AZ2	lung	present	gold quality	81.7	variant
ENSG00000105968	H2AZ2	lung	present	gold quality	97.05	variant
ENSG00000105968	H2AZ2	spleen	present	gold quality	96.67	variant
ENSG00000105968	H2AZ2	spleen	present	gold quality	96.95	variant
ENSG00000105968	H2AZ2	spleen	present	gold quality	95.95	variant
ENSG00000105968	H2AZ2	spleen	present	gold quality	96.01	variant
ENSG00000105968	H2AZ2	spleen	present	gold quality	97.17	variant
ENSG00000105968	H2AZ2	spleen	present	gold quality	96.38	variant
ENSG00000105968	H2AZ2	spleen	present	gold quality	96.48	variant
ENSG00000105968	H2AZ2	spleen	present	gold quality	96.33	variant
ENSG00000105968	H2AZ2	spleen	present	gold quality	95.99	variant
ENSG00000105968	H2AZ2	spleen	present	gold quality	96.23	variant
ENSG00000105968	H2AZ2	spleen	present	gold quality	96.07	variant
ENSG00000105968	H2AZ2	spleen	present	gold quality	96.39	variant
ENSG00000105968	H2AZ2	liver	present	gold quality	96.55	variant
ENSG00000105968	H2AZ2	liver	present	gold quality	94.55	variant
ENSG00000105968	H2AZ2	liver	present	gold quality	93.69	variant
ENSG00000105968	H2AZ2	liver	present	gold quality	95.0	variant
ENSG00000105968	H2AZ2	liver	present	gold quality	96.35	variant
ENSG00000105968	H2AZ2	liver	present	gold quality	94.77	variant
ENSG00000105968	H2AZ2	liver	present	gold quality	94.94	variant
ENSG00000105968	H2AZ2	liver	present	gold quality	93.9	variant
ENSG00000105968	H2AZ2	liver	present	gold quality	94.25	variant
ENSG00000105968	H2AZ2	liver	present	gold quality	94.55	variant
ENSG00000105968	H2AZ2	liver	present	gold quality	94.84	variant
ENSG00000105968	H2AZ2	liver	present	gold quality	95.31	variant
ENSG00000105968	H2AZ2	liver	present	gold quality	89.29	variant
ENSG00000105968	H2AZ2	liver	present	gold quality	94.31	variant
ENSG00000105968	H2AZ2	liver	present	gold quality	94.59	variant
ENSG00000105968	H2AZ2	liver	present	gold quality	94.22	variant
ENSG00000105968	H2AZ2	liver	present	gold quality	97.34	variant
ENSG00000105968	H2AZ2	liver	present	gold quality	94.71	variant
ENSG00000105968	H2AZ2	liver	present	gold quality	94.48	variant
ENSG00000105968	H2AZ2	liver	present	gold quality	94.79	variant
ENSG00000105968	H2AZ2	liver	present	gold quality	94.49	variant
ENSG00000105968	H2AZ2	liver	present	gold quality	87.04	variant
ENSG00000105968	H2AZ2	liver	present	gold quality	95.86	variant
ENSG00000105968	H2AZ2	cerebellar cortex	present	gold quality	97.22	variant
ENSG00000105968	H2AZ2	cerebellar cortex	present	gold quality	97.15	variant
ENSG00000105968	H2AZ2	thymus	present	gold quality	93.3	variant
ENSG00000105968	H2AZ2	thymus	present	gold quality	97.92	variant
ENSG00000105968	H2AZ2	thymus	present	gold quality	95.7	variant
ENSG00000105968	H2AZ2	thymus	present	gold quality	88.65	variant
ENSG00000105968	H2AZ2	bone marrow	present	gold quality	93.44	variant
ENSG00000105968	H2AZ2	bone marrow	present	gold quality	95.03	variant
ENSG00000105968	H2AZ2	bone marrow	present	gold quality	94.15	variant
ENSG00000105968	H2AZ2	bone marrow	present	gold quality	94.57	variant
ENSG00000105968	H2AZ2	bone marrow	present	gold quality	91.72	variant
ENSG00000105968	H2AZ2	bone marrow	present	gold quality	93.77	variant
ENSG00000105968	H2AZ2	bone marrow	present	gold quality	92.37	variant
ENSG00000105968	H2AZ2	bone marrow	present	gold quality	95.74	variant
ENSG00000105968	H2AZ2	bone marrow	present	gold quality	93.74	variant
ENSG00000105968	H2AZ2	bone marrow	present	gold quality	96.62	variant
ENSG00000105968	H2AZ2	bone marrow	present	gold quality	93.27	variant
ENSG00000105968	H2AZ2	bone marrow	present	gold quality	92.9	variant
ENSG00000105968	H2AZ2	bone marrow	present	gold quality	95.39	variant
ENSG00000105968	H2AZ2	bone marrow	present	gold quality	94.23	variant
ENSG00000105968	H2AZ2	primary visual cortex	present	gold quality	96.68	variant
ENSG00000105968	H2AZ2	primary visual cortex	present	gold quality	97.13	variant
ENSG00000105968	H2AZ2	primary visual cortex	present	gold quality	97.96	variant
ENSG00000105968	H2AZ2	primary visual cortex	present	gold quality	98.08	variant
ENSG00000105968	H2AZ2	primary visual cortex	present	gold quality	98.09	variant
ENSG00000105968	H2AZ2	primary visual cortex	present	gold quality	97.78	variant
ENSG00000105968	H2AZ2	primary visual cortex	present	gold quality	98.08	variant
ENSG00000105968	H2AZ2	primary visual cortex	present	gold quality	97.0	variant
ENSG00000105968	H2AZ2	primary visual cortex	present	gold quality	97.26	variant
ENSG00000105968	H2AZ2	superior frontal gyrus	present	gold quality	97.44	variant
ENSG00000105968	H2AZ2	superior frontal gyrus	present	gold quality	96.34	variant
ENSG00000105968	H2AZ2	superior frontal gyrus	present	gold quality	97.45	variant
ENSG00000105968	H2AZ2	superior frontal gyrus	present	gold quality	97.13	variant
ENSG00000105968	H2AZ2	superior frontal gyrus	present	gold quality	97.17	variant
ENSG00000105968	H2AZ2	superior frontal gyrus	present	gold quality	96.96	variant
ENSG00000105968	H2AZ2	superior frontal gyrus	present	gold quality	93.71	variant
ENSG00000105968	H2AZ2	superior frontal gyrus	present	gold quality	96.57	variant
ENSG00000105968	H2AZ2	superior frontal gyrus	present	gold quality	96.98	variant
ENSG00000105968	H2AZ2	superior frontal gyrus	present	gold quality	97.68	variant
ENSG00000105968	H2AZ2	superior frontal gyrus	present	gold quality	97.35	variant
ENSG00000105968	H2AZ2	superior frontal gyrus	present	gold quality	97.32	variant
ENSG00000105968	H2AZ2	superior frontal gyrus	present	gold quality	96.98	variant
ENSG00000105968	H2AZ2	superior frontal gyrus	present	gold quality	96.11	variant
ENSG00000105968	H2AZ2	superior frontal gyrus	present	gold quality	95.1	variant
ENSG00000105968	H2AZ2	superior frontal gyrus	present	gold quality	96.53	variant
ENSG00000105968	H2AZ2	superior frontal gyrus	present	gold quality	97.73	variant
ENSG00000105968	H2AZ2	superior frontal gyrus	present	gold quality	95.82	variant
ENSG00000105968	H2AZ2	superior frontal gyrus	present	gold quality	97.56	variant
ENSG00000105968	H2AZ2	superior frontal gyrus	present	gold quality	97.94	variant
ENSG00000105968	H2AZ2	superior frontal gyrus	present	gold quality	96.39	variant
ENSG00000105968	H2AZ2	superior frontal gyrus	present	gold quality	92.76	variant
ENSG00000105968	H2AZ2	superior frontal gyrus	present	gold quality	96.95	variant
ENSG00000105968	H2AZ2	superior frontal gyrus	present	gold quality	96.45	variant
ENSG00000105968	H2AZ2	superior frontal gyrus	present	gold quality	95.76	variant
ENSG00000105968	H2AZ2	hindlimb stylopod muscle	present	gold quality	96.45	variant
ENSG00000105968	H2AZ2	hindlimb stylopod muscle	present	gold quality	96.39	variant
ENSG00000105968	H2AZ2	dorsolateral prefrontal cortex	present	gold quality	97.63	variant
ENSG00000105968	H2AZ2	dorsolateral prefrontal cortex	present	gold quality	97.21	variant
ENSG00000105968	H2AZ2	dorsolateral prefrontal cortex	present	gold quality	96.41	variant
ENSG00000105968	H2AZ2	dorsolateral prefrontal cortex	present	gold quality	97.08	variant
ENSG00000105968	H2AZ2	dorsolateral prefrontal cortex	present	gold quality	96.72	variant
ENSG00000105968	H2AZ2	dorsolateral prefrontal cortex	present	gold quality	96.42	variant
ENSG00000105968	H2AZ2	dorsolateral prefrontal cortex	present	gold quality	96.92	variant
ENSG00000105968	H2AZ2	dorsolateral prefrontal cortex	present	gold quality	96.52	variant
ENSG00000105968	H2AZ2	dorsolateral prefrontal cortex	present	gold quality	97.25	variant
ENSG00000105968	H2AZ2	dorsolateral prefrontal cortex	present	gold quality	96.79	variant
ENSG00000105968	H2AZ2	dorsolateral prefrontal cortex	present	gold quality	95.86	variant
ENSG00000105968	H2AZ2	dorsolateral prefrontal cortex	present	gold quality	96.55	variant
ENSG00000105968	H2AZ2	dorsolateral prefrontal cortex	present	gold quality	97.97	variant
ENSG00000105968	H2AZ2	dorsolateral prefrontal cortex	present	gold quality	96.61	variant
ENSG00000105968	H2AZ2	dorsolateral prefrontal cortex	present	gold quality	97.26	variant
ENSG00000105968	H2AZ2	dorsolateral prefrontal cortex	present	gold quality	97.31	variant
ENSG00000105968	H2AZ2	dorsolateral prefrontal cortex	present	gold quality	96.98	variant
ENSG00000105968	H2AZ2	dorsolateral prefrontal cortex	present	gold quality	97.03	variant
ENSG00000105968	H2AZ2	dorsolateral prefrontal cortex	present	gold quality	96.75	variant
ENSG00000105968	H2AZ2	dorsolateral prefrontal cortex	present	gold quality	96.62	variant
ENSG00000105968	H2AZ2	dorsolateral prefrontal cortex	present	gold quality	97.02	variant
ENSG00000105968	H2AZ2	dorsolateral prefrontal cortex	present	gold quality	97.06	variant
ENSG00000105968	H2AZ2	dorsolateral prefrontal cortex	present	gold quality	96.46	variant
ENSG00000105968	H2AZ2	dorsolateral prefrontal cortex	present	gold quality	96.51	variant
ENSG00000105968	H2AZ2	Brodmann (1909) area 10	present	gold quality	93.72	variant
ENSG00000113648	MACROH2A1	pituitary gland	present	gold quality	98.28	variant
ENSG00000113648	MACROH2A1	pituitary gland	present	gold quality	98.48	variant
ENSG00000113648	MACROH2A1	pituitary gland	present	gold quality	97.86	variant
ENSG00000113648	MACROH2A1	pituitary gland	present	gold quality	98.16	variant
ENSG00000113648	MACROH2A1	pituitary gland	present	gold quality	97.73	variant
ENSG00000113648	MACROH2A1	pituitary gland	present	gold quality	97.57	variant
ENSG00000113648	MACROH2A1	pituitary gland	present	gold quality	97.74	variant
ENSG00000113648	MACROH2A1	pituitary gland	present	gold quality	97.44	variant
ENSG00000113648	MACROH2A1	pituitary gland	present	gold quality	97.22	variant
ENSG00000113648	MACROH2A1	pituitary gland	present	gold quality	97.68	variant
ENSG00000113648	MACROH2A1	pituitary gland	present	gold quality	97.74	variant
ENSG00000113648	MACROH2A1	pituitary gland	present	gold quality	98.46	variant
ENSG00000113648	MACROH2A1	pituitary gland	present	gold quality	97.62	variant
ENSG00000113648	MACROH2A1	pituitary gland	present	gold quality	97.62	variant
ENSG00000113648	MACROH2A1	lymph node	present	gold quality	98.2	variant
ENSG00000113648	MACROH2A1	lymph node	present	gold quality	98.69	variant
ENSG00000113648	MACROH2A1	lymph node	present	gold quality	97.59	variant
ENSG00000113648	MACROH2A1	lymph node	present	gold quality	96.42	variant
ENSG00000113648	MACROH2A1	lymph node	present	gold quality	96.66	variant
ENSG00000113648	MACROH2A1	lymph node	present	gold quality	98.08	variant
ENSG00000113648	MACROH2A1	adult mammalian kidney	present	gold quality	95.7	variant
ENSG00000113648	MACROH2A1	adult mammalian kidney	present	gold quality	95.66	variant
ENSG00000113648	MACROH2A1	adult mammalian kidney	present	gold quality	95.13	variant
ENSG00000113648	MACROH2A1	adult mammalian kidney	present	gold quality	93.98	variant
ENSG00000113648	MACROH2A1	adult mammalian kidney	present	gold quality	95.24	variant
ENSG00000113648	MACROH2A1	adult mammalian kidney	present	gold quality	89.12	variant
ENSG00000113648	MACROH2A1	adult mammalian kidney	present	gold quality	92.19	variant
ENSG00000113648	MACROH2A1	adult mammalian kidney	present	gold quality	96.9	variant
ENSG00000113648	MACROH2A1	adult mammalian kidney	present	gold quality	96.82	variant
ENSG00000113648	MACROH2A1	adult mammalian kidney	present	gold quality	94.84	variant
ENSG00000113648	MACROH2A1	adult mammalian kidney	present	gold quality	92.93	variant
ENSG00000113648	MACROH2A1	adult mammalian kidney	present	gold quality	94.63	variant
ENSG00000113648	MACROH2A1	adult mammalian kidney	present	gold quality	94.78	variant
ENSG00000113648	MACROH2A1	prefrontal cortex	present	gold quality	96.2	variant
ENSG00000113648	MACROH2A1	prefrontal cortex	present	gold quality	96.53	variant
ENSG00000113648	MACROH2A1	prefrontal cortex	present	gold quality	96.15	variant
ENSG00000113648	MACROH2A1	prefrontal cortex	present	gold quality	96.9	variant
ENSG00000113648	MACROH2A1	prefrontal cortex	present	gold quality	95.73	variant
ENSG00000113648	MACROH2A1	prefrontal cortex	present	gold quality	96.33	variant
ENSG00000113648	MACROH2A1	prefrontal cortex	present	gold quality	96.96	variant
ENSG00000113648	MACROH2A1	prefrontal cortex	present	gold quality	95.96	variant
ENSG00000113648	MACROH2A1	prefrontal cortex	present	gold quality	96.22	variant
ENSG00000113648	MACROH2A1	prefrontal cortex	present	gold quality	94.32	variant
ENSG00000113648	MACROH2A1	multicellular organism	present	gold quality	96.67	variant
ENSG00000113648	MACROH2A1	testis	present	gold quality	99.31	variant
ENSG00000113648	MACROH2A1	testis	present	gold quality	99.1	variant
ENSG00000113648	MACROH2A1	testis	present	gold quality	99.12	variant
ENSG00000113648	MACROH2A1	testis	present	gold quality	92.44	variant
ENSG00000113648	MACROH2A1	testis	present	gold quality	91.86	variant
ENSG00000113648	MACROH2A1	testis	present	gold quality	91.28	variant
ENSG00000113648	MACROH2A1	testis	present	gold quality	93.56	variant
ENSG00000113648	MACROH2A1	testis	present	gold quality	89.15	variant
ENSG00000113648	MACROH2A1	testis	present	gold quality	94.18	variant
ENSG00000113648	MACROH2A1	testis	present	gold quality	91.64	variant
ENSG00000113648	MACROH2A1	testis	present	gold quality	99.28	variant
ENSG00000113648	MACROH2A1	testis	present	gold quality	91.82	variant
ENSG00000113648	MACROH2A1	testis	present	gold quality	94.43	variant
ENSG00000113648	MACROH2A1	heart	present	gold quality	98.35	variant
ENSG00000113648	MACROH2A1	heart	present	gold quality	96.06	variant
ENSG00000113648	MACROH2A1	heart	present	gold quality	96.96	variant
ENSG00000113648	MACROH2A1	heart	present	gold quality	96.6	variant
ENSG00000113648	MACROH2A1	heart	present	gold quality	95.74	variant
ENSG00000113648	MACROH2A1	heart	present	gold quality	96.09	variant
ENSG00000113648	MACROH2A1	heart	present	gold quality	96.97	variant
ENSG00000113648	MACROH2A1	heart	present	gold quality	96.25	variant
ENSG00000113648	MACROH2A1	heart	present	gold quality	91.65	variant
ENSG00000113648	MACROH2A1	heart	present	gold quality	96.82	variant
ENSG00000113648	MACROH2A1	heart	present	gold quality	94.72	variant
ENSG00000113648	MACROH2A1	heart	present	gold quality	97.08	variant
ENSG00000113648	MACROH2A1	heart	present	gold quality	96.25	variant
ENSG00000113648	MACROH2A1	heart	present	gold quality	96.26	variant
ENSG00000113648	MACROH2A1	heart	present	gold quality	96.51	variant
ENSG00000113648	MACROH2A1	cerebral cortex	present	gold quality	98.97	variant
ENSG00000113648	MACROH2A1	cerebral cortex	present	gold quality	98.31	variant
ENSG00000113648	MACROH2A1	cerebral cortex	present	gold quality	95.7	variant
ENSG00000113648	MACROH2A1	cerebral cortex	present	gold quality	96.19	variant
ENSG00000113648	MACROH2A1	cerebral cortex	present	gold quality	95.55	variant
ENSG00000113648	MACROH2A1	cerebral cortex	present	gold quality	96.37	variant
ENSG00000113648	MACROH2A1	cerebral cortex	present	gold quality	95.88	variant
ENSG00000113648	MACROH2A1	cerebral cortex	present	gold quality	95.74	variant
ENSG00000113648	MACROH2A1	cerebral cortex	present	gold quality	96.03	variant
ENSG00000113648	MACROH2A1	cerebral cortex	present	gold quality	95.95	variant
ENSG00000113648	MACROH2A1	skeletal muscle tissue	present	gold quality	93.46	variant
ENSG00000113648	MACROH2A1	skeletal muscle tissue	present	gold quality	94.44	variant
ENSG00000113648	MACROH2A1	skeletal muscle tissue	present	gold quality	95.2	variant
ENSG00000113648	MACROH2A1	skeletal muscle tissue	present	gold quality	94.06	variant
ENSG00000113648	MACROH2A1	skeletal muscle tissue	present	gold quality	87.79	variant
ENSG00000113648	MACROH2A1	skeletal muscle tissue	present	gold quality	93.75	variant
ENSG00000113648	MACROH2A1	skeletal muscle tissue	present	gold quality	95.59	variant
ENSG00000113648	MACROH2A1	skeletal muscle tissue	present	gold quality	94.66	variant
ENSG00000113648	MACROH2A1	skeletal muscle tissue	present	gold quality	94.23	variant
ENSG00000113648	MACROH2A1	skeletal muscle tissue	present	gold quality	95.08	variant
ENSG00000113648	MACROH2A1	skeletal muscle tissue	present	gold quality	94.81	variant
ENSG00000113648	MACROH2A1	skeletal muscle tissue	present	gold quality	94.74	variant
ENSG00000113648	MACROH2A1	skeletal muscle tissue	present	gold quality	95.71	variant
ENSG00000113648	MACROH2A1	skeletal muscle tissue	present	gold quality	94.87	variant
ENSG00000113648	MACROH2A1	skeletal muscle tissue	present	gold quality	95.24	variant
ENSG00000113648	MACROH2A1	skeletal muscle tissue	present	gold quality	95.61	variant
ENSG00000113648	MACROH2A1	skeletal muscle tissue	present	gold quality	95.23	variant
ENSG00000113648	MACROH2A1	colon	present	gold quality	97.58	variant
ENSG00000113648	MACROH2A1	colon	present	gold quality	97.02	variant
ENSG00000113648	MACROH2A1	colon	present	gold quality	97.87	variant
ENSG00000113648	MACROH2A1	colon	present	gold quality	97.55	variant
ENSG00000113648	MACROH2A1	colon	present	gold quality	97.42	variant
ENSG00000113648	MACROH2A1	colon	present	gold quality	97.37	variant
ENSG00000113648	MACROH2A1	colon	present	gold quality	97.35	variant
ENSG00000113648	MACROH2A1	colon	present	gold quality	97.03	variant
ENSG00000113648	MACROH2A1	colon	present	gold quality	97.05	variant
ENSG00000113648	MACROH2A1	colon	present	gold quality	96.72	variant
ENSG00000113648	MACROH2A1	colon	present	gold quality	98.05	variant
ENSG00000113648	MACROH2A1	colon	present	gold quality	96.65	variant
ENSG00000113648	MACROH2A1	colon	present	gold quality	97.56	variant
ENSG00000113648	MACROH2A1	colon	present	gold quality	97.31	variant
ENSG00000113648	MACROH2A1	colon	present	gold quality	99.09	variant
ENSG00000113648	MACROH2A1	colon	present	gold quality	97.49	variant
ENSG00000113648	MACROH2A1	colon	present	gold quality	97.37	variant
ENSG00000113648	MACROH2A1	colon	present	gold quality	97.27	variant
ENSG00000113648	MACROH2A1	cortex of kidney	present	gold quality	94.45	variant
ENSG00000113648	MACROH2A1	cortex of kidney	present	gold quality	95.48	variant
ENSG00000113648	MACROH2A1	cortex of kidney	present	gold quality	95.27	variant
ENSG00000113648	MACROH2A1	cortex of kidney	present	gold quality	94.64	variant
ENSG00000113648	MACROH2A1	cortex of kidney	present	gold quality	95.44	variant
ENSG00000113648	MACROH2A1	frontal cortex	present	gold quality	97.27	variant
ENSG00000113648	MACROH2A1	frontal cortex	present	gold quality	94.9	variant
ENSG00000113648	MACROH2A1	frontal cortex	present	gold quality	96.06	variant
ENSG00000113648	MACROH2A1	frontal cortex	present	gold quality	94.83	variant
ENSG00000113648	MACROH2A1	frontal cortex	present	gold quality	96.45	variant
ENSG00000113648	MACROH2A1	frontal cortex	present	gold quality	95.65	variant
ENSG00000113648	MACROH2A1	frontal cortex	present	gold quality	95.2	variant
ENSG00000113648	MACROH2A1	frontal cortex	present	gold quality	95.73	variant
ENSG00000113648	MACROH2A1	frontal cortex	present	gold quality	95.31	variant
ENSG00000113648	MACROH2A1	frontal cortex	present	gold quality	95.36	variant
ENSG00000113648	MACROH2A1	frontal cortex	present	gold quality	95.86	variant
ENSG00000113648	MACROH2A1	frontal cortex	present	gold quality	96.9	variant
ENSG00000113648	MACROH2A1	frontal cortex	present	gold quality	94.31	variant
ENSG00000113648	MACROH2A1	frontal cortex	present	gold quality	95.78	variant
ENSG00000113648	MACROH2A1	frontal cortex	present	gold quality	93.74	variant
ENSG00000113648	MACROH2A1	frontal cortex	present	gold quality	96.42	variant
ENSG00000113648	MACROH2A1	frontal cortex	present	gold quality	92.27	variant
ENSG00000113648	MACROH2A1	frontal cortex	present	gold quality	92.99	variant
ENSG00000113648	MACROH2A1	frontal cortex	present	gold quality	96.56	variant
ENSG00000113648	MACROH2A1	frontal cortex	present	gold quality	95.73	variant
ENSG00000113648	MACROH2A1	frontal cortex	present	gold quality	95.79	variant
ENSG00000113648	MACROH2A1	frontal cortex	present	gold quality	95.7	variant
ENSG00000113648	MACROH2A1	frontal cortex	present	gold quality	95.78	variant
ENSG00000113648	MACROH2A1	frontal cortex	present	gold quality	95.79	variant
ENSG00000113648	MACROH2A1	frontal cortex	present	gold quality	95.67	variant
ENSG00000113648	MACROH2A1	frontal cortex	present	gold quality	95.87	variant
ENSG00000113648	MACROH2A1	temporal lobe	present	gold quality	96.43	variant
ENSG00000113648	MACROH2A1	temporal lobe	present	gold quality	96.25	variant
ENSG00000113648	MACROH2A1	temporal lobe	present	gold quality	96.32	variant
ENSG00000113648	MACROH2A1	temporal lobe	present	gold quality	96.26	variant
ENSG00000113648	MACROH2A1	temporal lobe	present	gold quality	96.55	variant
ENSG00000113648	MACROH2A1	temporal lobe	present	gold quality	96.3	variant
ENSG00000113648	MACROH2A1	temporal lobe	present	gold quality	95.92	variant
ENSG00000113648	MACROH2A1	temporal lobe	present	gold quality	96.44	variant
ENSG00000113648	MACROH2A1	cerebellum	present	gold quality	97.82	variant
ENSG00000113648	MACROH2A1	cerebellum	present	gold quality	98.02	variant
ENSG00000113648	MACROH2A1	cerebellum	present	gold quality	95.65	variant
ENSG00000113648	MACROH2A1	cerebellum	present	gold quality	97.82	variant
ENSG00000113648	MACROH2A1	cerebellum	present	gold quality	97.31	variant
ENSG00000113648	MACROH2A1	cerebellum	present	gold quality	97.34	variant
ENSG00000113648	MACROH2A1	cerebellum	present	gold quality	97.17	variant
ENSG00000113648	MACROH2A1	cerebellum	present	gold quality	96.49	variant
ENSG00000113648	MACROH2A1	cerebellum	present	gold quality	97.27	variant
ENSG00000113648	MACROH2A1	cerebellum	present	gold quality	96.99	variant
ENSG00000113648	MACROH2A1	cerebellum	present	gold quality	97.27	variant
ENSG00000113648	MACROH2A1	cerebellum	present	gold quality	97.28	variant
ENSG00000113648	MACROH2A1	cerebellum	present	gold quality	97.26	variant
ENSG00000113648	MACROH2A1	cerebellum	present	gold quality	97.11	variant
ENSG00000113648	MACROH2A1	cerebellum	present	gold quality	97.26	variant
ENSG00000113648	MACROH2A1	cerebellum	present	gold quality	97.44	variant
ENSG00000113648	MACROH2A1	cerebellum	present	gold quality	97.98	variant
ENSG00000113648	MACROH2A1	lung	present	gold quality	98.71	variant
ENSG00000113648	MACROH2A1	lung	present	gold quality	96.96	variant
ENSG00000113648	MACROH2A1	lung	present	gold quality	97.86	variant
ENSG00000113648	MACROH2A1	lung	present	gold quality	98.44	variant
ENSG00000113648	MACROH2A1	lung	present	gold quality	98.4	variant
ENSG00000113648	MACROH2A1	lung	present	gold quality	98.42	variant
ENSG00000113648	MACROH2A1	lung	present	gold quality	98.02	variant
ENSG00000113648	MACROH2A1	lung	present	gold quality	98.95	variant
ENSG00000113648	MACROH2A1	lung	present	gold quality	97.85	variant
ENSG00000113648	MACROH2A1	lung	present	gold quality	97.58	variant
ENSG00000113648	MACROH2A1	lung	present	gold quality	97.86	variant
ENSG00000113648	MACROH2A1	lung	present	gold quality	97.03	variant
ENSG00000113648	MACROH2A1	lung	present	gold quality	97.46	variant
ENSG00000113648	MACROH2A1	lung	present	gold quality	97.9	variant
ENSG00000113648	MACROH2A1	lung	present	gold quality	97.89	variant
ENSG00000113648	MACROH2A1	lung	present	gold quality	97.74	variant
ENSG00000113648	MACROH2A1	lung	present	gold quality	98.32	variant
ENSG00000113648	MACROH2A1	lung	present	gold quality	98.54	variant
ENSG00000113648	MACROH2A1	lung	present	gold quality	97.86	variant
ENSG00000113648	MACROH2A1	lung	present	gold quality	97.86	variant
ENSG00000113648	MACROH2A1	lung	present	gold quality	97.77	variant
ENSG00000113648	MACROH2A1	lung	present	gold quality	97.55	variant
ENSG00000113648	MACROH2A1	spleen	present	gold quality	97.86	variant
ENSG00000113648	MACROH2A1	spleen	present	gold quality	97.51	variant
ENSG00000113648	MACROH2A1	spleen	present	gold quality	97.68	variant
ENSG00000113648	MACROH2A1	spleen	present	gold quality	97.95	variant
ENSG00000113648	MACROH2A1	spleen	present	gold quality	97.57	variant
ENSG00000113648	MACROH2A1	spleen	present	gold quality	97.58	variant
ENSG00000113648	MACROH2A1	spleen	present	gold quality	97.7	variant
ENSG00000113648	MACROH2A1	spleen	present	gold quality	97.56	variant
ENSG00000113648	MACROH2A1	spleen	present	gold quality	97.87	variant
ENSG00000113648	MACROH2A1	spleen	present	gold quality	97.65	variant
ENSG00000113648	MACROH2A1	spleen	present	gold quality	97.66	variant
ENSG00000113648	MACROH2A1	spleen	present	gold quality	97.69	variant
ENSG00000113648	MACROH2A1	liver	present	gold quality	98.45	variant
ENSG00000113648	MACROH2A1	liver	present	gold quality	95.04	variant
ENSG00000113648	MACROH2A1	liver	present	gold quality	94.41	variant
ENSG00000113648	MACROH2A1	liver	present	gold quality	95.83	variant
ENSG00000113648	MACROH2A1	liver	present	gold quality	94.77	variant
ENSG00000113648	MACROH2A1	liver	present	gold quality	94.07	variant
ENSG00000113648	MACROH2A1	liver	present	gold quality	93.18	variant
ENSG00000113648	MACROH2A1	liver	present	gold quality	92.35	variant
ENSG00000113648	MACROH2A1	liver	present	gold quality	92.46	variant
ENSG00000113648	MACROH2A1	liver	present	gold quality	93.1	variant
ENSG00000113648	MACROH2A1	liver	present	gold quality	94.32	variant
ENSG00000113648	MACROH2A1	liver	present	gold quality	94.05	variant
ENSG00000113648	MACROH2A1	liver	present	gold quality	91.92	variant
ENSG00000113648	MACROH2A1	liver	present	gold quality	93.97	variant
ENSG00000113648	MACROH2A1	liver	present	gold quality	93.88	variant
ENSG00000113648	MACROH2A1	liver	present	gold quality	93.63	variant
ENSG00000113648	MACROH2A1	liver	present	gold quality	98.08	variant
ENSG00000113648	MACROH2A1	liver	present	gold quality	93.43	variant
ENSG00000113648	MACROH2A1	liver	present	gold quality	93.17	variant
ENSG00000113648	MACROH2A1	liver	present	gold quality	98.36	variant
ENSG00000113648	MACROH2A1	liver	present	gold quality	93.47	variant
ENSG00000113648	MACROH2A1	liver	present	gold quality	91.77	variant
ENSG00000113648	MACROH2A1	liver	present	gold quality	93.02	variant
ENSG00000113648	MACROH2A1	cerebellar cortex	present	gold quality	97.26	variant
ENSG00000113648	MACROH2A1	cerebellar cortex	present	gold quality	97.22	variant
ENSG00000113648	MACROH2A1	cerebellar cortex	present	gold quality	97.26	variant
ENSG00000113648	MACROH2A1	thymus	present	gold quality	97.66	variant
ENSG00000113648	MACROH2A1	thymus	present	gold quality	99.58	variant
ENSG00000113648	MACROH2A1	thymus	present	gold quality	99.46	variant
ENSG00000113648	MACROH2A1	thymus	present	gold quality	99.23	variant
ENSG00000113648	MACROH2A1	bone marrow	present	gold quality	99.2	variant
ENSG00000113648	MACROH2A1	bone marrow	present	gold quality	99.17	variant
ENSG00000113648	MACROH2A1	bone marrow	present	gold quality	99.33	variant
ENSG00000113648	MACROH2A1	bone marrow	present	gold quality	98.82	variant
ENSG00000113648	MACROH2A1	bone marrow	present	gold quality	98.97	variant
ENSG00000113648	MACROH2A1	bone marrow	present	gold quality	99.05	variant
ENSG00000113648	MACROH2A1	bone marrow	present	gold quality	99.2	variant
ENSG00000113648	MACROH2A1	bone marrow	present	gold quality	98.82	variant
ENSG00000113648	MACROH2A1	bone marrow	present	gold quality	99.08	variant
ENSG00000113648	MACROH2A1	bone marrow	present	gold quality	99.2	variant
ENSG00000113648	MACROH2A1	bone marrow	present	gold quality	99.06	variant
ENSG00000113648	MACROH2A1	bone marrow	present	gold quality	99.07	variant
ENSG00000113648	MACROH2A1	bone marrow	present	gold quality	98.64	variant
ENSG00000113648	MACROH2A1	bone marrow	present	gold quality	99.01	variant
ENSG00000113648	MACROH2A1	primary visual cortex	present	gold quality	95.54	variant
ENSG00000113648	MACROH2A1	primary visual cortex	present	gold quality	95.51	variant
ENSG00000113648	MACROH2A1	primary visual cortex	present	gold quality	94.79	variant
ENSG00000113648	MACROH2A1	primary visual cortex	present	gold quality	94.65	variant
ENSG00000113648	MACROH2A1	primary visual cortex	present	gold quality	94.67	variant
ENSG00000113648	MACROH2A1	primary visual cortex	present	gold quality	95.81	variant
ENSG00000113648	MACROH2A1	primary visual cortex	present	gold quality	96.49	variant
ENSG00000113648	MACROH2A1	primary visual cortex	present	gold quality	95.6	variant
ENSG00000113648	MACROH2A1	primary visual cortex	present	gold quality	95.53	variant
ENSG00000113648	MACROH2A1	superior frontal gyrus	present	gold quality	96.74	variant
ENSG00000113648	MACROH2A1	superior frontal gyrus	present	gold quality	96.67	variant
ENSG00000113648	MACROH2A1	superior frontal gyrus	present	gold quality	96.6	variant
ENSG00000113648	MACROH2A1	superior frontal gyrus	present	gold quality	97.02	variant
ENSG00000113648	MACROH2A1	superior frontal gyrus	present	gold quality	96.83	variant
ENSG00000113648	MACROH2A1	superior frontal gyrus	present	gold quality	96.91	variant
ENSG00000113648	MACROH2A1	superior frontal gyrus	present	gold quality	91.71	variant
ENSG00000113648	MACROH2A1	superior frontal gyrus	present	gold quality	96.77	variant
ENSG00000113648	MACROH2A1	superior frontal gyrus	present	gold quality	97.06	variant
ENSG00000113648	MACROH2A1	superior frontal gyrus	present	gold quality	96.98	variant
ENSG00000113648	MACROH2A1	superior frontal gyrus	present	gold quality	98.29	variant
ENSG00000113648	MACROH2A1	superior frontal gyrus	present	gold quality	97.43	variant
ENSG00000113648	MACROH2A1	superior frontal gyrus	present	gold quality	96.9	variant
ENSG00000113648	MACROH2A1	superior frontal gyrus	present	gold quality	95.24	variant
ENSG00000113648	MACROH2A1	superior frontal gyrus	present	gold quality	96.79	variant
ENSG00000113648	MACROH2A1	superior frontal gyrus	present	gold quality	96.76	variant
ENSG00000113648	MACROH2A1	superior frontal gyrus	present	gold quality	97.15	variant
ENSG00000113648	MACROH2A1	superior frontal gyrus	present	gold quality	95.23	variant
ENSG00000113648	MACROH2A1	superior frontal gyrus	present	gold quality	97.13	variant
ENSG00000113648	MACROH2A1	superior frontal gyrus	present	gold quality	97.16	variant
ENSG00000113648	MACROH2A1	superior frontal gyrus	present	gold quality	95.94	variant
ENSG00000113648	MACROH2A1	superior frontal gyrus	present	gold quality	95.38	variant
ENSG00000113648	MACROH2A1	superior frontal gyrus	present	gold quality	96.73	variant
ENSG00000113648	MACROH2A1	superior frontal gyrus	present	gold quality	95.93	variant
ENSG00000113648	MACROH2A1	superior frontal gyrus	present	gold quality	93.35	variant
ENSG00000113648	MACROH2A1	hindlimb stylopod muscle	present	gold quality	95.65	variant
ENSG00000113648	MACROH2A1	hindlimb stylopod muscle	present	gold quality	95.48	variant
ENSG00000113648	MACROH2A1	dorsolateral prefrontal cortex	present	gold quality	95.82	variant
ENSG00000113648	MACROH2A1	dorsolateral prefrontal cortex	present	gold quality	96.32	variant
ENSG00000113648	MACROH2A1	dorsolateral prefrontal cortex	present	gold quality	95.97	variant
ENSG00000113648	MACROH2A1	dorsolateral prefrontal cortex	present	gold quality	95.74	variant
ENSG00000113648	MACROH2A1	dorsolateral prefrontal cortex	present	gold quality	95.9	variant
ENSG00000113648	MACROH2A1	dorsolateral prefrontal cortex	present	gold quality	96.41	variant
ENSG00000113648	MACROH2A1	dorsolateral prefrontal cortex	present	gold quality	95.94	variant
ENSG00000113648	MACROH2A1	dorsolateral prefrontal cortex	present	gold quality	96.28	variant
ENSG00000113648	MACROH2A1	dorsolateral prefrontal cortex	present	gold quality	96.76	variant
ENSG00000113648	MACROH2A1	dorsolateral prefrontal cortex	present	gold quality	96.4	variant
ENSG00000113648	MACROH2A1	dorsolateral prefrontal cortex	present	gold quality	97.16	variant
ENSG00000113648	MACROH2A1	dorsolateral prefrontal cortex	present	gold quality	96.68	variant
ENSG00000113648	MACROH2A1	dorsolateral prefrontal cortex	present	gold quality	96.83	variant
ENSG00000113648	MACROH2A1	dorsolateral prefrontal cortex	present	gold quality	96.49	variant
ENSG00000113648	MACROH2A1	dorsolateral prefrontal cortex	present	gold quality	95.87	variant
ENSG00000113648	MACROH2A1	dorsolateral prefrontal cortex	present	gold quality	96.52	variant
ENSG00000113648	MACROH2A1	dorsolateral prefrontal cortex	present	gold quality	96.44	variant
ENSG00000113648	MACROH2A1	dorsolateral prefrontal cortex	present	gold quality	96.47	variant
ENSG00000113648	MACROH2A1	dorsolateral prefrontal cortex	present	gold quality	96.16	variant
ENSG00000113648	MACROH2A1	dorsolateral prefrontal cortex	present	gold quality	96.37	variant
ENSG00000113648	MACROH2A1	dorsolateral prefrontal cortex	present	gold quality	96.33	variant
ENSG00000113648	MACROH2A1	dorsolateral prefrontal cortex	present	gold quality	96.15	variant
ENSG00000113648	MACROH2A1	dorsolateral prefrontal cortex	present	gold quality	96.36	variant
ENSG00000113648	MACROH2A1	dorsolateral prefrontal cortex	present	gold quality	96.54	variant
ENSG00000113648	MACROH2A1	Brodmann (1909) area 10	present	gold quality	93.45	variant
ENSG00000164032	H2AZ1	pituitary gland	present	gold quality	98.68	variant
ENSG00000164032	H2AZ1	pituitary gland	present	gold quality	98.26	variant
ENSG00000164032	H2AZ1	pituitary gland	present	gold quality	98.96	variant
ENSG00000164032	H2AZ1	pituitary gland	present	gold quality	98.08	variant
ENSG00000164032	H2AZ1	pituitary gland	present	gold quality	98.24	variant
ENSG00000164032	H2AZ1	pituitary gland	present	gold quality	98.6	variant
ENSG00000164032	H2AZ1	pituitary gland	present	gold quality	98.36	variant
ENSG00000164032	H2AZ1	pituitary gland	present	gold quality	98.14	variant
ENSG00000164032	H2AZ1	pituitary gland	present	gold quality	98.62	variant
ENSG00000164032	H2AZ1	pituitary gland	present	gold quality	98.47	variant
ENSG00000164032	H2AZ1	pituitary gland	present	gold quality	98.36	variant
ENSG00000164032	H2AZ1	pituitary gland	present	gold quality	98.98	variant
ENSG00000164032	H2AZ1	pituitary gland	present	gold quality	98.39	variant
ENSG00000164032	H2AZ1	lymph node	present	gold quality	97.42	variant
ENSG00000164032	H2AZ1	lymph node	present	gold quality	98.91	variant
ENSG00000164032	H2AZ1	lymph node	present	gold quality	97.1	variant
ENSG00000164032	H2AZ1	lymph node	present	gold quality	98.93	variant
ENSG00000164032	H2AZ1	lymph node	present	gold quality	98.78	variant
ENSG00000164032	H2AZ1	lymph node	present	gold quality	98.97	variant
ENSG00000164032	H2AZ1	adult mammalian kidney	present	gold quality	97.66	variant
ENSG00000164032	H2AZ1	adult mammalian kidney	present	gold quality	95.8	variant
ENSG00000164032	H2AZ1	adult mammalian kidney	present	gold quality	97.03	variant
ENSG00000164032	H2AZ1	adult mammalian kidney	present	gold quality	98.5	variant
ENSG00000164032	H2AZ1	adult mammalian kidney	present	gold quality	96.77	variant
ENSG00000164032	H2AZ1	adult mammalian kidney	present	gold quality	90.53	variant
ENSG00000164032	H2AZ1	adult mammalian kidney	present	gold quality	97.77	variant
ENSG00000164032	H2AZ1	adult mammalian kidney	present	gold quality	98.29	variant
ENSG00000164032	H2AZ1	adult mammalian kidney	present	gold quality	97.44	variant
ENSG00000164032	H2AZ1	adult mammalian kidney	present	gold quality	97.54	variant
ENSG00000164032	H2AZ1	adult mammalian kidney	present	gold quality	97.13	variant
ENSG00000164032	H2AZ1	adult mammalian kidney	present	gold quality	97.05	variant
ENSG00000164032	H2AZ1	adult mammalian kidney	present	gold quality	97.05	variant
ENSG00000164032	H2AZ1	adult mammalian kidney	present	gold quality	97.13	variant
ENSG00000164032	H2AZ1	prefrontal cortex	present	gold quality	98.68	variant
ENSG00000164032	H2AZ1	prefrontal cortex	present	gold quality	98.61	variant
ENSG00000164032	H2AZ1	prefrontal cortex	present	gold quality	97.99	variant
ENSG00000164032	H2AZ1	prefrontal cortex	present	gold quality	97.65	variant
ENSG00000164032	H2AZ1	prefrontal cortex	present	gold quality	95.16	variant
ENSG00000164032	H2AZ1	prefrontal cortex	present	gold quality	98.02	variant
ENSG00000164032	H2AZ1	prefrontal cortex	present	gold quality	96.81	variant
ENSG00000164032	H2AZ1	prefrontal cortex	present	gold quality	98.91	variant
ENSG00000164032	H2AZ1	prefrontal cortex	present	gold quality	98.25	variant
ENSG00000164032	H2AZ1	prefrontal cortex	present	gold quality	95.84	variant
ENSG00000164032	H2AZ1	multicellular organism	present	gold quality	97.89	variant
ENSG00000164032	H2AZ1	multicellular organism	present	gold quality	98.54	variant
ENSG00000164032	H2AZ1	testis	present	gold quality	98.09	variant
ENSG00000164032	H2AZ1	testis	present	gold quality	97.36	variant
ENSG00000164032	H2AZ1	testis	present	gold quality	97.43	variant
ENSG00000164032	H2AZ1	testis	present	gold quality	99.08	variant
ENSG00000164032	H2AZ1	testis	present	gold quality	99.1	variant
ENSG00000164032	H2AZ1	testis	present	gold quality	99.03	variant
ENSG00000164032	H2AZ1	testis	present	gold quality	98.29	variant
ENSG00000164032	H2AZ1	testis	present	gold quality	99.04	variant
ENSG00000164032	H2AZ1	testis	present	gold quality	98.75	variant
ENSG00000164032	H2AZ1	testis	present	gold quality	98.8	variant
ENSG00000164032	H2AZ1	testis	present	gold quality	97.93	variant
ENSG00000164032	H2AZ1	testis	present	gold quality	99.04	variant
ENSG00000164032	H2AZ1	testis	present	gold quality	98.99	variant
ENSG00000164032	H2AZ1	heart	present	gold quality	99.25	variant
ENSG00000164032	H2AZ1	heart	present	gold quality	98.9	variant
ENSG00000164032	H2AZ1	heart	present	gold quality	97.68	variant
ENSG00000164032	H2AZ1	heart	present	gold quality	96.69	variant
ENSG00000164032	H2AZ1	heart	present	gold quality	97.12	variant
ENSG00000164032	H2AZ1	heart	present	gold quality	97.05	variant
ENSG00000164032	H2AZ1	heart	present	gold quality	97.68	variant
ENSG00000164032	H2AZ1	heart	present	gold quality	97.46	variant
ENSG00000164032	H2AZ1	heart	present	gold quality	96.21	variant
ENSG00000164032	H2AZ1	heart	present	gold quality	97.67	variant
ENSG00000164032	H2AZ1	heart	present	gold quality	97.16	variant
ENSG00000164032	H2AZ1	heart	present	gold quality	97.5	variant
ENSG00000164032	H2AZ1	heart	present	gold quality	97.32	variant
ENSG00000164032	H2AZ1	heart	present	gold quality	97.33	variant
ENSG00000164032	H2AZ1	heart	present	gold quality	99.0	variant
ENSG00000164032	H2AZ1	heart	present	gold quality	97.2	variant
ENSG00000164032	H2AZ1	cerebral cortex	present	gold quality	99.63	variant
ENSG00000164032	H2AZ1	cerebral cortex	present	gold quality	99.35	variant
ENSG00000164032	H2AZ1	cerebral cortex	present	gold quality	97.5	variant
ENSG00000164032	H2AZ1	cerebral cortex	present	gold quality	98.16	variant
ENSG00000164032	H2AZ1	cerebral cortex	present	gold quality	97.43	variant
ENSG00000164032	H2AZ1	cerebral cortex	present	gold quality	98.44	variant
ENSG00000164032	H2AZ1	cerebral cortex	present	gold quality	97.64	variant
ENSG00000164032	H2AZ1	cerebral cortex	present	gold quality	97.88	variant
ENSG00000164032	H2AZ1	cerebral cortex	present	gold quality	97.87	variant
ENSG00000164032	H2AZ1	cerebral cortex	present	gold quality	97.81	variant
ENSG00000164032	H2AZ1	skeletal muscle tissue	present	gold quality	95.33	variant
ENSG00000164032	H2AZ1	skeletal muscle tissue	present	gold quality	96.76	variant
ENSG00000164032	H2AZ1	skeletal muscle tissue	present	gold quality	95.33	variant
ENSG00000164032	H2AZ1	skeletal muscle tissue	present	gold quality	96.37	variant
ENSG00000164032	H2AZ1	skeletal muscle tissue	present	gold quality	97.0	variant
ENSG00000164032	H2AZ1	skeletal muscle tissue	present	gold quality	93.59	variant
ENSG00000164032	H2AZ1	skeletal muscle tissue	present	gold quality	96.53	variant
ENSG00000164032	H2AZ1	skeletal muscle tissue	present	gold quality	95.73	variant
ENSG00000164032	H2AZ1	skeletal muscle tissue	present	gold quality	96.14	variant
ENSG00000164032	H2AZ1	skeletal muscle tissue	present	gold quality	96.62	variant
ENSG00000164032	H2AZ1	skeletal muscle tissue	present	gold quality	95.84	variant
ENSG00000164032	H2AZ1	skeletal muscle tissue	present	gold quality	96.81	variant
ENSG00000164032	H2AZ1	skeletal muscle tissue	present	gold quality	96.62	variant
ENSG00000164032	H2AZ1	skeletal muscle tissue	present	gold quality	96.65	variant
ENSG00000164032	H2AZ1	skeletal muscle tissue	present	gold quality	96.96	variant
ENSG00000164032	H2AZ1	skeletal muscle tissue	present	gold quality	96.71	variant
ENSG00000164032	H2AZ1	colon	present	gold quality	97.87	variant
ENSG00000164032	H2AZ1	colon	present	gold quality	97.3	variant
ENSG00000164032	H2AZ1	colon	present	gold quality	98.58	variant
ENSG00000164032	H2AZ1	colon	present	gold quality	98.91	variant
ENSG00000164032	H2AZ1	colon	present	gold quality	98.83	variant
ENSG00000164032	H2AZ1	colon	present	gold quality	98.88	variant
ENSG00000164032	H2AZ1	colon	present	gold quality	98.84	variant
ENSG00000164032	H2AZ1	colon	present	gold quality	99.16	variant
ENSG00000164032	H2AZ1	colon	present	gold quality	98.81	variant
ENSG00000164032	H2AZ1	colon	present	gold quality	98.87	variant
ENSG00000164032	H2AZ1	colon	present	gold quality	98.46	variant
ENSG00000164032	H2AZ1	colon	present	gold quality	98.29	variant
ENSG00000164032	H2AZ1	colon	present	gold quality	98.74	variant
ENSG00000164032	H2AZ1	colon	present	gold quality	98.8	variant
ENSG00000164032	H2AZ1	colon	present	gold quality	98.99	variant
ENSG00000164032	H2AZ1	colon	present	gold quality	98.86	variant
ENSG00000164032	H2AZ1	colon	present	gold quality	98.85	variant
ENSG00000164032	H2AZ1	colon	present	gold quality	98.83	variant
ENSG00000164032	H2AZ1	cortex of kidney	present	gold quality	91.19	variant
ENSG00000164032	H2AZ1	cortex of kidney	present	gold quality	97.42	variant
ENSG00000164032	H2AZ1	cortex of kidney	present	gold quality	96.97	variant
ENSG00000164032	H2AZ1	cortex of kidney	present	gold quality	97.67	variant
ENSG00000164032	H2AZ1	cortex of kidney	present	gold quality	96.93	variant
ENSG00000164032	H2AZ1	frontal cortex	present	gold quality	98.97	variant
ENSG00000164032	H2AZ1	frontal cortex	present	gold quality	97.65	variant
ENSG00000164032	H2AZ1	frontal cortex	present	gold quality	98.44	variant
ENSG00000164032	H2AZ1	frontal cortex	present	gold quality	97.33	variant
ENSG00000164032	H2AZ1	frontal cortex	present	gold quality	98.56	variant
ENSG00000164032	H2AZ1	frontal cortex	present	gold quality	97.77	variant
ENSG00000164032	H2AZ1	frontal cortex	present	gold quality	97.96	variant
ENSG00000164032	H2AZ1	frontal cortex	present	gold quality	97.81	variant
ENSG00000164032	H2AZ1	frontal cortex	present	gold quality	98.3	variant
ENSG00000164032	H2AZ1	frontal cortex	present	gold quality	98.29	variant
ENSG00000164032	H2AZ1	frontal cortex	present	gold quality	98.35	variant
ENSG00000164032	H2AZ1	frontal cortex	present	gold quality	97.21	variant
ENSG00000164032	H2AZ1	frontal cortex	present	gold quality	96.55	variant
ENSG00000164032	H2AZ1	frontal cortex	present	gold quality	96.52	variant
ENSG00000164032	H2AZ1	frontal cortex	present	gold quality	96.85	variant
ENSG00000164032	H2AZ1	frontal cortex	present	gold quality	95.08	variant
ENSG00000164032	H2AZ1	frontal cortex	present	gold quality	93.26	variant
ENSG00000164032	H2AZ1	frontal cortex	present	gold quality	95.15	variant
ENSG00000164032	H2AZ1	frontal cortex	present	gold quality	98.66	variant
ENSG00000164032	H2AZ1	frontal cortex	present	gold quality	97.96	variant
ENSG00000164032	H2AZ1	frontal cortex	present	gold quality	98.29	variant
ENSG00000164032	H2AZ1	frontal cortex	present	gold quality	97.94	variant
ENSG00000164032	H2AZ1	frontal cortex	present	gold quality	98.29	variant
ENSG00000164032	H2AZ1	frontal cortex	present	gold quality	98.1	variant
ENSG00000164032	H2AZ1	frontal cortex	present	gold quality	97.87	variant
ENSG00000164032	H2AZ1	frontal cortex	present	gold quality	98.57	variant
ENSG00000164032	H2AZ1	temporal lobe	present	gold quality	96.4	variant
ENSG00000164032	H2AZ1	temporal lobe	present	gold quality	96.81	variant
ENSG00000164032	H2AZ1	temporal lobe	present	gold quality	97.64	variant
ENSG00000164032	H2AZ1	temporal lobe	present	gold quality	97.13	variant
ENSG00000164032	H2AZ1	temporal lobe	present	gold quality	96.48	variant
ENSG00000164032	H2AZ1	temporal lobe	present	gold quality	97.66	variant
ENSG00000164032	H2AZ1	temporal lobe	present	gold quality	97.76	variant
ENSG00000164032	H2AZ1	temporal lobe	present	gold quality	94.28	variant
ENSG00000164032	H2AZ1	cerebellum	present	gold quality	98.11	variant
ENSG00000164032	H2AZ1	cerebellum	present	gold quality	98.79	variant
ENSG00000164032	H2AZ1	cerebellum	present	gold quality	95.36	variant
ENSG00000164032	H2AZ1	cerebellum	present	gold quality	98.43	variant
ENSG00000164032	H2AZ1	cerebellum	present	gold quality	98.06	variant
ENSG00000164032	H2AZ1	cerebellum	present	gold quality	98.45	variant
ENSG00000164032	H2AZ1	cerebellum	present	gold quality	98.74	variant
ENSG00000164032	H2AZ1	cerebellum	present	gold quality	98.55	variant
ENSG00000164032	H2AZ1	cerebellum	present	gold quality	98.6	variant
ENSG00000164032	H2AZ1	cerebellum	present	gold quality	98.05	variant
ENSG00000164032	H2AZ1	cerebellum	present	gold quality	96.76	variant
ENSG00000164032	H2AZ1	cerebellum	present	gold quality	98.36	variant
ENSG00000164032	H2AZ1	cerebellum	present	gold quality	98.36	variant
ENSG00000164032	H2AZ1	cerebellum	present	gold quality	97.83	variant
ENSG00000164032	H2AZ1	cerebellum	present	gold quality	98.53	variant
ENSG00000164032	H2AZ1	cerebellum	present	gold quality	98.56	variant
ENSG00000164032	H2AZ1	cerebellum	present	gold quality	97.69	variant
ENSG00000164032	H2AZ1	lung	present	gold quality	99.36	variant
ENSG00000164032	H2AZ1	lung	present	gold quality	99.0	variant
ENSG00000164032	H2AZ1	lung	present	gold quality	97.97	variant
ENSG00000164032	H2AZ1	lung	present	gold quality	98.84	variant
ENSG00000164032	H2AZ1	lung	present	gold quality	98.43	variant
ENSG00000164032	H2AZ1	lung	present	gold quality	97.93	variant
ENSG00000164032	H2AZ1	lung	present	gold quality	98.47	variant
ENSG00000164032	H2AZ1	lung	present	gold quality	98.66	variant
ENSG00000164032	H2AZ1	lung	present	gold quality	98.42	variant
ENSG00000164032	H2AZ1	lung	present	gold quality	98.19	variant
ENSG00000164032	H2AZ1	lung	present	gold quality	98.08	variant
ENSG00000164032	H2AZ1	lung	present	gold quality	98.44	variant
ENSG00000164032	H2AZ1	lung	present	gold quality	98.19	variant
ENSG00000164032	H2AZ1	lung	present	gold quality	97.46	variant
ENSG00000164032	H2AZ1	lung	present	gold quality	97.47	variant
ENSG00000164032	H2AZ1	lung	present	gold quality	97.1	variant
ENSG00000164032	H2AZ1	lung	present	gold quality	97.59	variant
ENSG00000164032	H2AZ1	lung	present	gold quality	97.4	variant
ENSG00000164032	H2AZ1	lung	present	gold quality	97.79	variant
ENSG00000164032	H2AZ1	lung	present	gold quality	97.91	variant
ENSG00000164032	H2AZ1	lung	present	gold quality	98.16	variant
ENSG00000164032	H2AZ1	lung	present	gold quality	99.02	variant
ENSG00000164032	H2AZ1	spleen	present	gold quality	98.94	variant
ENSG00000164032	H2AZ1	spleen	present	gold quality	98.83	variant
ENSG00000164032	H2AZ1	spleen	present	gold quality	98.68	variant
ENSG00000164032	H2AZ1	spleen	present	gold quality	98.61	variant
ENSG00000164032	H2AZ1	spleen	present	gold quality	98.93	variant
ENSG00000164032	H2AZ1	spleen	present	gold quality	98.61	variant
ENSG00000164032	H2AZ1	spleen	present	gold quality	98.75	variant
ENSG00000164032	H2AZ1	spleen	present	gold quality	98.67	variant
ENSG00000164032	H2AZ1	spleen	present	gold quality	98.76	variant
ENSG00000164032	H2AZ1	spleen	present	gold quality	98.73	variant
ENSG00000164032	H2AZ1	spleen	present	gold quality	98.63	variant
ENSG00000164032	H2AZ1	spleen	present	gold quality	98.7	variant
ENSG00000164032	H2AZ1	liver	present	gold quality	99.52	variant
ENSG00000164032	H2AZ1	liver	present	gold quality	96.93	variant
ENSG00000164032	H2AZ1	liver	present	gold quality	95.0	variant
ENSG00000164032	H2AZ1	liver	present	gold quality	94.72	variant
ENSG00000164032	H2AZ1	liver	present	gold quality	96.21	variant
ENSG00000164032	H2AZ1	liver	present	gold quality	95.43	variant
ENSG00000164032	H2AZ1	liver	present	gold quality	95.63	variant
ENSG00000164032	H2AZ1	liver	present	gold quality	94.21	variant
ENSG00000164032	H2AZ1	liver	present	gold quality	95.17	variant
ENSG00000164032	H2AZ1	liver	present	gold quality	95.35	variant
ENSG00000164032	H2AZ1	liver	present	gold quality	96.94	variant
ENSG00000164032	H2AZ1	liver	present	gold quality	96.85	variant
ENSG00000164032	H2AZ1	liver	present	gold quality	90.24	variant
ENSG00000164032	H2AZ1	liver	present	gold quality	93.57	variant
ENSG00000164032	H2AZ1	liver	present	gold quality	94.38	variant
ENSG00000164032	H2AZ1	liver	present	gold quality	93.91	variant
ENSG00000164032	H2AZ1	liver	present	gold quality	99.49	variant
ENSG00000164032	H2AZ1	liver	present	gold quality	94.36	variant
ENSG00000164032	H2AZ1	liver	present	gold quality	94.38	variant
ENSG00000164032	H2AZ1	liver	present	gold quality	98.97	variant
ENSG00000164032	H2AZ1	liver	present	gold quality	95.1	variant
ENSG00000164032	H2AZ1	liver	present	gold quality	95.21	variant
ENSG00000164032	H2AZ1	liver	present	gold quality	96.6	variant
ENSG00000164032	H2AZ1	cerebellar cortex	present	gold quality	98.64	variant
ENSG00000164032	H2AZ1	cerebellar cortex	present	gold quality	98.38	variant
ENSG00000164032	H2AZ1	cerebellar cortex	present	gold quality	98.72	variant
ENSG00000164032	H2AZ1	thymus	present	gold quality	99.07	variant
ENSG00000164032	H2AZ1	thymus	present	gold quality	99.87	variant
ENSG00000164032	H2AZ1	thymus	present	gold quality	99.72	variant
ENSG00000164032	H2AZ1	thymus	present	gold quality	99.63	variant
ENSG00000164032	H2AZ1	bone marrow	present	gold quality	99.5	variant
ENSG00000164032	H2AZ1	bone marrow	present	gold quality	99.57	variant
ENSG00000164032	H2AZ1	bone marrow	present	gold quality	99.48	variant
ENSG00000164032	H2AZ1	bone marrow	present	gold quality	99.71	variant
ENSG00000164032	H2AZ1	bone marrow	present	gold quality	99.59	variant
ENSG00000164032	H2AZ1	bone marrow	present	gold quality	99.62	variant
ENSG00000164032	H2AZ1	bone marrow	present	gold quality	99.58	variant
ENSG00000164032	H2AZ1	bone marrow	present	gold quality	99.07	variant
ENSG00000164032	H2AZ1	bone marrow	present	gold quality	99.54	variant
ENSG00000164032	H2AZ1	bone marrow	present	gold quality	99.47	variant
ENSG00000164032	H2AZ1	bone marrow	present	gold quality	99.6	variant
ENSG00000164032	H2AZ1	bone marrow	present	gold quality	99.55	variant
ENSG00000164032	H2AZ1	bone marrow	present	gold quality	99.76	variant
ENSG00000164032	H2AZ1	bone marrow	present	gold quality	99.63	variant
ENSG00000164032	H2AZ1	primary visual cortex	present	gold quality	96.15	variant
ENSG00000164032	H2AZ1	primary visual cortex	present	gold quality	97.25	variant
ENSG00000164032	H2AZ1	primary visual cortex	present	gold quality	98.94	variant
ENSG00000164032	H2AZ1	primary visual cortex	present	gold quality	97.38	variant
ENSG00000164032	H2AZ1	primary visual cortex	present	gold quality	97.0	variant
ENSG00000164032	H2AZ1	primary visual cortex	present	gold quality	99.16	variant
ENSG00000164032	H2AZ1	primary visual cortex	present	gold quality	98.7	variant
ENSG00000164032	H2AZ1	primary visual cortex	present	gold quality	98.39	variant
ENSG00000164032	H2AZ1	primary visual cortex	present	gold quality	97.8	variant
ENSG00000164032	H2AZ1	superior frontal gyrus	present	gold quality	97.9	variant
ENSG00000164032	H2AZ1	superior frontal gyrus	present	gold quality	97.79	variant
ENSG00000164032	H2AZ1	superior frontal gyrus	present	gold quality	97.37	variant
ENSG00000164032	H2AZ1	superior frontal gyrus	present	gold quality	98.24	variant
ENSG00000164032	H2AZ1	superior frontal gyrus	present	gold quality	97.62	variant
ENSG00000164032	H2AZ1	superior frontal gyrus	present	gold quality	98.08	variant
ENSG00000164032	H2AZ1	superior frontal gyrus	present	gold quality	97.61	variant
ENSG00000164032	H2AZ1	superior frontal gyrus	present	gold quality	98.19	variant
ENSG00000164032	H2AZ1	superior frontal gyrus	present	gold quality	98.41	variant
ENSG00000164032	H2AZ1	superior frontal gyrus	present	gold quality	97.54	variant
ENSG00000164032	H2AZ1	superior frontal gyrus	present	gold quality	96.75	variant
ENSG00000164032	H2AZ1	superior frontal gyrus	present	gold quality	97.5	variant
ENSG00000164032	H2AZ1	superior frontal gyrus	present	gold quality	98.94	variant
ENSG00000164032	H2AZ1	superior frontal gyrus	present	gold quality	98.53	variant
ENSG00000164032	H2AZ1	superior frontal gyrus	present	gold quality	97.31	variant
ENSG00000164032	H2AZ1	superior frontal gyrus	present	gold quality	96.38	variant
ENSG00000164032	H2AZ1	superior frontal gyrus	present	gold quality	99.29	variant
ENSG00000164032	H2AZ1	superior frontal gyrus	present	gold quality	98.13	variant
ENSG00000164032	H2AZ1	superior frontal gyrus	present	gold quality	95.82	variant
ENSG00000164032	H2AZ1	superior frontal gyrus	present	gold quality	97.42	variant
ENSG00000164032	H2AZ1	superior frontal gyrus	present	gold quality	98.73	variant
ENSG00000164032	H2AZ1	superior frontal gyrus	present	gold quality	96.12	variant
ENSG00000164032	H2AZ1	superior frontal gyrus	present	gold quality	97.23	variant
ENSG00000164032	H2AZ1	superior frontal gyrus	present	gold quality	97.95	variant
ENSG00000164032	H2AZ1	superior frontal gyrus	present	gold quality	96.34	variant
ENSG00000164032	H2AZ1	hindlimb stylopod muscle	present	gold quality	96.68	variant
ENSG00000164032	H2AZ1	hindlimb stylopod muscle	present	gold quality	96.3	variant
ENSG00000164032	H2AZ1	dorsolateral prefrontal cortex	present	gold quality	98.1	variant
ENSG00000164032	H2AZ1	dorsolateral prefrontal cortex	present	gold quality	98.52	variant
ENSG00000164032	H2AZ1	dorsolateral prefrontal cortex	present	gold quality	98.45	variant
ENSG00000164032	H2AZ1	dorsolateral prefrontal cortex	present	gold quality	98.62	variant
ENSG00000164032	H2AZ1	dorsolateral prefrontal cortex	present	gold quality	98.6	variant
ENSG00000164032	H2AZ1	dorsolateral prefrontal cortex	present	gold quality	98.89	variant
ENSG00000164032	H2AZ1	dorsolateral prefrontal cortex	present	gold quality	98.05	variant
ENSG00000164032	H2AZ1	dorsolateral prefrontal cortex	present	gold quality	98.74	variant
ENSG00000164032	H2AZ1	dorsolateral prefrontal cortex	present	gold quality	98.78	variant
ENSG00000164032	H2AZ1	dorsolateral prefrontal cortex	present	gold quality	98.54	variant
ENSG00000164032	H2AZ1	dorsolateral prefrontal cortex	present	gold quality	97.74	variant
ENSG00000164032	H2AZ1	dorsolateral prefrontal cortex	present	gold quality	98.49	variant
ENSG00000164032	H2AZ1	dorsolateral prefrontal cortex	present	gold quality	97.19	variant
ENSG00000164032	H2AZ1	dorsolateral prefrontal cortex	present	gold quality	98.25	variant
ENSG00000164032	H2AZ1	dorsolateral prefrontal cortex	present	gold quality	98.52	variant
ENSG00000164032	H2AZ1	dorsolateral prefrontal cortex	present	gold quality	98.57	variant
ENSG00000164032	H2AZ1	dorsolateral prefrontal cortex	present	gold quality	98.34	variant
ENSG00000164032	H2AZ1	dorsolateral prefrontal cortex	present	gold quality	98.43	variant
ENSG00000164032	H2AZ1	dorsolateral prefrontal cortex	present	gold quality	97.64	variant
ENSG00000164032	H2AZ1	dorsolateral prefrontal cortex	present	gold quality	98.47	variant
ENSG00000164032	H2AZ1	dorsolateral prefrontal cortex	present	gold quality	98.13	variant
ENSG00000164032	H2AZ1	dorsolateral prefrontal cortex	present	gold quality	98.22	variant
ENSG00000164032	H2AZ1	dorsolateral prefrontal cortex	present	gold quality	98.2	variant
ENSG00000164032	H2AZ1	dorsolateral prefrontal cortex	present	gold quality	98.0	variant
ENSG00000164032	H2AZ1	Brodmann (1909) area 10	present	gold quality	88.93	variant
ENSG00000164508	H2AC1	adult mammalian kidney	present	gold quality	55.09	clustered
ENSG00000164508	H2AC1	adult mammalian kidney	present	gold quality	46.42	clustered
ENSG00000164508	H2AC1	adult mammalian kidney	present	gold quality	34.29	clustered
ENSG00000164508	H2AC1	adult mammalian kidney	present	gold quality	49.21	clustered
ENSG00000164508	H2AC1	adult mammalian kidney	present	gold quality	58.25	clustered
ENSG00000164508	H2AC1	adult mammalian kidney	present	gold quality	38.11	clustered
ENSG00000164508	H2AC1	multicellular organism	present	gold quality	23.16	clustered
ENSG00000164508	H2AC1	testis	present	gold quality	70.04	clustered
ENSG00000164508	H2AC1	testis	present	gold quality	70.75	clustered
ENSG00000164508	H2AC1	testis	present	gold quality	82.91	clustered
ENSG00000164508	H2AC1	testis	present	gold quality	80.64	clustered
ENSG00000164508	H2AC1	testis	present	gold quality	78.95	clustered
ENSG00000164508	H2AC1	testis	present	gold quality	72.58	clustered
ENSG00000164508	H2AC1	testis	present	gold quality	70.42	clustered
ENSG00000164508	H2AC1	testis	present	gold quality	68.75	clustered
ENSG00000164508	H2AC1	cortex of kidney	present	gold quality	30.56	clustered
ENSG00000164508	H2AC1	lung	present	gold quality	31.87	clustered
ENSG00000164508	H2AC1	lung	present	gold quality	21.37	clustered
ENSG00000164508	H2AC1	lung	present	gold quality	20.69	clustered
ENSG00000164508	H2AC1	liver	present	gold quality	33.19	clustered
ENSG00000164508	H2AC1	liver	present	gold quality	53.51	clustered
ENSG00000164508	H2AC1	liver	present	gold quality	40.84	clustered
ENSG00000164508	H2AC1	liver	present	gold quality	38.94	clustered
ENSG00000164508	H2AC1	liver	present	gold quality	40.05	clustered
ENSG00000164508	H2AC1	liver	present	gold quality	37.42	clustered
ENSG00000164508	H2AC1	liver	present	gold quality	39.7	clustered
ENSG00000180573	H2AC6	pituitary gland	present	gold quality	88.36	clustered
ENSG00000180573	H2AC6	pituitary gland	present	gold quality	85.23	clustered
ENSG00000180573	H2AC6	pituitary gland	present	gold quality	88.51	clustered
ENSG00000180573	H2AC6	pituitary gland	present	gold quality	84.68	clustered
ENSG00000180573	H2AC6	pituitary gland	present	gold quality	86.68	clustered
ENSG00000180573	H2AC6	pituitary gland	present	gold quality	88.12	clustered
ENSG00000180573	H2AC6	pituitary gland	present	gold quality	89.67	clustered
ENSG00000180573	H2AC6	pituitary gland	present	gold quality	87.66	clustered
ENSG00000180573	H2AC6	pituitary gland	present	gold quality	88.81	clustered
ENSG00000180573	H2AC6	pituitary gland	present	gold quality	85.9	clustered
ENSG00000180573	H2AC6	pituitary gland	present	gold quality	82.43	clustered
ENSG00000180573	H2AC6	pituitary gland	present	gold quality	94.38	clustered
ENSG00000180573	H2AC6	pituitary gland	present	gold quality	86.95	clustered
ENSG00000180573	H2AC6	pituitary gland	present	gold quality	86.97	clustered
ENSG00000180573	H2AC6	lymph node	present	gold quality	79.46	clustered
ENSG00000180573	H2AC6	lymph node	present	gold quality	76.1	clustered
ENSG00000180573	H2AC6	lymph node	present	gold quality	78.53	clustered
ENSG00000180573	H2AC6	lymph node	present	gold quality	96.84	clustered
ENSG00000180573	H2AC6	lymph node	present	gold quality	90.31	clustered
ENSG00000180573	H2AC6	lymph node	present	gold quality	83.04	clustered
ENSG00000180573	H2AC6	adult mammalian kidney	present	gold quality	81.88	clustered
ENSG00000180573	H2AC6	adult mammalian kidney	present	gold quality	88.34	clustered
ENSG00000180573	H2AC6	adult mammalian kidney	present	gold quality	94.32	clustered
ENSG00000180573	H2AC6	adult mammalian kidney	present	gold quality	92.14	clustered
ENSG00000180573	H2AC6	adult mammalian kidney	present	gold quality	93.94	clustered
ENSG00000180573	H2AC6	adult mammalian kidney	present	gold quality	90.86	clustered
ENSG00000180573	H2AC6	adult mammalian kidney	present	gold quality	92.29	clustered
ENSG00000180573	H2AC6	adult mammalian kidney	present	gold quality	89.46	clustered
ENSG00000180573	H2AC6	adult mammalian kidney	present	gold quality	89.52	clustered
ENSG00000180573	H2AC6	adult mammalian kidney	present	gold quality	92.24	clustered
ENSG00000180573	H2AC6	adult mammalian kidney	present	gold quality	89.18	clustered
ENSG00000180573	H2AC6	adult mammalian kidney	present	gold quality	89.19	clustered
ENSG00000180573	H2AC6	adult mammalian kidney	present	gold quality	90.34	clustered
ENSG00000180573	H2AC6	prefrontal cortex	present	gold quality	81.29	clustered
ENSG00000180573	H2AC6	prefrontal cortex	present	gold quality	82.95	clustered
ENSG00000180573	H2AC6	prefrontal cortex	present	gold quality	87.42	clustered
ENSG00000180573	H2AC6	prefrontal cortex	present	gold quality	72.39	clustered
ENSG00000180573	H2AC6	prefrontal cortex	present	gold quality	85.91	clustered
ENSG00000180573	H2AC6	prefrontal cortex	present	gold quality	79.96	clustered
ENSG00000180573	H2AC6	prefrontal cortex	present	gold quality	83.7	clustered
ENSG00000180573	H2AC6	prefrontal cortex	present	gold quality	81.88	clustered
ENSG00000180573	H2AC6	prefrontal cortex	present	gold quality	81.43	clustered
ENSG00000180573	H2AC6	multicellular organism	present	gold quality	85.35	clustered
ENSG00000180573	H2AC6	testis	present	gold quality	96.64	clustered
ENSG00000180573	H2AC6	testis	present	gold quality	96.39	clustered
ENSG00000180573	H2AC6	testis	present	gold quality	96.89	clustered
ENSG00000180573	H2AC6	testis	present	gold quality	73.4	clustered
ENSG00000180573	H2AC6	testis	present	gold quality	72.84	clustered
ENSG00000180573	H2AC6	testis	present	gold quality	73.82	clustered
ENSG00000180573	H2AC6	testis	present	gold quality	69.07	clustered
ENSG00000180573	H2AC6	testis	present	gold quality	66.97	clustered
ENSG00000180573	H2AC6	testis	present	gold quality	78.87	clustered
ENSG00000180573	H2AC6	testis	present	gold quality	74.99	clustered
ENSG00000180573	H2AC6	testis	present	gold quality	97.66	clustered
ENSG00000180573	H2AC6	testis	present	gold quality	74.19	clustered
ENSG00000180573	H2AC6	testis	present	gold quality	84.78	clustered
ENSG00000180573	H2AC6	heart	present	gold quality	90.9	clustered
ENSG00000180573	H2AC6	heart	present	gold quality	92.05	clustered
ENSG00000180573	H2AC6	heart	present	gold quality	81.45	clustered
ENSG00000180573	H2AC6	heart	present	gold quality	83.49	clustered
ENSG00000180573	H2AC6	heart	present	gold quality	79.78	clustered
ENSG00000180573	H2AC6	heart	present	gold quality	85.76	clustered
ENSG00000180573	H2AC6	heart	present	gold quality	83.87	clustered
ENSG00000180573	H2AC6	heart	present	gold quality	84.0	clustered
ENSG00000180573	H2AC6	heart	present	gold quality	85.41	clustered
ENSG00000180573	H2AC6	heart	present	gold quality	89.29	clustered
ENSG00000180573	H2AC6	heart	present	gold quality	85.78	clustered
ENSG00000180573	H2AC6	heart	present	gold quality	81.08	clustered
ENSG00000180573	H2AC6	heart	present	gold quality	85.05	clustered
ENSG00000180573	H2AC6	heart	present	gold quality	85.15	clustered
ENSG00000180573	H2AC6	heart	present	gold quality	89.33	clustered
ENSG00000180573	H2AC6	cerebral cortex	present	gold quality	78.29	clustered
ENSG00000180573	H2AC6	cerebral cortex	present	gold quality	76.76	clustered
ENSG00000180573	H2AC6	cerebral cortex	present	gold quality	73.47	clustered
ENSG00000180573	H2AC6	cerebral cortex	present	gold quality	78.92	clustered
ENSG00000180573	H2AC6	cerebral cortex	present	gold quality	75.87	clustered
ENSG00000180573	H2AC6	cerebral cortex	present	gold quality	81.15	clustered
ENSG00000180573	H2AC6	cerebral cortex	present	gold quality	79.38	clustered
ENSG00000180573	H2AC6	cerebral cortex	present	gold quality	82.73	clustered
ENSG00000180573	H2AC6	cerebral cortex	present	gold quality	79.91	clustered
ENSG00000180573	H2AC6	cerebral cortex	present	gold quality	80.28	clustered
ENSG00000180573	H2AC6	skeletal muscle tissue	present	gold quality	83.63	clustered
ENSG00000180573	H2AC6	skeletal muscle tissue	present	gold quality	80.05	clustered
ENSG00000180573	H2AC6	skeletal muscle tissue	present	gold quality	80.79	clustered
ENSG00000180573	H2AC6	skeletal muscle tissue	present	gold quality	81.64	clustered
ENSG00000180573	H2AC6	skeletal muscle tissue	present	gold quality	80.77	clustered
ENSG00000180573	H2AC6	skeletal muscle tissue	present	gold quality	81.93	clustered
ENSG00000180573	H2AC6	skeletal muscle tissue	present	gold quality	82.57	clustered
ENSG00000180573	H2AC6	skeletal muscle tissue	present	gold quality	82.32	clustered
ENSG00000180573	H2AC6	skeletal muscle tissue	present	gold quality	81.9	clustered
ENSG00000180573	H2AC6	colon	present	gold quality	96.67	clustered
ENSG00000180573	H2AC6	colon	present	gold quality	98.82	clustered
ENSG00000180573	H2AC6	colon	present	gold quality	85.99	clustered
ENSG00000180573	H2AC6	colon	present	gold quality	87.28	clustered
ENSG00000180573	H2AC6	colon	present	gold quality	85.56	clustered
ENSG00000180573	H2AC6	colon	present	gold quality	85.8	clustered
ENSG00000180573	H2AC6	colon	present	gold quality	87.61	clustered
ENSG00000180573	H2AC6	colon	present	gold quality	92.25	clustered
ENSG00000180573	H2AC6	colon	present	gold quality	84.79	clustered
ENSG00000180573	H2AC6	colon	present	gold quality	84.64	clustered
ENSG00000180573	H2AC6	colon	present	gold quality	86.98	clustered
ENSG00000180573	H2AC6	colon	present	gold quality	91.26	clustered
ENSG00000180573	H2AC6	colon	present	gold quality	86.97	clustered
ENSG00000180573	H2AC6	colon	present	gold quality	86.7	clustered
ENSG00000180573	H2AC6	colon	present	gold quality	92.85	clustered
ENSG00000180573	H2AC6	colon	present	gold quality	86.44	clustered
ENSG00000180573	H2AC6	colon	present	gold quality	85.79	clustered
ENSG00000180573	H2AC6	colon	present	gold quality	86.3	clustered
ENSG00000180573	H2AC6	cortex of kidney	present	gold quality	87.02	clustered
ENSG00000180573	H2AC6	cortex of kidney	present	gold quality	81.53	clustered
ENSG00000180573	H2AC6	cortex of kidney	present	gold quality	85.21	clustered
ENSG00000180573	H2AC6	cortex of kidney	present	gold quality	85.8	clustered
ENSG00000180573	H2AC6	frontal cortex	present	gold quality	63.26	clustered
ENSG00000180573	H2AC6	frontal cortex	present	gold quality	67.56	clustered
ENSG00000180573	H2AC6	frontal cortex	present	gold quality	79.15	clustered
ENSG00000180573	H2AC6	frontal cortex	present	gold quality	73.39	clustered
ENSG00000180573	H2AC6	frontal cortex	present	gold quality	81.97	clustered
ENSG00000180573	H2AC6	frontal cortex	present	gold quality	76.01	clustered
ENSG00000180573	H2AC6	frontal cortex	present	gold quality	74.44	clustered
ENSG00000180573	H2AC6	frontal cortex	present	gold quality	77.09	clustered
ENSG00000180573	H2AC6	frontal cortex	present	gold quality	77.96	clustered
ENSG00000180573	H2AC6	frontal cortex	present	gold quality	80.58	clustered
ENSG00000180573	H2AC6	frontal cortex	present	gold quality	82.35	clustered
ENSG00000180573	H2AC6	frontal cortex	present	gold quality	73.21	clustered
ENSG00000180573	H2AC6	frontal cortex	present	gold quality	73.73	clustered
ENSG00000180573	H2AC6	frontal cortex	present	gold quality	71.92	clustered
ENSG00000180573	H2AC6	frontal cortex	present	gold quality	70.18	clustered
ENSG00000180573	H2AC6	frontal cortex	present	gold quality	75.37	clustered
ENSG00000180573	H2AC6	frontal cortex	present	gold quality	71.49	clustered
ENSG00000180573	H2AC6	frontal cortex	present	gold quality	78.37	clustered
ENSG00000180573	H2AC6	frontal cortex	present	gold quality	78.61	clustered
ENSG00000180573	H2AC6	frontal cortex	present	gold quality	79.58	clustered
ENSG00000180573	H2AC6	frontal cortex	present	gold quality	78.67	clustered
ENSG00000180573	H2AC6	frontal cortex	present	gold quality	79.62	clustered
ENSG00000180573	H2AC6	frontal cortex	present	gold quality	78.77	clustered
ENSG00000180573	H2AC6	frontal cortex	present	gold quality	73.85	clustered
ENSG00000180573	H2AC6	frontal cortex	present	gold quality	83.85	clustered
ENSG00000180573	H2AC6	temporal lobe	present	gold quality	75.82	clustered
ENSG00000180573	H2AC6	temporal lobe	present	gold quality	65.09	clustered
ENSG00000180573	H2AC6	temporal lobe	present	gold quality	69.72	clustered
ENSG00000180573	H2AC6	temporal lobe	present	gold quality	75.04	clustered
ENSG00000180573	H2AC6	temporal lobe	present	gold quality	79.31	clustered
ENSG00000180573	H2AC6	temporal lobe	present	gold quality	85.72	clustered
ENSG00000180573	H2AC6	temporal lobe	present	gold quality	79.45	clustered
ENSG00000180573	H2AC6	cerebellum	present	gold quality	71.33	clustered
ENSG00000180573	H2AC6	cerebellum	present	gold quality	75.34	clustered
ENSG00000180573	H2AC6	cerebellum	present	gold quality	71.77	clustered
ENSG00000180573	H2AC6	cerebellum	present	gold quality	78.01	clustered
ENSG00000180573	H2AC6	cerebellum	present	gold quality	74.94	clustered
ENSG00000180573	H2AC6	cerebellum	present	gold quality	75.64	clustered
ENSG00000180573	H2AC6	cerebellum	present	gold quality	78.28	clustered
ENSG00000180573	H2AC6	cerebellum	present	gold quality	84.32	clustered
ENSG00000180573	H2AC6	cerebellum	present	gold quality	66.52	clustered
ENSG00000180573	H2AC6	cerebellum	present	gold quality	74.9	clustered
ENSG00000180573	H2AC6	cerebellum	present	gold quality	74.98	clustered
ENSG00000180573	H2AC6	cerebellum	present	gold quality	76.09	clustered
ENSG00000180573	H2AC6	cerebellum	present	gold quality	74.81	clustered
ENSG00000180573	H2AC6	cerebellum	present	gold quality	74.26	clustered
ENSG00000180573	H2AC6	lung	present	gold quality	94.27	clustered
ENSG00000180573	H2AC6	lung	present	gold quality	97.19	clustered
ENSG00000180573	H2AC6	lung	present	gold quality	86.05	clustered
ENSG00000180573	H2AC6	lung	present	gold quality	82.87	clustered
ENSG00000180573	H2AC6	lung	present	gold quality	84.29	clustered
ENSG00000180573	H2AC6	lung	present	gold quality	85.29	clustered
ENSG00000180573	H2AC6	lung	present	gold quality	83.73	clustered
ENSG00000180573	H2AC6	lung	present	gold quality	85.35	clustered
ENSG00000180573	H2AC6	lung	present	gold quality	85.1	clustered
ENSG00000180573	H2AC6	lung	present	gold quality	86.23	clustered
ENSG00000180573	H2AC6	lung	present	gold quality	90.34	clustered
ENSG00000180573	H2AC6	lung	present	gold quality	84.8	clustered
ENSG00000180573	H2AC6	lung	present	gold quality	77.17	clustered
ENSG00000180573	H2AC6	lung	present	gold quality	76.71	clustered
ENSG00000180573	H2AC6	lung	present	gold quality	74.95	clustered
ENSG00000180573	H2AC6	lung	present	gold quality	84.42	clustered
ENSG00000180573	H2AC6	lung	present	gold quality	84.4	clustered
ENSG00000180573	H2AC6	lung	present	gold quality	79.5	clustered
ENSG00000180573	H2AC6	lung	present	gold quality	94.04	clustered
ENSG00000180573	H2AC6	spleen	present	gold quality	89.48	clustered
ENSG00000180573	H2AC6	spleen	present	gold quality	94.08	clustered
ENSG00000180573	H2AC6	spleen	present	gold quality	92.86	clustered
ENSG00000180573	H2AC6	spleen	present	gold quality	89.88	clustered
ENSG00000180573	H2AC6	spleen	present	gold quality	90.51	clustered
ENSG00000180573	H2AC6	spleen	present	gold quality	89.72	clustered
ENSG00000180573	H2AC6	spleen	present	gold quality	89.7	clustered
ENSG00000180573	H2AC6	spleen	present	gold quality	90.22	clustered
ENSG00000180573	H2AC6	spleen	present	gold quality	87.58	clustered
ENSG00000180573	H2AC6	spleen	present	gold quality	88.83	clustered
ENSG00000180573	H2AC6	spleen	present	gold quality	89.54	clustered
ENSG00000180573	H2AC6	spleen	present	gold quality	89.69	clustered
ENSG00000180573	H2AC6	liver	present	gold quality	91.86	clustered
ENSG00000180573	H2AC6	liver	present	gold quality	82.95	clustered
ENSG00000180573	H2AC6	liver	present	gold quality	89.28	clustered
ENSG00000180573	H2AC6	liver	present	gold quality	94.83	clustered
ENSG00000180573	H2AC6	liver	present	gold quality	90.31	clustered
ENSG00000180573	H2AC6	liver	present	gold quality	93.09	clustered
ENSG00000180573	H2AC6	liver	present	gold quality	92.62	clustered
ENSG00000180573	H2AC6	liver	present	gold quality	91.5	clustered
ENSG00000180573	H2AC6	liver	present	gold quality	93.02	clustered
ENSG00000180573	H2AC6	liver	present	gold quality	93.71	clustered
ENSG00000180573	H2AC6	liver	present	gold quality	95.57	clustered
ENSG00000180573	H2AC6	liver	present	gold quality	77.72	clustered
ENSG00000180573	H2AC6	liver	present	gold quality	89.41	clustered
ENSG00000180573	H2AC6	liver	present	gold quality	89.38	clustered
ENSG00000180573	H2AC6	liver	present	gold quality	89.89	clustered
ENSG00000180573	H2AC6	liver	present	gold quality	92.05	clustered
ENSG00000180573	H2AC6	liver	present	gold quality	90.92	clustered
ENSG00000180573	H2AC6	liver	present	gold quality	91.55	clustered
ENSG00000180573	H2AC6	liver	present	gold quality	89.6	clustered
ENSG00000180573	H2AC6	liver	present	gold quality	91.01	clustered
ENSG00000180573	H2AC6	liver	present	gold quality	90.48	clustered
ENSG00000180573	H2AC6	cerebellar cortex	present	gold quality	77.07	clustered
ENSG00000180573	H2AC6	cerebellar cortex	present	gold quality	75.46	clustered
ENSG00000180573	H2AC6	thymus	present	gold quality	90.52	clustered
ENSG00000180573	H2AC6	thymus	present	gold quality	97.39	clustered
ENSG00000180573	H2AC6	thymus	present	gold quality	97.85	clustered
ENSG00000180573	H2AC6	thymus	present	gold quality	87.22	clustered
ENSG00000180573	H2AC6	bone marrow	present	gold quality	87.44	clustered
ENSG00000180573	H2AC6	bone marrow	present	gold quality	95.43	clustered
ENSG00000180573	H2AC6	bone marrow	present	gold quality	87.4	clustered
ENSG00000180573	H2AC6	bone marrow	present	gold quality	96.78	clustered
ENSG00000180573	H2AC6	bone marrow	present	gold quality	98.72	clustered
ENSG00000180573	H2AC6	bone marrow	present	gold quality	96.87	clustered
ENSG00000180573	H2AC6	bone marrow	present	gold quality	96.8	clustered
ENSG00000180573	H2AC6	bone marrow	present	gold quality	93.65	clustered
ENSG00000180573	H2AC6	bone marrow	present	gold quality	96.09	clustered
ENSG00000180573	H2AC6	bone marrow	present	gold quality	88.99	clustered
ENSG00000180573	H2AC6	bone marrow	present	gold quality	97.83	clustered
ENSG00000180573	H2AC6	bone marrow	present	gold quality	97.62	clustered
ENSG00000180573	H2AC6	bone marrow	present	gold quality	97.43	clustered
ENSG00000180573	H2AC6	bone marrow	present	gold quality	96.27	clustered
ENSG00000180573	H2AC6	primary visual cortex	present	gold quality	84.67	clustered
ENSG00000180573	H2AC6	primary visual cortex	present	gold quality	72.85	clustered
ENSG00000180573	H2AC6	primary visual cortex	present	gold quality	75.15	clustered
ENSG00000180573	H2AC6	primary visual cortex	present	gold quality	69.8	clustered
ENSG00000180573	H2AC6	primary visual cortex	present	gold quality	79.81	clustered
ENSG00000180573	H2AC6	primary visual cortex	present	gold quality	74.69	clustered
ENSG00000180573	H2AC6	superior frontal gyrus	present	gold quality	66.75	clustered
ENSG00000180573	H2AC6	superior frontal gyrus	present	gold quality	73.06	clustered
ENSG00000180573	H2AC6	superior frontal gyrus	present	gold quality	68.88	clustered
ENSG00000180573	H2AC6	superior frontal gyrus	present	gold quality	68.99	clustered
ENSG00000180573	H2AC6	superior frontal gyrus	present	gold quality	62.08	clustered
ENSG00000180573	H2AC6	superior frontal gyrus	present	gold quality	72.56	clustered
ENSG00000180573	H2AC6	superior frontal gyrus	present	gold quality	66.32	clustered
ENSG00000180573	H2AC6	superior frontal gyrus	present	gold quality	74.52	clustered
ENSG00000180573	H2AC6	superior frontal gyrus	present	gold quality	79.16	clustered
ENSG00000180573	H2AC6	superior frontal gyrus	present	gold quality	79.76	clustered
ENSG00000180573	H2AC6	superior frontal gyrus	present	gold quality	73.69	clustered
ENSG00000180573	H2AC6	superior frontal gyrus	present	gold quality	73.78	clustered
ENSG00000180573	H2AC6	superior frontal gyrus	present	gold quality	70.18	clustered
ENSG00000180573	H2AC6	superior frontal gyrus	present	gold quality	69.11	clustered
ENSG00000180573	H2AC6	superior frontal gyrus	present	gold quality	71.38	clustered
ENSG00000180573	H2AC6	superior frontal gyrus	present	gold quality	70.6	clustered
ENSG00000180573	H2AC6	superior frontal gyrus	present	gold quality	76.09	clustered
ENSG00000180573	H2AC6	superior frontal gyrus	present	gold quality	75.44	clustered
ENSG00000180573	H2AC6	superior frontal gyrus	present	gold quality	78.17	clustered
ENSG00000180573	H2AC6	superior frontal gyrus	present	gold quality	72.79	clustered
ENSG00000180573	H2AC6	superior frontal gyrus	present	gold quality	71.61	clustered
ENSG00000180573	H2AC6	hindlimb stylopod muscle	present	gold quality	86.2	clustered
ENSG00000180573	H2AC6	hindlimb stylopod muscle	present	gold quality	86.68	clustered
ENSG00000180573	H2AC6	dorsolateral prefrontal cortex	present	gold quality	77.28	clustered
ENSG00000180573	H2AC6	dorsolateral prefrontal cortex	present	gold quality	76.2	clustered
ENSG00000180573	H2AC6	dorsolateral prefrontal cortex	present	gold quality	79.43	clustered
ENSG00000180573	H2AC6	dorsolateral prefrontal cortex	present	gold quality	81.39	clustered
ENSG00000180573	H2AC6	dorsolateral prefrontal cortex	present	gold quality	81.37	clustered
ENSG00000180573	H2AC6	dorsolateral prefrontal cortex	present	gold quality	80.41	clustered
ENSG00000180573	H2AC6	dorsolateral prefrontal cortex	present	gold quality	82.86	clustered
ENSG00000180573	H2AC6	dorsolateral prefrontal cortex	present	gold quality	79.83	clustered
ENSG00000180573	H2AC6	dorsolateral prefrontal cortex	present	gold quality	78.27	clustered
ENSG00000180573	H2AC6	dorsolateral prefrontal cortex	present	gold quality	82.09	clustered
ENSG00000180573	H2AC6	dorsolateral prefrontal cortex	present	gold quality	82.82	clustered
ENSG00000180573	H2AC6	dorsolateral prefrontal cortex	present	gold quality	73.1	clustered
ENSG00000180573	H2AC6	dorsolateral prefrontal cortex	present	gold quality	83.59	clustered
ENSG00000180573	H2AC6	dorsolateral prefrontal cortex	present	gold quality	74.19	clustered
ENSG00000180573	H2AC6	dorsolateral prefrontal cortex	present	gold quality	70.59	clustered
ENSG00000180573	H2AC6	dorsolateral prefrontal cortex	present	gold quality	73.54	clustered
ENSG00000180573	H2AC6	dorsolateral prefrontal cortex	present	gold quality	69.46	clustered
ENSG00000180573	H2AC6	dorsolateral prefrontal cortex	present	gold quality	77.93	clustered
ENSG00000180573	H2AC6	dorsolateral prefrontal cortex	present	gold quality	81.15	clustered
ENSG00000180573	H2AC6	dorsolateral prefrontal cortex	present	gold quality	71.59	clustered
ENSG00000180573	H2AC6	dorsolateral prefrontal cortex	present	gold quality	73.34	clustered
ENSG00000180573	H2AC6	dorsolateral prefrontal cortex	present	gold quality	70.41	clustered
ENSG00000180573	H2AC6	dorsolateral prefrontal cortex	present	gold quality	67.41	clustered
ENSG00000181218	H2AW	pituitary gland	present	gold quality	78.61	clustered
ENSG00000181218	H2AW	pituitary gland	present	gold quality	86.37	clustered
ENSG00000181218	H2AW	pituitary gland	present	gold quality	84.48	clustered
ENSG00000181218	H2AW	pituitary gland	present	gold quality	81.28	clustered
ENSG00000181218	H2AW	pituitary gland	present	gold quality	78.43	clustered
ENSG00000181218	H2AW	pituitary gland	present	gold quality	78.97	clustered
ENSG00000181218	H2AW	pituitary gland	present	gold quality	79.75	clustered
ENSG00000181218	H2AW	pituitary gland	present	gold quality	78.75	clustered
ENSG00000181218	H2AW	pituitary gland	present	gold quality	81.08	clustered
ENSG00000181218	H2AW	pituitary gland	present	gold quality	75.36	clustered
ENSG00000181218	H2AW	lymph node	present	gold quality	80.19	clustered
ENSG00000181218	H2AW	lymph node	present	gold quality	69.18	clustered
ENSG00000181218	H2AW	adult mammalian kidney	present	gold quality	64.13	clustered
ENSG00000181218	H2AW	adult mammalian kidney	present	gold quality	53.25	clustered
ENSG00000181218	H2AW	adult mammalian kidney	present	gold quality	67.94	clustered
ENSG00000181218	H2AW	adult mammalian kidney	present	gold quality	66.39	clustered
ENSG00000181218	H2AW	adult mammalian kidney	present	gold quality	69.42	clustered
ENSG00000181218	H2AW	adult mammalian kidney	present	gold quality	65.16	clustered
ENSG00000181218	H2AW	adult mammalian kidney	present	gold quality	65.33	clustered
ENSG00000181218	H2AW	adult mammalian kidney	present	gold quality	59.9	clustered
ENSG00000181218	H2AW	adult mammalian kidney	present	gold quality	64.28	clustered
ENSG00000181218	H2AW	adult mammalian kidney	present	gold quality	61.88	clustered
ENSG00000181218	H2AW	adult mammalian kidney	present	gold quality	63.37	clustered
ENSG00000181218	H2AW	prefrontal cortex	present	gold quality	85.93	clustered
ENSG00000181218	H2AW	prefrontal cortex	present	gold quality	84.41	clustered
ENSG00000181218	H2AW	prefrontal cortex	present	gold quality	80.85	clustered
ENSG00000181218	H2AW	prefrontal cortex	present	gold quality	81.52	clustered
ENSG00000181218	H2AW	prefrontal cortex	present	gold quality	82.99	clustered
ENSG00000181218	H2AW	prefrontal cortex	present	gold quality	88.3	clustered
ENSG00000181218	H2AW	prefrontal cortex	present	gold quality	84.79	clustered
ENSG00000181218	H2AW	multicellular organism	present	gold quality	74.59	clustered
ENSG00000181218	H2AW	testis	present	gold quality	66.65	clustered
ENSG00000181218	H2AW	testis	present	gold quality	64.96	clustered
ENSG00000181218	H2AW	testis	present	gold quality	70.02	clustered
ENSG00000181218	H2AW	testis	present	gold quality	60.27	clustered
ENSG00000181218	H2AW	testis	present	gold quality	65.11	clustered
ENSG00000181218	H2AW	testis	present	gold quality	65.94	clustered
ENSG00000181218	H2AW	testis	present	gold quality	65.91	clustered
ENSG00000181218	H2AW	testis	present	gold quality	63.81	clustered
ENSG00000181218	H2AW	heart	present	gold quality	65.55	clustered
ENSG00000181218	H2AW	heart	present	gold quality	79.27	clustered
ENSG00000181218	H2AW	heart	present	gold quality	80.27	clustered
ENSG00000181218	H2AW	heart	present	gold quality	79.37	clustered
ENSG00000181218	H2AW	heart	present	gold quality	72.38	clustered
ENSG00000181218	H2AW	heart	present	gold quality	83.32	clustered
ENSG00000181218	H2AW	heart	present	gold quality	81.97	clustered
ENSG00000181218	H2AW	heart	present	gold quality	72.79	clustered
ENSG00000181218	H2AW	heart	present	gold quality	80.13	clustered
ENSG00000181218	H2AW	heart	present	gold quality	81.18	clustered
ENSG00000181218	H2AW	cerebral cortex	present	gold quality	83.08	clustered
ENSG00000181218	H2AW	skeletal muscle tissue	present	gold quality	48.05	clustered
ENSG00000181218	H2AW	skeletal muscle tissue	present	gold quality	49.8	clustered
ENSG00000181218	H2AW	colon	present	gold quality	70.6	clustered
ENSG00000181218	H2AW	colon	present	gold quality	75.39	clustered
ENSG00000181218	H2AW	colon	present	gold quality	70.68	clustered
ENSG00000181218	H2AW	colon	present	gold quality	76.93	clustered
ENSG00000181218	H2AW	colon	present	gold quality	69.68	clustered
ENSG00000181218	H2AW	colon	present	gold quality	71.34	clustered
ENSG00000181218	H2AW	colon	present	gold quality	71.77	clustered
ENSG00000181218	H2AW	colon	present	gold quality	71.47	clustered
ENSG00000181218	H2AW	colon	present	gold quality	71.8	clustered
ENSG00000181218	H2AW	colon	present	gold quality	71.39	clustered
ENSG00000181218	H2AW	cortex of kidney	present	gold quality	75.4	clustered
ENSG00000181218	H2AW	cortex of kidney	present	gold quality	67.29	clustered
ENSG00000181218	H2AW	frontal cortex	present	gold quality	81.74	clustered
ENSG00000181218	H2AW	frontal cortex	present	gold quality	82.26	clustered
ENSG00000181218	H2AW	frontal cortex	present	gold quality	81.4	clustered
ENSG00000181218	H2AW	frontal cortex	present	gold quality	84.16	clustered
ENSG00000181218	H2AW	frontal cortex	present	gold quality	84.53	clustered
ENSG00000181218	H2AW	temporal lobe	present	gold quality	90.06	clustered
ENSG00000181218	H2AW	cerebellum	present	gold quality	94.32	clustered
ENSG00000181218	H2AW	cerebellum	present	gold quality	97.18	clustered
ENSG00000181218	H2AW	cerebellum	present	gold quality	94.16	clustered
ENSG00000181218	H2AW	lung	present	gold quality	63.7	clustered
ENSG00000181218	H2AW	lung	present	gold quality	70.66	clustered
ENSG00000181218	H2AW	lung	present	gold quality	65.73	clustered
ENSG00000181218	H2AW	lung	present	gold quality	66.25	clustered
ENSG00000181218	H2AW	lung	present	gold quality	76.31	clustered
ENSG00000181218	H2AW	lung	present	gold quality	65.52	clustered
ENSG00000181218	H2AW	lung	present	gold quality	66.0	clustered
ENSG00000181218	H2AW	spleen	present	gold quality	80.79	clustered
ENSG00000181218	H2AW	spleen	present	gold quality	81.64	clustered
ENSG00000181218	H2AW	spleen	present	gold quality	78.86	clustered
ENSG00000181218	H2AW	spleen	present	gold quality	78.33	clustered
ENSG00000181218	H2AW	spleen	present	gold quality	81.72	clustered
ENSG00000181218	H2AW	spleen	present	gold quality	78.83	clustered
ENSG00000181218	H2AW	spleen	present	gold quality	79.33	clustered
ENSG00000181218	H2AW	spleen	present	gold quality	78.66	clustered
ENSG00000181218	H2AW	spleen	present	gold quality	78.27	clustered
ENSG00000181218	H2AW	spleen	present	gold quality	79.51	clustered
ENSG00000181218	H2AW	spleen	present	gold quality	78.99	clustered
ENSG00000181218	H2AW	liver	present	gold quality	44.59	clustered
ENSG00000181218	H2AW	liver	present	gold quality	57.37	clustered
ENSG00000181218	H2AW	liver	present	gold quality	50.65	clustered
ENSG00000181218	H2AW	liver	present	gold quality	51.79	clustered
ENSG00000181218	H2AW	liver	present	gold quality	52.43	clustered
ENSG00000181218	H2AW	liver	present	gold quality	54.6	clustered
ENSG00000181218	H2AW	liver	present	gold quality	51.9	clustered
ENSG00000181218	H2AW	liver	present	gold quality	55.74	clustered
ENSG00000181218	H2AW	liver	present	gold quality	54.41	clustered
ENSG00000181218	H2AW	liver	present	gold quality	63.74	clustered
ENSG00000181218	H2AW	cerebellar cortex	present	gold quality	93.77	clustered
ENSG00000181218	H2AW	cerebellar cortex	present	gold quality	94.27	clustered
ENSG00000181218	H2AW	bone marrow	present	gold quality	78.26	clustered
ENSG00000181218	H2AW	primary visual cortex	present	gold quality	81.69	clustered
ENSG00000181218	H2AW	primary visual cortex	present	gold quality	82.11	clustered
ENSG00000181218	H2AW	superior frontal gyrus	present	gold quality	78.51	clustered
ENSG00000181218	H2AW	superior frontal gyrus	present	gold quality	78.74	clustered
ENSG00000181218	H2AW	hindlimb stylopod muscle	present	gold quality	68.63	clustered
ENSG00000181218	H2AW	hindlimb stylopod muscle	present	gold quality	60.65	clustered
ENSG00000181218	H2AW	dorsolateral prefrontal cortex	present	gold quality	82.57	clustered
ENSG00000181218	H2AW	dorsolateral prefrontal cortex	present	gold quality	83.94	clustered
ENSG00000181218	H2AW	dorsolateral prefrontal cortex	present	gold quality	85.21	clustered
ENSG00000181218	H2AW	dorsolateral prefrontal cortex	present	gold quality	81.16	clustered
ENSG00000181218	H2AW	dorsolateral prefrontal cortex	present	gold quality	87.41	clustered
ENSG00000181218	H2AW	dorsolateral prefrontal cortex	present	gold quality	83.93	clustered
ENSG00000181218	H2AW	dorsolateral prefrontal cortex	present	gold quality	81.69	clustered
ENSG00000181218	H2AW	dorsolateral prefrontal cortex	present	gold quality	82.81	clustered
ENSG00000181218	H2AW	dorsolateral prefrontal cortex	present	gold quality	78.84	clustered
ENSG00000181218	H2AW	dorsolateral prefrontal cortex	present	gold quality	83.26	clustered
ENSG00000181218	H2AW	dorsolateral prefrontal cortex	present	gold quality	82.92	clustered
ENSG00000184270	H2AC21	pituitary gland	present	gold quality	29.77	clustered
ENSG00000184270	H2AC21	pituitary gland	present	gold quality	31.46	clustered
ENSG00000184270	H2AC21	lymph node	present	gold quality	53.25	clustered
ENSG00000184270	H2AC21	adult mammalian kidney	present	gold quality	44.82	clustered
ENSG00000184270	H2AC21	adult mammalian kidney	present	gold quality	56.48	clustered
ENSG00000184270	H2AC21	adult mammalian kidney	present	gold quality	49.63	clustered
ENSG00000184270	H2AC21	adult mammalian kidney	present	gold quality	87.0	clustered
ENSG00000184270	H2AC21	adult mammalian kidney	present	gold quality	37.33	clustered
ENSG00000184270	H2AC21	prefrontal cortex	present	gold quality	32.56	clustered
ENSG00000184270	H2AC21	prefrontal cortex	present	gold quality	35.98	clustered
ENSG00000184270	H2AC21	prefrontal cortex	present	gold quality	36.01	clustered
ENSG00000184270	H2AC21	prefrontal cortex	present	gold quality	34.5	clustered
ENSG00000184270	H2AC21	multicellular organism	present	gold quality	38.58	clustered
ENSG00000184270	H2AC21	heart	present	gold quality	93.31	clustered
ENSG00000184270	H2AC21	heart	present	gold quality	92.75	clustered
ENSG00000184270	H2AC21	heart	present	gold quality	33.79	clustered
ENSG00000184270	H2AC21	heart	present	gold quality	84.57	clustered
ENSG00000184270	H2AC21	heart	present	gold quality	30.6	clustered
ENSG00000184270	H2AC21	cerebral cortex	present	gold quality	28.97	clustered
ENSG00000184270	H2AC21	skeletal muscle tissue	present	gold quality	53.65	clustered
ENSG00000184270	H2AC21	skeletal muscle tissue	present	gold quality	42.17	clustered
ENSG00000184270	H2AC21	colon	present	gold quality	96.84	clustered
ENSG00000184270	H2AC21	colon	present	gold quality	97.58	clustered
ENSG00000184270	H2AC21	colon	present	gold quality	44.3	clustered
ENSG00000184270	H2AC21	colon	present	gold quality	96.25	clustered
ENSG00000184270	H2AC21	colon	present	gold quality	40.46	clustered
ENSG00000184270	H2AC21	colon	present	gold quality	39.33	clustered
ENSG00000184270	H2AC21	colon	present	gold quality	38.05	clustered
ENSG00000184270	H2AC21	colon	present	gold quality	39.52	clustered
ENSG00000184270	H2AC21	colon	present	gold quality	37.81	clustered
ENSG00000184270	H2AC21	cortex of kidney	present	gold quality	44.31	clustered
ENSG00000184270	H2AC21	frontal cortex	present	gold quality	44.1	clustered
ENSG00000184270	H2AC21	frontal cortex	present	gold quality	31.02	clustered
ENSG00000184270	H2AC21	cerebellum	present	gold quality	33.65	clustered
ENSG00000184270	H2AC21	cerebellum	present	gold quality	35.88	clustered
ENSG00000184270	H2AC21	lung	present	gold quality	97.84	clustered
ENSG00000184270	H2AC21	lung	present	gold quality	96.9	clustered
ENSG00000184270	H2AC21	lung	present	gold quality	55.06	clustered
ENSG00000184270	H2AC21	lung	present	gold quality	60.52	clustered
ENSG00000184270	H2AC21	lung	present	gold quality	50.54	clustered
ENSG00000184270	H2AC21	lung	present	gold quality	46.68	clustered
ENSG00000184270	H2AC21	lung	present	gold quality	38.46	clustered
ENSG00000184270	H2AC21	spleen	present	gold quality	43.0	clustered
ENSG00000184270	H2AC21	spleen	present	gold quality	38.7	clustered
ENSG00000184270	H2AC21	spleen	present	gold quality	30.64	clustered
ENSG00000184270	H2AC21	spleen	present	gold quality	42.91	clustered
ENSG00000184270	H2AC21	spleen	present	gold quality	33.74	clustered
ENSG00000184270	H2AC21	liver	present	gold quality	55.63	clustered
ENSG00000184270	H2AC21	liver	present	gold quality	42.57	clustered
ENSG00000184270	H2AC21	liver	present	gold quality	45.52	clustered
ENSG00000184270	H2AC21	liver	present	gold quality	39.96	clustered
ENSG00000184270	H2AC21	liver	present	gold quality	44.36	clustered
ENSG00000184270	H2AC21	liver	present	gold quality	40.74	clustered
ENSG00000184270	H2AC21	liver	present	gold quality	37.42	clustered
ENSG00000184270	H2AC21	liver	present	gold quality	56.3	clustered
ENSG00000184270	H2AC21	cerebellar cortex	present	gold quality	36.8	clustered
ENSG00000184270	H2AC21	cerebellar cortex	present	gold quality	35.32	clustered
ENSG00000184270	H2AC21	bone marrow	present	gold quality	68.21	clustered
ENSG00000184270	H2AC21	primary visual cortex	present	gold quality	53.3	clustered
ENSG00000184270	H2AC21	superior frontal gyrus	present	gold quality	34.23	clustered
ENSG00000184270	H2AC21	hindlimb stylopod muscle	present	gold quality	60.59	clustered
ENSG00000184270	H2AC21	dorsolateral prefrontal cortex	present	gold quality	44.38	clustered
ENSG00000184270	H2AC21	dorsolateral prefrontal cortex	present	gold quality	42.29	clustered
ENSG00000184270	H2AC21	dorsolateral prefrontal cortex	present	gold quality	28.2	clustered
ENSG00000187516	H2AP	prefrontal cortex	present	gold quality	31.61	variant
ENSG00000187516	H2AP	multicellular organism	present	gold quality	29.66	variant
ENSG00000187516	H2AP	testis	present	gold quality	89.62	variant
ENSG00000187516	H2AP	testis	present	gold quality	90.98	variant
ENSG00000187516	H2AP	testis	present	gold quality	90.19	variant
ENSG00000187516	H2AP	testis	present	gold quality	94.74	variant
ENSG00000187516	H2AP	testis	present	gold quality	95.22	variant
ENSG00000187516	H2AP	testis	present	gold quality	87.87	variant
ENSG00000187516	H2AP	testis	present	gold quality	87.18	variant
ENSG00000187516	H2AP	testis	present	gold quality	89.25	variant
ENSG00000187516	H2AP	testis	present	gold quality	84.13	variant
ENSG00000187516	H2AP	heart	present	gold quality	31.94	variant
ENSG00000187516	H2AP	cerebral cortex	present	gold quality	33.68	variant
ENSG00000187516	H2AP	cerebral cortex	present	gold quality	24.4	variant
ENSG00000187516	H2AP	frontal cortex	present	gold quality	32.76	variant
ENSG00000187516	H2AP	liver	present	gold quality	44.65	variant
ENSG00000187516	H2AP	liver	present	gold quality	49.33	variant
ENSG00000187516	H2AP	dorsolateral prefrontal cortex	present	gold quality	26.56	variant
ENSG00000188486	H2AX	pituitary gland	present	gold quality	82.04	variant
ENSG00000188486	H2AX	pituitary gland	present	gold quality	88.1	variant
ENSG00000188486	H2AX	pituitary gland	present	gold quality	83.85	variant
ENSG00000188486	H2AX	pituitary gland	present	gold quality	87.53	variant
ENSG00000188486	H2AX	pituitary gland	present	gold quality	85.21	variant
ENSG00000188486	H2AX	pituitary gland	present	gold quality	86.74	variant
ENSG00000188486	H2AX	pituitary gland	present	gold quality	87.56	variant
ENSG00000188486	H2AX	pituitary gland	present	gold quality	88.08	variant
ENSG00000188486	H2AX	pituitary gland	present	gold quality	88.25	variant
ENSG00000188486	H2AX	pituitary gland	present	gold quality	88.05	variant
ENSG00000188486	H2AX	pituitary gland	present	gold quality	89.64	variant
ENSG00000188486	H2AX	pituitary gland	present	gold quality	89.32	variant
ENSG00000188486	H2AX	pituitary gland	present	gold quality	87.73	variant
ENSG00000188486	H2AX	lymph node	present	gold quality	79.4	variant
ENSG00000188486	H2AX	lymph node	present	gold quality	84.54	variant
ENSG00000188486	H2AX	lymph node	present	gold quality	81.8	variant
ENSG00000188486	H2AX	lymph node	present	gold quality	86.39	variant
ENSG00000188486	H2AX	lymph node	present	gold quality	86.88	variant
ENSG00000188486	H2AX	lymph node	present	gold quality	82.54	variant
ENSG00000188486	H2AX	adult mammalian kidney	present	gold quality	83.81	variant
ENSG00000188486	H2AX	adult mammalian kidney	present	gold quality	75.09	variant
ENSG00000188486	H2AX	adult mammalian kidney	present	gold quality	79.11	variant
ENSG00000188486	H2AX	adult mammalian kidney	present	gold quality	88.39	variant
ENSG00000188486	H2AX	adult mammalian kidney	present	gold quality	79.84	variant
ENSG00000188486	H2AX	adult mammalian kidney	present	gold quality	82.69	variant
ENSG00000188486	H2AX	adult mammalian kidney	present	gold quality	80.87	variant
ENSG00000188486	H2AX	adult mammalian kidney	present	gold quality	81.0	variant
ENSG00000188486	H2AX	adult mammalian kidney	present	gold quality	83.24	variant
ENSG00000188486	H2AX	adult mammalian kidney	present	gold quality	75.72	variant
ENSG00000188486	H2AX	adult mammalian kidney	present	gold quality	79.73	variant
ENSG00000188486	H2AX	adult mammalian kidney	present	gold quality	80.29	variant
ENSG00000188486	H2AX	prefrontal cortex	present	gold quality	76.1	variant
ENSG00000188486	H2AX	prefrontal cortex	present	gold quality	75.51	variant
ENSG00000188486	H2AX	prefrontal cortex	present	gold quality	82.46	variant
ENSG00000188486	H2AX	prefrontal cortex	present	gold quality	88.88	variant
ENSG00000188486	H2AX	prefrontal cortex	present	gold quality	94.58	variant
ENSG00000188486	H2AX	prefrontal cortex	present	gold quality	88.54	variant
ENSG00000188486	H2AX	prefrontal cortex	present	gold quality	89.21	variant
ENSG00000188486	H2AX	prefrontal cortex	present	gold quality	78.26	variant
ENSG00000188486	H2AX	prefrontal cortex	present	gold quality	79.26	variant
ENSG00000188486	H2AX	prefrontal cortex	present	gold quality	92.55	variant
ENSG00000188486	H2AX	multicellular organism	present	gold quality	81.67	variant
ENSG00000188486	H2AX	testis	present	gold quality	79.27	variant
ENSG00000188486	H2AX	testis	present	gold quality	77.97	variant
ENSG00000188486	H2AX	testis	present	gold quality	76.62	variant
ENSG00000188486	H2AX	testis	present	gold quality	86.18	variant
ENSG00000188486	H2AX	testis	present	gold quality	85.57	variant
ENSG00000188486	H2AX	testis	present	gold quality	85.79	variant
ENSG00000188486	H2AX	testis	present	gold quality	83.39	variant
ENSG00000188486	H2AX	testis	present	gold quality	77.48	variant
ENSG00000188486	H2AX	testis	present	gold quality	81.36	variant
ENSG00000188486	H2AX	testis	present	gold quality	84.5	variant
ENSG00000188486	H2AX	testis	present	gold quality	77.72	variant
ENSG00000188486	H2AX	testis	present	gold quality	85.01	variant
ENSG00000188486	H2AX	testis	present	gold quality	66.85	variant
ENSG00000188486	H2AX	heart	present	gold quality	76.71	variant
ENSG00000188486	H2AX	heart	present	gold quality	75.75	variant
ENSG00000188486	H2AX	heart	present	gold quality	81.34	variant
ENSG00000188486	H2AX	heart	present	gold quality	79.59	variant
ENSG00000188486	H2AX	heart	present	gold quality	78.55	variant
ENSG00000188486	H2AX	heart	present	gold quality	81.18	variant
ENSG00000188486	H2AX	heart	present	gold quality	81.24	variant
ENSG00000188486	H2AX	heart	present	gold quality	80.49	variant
ENSG00000188486	H2AX	heart	present	gold quality	78.61	variant
ENSG00000188486	H2AX	heart	present	gold quality	75.68	variant
ENSG00000188486	H2AX	heart	present	gold quality	79.32	variant
ENSG00000188486	H2AX	heart	present	gold quality	78.35	variant
ENSG00000188486	H2AX	heart	present	gold quality	80.05	variant
ENSG00000188486	H2AX	heart	present	gold quality	80.37	variant
ENSG00000188486	H2AX	heart	present	gold quality	80.82	variant
ENSG00000188486	H2AX	cerebral cortex	present	gold quality	96.36	variant
ENSG00000188486	H2AX	cerebral cortex	present	gold quality	90.51	variant
ENSG00000188486	H2AX	cerebral cortex	present	gold quality	84.74	variant
ENSG00000188486	H2AX	cerebral cortex	present	gold quality	80.47	variant
ENSG00000188486	H2AX	cerebral cortex	present	gold quality	85.88	variant
ENSG00000188486	H2AX	cerebral cortex	present	gold quality	78.37	variant
ENSG00000188486	H2AX	cerebral cortex	present	gold quality	89.16	variant
ENSG00000188486	H2AX	cerebral cortex	present	gold quality	89.68	variant
ENSG00000188486	H2AX	cerebral cortex	present	gold quality	86.35	variant
ENSG00000188486	H2AX	cerebral cortex	present	gold quality	86.35	variant
ENSG00000188486	H2AX	skeletal muscle tissue	present	gold quality	81.83	variant
ENSG00000188486	H2AX	skeletal muscle tissue	present	gold quality	77.38	variant
ENSG00000188486	H2AX	skeletal muscle tissue	present	gold quality	77.48	variant
ENSG00000188486	H2AX	skeletal muscle tissue	present	gold quality	78.7	variant
ENSG00000188486	H2AX	skeletal muscle tissue	present	gold quality	77.94	variant
ENSG00000188486	H2AX	skeletal muscle tissue	present	gold quality	76.94	variant
ENSG00000188486	H2AX	skeletal muscle tissue	present	gold quality	78.26	variant
ENSG00000188486	H2AX	skeletal muscle tissue	present	gold quality	78.18	variant
ENSG00000188486	H2AX	colon	present	gold quality	87.9	variant
ENSG00000188486	H2AX	colon	present	gold quality	76.23	variant
ENSG00000188486	H2AX	colon	present	gold quality	84.62	variant
ENSG00000188486	H2AX	colon	present	gold quality	83.39	variant
ENSG00000188486	H2AX	colon	present	gold quality	83.95	variant
ENSG00000188486	H2AX	colon	present	gold quality	83.85	variant
ENSG00000188486	H2AX	colon	present	gold quality	83.4	variant
ENSG00000188486	H2AX	colon	present	gold quality	83.23	variant
ENSG00000188486	H2AX	colon	present	gold quality	81.26	variant
ENSG00000188486	H2AX	colon	present	gold quality	80.24	variant
ENSG00000188486	H2AX	colon	present	gold quality	94.47	variant
ENSG00000188486	H2AX	colon	present	gold quality	84.85	variant
ENSG00000188486	H2AX	colon	present	gold quality	82.8	variant
ENSG00000188486	H2AX	colon	present	gold quality	82.72	variant
ENSG00000188486	H2AX	colon	present	gold quality	87.22	variant
ENSG00000188486	H2AX	colon	present	gold quality	82.97	variant
ENSG00000188486	H2AX	colon	present	gold quality	82.93	variant
ENSG00000188486	H2AX	colon	present	gold quality	82.85	variant
ENSG00000188486	H2AX	cortex of kidney	present	gold quality	77.67	variant
ENSG00000188486	H2AX	cortex of kidney	present	gold quality	77.56	variant
ENSG00000188486	H2AX	cortex of kidney	present	gold quality	80.72	variant
ENSG00000188486	H2AX	cortex of kidney	present	gold quality	80.06	variant
ENSG00000188486	H2AX	frontal cortex	present	gold quality	76.34	variant
ENSG00000188486	H2AX	frontal cortex	present	gold quality	85.49	variant
ENSG00000188486	H2AX	frontal cortex	present	gold quality	78.27	variant
ENSG00000188486	H2AX	frontal cortex	present	gold quality	84.49	variant
ENSG00000188486	H2AX	frontal cortex	present	gold quality	76.49	variant
ENSG00000188486	H2AX	frontal cortex	present	gold quality	88.96	variant
ENSG00000188486	H2AX	frontal cortex	present	gold quality	86.65	variant
ENSG00000188486	H2AX	frontal cortex	present	gold quality	88.85	variant
ENSG00000188486	H2AX	frontal cortex	present	gold quality	89.09	variant
ENSG00000188486	H2AX	frontal cortex	present	gold quality	88.82	variant
ENSG00000188486	H2AX	frontal cortex	present	gold quality	89.4	variant
ENSG00000188486	H2AX	frontal cortex	present	gold quality	89.06	variant
ENSG00000188486	H2AX	frontal cortex	present	gold quality	84.26	variant
ENSG00000188486	H2AX	frontal cortex	present	gold quality	81.76	variant
ENSG00000188486	H2AX	frontal cortex	present	gold quality	85.38	variant
ENSG00000188486	H2AX	frontal cortex	present	gold quality	90.63	variant
ENSG00000188486	H2AX	frontal cortex	present	gold quality	85.88	variant
ENSG00000188486	H2AX	frontal cortex	present	gold quality	76.27	variant
ENSG00000188486	H2AX	frontal cortex	present	gold quality	84.49	variant
ENSG00000188486	H2AX	frontal cortex	present	gold quality	83.86	variant
ENSG00000188486	H2AX	frontal cortex	present	gold quality	82.42	variant
ENSG00000188486	H2AX	frontal cortex	present	gold quality	83.45	variant
ENSG00000188486	H2AX	frontal cortex	present	gold quality	82.3	variant
ENSG00000188486	H2AX	frontal cortex	present	gold quality	81.75	variant
ENSG00000188486	H2AX	frontal cortex	present	gold quality	79.27	variant
ENSG00000188486	H2AX	frontal cortex	present	gold quality	88.42	variant
ENSG00000188486	H2AX	temporal lobe	present	gold quality	87.76	variant
ENSG00000188486	H2AX	temporal lobe	present	gold quality	89.81	variant
ENSG00000188486	H2AX	temporal lobe	present	gold quality	87.23	variant
ENSG00000188486	H2AX	temporal lobe	present	gold quality	88.96	variant
ENSG00000188486	H2AX	temporal lobe	present	gold quality	88.61	variant
ENSG00000188486	H2AX	temporal lobe	present	gold quality	89.6	variant
ENSG00000188486	H2AX	temporal lobe	present	gold quality	90.49	variant
ENSG00000188486	H2AX	temporal lobe	present	gold quality	88.97	variant
ENSG00000188486	H2AX	cerebellum	present	gold quality	84.23	variant
ENSG00000188486	H2AX	cerebellum	present	gold quality	88.25	variant
ENSG00000188486	H2AX	cerebellum	present	gold quality	89.6	variant
ENSG00000188486	H2AX	cerebellum	present	gold quality	87.01	variant
ENSG00000188486	H2AX	cerebellum	present	gold quality	85.88	variant
ENSG00000188486	H2AX	cerebellum	present	gold quality	88.24	variant
ENSG00000188486	H2AX	cerebellum	present	gold quality	87.71	variant
ENSG00000188486	H2AX	cerebellum	present	gold quality	89.32	variant
ENSG00000188486	H2AX	cerebellum	present	gold quality	89.52	variant
ENSG00000188486	H2AX	cerebellum	present	gold quality	84.88	variant
ENSG00000188486	H2AX	cerebellum	present	gold quality	85.38	variant
ENSG00000188486	H2AX	cerebellum	present	gold quality	86.98	variant
ENSG00000188486	H2AX	cerebellum	present	gold quality	86.88	variant
ENSG00000188486	H2AX	cerebellum	present	gold quality	87.04	variant
ENSG00000188486	H2AX	cerebellum	present	gold quality	87.13	variant
ENSG00000188486	H2AX	cerebellum	present	gold quality	86.31	variant
ENSG00000188486	H2AX	cerebellum	present	gold quality	83.01	variant
ENSG00000188486	H2AX	lung	present	gold quality	77.51	variant
ENSG00000188486	H2AX	lung	present	gold quality	75.99	variant
ENSG00000188486	H2AX	lung	present	gold quality	80.45	variant
ENSG00000188486	H2AX	lung	present	gold quality	85.49	variant
ENSG00000188486	H2AX	lung	present	gold quality	80.77	variant
ENSG00000188486	H2AX	lung	present	gold quality	80.07	variant
ENSG00000188486	H2AX	lung	present	gold quality	80.52	variant
ENSG00000188486	H2AX	lung	present	gold quality	86.91	variant
ENSG00000188486	H2AX	lung	present	gold quality	79.04	variant
ENSG00000188486	H2AX	lung	present	gold quality	81.63	variant
ENSG00000188486	H2AX	lung	present	gold quality	81.78	variant
ENSG00000188486	H2AX	lung	present	gold quality	82.3	variant
ENSG00000188486	H2AX	lung	present	gold quality	81.66	variant
ENSG00000188486	H2AX	lung	present	gold quality	83.45	variant
ENSG00000188486	H2AX	lung	present	gold quality	82.4	variant
ENSG00000188486	H2AX	lung	present	gold quality	79.34	variant
ENSG00000188486	H2AX	lung	present	gold quality	80.33	variant
ENSG00000188486	H2AX	lung	present	gold quality	78.35	variant
ENSG00000188486	H2AX	spleen	present	gold quality	90.26	variant
ENSG00000188486	H2AX	spleen	present	gold quality	89.3	variant
ENSG00000188486	H2AX	spleen	present	gold quality	85.01	variant
ENSG00000188486	H2AX	spleen	present	gold quality	86.17	variant
ENSG00000188486	H2AX	spleen	present	gold quality	88.13	variant
ENSG00000188486	H2AX	spleen	present	gold quality	87.42	variant
ENSG00000188486	H2AX	spleen	present	gold quality	85.29	variant
ENSG00000188486	H2AX	spleen	present	gold quality	86.76	variant
ENSG00000188486	H2AX	spleen	present	gold quality	83.54	variant
ENSG00000188486	H2AX	spleen	present	gold quality	85.47	variant
ENSG00000188486	H2AX	spleen	present	gold quality	85.52	variant
ENSG00000188486	H2AX	spleen	present	gold quality	86.08	variant
ENSG00000188486	H2AX	liver	present	gold quality	97.56	variant
ENSG00000188486	H2AX	liver	present	gold quality	85.08	variant
ENSG00000188486	H2AX	liver	present	gold quality	83.32	variant
ENSG00000188486	H2AX	liver	present	gold quality	76.77	variant
ENSG00000188486	H2AX	liver	present	gold quality	81.14	variant
ENSG00000188486	H2AX	liver	present	gold quality	79.23	variant
ENSG00000188486	H2AX	liver	present	gold quality	80.1	variant
ENSG00000188486	H2AX	liver	present	gold quality	77.77	variant
ENSG00000188486	H2AX	liver	present	gold quality	76.09	variant
ENSG00000188486	H2AX	liver	present	gold quality	72.16	variant
ENSG00000188486	H2AX	liver	present	gold quality	75.49	variant
ENSG00000188486	H2AX	liver	present	gold quality	75.95	variant
ENSG00000188486	H2AX	liver	present	gold quality	78.11	variant
ENSG00000188486	H2AX	liver	present	gold quality	98.05	variant
ENSG00000188486	H2AX	liver	present	gold quality	76.76	variant
ENSG00000188486	H2AX	liver	present	gold quality	79.97	variant
ENSG00000188486	H2AX	liver	present	gold quality	96.03	variant
ENSG00000188486	H2AX	liver	present	gold quality	80.07	variant
ENSG00000188486	H2AX	liver	present	gold quality	75.44	variant
ENSG00000188486	H2AX	liver	present	gold quality	78.27	variant
ENSG00000188486	H2AX	cerebellar cortex	present	gold quality	87.12	variant
ENSG00000188486	H2AX	cerebellar cortex	present	gold quality	87.14	variant
ENSG00000188486	H2AX	thymus	present	gold quality	93.16	variant
ENSG00000188486	H2AX	thymus	present	gold quality	96.05	variant
ENSG00000188486	H2AX	thymus	present	gold quality	97.21	variant
ENSG00000188486	H2AX	thymus	present	gold quality	97.85	variant
ENSG00000188486	H2AX	bone marrow	present	gold quality	93.41	variant
ENSG00000188486	H2AX	bone marrow	present	gold quality	93.07	variant
ENSG00000188486	H2AX	bone marrow	present	gold quality	95.05	variant
ENSG00000188486	H2AX	bone marrow	present	gold quality	90.25	variant
ENSG00000188486	H2AX	bone marrow	present	gold quality	87.16	variant
ENSG00000188486	H2AX	bone marrow	present	gold quality	91.33	variant
ENSG00000188486	H2AX	bone marrow	present	gold quality	90.28	variant
ENSG00000188486	H2AX	bone marrow	present	gold quality	89.9	variant
ENSG00000188486	H2AX	bone marrow	present	gold quality	91.33	variant
ENSG00000188486	H2AX	bone marrow	present	gold quality	88.37	variant
ENSG00000188486	H2AX	bone marrow	present	gold quality	90.1	variant
ENSG00000188486	H2AX	bone marrow	present	gold quality	89.54	variant
ENSG00000188486	H2AX	bone marrow	present	gold quality	83.57	variant
ENSG00000188486	H2AX	bone marrow	present	gold quality	91.88	variant
ENSG00000188486	H2AX	primary visual cortex	present	gold quality	75.89	variant
ENSG00000188486	H2AX	primary visual cortex	present	gold quality	77.97	variant
ENSG00000188486	H2AX	primary visual cortex	present	gold quality	79.46	variant
ENSG00000188486	H2AX	primary visual cortex	present	gold quality	79.81	variant
ENSG00000188486	H2AX	primary visual cortex	present	gold quality	75.2	variant
ENSG00000188486	H2AX	primary visual cortex	present	gold quality	76.01	variant
ENSG00000188486	H2AX	primary visual cortex	present	gold quality	86.13	variant
ENSG00000188486	H2AX	primary visual cortex	present	gold quality	82.67	variant
ENSG00000188486	H2AX	superior frontal gyrus	present	gold quality	87.15	variant
ENSG00000188486	H2AX	superior frontal gyrus	present	gold quality	87.94	variant
ENSG00000188486	H2AX	superior frontal gyrus	present	gold quality	88.95	variant
ENSG00000188486	H2AX	superior frontal gyrus	present	gold quality	86.84	variant
ENSG00000188486	H2AX	superior frontal gyrus	present	gold quality	89.7	variant
ENSG00000188486	H2AX	superior frontal gyrus	present	gold quality	87.15	variant
ENSG00000188486	H2AX	superior frontal gyrus	present	gold quality	90.07	variant
ENSG00000188486	H2AX	superior frontal gyrus	present	gold quality	85.54	variant
ENSG00000188486	H2AX	superior frontal gyrus	present	gold quality	75.92	variant
ENSG00000188486	H2AX	superior frontal gyrus	present	gold quality	85.1	variant
ENSG00000188486	H2AX	superior frontal gyrus	present	gold quality	76.27	variant
ENSG00000188486	H2AX	superior frontal gyrus	present	gold quality	89.6	variant
ENSG00000188486	H2AX	superior frontal gyrus	present	gold quality	75.58	variant
ENSG00000188486	H2AX	superior frontal gyrus	present	gold quality	83.98	variant
ENSG00000188486	H2AX	superior frontal gyrus	present	gold quality	72.89	variant
ENSG00000188486	H2AX	superior frontal gyrus	present	gold quality	82.11	variant
ENSG00000188486	H2AX	superior frontal gyrus	present	gold quality	75.14	variant
ENSG00000188486	H2AX	superior frontal gyrus	present	gold quality	85.41	variant
ENSG00000188486	H2AX	superior frontal gyrus	present	gold quality	91.66	variant
ENSG00000188486	H2AX	superior frontal gyrus	present	gold quality	88.02	variant
ENSG00000188486	H2AX	superior frontal gyrus	present	gold quality	73.02	variant
ENSG00000188486	H2AX	superior frontal gyrus	present	gold quality	87.89	variant
ENSG00000188486	H2AX	superior frontal gyrus	present	gold quality	86.16	variant
ENSG00000188486	H2AX	hindlimb stylopod muscle	present	gold quality	84.6	variant
ENSG00000188486	H2AX	hindlimb stylopod muscle	present	gold quality	81.99	variant
ENSG00000188486	H2AX	dorsolateral prefrontal cortex	present	gold quality	81.97	variant
ENSG00000188486	H2AX	dorsolateral prefrontal cortex	present	gold quality	82.34	variant
ENSG00000188486	H2AX	dorsolateral prefrontal cortex	present	gold quality	84.33	variant
ENSG00000188486	H2AX	dorsolateral prefrontal cortex	present	gold quality	84.22	variant
ENSG00000188486	H2AX	dorsolateral prefrontal cortex	present	gold quality	88.31	variant
ENSG00000188486	H2AX	dorsolateral prefrontal cortex	present	gold quality	87.71	variant
ENSG00000188486	H2AX	dorsolateral prefrontal cortex	present	gold quality	91.77	variant
ENSG00000188486	H2AX	dorsolateral prefrontal cortex	present	gold quality	88.07	variant
ENSG00000188486	H2AX	dorsolateral prefrontal cortex	present	gold quality	86.77	variant
ENSG00000188486	H2AX	dorsolateral prefrontal cortex	present	gold quality	89.78	variant
ENSG00000188486	H2AX	dorsolateral prefrontal cortex	present	gold quality	82.89	variant
ENSG00000188486	H2AX	dorsolateral prefrontal cortex	present	gold quality	90.2	variant
ENSG00000188486	H2AX	dorsolateral prefrontal cortex	present	gold quality	80.5	variant
ENSG00000188486	H2AX	dorsolateral prefrontal cortex	present	gold quality	89.51	variant
ENSG00000188486	H2AX	dorsolateral prefrontal cortex	present	gold quality	77.8	variant
ENSG00000188486	H2AX	dorsolateral prefrontal cortex	present	gold quality	76.93	variant
ENSG00000188486	H2AX	dorsolateral prefrontal cortex	present	gold quality	77.53	variant
ENSG00000188486	H2AX	dorsolateral prefrontal cortex	present	gold quality	78.49	variant
ENSG00000188486	H2AX	dorsolateral prefrontal cortex	present	gold quality	86.97	variant
ENSG00000188486	H2AX	dorsolateral prefrontal cortex	present	gold quality	88.63	variant
ENSG00000188486	H2AX	dorsolateral prefrontal cortex	present	gold quality	76.83	variant
ENSG00000188486	H2AX	dorsolateral prefrontal cortex	present	gold quality	78.52	variant
ENSG00000188486	H2AX	dorsolateral prefrontal cortex	present	gold quality	77.66	variant
ENSG00000188486	H2AX	dorsolateral prefrontal cortex	present	gold quality	77.17	variant
ENSG00000188486	H2AX	Brodmann (1909) area 10	present	gold quality	84.47	variant
ENSG00000246705	H2AJ	pituitary gland	present	gold quality	83.35	variant
ENSG00000246705	H2AJ	pituitary gland	present	gold quality	89.69	variant
ENSG00000246705	H2AJ	pituitary gland	present	gold quality	83.36	variant
ENSG00000246705	H2AJ	pituitary gland	present	gold quality	89.06	variant
ENSG00000246705	H2AJ	pituitary gland	present	gold quality	87.64	variant
ENSG00000246705	H2AJ	pituitary gland	present	gold quality	89.51	variant
ENSG00000246705	H2AJ	pituitary gland	present	gold quality	87.94	variant
ENSG00000246705	H2AJ	pituitary gland	present	gold quality	89.5	variant
ENSG00000246705	H2AJ	pituitary gland	present	gold quality	91.77	variant
ENSG00000246705	H2AJ	pituitary gland	present	gold quality	90.33	variant
ENSG00000246705	H2AJ	pituitary gland	present	gold quality	90.42	variant
ENSG00000246705	H2AJ	pituitary gland	present	gold quality	88.25	variant
ENSG00000246705	H2AJ	pituitary gland	present	gold quality	89.48	variant
ENSG00000246705	H2AJ	lymph node	present	gold quality	95.51	variant
ENSG00000246705	H2AJ	lymph node	present	gold quality	93.27	variant
ENSG00000246705	H2AJ	lymph node	present	gold quality	95.98	variant
ENSG00000246705	H2AJ	lymph node	present	gold quality	95.14	variant
ENSG00000246705	H2AJ	lymph node	present	gold quality	85.22	variant
ENSG00000246705	H2AJ	lymph node	present	gold quality	89.41	variant
ENSG00000246705	H2AJ	adult mammalian kidney	present	gold quality	97.46	variant
ENSG00000246705	H2AJ	adult mammalian kidney	present	gold quality	91.05	variant
ENSG00000246705	H2AJ	adult mammalian kidney	present	gold quality	96.64	variant
ENSG00000246705	H2AJ	adult mammalian kidney	present	gold quality	95.42	variant
ENSG00000246705	H2AJ	adult mammalian kidney	present	gold quality	97.06	variant
ENSG00000246705	H2AJ	adult mammalian kidney	present	gold quality	88.4	variant
ENSG00000246705	H2AJ	adult mammalian kidney	present	gold quality	94.95	variant
ENSG00000246705	H2AJ	adult mammalian kidney	present	gold quality	95.76	variant
ENSG00000246705	H2AJ	adult mammalian kidney	present	gold quality	95.11	variant
ENSG00000246705	H2AJ	adult mammalian kidney	present	gold quality	80.99	variant
ENSG00000246705	H2AJ	adult mammalian kidney	present	gold quality	89.68	variant
ENSG00000246705	H2AJ	adult mammalian kidney	present	gold quality	93.5	variant
ENSG00000246705	H2AJ	prefrontal cortex	present	gold quality	84.75	variant
ENSG00000246705	H2AJ	prefrontal cortex	present	gold quality	84.07	variant
ENSG00000246705	H2AJ	prefrontal cortex	present	gold quality	81.63	variant
ENSG00000246705	H2AJ	prefrontal cortex	present	gold quality	81.16	variant
ENSG00000246705	H2AJ	prefrontal cortex	present	gold quality	92.53	variant
ENSG00000246705	H2AJ	prefrontal cortex	present	gold quality	84.96	variant
ENSG00000246705	H2AJ	prefrontal cortex	present	gold quality	82.18	variant
ENSG00000246705	H2AJ	prefrontal cortex	present	gold quality	83.65	variant
ENSG00000246705	H2AJ	multicellular organism	present	gold quality	92.58	variant
ENSG00000246705	H2AJ	testis	present	gold quality	71.73	variant
ENSG00000246705	H2AJ	testis	present	gold quality	75.36	variant
ENSG00000246705	H2AJ	testis	present	gold quality	73.48	variant
ENSG00000246705	H2AJ	testis	present	gold quality	99.73	variant
ENSG00000246705	H2AJ	testis	present	gold quality	99.68	variant
ENSG00000246705	H2AJ	testis	present	gold quality	99.56	variant
ENSG00000246705	H2AJ	testis	present	gold quality	99.71	variant
ENSG00000246705	H2AJ	testis	present	gold quality	99.66	variant
ENSG00000246705	H2AJ	testis	present	gold quality	99.25	variant
ENSG00000246705	H2AJ	testis	present	gold quality	97.73	variant
ENSG00000246705	H2AJ	testis	present	gold quality	71.24	variant
ENSG00000246705	H2AJ	testis	present	gold quality	99.26	variant
ENSG00000246705	H2AJ	testis	present	gold quality	99.14	variant
ENSG00000246705	H2AJ	heart	present	gold quality	76.23	variant
ENSG00000246705	H2AJ	heart	present	gold quality	80.66	variant
ENSG00000246705	H2AJ	heart	present	gold quality	95.57	variant
ENSG00000246705	H2AJ	heart	present	gold quality	94.06	variant
ENSG00000246705	H2AJ	heart	present	gold quality	93.07	variant
ENSG00000246705	H2AJ	heart	present	gold quality	94.7	variant
ENSG00000246705	H2AJ	heart	present	gold quality	95.9	variant
ENSG00000246705	H2AJ	heart	present	gold quality	95.3	variant
ENSG00000246705	H2AJ	heart	present	gold quality	87.29	variant
ENSG00000246705	H2AJ	heart	present	gold quality	92.5	variant
ENSG00000246705	H2AJ	heart	present	gold quality	90.71	variant
ENSG00000246705	H2AJ	heart	present	gold quality	95.79	variant
ENSG00000246705	H2AJ	heart	present	gold quality	94.06	variant
ENSG00000246705	H2AJ	heart	present	gold quality	94.61	variant
ENSG00000246705	H2AJ	heart	present	gold quality	96.6	variant
ENSG00000246705	H2AJ	cerebral cortex	present	gold quality	70.5	variant
ENSG00000246705	H2AJ	cerebral cortex	present	gold quality	76.08	variant
ENSG00000246705	H2AJ	cerebral cortex	present	gold quality	76.22	variant
ENSG00000246705	H2AJ	cerebral cortex	present	gold quality	81.78	variant
ENSG00000246705	H2AJ	cerebral cortex	present	gold quality	77.32	variant
ENSG00000246705	H2AJ	cerebral cortex	present	gold quality	82.93	variant
ENSG00000246705	H2AJ	cerebral cortex	present	gold quality	81.62	variant
ENSG00000246705	H2AJ	cerebral cortex	present	gold quality	86.57	variant
ENSG00000246705	H2AJ	cerebral cortex	present	gold quality	81.43	variant
ENSG00000246705	H2AJ	skeletal muscle tissue	present	gold quality	82.54	variant
ENSG00000246705	H2AJ	skeletal muscle tissue	present	gold quality	80.69	variant
ENSG00000246705	H2AJ	skeletal muscle tissue	present	gold quality	62.44	variant
ENSG00000246705	H2AJ	skeletal muscle tissue	present	gold quality	81.56	variant
ENSG00000246705	H2AJ	skeletal muscle tissue	present	gold quality	80.63	variant
ENSG00000246705	H2AJ	skeletal muscle tissue	present	gold quality	80.87	variant
ENSG00000246705	H2AJ	skeletal muscle tissue	present	gold quality	83.74	variant
ENSG00000246705	H2AJ	skeletal muscle tissue	present	gold quality	87.31	variant
ENSG00000246705	H2AJ	skeletal muscle tissue	present	gold quality	83.27	variant
ENSG00000246705	H2AJ	skeletal muscle tissue	present	gold quality	89.21	variant
ENSG00000246705	H2AJ	skeletal muscle tissue	present	gold quality	87.62	variant
ENSG00000246705	H2AJ	skeletal muscle tissue	present	gold quality	83.29	variant
ENSG00000246705	H2AJ	colon	present	gold quality	84.21	variant
ENSG00000246705	H2AJ	colon	present	gold quality	95.78	variant
ENSG00000246705	H2AJ	colon	present	gold quality	96.75	variant
ENSG00000246705	H2AJ	colon	present	gold quality	95.9	variant
ENSG00000246705	H2AJ	colon	present	gold quality	96.04	variant
ENSG00000246705	H2AJ	colon	present	gold quality	97.02	variant
ENSG00000246705	H2AJ	colon	present	gold quality	96.82	variant
ENSG00000246705	H2AJ	colon	present	gold quality	97.68	variant
ENSG00000246705	H2AJ	colon	present	gold quality	96.36	variant
ENSG00000246705	H2AJ	colon	present	gold quality	95.04	variant
ENSG00000246705	H2AJ	colon	present	gold quality	78.43	variant
ENSG00000246705	H2AJ	colon	present	gold quality	95.57	variant
ENSG00000246705	H2AJ	colon	present	gold quality	95.89	variant
ENSG00000246705	H2AJ	colon	present	gold quality	89.39	variant
ENSG00000246705	H2AJ	colon	present	gold quality	95.99	variant
ENSG00000246705	H2AJ	colon	present	gold quality	96.34	variant
ENSG00000246705	H2AJ	colon	present	gold quality	96.18	variant
ENSG00000246705	H2AJ	cortex of kidney	present	gold quality	92.14	variant
ENSG00000246705	H2AJ	cortex of kidney	present	gold quality	89.38	variant
ENSG00000246705	H2AJ	cortex of kidney	present	gold quality	91.21	variant
ENSG00000246705	H2AJ	cortex of kidney	present	gold quality	85.35	variant
ENSG00000246705	H2AJ	cortex of kidney	present	gold quality	91.71	variant
ENSG00000246705	H2AJ	frontal cortex	present	gold quality	66.61	variant
ENSG00000246705	H2AJ	frontal cortex	present	gold quality	74.5	variant
ENSG00000246705	H2AJ	frontal cortex	present	gold quality	83.27	variant
ENSG00000246705	H2AJ	frontal cortex	present	gold quality	76.04	variant
ENSG00000246705	H2AJ	frontal cortex	present	gold quality	83.7	variant
ENSG00000246705	H2AJ	frontal cortex	present	gold quality	80.19	variant
ENSG00000246705	H2AJ	frontal cortex	present	gold quality	78.12	variant
ENSG00000246705	H2AJ	frontal cortex	present	gold quality	83.41	variant
ENSG00000246705	H2AJ	frontal cortex	present	gold quality	79.49	variant
ENSG00000246705	H2AJ	frontal cortex	present	gold quality	84.07	variant
ENSG00000246705	H2AJ	frontal cortex	present	gold quality	77.72	variant
ENSG00000246705	H2AJ	frontal cortex	present	gold quality	77.64	variant
ENSG00000246705	H2AJ	frontal cortex	present	gold quality	81.12	variant
ENSG00000246705	H2AJ	frontal cortex	present	gold quality	81.85	variant
ENSG00000246705	H2AJ	frontal cortex	present	gold quality	81.28	variant
ENSG00000246705	H2AJ	frontal cortex	present	gold quality	81.94	variant
ENSG00000246705	H2AJ	frontal cortex	present	gold quality	71.7	variant
ENSG00000246705	H2AJ	frontal cortex	present	gold quality	83.7	variant
ENSG00000246705	H2AJ	temporal lobe	present	gold quality	80.59	variant
ENSG00000246705	H2AJ	temporal lobe	present	gold quality	74.54	variant
ENSG00000246705	H2AJ	temporal lobe	present	gold quality	80.48	variant
ENSG00000246705	H2AJ	temporal lobe	present	gold quality	79.83	variant
ENSG00000246705	H2AJ	temporal lobe	present	gold quality	88.16	variant
ENSG00000246705	H2AJ	temporal lobe	present	gold quality	82.53	variant
ENSG00000246705	H2AJ	cerebellum	present	gold quality	81.07	variant
ENSG00000246705	H2AJ	cerebellum	present	gold quality	80.22	variant
ENSG00000246705	H2AJ	cerebellum	present	gold quality	81.01	variant
ENSG00000246705	H2AJ	cerebellum	present	gold quality	82.08	variant
ENSG00000246705	H2AJ	cerebellum	present	gold quality	82.45	variant
ENSG00000246705	H2AJ	cerebellum	present	gold quality	81.94	variant
ENSG00000246705	H2AJ	cerebellum	present	gold quality	77.31	variant
ENSG00000246705	H2AJ	cerebellum	present	gold quality	80.48	variant
ENSG00000246705	H2AJ	cerebellum	present	gold quality	80.52	variant
ENSG00000246705	H2AJ	cerebellum	present	gold quality	80.45	variant
ENSG00000246705	H2AJ	lung	present	gold quality	74.25	variant
ENSG00000246705	H2AJ	lung	present	gold quality	86.11	variant
ENSG00000246705	H2AJ	lung	present	gold quality	94.42	variant
ENSG00000246705	H2AJ	lung	present	gold quality	94.72	variant
ENSG00000246705	H2AJ	lung	present	gold quality	96.49	variant
ENSG00000246705	H2AJ	lung	present	gold quality	88.93	variant
ENSG00000246705	H2AJ	lung	present	gold quality	92.52	variant
ENSG00000246705	H2AJ	lung	present	gold quality	94.25	variant
ENSG00000246705	H2AJ	lung	present	gold quality	85.29	variant
ENSG00000246705	H2AJ	lung	present	gold quality	88.44	variant
ENSG00000246705	H2AJ	lung	present	gold quality	96.76	variant
ENSG00000246705	H2AJ	lung	present	gold quality	85.52	variant
ENSG00000246705	H2AJ	lung	present	gold quality	89.34	variant
ENSG00000246705	H2AJ	lung	present	gold quality	89.69	variant
ENSG00000246705	H2AJ	lung	present	gold quality	78.55	variant
ENSG00000246705	H2AJ	spleen	present	gold quality	95.74	variant
ENSG00000246705	H2AJ	spleen	present	gold quality	96.09	variant
ENSG00000246705	H2AJ	spleen	present	gold quality	94.81	variant
ENSG00000246705	H2AJ	spleen	present	gold quality	95.18	variant
ENSG00000246705	H2AJ	spleen	present	gold quality	96.29	variant
ENSG00000246705	H2AJ	spleen	present	gold quality	96.13	variant
ENSG00000246705	H2AJ	spleen	present	gold quality	96.41	variant
ENSG00000246705	H2AJ	spleen	present	gold quality	95.66	variant
ENSG00000246705	H2AJ	spleen	present	gold quality	95.14	variant
ENSG00000246705	H2AJ	spleen	present	gold quality	96.16	variant
ENSG00000246705	H2AJ	spleen	present	gold quality	94.53	variant
ENSG00000246705	H2AJ	spleen	present	gold quality	95.5	variant
ENSG00000246705	H2AJ	liver	present	gold quality	98.56	variant
ENSG00000246705	H2AJ	liver	present	gold quality	94.98	variant
ENSG00000246705	H2AJ	liver	present	gold quality	94.55	variant
ENSG00000246705	H2AJ	liver	present	gold quality	89.54	variant
ENSG00000246705	H2AJ	liver	present	gold quality	94.16	variant
ENSG00000246705	H2AJ	liver	present	gold quality	92.67	variant
ENSG00000246705	H2AJ	liver	present	gold quality	93.49	variant
ENSG00000246705	H2AJ	liver	present	gold quality	89.17	variant
ENSG00000246705	H2AJ	liver	present	gold quality	89.07	variant
ENSG00000246705	H2AJ	liver	present	gold quality	95.93	variant
ENSG00000246705	H2AJ	liver	present	gold quality	96.03	variant
ENSG00000246705	H2AJ	liver	present	gold quality	94.26	variant
ENSG00000246705	H2AJ	liver	present	gold quality	88.49	variant
ENSG00000246705	H2AJ	liver	present	gold quality	90.94	variant
ENSG00000246705	H2AJ	liver	present	gold quality	90.68	variant
ENSG00000246705	H2AJ	liver	present	gold quality	98.96	variant
ENSG00000246705	H2AJ	liver	present	gold quality	91.23	variant
ENSG00000246705	H2AJ	liver	present	gold quality	90.93	variant
ENSG00000246705	H2AJ	liver	present	gold quality	94.17	variant
ENSG00000246705	H2AJ	liver	present	gold quality	92.54	variant
ENSG00000246705	H2AJ	liver	present	gold quality	95.99	variant
ENSG00000246705	H2AJ	cerebellar cortex	present	gold quality	81.37	variant
ENSG00000246705	H2AJ	cerebellar cortex	present	gold quality	81.35	variant
ENSG00000246705	H2AJ	thymus	present	gold quality	94.65	variant
ENSG00000246705	H2AJ	thymus	present	gold quality	91.16	variant
ENSG00000246705	H2AJ	bone marrow	present	gold quality	90.72	variant
ENSG00000246705	H2AJ	bone marrow	present	gold quality	71.26	variant
ENSG00000246705	H2AJ	bone marrow	present	gold quality	94.59	variant
ENSG00000246705	H2AJ	bone marrow	present	gold quality	93.27	variant
ENSG00000246705	H2AJ	bone marrow	present	gold quality	92.84	variant
ENSG00000246705	H2AJ	bone marrow	present	gold quality	92.95	variant
ENSG00000246705	H2AJ	bone marrow	present	gold quality	88.4	variant
ENSG00000246705	H2AJ	bone marrow	present	gold quality	94.13	variant
ENSG00000246705	H2AJ	bone marrow	present	gold quality	84.83	variant
ENSG00000246705	H2AJ	bone marrow	present	gold quality	92.72	variant
ENSG00000246705	H2AJ	bone marrow	present	gold quality	93.53	variant
ENSG00000246705	H2AJ	bone marrow	present	gold quality	92.93	variant
ENSG00000246705	H2AJ	bone marrow	present	gold quality	95.14	variant
ENSG00000246705	H2AJ	primary visual cortex	present	gold quality	72.21	variant
ENSG00000246705	H2AJ	primary visual cortex	present	gold quality	72.63	variant
ENSG00000246705	H2AJ	primary visual cortex	present	gold quality	75.89	variant
ENSG00000246705	H2AJ	primary visual cortex	present	gold quality	73.5	variant
ENSG00000246705	H2AJ	primary visual cortex	present	gold quality	79.94	variant
ENSG00000246705	H2AJ	primary visual cortex	present	gold quality	75.52	variant
ENSG00000246705	H2AJ	superior frontal gyrus	present	gold quality	75.31	variant
ENSG00000246705	H2AJ	superior frontal gyrus	present	gold quality	72.87	variant
ENSG00000246705	H2AJ	superior frontal gyrus	present	gold quality	75.8	variant
ENSG00000246705	H2AJ	superior frontal gyrus	present	gold quality	73.58	variant
ENSG00000246705	H2AJ	superior frontal gyrus	present	gold quality	79.55	variant
ENSG00000246705	H2AJ	superior frontal gyrus	present	gold quality	70.04	variant
ENSG00000246705	H2AJ	superior frontal gyrus	present	gold quality	76.22	variant
ENSG00000246705	H2AJ	superior frontal gyrus	present	gold quality	75.66	variant
ENSG00000246705	H2AJ	superior frontal gyrus	present	gold quality	71.54	variant
ENSG00000246705	H2AJ	superior frontal gyrus	present	gold quality	73.47	variant
ENSG00000246705	H2AJ	superior frontal gyrus	present	gold quality	76.52	variant
ENSG00000246705	H2AJ	superior frontal gyrus	present	gold quality	68.49	variant
ENSG00000246705	H2AJ	superior frontal gyrus	present	gold quality	81.59	variant
ENSG00000246705	H2AJ	superior frontal gyrus	present	gold quality	77.6	variant
ENSG00000246705	H2AJ	superior frontal gyrus	present	gold quality	71.75	variant
ENSG00000246705	H2AJ	superior frontal gyrus	present	gold quality	77.1	variant
ENSG00000246705	H2AJ	superior frontal gyrus	present	gold quality	74.34	variant
ENSG00000246705	H2AJ	hindlimb stylopod muscle	present	gold quality	94.38	variant
ENSG00000246705	H2AJ	hindlimb stylopod muscle	present	gold quality	92.47	variant
ENSG00000246705	H2AJ	dorsolateral prefrontal cortex	present	gold quality	75.11	variant
ENSG00000246705	H2AJ	dorsolateral prefrontal cortex	present	gold quality	73.25	variant
ENSG00000246705	H2AJ	dorsolateral prefrontal cortex	present	gold quality	78.27	variant
ENSG00000246705	H2AJ	dorsolateral prefrontal cortex	present	gold quality	77.91	variant
ENSG00000246705	H2AJ	dorsolateral prefrontal cortex	present	gold quality	82.87	variant
ENSG00000246705	H2AJ	dorsolateral prefrontal cortex	present	gold quality	81.32	variant
ENSG00000246705	H2AJ	dorsolateral prefrontal cortex	present	gold quality	87.37	variant
ENSG00000246705	H2AJ	dorsolateral prefrontal cortex	present	gold quality	80.18	variant
ENSG00000246705	H2AJ	dorsolateral prefrontal cortex	present	gold quality	85.45	variant
ENSG00000246705	H2AJ	dorsolateral prefrontal cortex	present	gold quality	83.72	variant
ENSG00000246705	H2AJ	dorsolateral prefrontal cortex	present	gold quality	81.65	variant
ENSG00000246705	H2AJ	dorsolateral prefrontal cortex	present	gold quality	70.02	variant
ENSG00000246705	H2AJ	dorsolateral prefrontal cortex	present	gold quality	84.11	variant
ENSG00000246705	H2AJ	dorsolateral prefrontal cortex	present	gold quality	70.55	variant
ENSG00000246705	H2AJ	dorsolateral prefrontal cortex	present	gold quality	69.51	variant
ENSG00000246705	H2AJ	dorsolateral prefrontal cortex	present	gold quality	70.49	variant
ENSG00000246705	H2AJ	dorsolateral prefrontal cortex	present	gold quality	68.72	variant
ENSG00000246705	H2AJ	dorsolateral prefrontal cortex	present	gold quality	69.24	variant
ENSG00000246705	H2AJ	dorsolateral prefrontal cortex	present	gold quality	70.66	variant
ENSG00000246705	H2AJ	dorsolateral prefrontal cortex	present	gold quality	68.21	variant
ENSG00000272196	H2AC19	pituitary gland	present	gold quality	88.61	clustered
ENSG00000272196	H2AC19	pituitary gland	present	gold quality	77.29	clustered
ENSG00000272196	H2AC19	pituitary gland	present	gold quality	85.19	clustered
ENSG00000272196	H2AC19	pituitary gland	present	gold quality	89.93	clustered
ENSG00000272196	H2AC19	pituitary gland	present	gold quality	86.02	clustered
ENSG00000272196	H2AC19	pituitary gland	present	gold quality	88.91	clustered
ENSG00000272196	H2AC19	pituitary gland	present	gold quality	86.38	clustered
ENSG00000272196	H2AC19	pituitary gland	present	gold quality	89.27	clustered
ENSG00000272196	H2AC19	pituitary gland	present	gold quality	86.13	clustered
ENSG00000272196	H2AC19	pituitary gland	present	gold quality	85.93	clustered
ENSG00000272196	H2AC19	lymph node	present	gold quality	81.66	clustered
ENSG00000272196	H2AC19	lymph node	present	gold quality	52.7	clustered
ENSG00000272196	H2AC19	adult mammalian kidney	present	gold quality	75.8	clustered
ENSG00000272196	H2AC19	adult mammalian kidney	present	gold quality	83.17	clustered
ENSG00000272196	H2AC19	adult mammalian kidney	present	gold quality	95.63	clustered
ENSG00000272196	H2AC19	adult mammalian kidney	present	gold quality	89.24	clustered
ENSG00000272196	H2AC19	adult mammalian kidney	present	gold quality	94.04	clustered
ENSG00000272196	H2AC19	adult mammalian kidney	present	gold quality	92.73	clustered
ENSG00000272196	H2AC19	adult mammalian kidney	present	gold quality	79.26	clustered
ENSG00000272196	H2AC19	adult mammalian kidney	present	gold quality	80.62	clustered
ENSG00000272196	H2AC19	adult mammalian kidney	present	gold quality	90.57	clustered
ENSG00000272196	H2AC19	adult mammalian kidney	present	gold quality	93.86	clustered
ENSG00000272196	H2AC19	adult mammalian kidney	present	gold quality	82.1	clustered
ENSG00000272196	H2AC19	prefrontal cortex	present	gold quality	62.24	clustered
ENSG00000272196	H2AC19	prefrontal cortex	present	gold quality	66.61	clustered
ENSG00000272196	H2AC19	prefrontal cortex	present	gold quality	76.43	clustered
ENSG00000272196	H2AC19	prefrontal cortex	present	gold quality	94.57	clustered
ENSG00000272196	H2AC19	prefrontal cortex	present	gold quality	89.4	clustered
ENSG00000272196	H2AC19	prefrontal cortex	present	gold quality	70.43	clustered
ENSG00000272196	H2AC19	prefrontal cortex	present	gold quality	67.92	clustered
ENSG00000272196	H2AC19	multicellular organism	present	gold quality	85.95	clustered
ENSG00000272196	H2AC19	testis	present	gold quality	98.71	clustered
ENSG00000272196	H2AC19	testis	present	gold quality	98.15	clustered
ENSG00000272196	H2AC19	testis	present	gold quality	98.82	clustered
ENSG00000272196	H2AC19	testis	present	gold quality	98.5	clustered
ENSG00000272196	H2AC19	testis	present	gold quality	89.28	clustered
ENSG00000272196	H2AC19	testis	present	gold quality	97.57	clustered
ENSG00000272196	H2AC19	testis	present	gold quality	97.93	clustered
ENSG00000272196	H2AC19	testis	present	gold quality	91.04	clustered
ENSG00000272196	H2AC19	heart	present	gold quality	93.24	clustered
ENSG00000272196	H2AC19	heart	present	gold quality	88.99	clustered
ENSG00000272196	H2AC19	heart	present	gold quality	88.36	clustered
ENSG00000272196	H2AC19	heart	present	gold quality	88.86	clustered
ENSG00000272196	H2AC19	heart	present	gold quality	93.69	clustered
ENSG00000272196	H2AC19	heart	present	gold quality	53.66	clustered
ENSG00000272196	H2AC19	heart	present	gold quality	80.39	clustered
ENSG00000272196	H2AC19	heart	present	gold quality	90.07	clustered
ENSG00000272196	H2AC19	heart	present	gold quality	86.57	clustered
ENSG00000272196	H2AC19	heart	present	gold quality	91.15	clustered
ENSG00000272196	H2AC19	cerebral cortex	present	gold quality	78.57	clustered
ENSG00000272196	H2AC19	skeletal muscle tissue	present	gold quality	59.84	clustered
ENSG00000272196	H2AC19	skeletal muscle tissue	present	gold quality	67.71	clustered
ENSG00000272196	H2AC19	skeletal muscle tissue	present	gold quality	73.52	clustered
ENSG00000272196	H2AC19	colon	present	gold quality	86.21	clustered
ENSG00000272196	H2AC19	colon	present	gold quality	99.12	clustered
ENSG00000272196	H2AC19	colon	present	gold quality	85.96	clustered
ENSG00000272196	H2AC19	colon	present	gold quality	79.32	clustered
ENSG00000272196	H2AC19	colon	present	gold quality	98.05	clustered
ENSG00000272196	H2AC19	colon	present	gold quality	85.56	clustered
ENSG00000272196	H2AC19	colon	present	gold quality	85.89	clustered
ENSG00000272196	H2AC19	colon	present	gold quality	85.13	clustered
ENSG00000272196	H2AC19	colon	present	gold quality	86.53	clustered
ENSG00000272196	H2AC19	colon	present	gold quality	85.48	clustered
ENSG00000272196	H2AC19	cortex of kidney	present	gold quality	55.71	clustered
ENSG00000272196	H2AC19	cortex of kidney	present	gold quality	89.01	clustered
ENSG00000272196	H2AC19	frontal cortex	present	gold quality	72.83	clustered
ENSG00000272196	H2AC19	frontal cortex	present	gold quality	86.26	clustered
ENSG00000272196	H2AC19	frontal cortex	present	gold quality	83.55	clustered
ENSG00000272196	H2AC19	frontal cortex	present	gold quality	72.1	clustered
ENSG00000272196	H2AC19	frontal cortex	present	gold quality	79.59	clustered
ENSG00000272196	H2AC19	temporal lobe	present	gold quality	88.79	clustered
ENSG00000272196	H2AC19	cerebellum	present	gold quality	84.54	clustered
ENSG00000272196	H2AC19	cerebellum	present	gold quality	93.41	clustered
ENSG00000272196	H2AC19	cerebellum	present	gold quality	84.84	clustered
ENSG00000272196	H2AC19	lung	present	gold quality	98.15	clustered
ENSG00000272196	H2AC19	lung	present	gold quality	97.51	clustered
ENSG00000272196	H2AC19	lung	present	gold quality	84.42	clustered
ENSG00000272196	H2AC19	lung	present	gold quality	90.75	clustered
ENSG00000272196	H2AC19	lung	present	gold quality	91.99	clustered
ENSG00000272196	H2AC19	lung	present	gold quality	86.54	clustered
ENSG00000272196	H2AC19	lung	present	gold quality	84.63	clustered
ENSG00000272196	H2AC19	spleen	present	gold quality	92.5	clustered
ENSG00000272196	H2AC19	spleen	present	gold quality	92.0	clustered
ENSG00000272196	H2AC19	spleen	present	gold quality	93.78	clustered
ENSG00000272196	H2AC19	spleen	present	gold quality	89.26	clustered
ENSG00000272196	H2AC19	spleen	present	gold quality	91.57	clustered
ENSG00000272196	H2AC19	spleen	present	gold quality	92.02	clustered
ENSG00000272196	H2AC19	spleen	present	gold quality	92.05	clustered
ENSG00000272196	H2AC19	spleen	present	gold quality	92.13	clustered
ENSG00000272196	H2AC19	spleen	present	gold quality	88.73	clustered
ENSG00000272196	H2AC19	spleen	present	gold quality	88.74	clustered
ENSG00000272196	H2AC19	spleen	present	gold quality	89.97	clustered
ENSG00000272196	H2AC19	liver	present	gold quality	86.13	clustered
ENSG00000272196	H2AC19	liver	present	gold quality	82.14	clustered
ENSG00000272196	H2AC19	liver	present	gold quality	87.24	clustered
ENSG00000272196	H2AC19	liver	present	gold quality	95.64	clustered
ENSG00000272196	H2AC19	liver	present	gold quality	83.87	clustered
ENSG00000272196	H2AC19	liver	present	gold quality	82.91	clustered
ENSG00000272196	H2AC19	liver	present	gold quality	88.11	clustered
ENSG00000272196	H2AC19	liver	present	gold quality	82.61	clustered
ENSG00000272196	H2AC19	liver	present	gold quality	88.61	clustered
ENSG00000272196	H2AC19	liver	present	gold quality	87.95	clustered
ENSG00000272196	H2AC19	liver	present	gold quality	91.58	clustered
ENSG00000272196	H2AC19	cerebellar cortex	present	gold quality	84.63	clustered
ENSG00000272196	H2AC19	cerebellar cortex	present	gold quality	84.88	clustered
ENSG00000272196	H2AC19	bone marrow	present	gold quality	82.56	clustered
ENSG00000272196	H2AC19	primary visual cortex	present	gold quality	65.16	clustered
ENSG00000272196	H2AC19	primary visual cortex	present	gold quality	61.79	clustered
ENSG00000272196	H2AC19	superior frontal gyrus	present	gold quality	79.53	clustered
ENSG00000272196	H2AC19	superior frontal gyrus	present	gold quality	41.77	clustered
ENSG00000272196	H2AC19	hindlimb stylopod muscle	present	gold quality	88.07	clustered
ENSG00000272196	H2AC19	hindlimb stylopod muscle	present	gold quality	61.01	clustered
ENSG00000272196	H2AC19	dorsolateral prefrontal cortex	present	gold quality	75.59	clustered
ENSG00000272196	H2AC19	dorsolateral prefrontal cortex	present	gold quality	70.91	clustered
ENSG00000272196	H2AC19	dorsolateral prefrontal cortex	present	gold quality	78.92	clustered
ENSG00000272196	H2AC19	dorsolateral prefrontal cortex	present	gold quality	79.24	clustered
ENSG00000272196	H2AC19	dorsolateral prefrontal cortex	present	gold quality	86.06	clustered
ENSG00000272196	H2AC19	dorsolateral prefrontal cortex	present	gold quality	75.87	clustered
ENSG00000272196	H2AC19	dorsolateral prefrontal cortex	present	gold quality	73.93	clustered
ENSG00000272196	H2AC19	dorsolateral prefrontal cortex	present	gold quality	82.54	clustered
ENSG00000272196	H2AC19	dorsolateral prefrontal cortex	present	gold quality	84.04	clustered
ENSG00000276368	H2AC14	lymph node	present	gold quality	46.47	clustered
ENSG00000276368	H2AC14	adult mammalian kidney	present	gold quality	66.31	clustered
ENSG00000276368	H2AC14	adult mammalian kidney	present	gold quality	27.58	clustered
ENSG00000276368	H2AC14	prefrontal cortex	present	gold quality	32.82	clustered
ENSG00000276368	H2AC14	prefrontal cortex	present	gold quality	30.33	clustered
ENSG00000276368	H2AC14	prefrontal cortex	present	gold quality	37.23	clustered
ENSG00000276368	H2AC14	prefrontal cortex	present	gold quality	31.32	clustered
ENSG00000276368	H2AC14	multicellular organism	present	gold quality	30.3	clustered
ENSG00000276368	H2AC14	testis	present	gold quality	41.35	clustered
ENSG00000276368	H2AC14	testis	present	gold quality	21.77	clustered
ENSG00000276368	H2AC14	heart	present	gold quality	96.77	clustered
ENSG00000276368	H2AC14	heart	present	gold quality	93.45	clustered
ENSG00000276368	H2AC14	heart	present	gold quality	76.88	clustered
ENSG00000276368	H2AC14	heart	present	gold quality	38.85	clustered
ENSG00000276368	H2AC14	heart	present	gold quality	25.83	clustered
ENSG00000276368	H2AC14	cerebral cortex	present	gold quality	23.27	clustered
ENSG00000276368	H2AC14	colon	present	gold quality	98.88	clustered
ENSG00000276368	H2AC14	colon	present	gold quality	97.85	clustered
ENSG00000276368	H2AC14	colon	present	gold quality	38.13	clustered
ENSG00000276368	H2AC14	colon	present	gold quality	98.46	clustered
ENSG00000276368	H2AC14	colon	present	gold quality	34.73	clustered
ENSG00000276368	H2AC14	colon	present	gold quality	34.59	clustered
ENSG00000276368	H2AC14	colon	present	gold quality	32.34	clustered
ENSG00000276368	H2AC14	colon	present	gold quality	31.19	clustered
ENSG00000276368	H2AC14	colon	present	gold quality	32.77	clustered
ENSG00000276368	H2AC14	cortex of kidney	present	gold quality	25.76	clustered
ENSG00000276368	H2AC14	frontal cortex	present	gold quality	27.15	clustered
ENSG00000276368	H2AC14	lung	present	gold quality	98.5	clustered
ENSG00000276368	H2AC14	lung	present	gold quality	96.37	clustered
ENSG00000276368	H2AC14	lung	present	gold quality	46.91	clustered
ENSG00000276368	H2AC14	lung	present	gold quality	58.98	clustered
ENSG00000276368	H2AC14	lung	present	gold quality	40.18	clustered
ENSG00000276368	H2AC14	lung	present	gold quality	40.08	clustered
ENSG00000276368	H2AC14	lung	present	gold quality	32.07	clustered
ENSG00000276368	H2AC14	spleen	present	gold quality	55.33	clustered
ENSG00000276368	H2AC14	spleen	present	gold quality	42.43	clustered
ENSG00000276368	H2AC14	spleen	present	gold quality	43.02	clustered
ENSG00000276368	H2AC14	spleen	present	gold quality	52.42	clustered
ENSG00000276368	H2AC14	spleen	present	gold quality	44.74	clustered
ENSG00000276368	H2AC14	spleen	present	gold quality	48.07	clustered
ENSG00000276368	H2AC14	spleen	present	gold quality	41.95	clustered
ENSG00000276368	H2AC14	spleen	present	gold quality	35.94	clustered
ENSG00000276368	H2AC14	spleen	present	gold quality	37.12	clustered
ENSG00000276368	H2AC14	spleen	present	gold quality	43.32	clustered
ENSG00000276368	H2AC14	liver	present	gold quality	40.86	clustered
ENSG00000276368	H2AC14	liver	present	gold quality	42.55	clustered
ENSG00000276368	H2AC14	liver	present	gold quality	37.27	clustered
ENSG00000276368	H2AC14	liver	present	gold quality	39.4	clustered
ENSG00000276368	H2AC14	liver	present	gold quality	43.62	clustered
ENSG00000276368	H2AC14	liver	present	gold quality	40.39	clustered
ENSG00000276368	H2AC14	liver	present	gold quality	43.16	clustered
ENSG00000276368	H2AC14	bone marrow	present	gold quality	75.65	clustered
ENSG00000276368	H2AC14	hindlimb stylopod muscle	present	gold quality	46.81	clustered
ENSG00000277075	H2AC8	pituitary gland	present	gold quality	55.49	clustered
ENSG00000277075	H2AC8	pituitary gland	present	gold quality	62.21	clustered
ENSG00000277075	H2AC8	pituitary gland	present	gold quality	55.67	clustered
ENSG00000277075	H2AC8	pituitary gland	present	gold quality	57.56	clustered
ENSG00000277075	H2AC8	pituitary gland	present	gold quality	69.02	clustered
ENSG00000277075	H2AC8	pituitary gland	present	gold quality	65.13	clustered
ENSG00000277075	H2AC8	pituitary gland	present	gold quality	62.79	clustered
ENSG00000277075	H2AC8	pituitary gland	present	gold quality	71.04	clustered
ENSG00000277075	H2AC8	pituitary gland	present	gold quality	67.59	clustered
ENSG00000277075	H2AC8	pituitary gland	present	gold quality	66.3	clustered
ENSG00000277075	H2AC8	pituitary gland	present	gold quality	65.42	clustered
ENSG00000277075	H2AC8	lymph node	present	gold quality	64.32	clustered
ENSG00000277075	H2AC8	lymph node	present	gold quality	60.96	clustered
ENSG00000277075	H2AC8	lymph node	present	gold quality	65.73	clustered
ENSG00000277075	H2AC8	adult mammalian kidney	present	gold quality	65.09	clustered
ENSG00000277075	H2AC8	adult mammalian kidney	present	gold quality	65.75	clustered
ENSG00000277075	H2AC8	adult mammalian kidney	present	gold quality	84.98	clustered
ENSG00000277075	H2AC8	adult mammalian kidney	present	gold quality	66.47	clustered
ENSG00000277075	H2AC8	adult mammalian kidney	present	gold quality	66.4	clustered
ENSG00000277075	H2AC8	adult mammalian kidney	present	gold quality	63.04	clustered
ENSG00000277075	H2AC8	adult mammalian kidney	present	gold quality	62.26	clustered
ENSG00000277075	H2AC8	adult mammalian kidney	present	gold quality	63.48	clustered
ENSG00000277075	H2AC8	adult mammalian kidney	present	gold quality	65.82	clustered
ENSG00000277075	H2AC8	adult mammalian kidney	present	gold quality	75.23	clustered
ENSG00000277075	H2AC8	adult mammalian kidney	present	gold quality	63.86	clustered
ENSG00000277075	H2AC8	adult mammalian kidney	present	gold quality	64.9	clustered
ENSG00000277075	H2AC8	prefrontal cortex	present	gold quality	56.39	clustered
ENSG00000277075	H2AC8	prefrontal cortex	present	gold quality	56.25	clustered
ENSG00000277075	H2AC8	prefrontal cortex	present	gold quality	51.26	clustered
ENSG00000277075	H2AC8	prefrontal cortex	present	gold quality	67.2	clustered
ENSG00000277075	H2AC8	prefrontal cortex	present	gold quality	59.93	clustered
ENSG00000277075	H2AC8	prefrontal cortex	present	gold quality	66.52	clustered
ENSG00000277075	H2AC8	prefrontal cortex	present	gold quality	57.52	clustered
ENSG00000277075	H2AC8	multicellular organism	present	gold quality	62.31	clustered
ENSG00000277075	H2AC8	testis	present	gold quality	76.53	clustered
ENSG00000277075	H2AC8	testis	present	gold quality	76.98	clustered
ENSG00000277075	H2AC8	testis	present	gold quality	81.16	clustered
ENSG00000277075	H2AC8	testis	present	gold quality	62.06	clustered
ENSG00000277075	H2AC8	testis	present	gold quality	60.24	clustered
ENSG00000277075	H2AC8	testis	present	gold quality	63.51	clustered
ENSG00000277075	H2AC8	testis	present	gold quality	56.52	clustered
ENSG00000277075	H2AC8	testis	present	gold quality	58.88	clustered
ENSG00000277075	H2AC8	testis	present	gold quality	65.23	clustered
ENSG00000277075	H2AC8	testis	present	gold quality	63.59	clustered
ENSG00000277075	H2AC8	testis	present	gold quality	79.72	clustered
ENSG00000277075	H2AC8	testis	present	gold quality	63.0	clustered
ENSG00000277075	H2AC8	testis	present	gold quality	71.32	clustered
ENSG00000277075	H2AC8	heart	present	gold quality	98.7	clustered
ENSG00000277075	H2AC8	heart	present	gold quality	97.02	clustered
ENSG00000277075	H2AC8	heart	present	gold quality	61.43	clustered
ENSG00000277075	H2AC8	heart	present	gold quality	60.55	clustered
ENSG00000277075	H2AC8	heart	present	gold quality	58.77	clustered
ENSG00000277075	H2AC8	heart	present	gold quality	66.96	clustered
ENSG00000277075	H2AC8	heart	present	gold quality	65.25	clustered
ENSG00000277075	H2AC8	heart	present	gold quality	66.57	clustered
ENSG00000277075	H2AC8	heart	present	gold quality	67.4	clustered
ENSG00000277075	H2AC8	heart	present	gold quality	71.51	clustered
ENSG00000277075	H2AC8	heart	present	gold quality	69.52	clustered
ENSG00000277075	H2AC8	heart	present	gold quality	72.26	clustered
ENSG00000277075	H2AC8	heart	present	gold quality	67.33	clustered
ENSG00000277075	H2AC8	heart	present	gold quality	67.05	clustered
ENSG00000277075	H2AC8	heart	present	gold quality	71.12	clustered
ENSG00000277075	H2AC8	cerebral cortex	present	gold quality	63.25	clustered
ENSG00000277075	H2AC8	cerebral cortex	present	gold quality	69.78	clustered
ENSG00000277075	H2AC8	cerebral cortex	present	gold quality	45.74	clustered
ENSG00000277075	H2AC8	cerebral cortex	present	gold quality	51.28	clustered
ENSG00000277075	H2AC8	cerebral cortex	present	gold quality	42.66	clustered
ENSG00000277075	H2AC8	cerebral cortex	present	gold quality	55.74	clustered
ENSG00000277075	H2AC8	cerebral cortex	present	gold quality	49.34	clustered
ENSG00000277075	H2AC8	cerebral cortex	present	gold quality	55.61	clustered
ENSG00000277075	H2AC8	cerebral cortex	present	gold quality	54.54	clustered
ENSG00000277075	H2AC8	colon	present	gold quality	99.2	clustered
ENSG00000277075	H2AC8	colon	present	gold quality	99.03	clustered
ENSG00000277075	H2AC8	colon	present	gold quality	69.89	clustered
ENSG00000277075	H2AC8	colon	present	gold quality	66.93	clustered
ENSG00000277075	H2AC8	colon	present	gold quality	70.2	clustered
ENSG00000277075	H2AC8	colon	present	gold quality	68.73	clustered
ENSG00000277075	H2AC8	colon	present	gold quality	69.72	clustered
ENSG00000277075	H2AC8	colon	present	gold quality	72.93	clustered
ENSG00000277075	H2AC8	colon	present	gold quality	66.58	clustered
ENSG00000277075	H2AC8	colon	present	gold quality	66.79	clustered
ENSG00000277075	H2AC8	colon	present	gold quality	81.06	clustered
ENSG00000277075	H2AC8	colon	present	gold quality	67.59	clustered
ENSG00000277075	H2AC8	colon	present	gold quality	69.96	clustered
ENSG00000277075	H2AC8	colon	present	gold quality	67.05	clustered
ENSG00000277075	H2AC8	colon	present	gold quality	67.63	clustered
ENSG00000277075	H2AC8	colon	present	gold quality	69.2	clustered
ENSG00000277075	H2AC8	cortex of kidney	present	gold quality	56.87	clustered
ENSG00000277075	H2AC8	cortex of kidney	present	gold quality	61.29	clustered
ENSG00000277075	H2AC8	frontal cortex	present	gold quality	54.32	clustered
ENSG00000277075	H2AC8	frontal cortex	present	gold quality	55.84	clustered
ENSG00000277075	H2AC8	frontal cortex	present	gold quality	46.31	clustered
ENSG00000277075	H2AC8	frontal cortex	present	gold quality	52.18	clustered
ENSG00000277075	H2AC8	frontal cortex	present	gold quality	55.01	clustered
ENSG00000277075	H2AC8	frontal cortex	present	gold quality	53.78	clustered
ENSG00000277075	H2AC8	frontal cortex	present	gold quality	59.3	clustered
ENSG00000277075	H2AC8	frontal cortex	present	gold quality	57.99	clustered
ENSG00000277075	H2AC8	frontal cortex	present	gold quality	60.44	clustered
ENSG00000277075	H2AC8	frontal cortex	present	gold quality	54.76	clustered
ENSG00000277075	H2AC8	frontal cortex	present	gold quality	55.88	clustered
ENSG00000277075	H2AC8	frontal cortex	present	gold quality	54.44	clustered
ENSG00000277075	H2AC8	frontal cortex	present	gold quality	55.68	clustered
ENSG00000277075	H2AC8	frontal cortex	present	gold quality	54.71	clustered
ENSG00000277075	H2AC8	frontal cortex	present	gold quality	64.11	clustered
ENSG00000277075	H2AC8	temporal lobe	present	gold quality	43.66	clustered
ENSG00000277075	H2AC8	temporal lobe	present	gold quality	44.18	clustered
ENSG00000277075	H2AC8	temporal lobe	present	gold quality	54.54	clustered
ENSG00000277075	H2AC8	temporal lobe	present	gold quality	57.07	clustered
ENSG00000277075	H2AC8	temporal lobe	present	gold quality	50.76	clustered
ENSG00000277075	H2AC8	cerebellum	present	gold quality	49.28	clustered
ENSG00000277075	H2AC8	cerebellum	present	gold quality	51.21	clustered
ENSG00000277075	H2AC8	cerebellum	present	gold quality	60.1	clustered
ENSG00000277075	H2AC8	cerebellum	present	gold quality	58.73	clustered
ENSG00000277075	H2AC8	cerebellum	present	gold quality	55.88	clustered
ENSG00000277075	H2AC8	cerebellum	present	gold quality	65.9	clustered
ENSG00000277075	H2AC8	cerebellum	present	gold quality	67.24	clustered
ENSG00000277075	H2AC8	cerebellum	present	gold quality	56.74	clustered
ENSG00000277075	H2AC8	cerebellum	present	gold quality	56.62	clustered
ENSG00000277075	H2AC8	cerebellum	present	gold quality	57.88	clustered
ENSG00000277075	H2AC8	cerebellum	present	gold quality	57.22	clustered
ENSG00000277075	H2AC8	cerebellum	present	gold quality	55.86	clustered
ENSG00000277075	H2AC8	lung	present	gold quality	99.37	clustered
ENSG00000277075	H2AC8	lung	present	gold quality	98.88	clustered
ENSG00000277075	H2AC8	lung	present	gold quality	64.4	clustered
ENSG00000277075	H2AC8	lung	present	gold quality	55.53	clustered
ENSG00000277075	H2AC8	lung	present	gold quality	59.52	clustered
ENSG00000277075	H2AC8	lung	present	gold quality	54.36	clustered
ENSG00000277075	H2AC8	lung	present	gold quality	56.66	clustered
ENSG00000277075	H2AC8	lung	present	gold quality	59.99	clustered
ENSG00000277075	H2AC8	lung	present	gold quality	59.8	clustered
ENSG00000277075	H2AC8	lung	present	gold quality	69.55	clustered
ENSG00000277075	H2AC8	lung	present	gold quality	60.52	clustered
ENSG00000277075	H2AC8	lung	present	gold quality	59.28	clustered
ENSG00000277075	H2AC8	lung	present	gold quality	57.47	clustered
ENSG00000277075	H2AC8	lung	present	gold quality	93.69	clustered
ENSG00000277075	H2AC8	spleen	present	gold quality	78.57	clustered
ENSG00000277075	H2AC8	spleen	present	gold quality	74.77	clustered
ENSG00000277075	H2AC8	spleen	present	gold quality	68.33	clustered
ENSG00000277075	H2AC8	spleen	present	gold quality	67.93	clustered
ENSG00000277075	H2AC8	spleen	present	gold quality	73.1	clustered
ENSG00000277075	H2AC8	spleen	present	gold quality	71.77	clustered
ENSG00000277075	H2AC8	spleen	present	gold quality	72.63	clustered
ENSG00000277075	H2AC8	spleen	present	gold quality	71.21	clustered
ENSG00000277075	H2AC8	spleen	present	gold quality	67.32	clustered
ENSG00000277075	H2AC8	spleen	present	gold quality	70.26	clustered
ENSG00000277075	H2AC8	spleen	present	gold quality	69.8	clustered
ENSG00000277075	H2AC8	spleen	present	gold quality	70.6	clustered
ENSG00000277075	H2AC8	liver	present	gold quality	59.97	clustered
ENSG00000277075	H2AC8	liver	present	gold quality	50.75	clustered
ENSG00000277075	H2AC8	liver	present	gold quality	60.11	clustered
ENSG00000277075	H2AC8	liver	present	gold quality	74.62	clustered
ENSG00000277075	H2AC8	liver	present	gold quality	69.28	clustered
ENSG00000277075	H2AC8	liver	present	gold quality	67.15	clustered
ENSG00000277075	H2AC8	liver	present	gold quality	70.61	clustered
ENSG00000277075	H2AC8	liver	present	gold quality	70.81	clustered
ENSG00000277075	H2AC8	liver	present	gold quality	62.58	clustered
ENSG00000277075	H2AC8	liver	present	gold quality	70.3	clustered
ENSG00000277075	H2AC8	liver	present	gold quality	62.8	clustered
ENSG00000277075	H2AC8	liver	present	gold quality	60.47	clustered
ENSG00000277075	H2AC8	liver	present	gold quality	63.84	clustered
ENSG00000277075	H2AC8	liver	present	gold quality	66.91	clustered
ENSG00000277075	H2AC8	liver	present	gold quality	67.38	clustered
ENSG00000277075	H2AC8	liver	present	gold quality	62.6	clustered
ENSG00000277075	H2AC8	liver	present	gold quality	67.07	clustered
ENSG00000277075	H2AC8	liver	present	gold quality	70.94	clustered
ENSG00000277075	H2AC8	cerebellar cortex	present	gold quality	58.75	clustered
ENSG00000277075	H2AC8	cerebellar cortex	present	gold quality	57.8	clustered
ENSG00000277075	H2AC8	thymus	present	gold quality	81.03	clustered
ENSG00000277075	H2AC8	bone marrow	present	gold quality	75.59	clustered
ENSG00000277075	H2AC8	bone marrow	present	gold quality	72.54	clustered
ENSG00000277075	H2AC8	primary visual cortex	present	gold quality	58.27	clustered
ENSG00000277075	H2AC8	primary visual cortex	present	gold quality	50.95	clustered
ENSG00000277075	H2AC8	superior frontal gyrus	present	gold quality	44.21	clustered
ENSG00000277075	H2AC8	superior frontal gyrus	present	gold quality	44.48	clustered
ENSG00000277075	H2AC8	hindlimb stylopod muscle	present	gold quality	49.6	clustered
ENSG00000277075	H2AC8	dorsolateral prefrontal cortex	present	gold quality	46.31	clustered
ENSG00000277075	H2AC8	dorsolateral prefrontal cortex	present	gold quality	46.87	clustered
ENSG00000277075	H2AC8	dorsolateral prefrontal cortex	present	gold quality	52.6	clustered
ENSG00000277075	H2AC8	dorsolateral prefrontal cortex	present	gold quality	63.45	clustered
ENSG00000277075	H2AC8	dorsolateral prefrontal cortex	present	gold quality	55.71	clustered
ENSG00000277075	H2AC8	dorsolateral prefrontal cortex	present	gold quality	53.42	clustered
ENSG00000277075	H2AC8	dorsolateral prefrontal cortex	present	gold quality	61.5	clustered
ENSG00000277075	H2AC8	dorsolateral prefrontal cortex	present	gold quality	54.94	clustered
ENSG00000277075	H2AC8	dorsolateral prefrontal cortex	present	gold quality	56.14	clustered
ENSG00000277075	H2AC8	dorsolateral prefrontal cortex	present	gold quality	58.34	clustered
ENSG00000277075	H2AC8	dorsolateral prefrontal cortex	present	gold quality	56.89	clustered
ENSG00000277075	H2AC8	dorsolateral prefrontal cortex	present	gold quality	61.52	clustered
ENSG00000277075	H2AC8	dorsolateral prefrontal cortex	present	gold quality	55.77	clustered
ENSG00000277075	H2AC8	dorsolateral prefrontal cortex	present	gold quality	57.07	clustered
