gene_order	gene_number	canonical_gene_name	ensembl_gene_id	hpa_gene_label	bgee_gene_label	tissue_order	tissue_letter	compare_tissue_key	hpa_tissue_label	bgee_tissue_label	match_type	is_underlined	nTPM	cell_mean_score	log_hpa	log_bgee	signed_diff_log	abs_diff_log	signed_diff_raw	abs_diff_raw	dominance_label	pair_status
1	1	H2AC1	ENSG00000164508	H2AC1	H2AC1	1	A	adipose tissue	adipose tissue	adipose tissue	exact	False	0.0	0.0	0.0	0.0	0.0	0.0	0.0	0.0	equal	both_zero
1	1	H2AC1	ENSG00000164508	H2AC1	H2AC1	2	B	adrenal gland	adrenal gland	adrenal gland	exact	False	0.0	0.0	0.0	0.0	0.0	0.0	0.0	0.0	equal	both_zero
1	1	H2AC1	ENSG00000164508	H2AC1	H2AC1	3	C	amygdala	amygdala	amygdala	exact	False	0.0	0.0	0.0	0.0	0.0	0.0	0.0	0.0	equal	both_zero
1	1	H2AC1	ENSG00000164508	H2AC1	H2AC1	4	D	cerebellum	cerebellum	cerebellum	exact	False	0.0	0.0	0.0	0.0	0.0	0.0	0.0	0.0	equal	both_zero
1	1	H2AC1	ENSG00000164508	H2AC1	H2AC1	5	E	cerebral cortex	cerebral cortex	cerebral cortex	exact	False	0.0	0.0	0.0	0.0	0.0	0.0	0.0	0.0	equal	both_zero
1	1	H2AC1	ENSG00000164508	H2AC1	H2AC1	6	F	colon	colon	colon	exact	False	0.0	0.0	0.0	0.0	0.0	0.0	0.0	0.0	equal	both_zero
1	1	H2AC1	ENSG00000164508	H2AC1	H2AC1	7	G	endometrium	endometrium	endometrium	exact	False	0.0	0.0	0.0	0.0	0.0	0.0	0.0	0.0	equal	both_zero
1	1	H2AC1	ENSG00000164508	H2AC1	H2AC1	8	H	esophagus	esophagus	esophagus	exact	False	0.0	0.0	0.0	0.0	0.0	0.0	0.0	0.0	equal	both_zero
1	1	H2AC1	ENSG00000164508	H2AC1	H2AC1	9	I	fallopian tube	fallopian tube	fallopian tube	exact	False	0.0	0.0	0.0	0.0	0.0	0.0	0.0	0.0	equal	both_zero
1	1	H2AC1	ENSG00000164508	H2AC1	H2AC1	10	J	hypothalamus	hypothalamus	hypothalamus	exact	False	0.0	0.0	0.0	0.0	0.0	0.0	0.0	0.0	equal	both_zero
1	1	H2AC1	ENSG00000164508	H2AC1	H2AC1	11	K	kidney	kidney	kidney	exact	False	0.2	35.42	0.07918124604762482	1.5613399414589013	-1.4821586954112764	1.4821586954112764	-35.22	35.22	bgee_higher	nonzero_any
1	1	H2AC1	ENSG00000164508	H2AC1	H2AC1	12	L	liver	liver	liver	exact	False	0.1	40.521428571428565	0.04139268515822508	1.61827228727815	-1.576879602119925	1.576879602119925	-40.421428571428564	40.421428571428564	bgee_higher	nonzero_any
1	1	H2AC1	ENSG00000164508	H2AC1	H2AC1	13	M	lung	lung	lung	exact	False	0.0	24.64333333333333	0.0	1.4089744777180848	-1.4089744777180848	1.4089744777180848	-24.64333333333333	24.64333333333333	bgee_higher	nonzero_any
1	1	H2AC1	ENSG00000164508	H2AC1	H2AC1	14	N	nucleus accumbens	nucleus accumbens	nucleus accumbens	exact	False	0.0	0.0	0.0	0.0	0.0	0.0	0.0	0.0	equal	both_zero
1	1	H2AC1	ENSG00000164508	H2AC1	H2AC1	15	O	ovary	ovary	ovary	exact	False	0.0	0.0	0.0	0.0	0.0	0.0	0.0	0.0	equal	both_zero
1	1	H2AC1	ENSG00000164508	H2AC1	H2AC1	16	P	pancreas	pancreas	pancreas	exact	False	0.0	31.475	0.0	1.5115491597450654	-1.5115491597450654	1.5115491597450654	-31.475	31.475	bgee_higher	nonzero_any
1	1	H2AC1	ENSG00000164508	H2AC1	H2AC1	17	Q	pituitary gland	pituitary gland	pituitary gland	exact	False	0.0	0.0	0.0	0.0	0.0	0.0	0.0	0.0	equal	both_zero
1	1	H2AC1	ENSG00000164508	H2AC1	H2AC1	18	R	putamen	putamen	putamen	exact	False	0.0	0.0	0.0	0.0	0.0	0.0	0.0	0.0	equal	both_zero
1	1	H2AC1	ENSG00000164508	H2AC1	H2AC1	20	T	small intestine	small intestine	small intestine	exact	False	0.0	0.0	0.0	0.0	0.0	0.0	0.0	0.0	equal	both_zero
1	1	H2AC1	ENSG00000164508	H2AC1	H2AC1	22	V	spleen	spleen	spleen	exact	False	0.0	0.0	0.0	0.0	0.0	0.0	0.0	0.0	equal	both_zero
1	1	H2AC1	ENSG00000164508	H2AC1	H2AC1	23	W	stomach	stomach	stomach	exact	False	0.0	0.0	0.0	0.0	0.0	0.0	0.0	0.0	equal	both_zero
1	1	H2AC1	ENSG00000164508	H2AC1	H2AC1	24	X	substantia nigra	substantia nigra	substantia nigra	exact	False	0.0	0.0	0.0	0.0	0.0	0.0	0.0	0.0	equal	both_zero
1	1	H2AC1	ENSG00000164508	H2AC1	H2AC1	25	Y	testis	testis	testis	exact	False	5.5	74.38	0.8129133566428556	1.8772561331135862	-1.0643427764707307	1.0643427764707307	-68.88	68.88	bgee_higher	nonzero_any
1	1	H2AC1	ENSG00000164508	H2AC1	H2AC1	26	Z	thyroid gland	thyroid gland	thyroid gland	exact	False	0.0	0.0	0.0	0.0	0.0	0.0	0.0	0.0	equal	both_zero
1	1	H2AC1	ENSG00000164508	H2AC1	H2AC1	27	AA	urinary bladder	urinary bladder	urinary bladder	exact	False	0.0	0.0	0.0	0.0	0.0	0.0	0.0	0.0	equal	both_zero
1	1	H2AC1	ENSG00000164508	H2AC1	H2AC1	28	AB	vagina	vagina	vagina	exact	False	0.0	0.0	0.0	0.0	0.0	0.0	0.0	0.0	equal	both_zero
1	1	H2AC1	ENSG00000164508	H2AC1	H2AC1	30	AD	caudate nucleus	caudate	caudate nucleus	safe_synonym	True	0.0	0.0	0.0	0.0	0.0	0.0	0.0	0.0	equal	both_zero
1	1	H2AC1	ENSG00000164508	H2AC1	H2AC1	33	AG	prostate gland	prostate	prostate gland	safe_synonym	True	0.0	0.0	0.0	0.0	0.0	0.0	0.0	0.0	equal	both_zero
1	1	H2AC1	ENSG00000164508	H2AC1	H2AC1	34	AH	saliva-secreting gland	salivary gland	saliva-secreting gland	safe_synonym	True	0.0	0.0	0.0	0.0	0.0	0.0	0.0	0.0	equal	both_zero
1	1	H2AC1	ENSG00000164508	H2AC1	H2AC1	35	AI	skeletal muscle tissue	skeletal muscle	skeletal muscle tissue	safe_synonym	True	0.0	0.0	0.0	0.0	0.0	0.0	0.0	0.0	equal	both_zero
2	2	H2AC4	ENSG00000278463	H2AC4	H2AC4	1	A	adipose tissue	adipose tissue	adipose tissue	exact	False	0.2	30.45	0.07918124604762482	1.4976206497812876	-1.4184394037336627	1.4184394037336627	-30.25	30.25	bgee_higher	nonzero_any
2	2	H2AC4	ENSG00000278463	H2AC4	H2AC4	2	B	adrenal gland	adrenal gland	adrenal gland	exact	False	0.0	33.97	0.0	1.5436956323092448	-1.5436956323092448	1.5436956323092448	-33.97	33.97	bgee_higher	nonzero_any
2	2	H2AC4	ENSG00000278463	H2AC4	H2AC4	3	C	amygdala	amygdala	amygdala	exact	False	0.1	25.64	0.04139268515822508	1.4255342204982635	-1.3841415353400384	1.3841415353400384	-25.54	25.54	bgee_higher	nonzero_any
2	2	H2AC4	ENSG00000278463	H2AC4	H2AC4	4	D	cerebellum	cerebellum	cerebellum	exact	False	0.1	34.3	0.04139268515822508	1.5477747053878226	-1.5063820202295974	1.5063820202295974	-34.199999999999996	34.199999999999996	bgee_higher	nonzero_any
2	2	H2AC4	ENSG00000278463	H2AC4	H2AC4	5	E	cerebral cortex	cerebral cortex	cerebral cortex	exact	False	0.0	37.44	0.0	1.5847833789965078	-1.5847833789965078	1.5847833789965078	-37.44	37.44	bgee_higher	nonzero_any
2	2	H2AC4	ENSG00000278463	H2AC4	H2AC4	6	F	colon	colon	colon	exact	False	0.2	56.26875	0.07918124604762482	1.7579177039090879	-1.678736457861463	1.678736457861463	-56.068749999999994	56.068749999999994	bgee_higher	nonzero_any
2	2	H2AC4	ENSG00000278463	H2AC4	H2AC4	7	G	endometrium	endometrium	endometrium	exact	False	0.0	0.0	0.0	0.0	0.0	0.0	0.0	0.0	equal	both_zero
2	2	H2AC4	ENSG00000278463	H2AC4	H2AC4	8	H	esophagus	esophagus	esophagus	exact	False	0.1	27.5	0.04139268515822508	1.4548448600085102	-1.413452174850285	1.413452174850285	-27.4	27.4	bgee_higher	nonzero_any
2	2	H2AC4	ENSG00000278463	H2AC4	H2AC4	10	J	hypothalamus	hypothalamus	hypothalamus	exact	False	0.0	0.0	0.0	0.0	0.0	0.0	0.0	0.0	equal	both_zero
2	2	H2AC4	ENSG00000278463	H2AC4	H2AC4	11	K	kidney	kidney	kidney	exact	False	0.0	64.16333333333334	0.0	1.8140032918925528	-1.8140032918925528	1.8140032918925528	-64.16333333333334	64.16333333333334	bgee_higher	nonzero_any
2	2	H2AC4	ENSG00000278463	H2AC4	H2AC4	12	L	liver	liver	liver	exact	False	0.1	39.51714285714286	0.04139268515822508	1.6076388126723007	-1.5662461275140755	1.5662461275140755	-39.417142857142856	39.417142857142856	bgee_higher	nonzero_any
2	2	H2AC4	ENSG00000278463	H2AC4	H2AC4	13	M	lung	lung	lung	exact	False	0.1	52.93285714285714	0.04139268515822508	1.7318534280483873	-1.6904607428901621	1.6904607428901621	-52.83285714285714	52.83285714285714	bgee_higher	nonzero_any
2	2	H2AC4	ENSG00000278463	H2AC4	H2AC4	14	N	nucleus accumbens	nucleus accumbens	nucleus accumbens	exact	False	0.0	0.0	0.0	0.0	0.0	0.0	0.0	0.0	equal	both_zero
2	2	H2AC4	ENSG00000278463	H2AC4	H2AC4	15	O	ovary	ovary	ovary	exact	False	0.0	59.99	0.0	1.785258633357701	-1.785258633357701	1.785258633357701	-59.99	59.99	bgee_higher	nonzero_any
2	2	H2AC4	ENSG00000278463	H2AC4	H2AC4	16	P	pancreas	pancreas	pancreas	exact	False	0.0	0.0	0.0	0.0	0.0	0.0	0.0	0.0	equal	both_zero
2	2	H2AC4	ENSG00000278463	H2AC4	H2AC4	17	Q	pituitary gland	pituitary gland	pituitary gland	exact	False	0.0	29.57	0.0	1.4852954387260888	-1.4852954387260888	1.4852954387260888	-29.57	29.57	bgee_higher	nonzero_any
2	2	H2AC4	ENSG00000278463	H2AC4	H2AC4	18	R	putamen	putamen	putamen	exact	False	0.0	0.0	0.0	0.0	0.0	0.0	0.0	0.0	equal	both_zero
2	2	H2AC4	ENSG00000278463	H2AC4	H2AC4	20	T	small intestine	small intestine	small intestine	exact	False	0.2	28.695	0.07918124604762482	1.4726833296130404	-1.3935020835654155	1.3935020835654155	-28.495	28.495	bgee_higher	nonzero_any
2	2	H2AC4	ENSG00000278463	H2AC4	H2AC4	21	U	spinal cord	spinal cord	spinal cord	exact	False	0.2	29.6	0.07918124604762482	1.4857214264815801	-1.4065401804339552	1.4065401804339552	-29.400000000000002	29.400000000000002	bgee_higher	nonzero_any
2	2	H2AC4	ENSG00000278463	H2AC4	H2AC4	22	V	spleen	spleen	spleen	exact	False	0.3	40.47571428571428	0.11394335230683679	1.6177938740857416	-1.5038505217789049	1.5038505217789049	-40.175714285714285	40.175714285714285	bgee_higher	nonzero_any
2	2	H2AC4	ENSG00000278463	H2AC4	H2AC4	23	W	stomach	stomach	stomach	exact	False	0.1	58.10583333333333	0.04139268515822508	1.7716303448315087	-1.7302376596732836	1.7302376596732836	-58.00583333333333	58.00583333333333	bgee_higher	nonzero_any
2	2	H2AC4	ENSG00000278463	H2AC4	H2AC4	24	X	substantia nigra	substantia nigra	substantia nigra	exact	False	0.0	30.4275	0.0	1.497309835061876	-1.497309835061876	1.497309835061876	-30.4275	30.4275	bgee_higher	nonzero_any
2	2	H2AC4	ENSG00000278463	H2AC4	H2AC4	25	Y	testis	testis	testis	exact	False	0.7	46.26222222222222	0.2304489213782739	1.6745141378667974	-1.4440652164885235	1.4440652164885235	-45.56222222222222	45.56222222222222	bgee_higher	nonzero_any
2	2	H2AC4	ENSG00000278463	H2AC4	H2AC4	26	Z	thyroid gland	thyroid gland	thyroid gland	exact	False	0.0	0.0	0.0	0.0	0.0	0.0	0.0	0.0	equal	both_zero
2	2	H2AC4	ENSG00000278463	H2AC4	H2AC4	27	AA	urinary bladder	urinary bladder	urinary bladder	exact	False	0.0	0.0	0.0	0.0	0.0	0.0	0.0	0.0	equal	both_zero
2	2	H2AC4	ENSG00000278463	H2AC4	H2AC4	28	AB	vagina	vagina	vagina	exact	False	0.1	51.72	0.04139268515822508	1.7219754015859534	-1.6805827164277283	1.6805827164277283	-51.62	51.62	bgee_higher	nonzero_any
2	2	H2AC4	ENSG00000278463	H2AC4	H2AC4	30	AD	caudate nucleus	caudate	caudate nucleus	safe_synonym	True	0.0	29.42	0.0	1.4831592097169797	-1.4831592097169797	1.4831592097169797	-29.42	29.42	bgee_higher	nonzero_any
2	2	H2AC4	ENSG00000278463	H2AC4	H2AC4	31	AE	uterine cervix	cervix	uterine cervix	safe_synonym	True	0.2	39.11	0.07918124604762482	1.6032526619816467	-1.5240714159340218	1.5240714159340218	-38.91	38.91	bgee_higher	nonzero_any
2	2	H2AC4	ENSG00000278463	H2AC4	H2AC4	32	AF	myocardium	heart muscle	myocardium	safe_synonym	True	0.0	0.0	0.0	0.0	0.0	0.0	0.0	0.0	equal	both_zero
2	2	H2AC4	ENSG00000278463	H2AC4	H2AC4	33	AG	prostate gland	prostate	prostate gland	safe_synonym	True	0.0	0.0	0.0	0.0	0.0	0.0	0.0	0.0	equal	both_zero
2	2	H2AC4	ENSG00000278463	H2AC4	H2AC4	34	AH	saliva-secreting gland	salivary gland	saliva-secreting gland	safe_synonym	True	0.0	0.0	0.0	0.0	0.0	0.0	0.0	0.0	equal	both_zero
2	2	H2AC4	ENSG00000278463	H2AC4	H2AC4	35	AI	skeletal muscle tissue	skeletal muscle	skeletal muscle tissue	safe_synonym	True	0.0	0.0	0.0	0.0	0.0	0.0	0.0	0.0	equal	both_zero
3	3	H2AC6	ENSG00000180573	H2AC6	H2AC6	1	A	adipose tissue	adipose tissue	adipose tissue	exact	False	13.6	84.59705882352942	1.1643528557844371	1.9324588422629438	-0.7681059864785067	0.7681059864785067	-70.99705882352943	70.99705882352943	bgee_higher	nonzero_any
3	3	H2AC6	ENSG00000180573	H2AC6	H2AC6	2	B	adrenal gland	adrenal gland	adrenal gland	exact	False	12.3	84.4875	1.1238516409670858	1.9319026167410862	-0.8080509757740004	0.8080509757740004	-72.1875	72.1875	bgee_higher	nonzero_any
3	3	H2AC6	ENSG00000180573	H2AC6	H2AC6	3	C	amygdala	amygdala	amygdala	exact	False	11.1	82.92090909090909	1.08278537031645	1.923870179797357	-0.8410848094809069	0.8410848094809069	-71.8209090909091	71.8209090909091	bgee_higher	nonzero_any
3	3	H2AC6	ENSG00000180573	H2AC6	H2AC6	4	D	cerebellum	cerebellum	cerebellum	exact	False	6.1	75.08500000000001	0.8512583487190752	1.8812990449527243	-1.030040696233649	1.030040696233649	-68.98500000000001	68.98500000000001	bgee_higher	nonzero_any
3	3	H2AC6	ENSG00000180573	H2AC6	H2AC6	5	E	cerebral cortex	cerebral cortex	cerebral cortex	exact	False	7.4	78.676	0.9242792860618817	1.9013275229365643	-0.9770482368746826	0.9770482368746826	-71.276	71.276	bgee_higher	nonzero_any
3	3	H2AC6	ENSG00000180573	H2AC6	H2AC6	6	F	colon	colon	colon	exact	False	12.8	88.48333333333333	1.1398790864012365	1.9517421535795942	-0.8118630671783578	0.8118630671783578	-75.68333333333334	75.68333333333334	bgee_higher	nonzero_any
3	3	H2AC6	ENSG00000180573	H2AC6	H2AC6	7	G	endometrium	endometrium	endometrium	exact	False	4.6	90.00466666666667	0.7481880270062004	1.9590636632619411	-1.2108756362557407	1.2108756362557407	-85.40466666666667	85.40466666666667	bgee_higher	nonzero_any
3	3	H2AC6	ENSG00000180573	H2AC6	H2AC6	8	H	esophagus	esophagus	esophagus	exact	False	27.3	87.89285714285714	1.4517864355242902	1.9488668652663739	-0.49708042974208366	0.49708042974208366	-60.59285714285714	60.59285714285714	bgee_higher	nonzero_any
3	3	H2AC6	ENSG00000180573	H2AC6	H2AC6	9	I	fallopian tube	fallopian tube	fallopian tube	exact	False	6.9	87.38499999999999	0.8976270912904415	1.9463785662575883	-1.0487514749671467	1.0487514749671467	-80.48499999999999	80.48499999999999	bgee_higher	nonzero_any
3	3	H2AC6	ENSG00000180573	H2AC6	H2AC6	10	J	hypothalamus	hypothalamus	hypothalamus	exact	False	10.4	85.02600000000001	1.0569048513364727	1.934629729731883	-0.8777248783954104	0.8777248783954104	-74.626	74.626	bgee_higher	nonzero_any
3	3	H2AC6	ENSG00000180573	H2AC6	H2AC6	11	K	kidney	kidney	kidney	exact	False	20.9	89.57166666666666	1.3404441148401183	1.9569923595444239	-0.6165482447043056	0.6165482447043056	-68.67166666666665	68.67166666666665	bgee_higher	nonzero_any
3	3	H2AC6	ENSG00000180573	H2AC6	H2AC6	12	L	liver	liver	liver	exact	False	29.5	90.51190476190476	1.4842998393467859	1.9614775950073857	-0.47717775566059983	0.47717775566059983	-61.01190476190476	61.01190476190476	bgee_higher	nonzero_any
3	3	H2AC6	ENSG00000180573	H2AC6	H2AC6	13	M	lung	lung	lung	exact	False	22.2	85.08947368421053	1.3654879848908996	1.9349500527273502	-0.5694620678364506	0.5694620678364506	-62.88947368421053	62.88947368421053	bgee_higher	nonzero_any
3	3	H2AC6	ENSG00000180573	H2AC6	H2AC6	14	N	nucleus accumbens	nucleus accumbens	nucleus accumbens	exact	False	9.7	82.89461538461539	1.0293837776852097	1.9237340873627473	-0.8943503096775376	0.8943503096775376	-73.19461538461539	73.19461538461539	bgee_higher	nonzero_any
3	3	H2AC6	ENSG00000180573	H2AC6	H2AC6	15	O	ovary	ovary	ovary	exact	False	12.3	86.89	1.1238516409670858	1.9439394644722163	-0.8200878235051305	0.8200878235051305	-74.59	74.59	bgee_higher	nonzero_any
3	3	H2AC6	ENSG00000180573	H2AC6	H2AC6	16	P	pancreas	pancreas	pancreas	exact	False	7.0	83.45500000000001	0.9030899869919435	1.9266253662590616	-1.023535379267118	1.023535379267118	-76.45500000000001	76.45500000000001	bgee_higher	nonzero_any
3	3	H2AC6	ENSG00000180573	H2AC6	H2AC6	17	Q	pituitary gland	pituitary gland	pituitary gland	exact	False	10.2	87.45357142857144	1.0492180226701815	1.9467153728071642	-0.8974973501369827	0.8974973501369827	-77.25357142857143	77.25357142857143	bgee_higher	nonzero_any
3	3	H2AC6	ENSG00000180573	H2AC6	H2AC6	18	R	putamen	putamen	putamen	exact	False	13.1	84.70928571428571	1.14921911265538	1.9330278757856765	-0.7838087631302966	0.7838087631302966	-71.60928571428572	71.60928571428572	bgee_higher	nonzero_any
3	3	H2AC6	ENSG00000180573	H2AC6	H2AC6	19	S	retina	retina	retina	exact	False	3.8	73.98	0.6812412373755872	1.874945436085532	-1.1937041987099448	1.1937041987099448	-70.18	70.18	bgee_higher	nonzero_any
3	3	H2AC6	ENSG00000180573	H2AC6	H2AC6	20	T	small intestine	small intestine	small intestine	exact	False	11.2	86.075	1.0863598306747482	1.9398934831302739	-0.8535336524555257	0.8535336524555257	-74.875	74.875	bgee_higher	nonzero_any
3	3	H2AC6	ENSG00000180573	H2AC6	H2AC6	21	U	spinal cord	spinal cord	spinal cord	exact	False	21.1	88.273	1.3443922736851108	1.9507201293919176	-0.6063278557068068	0.6063278557068068	-67.173	67.173	bgee_higher	nonzero_any
3	3	H2AC6	ENSG00000180573	H2AC6	H2AC6	22	V	spleen	spleen	spleen	exact	False	20.7	90.17416666666666	1.3364597338485296	1.9598718025454878	-0.6234120686969582	0.6234120686969582	-69.47416666666666	69.47416666666666	bgee_higher	nonzero_any
3	3	H2AC6	ENSG00000180573	H2AC6	H2AC6	23	W	stomach	stomach	stomach	exact	False	9.2	88.92	1.0086001717619175	1.9538562982249859	-0.9452561264630683	0.9452561264630683	-79.72	79.72	bgee_higher	nonzero_any
3	3	H2AC6	ENSG00000180573	H2AC6	H2AC6	24	X	substantia nigra	substantia nigra	substantia nigra	exact	False	15.3	87.208	1.212187604403958	1.9455079751351938	-0.7333203707312359	0.7333203707312359	-71.908	71.908	bgee_higher	nonzero_any
3	3	H2AC6	ENSG00000180573	H2AC6	H2AC6	25	Y	testis	testis	testis	exact	False	4.6	81.27	0.7481880270062004	1.9152414973061944	-1.1670534702999942	1.1670534702999942	-76.67	76.67	bgee_higher	nonzero_any
3	3	H2AC6	ENSG00000180573	H2AC6	H2AC6	26	Z	thyroid gland	thyroid gland	thyroid gland	exact	False	12.4	86.93235294117646	1.1271047983648077	1.9441486943988258	-0.8170438960340181	0.8170438960340181	-74.53235294117646	74.53235294117646	bgee_higher	nonzero_any
3	3	H2AC6	ENSG00000180573	H2AC6	H2AC6	27	AA	urinary bladder	urinary bladder	urinary bladder	exact	False	11.6	81.1525	1.100370545117563	1.9146207840788645	-0.8142502389613016	0.8142502389613016	-69.55250000000001	69.55250000000001	bgee_higher	nonzero_any
3	3	H2AC6	ENSG00000180573	H2AC6	H2AC6	28	AB	vagina	vagina	vagina	exact	False	27.7	95.305	1.4578818967339924	1.98364883557769	-0.5257669388436976	0.5257669388436976	-67.605	67.605	bgee_higher	nonzero_any
3	3	H2AC6	ENSG00000180573	H2AC6	H2AC6	29	AC	mammary gland	breast	mammary gland	safe_synonym	True	9.4	83.35499999999999	1.0170333392987803	1.9261108297592051	-0.9090774904604249	0.9090774904604249	-73.95499999999998	73.95499999999998	bgee_higher	nonzero_any
3	3	H2AC6	ENSG00000180573	H2AC6	H2AC6	30	AD	caudate nucleus	caudate	caudate nucleus	safe_synonym	True	11.9	84.35470588235295	1.110589710299249	1.9312274701771537	-0.8206377598779047	0.8206377598779047	-72.45470588235294	72.45470588235294	bgee_higher	nonzero_any
3	3	H2AC6	ENSG00000180573	H2AC6	H2AC6	31	AE	uterine cervix	cervix	uterine cervix	safe_synonym	True	20.9	84.4	1.3404441148401183	1.931457870689005	-0.5910137558488868	0.5910137558488868	-63.50000000000001	63.50000000000001	bgee_higher	nonzero_any
3	3	H2AC6	ENSG00000180573	H2AC6	H2AC6	32	AF	myocardium	heart muscle	myocardium	safe_synonym	True	10.8	83.56	1.0718820073061255	1.92716497429937	-0.8552829669932445	0.8552829669932445	-72.76	72.76	bgee_higher	nonzero_any
3	3	H2AC6	ENSG00000180573	H2AC6	H2AC6	33	AG	prostate gland	prostate	prostate gland	safe_synonym	True	25.2	91.685	1.4183012913197455	1.9670094542702596	-0.5487081629505142	0.5487081629505142	-66.485	66.485	bgee_higher	nonzero_any
3	3	H2AC6	ENSG00000180573	H2AC6	H2AC6	34	AH	saliva-secreting gland	salivary gland	saliva-secreting gland	safe_synonym	True	10.4	78.862	1.0569048513364727	1.9023401821178678	-0.8454353307813951	0.8454353307813951	-68.46199999999999	68.46199999999999	bgee_higher	nonzero_any
3	3	H2AC6	ENSG00000180573	H2AC6	H2AC6	35	AI	skeletal muscle tissue	skeletal muscle	skeletal muscle tissue	safe_synonym	True	19.5	81.73333333333333	1.3117538610557542	1.9176805224430487	-0.6059266613872945	0.6059266613872945	-62.233333333333334	62.233333333333334	bgee_higher	nonzero_any
4	4	H2AC7	ENSG00000196866	H2AC7	H2AC7	1	A	adipose tissue	adipose tissue	adipose tissue	exact	False	0.7	40.02	0.2304489213782739	1.6129956560323475	-1.3825467346540736	1.3825467346540736	-39.32	39.32	bgee_higher	nonzero_any
4	4	H2AC7	ENSG00000196866	H2AC7	H2AC7	2	B	adrenal gland	adrenal gland	adrenal gland	exact	False	0.2	42.080000000000005	0.07918124604762482	1.634275694625944	-1.5550944485783191	1.5550944485783191	-41.88	41.88	bgee_higher	nonzero_any
4	4	H2AC7	ENSG00000196866	H2AC7	H2AC7	3	C	amygdala	amygdala	amygdala	exact	False	0.2	30.68	0.07918124604762482	1.500785172917456	-1.421603926869831	1.421603926869831	-30.48	30.48	bgee_higher	nonzero_any
4	4	H2AC7	ENSG00000196866	H2AC7	H2AC7	4	D	cerebellum	cerebellum	cerebellum	exact	False	0.0	0.0	0.0	0.0	0.0	0.0	0.0	0.0	equal	both_zero
4	4	H2AC7	ENSG00000196866	H2AC7	H2AC7	5	E	cerebral cortex	cerebral cortex	cerebral cortex	exact	False	0.1	29.26	0.04139268515822508	1.480868923687168	-1.4394762385289428	1.4394762385289428	-29.16	29.16	bgee_higher	nonzero_any
4	4	H2AC7	ENSG00000196866	H2AC7	H2AC7	6	F	colon	colon	colon	exact	False	0.5	59.18333333333333	0.17609125905568124	1.779476238043183	-1.6033849789875019	1.6033849789875019	-58.68333333333333	58.68333333333333	bgee_higher	nonzero_any
4	4	H2AC7	ENSG00000196866	H2AC7	H2AC7	7	G	endometrium	endometrium	endometrium	exact	False	0.1	31.16	0.04139268515822508	1.5073160400764136	-1.4659233549181885	1.4659233549181885	-31.06	31.06	bgee_higher	nonzero_any
4	4	H2AC7	ENSG00000196866	H2AC7	H2AC7	8	H	esophagus	esophagus	esophagus	exact	False	2.4	44.975	0.5314789170422551	1.6625217379101151	-1.13104282086786	1.13104282086786	-42.575	42.575	bgee_higher	nonzero_any
4	4	H2AC7	ENSG00000196866	H2AC7	H2AC7	9	I	fallopian tube	fallopian tube	fallopian tube	exact	False	0.6	26.66	0.2041199826559248	1.4418521757732918	-1.237732193117367	1.237732193117367	-26.06	26.06	bgee_higher	nonzero_any
4	4	H2AC7	ENSG00000196866	H2AC7	H2AC7	10	J	hypothalamus	hypothalamus	hypothalamus	exact	False	0.2	36.92	0.07918124604762482	1.5788683286660288	-1.4996870826184039	1.4996870826184039	-36.72	36.72	bgee_higher	nonzero_any
4	4	H2AC7	ENSG00000196866	H2AC7	H2AC7	11	K	kidney	kidney	kidney	exact	False	0.6	84.3325	0.2041199826559248	1.9311144694144284	-1.7269944867585036	1.7269944867585036	-83.7325	83.7325	bgee_higher	nonzero_any
4	4	H2AC7	ENSG00000196866	H2AC7	H2AC7	12	L	liver	liver	liver	exact	False	1.2	49.57125	0.3424226808222063	1.7039036884831105	-1.3614810076609043	1.3614810076609043	-48.371249999999996	48.371249999999996	bgee_higher	nonzero_any
4	4	H2AC7	ENSG00000196866	H2AC7	H2AC7	13	M	lung	lung	lung	exact	False	2.1	64.38714285714285	0.4913616938342727	1.8154923609369154	-1.3241306671026427	1.3241306671026427	-62.28714285714285	62.28714285714285	bgee_higher	nonzero_any
4	4	H2AC7	ENSG00000196866	H2AC7	H2AC7	14	N	nucleus accumbens	nucleus accumbens	nucleus accumbens	exact	False	0.1	28.76333333333333	0.04139268515822508	1.473681568244996	-1.4322888830867708	1.4322888830867708	-28.663333333333327	28.663333333333327	bgee_higher	nonzero_any
4	4	H2AC7	ENSG00000196866	H2AC7	H2AC7	15	O	ovary	ovary	ovary	exact	False	0.6	38.10333333333333	0.2041199826559248	1.5922137800702767	-1.388093797414352	1.388093797414352	-37.50333333333333	37.50333333333333	bgee_higher	nonzero_any
4	4	H2AC7	ENSG00000196866	H2AC7	H2AC7	16	P	pancreas	pancreas	pancreas	exact	False	0.1	31.26	0.04139268515822508	1.5086643630529428	-1.4672716778947177	1.4672716778947177	-31.16	31.16	bgee_higher	nonzero_any
4	4	H2AC7	ENSG00000196866	H2AC7	H2AC7	17	Q	pituitary gland	pituitary gland	pituitary gland	exact	False	0.3	38.04375	0.11394335230683679	1.591551523290097	-1.4776081709832602	1.4776081709832602	-37.743750000000006	37.743750000000006	bgee_higher	nonzero_any
4	4	H2AC7	ENSG00000196866	H2AC7	H2AC7	18	R	putamen	putamen	putamen	exact	False	0.1	37.53666666666666	0.04139268515822508	1.5858741464668047	-1.5444814613085796	1.5444814613085796	-37.43666666666666	37.43666666666666	bgee_higher	nonzero_any
4	4	H2AC7	ENSG00000196866	H2AC7	H2AC7	20	T	small intestine	small intestine	small intestine	exact	False	0.5	39.725	0.17609125905568124	1.609861092980547	-1.433769833924866	1.433769833924866	-39.225	39.225	bgee_higher	nonzero_any
4	4	H2AC7	ENSG00000196866	H2AC7	H2AC7	22	V	spleen	spleen	spleen	exact	False	1.1	48.408181818181816	0.3222192947339193	1.6937988724917368	-1.3715795777578175	1.3715795777578175	-47.308181818181815	47.308181818181815	bgee_higher	nonzero_any
4	4	H2AC7	ENSG00000196866	H2AC7	H2AC7	23	W	stomach	stomach	stomach	exact	False	0.5	66.8625	0.17609125905568124	1.8316298546637362	-1.6555385956080548	1.6555385956080548	-66.3625	66.3625	bgee_higher	nonzero_any
4	4	H2AC7	ENSG00000196866	H2AC7	H2AC7	24	X	substantia nigra	substantia nigra	substantia nigra	exact	False	0.2	41.16571428571428	0.07918124604762482	1.6249594616586567	-1.5457782156110318	1.5457782156110318	-40.96571428571428	40.96571428571428	bgee_higher	nonzero_any
4	4	H2AC7	ENSG00000196866	H2AC7	H2AC7	25	Y	testis	testis	testis	exact	False	0.3	32.8	0.11394335230683679	1.5289167002776547	-1.414973347970818	1.414973347970818	-32.5	32.5	bgee_higher	nonzero_any
4	4	H2AC7	ENSG00000196866	H2AC7	H2AC7	26	Z	thyroid gland	thyroid gland	thyroid gland	exact	False	0.3	35.367777777777775	0.11394335230683679	1.5607167646693985	-1.4467734123625617	1.4467734123625617	-35.06777777777778	35.06777777777778	bgee_higher	nonzero_any
4	4	H2AC7	ENSG00000196866	H2AC7	H2AC7	27	AA	urinary bladder	urinary bladder	urinary bladder	exact	False	0.1	41.42	0.04139268515822508	1.627570664180543	-1.5861779790223178	1.5861779790223178	-41.32	41.32	bgee_higher	nonzero_any
4	4	H2AC7	ENSG00000196866	H2AC7	H2AC7	28	AB	vagina	vagina	vagina	exact	False	2.8	61.592	0.5797835966168101	1.7965188287714886	-1.2167352321546785	1.2167352321546785	-58.792	58.792	bgee_higher	nonzero_any
4	4	H2AC7	ENSG00000196866	H2AC7	H2AC7	30	AD	caudate nucleus	caudate	caudate nucleus	safe_synonym	True	0.2	34.02	0.07918124604762482	1.5443161417474274	-1.4651348956998025	1.4651348956998025	-33.82	33.82	bgee_higher	nonzero_any
4	4	H2AC7	ENSG00000196866	H2AC7	H2AC7	31	AE	uterine cervix	cervix	uterine cervix	safe_synonym	True	3.2	53.7	0.6232492903979004	1.737987326333431	-1.1147380359355306	1.1147380359355306	-50.5	50.5	bgee_higher	nonzero_any
4	4	H2AC7	ENSG00000196866	H2AC7	H2AC7	33	AG	prostate gland	prostate	prostate gland	safe_synonym	True	2.0	50.80125	0.47712125471966244	1.7143402396979828	-1.2372189849783204	1.2372189849783204	-48.80125	48.80125	bgee_higher	nonzero_any
4	4	H2AC7	ENSG00000196866	H2AC7	H2AC7	34	AH	saliva-secreting gland	salivary gland	saliva-secreting gland	safe_synonym	True	0.5	44.55	0.17609125905568124	1.658488381309017	-1.4823971222533356	1.4823971222533356	-44.05	44.05	bgee_higher	nonzero_any
4	4	H2AC7	ENSG00000196866	H2AC7	H2AC7	35	AI	skeletal muscle tissue	skeletal muscle	skeletal muscle tissue	safe_synonym	True	0.0	0.0	0.0	0.0	0.0	0.0	0.0	0.0	equal	both_zero
5	5	H2AC8	ENSG00000277075	H2AC8	H2AC8	1	A	adipose tissue	adipose tissue	adipose tissue	exact	False	4.2	52.031000000000006	0.7160033436347992	1.7245298166412322	-1.008526473006433	1.008526473006433	-47.831	47.831	bgee_higher	nonzero_any
5	5	H2AC8	ENSG00000277075	H2AC8	H2AC8	2	B	adrenal gland	adrenal gland	adrenal gland	exact	False	2.3	74.29249999999999	0.5185139398778874	1.8767517176238528	-1.3582377777459653	1.3582377777459653	-71.99249999999999	71.99249999999999	bgee_higher	nonzero_any
5	5	H2AC8	ENSG00000277075	H2AC8	H2AC8	3	C	amygdala	amygdala	amygdala	exact	False	1.7	57.315	0.43136376415898736	1.765780279961852	-1.3344165158028647	1.3344165158028647	-55.614999999999995	55.614999999999995	bgee_higher	nonzero_any
5	5	H2AC8	ENSG00000277075	H2AC8	H2AC8	4	D	cerebellum	cerebellum	cerebellum	exact	False	2.5	57.72166666666666	0.5440680443502757	1.7687983734384032	-1.2247303290881275	1.2247303290881275	-55.22166666666666	55.22166666666666	bgee_higher	nonzero_any
5	5	H2AC8	ENSG00000277075	H2AC8	H2AC8	5	E	cerebral cortex	cerebral cortex	cerebral cortex	exact	False	1.2	54.215555555555554	0.3424226808222063	1.7420614462116364	-1.39963876538943	1.39963876538943	-53.01555555555555	53.01555555555555	bgee_higher	nonzero_any
5	5	H2AC8	ENSG00000277075	H2AC8	H2AC8	6	F	colon	colon	colon	exact	False	7.7	73.280625	0.9395192526186185	1.8708755492533817	-0.9313562966347633	0.9313562966347633	-65.580625	65.580625	bgee_higher	nonzero_any
5	5	H2AC8	ENSG00000277075	H2AC8	H2AC8	7	G	endometrium	endometrium	endometrium	exact	False	0.8	57.74400000000001	0.25527250510330607	1.7689635151997583	-1.5136910100964522	1.5136910100964522	-56.94400000000001	56.94400000000001	bgee_higher	nonzero_any
5	5	H2AC8	ENSG00000277075	H2AC8	H2AC8	8	H	esophagus	esophagus	esophagus	exact	False	8.4	66.75428571428571	0.9731278535996987	1.8309367711803641	-0.8578089175806655	0.8578089175806655	-58.354285714285716	58.354285714285716	bgee_higher	nonzero_any
5	5	H2AC8	ENSG00000277075	H2AC8	H2AC8	9	I	fallopian tube	fallopian tube	fallopian tube	exact	False	7.5	64.695	0.9294189257142927	1.817532316971622	-0.8881133912573292	0.8881133912573292	-57.19499999999999	57.19499999999999	bgee_higher	nonzero_any
5	5	H2AC8	ENSG00000277075	H2AC8	H2AC8	10	J	hypothalamus	hypothalamus	hypothalamus	exact	False	2.2	61.2375	0.505149978319906	1.7940521392835158	-1.2889021609636098	1.2889021609636098	-59.037499999999994	59.037499999999994	bgee_higher	nonzero_any
5	5	H2AC8	ENSG00000277075	H2AC8	H2AC8	11	K	kidney	kidney	kidney	exact	False	11.2	70.64333333333333	1.0863598306747482	1.855175783969223	-0.7688159532944747	0.7688159532944747	-59.44333333333333	59.44333333333333	bgee_higher	nonzero_any
5	5	H2AC8	ENSG00000277075	H2AC8	H2AC8	12	L	liver	liver	liver	exact	False	5.5	65.455	0.8129133566428556	1.822527662339968	-1.0096143056971125	1.0096143056971125	-59.955	59.955	bgee_higher	nonzero_any
5	5	H2AC8	ENSG00000277075	H2AC8	H2AC8	13	M	lung	lung	lung	exact	False	7.7	67.78714285714285	0.9395192526186185	1.8375072709680442	-0.8979880183494258	0.8979880183494258	-60.08714285714285	60.08714285714285	bgee_higher	nonzero_any
5	5	H2AC8	ENSG00000277075	H2AC8	H2AC8	14	N	nucleus accumbens	nucleus accumbens	nucleus accumbens	exact	False	1.5	57.64545454545455	0.3979400086720376	1.7682343567358247	-1.370294348063787	1.370294348063787	-56.14545454545455	56.14545454545455	bgee_higher	nonzero_any
5	5	H2AC8	ENSG00000277075	H2AC8	H2AC8	15	O	ovary	ovary	ovary	exact	False	6.5	71.80636363636364	0.8750612633917001	1.8621693404582826	-0.9871080770665825	0.9871080770665825	-65.30636363636364	65.30636363636364	bgee_higher	nonzero_any
5	5	H2AC8	ENSG00000277075	H2AC8	H2AC8	16	P	pancreas	pancreas	pancreas	exact	False	1.0	51.075	0.3010299956639812	1.7166292786197834	-1.4155992829558022	1.4155992829558022	-50.075	50.075	bgee_higher	nonzero_any
5	5	H2AC8	ENSG00000277075	H2AC8	H2AC8	17	Q	pituitary gland	pituitary gland	pituitary gland	exact	False	3.3	63.474545454545456	0.6334684555795865	1.8093882890452828	-1.1759198334656964	1.1759198334656964	-60.17454545454546	60.17454545454546	bgee_higher	nonzero_any
5	5	H2AC8	ENSG00000277075	H2AC8	H2AC8	18	R	putamen	putamen	putamen	exact	False	1.5	58.475	0.3979400086720376	1.774334450709304	-1.3763944420372662	1.3763944420372662	-56.975	56.975	bgee_higher	nonzero_any
5	5	H2AC8	ENSG00000277075	H2AC8	H2AC8	20	T	small intestine	small intestine	small intestine	exact	False	4.5	69.31	0.7403626894942439	1.8470170979353542	-1.1066544084411103	1.1066544084411103	-64.81	64.81	bgee_higher	nonzero_any
5	5	H2AC8	ENSG00000277075	H2AC8	H2AC8	21	U	spinal cord	spinal cord	spinal cord	exact	False	10.8	70.505	1.0718820073061255	1.8543364109827232	-0.7824544036765977	0.7824544036765977	-59.705	59.705	bgee_higher	nonzero_any
5	5	H2AC8	ENSG00000277075	H2AC8	H2AC8	22	V	spleen	spleen	spleen	exact	False	9.3	71.3575	1.0128372247051722	1.8594835532822898	-0.8466463285771175	0.8466463285771175	-62.057500000000005	62.057500000000005	bgee_higher	nonzero_any
5	5	H2AC8	ENSG00000277075	H2AC8	H2AC8	23	W	stomach	stomach	stomach	exact	False	5.1	80.13666666666667	0.785329835010767	1.9092171616378486	-1.1238873266270817	1.1238873266270817	-75.03666666666668	75.03666666666668	bgee_higher	nonzero_any
5	5	H2AC8	ENSG00000277075	H2AC8	H2AC8	24	X	substantia nigra	substantia nigra	substantia nigra	exact	False	3.0	62.596	0.6020599913279624	1.8034298006710845	-1.201369809343122	1.201369809343122	-59.596	59.596	bgee_higher	nonzero_any
5	5	H2AC8	ENSG00000277075	H2AC8	H2AC8	25	Y	testis	testis	testis	exact	False	4.1	67.59538461538462	0.7075701760979364	1.8362948955390805	-1.128724719441144	1.128724719441144	-63.495384615384616	63.495384615384616	bgee_higher	nonzero_any
5	5	H2AC8	ENSG00000277075	H2AC8	H2AC8	26	Z	thyroid gland	thyroid gland	thyroid gland	exact	False	5.6	70.20058823529412	0.8195439355418687	1.8524835816465053	-1.0329396461046367	1.0329396461046367	-64.60058823529413	64.60058823529413	bgee_higher	nonzero_any
5	5	H2AC8	ENSG00000277075	H2AC8	H2AC8	27	AA	urinary bladder	urinary bladder	urinary bladder	exact	False	2.2	59.75625	0.505149978319906	1.7835909604743811	-1.278440982154475	1.278440982154475	-57.55625	57.55625	bgee_higher	nonzero_any
5	5	H2AC8	ENSG00000277075	H2AC8	H2AC8	28	AB	vagina	vagina	vagina	exact	False	16.9	72.46916666666667	1.252853030979893	1.8661051138321163	-0.6132520828522232	0.6132520828522232	-55.56916666666667	55.56916666666667	bgee_higher	nonzero_any
5	5	H2AC8	ENSG00000277075	H2AC8	H2AC8	29	AC	mammary gland	breast	mammary gland	safe_synonym	True	3.5	46.98	0.6532125137753437	1.6810602436318118	-1.027847729856468	1.027847729856468	-43.48	43.48	bgee_higher	nonzero_any
5	5	H2AC8	ENSG00000277075	H2AC8	H2AC8	30	AD	caudate nucleus	caudate	caudate nucleus	safe_synonym	True	2.2	60.42	0.505149978319906	1.7883098121070502	-1.2831598337871442	1.2831598337871442	-58.22	58.22	bgee_higher	nonzero_any
5	5	H2AC8	ENSG00000277075	H2AC8	H2AC8	31	AE	uterine cervix	cervix	uterine cervix	safe_synonym	True	14.3	62.782	1.1846914308175989	1.8046981332096306	-0.6200067023920317	0.6200067023920317	-48.482	48.482	bgee_higher	nonzero_any
5	5	H2AC8	ENSG00000277075	H2AC8	H2AC8	32	AF	myocardium	heart muscle	myocardium	safe_synonym	True	4.0	0.0	0.6989700043360189	0.0	0.6989700043360189	0.6989700043360189	4.0	4.0	hpa_higher	nonzero_any
5	5	H2AC8	ENSG00000277075	H2AC8	H2AC8	33	AG	prostate gland	prostate	prostate gland	safe_synonym	True	31.9	81.388125	1.5171958979499742	1.9158646192380835	-0.39866872128810926	0.39866872128810926	-49.488125000000004	49.488125000000004	bgee_higher	nonzero_any
5	5	H2AC8	ENSG00000277075	H2AC8	H2AC8	34	AH	saliva-secreting gland	salivary gland	saliva-secreting gland	safe_synonym	True	4.6	63.612	0.7481880270062004	1.8103131844006473	-1.0621251573944468	1.0621251573944468	-59.012	59.012	bgee_higher	nonzero_any
5	5	H2AC8	ENSG00000277075	H2AC8	H2AC8	35	AI	skeletal muscle tissue	skeletal muscle	skeletal muscle tissue	safe_synonym	True	0.2	0.0	0.07918124604762482	0.0	0.07918124604762482	0.07918124604762482	0.2	0.2	hpa_higher	nonzero_any
6	6	H2AC11	ENSG00000196787	H2AC11	H2AC11	1	A	adipose tissue	adipose tissue	adipose tissue	exact	False	0.2	42.38375	0.07918124604762482	1.6373270888012392	-1.5581458427536143	1.5581458427536143	-42.183749999999996	42.183749999999996	bgee_higher	nonzero_any
6	6	H2AC11	ENSG00000196787	H2AC11	H2AC11	2	B	adrenal gland	adrenal gland	adrenal gland	exact	False	0.2	51.1	0.07918124604762482	1.7168377232995244	-1.6376564772518996	1.6376564772518996	-50.9	50.9	bgee_higher	nonzero_any
6	6	H2AC11	ENSG00000196787	H2AC11	H2AC11	3	C	amygdala	amygdala	amygdala	exact	False	0.1	40.27	0.04139268515822508	1.615634468877416	-1.5742417837191909	1.5742417837191909	-40.17	40.17	bgee_higher	nonzero_any
6	6	H2AC11	ENSG00000196787	H2AC11	H2AC11	4	D	cerebellum	cerebellum	cerebellum	exact	False	0.0	0.0	0.0	0.0	0.0	0.0	0.0	0.0	equal	both_zero
6	6	H2AC11	ENSG00000196787	H2AC11	H2AC11	5	E	cerebral cortex	cerebral cortex	cerebral cortex	exact	False	0.1	50.21333333333334	0.04139268515822508	1.709383043773476	-1.667990358615251	1.667990358615251	-50.11333333333334	50.11333333333334	bgee_higher	nonzero_any
6	6	H2AC11	ENSG00000196787	H2AC11	H2AC11	6	F	colon	colon	colon	exact	False	0.6	59.79764705882353	0.2041199826559248	1.7838867718855194	-1.5797667892295946	1.5797667892295946	-59.19764705882353	59.19764705882353	bgee_higher	nonzero_any
6	6	H2AC11	ENSG00000196787	H2AC11	H2AC11	7	G	endometrium	endometrium	endometrium	exact	False	0.1	56.905	0.04139268515822508	1.7627160659494623	-1.7213233807912371	1.7213233807912371	-56.805	56.805	bgee_higher	nonzero_any
6	6	H2AC11	ENSG00000196787	H2AC11	H2AC11	8	H	esophagus	esophagus	esophagus	exact	False	0.6	51.70857142857143	0.2041199826559248	1.7218812456003483	-1.5177612629444235	1.5177612629444235	-51.10857142857143	51.10857142857143	bgee_higher	nonzero_any
6	6	H2AC11	ENSG00000196787	H2AC11	H2AC11	9	I	fallopian tube	fallopian tube	fallopian tube	exact	False	0.1	46.23	0.04139268515822508	1.6742179455767	-1.6328252604184748	1.6328252604184748	-46.129999999999995	46.129999999999995	bgee_higher	nonzero_any
6	6	H2AC11	ENSG00000196787	H2AC11	H2AC11	10	J	hypothalamus	hypothalamus	hypothalamus	exact	False	0.3	44.334	0.11394335230683679	1.656424040287152	-1.5424806879803152	1.5424806879803152	-44.034000000000006	44.034000000000006	bgee_higher	nonzero_any
6	6	H2AC11	ENSG00000196787	H2AC11	H2AC11	11	K	kidney	kidney	kidney	exact	False	0.2	63.52	0.07918124604762482	1.809694358716924	-1.7305131126692992	1.7305131126692992	-63.32	63.32	bgee_higher	nonzero_any
6	6	H2AC11	ENSG00000196787	H2AC11	H2AC11	12	L	liver	liver	liver	exact	False	0.5	57.458	0.17609125905568124	1.7668439529334603	-1.590752693877779	1.590752693877779	-56.958	56.958	bgee_higher	nonzero_any
6	6	H2AC11	ENSG00000196787	H2AC11	H2AC11	13	M	lung	lung	lung	exact	False	0.3	61.1390909090909	0.11394335230683679	1.7933648952650547	-1.679421542958218	1.679421542958218	-60.839090909090906	60.839090909090906	bgee_higher	nonzero_any
6	6	H2AC11	ENSG00000196787	H2AC11	H2AC11	14	N	nucleus accumbens	nucleus accumbens	nucleus accumbens	exact	False	0.1	40.295	0.04139268515822508	1.6158974704490114	-1.5745047852907863	1.5745047852907863	-40.195	40.195	bgee_higher	nonzero_any
6	6	H2AC11	ENSG00000196787	H2AC11	H2AC11	15	O	ovary	ovary	ovary	exact	False	0.1	75.20599999999999	0.04139268515822508	1.8819891664092534	-1.8405964812510283	1.8405964812510283	-75.106	75.106	bgee_higher	nonzero_any
6	6	H2AC11	ENSG00000196787	H2AC11	H2AC11	16	P	pancreas	pancreas	pancreas	exact	False	0.1	41.935	0.04139268515822508	1.63281146723474	-1.5914187820765149	1.5914187820765149	-41.835	41.835	bgee_higher	nonzero_any
6	6	H2AC11	ENSG00000196787	H2AC11	H2AC11	17	Q	pituitary gland	pituitary gland	pituitary gland	exact	False	0.1	34.19	0.04139268515822508	1.5464192668351917	-1.5050265816769666	1.5050265816769666	-34.089999999999996	34.089999999999996	bgee_higher	nonzero_any
6	6	H2AC11	ENSG00000196787	H2AC11	H2AC11	18	R	putamen	putamen	putamen	exact	False	0.1	43.94	0.04139268515822508	1.65263306808311	-1.611240382924885	1.611240382924885	-43.839999999999996	43.839999999999996	bgee_higher	nonzero_any
6	6	H2AC11	ENSG00000196787	H2AC11	H2AC11	20	T	small intestine	small intestine	small intestine	exact	False	0.5	51.445	0.17609125905568124	1.7197040897475344	-1.543612830691853	1.543612830691853	-50.945	50.945	bgee_higher	nonzero_any
6	6	H2AC11	ENSG00000196787	H2AC11	H2AC11	21	U	spinal cord	spinal cord	spinal cord	exact	False	0.5	48.915	0.17609125905568124	1.6982310754491192	-1.5221398163934379	1.5221398163934379	-48.415	48.415	bgee_higher	nonzero_any
6	6	H2AC11	ENSG00000196787	H2AC11	H2AC11	22	V	spleen	spleen	spleen	exact	False	0.8	54.814166666666665	0.25527250510330607	1.7467444448924978	-1.4914719397891918	1.4914719397891918	-54.01416666666667	54.01416666666667	bgee_higher	nonzero_any
6	6	H2AC11	ENSG00000196787	H2AC11	H2AC11	23	W	stomach	stomach	stomach	exact	False	0.3	66.73583333333333	0.11394335230683679	1.8308184781663572	-1.7168751258595205	1.7168751258595205	-66.43583333333333	66.43583333333333	bgee_higher	nonzero_any
6	6	H2AC11	ENSG00000196787	H2AC11	H2AC11	24	X	substantia nigra	substantia nigra	substantia nigra	exact	False	0.5	49.35545454545454	0.17609125905568124	1.7020465205835411	-1.52595526152786	1.52595526152786	-48.85545454545454	48.85545454545454	bgee_higher	nonzero_any
6	6	H2AC11	ENSG00000196787	H2AC11	H2AC11	25	Y	testis	testis	testis	exact	False	3.1	66.72461538461538	0.6127838567197355	1.8307465473070736	-1.2179626905873382	1.2179626905873382	-63.624615384615375	63.624615384615375	bgee_higher	nonzero_any
6	6	H2AC11	ENSG00000196787	H2AC11	H2AC11	26	Z	thyroid gland	thyroid gland	thyroid gland	exact	False	0.2	45.45066666666666	0.07918124604762482	1.6669919514314238	-1.5878107053837989	1.5878107053837989	-45.25066666666666	45.25066666666666	bgee_higher	nonzero_any
6	6	H2AC11	ENSG00000196787	H2AC11	H2AC11	27	AA	urinary bladder	urinary bladder	urinary bladder	exact	False	0.1	46.5025	0.04139268515822508	1.6767164666276824	-1.6353237814694572	1.6353237814694572	-46.402499999999996	46.402499999999996	bgee_higher	nonzero_any
6	6	H2AC11	ENSG00000196787	H2AC11	H2AC11	28	AB	vagina	vagina	vagina	exact	False	0.4	59.892727272727264	0.146128035678238	1.7845654257374142	-1.6384373900591762	1.6384373900591762	-59.492727272727265	59.492727272727265	bgee_higher	nonzero_any
6	6	H2AC11	ENSG00000196787	H2AC11	H2AC11	29	AC	mammary gland	breast	mammary gland	safe_synonym	True	0.1	42.82	0.04139268515822508	1.6416723732246865	-1.6002796880664614	1.6002796880664614	-42.72	42.72	bgee_higher	nonzero_any
6	6	H2AC11	ENSG00000196787	H2AC11	H2AC11	30	AD	caudate nucleus	caudate	caudate nucleus	safe_synonym	True	0.1	39.72	0.04139268515822508	1.6098077693287023	-1.5684150841704771	1.5684150841704771	-39.62	39.62	bgee_higher	nonzero_any
6	6	H2AC11	ENSG00000196787	H2AC11	H2AC11	31	AE	uterine cervix	cervix	uterine cervix	safe_synonym	True	0.3	51.93	0.11394335230683679	1.7237018939912678	-1.609758541684431	1.609758541684431	-51.63	51.63	bgee_higher	nonzero_any
6	6	H2AC11	ENSG00000196787	H2AC11	H2AC11	32	AF	myocardium	heart muscle	myocardium	safe_synonym	True	0.2	0.0	0.07918124604762482	0.0	0.07918124604762482	0.07918124604762482	0.2	0.2	hpa_higher	nonzero_any
6	6	H2AC11	ENSG00000196787	H2AC11	H2AC11	33	AG	prostate gland	prostate	prostate gland	safe_synonym	True	0.6	49.52125	0.2041199826559248	1.703474087358085	-1.4993541047021601	1.4993541047021601	-48.92125	48.92125	bgee_higher	nonzero_any
6	6	H2AC11	ENSG00000196787	H2AC11	H2AC11	34	AH	saliva-secreting gland	salivary gland	saliva-secreting gland	safe_synonym	True	0.1	0.0	0.04139268515822508	0.0	0.04139268515822508	0.04139268515822508	0.1	0.1	hpa_higher	nonzero_any
6	6	H2AC11	ENSG00000196787	H2AC11	H2AC11	35	AI	skeletal muscle tissue	skeletal muscle	skeletal muscle tissue	safe_synonym	True	0.1	0.0	0.04139268515822508	0.0	0.04139268515822508	0.04139268515822508	0.1	0.1	hpa_higher	nonzero_any
7	7	H2AC12	ENSG00000274997	H2AC12	H2AC12	1	A	adipose tissue	adipose tissue	adipose tissue	exact	False	0.2	34.585	0.07918124604762482	1.5512669701629442	-1.4720857241153193	1.4720857241153193	-34.385	34.385	bgee_higher	nonzero_any
7	7	H2AC12	ENSG00000274997	H2AC12	H2AC12	2	B	adrenal gland	adrenal gland	adrenal gland	exact	False	0.0	43.06	0.0	1.6440444928147488	-1.6440444928147488	1.6440444928147488	-43.06	43.06	bgee_higher	nonzero_any
7	7	H2AC12	ENSG00000274997	H2AC12	H2AC12	3	C	amygdala	amygdala	amygdala	exact	False	0.1	0.0	0.04139268515822508	0.0	0.04139268515822508	0.04139268515822508	0.1	0.1	hpa_higher	nonzero_any
7	7	H2AC12	ENSG00000274997	H2AC12	H2AC12	4	D	cerebellum	cerebellum	cerebellum	exact	False	0.0	0.0	0.0	0.0	0.0	0.0	0.0	0.0	equal	both_zero
7	7	H2AC12	ENSG00000274997	H2AC12	H2AC12	5	E	cerebral cortex	cerebral cortex	cerebral cortex	exact	False	0.0	24.97	0.0	1.4144719496293028	-1.4144719496293028	1.4144719496293028	-24.97	24.97	bgee_higher	nonzero_any
7	7	H2AC12	ENSG00000274997	H2AC12	H2AC12	6	F	colon	colon	colon	exact	False	0.7	62.0488888888889	0.2304489213782739	1.7996774374011497	-1.5692285160228758	1.5692285160228758	-61.348888888888894	61.348888888888894	bgee_higher	nonzero_any
7	7	H2AC12	ENSG00000274997	H2AC12	H2AC12	7	G	endometrium	endometrium	endometrium	exact	False	0.0	0.0	0.0	0.0	0.0	0.0	0.0	0.0	equal	both_zero
7	7	H2AC12	ENSG00000274997	H2AC12	H2AC12	8	H	esophagus	esophagus	esophagus	exact	False	0.2	36.89	0.07918124604762482	1.5785246052749933	-1.4993433592273684	1.4993433592273684	-36.69	36.69	bgee_higher	nonzero_any
7	7	H2AC12	ENSG00000274997	H2AC12	H2AC12	9	I	fallopian tube	fallopian tube	fallopian tube	exact	False	0.1	29.0	0.04139268515822508	1.4771212547196624	-1.4357285695614372	1.4357285695614372	-28.9	28.9	bgee_higher	nonzero_any
7	7	H2AC12	ENSG00000274997	H2AC12	H2AC12	10	J	hypothalamus	hypothalamus	hypothalamus	exact	False	0.0	36.465	0.0	1.57362573693412	-1.57362573693412	1.57362573693412	-36.465	36.465	bgee_higher	nonzero_any
7	7	H2AC12	ENSG00000274997	H2AC12	H2AC12	11	K	kidney	kidney	kidney	exact	False	0.0	79.3925	0.0	1.9052155343138024	-1.9052155343138024	1.9052155343138024	-79.3925	79.3925	bgee_higher	nonzero_any
7	7	H2AC12	ENSG00000274997	H2AC12	H2AC12	12	L	liver	liver	liver	exact	False	0.1	36.705	0.04139268515822508	1.5763989451242386	-1.5350062599660135	1.5350062599660135	-36.605	36.605	bgee_higher	nonzero_any
7	7	H2AC12	ENSG00000274997	H2AC12	H2AC12	13	M	lung	lung	lung	exact	False	0.2	63.09666666666666	0.07918124604762482	1.8068354447151562	-1.7276541986675313	1.7276541986675313	-62.896666666666654	62.896666666666654	bgee_higher	nonzero_any
7	7	H2AC12	ENSG00000274997	H2AC12	H2AC12	14	N	nucleus accumbens	nucleus accumbens	nucleus accumbens	exact	False	0.0	0.0	0.0	0.0	0.0	0.0	0.0	0.0	equal	both_zero
7	7	H2AC12	ENSG00000274997	H2AC12	H2AC12	15	O	ovary	ovary	ovary	exact	False	0.1	31.425	0.04139268515822508	1.5108799847561176	-1.4694872995978925	1.4694872995978925	-31.325	31.325	bgee_higher	nonzero_any
7	7	H2AC12	ENSG00000274997	H2AC12	H2AC12	16	P	pancreas	pancreas	pancreas	exact	False	0.1	28.975	0.04139268515822508	1.4767591917708862	-1.435366506612661	1.435366506612661	-28.875	28.875	bgee_higher	nonzero_any
7	7	H2AC12	ENSG00000274997	H2AC12	H2AC12	17	Q	pituitary gland	pituitary gland	pituitary gland	exact	False	0.0	48.86	0.0	1.6977522741677546	-1.6977522741677546	1.6977522741677546	-48.86	48.86	bgee_higher	nonzero_any
7	7	H2AC12	ENSG00000274997	H2AC12	H2AC12	18	R	putamen	putamen	putamen	exact	False	0.0	27.48	0.0	1.4545399849648188	-1.4545399849648188	1.4545399849648188	-27.48	27.48	bgee_higher	nonzero_any
7	7	H2AC12	ENSG00000274997	H2AC12	H2AC12	20	T	small intestine	small intestine	small intestine	exact	False	2.0	43.370000000000005	0.47712125471966244	1.647089428716555	-1.1699681739968926	1.1699681739968926	-41.370000000000005	41.370000000000005	bgee_higher	nonzero_any
7	7	H2AC12	ENSG00000274997	H2AC12	H2AC12	22	V	spleen	spleen	spleen	exact	False	0.6	47.16375	0.2041199826559248	1.6827202934678833	-1.4786003108119585	1.4786003108119585	-46.56375	46.56375	bgee_higher	nonzero_any
7	7	H2AC12	ENSG00000274997	H2AC12	H2AC12	23	W	stomach	stomach	stomach	exact	False	0.2	62.51916666666667	0.07918124604762482	1.8029047917735381	-1.7237235457259132	1.7237235457259132	-62.31916666666667	62.31916666666667	bgee_higher	nonzero_any
7	7	H2AC12	ENSG00000274997	H2AC12	H2AC12	24	X	substantia nigra	substantia nigra	substantia nigra	exact	False	0.0	36.97	0.0	1.5794405971397971	-1.5794405971397971	1.5794405971397971	-36.97	36.97	bgee_higher	nonzero_any
7	7	H2AC12	ENSG00000274997	H2AC12	H2AC12	25	Y	testis	testis	testis	exact	False	1.5	53.8325	0.3979400086720376	1.739038047296087	-1.3410980386240494	1.3410980386240494	-52.3325	52.3325	bgee_higher	nonzero_any
7	7	H2AC12	ENSG00000274997	H2AC12	H2AC12	26	Z	thyroid gland	thyroid gland	thyroid gland	exact	False	0.1	30.406666666666663	0.04139268515822508	1.4970218451825523	-1.4556291600243272	1.4556291600243272	-30.30666666666666	30.30666666666666	bgee_higher	nonzero_any
7	7	H2AC12	ENSG00000274997	H2AC12	H2AC12	27	AA	urinary bladder	urinary bladder	urinary bladder	exact	False	0.1	49.11666666666667	0.04139268515822508	1.699982177716874	-1.6585894925586488	1.6585894925586488	-49.016666666666666	49.016666666666666	bgee_higher	nonzero_any
7	7	H2AC12	ENSG00000274997	H2AC12	H2AC12	28	AB	vagina	vagina	vagina	exact	False	0.2	35.95333333333333	0.07918124604762482	1.56765361953678	-1.4884723734891552	1.4884723734891552	-35.75333333333333	35.75333333333333	bgee_higher	nonzero_any
7	7	H2AC12	ENSG00000274997	H2AC12	H2AC12	30	AD	caudate nucleus	caudate	caudate nucleus	safe_synonym	True	0.0	28.57	0.0	1.4708513245261177	-1.4708513245261177	1.4708513245261177	-28.57	28.57	bgee_higher	nonzero_any
7	7	H2AC12	ENSG00000274997	H2AC12	H2AC12	31	AE	uterine cervix	cervix	uterine cervix	safe_synonym	True	0.1	45.39	0.04139268515822508	1.6664243725187595	-1.6250316873605344	1.6250316873605344	-45.29	45.29	bgee_higher	nonzero_any
7	7	H2AC12	ENSG00000274997	H2AC12	H2AC12	33	AG	prostate gland	prostate	prostate gland	safe_synonym	True	0.1	31.65	0.04139268515822508	1.5138831856110928	-1.4724905004528677	1.4724905004528677	-31.549999999999997	31.549999999999997	bgee_higher	nonzero_any
7	7	H2AC12	ENSG00000274997	H2AC12	H2AC12	34	AH	saliva-secreting gland	salivary gland	saliva-secreting gland	safe_synonym	True	0.1	0.0	0.04139268515822508	0.0	0.04139268515822508	0.04139268515822508	0.1	0.1	hpa_higher	nonzero_any
7	7	H2AC12	ENSG00000274997	H2AC12	H2AC12	35	AI	skeletal muscle tissue	skeletal muscle	skeletal muscle tissue	safe_synonym	True	0.0	45.35	0.0	1.666049738480516	-1.666049738480516	1.666049738480516	-45.35	45.35	bgee_higher	nonzero_any
8	8	H2AC13	ENSG00000196747	H2AC13	H2AC13	1	A	adipose tissue	adipose tissue	adipose tissue	exact	False	0.3	30.805	0.11394335230683679	1.5024953999125512	-1.3885520476057145	1.3885520476057145	-30.505	30.505	bgee_higher	nonzero_any
8	8	H2AC13	ENSG00000196747	H2AC13	H2AC13	2	B	adrenal gland	adrenal gland	adrenal gland	exact	False	0.1	50.03	0.04139268515822508	1.7078255683322314	-1.6664328831740063	1.6664328831740063	-49.93	49.93	bgee_higher	nonzero_any
8	8	H2AC13	ENSG00000196747	H2AC13	H2AC13	3	C	amygdala	amygdala	amygdala	exact	False	0.0	0.0	0.0	0.0	0.0	0.0	0.0	0.0	equal	both_zero
8	8	H2AC13	ENSG00000196747	H2AC13	H2AC13	4	D	cerebellum	cerebellum	cerebellum	exact	False	0.0	27.325	0.0	1.4521699185354349	-1.4521699185354349	1.4521699185354349	-27.325	27.325	bgee_higher	nonzero_any
8	8	H2AC13	ENSG00000196747	H2AC13	H2AC13	5	E	cerebral cortex	cerebral cortex	cerebral cortex	exact	False	0.0	27.58	0.0	1.4560622244549515	-1.4560622244549515	1.4560622244549515	-27.58	27.58	bgee_higher	nonzero_any
8	8	H2AC13	ENSG00000196747	H2AC13	H2AC13	6	F	colon	colon	colon	exact	False	0.8	60.782	0.25527250510330607	1.7908619631254306	-1.5355894580221245	1.5355894580221245	-59.982	59.982	bgee_higher	nonzero_any
8	8	H2AC13	ENSG00000196747	H2AC13	H2AC13	7	G	endometrium	endometrium	endometrium	exact	False	0.0	49.83	0.0	1.7061201097027037	-1.7061201097027037	1.7061201097027037	-49.83	49.83	bgee_higher	nonzero_any
8	8	H2AC13	ENSG00000196747	H2AC13	H2AC13	8	H	esophagus	esophagus	esophagus	exact	False	0.7	42.785	0.2304489213782739	1.6413253540436956	-1.4108764326654217	1.4108764326654217	-42.084999999999994	42.084999999999994	bgee_higher	nonzero_any
8	8	H2AC13	ENSG00000196747	H2AC13	H2AC13	9	I	fallopian tube	fallopian tube	fallopian tube	exact	False	0.0	32.04	0.0	1.5190400386483447	-1.5190400386483447	1.5190400386483447	-32.04	32.04	bgee_higher	nonzero_any
8	8	H2AC13	ENSG00000196747	H2AC13	H2AC13	10	J	hypothalamus	hypothalamus	hypothalamus	exact	False	0.1	42.325	0.04139268515822508	1.6367385713859546	-1.5953458862277294	1.5953458862277294	-42.225	42.225	bgee_higher	nonzero_any
8	8	H2AC13	ENSG00000196747	H2AC13	H2AC13	11	K	kidney	kidney	kidney	exact	False	0.1	82.935	0.04139268515822508	1.9239430947648513	-1.8825504096066261	1.8825504096066261	-82.83500000000001	82.83500000000001	bgee_higher	nonzero_any
8	8	H2AC13	ENSG00000196747	H2AC13	H2AC13	12	L	liver	liver	liver	exact	False	0.2	39.82	0.07918124604762482	1.6108730003800518	-1.5316917543324269	1.5316917543324269	-39.62	39.62	bgee_higher	nonzero_any
8	8	H2AC13	ENSG00000196747	H2AC13	H2AC13	13	M	lung	lung	lung	exact	False	0.5	67.74666666666667	0.17609125905568124	1.8372516452896654	-1.661160386233984	1.661160386233984	-67.24666666666667	67.24666666666667	bgee_higher	nonzero_any
8	8	H2AC13	ENSG00000196747	H2AC13	H2AC13	14	N	nucleus accumbens	nucleus accumbens	nucleus accumbens	exact	False	0.0	32.8325	0.0	1.5293340904894106	-1.5293340904894106	1.5293340904894106	-32.8325	32.8325	bgee_higher	nonzero_any
8	8	H2AC13	ENSG00000196747	H2AC13	H2AC13	15	O	ovary	ovary	ovary	exact	False	0.1	34.43	0.04139268515822508	1.5493711523331772	-1.507978467174952	1.507978467174952	-34.33	34.33	bgee_higher	nonzero_any
8	8	H2AC13	ENSG00000196747	H2AC13	H2AC13	16	P	pancreas	pancreas	pancreas	exact	False	0.0	28.37	0.0	1.4679039465228003	-1.4679039465228003	1.4679039465228003	-28.37	28.37	bgee_higher	nonzero_any
8	8	H2AC13	ENSG00000196747	H2AC13	H2AC13	17	Q	pituitary gland	pituitary gland	pituitary gland	exact	False	0.0	27.785	0.0	1.4591662337911528	-1.4591662337911528	1.4591662337911528	-27.785	27.785	bgee_higher	nonzero_any
8	8	H2AC13	ENSG00000196747	H2AC13	H2AC13	18	R	putamen	putamen	putamen	exact	False	0.0	43.11	0.0	1.6445370577784073	-1.6445370577784073	1.6445370577784073	-43.11	43.11	bgee_higher	nonzero_any
8	8	H2AC13	ENSG00000196747	H2AC13	H2AC13	20	T	small intestine	small intestine	small intestine	exact	False	0.5	45.705	0.17609125905568124	1.6693633764156188	-1.4932721173599375	1.4932721173599375	-45.205	45.205	bgee_higher	nonzero_any
8	8	H2AC13	ENSG00000196747	H2AC13	H2AC13	21	U	spinal cord	spinal cord	spinal cord	exact	False	0.8	43.87	0.25527250510330607	1.6519560695330742	-1.3966835644297682	1.3966835644297682	-43.07	43.07	bgee_higher	nonzero_any
8	8	H2AC13	ENSG00000196747	H2AC13	H2AC13	22	V	spleen	spleen	spleen	exact	False	1.1	55.259166666666665	0.3222192947339193	1.7501932949328325	-1.4279740001989132	1.4279740001989132	-54.159166666666664	54.159166666666664	bgee_higher	nonzero_any
8	8	H2AC13	ENSG00000196747	H2AC13	H2AC13	23	W	stomach	stomach	stomach	exact	False	0.2	65.09083333333334	0.07918124604762482	1.8201412278847526	-1.7409599818371277	1.7409599818371277	-64.89083333333333	64.89083333333333	bgee_higher	nonzero_any
8	8	H2AC13	ENSG00000196747	H2AC13	H2AC13	24	X	substantia nigra	substantia nigra	substantia nigra	exact	False	0.0	35.07	0.0	1.557146142318363	-1.557146142318363	1.557146142318363	-35.07	35.07	bgee_higher	nonzero_any
8	8	H2AC13	ENSG00000196747	H2AC13	H2AC13	25	Y	testis	testis	testis	exact	False	0.2	34.802499999999995	0.07918124604762482	1.5539133534119396	-1.4747321073643147	1.4747321073643147	-34.60249999999999	34.60249999999999	bgee_higher	nonzero_any
8	8	H2AC13	ENSG00000196747	H2AC13	H2AC13	26	Z	thyroid gland	thyroid gland	thyroid gland	exact	False	0.1	31.367	0.04139268515822508	1.5101024478170304	-1.4687097626588053	1.4687097626588053	-31.267	31.267	bgee_higher	nonzero_any
8	8	H2AC13	ENSG00000196747	H2AC13	H2AC13	27	AA	urinary bladder	urinary bladder	urinary bladder	exact	False	0.1	38.84	0.04139268515822508	1.6003193297516611	-1.558926644593436	1.558926644593436	-38.74	38.74	bgee_higher	nonzero_any
8	8	H2AC13	ENSG00000196747	H2AC13	H2AC13	28	AB	vagina	vagina	vagina	exact	False	0.4	45.422	0.146128035678238	1.6667238472412436	-1.5205958115630056	1.5205958115630056	-45.022	45.022	bgee_higher	nonzero_any
8	8	H2AC13	ENSG00000196747	H2AC13	H2AC13	30	AD	caudate nucleus	caudate	caudate nucleus	safe_synonym	True	0.1	36.675	0.04139268515822508	1.5760532609866693	-1.5346605758284442	1.5346605758284442	-36.574999999999996	36.574999999999996	bgee_higher	nonzero_any
8	8	H2AC13	ENSG00000196747	H2AC13	H2AC13	31	AE	uterine cervix	cervix	uterine cervix	safe_synonym	True	0.3	45.08	0.11394335230683679	1.6635124704151556	-1.5495691181083189	1.5495691181083189	-44.78	44.78	bgee_higher	nonzero_any
8	8	H2AC13	ENSG00000196747	H2AC13	H2AC13	33	AG	prostate gland	prostate	prostate gland	safe_synonym	True	0.2	37.83142857142857	0.07918124604762482	1.5891833681220442	-1.5100021220744193	1.5100021220744193	-37.631428571428565	37.631428571428565	bgee_higher	nonzero_any
8	8	H2AC13	ENSG00000196747	H2AC13	H2AC13	34	AH	saliva-secreting gland	salivary gland	saliva-secreting gland	safe_synonym	True	0.1	31.96	0.04139268515822508	1.5179872030250783	-1.4765945178668531	1.4765945178668531	-31.86	31.86	bgee_higher	nonzero_any
8	8	H2AC13	ENSG00000196747	H2AC13	H2AC13	35	AI	skeletal muscle tissue	skeletal muscle	skeletal muscle tissue	safe_synonym	True	0.0	0.0	0.0	0.0	0.0	0.0	0.0	0.0	equal	both_zero
9	9	H2AC14	ENSG00000276368	H2AC14	H2AC14	1	A	adipose tissue	adipose tissue	adipose tissue	exact	False	0.1	33.169999999999995	0.04139268515822508	1.5336449787987627	-1.4922522936405376	1.4922522936405376	-33.06999999999999	33.06999999999999	bgee_higher	nonzero_any
9	9	H2AC14	ENSG00000276368	H2AC14	H2AC14	2	B	adrenal gland	adrenal gland	adrenal gland	exact	False	0.0	40.39	0.0	1.61689542640076	-1.61689542640076	1.61689542640076	-40.39	40.39	bgee_higher	nonzero_any
9	9	H2AC14	ENSG00000276368	H2AC14	H2AC14	3	C	amygdala	amygdala	amygdala	exact	False	0.0	0.0	0.0	0.0	0.0	0.0	0.0	0.0	equal	both_zero
9	9	H2AC14	ENSG00000276368	H2AC14	H2AC14	4	D	cerebellum	cerebellum	cerebellum	exact	False	0.0	0.0	0.0	0.0	0.0	0.0	0.0	0.0	equal	both_zero
9	9	H2AC14	ENSG00000276368	H2AC14	H2AC14	5	E	cerebral cortex	cerebral cortex	cerebral cortex	exact	False	0.0	23.27	0.0	1.3850697763319348	-1.3850697763319348	1.3850697763319348	-23.27	23.27	bgee_higher	nonzero_any
9	9	H2AC14	ENSG00000276368	H2AC14	H2AC14	6	F	colon	colon	colon	exact	False	0.2	55.437777777777775	0.07918124604762482	1.751569905191299	-1.672388659143674	1.672388659143674	-55.23777777777777	55.23777777777777	bgee_higher	nonzero_any
9	9	H2AC14	ENSG00000276368	H2AC14	H2AC14	7	G	endometrium	endometrium	endometrium	exact	False	0.1	37.37	0.04139268515822508	1.5839917991983163	-1.5425991140400912	1.5425991140400912	-37.269999999999996	37.269999999999996	bgee_higher	nonzero_any
9	9	H2AC14	ENSG00000276368	H2AC14	H2AC14	8	H	esophagus	esophagus	esophagus	exact	False	0.4	34.085	0.146128035678238	1.5451214808648344	-1.3989934451865964	1.3989934451865964	-33.685	33.685	bgee_higher	nonzero_any
9	9	H2AC14	ENSG00000276368	H2AC14	H2AC14	9	I	fallopian tube	fallopian tube	fallopian tube	exact	False	0.0	26.32	0.0	1.436480695009495	-1.436480695009495	1.436480695009495	-26.32	26.32	bgee_higher	nonzero_any
9	9	H2AC14	ENSG00000276368	H2AC14	H2AC14	10	J	hypothalamus	hypothalamus	hypothalamus	exact	False	0.0	39.28	0.0	1.6050894618815803	-1.6050894618815803	1.6050894618815803	-39.28	39.28	bgee_higher	nonzero_any
9	9	H2AC14	ENSG00000276368	H2AC14	H2AC14	11	K	kidney	kidney	kidney	exact	False	0.0	81.15	0.0	1.9146075677710805	-1.9146075677710805	1.9146075677710805	-81.15	81.15	bgee_higher	nonzero_any
9	9	H2AC14	ENSG00000276368	H2AC14	H2AC14	12	L	liver	liver	liver	exact	False	0.1	41.035714285714285	0.04139268515822508	1.6236184315012154	-1.5822257463429903	1.5822257463429903	-40.93571428571428	40.93571428571428	bgee_higher	nonzero_any
9	9	H2AC14	ENSG00000276368	H2AC14	H2AC14	13	M	lung	lung	lung	exact	False	0.1	59.012857142857136	0.04139268515822508	1.778244303517286	-1.7368516183590608	1.7368516183590608	-58.912857142857135	58.912857142857135	bgee_higher	nonzero_any
9	9	H2AC14	ENSG00000276368	H2AC14	H2AC14	14	N	nucleus accumbens	nucleus accumbens	nucleus accumbens	exact	False	0.0	0.0	0.0	0.0	0.0	0.0	0.0	0.0	equal	both_zero
9	9	H2AC14	ENSG00000276368	H2AC14	H2AC14	15	O	ovary	ovary	ovary	exact	False	0.0	23.1	0.0	1.3820170425748683	-1.3820170425748683	1.3820170425748683	-23.1	23.1	bgee_higher	nonzero_any
9	9	H2AC14	ENSG00000276368	H2AC14	H2AC14	16	P	pancreas	pancreas	pancreas	exact	False	0.0	26.94	0.0	1.4462264017781632	-1.4462264017781632	1.4462264017781632	-26.94	26.94	bgee_higher	nonzero_any
9	9	H2AC14	ENSG00000276368	H2AC14	H2AC14	17	Q	pituitary gland	pituitary gland	pituitary gland	exact	False	0.0	0.0	0.0	0.0	0.0	0.0	0.0	0.0	equal	both_zero
9	9	H2AC14	ENSG00000276368	H2AC14	H2AC14	18	R	putamen	putamen	putamen	exact	False	0.0	0.0	0.0	0.0	0.0	0.0	0.0	0.0	equal	both_zero
9	9	H2AC14	ENSG00000276368	H2AC14	H2AC14	20	T	small intestine	small intestine	small intestine	exact	False	0.3	33.980000000000004	0.11394335230683679	1.5438198051426577	-1.429876452835821	1.429876452835821	-33.68000000000001	33.68000000000001	bgee_higher	nonzero_any
9	9	H2AC14	ENSG00000276368	H2AC14	H2AC14	22	V	spleen	spleen	spleen	exact	False	0.6	44.434000000000005	0.2041199826559248	1.6573809736945506	-1.4532609910386258	1.4532609910386258	-43.834	43.834	bgee_higher	nonzero_any
9	9	H2AC14	ENSG00000276368	H2AC14	H2AC14	23	W	stomach	stomach	stomach	exact	False	0.1	61.16166666666667	0.04139268515822508	1.7935226501691917	-1.7521299650109665	1.7521299650109665	-61.06166666666667	61.06166666666667	bgee_higher	nonzero_any
9	9	H2AC14	ENSG00000276368	H2AC14	H2AC14	24	X	substantia nigra	substantia nigra	substantia nigra	exact	False	0.0	32.52	0.0	1.525304009958239	-1.525304009958239	1.525304009958239	-32.52	32.52	bgee_higher	nonzero_any
9	9	H2AC14	ENSG00000276368	H2AC14	H2AC14	25	Y	testis	testis	testis	exact	False	0.1	31.56	0.04139268515822508	1.5126843962171637	-1.4712917110589385	1.4712917110589385	-31.459999999999997	31.459999999999997	bgee_higher	nonzero_any
9	9	H2AC14	ENSG00000276368	H2AC14	H2AC14	26	Z	thyroid gland	thyroid gland	thyroid gland	exact	False	0.0	0.0	0.0	0.0	0.0	0.0	0.0	0.0	equal	both_zero
9	9	H2AC14	ENSG00000276368	H2AC14	H2AC14	27	AA	urinary bladder	urinary bladder	urinary bladder	exact	False	0.0	33.965	0.0	1.543633532576258	-1.543633532576258	1.543633532576258	-33.965	33.965	bgee_higher	nonzero_any
9	9	H2AC14	ENSG00000276368	H2AC14	H2AC14	28	AB	vagina	vagina	vagina	exact	False	0.1	33.012	0.04139268515822508	1.5316321704045124	-1.4902394852462872	1.4902394852462872	-32.912	32.912	bgee_higher	nonzero_any
9	9	H2AC14	ENSG00000276368	H2AC14	H2AC14	30	AD	caudate nucleus	caudate	caudate nucleus	safe_synonym	True	0.0	26.91	0.0	1.445759836488631	-1.445759836488631	1.445759836488631	-26.91	26.91	bgee_higher	nonzero_any
9	9	H2AC14	ENSG00000276368	H2AC14	H2AC14	31	AE	uterine cervix	cervix	uterine cervix	safe_synonym	True	0.5	34.67	0.17609125905568124	1.5523031093383541	-1.3762118502826728	1.3762118502826728	-34.17	34.17	bgee_higher	nonzero_any
9	9	H2AC14	ENSG00000276368	H2AC14	H2AC14	33	AG	prostate gland	prostate	prostate gland	safe_synonym	True	0.0	0.0	0.0	0.0	0.0	0.0	0.0	0.0	equal	both_zero
9	9	H2AC14	ENSG00000276368	H2AC14	H2AC14	34	AH	saliva-secreting gland	salivary gland	saliva-secreting gland	safe_synonym	True	0.0	26.74	0.0	1.443106456737266	-1.443106456737266	1.443106456737266	-26.74	26.74	bgee_higher	nonzero_any
9	9	H2AC14	ENSG00000276368	H2AC14	H2AC14	35	AI	skeletal muscle tissue	skeletal muscle	skeletal muscle tissue	safe_synonym	True	0.0	0.0	0.0	0.0	0.0	0.0	0.0	0.0	equal	both_zero
10	10	H2AC15	ENSG00000275221	H2AC15	H2AC15	1	A	adipose tissue	adipose tissue	adipose tissue	exact	False	0.3	39.705	0.11394335230683679	1.609647759078724	-1.4957044067718872	1.4957044067718872	-39.405	39.405	bgee_higher	nonzero_any
10	10	H2AC15	ENSG00000275221	H2AC15	H2AC15	2	B	adrenal gland	adrenal gland	adrenal gland	exact	False	0.4	45.81	0.146128035678238	1.6703386411274421	-1.5242106054492042	1.5242106054492042	-45.410000000000004	45.410000000000004	bgee_higher	nonzero_any
10	10	H2AC15	ENSG00000275221	H2AC15	H2AC15	3	C	amygdala	amygdala	amygdala	exact	False	0.3	37.26833333333334	0.11394335230683679	1.5828395481952777	-1.468896195888441	1.468896195888441	-36.96833333333334	36.96833333333334	bgee_higher	nonzero_any
10	10	H2AC15	ENSG00000275221	H2AC15	H2AC15	4	D	cerebellum	cerebellum	cerebellum	exact	False	1.2	58.595	0.3424226808222063	1.775209824111044	-1.432787143288838	1.432787143288838	-57.394999999999996	57.394999999999996	bgee_higher	nonzero_any
10	10	H2AC15	ENSG00000275221	H2AC15	H2AC15	5	E	cerebral cortex	cerebral cortex	cerebral cortex	exact	False	0.3	43.635	0.11394335230683679	1.6496755391098799	-1.5357321868030431	1.5357321868030431	-43.335	43.335	bgee_higher	nonzero_any
10	10	H2AC15	ENSG00000275221	H2AC15	H2AC15	6	F	colon	colon	colon	exact	False	0.4	58.612	0.146128035678238	1.7753336927805419	-1.629205657102304	1.629205657102304	-58.212	58.212	bgee_higher	nonzero_any
10	10	H2AC15	ENSG00000275221	H2AC15	H2AC15	7	G	endometrium	endometrium	endometrium	exact	False	0.5	40.935	0.17609125905568124	1.622576647353478	-1.4464853882977966	1.4464853882977966	-40.435	40.435	bgee_higher	nonzero_any
10	10	H2AC15	ENSG00000275221	H2AC15	H2AC15	8	H	esophagus	esophagus	esophagus	exact	False	0.3	43.307500000000005	0.11394335230683679	1.646477246153596	-1.5325338938467592	1.5325338938467592	-43.00750000000001	43.00750000000001	bgee_higher	nonzero_any
10	10	H2AC15	ENSG00000275221	H2AC15	H2AC15	9	I	fallopian tube	fallopian tube	fallopian tube	exact	False	0.9	48.27	0.2787536009528289	1.692582562274909	-1.4138289613220802	1.4138289613220802	-47.370000000000005	47.370000000000005	bgee_higher	nonzero_any
10	10	H2AC15	ENSG00000275221	H2AC15	H2AC15	10	J	hypothalamus	hypothalamus	hypothalamus	exact	False	0.4	43.7	0.146128035678238	1.6503075231319364	-1.5041794874536984	1.5041794874536984	-43.300000000000004	43.300000000000004	bgee_higher	nonzero_any
10	10	H2AC15	ENSG00000275221	H2AC15	H2AC15	11	K	kidney	kidney	kidney	exact	False	0.9	72.77	0.2787536009528289	1.8678797834583796	-1.5891261825055507	1.5891261825055507	-71.86999999999999	71.86999999999999	bgee_higher	nonzero_any
10	10	H2AC15	ENSG00000275221	H2AC15	H2AC15	12	L	liver	liver	liver	exact	False	0.6	53.1625	0.2041199826559248	1.7336987020424313	-1.5295787193865065	1.5295787193865065	-52.5625	52.5625	bgee_higher	nonzero_any
10	10	H2AC15	ENSG00000275221	H2AC15	H2AC15	13	M	lung	lung	lung	exact	False	0.7	62.97428571428571	0.2304489213782739	1.8060054456014116	-1.5755565242231377	1.5755565242231377	-62.27428571428571	62.27428571428571	bgee_higher	nonzero_any
10	10	H2AC15	ENSG00000275221	H2AC15	H2AC15	14	N	nucleus accumbens	nucleus accumbens	nucleus accumbens	exact	False	0.8	49.42555555555556	0.25527250510330607	1.7026506916816908	-1.4473781865783848	1.4473781865783848	-48.625555555555565	48.625555555555565	bgee_higher	nonzero_any
10	10	H2AC15	ENSG00000275221	H2AC15	H2AC15	15	O	ovary	ovary	ovary	exact	False	1.9	55.086666666666666	0.4623979978989561	1.7488596298599295	-1.2864616319609734	1.2864616319609734	-53.18666666666667	53.18666666666667	bgee_higher	nonzero_any
10	10	H2AC15	ENSG00000275221	H2AC15	H2AC15	16	P	pancreas	pancreas	pancreas	exact	False	0.6	38.545	0.2041199826559248	1.5970915798771266	-1.3929715972212018	1.3929715972212018	-37.945	37.945	bgee_higher	nonzero_any
10	10	H2AC15	ENSG00000275221	H2AC15	H2AC15	17	Q	pituitary gland	pituitary gland	pituitary gland	exact	False	1.3	55.083000000000006	0.36172783601759284	1.7488312369236179	-1.387103400906025	1.387103400906025	-53.78300000000001	53.78300000000001	bgee_higher	nonzero_any
10	10	H2AC15	ENSG00000275221	H2AC15	H2AC15	18	R	putamen	putamen	putamen	exact	False	0.3	41.274	0.11394335230683679	1.6260733430676853	-1.5121299907608485	1.5121299907608485	-40.974000000000004	40.974000000000004	bgee_higher	nonzero_any
10	10	H2AC15	ENSG00000275221	H2AC15	H2AC15	20	T	small intestine	small intestine	small intestine	exact	False	0.6	41.5	0.2041199826559248	1.6283889300503116	-1.4242689473943868	1.4242689473943868	-40.9	40.9	bgee_higher	nonzero_any
10	10	H2AC15	ENSG00000275221	H2AC15	H2AC15	21	U	spinal cord	spinal cord	spinal cord	exact	False	1.1	54.79	0.3222192947339193	1.7465563614103692	-1.4243370666764499	1.4243370666764499	-53.69	53.69	bgee_higher	nonzero_any
10	10	H2AC15	ENSG00000275221	H2AC15	H2AC15	22	V	spleen	spleen	spleen	exact	False	0.8	47.8125	0.25527250510330607	1.6885310512213756	-1.4332585461180696	1.4332585461180696	-47.0125	47.0125	bgee_higher	nonzero_any
10	10	H2AC15	ENSG00000275221	H2AC15	H2AC15	23	W	stomach	stomach	stomach	exact	False	0.4	61.49	0.146128035678238	1.7958105246674083	-1.6496824889891704	1.6496824889891704	-61.09	61.09	bgee_higher	nonzero_any
10	10	H2AC15	ENSG00000275221	H2AC15	H2AC15	24	X	substantia nigra	substantia nigra	substantia nigra	exact	False	0.4	46.76875	0.146128035678238	1.6791438769290492	-1.5330158412508113	1.5330158412508113	-46.36875	46.36875	bgee_higher	nonzero_any
10	10	H2AC15	ENSG00000275221	H2AC15	H2AC15	25	Y	testis	testis	testis	exact	False	2.5	54.56166666666667	0.5440680443502757	1.7447752646624144	-1.2007072203121387	1.2007072203121387	-52.06166666666667	52.06166666666667	bgee_higher	nonzero_any
10	10	H2AC15	ENSG00000275221	H2AC15	H2AC15	26	Z	thyroid gland	thyroid gland	thyroid gland	exact	False	1.1	52.52076923076923	0.3222192947339193	1.7285223467305746	-1.4063030519966553	1.4063030519966553	-51.42076923076923	51.42076923076923	bgee_higher	nonzero_any
10	10	H2AC15	ENSG00000275221	H2AC15	H2AC15	27	AA	urinary bladder	urinary bladder	urinary bladder	exact	False	0.4	45.808	0.146128035678238	1.6703200851026618	-1.5241920494244239	1.5241920494244239	-45.408	45.408	bgee_higher	nonzero_any
10	10	H2AC15	ENSG00000275221	H2AC15	H2AC15	28	AB	vagina	vagina	vagina	exact	False	0.7	47.584	0.2304489213782739	1.686493268114507	-1.4560443467362332	1.4560443467362332	-46.884	46.884	bgee_higher	nonzero_any
10	10	H2AC15	ENSG00000275221	H2AC15	H2AC15	30	AD	caudate nucleus	caudate	caudate nucleus	safe_synonym	True	0.4	50.0875	0.146128035678238	1.7083146507196498	-1.5621866150414119	1.5621866150414119	-49.6875	49.6875	bgee_higher	nonzero_any
10	10	H2AC15	ENSG00000275221	H2AC15	H2AC15	31	AE	uterine cervix	cervix	uterine cervix	safe_synonym	True	0.9	46.79	0.2787536009528289	1.679337030520794	-1.400583429567965	1.400583429567965	-45.89	45.89	bgee_higher	nonzero_any
10	10	H2AC15	ENSG00000275221	H2AC15	H2AC15	33	AG	prostate gland	prostate	prostate gland	safe_synonym	True	1.1	70.20764705882353	0.3222192947339193	1.8525266354502932	-1.5303073407163739	1.5303073407163739	-69.10764705882353	69.10764705882353	bgee_higher	nonzero_any
10	10	H2AC15	ENSG00000275221	H2AC15	H2AC15	34	AH	saliva-secreting gland	salivary gland	saliva-secreting gland	safe_synonym	True	0.4	42.345	0.146128035678238	1.6369390072874717	-1.4908109716092337	1.4908109716092337	-41.945	41.945	bgee_higher	nonzero_any
10	10	H2AC15	ENSG00000275221	H2AC15	H2AC15	35	AI	skeletal muscle tissue	skeletal muscle	skeletal muscle tissue	safe_synonym	True	0.8	0.0	0.25527250510330607	0.0	0.25527250510330607	0.25527250510330607	0.8	0.8	hpa_higher	nonzero_any
11	11	H2AC16	ENSG00000276903	H2AC16	H2AC16	1	A	adipose tissue	adipose tissue	adipose tissue	exact	False	0.1	29.055	0.04139268515822508	1.4779167323046356	-1.4365240471464105	1.4365240471464105	-28.955	28.955	bgee_higher	nonzero_any
11	11	H2AC16	ENSG00000276903	H2AC16	H2AC16	2	B	adrenal gland	adrenal gland	adrenal gland	exact	False	0.0	39.07	0.0	1.6028193424326997	-1.6028193424326997	1.6028193424326997	-39.07	39.07	bgee_higher	nonzero_any
11	11	H2AC16	ENSG00000276903	H2AC16	H2AC16	3	C	amygdala	amygdala	amygdala	exact	False	0.1	24.565	0.04139268515822508	1.4076457970625558	-1.3662531119043306	1.3662531119043306	-24.465	24.465	bgee_higher	nonzero_any
11	11	H2AC16	ENSG00000276903	H2AC16	H2AC16	4	D	cerebellum	cerebellum	cerebellum	exact	False	0.0	28.92	0.0	1.4759615891924238	-1.4759615891924238	1.4759615891924238	-28.92	28.92	bgee_higher	nonzero_any
11	11	H2AC16	ENSG00000276903	H2AC16	H2AC16	5	E	cerebral cortex	cerebral cortex	cerebral cortex	exact	False	0.0	27.595	0.0	1.4562901008826912	-1.4562901008826912	1.4562901008826912	-27.595	27.595	bgee_higher	nonzero_any
11	11	H2AC16	ENSG00000276903	H2AC16	H2AC16	6	F	colon	colon	colon	exact	False	0.2	54.05111111111111	0.07918124604762482	1.740766088876428	-1.6615848428288031	1.6615848428288031	-53.85111111111111	53.85111111111111	bgee_higher	nonzero_any
11	11	H2AC16	ENSG00000276903	H2AC16	H2AC16	7	G	endometrium	endometrium	endometrium	exact	False	0.0	32.4	0.0	1.5237464668115646	-1.5237464668115646	1.5237464668115646	-32.4	32.4	bgee_higher	nonzero_any
11	11	H2AC16	ENSG00000276903	H2AC16	H2AC16	8	H	esophagus	esophagus	esophagus	exact	False	0.3	32.76	0.11394335230683679	1.5284024379536174	-1.4144590856467807	1.4144590856467807	-32.46	32.46	bgee_higher	nonzero_any
11	11	H2AC16	ENSG00000276903	H2AC16	H2AC16	10	J	hypothalamus	hypothalamus	hypothalamus	exact	False	0.0	37.285	0.0	1.5830286514299572	-1.5830286514299572	1.5830286514299572	-37.285	37.285	bgee_higher	nonzero_any
11	11	H2AC16	ENSG00000276903	H2AC16	H2AC16	11	K	kidney	kidney	kidney	exact	False	0.1	79.455	0.04139268515822508	1.90555303917381	-1.8641603540155849	1.8641603540155849	-79.355	79.355	bgee_higher	nonzero_any
11	11	H2AC16	ENSG00000276903	H2AC16	H2AC16	12	L	liver	liver	liver	exact	False	0.1	47.1025	0.04139268515822508	1.6821676482655186	-1.6407749631072934	1.6407749631072934	-47.0025	47.0025	bgee_higher	nonzero_any
11	11	H2AC16	ENSG00000276903	H2AC16	H2AC16	13	M	lung	lung	lung	exact	False	0.4	59.970000000000006	0.146128035678238	1.78511619502192	-1.6389881593436821	1.6389881593436821	-59.57000000000001	59.57000000000001	bgee_higher	nonzero_any
11	11	H2AC16	ENSG00000276903	H2AC16	H2AC16	14	N	nucleus accumbens	nucleus accumbens	nucleus accumbens	exact	False	0.0	55.17	0.0	1.7495044238761424	-1.7495044238761424	1.7495044238761424	-55.17	55.17	bgee_higher	nonzero_any
11	11	H2AC16	ENSG00000276903	H2AC16	H2AC16	15	O	ovary	ovary	ovary	exact	False	0.0	0.0	0.0	0.0	0.0	0.0	0.0	0.0	equal	both_zero
11	11	H2AC16	ENSG00000276903	H2AC16	H2AC16	16	P	pancreas	pancreas	pancreas	exact	False	0.0	0.0	0.0	0.0	0.0	0.0	0.0	0.0	equal	both_zero
11	11	H2AC16	ENSG00000276903	H2AC16	H2AC16	17	Q	pituitary gland	pituitary gland	pituitary gland	exact	False	0.0	0.0	0.0	0.0	0.0	0.0	0.0	0.0	equal	both_zero
11	11	H2AC16	ENSG00000276903	H2AC16	H2AC16	18	R	putamen	putamen	putamen	exact	False	0.0	0.0	0.0	0.0	0.0	0.0	0.0	0.0	equal	both_zero
11	11	H2AC16	ENSG00000276903	H2AC16	H2AC16	20	T	small intestine	small intestine	small intestine	exact	False	0.2	33.81	0.07918124604762482	1.5417040232842885	-1.4625227772366636	1.4625227772366636	-33.61	33.61	bgee_higher	nonzero_any
11	11	H2AC16	ENSG00000276903	H2AC16	H2AC16	21	U	spinal cord	spinal cord	spinal cord	exact	False	0.4	42.49	0.146128035678238	1.638389407665336	-1.492261371987098	1.492261371987098	-42.09	42.09	bgee_higher	nonzero_any
11	11	H2AC16	ENSG00000276903	H2AC16	H2AC16	22	V	spleen	spleen	spleen	exact	False	0.6	48.31727272727273	0.2041199826559248	1.6929990518603206	-1.4888790692043958	1.4888790692043958	-47.71727272727273	47.71727272727273	bgee_higher	nonzero_any
11	11	H2AC16	ENSG00000276903	H2AC16	H2AC16	23	W	stomach	stomach	stomach	exact	False	0.1	61.88666666666666	0.04139268515822508	1.7985585753830409	-1.7571658902248157	1.7571658902248157	-61.78666666666666	61.78666666666666	bgee_higher	nonzero_any
11	11	H2AC16	ENSG00000276903	H2AC16	H2AC16	24	X	substantia nigra	substantia nigra	substantia nigra	exact	False	0.0	39.0675	0.0	1.6027922456002528	-1.6027922456002528	1.6027922456002528	-39.0675	39.0675	bgee_higher	nonzero_any
11	11	H2AC16	ENSG00000276903	H2AC16	H2AC16	25	Y	testis	testis	testis	exact	False	0.2	28.0	0.07918124604762482	1.462397997898956	-1.3832167518513312	1.3832167518513312	-27.8	27.8	bgee_higher	nonzero_any
11	11	H2AC16	ENSG00000276903	H2AC16	H2AC16	26	Z	thyroid gland	thyroid gland	thyroid gland	exact	False	0.0	27.75	0.0	1.4586378490256493	-1.4586378490256493	1.4586378490256493	-27.75	27.75	bgee_higher	nonzero_any
11	11	H2AC16	ENSG00000276903	H2AC16	H2AC16	27	AA	urinary bladder	urinary bladder	urinary bladder	exact	False	0.0	44.67	0.0	1.6596310116070006	-1.6596310116070006	1.6596310116070006	-44.67	44.67	bgee_higher	nonzero_any
11	11	H2AC16	ENSG00000276903	H2AC16	H2AC16	28	AB	vagina	vagina	vagina	exact	False	0.2	34.388	0.07918124604762482	1.548856018599423	-1.469674772551798	1.469674772551798	-34.187999999999995	34.187999999999995	bgee_higher	nonzero_any
11	11	H2AC16	ENSG00000276903	H2AC16	H2AC16	30	AD	caudate nucleus	caudate	caudate nucleus	safe_synonym	True	0.0	31.473333333333333	0.0	1.5115268705160887	-1.5115268705160887	1.5115268705160887	-31.473333333333333	31.473333333333333	bgee_higher	nonzero_any
11	11	H2AC16	ENSG00000276903	H2AC16	H2AC16	31	AE	uterine cervix	cervix	uterine cervix	safe_synonym	True	0.0	35.52	0.0	1.5625307688622614	-1.5625307688622614	1.5625307688622614	-35.52	35.52	bgee_higher	nonzero_any
11	11	H2AC16	ENSG00000276903	H2AC16	H2AC16	33	AG	prostate gland	prostate	prostate gland	safe_synonym	True	0.0	71.229	0.0	1.858711602157976	-1.858711602157976	1.858711602157976	-71.229	71.229	bgee_higher	nonzero_any
11	11	H2AC16	ENSG00000276903	H2AC16	H2AC16	34	AH	saliva-secreting gland	salivary gland	saliva-secreting gland	safe_synonym	True	0.1	32.385000000000005	0.04139268515822508	1.5235513805695016	-1.4821586954112764	1.4821586954112764	-32.285000000000004	32.285000000000004	bgee_higher	nonzero_any
11	11	H2AC16	ENSG00000276903	H2AC16	H2AC16	35	AI	skeletal muscle tissue	skeletal muscle	skeletal muscle tissue	safe_synonym	True	0.0	0.0	0.0	0.0	0.0	0.0	0.0	0.0	equal	both_zero
12	12	H2AC17	ENSG00000278677	H2AC17	H2AC17	1	A	adipose tissue	adipose tissue	adipose tissue	exact	False	0.4	40.403333333333336	0.146128035678238	1.617035307062861	-1.470907271384623	1.470907271384623	-40.00333333333334	40.00333333333334	bgee_higher	nonzero_any
12	12	H2AC17	ENSG00000278677	H2AC17	H2AC17	2	B	adrenal gland	adrenal gland	adrenal gland	exact	False	0.3	50.78	0.11394335230683679	1.7141620460988531	-1.6002186937920164	1.6002186937920164	-50.480000000000004	50.480000000000004	bgee_higher	nonzero_any
12	12	H2AC17	ENSG00000278677	H2AC17	H2AC17	3	C	amygdala	amygdala	amygdala	exact	False	0.4	41.46	0.146128035678238	1.62797998982998	-1.481851954151742	1.481851954151742	-41.06	41.06	bgee_higher	nonzero_any
12	12	H2AC17	ENSG00000278677	H2AC17	H2AC17	4	D	cerebellum	cerebellum	cerebellum	exact	False	0.0	0.0	0.0	0.0	0.0	0.0	0.0	0.0	equal	both_zero
12	12	H2AC17	ENSG00000278677	H2AC17	H2AC17	5	E	cerebral cortex	cerebral cortex	cerebral cortex	exact	False	0.1	33.58	0.04139268515822508	1.5388249889379038	-1.4974323037796786	1.4974323037796786	-33.48	33.48	bgee_higher	nonzero_any
12	12	H2AC17	ENSG00000278677	H2AC17	H2AC17	6	F	colon	colon	colon	exact	False	0.6	61.63666666666667	0.2041199826559248	1.796828637830346	-1.5927086551744212	1.5927086551744212	-61.03666666666667	61.03666666666667	bgee_higher	nonzero_any
12	12	H2AC17	ENSG00000278677	H2AC17	H2AC17	7	G	endometrium	endometrium	endometrium	exact	False	0.0	45.755	0.0	1.6698280613325212	-1.6698280613325212	1.6698280613325212	-45.755	45.755	bgee_higher	nonzero_any
12	12	H2AC17	ENSG00000278677	H2AC17	H2AC17	8	H	esophagus	esophagus	esophagus	exact	False	0.9	42.8475	0.2787536009528289	1.6419448367634908	-1.363191235810662	1.363191235810662	-41.9475	41.9475	bgee_higher	nonzero_any
12	12	H2AC17	ENSG00000278677	H2AC17	H2AC17	9	I	fallopian tube	fallopian tube	fallopian tube	exact	False	0.0	0.0	0.0	0.0	0.0	0.0	0.0	0.0	equal	both_zero
12	12	H2AC17	ENSG00000278677	H2AC17	H2AC17	10	J	hypothalamus	hypothalamus	hypothalamus	exact	False	0.2	38.3425	0.07918124604762482	1.5948619534914963	-1.5156807074438714	1.5156807074438714	-38.1425	38.1425	bgee_higher	nonzero_any
12	12	H2AC17	ENSG00000278677	H2AC17	H2AC17	11	K	kidney	kidney	kidney	exact	False	0.2	82.89	0.07918124604762482	1.9237101943965629	-1.844528948348938	1.844528948348938	-82.69	82.69	bgee_higher	nonzero_any
12	12	H2AC17	ENSG00000278677	H2AC17	H2AC17	12	L	liver	liver	liver	exact	False	0.5	56.566	0.17609125905568124	1.7601660533515988	-1.5840747942959177	1.5840747942959177	-56.066	56.066	bgee_higher	nonzero_any
12	12	H2AC17	ENSG00000278677	H2AC17	H2AC17	13	M	lung	lung	lung	exact	False	0.6	65.72428571428571	0.2041199826559248	1.8242839333474492	-1.6201639506915244	1.6201639506915244	-65.12428571428572	65.12428571428572	bgee_higher	nonzero_any
12	12	H2AC17	ENSG00000278677	H2AC17	H2AC17	14	N	nucleus accumbens	nucleus accumbens	nucleus accumbens	exact	False	0.0	36.4025	0.0	1.572900631610063	-1.572900631610063	1.572900631610063	-36.4025	36.4025	bgee_higher	nonzero_any
12	12	H2AC17	ENSG00000278677	H2AC17	H2AC17	15	O	ovary	ovary	ovary	exact	False	0.0	27.396666666666665	0.0	1.4532673635246594	-1.4532673635246594	1.4532673635246594	-27.396666666666665	27.396666666666665	bgee_higher	nonzero_any
12	12	H2AC17	ENSG00000278677	H2AC17	H2AC17	16	P	pancreas	pancreas	pancreas	exact	False	0.0	29.64	0.0	1.4862887609605664	-1.4862887609605664	1.4862887609605664	-29.64	29.64	bgee_higher	nonzero_any
12	12	H2AC17	ENSG00000278677	H2AC17	H2AC17	17	Q	pituitary gland	pituitary gland	pituitary gland	exact	False	0.0	37.13	0.0	1.5812668052736707	-1.5812668052736707	1.5812668052736707	-37.13	37.13	bgee_higher	nonzero_any
12	12	H2AC17	ENSG00000278677	H2AC17	H2AC17	18	R	putamen	putamen	putamen	exact	False	0.0	52.33	0.0	1.7269715836828767	-1.7269715836828767	1.7269715836828767	-52.33	52.33	bgee_higher	nonzero_any
12	12	H2AC17	ENSG00000278677	H2AC17	H2AC17	20	T	small intestine	small intestine	small intestine	exact	False	0.4	44.77	0.146128035678238	1.6605809124272997	-1.5144528767490617	1.5144528767490617	-44.370000000000005	44.370000000000005	bgee_higher	nonzero_any
12	12	H2AC17	ENSG00000278677	H2AC17	H2AC17	22	V	spleen	spleen	spleen	exact	False	1.2	53.60454545454545	0.3424226808222063	1.7372287962516386	-1.3948061154294322	1.3948061154294322	-52.40454545454545	52.40454545454545	bgee_higher	nonzero_any
12	12	H2AC17	ENSG00000278677	H2AC17	H2AC17	23	W	stomach	stomach	stomach	exact	False	0.4	67.05333333333333	0.146128035678238	1.832849402321406	-1.686721366643168	1.686721366643168	-66.65333333333332	66.65333333333332	bgee_higher	nonzero_any
12	12	H2AC17	ENSG00000278677	H2AC17	H2AC17	24	X	substantia nigra	substantia nigra	substantia nigra	exact	False	0.1	41.355714285714285	0.04139268515822508	1.6269120100703163	-1.5855193249120911	1.5855193249120911	-41.255714285714284	41.255714285714284	bgee_higher	nonzero_any
12	12	H2AC17	ENSG00000278677	H2AC17	H2AC17	25	Y	testis	testis	testis	exact	False	0.8	44.59285714285714	0.25527250510330607	1.6588968087515672	-1.4036243036482612	1.4036243036482612	-43.792857142857144	43.792857142857144	bgee_higher	nonzero_any
12	12	H2AC17	ENSG00000278677	H2AC17	H2AC17	26	Z	thyroid gland	thyroid gland	thyroid gland	exact	False	0.7	54.78923076923077	0.2304489213782739	1.7465503733303998	-1.5161014519521259	1.5161014519521259	-54.08923076923077	54.08923076923077	bgee_higher	nonzero_any
12	12	H2AC17	ENSG00000278677	H2AC17	H2AC17	27	AA	urinary bladder	urinary bladder	urinary bladder	exact	False	0.1	38.95	0.04139268515822508	1.6015167836500102	-1.560124098491785	1.560124098491785	-38.85	38.85	bgee_higher	nonzero_any
12	12	H2AC17	ENSG00000278677	H2AC17	H2AC17	28	AB	vagina	vagina	vagina	exact	False	0.7	49.692	0.2304489213782739	1.7049394261973403	-1.4744905048190664	1.4744905048190664	-48.992	48.992	bgee_higher	nonzero_any
12	12	H2AC17	ENSG00000278677	H2AC17	H2AC17	30	AD	caudate nucleus	caudate	caudate nucleus	safe_synonym	True	0.1	38.064	0.04139268515822508	1.591776711276067	-1.5503840261178419	1.5503840261178419	-37.964	37.964	bgee_higher	nonzero_any
12	12	H2AC17	ENSG00000278677	H2AC17	H2AC17	31	AE	uterine cervix	cervix	uterine cervix	safe_synonym	True	0.5	44.15	0.17609125905568124	1.6546577546495247	-1.4785664955938436	1.4785664955938436	-43.65	43.65	bgee_higher	nonzero_any
12	12	H2AC17	ENSG00000278677	H2AC17	H2AC17	33	AG	prostate gland	prostate	prostate gland	safe_synonym	True	0.5	48.11222222222222	0.17609125905568124	1.69118958546563	-1.515098326409949	1.515098326409949	-47.61222222222222	47.61222222222222	bgee_higher	nonzero_any
12	12	H2AC17	ENSG00000278677	H2AC17	H2AC17	34	AH	saliva-secreting gland	salivary gland	saliva-secreting gland	safe_synonym	True	0.3	38.96	0.11394335230683679	1.6016254795539446	-1.487682127247108	1.487682127247108	-38.660000000000004	38.660000000000004	bgee_higher	nonzero_any
12	12	H2AC17	ENSG00000278677	H2AC17	H2AC17	35	AI	skeletal muscle tissue	skeletal muscle	skeletal muscle tissue	safe_synonym	True	0.1	44.625	0.04139268515822508	1.659202877464531	-1.617810192306306	1.617810192306306	-44.525	44.525	bgee_higher	nonzero_any
15	15	H2AC20	ENSG00000184260	H2AC20	H2AC20	1	A	adipose tissue	adipose tissue	adipose tissue	exact	False	3.7	64.89999999999999	0.6720978579357175	1.8188854145940099	-1.1467875566582924	1.1467875566582924	-61.19999999999999	61.19999999999999	bgee_higher	nonzero_any
15	15	H2AC20	ENSG00000184260	H2AC20	H2AC20	2	B	adrenal gland	adrenal gland	adrenal gland	exact	False	3.5	72.58333333333333	0.6532125137753437	1.8667794575299437	-1.2135669437546	1.2135669437546	-69.08333333333333	69.08333333333333	bgee_higher	nonzero_any
15	15	H2AC20	ENSG00000184260	H2AC20	H2AC20	3	C	amygdala	amygdala	amygdala	exact	False	1.1	55.83428571428571	0.3222192947339193	1.7546104062099117	-1.4323911114759924	1.4323911114759924	-54.73428571428571	54.73428571428571	bgee_higher	nonzero_any
15	15	H2AC20	ENSG00000184260	H2AC20	H2AC20	4	D	cerebellum	cerebellum	cerebellum	exact	False	0.9	56.04	0.2787536009528289	1.7561795168438092	-1.4774259158909804	1.4774259158909804	-55.14	55.14	bgee_higher	nonzero_any
15	15	H2AC20	ENSG00000184260	H2AC20	H2AC20	5	E	cerebral cortex	cerebral cortex	cerebral cortex	exact	False	0.9	48.25	0.2787536009528289	1.6924062348336306	-1.4136526338808018	1.4136526338808018	-47.35	47.35	bgee_higher	nonzero_any
15	15	H2AC20	ENSG00000184260	H2AC20	H2AC20	6	F	colon	colon	colon	exact	False	3.0	75.327	0.6020599913279624	1.8826781929586964	-1.280618201630734	1.280618201630734	-72.327	72.327	bgee_higher	nonzero_any
15	15	H2AC20	ENSG00000184260	H2AC20	H2AC20	7	G	endometrium	endometrium	endometrium	exact	False	1.9	52.605	0.4623979978989561	1.7292053003482635	-1.2668073024493074	1.2668073024493074	-50.705	50.705	bgee_higher	nonzero_any
15	15	H2AC20	ENSG00000184260	H2AC20	H2AC20	8	H	esophagus	esophagus	esophagus	exact	False	2.2	63.4125	0.505149978319906	1.808970155469131	-1.303820177149225	1.303820177149225	-61.2125	61.2125	bgee_higher	nonzero_any
15	15	H2AC20	ENSG00000184260	H2AC20	H2AC20	9	I	fallopian tube	fallopian tube	fallopian tube	exact	False	2.6	54.78	0.5563025007672873	1.746478509930031	-1.1901760091627438	1.1901760091627438	-52.18	52.18	bgee_higher	nonzero_any
15	15	H2AC20	ENSG00000184260	H2AC20	H2AC20	10	J	hypothalamus	hypothalamus	hypothalamus	exact	False	1.1	52.8125	0.3222192947339193	1.73088316879773	-1.4086638740638107	1.4086638740638107	-51.7125	51.7125	bgee_higher	nonzero_any
15	15	H2AC20	ENSG00000184260	H2AC20	H2AC20	11	K	kidney	kidney	kidney	exact	False	2.3	90.8075	0.5185139398778874	1.9628781613272295	-1.4443642214493422	1.4443642214493422	-88.50750000000001	88.50750000000001	bgee_higher	nonzero_any
15	15	H2AC20	ENSG00000184260	H2AC20	H2AC20	12	L	liver	liver	liver	exact	False	2.5	66.07636363636364	0.5440680443502757	1.8265695104714939	-1.2825014661212182	1.2825014661212182	-63.57636363636364	63.57636363636364	bgee_higher	nonzero_any
15	15	H2AC20	ENSG00000184260	H2AC20	H2AC20	13	M	lung	lung	lung	exact	False	4.6	78.79285714285713	0.7481880270062004	1.9019640161341342	-1.1537759891279338	1.1537759891279338	-74.19285714285714	74.19285714285714	bgee_higher	nonzero_any
15	15	H2AC20	ENSG00000184260	H2AC20	H2AC20	14	N	nucleus accumbens	nucleus accumbens	nucleus accumbens	exact	False	0.9	53.49222222222223	0.2787536009528289	1.7363345190285313	-1.4575809180757024	1.4575809180757024	-52.59222222222223	52.59222222222223	bgee_higher	nonzero_any
15	15	H2AC20	ENSG00000184260	H2AC20	H2AC20	15	O	ovary	ovary	ovary	exact	False	4.2	68.4475	0.7160033436347992	1.8416566164415693	-1.12565327280677	1.12565327280677	-64.2475	64.2475	bgee_higher	nonzero_any
15	15	H2AC20	ENSG00000184260	H2AC20	H2AC20	16	P	pancreas	pancreas	pancreas	exact	False	2.4	58.03	0.5314789170422551	1.7710727832211948	-1.2395938661789396	1.2395938661789396	-55.63	55.63	bgee_higher	nonzero_any
15	15	H2AC20	ENSG00000184260	H2AC20	H2AC20	17	Q	pituitary gland	pituitary gland	pituitary gland	exact	False	2.9	65.47	0.5910646070264992	1.8226256787741408	-1.2315610717476417	1.2315610717476417	-62.57	62.57	bgee_higher	nonzero_any
15	15	H2AC20	ENSG00000184260	H2AC20	H2AC20	18	R	putamen	putamen	putamen	exact	False	1.0	53.58625	0.3010299956639812	1.7370832598995263	-1.436053264235545	1.436053264235545	-52.58625	52.58625	bgee_higher	nonzero_any
15	15	H2AC20	ENSG00000184260	H2AC20	H2AC20	20	T	small intestine	small intestine	small intestine	exact	False	3.2	62.505	0.6232492903979004	1.8028079203616287	-1.1795586299637284	1.1795586299637284	-59.305	59.305	bgee_higher	nonzero_any
15	15	H2AC20	ENSG00000184260	H2AC20	H2AC20	22	V	spleen	spleen	spleen	exact	False	5.0	68.82090909090908	0.7781512503836436	1.8439854991701545	-1.065834248786511	1.065834248786511	-63.82090909090908	63.82090909090908	bgee_higher	nonzero_any
15	15	H2AC20	ENSG00000184260	H2AC20	H2AC20	23	W	stomach	stomach	stomach	exact	False	2.4	80.34083333333334	0.5314789170422551	1.9103086174196182	-1.378829700377363	1.378829700377363	-77.94083333333333	77.94083333333333	bgee_higher	nonzero_any
15	15	H2AC20	ENSG00000184260	H2AC20	H2AC20	24	X	substantia nigra	substantia nigra	substantia nigra	exact	False	1.0	56.87875	0.3010299956639812	1.7625191431456098	-1.4614891474816285	1.4614891474816285	-55.87875	55.87875	bgee_higher	nonzero_any
15	15	H2AC20	ENSG00000184260	H2AC20	H2AC20	25	Y	testis	testis	testis	exact	False	1.2	47.2325	0.3424226808222063	1.683339772974468	-1.3409170921522615	1.3409170921522615	-46.0325	46.0325	bgee_higher	nonzero_any
15	15	H2AC20	ENSG00000184260	H2AC20	H2AC20	26	Z	thyroid gland	thyroid gland	thyroid gland	exact	False	1.8	59.6576923076923	0.4471580313422192	1.7828858837672696	-1.3357278524250504	1.3357278524250504	-57.857692307692304	57.857692307692304	bgee_higher	nonzero_any
15	15	H2AC20	ENSG00000184260	H2AC20	H2AC20	27	AA	urinary bladder	urinary bladder	urinary bladder	exact	False	2.4	66.06833333333333	0.5314789170422551	1.8265175141365357	-1.2950385970942806	1.2950385970942806	-63.66833333333333	63.66833333333333	bgee_higher	nonzero_any
15	15	H2AC20	ENSG00000184260	H2AC20	H2AC20	28	AB	vagina	vagina	vagina	exact	False	3.9	66.766	0.6901960800285137	1.8310118514479568	-1.140815771419443	1.140815771419443	-62.86600000000001	62.86600000000001	bgee_higher	nonzero_any
15	15	H2AC20	ENSG00000184260	H2AC20	H2AC20	30	AD	caudate nucleus	caudate	caudate nucleus	safe_synonym	True	1.0	53.43888888888889	0.3010299956639812	1.7359092525645672	-1.434879256900586	1.434879256900586	-52.43888888888889	52.43888888888889	bgee_higher	nonzero_any
15	15	H2AC20	ENSG00000184260	H2AC20	H2AC20	31	AE	uterine cervix	cervix	uterine cervix	safe_synonym	True	5.2	75.66	0.7923916894982539	1.8845688149183333	-1.0921771254200794	1.0921771254200794	-70.46	70.46	bgee_higher	nonzero_any
15	15	H2AC20	ENSG00000184260	H2AC20	H2AC20	33	AG	prostate gland	prostate	prostate gland	safe_synonym	True	3.1	65.37	0.6127838567197355	1.8219718176420427	-1.2091879609223073	1.2091879609223073	-62.27	62.27	bgee_higher	nonzero_any
15	15	H2AC20	ENSG00000184260	H2AC20	H2AC20	34	AH	saliva-secreting gland	salivary gland	saliva-secreting gland	safe_synonym	True	1.4	57.03	0.38021124171160603	1.7636525705645303	-1.3834413288529244	1.3834413288529244	-55.63	55.63	bgee_higher	nonzero_any
15	15	H2AC20	ENSG00000184260	H2AC20	H2AC20	35	AI	skeletal muscle tissue	skeletal muscle	skeletal muscle tissue	safe_synonym	True	0.7	56.27	0.2304489213782739	1.7579271831133292	-1.5274782617350553	1.5274782617350553	-55.57	55.57	bgee_higher	nonzero_any
16	16	H2AC21	ENSG00000184270	H2AC21	H2AC21	1	A	adipose tissue	adipose tissue	adipose tissue	exact	False	0.2	39.895	0.07918124604762482	1.6116702125268791	-1.5324889664792543	1.5324889664792543	-39.695	39.695	bgee_higher	nonzero_any
16	16	H2AC21	ENSG00000184270	H2AC21	H2AC21	2	B	adrenal gland	adrenal gland	adrenal gland	exact	False	0.0	44.41	0.0	1.6571515019009666	-1.6571515019009666	1.6571515019009666	-44.41	44.41	bgee_higher	nonzero_any
16	16	H2AC21	ENSG00000184270	H2AC21	H2AC21	3	C	amygdala	amygdala	amygdala	exact	False	0.0	29.64	0.0	1.4862887609605664	-1.4862887609605664	1.4862887609605664	-29.64	29.64	bgee_higher	nonzero_any
16	16	H2AC21	ENSG00000184270	H2AC21	H2AC21	4	D	cerebellum	cerebellum	cerebellum	exact	False	0.1	34.765	0.04139268515822508	1.5534582293804493	-1.5120655442222242	1.5120655442222242	-34.665	34.665	bgee_higher	nonzero_any
16	16	H2AC21	ENSG00000184270	H2AC21	H2AC21	5	E	cerebral cortex	cerebral cortex	cerebral cortex	exact	False	0.0	28.97	0.0	1.4766867429456447	-1.4766867429456447	1.4766867429456447	-28.97	28.97	bgee_higher	nonzero_any
16	16	H2AC21	ENSG00000184270	H2AC21	H2AC21	6	F	colon	colon	colon	exact	False	0.2	58.90444444444445	0.07918124604762482	1.7774590448616443	-1.6982777988140194	1.6982777988140194	-58.70444444444445	58.70444444444445	bgee_higher	nonzero_any
16	16	H2AC21	ENSG00000184270	H2AC21	H2AC21	7	G	endometrium	endometrium	endometrium	exact	False	0.0	31.15	0.0	1.507180977260241	-1.507180977260241	1.507180977260241	-31.15	31.15	bgee_higher	nonzero_any
16	16	H2AC21	ENSG00000184270	H2AC21	H2AC21	8	H	esophagus	esophagus	esophagus	exact	False	0.1	34.58	0.04139268515822508	1.5512059437479062	-1.509813258589681	1.509813258589681	-34.48	34.48	bgee_higher	nonzero_any
16	16	H2AC21	ENSG00000184270	H2AC21	H2AC21	9	I	fallopian tube	fallopian tube	fallopian tube	exact	False	0.0	30.57	0.0	1.4992745818922173	-1.4992745818922173	1.4992745818922173	-30.57	30.57	bgee_higher	nonzero_any
16	16	H2AC21	ENSG00000184270	H2AC21	H2AC21	10	J	hypothalamus	hypothalamus	hypothalamus	exact	False	0.0	36.696666666666665	0.0	1.5763029493496818	-1.5763029493496818	1.5763029493496818	-36.696666666666665	36.696666666666665	bgee_higher	nonzero_any
16	16	H2AC21	ENSG00000184270	H2AC21	H2AC21	11	K	kidney	kidney	kidney	exact	False	0.1	83.64	0.04139268515822508	1.9275756546911105	-1.8861829695328853	1.8861829695328853	-83.54	83.54	bgee_higher	nonzero_any
16	16	H2AC21	ENSG00000184270	H2AC21	H2AC21	12	L	liver	liver	liver	exact	False	0.1	45.3125	0.04139268515822508	1.6656982253234034	-1.6243055401651783	1.6243055401651783	-45.2125	45.2125	bgee_higher	nonzero_any
16	16	H2AC21	ENSG00000184270	H2AC21	H2AC21	13	M	lung	lung	lung	exact	False	0.2	63.71428571428572	0.07918124604762482	1.8110001619985752	-1.7318189159509503	1.7318189159509503	-63.51428571428572	63.51428571428572	bgee_higher	nonzero_any
16	16	H2AC21	ENSG00000184270	H2AC21	H2AC21	14	N	nucleus accumbens	nucleus accumbens	nucleus accumbens	exact	False	0.0	39.8	0.0	1.61066016308988	-1.61066016308988	1.61066016308988	-39.8	39.8	bgee_higher	nonzero_any
16	16	H2AC21	ENSG00000184270	H2AC21	H2AC21	15	O	ovary	ovary	ovary	exact	False	0.2	43.875	0.07918124604762482	1.6520044615863756	-1.5728232155387507	1.5728232155387507	-43.675	43.675	bgee_higher	nonzero_any
16	16	H2AC21	ENSG00000184270	H2AC21	H2AC21	16	P	pancreas	pancreas	pancreas	exact	False	0.1	33.375	0.04139268515822508	1.536242706838319	-1.494850021680094	1.494850021680094	-33.275	33.275	bgee_higher	nonzero_any
16	16	H2AC21	ENSG00000184270	H2AC21	H2AC21	17	Q	pituitary gland	pituitary gland	pituitary gland	exact	False	0.0	30.615	0.0	1.499893186149237	-1.499893186149237	1.499893186149237	-30.615	30.615	bgee_higher	nonzero_any
16	16	H2AC21	ENSG00000184270	H2AC21	H2AC21	18	R	putamen	putamen	putamen	exact	False	0.0	36.42	0.0	1.5731037831639911	-1.5731037831639911	1.5731037831639911	-36.42	36.42	bgee_higher	nonzero_any
16	16	H2AC21	ENSG00000184270	H2AC21	H2AC21	20	T	small intestine	small intestine	small intestine	exact	False	0.5	36.895	0.17609125905568124	1.5785819114018698	-1.4024906523461884	1.4024906523461884	-36.395	36.395	bgee_higher	nonzero_any
16	16	H2AC21	ENSG00000184270	H2AC21	H2AC21	22	V	spleen	spleen	spleen	exact	False	0.3	37.798	0.11394335230683679	1.5888093387037203	-1.4748659863968836	1.4748659863968836	-37.498000000000005	37.498000000000005	bgee_higher	nonzero_any
16	16	H2AC21	ENSG00000184270	H2AC21	H2AC21	23	W	stomach	stomach	stomach	exact	False	0.1	64.11749999999999	0.04139268515822508	1.8136977187078285	-1.7723050335496033	1.7723050335496033	-64.0175	64.0175	bgee_higher	nonzero_any
16	16	H2AC21	ENSG00000184270	H2AC21	H2AC21	24	X	substantia nigra	substantia nigra	substantia nigra	exact	False	0.0	36.71	0.0	1.5764565324056201	-1.5764565324056201	1.5764565324056201	-36.71	36.71	bgee_higher	nonzero_any
16	16	H2AC21	ENSG00000184270	H2AC21	H2AC21	25	Y	testis	testis	testis	exact	False	0.0	0.0	0.0	0.0	0.0	0.0	0.0	0.0	equal	both_zero
16	16	H2AC21	ENSG00000184270	H2AC21	H2AC21	26	Z	thyroid gland	thyroid gland	thyroid gland	exact	False	0.1	33.52	0.04139268515822508	1.538070787043172	-1.4966781018849469	1.4966781018849469	-33.42	33.42	bgee_higher	nonzero_any
16	16	H2AC21	ENSG00000184270	H2AC21	H2AC21	27	AA	urinary bladder	urinary bladder	urinary bladder	exact	False	0.1	47.3575	0.04139268515822508	1.6844638404875427	-1.6430711553293176	1.6430711553293176	-47.2575	47.2575	bgee_higher	nonzero_any
16	16	H2AC21	ENSG00000184270	H2AC21	H2AC21	28	AB	vagina	vagina	vagina	exact	False	0.2	38.31	0.07918124604762482	1.5945030438200891	-1.5153217977724642	1.5153217977724642	-38.11	38.11	bgee_higher	nonzero_any
16	16	H2AC21	ENSG00000184270	H2AC21	H2AC21	30	AD	caudate nucleus	caudate	caudate nucleus	safe_synonym	True	0.0	38.0375	0.0	1.591481997238255	-1.591481997238255	1.591481997238255	-38.0375	38.0375	bgee_higher	nonzero_any
16	16	H2AC21	ENSG00000184270	H2AC21	H2AC21	31	AE	uterine cervix	cervix	uterine cervix	safe_synonym	True	0.4	53.21	0.146128035678238	1.7340794072805943	-1.5879513716023563	1.5879513716023563	-52.81	52.81	bgee_higher	nonzero_any
16	16	H2AC21	ENSG00000184270	H2AC21	H2AC21	33	AG	prostate gland	prostate	prostate gland	safe_synonym	True	0.1	34.84285714285714	0.04139268515822508	1.5544026213003537	-1.5130099361421285	1.5130099361421285	-34.74285714285714	34.74285714285714	bgee_higher	nonzero_any
16	16	H2AC21	ENSG00000184270	H2AC21	H2AC21	34	AH	saliva-secreting gland	salivary gland	saliva-secreting gland	safe_synonym	True	0.1	29.47	0.04139268515822508	1.4838724542226736	-1.4424797690644484	1.4424797690644484	-29.369999999999997	29.369999999999997	bgee_higher	nonzero_any
16	16	H2AC21	ENSG00000184270	H2AC21	H2AC21	35	AI	skeletal muscle tissue	skeletal muscle	skeletal muscle tissue	safe_synonym	True	0.1	47.91	0.04139268515822508	1.6893976628212823	-1.6480049776630572	1.6480049776630572	-47.809999999999995	47.809999999999995	bgee_higher	nonzero_any
17	17	H2AC25	ENSG00000181218	H2AC25	H2AW	1	A	adipose tissue	adipose tissue	adipose tissue	exact	False	5.8	64.93666666666667	0.8325089127062363	1.8191269882292713	-0.986618075523035	0.986618075523035	-59.13666666666667	59.13666666666667	bgee_higher	nonzero_any
17	17	H2AC25	ENSG00000181218	H2AC25	H2AW	2	B	adrenal gland	adrenal gland	adrenal gland	exact	False	34.8	77.53333333333335	1.5538830266438743	1.8950540313954016	-0.3411710047515273	0.3411710047515273	-42.73333333333335	42.73333333333335	bgee_higher	nonzero_any
17	17	H2AC25	ENSG00000181218	H2AC25	H2AW	3	C	amygdala	amygdala	amygdala	exact	False	12.1	80.12125	1.1172712956557642	1.909134634098726	-0.7918633384429619	0.7918633384429619	-68.02125000000001	68.02125000000001	bgee_higher	nonzero_any
17	17	H2AC25	ENSG00000181218	H2AC25	H2AW	4	D	cerebellum	cerebellum	cerebellum	exact	False	80.6	95.21999999999998	1.911690158753861	1.9832653525665453	-0.07157519381268429	0.07157519381268429	-14.61999999999999	14.61999999999999	bgee_higher	nonzero_any
17	17	H2AC25	ENSG00000181218	H2AC25	H2AW	5	E	cerebral cortex	cerebral cortex	cerebral cortex	exact	False	14.8	83.08	1.1986570869544226	1.9246927030201857	-0.7260356160657631	0.7260356160657631	-68.28	68.28	bgee_higher	nonzero_any
17	17	H2AC25	ENSG00000181218	H2AC25	H2AW	6	F	colon	colon	colon	exact	False	5.7	72.10499999999999	0.8260748027008264	1.8639470814469048	-1.0378722787460783	1.0378722787460783	-66.40499999999999	66.40499999999999	bgee_higher	nonzero_any
17	17	H2AC25	ENSG00000181218	H2AC25	H2AW	7	G	endometrium	endometrium	endometrium	exact	False	5.2	67.07	0.7923916894982539	1.8329557506045984	-1.0405640611063445	1.0405640611063445	-61.86999999999999	61.86999999999999	bgee_higher	nonzero_any
17	17	H2AC25	ENSG00000181218	H2AC25	H2AW	8	H	esophagus	esophagus	esophagus	exact	False	18.6	76.0475	1.2922560713564761	1.8867585515058425	-0.5945024801493664	0.5945024801493664	-57.4475	57.4475	bgee_higher	nonzero_any
17	17	H2AC25	ENSG00000181218	H2AC25	H2AW	9	I	fallopian tube	fallopian tube	fallopian tube	exact	False	7.0	70.92	0.9030899869919435	1.8568496787251723	-0.9537596917332287	0.9537596917332287	-63.92	63.92	bgee_higher	nonzero_any
17	17	H2AC25	ENSG00000181218	H2AC25	H2AW	10	J	hypothalamus	hypothalamus	hypothalamus	exact	False	13.8	81.35125	1.1702617153949575	1.9156701956609923	-0.7454084802660348	0.7454084802660348	-67.55125	67.55125	bgee_higher	nonzero_any
17	17	H2AC25	ENSG00000181218	H2AC25	H2AW	11	K	kidney	kidney	kidney	exact	False	4.3	66.07	0.724275869600789	1.8265283063406514	-1.1022524367398625	1.1022524367398625	-61.769999999999996	61.769999999999996	bgee_higher	nonzero_any
17	17	H2AC25	ENSG00000181218	H2AC25	H2AW	12	L	liver	liver	liver	exact	False	1.0	53.722	0.3010299956639812	1.7381619617583108	-1.4371319660943296	1.4371319660943296	-52.722	52.722	bgee_higher	nonzero_any
17	17	H2AC25	ENSG00000181218	H2AC25	H2AW	13	M	lung	lung	lung	exact	False	4.2	67.73857142857143	0.7160033436347992	1.8372005020936797	-1.1211971584588805	1.1211971584588805	-63.53857142857143	63.53857142857143	bgee_higher	nonzero_any
17	17	H2AC25	ENSG00000181218	H2AC25	H2AW	14	N	nucleus accumbens	nucleus accumbens	nucleus accumbens	exact	False	20.6	85.35333333333334	1.334453751150931	1.936279106470151	-0.6018253553192201	0.6018253553192201	-64.75333333333333	64.75333333333333	bgee_higher	nonzero_any
17	17	H2AC25	ENSG00000181218	H2AC25	H2AW	15	O	ovary	ovary	ovary	exact	False	13.7	77.035	1.167317334748176	1.8922894347104957	-0.7249720999623197	0.7249720999623197	-63.334999999999994	63.334999999999994	bgee_higher	nonzero_any
17	17	H2AC25	ENSG00000181218	H2AC25	H2AW	16	P	pancreas	pancreas	pancreas	exact	False	3.8	67.335	0.6812412373755872	1.8346431987552556	-1.1534019613796684	1.1534019613796684	-63.535	63.535	bgee_higher	nonzero_any
17	17	H2AC25	ENSG00000181218	H2AC25	H2AW	17	Q	pituitary gland	pituitary gland	pituitary gland	exact	False	12.6	80.308	1.1335389083702174	1.9101332784959921	-0.7765943701257747	0.7765943701257747	-67.70800000000001	67.70800000000001	bgee_higher	nonzero_any
17	17	H2AC25	ENSG00000181218	H2AC25	H2AW	18	R	putamen	putamen	putamen	exact	False	17.0	84.64375	1.255272505103306	1.9326956750709243	-0.6774231699676183	0.6774231699676183	-67.64375	67.64375	bgee_higher	nonzero_any
17	17	H2AC25	ENSG00000181218	H2AC25	H2AW	20	T	small intestine	small intestine	small intestine	exact	False	5.3	70.11500000000001	0.7993405494535817	1.851961214374638	-1.0526206649210563	1.0526206649210563	-64.81500000000001	64.81500000000001	bgee_higher	nonzero_any
17	17	H2AC25	ENSG00000181218	H2AC25	H2AW	22	V	spleen	spleen	spleen	exact	False	12.7	79.5390909090909	1.1367205671564067	1.9060067231681894	-0.7692861560117827	0.7692861560117827	-66.8390909090909	66.8390909090909	bgee_higher	nonzero_any
17	17	H2AC25	ENSG00000181218	H2AC25	H2AW	23	W	stomach	stomach	stomach	exact	False	6.1	70.94833333333334	0.8512583487190752	1.857020738056918	-1.0057623893378427	1.0057623893378427	-64.84833333333334	64.84833333333334	bgee_higher	nonzero_any
17	17	H2AC25	ENSG00000181218	H2AC25	H2AW	24	X	substantia nigra	substantia nigra	substantia nigra	exact	False	6.8	77.14444444444445	0.8920946026904804	1.8928981079740814	-1.000803505283601	1.000803505283601	-70.34444444444445	70.34444444444445	bgee_higher	nonzero_any
17	17	H2AC25	ENSG00000181218	H2AC25	H2AW	25	Y	testis	testis	testis	exact	False	5.6	65.33375	0.8195439355418687	1.8217345496618904	-1.0021906141200216	1.0021906141200216	-59.73374999999999	59.73374999999999	bgee_higher	nonzero_any
17	17	H2AC25	ENSG00000181218	H2AC25	H2AW	26	Z	thyroid gland	thyroid gland	thyroid gland	exact	False	2.1	59.91692307692308	0.4913616938342727	1.7847379589374603	-1.2933762651031877	1.2933762651031877	-57.816923076923075	57.816923076923075	bgee_higher	nonzero_any
17	17	H2AC25	ENSG00000181218	H2AC25	H2AW	27	AA	urinary bladder	urinary bladder	urinary bladder	exact	False	5.2	69.31833333333334	0.7923916894982539	1.8470685686539638	-1.05467687915571	1.05467687915571	-64.11833333333334	64.11833333333334	bgee_higher	nonzero_any
17	17	H2AC25	ENSG00000181218	H2AC25	H2AW	28	AB	vagina	vagina	vagina	exact	False	23.4	83.386	1.3873898263387294	1.926270401281129	-0.5388805749423995	0.5388805749423995	-59.986	59.986	bgee_higher	nonzero_any
17	17	H2AC25	ENSG00000181218	H2AC25	H2AW	30	AD	caudate nucleus	caudate	caudate nucleus	safe_synonym	True	16.5	83.61444444444444	1.2430380486862944	1.9274445073303363	-0.6844064586440419	0.6844064586440419	-67.11444444444444	67.11444444444444	bgee_higher	nonzero_any
17	17	H2AC25	ENSG00000181218	H2AC25	H2AW	31	AE	uterine cervix	cervix	uterine cervix	safe_synonym	True	27.1	76.69	1.4487063199050798	1.890365121448124	-0.44165880154304427	0.44165880154304427	-49.589999999999996	49.589999999999996	bgee_higher	nonzero_any
17	17	H2AC25	ENSG00000181218	H2AC25	H2AW	33	AG	prostate gland	prostate	prostate gland	safe_synonym	True	10.8	76.13555555555556	1.0718820073061255	1.887254611801167	-0.8153726044950416	0.8153726044950416	-65.33555555555556	65.33555555555556	bgee_higher	nonzero_any
17	17	H2AC25	ENSG00000181218	H2AC25	H2AW	34	AH	saliva-secreting gland	salivary gland	saliva-secreting gland	safe_synonym	True	10.0	76.51	1.0413926851582251	1.8893577368889316	-0.8479650517307065	0.8479650517307065	-66.51	66.51	bgee_higher	nonzero_any
17	17	H2AC25	ENSG00000181218	H2AC25	H2AW	35	AI	skeletal muscle tissue	skeletal muscle	skeletal muscle tissue	safe_synonym	True	0.9	48.925	0.2787536009528289	1.6983180735427401	-1.4195644725899113	1.4195644725899113	-48.025	48.025	bgee_higher	nonzero_any
