gene_name,tissue,gene_class,gene_species_count,species_n,mean_score,median_score,std_score,min_score,max_score,range,max_species,max_species_name,_max_score_check,min_species,min_species_name,_min_score_check,passes_conservative_species_filter,is_conservative_candidate,is_high_confidence_candidate,candidate_level,low_variability_level,is_low_variability_p05,is_low_variability_p10
H2AC19,thymus,clustered,4,2,49.88,49.88,70.54097249116998,0.0,99.76,99.76,pan_troglodytes,Pan troglodytes,99.76,bos_taurus,Bos taurus,0.0,False,False,False,background,background,False,False
H2AC14,bone marrow,clustered,7,4,57.8725,65.93,42.47241644094827,0.0,99.63,99.63,pan_troglodytes,Pan troglodytes,99.63,canis_lupus_familiaris,Canis lupus familiaris,0.0,True,True,True,high_confidence,background,False,False
H2AC8,bone marrow,clustered,6,4,64.62875,79.5675,44.31482904081507,0.0,99.38,99.38,pan_troglodytes,Pan troglodytes,99.38,bos_taurus,Bos taurus,0.0,True,True,True,high_confidence,background,False,False
H2AC14,ileum,clustered,7,3,53.44266666666667,61.478,49.91247901410361,0.0,98.85,98.85,sus_scrofa,Sus scrofa,98.85,macaca_mulatta,Macaca mulatta,0.0,False,False,False,background,background,False,False
H2AC20,spermatid,clustered,5,2,49.34,49.34,69.77729716748851,0.0,98.68,98.68,macaca_mulatta,Macaca mulatta,98.68,bos_taurus,Bos taurus,0.0,False,False,False,background,background,False,False
H2AC21,ileum,clustered,6,3,54.66233333333333,65.342,50.18217279406436,0.0,98.645,98.645,sus_scrofa,Sus scrofa,98.645,macaca_mulatta,Macaca mulatta,0.0,False,False,False,background,background,False,False
H2AC14,mesenteric lymph node,clustered,7,2,49.13,49.13,69.48031231939017,0.0,98.26,98.26,sus_scrofa,Sus scrofa,98.26,bos_taurus,Bos taurus,0.0,False,False,False,background,background,False,False
H2AZ2,oocyte,variant,8,3,60.82333333333333,84.95,53.048182186888674,0.0,97.52,97.52,bos_taurus,Bos taurus,97.52,human,Homo sapiens,0.0,False,False,False,background,background,False,False
H2AC8,caecum,clustered,6,2,48.505,48.505,68.59642884290699,0.0,97.01,97.01,bos_taurus,Bos taurus,97.01,human,Homo sapiens,0.0,False,False,False,background,background,False,False
H2AC12,oocyte,clustered,6,2,48.485,48.485,68.56814457165952,0.0,96.97,96.97,bos_taurus,Bos taurus,96.97,sus_scrofa,Sus scrofa,0.0,False,False,False,background,background,False,False
H2AJ,hair follicle,variant,8,2,48.41,48.41,68.46207855448152,0.0,96.82,96.82,canis_lupus_familiaris,Canis lupus familiaris,96.82,human,Homo sapiens,0.0,False,False,False,background,background,False,False
H2AC21,duodenum,clustered,6,3,49.2825,51.0975,48.4005298912109,0.0,96.75,96.75,sus_scrofa,Sus scrofa,96.75,human,Homo sapiens,0.0,False,False,False,background,background,False,False
H2AC20,oviduct epithelium,clustered,5,2,48.35,48.35,68.37722574073915,0.0,96.7,96.7,equus_caballus,Equus caballus,96.7,bos_taurus,Bos taurus,0.0,False,False,False,background,background,False,False
H2AC20,spermatocyte,clustered,5,2,48.33,48.33,68.34894146949168,0.0,96.66,96.66,macaca_mulatta,Macaca mulatta,96.66,bos_taurus,Bos taurus,0.0,False,False,False,background,background,False,False
H2AC14,colon,clustered,7,6,39.7612962962963,43.325,36.472123069454234,0.0,96.48,96.48,sus_scrofa,Sus scrofa,96.48,canis_lupus_familiaris,Canis lupus familiaris,0.0,True,True,True,high_confidence,background,False,False
H2AC1,spermatocyte,clustered,7,3,61.52333333333333,88.12,53.44331233497166,0.0,96.45,96.45,mus_musculus,Mus musculus,96.45,bos_taurus,Bos taurus,0.0,False,False,False,background,background,False,False
H2AC20,adipose tissue,clustered,5,3,53.76333333333333,64.89999999999999,49.15055476119607,0.0,96.39,96.39,macaca_mulatta,Macaca mulatta,96.39,bos_taurus,Bos taurus,0.0,False,False,False,background,background,False,False
H2AC7,brain,clustered,5,4,41.89666666666667,35.748333333333335,40.13201022182224,0.0,96.09,96.09,felis_catus,Felis catus,96.09,canis_lupus_familiaris,Canis lupus familiaris,0.0,True,True,True,high_confidence,background,False,False
H2AX,hair follicle,variant,8,3,56.388888888888886,73.16,50.15249382669855,0.0,96.00666666666666,96.00666666666666,mus_musculus,Mus musculus,96.00666666666666,human,Homo sapiens,0.0,False,False,False,background,background,False,False
H2AJ,mucosa of urinary bladder,variant,8,2,47.96,47.96,67.82568245141364,0.0,95.92,95.92,canis_lupus_familiaris,Canis lupus familiaris,95.92,human,Homo sapiens,0.0,False,False,False,background,background,False,False
H2AC17,ileum,clustered,6,2,47.9325,47.9325,67.78679157844837,0.0,95.865,95.865,sus_scrofa,Sus scrofa,95.865,macaca_mulatta,Macaca mulatta,0.0,False,False,False,background,background,False,False
H2AC20,olfactory segment of nasal mucosa,clustered,5,3,53.74666666666667,65.4,48.971180640590376,0.0,95.84,95.84,macaca_mulatta,Macaca mulatta,95.84,bos_taurus,Bos taurus,0.0,False,False,False,background,background,False,False
H2AJ,diaphragm,variant,8,2,47.88,47.88,67.7125453664238,0.0,95.76,95.76,bos_taurus,Bos taurus,95.76,human,Homo sapiens,0.0,False,False,False,background,background,False,False
H2AC8,cerebellum,clustered,6,5,51.797333333333334,53.325,33.85406170445267,0.0,94.955,94.955,equus_caballus,Equus caballus,94.955,bos_taurus,Bos taurus,0.0,True,True,True,high_confidence,background,False,False
H2AC11,bone marrow,clustered,6,4,56.1025,64.995,39.913326408606935,0.0,94.42,94.42,equus_caballus,Equus caballus,94.42,bos_taurus,Bos taurus,0.0,True,True,True,high_confidence,background,False,False
H2AC11,oviduct epithelium,clustered,6,3,31.363333333333333,0.0,54.32288682805189,0.0,94.09,94.09,equus_caballus,Equus caballus,94.09,bos_taurus,Bos taurus,0.0,False,False,False,background,background,False,False
H2AC14,testis,clustered,7,7,36.79838095238095,31.56,35.66517754701801,0.0,94.05,94.05,sus_scrofa,Sus scrofa,94.05,canis_lupus_familiaris,Canis lupus familiaris,0.0,True,True,True,high_confidence,background,False,False
H2AC20,brain,clustered,5,4,53.33770833333334,59.677916666666675,39.583070475004426,0.0,93.995,93.995,felis_catus,Felis catus,93.995,bos_taurus,Bos taurus,0.0,True,True,True,high_confidence,background,False,False
H2AC6,diaphragm,clustered,7,2,46.9975,46.9975,66.46450189762953,0.0,93.995,93.995,bos_taurus,Bos taurus,93.995,human,Homo sapiens,0.0,False,False,False,background,background,False,False
H2AC21,cerebellum,clustered,6,6,51.271833333333326,43.363,36.16799179062429,0.0,93.465,93.465,equus_caballus,Equus caballus,93.465,bos_taurus,Bos taurus,0.0,True,True,True,high_confidence,background,False,False
H2AC1,spermatid,clustered,7,3,54.080000000000005,68.8,48.42795886675382,0.0,93.44,93.44,mus_musculus,Mus musculus,93.44,bos_taurus,Bos taurus,0.0,False,False,False,background,background,False,False
H2AX,ileum,variant,8,3,61.66166666666667,91.71,53.406302608712146,0.0,93.275,93.275,mus_musculus,Mus musculus,93.275,macaca_mulatta,Macaca mulatta,0.0,False,False,False,background,background,False,False
H2AC19,prostate gland,clustered,4,2,46.39277777777778,46.39277777777778,65.60929552949447,0.0,92.78555555555556,92.78555555555556,human,Homo sapiens,92.78555555555556,bos_taurus,Bos taurus,0.0,False,False,False,background,background,False,False
H2AC15,trachea,clustered,5,2,46.335,46.335,65.52758541255736,0.0,92.67,92.67,human,Homo sapiens,92.67,bos_taurus,Bos taurus,0.0,False,False,False,background,background,False,False
H2AC19,adult mammalian kidney,clustered,4,4,53.812954545454545,61.32090909090909,44.093845977632455,0.0,92.61,92.61,pan_troglodytes,Pan troglodytes,92.61,equus_caballus,Equus caballus,0.0,True,True,True,high_confidence,background,False,False
H2AC25,colon,clustered,6,5,50.331,47.24,34.88964359233267,0.0,92.15,92.15,sus_scrofa,Sus scrofa,92.15,pan_troglodytes,Pan troglodytes,0.0,True,True,True,high_confidence,background,False,False
H2AC20,liver,clustered,5,5,56.61341558441559,66.07636363636364,36.669597459088685,0.0,91.80571428571427,91.80571428571427,macaca_mulatta,Macaca mulatta,91.80571428571427,bos_taurus,Bos taurus,0.0,True,True,True,high_confidence,background,False,False
H2AC19,retina,clustered,4,2,45.865,45.865,64.862905038242,0.0,91.73,91.73,bos_taurus,Bos taurus,91.73,equus_caballus,Equus caballus,0.0,False,False,False,background,background,False,False
H2AC6,prostate gland,clustered,7,2,45.8425,45.8425,64.83108523308861,0.0,91.685,91.685,human,Homo sapiens,91.685,bos_taurus,Bos taurus,0.0,False,False,False,background,background,False,False
H2AC6,oocyte,clustered,7,2,45.75,45.75,64.7002704785691,0.0,91.5,91.5,bos_taurus,Bos taurus,91.5,human,Homo sapiens,0.0,False,False,False,background,background,False,False
H2AC14,ovary,clustered,7,4,41.55083333333333,37.568333333333335,39.27966162777618,0.0,91.06666666666666,91.06666666666666,sus_scrofa,Sus scrofa,91.06666666666666,canis_lupus_familiaris,Canis lupus familiaris,0.0,True,True,True,high_confidence,background,False,False
H2AC11,caecum,clustered,6,3,50.92333333333334,61.71,46.478436218673856,0.0,91.06,91.06,bos_taurus,Bos taurus,91.06,human,Homo sapiens,0.0,False,False,False,background,background,False,False
H2AC20,kidney,clustered,5,3,59.57416666666668,87.915,51.613008433759546,0.0,90.8075,90.8075,human,Homo sapiens,90.8075,bos_taurus,Bos taurus,0.0,False,False,False,background,background,False,False
H2AC8,monocyte,clustered,6,2,45.05,45.05,63.71032098490793,0.0,90.1,90.1,human,Homo sapiens,90.1,bos_taurus,Bos taurus,0.0,False,False,False,background,background,False,False
H2AC21,oocyte,clustered,6,2,45.025,45.025,63.6749656458486,0.0,90.05,90.05,bos_taurus,Bos taurus,90.05,sus_scrofa,Sus scrofa,0.0,False,False,False,background,background,False,False
H2AC8,caput epididymis,clustered,6,2,44.81,44.81,63.37090972993839,0.0,89.62,89.62,human,Homo sapiens,89.62,bos_taurus,Bos taurus,0.0,False,False,False,background,background,False,False
H2AJ,triceps brachii,variant,8,3,56.89666666666667,81.36500000000001,49.43443545073953,0.0,89.325,89.325,bos_taurus,Bos taurus,89.325,human,Homo sapiens,0.0,False,False,False,background,background,False,False
H2AC20,cortex of kidney,clustered,5,3,50.50333333333333,62.19,45.79245825824743,0.0,89.32,89.32,macaca_mulatta,Macaca mulatta,89.32,bos_taurus,Bos taurus,0.0,False,False,False,background,background,False,False
H2AX,olfactory bulb,variant,8,3,54.93357142857142,75.95,48.00916641323693,0.0,88.85071428571428,88.85071428571428,mus_musculus,Mus musculus,88.85071428571428,human,Homo sapiens,0.0,False,False,False,background,background,False,False
H2AC14,adipose tissue,clustered,7,5,32.9496,33.169999999999995,36.6458585763794,0.0,88.63,88.63,sus_scrofa,Sus scrofa,88.63,canis_lupus_familiaris,Canis lupus familiaris,0.0,True,True,True,high_confidence,background,False,False
MACROH2A2,caecum,variant,8,3,48.947222222222216,58.35666666666666,44.9866873620943,0.0,88.485,88.485,human,Homo sapiens,88.485,sus_scrofa,Sus scrofa,0.0,False,False,False,background,background,False,False
H2AC16,epithelium of bronchus,clustered,4,2,44.2,44.2,62.508239456890806,0.0,88.4,88.4,human,Homo sapiens,88.4,equus_caballus,Equus caballus,0.0,False,False,False,background,background,False,False
H2AJ,gluteal muscle,variant,8,2,43.825,43.825,61.97790937100089,0.0,87.65,87.65,bos_taurus,Bos taurus,87.65,human,Homo sapiens,0.0,False,False,False,background,background,False,False
H2AC21,testis,clustered,6,6,38.705555555555556,41.47833333333334,34.77268037900934,0.0,87.49,87.49,sus_scrofa,Sus scrofa,87.49,human,Homo sapiens,0.0,True,True,True,high_confidence,background,False,False
H2AJ,olfactory bulb,variant,8,2,43.72,43.72,61.82941694695172,0.0,87.44,87.44,canis_lupus_familiaris,Canis lupus familiaris,87.44,human,Homo sapiens,0.0,False,False,False,background,background,False,False
H2AJ,oocyte,variant,8,3,52.306666666666665,69.85,46.10989734680975,0.0,87.07,87.07,sus_scrofa,Sus scrofa,87.07,human,Homo sapiens,0.0,False,False,False,background,background,False,False
H2AX,superior surface of tongue,variant,8,2,43.395,43.395,61.36979753918046,0.0,86.79,86.79,human,Homo sapiens,86.79,mus_musculus,Mus musculus,0.0,False,False,False,background,background,False,False
MACROH2A2,thymus,variant,8,4,54.35875,65.37,38.00696347929767,0.0,86.695,86.695,human,Homo sapiens,86.695,pan_troglodytes,Pan troglodytes,0.0,True,True,True,high_confidence,background,False,False
H2AC11,ileum,clustered,6,3,51.48,68.015,45.52334373703232,0.0,86.425,86.425,bos_taurus,Bos taurus,86.425,macaca_mulatta,Macaca mulatta,0.0,False,False,False,background,background,False,False
H2AC20,adult mammalian kidney,clustered,5,5,48.37951515151516,51.11,32.38592609068248,0.0,86.03666666666668,86.03666666666668,macaca_mulatta,Macaca mulatta,86.03666666666668,bos_taurus,Bos taurus,0.0,True,True,True,high_confidence,background,False,False
H2AC17,testis,clustered,6,6,32.25380952380952,31.485,32.11137365772353,0.0,85.96,85.96,sus_scrofa,Sus scrofa,85.96,equus_caballus,Equus caballus,0.0,True,True,True,high_confidence,background,False,False
MACROH2A1,oocyte,variant,8,3,51.64333333333334,68.99,45.52033648088877,0.0,85.94,85.94,sus_scrofa,Sus scrofa,85.94,human,Homo sapiens,0.0,False,False,False,background,background,False,False
MACROH2A2,tonsil,variant,8,2,42.47666666666667,42.47666666666667,60.071078084401165,0.0,84.95333333333333,84.95333333333333,human,Homo sapiens,84.95333333333333,sus_scrofa,Sus scrofa,0.0,False,False,False,background,background,False,False
H2AC6,uterus,clustered,7,3,48.79944444444445,61.69333333333333,43.79981203451973,0.0,84.70500000000001,84.70500000000001,human,Homo sapiens,84.70500000000001,felis_catus,Felis catus,0.0,False,False,False,background,background,False,False
H2AC6,zone of skin,clustered,7,5,50.494,50.32,34.3587739202976,0.0,84.56857142857143,84.56857142857143,human,Homo sapiens,84.56857142857143,felis_catus,Felis catus,0.0,True,True,True,high_confidence,background,False,False
H2AC7,kidney,clustered,5,3,46.58416666666667,55.42,42.854948396694326,0.0,84.3325,84.3325,human,Homo sapiens,84.3325,canis_lupus_familiaris,Canis lupus familiaris,0.0,False,False,False,background,background,False,False
H2AC13,kidney,clustered,7,4,55.02,67.9025,39.4416241636506,0.0,84.275,84.275,mus_musculus,Mus musculus,84.275,macaca_mulatta,Macaca mulatta,0.0,True,True,True,high_confidence,background,False,False
MACROH2A2,metanephros cortex,variant,8,4,48.51375,55.045,35.099648472836115,0.0,83.965,83.965,human,Homo sapiens,83.965,sus_scrofa,Sus scrofa,0.0,True,True,True,high_confidence,background,False,False
H2AX,triceps brachii,variant,8,3,52.25333333333333,72.81,45.59422149059389,0.0,83.95,83.95,mus_musculus,Mus musculus,83.95,human,Homo sapiens,0.0,False,False,False,background,background,False,False
H2AC15,ovary,clustered,5,3,46.315555555555555,55.086666666666666,42.612488692783394,0.0,83.86,83.86,canis_lupus_familiaris,Canis lupus familiaris,83.86,bos_taurus,Bos taurus,0.0,False,False,False,background,background,False,False
H2AC20,bone marrow,clustered,5,3,55.096666666666664,81.49,47.729090011578194,0.0,83.8,83.8,human,Homo sapiens,83.8,bos_taurus,Bos taurus,0.0,False,False,False,background,background,False,False
H2AC20,skeletal muscle tissue,clustered,5,3,46.675000000000004,56.27,42.69394599940371,0.0,83.755,83.755,macaca_mulatta,Macaca mulatta,83.755,bos_taurus,Bos taurus,0.0,False,False,False,background,background,False,False
H2AC20,blood,clustered,5,3,50.78208333333333,68.62,44.62246842142234,0.0,83.72625000000001,83.72625000000001,human,Homo sapiens,83.72625000000001,bos_taurus,Bos taurus,0.0,False,False,False,background,background,False,False
H2AC11,occipital lobe,clustered,6,3,27.69666666666667,0.0,47.97203386696601,0.0,83.09,83.09,canis_lupus_familiaris,Canis lupus familiaris,83.09,bos_taurus,Bos taurus,0.0,False,False,False,background,background,False,False
H2AC25,Ammon's horn,clustered,6,3,48.11708333333333,61.38,43.04632156782776,0.0,82.97125,82.97125,human,Homo sapiens,82.97125,bos_taurus,Bos taurus,0.0,False,False,False,background,background,False,False
H2AC17,kidney,clustered,6,4,33.150000000000006,24.855,40.60437661139498,0.0,82.89,82.89,human,Homo sapiens,82.89,macaca_mulatta,Macaca mulatta,0.0,True,True,True,high_confidence,background,False,False
H2AC11,monocyte,clustered,6,2,41.4,41.4,58.54844148224613,0.0,82.8,82.8,human,Homo sapiens,82.8,bos_taurus,Bos taurus,0.0,False,False,False,background,background,False,False
MACROH2A2,liver,variant,8,8,44.09391666666667,49.964,29.728774723014507,0.0,82.71000000000001,82.71000000000001,human,Homo sapiens,82.71000000000001,equus_caballus,Equus caballus,0.0,True,True,True,high_confidence,background,False,False
H2AC20,cerebellum,clustered,5,4,51.374,61.494,35.93018630622446,0.0,82.508,82.508,equus_caballus,Equus caballus,82.508,bos_taurus,Bos taurus,0.0,True,True,False,conservative,background,False,False
H2AC14,cerebral cortex,clustered,7,6,29.215,24.33,31.03692687751157,0.0,82.47,82.47,sus_scrofa,Sus scrofa,82.47,canis_lupus_familiaris,Canis lupus familiaris,0.0,True,True,False,conservative,background,False,False
H2AJ,embryo,variant,8,3,53.193333333333335,77.18,46.14065596990721,0.0,82.4,82.4,felis_catus,Felis catus,82.4,human,Homo sapiens,0.0,False,False,False,background,background,False,False
H2AX,trigeminal ganglion,variant,8,2,41.12083333333333,41.12083333333333,58.15364019608364,0.0,82.24166666666666,82.24166666666666,human,Homo sapiens,82.24166666666666,mus_musculus,Mus musculus,0.0,False,False,False,background,background,False,False
MACROH2A2,colon,variant,8,6,50.2875,55.125,26.965210874384052,0.0,82.135,82.135,human,Homo sapiens,82.135,sus_scrofa,Sus scrofa,0.0,True,True,False,conservative,background,False,False
H2AX,tibialis anterior,variant,8,2,40.9925,40.9925,57.9721494555791,0.0,81.985,81.985,mus_musculus,Mus musculus,81.985,human,Homo sapiens,0.0,False,False,False,background,background,False,False
H2AC25,zone of skin,clustered,6,4,40.09133333333333,39.19766666666666,33.67010507854111,0.0,81.97,81.97,human,Homo sapiens,81.97,felis_catus,Felis catus,0.0,True,True,False,conservative,background,False,False
H2AX,vastus lateralis,variant,8,2,40.985,40.985,57.9615428538613,0.0,81.97,81.97,mus_musculus,Mus musculus,81.97,human,Homo sapiens,0.0,False,False,False,background,background,False,False
H2AC6,prefrontal cortex,clustered,7,7,48.944704184704186,60.07,31.852667279490646,0.0,81.88111111111112,81.88111111111112,human,Homo sapiens,81.88111111111112,equus_caballus,Equus caballus,0.0,True,True,False,conservative,background,False,False
H2AX,pigmented layer of retina,variant,8,2,40.85875,40.85875,57.7829983916117,0.0,81.7175,81.7175,human,Homo sapiens,81.7175,mus_musculus,Mus musculus,0.0,False,False,False,background,background,False,False
MACROH2A2,lung,variant,8,6,50.689345238095235,50.92928571428571,29.817869158337043,0.0,81.59,81.59,canis_lupus_familiaris,Canis lupus familiaris,81.59,pan_troglodytes,Pan troglodytes,0.0,True,True,False,conservative,background,False,False
H2AC20,heart,clustered,5,3,51.49933333333333,72.94800000000001,44.80663568416327,0.0,81.55,81.55,macaca_mulatta,Macaca mulatta,81.55,bos_taurus,Bos taurus,0.0,False,False,False,background,background,False,False
MACROH2A2,penis,variant,8,2,40.705,40.705,57.56556305639683,0.0,81.41,81.41,human,Homo sapiens,81.41,sus_scrofa,Sus scrofa,0.0,False,False,False,background,background,False,False
H2AC8,prostate gland,clustered,6,2,40.6940625,40.6940625,57.55009509555838,0.0,81.388125,81.388125,human,Homo sapiens,81.388125,bos_taurus,Bos taurus,0.0,False,False,False,background,background,False,False
H2AC21,oviduct epithelium,clustered,6,2,40.66,40.66,57.50192344609004,0.0,81.32,81.32,equus_caballus,Equus caballus,81.32,bos_taurus,Bos taurus,0.0,False,False,False,background,background,False,False
H2AC14,kidney,clustered,7,4,28.6575,16.74,38.38933738683178,0.0,81.15,81.15,human,Homo sapiens,81.15,macaca_mulatta,Macaca mulatta,0.0,True,True,False,conservative,background,False,False
H2AX,cingulate cortex,variant,8,2,40.54,40.54,57.33221781860527,0.0,81.08,81.08,mus_musculus,Mus musculus,81.08,human,Homo sapiens,0.0,False,False,False,background,background,False,False
H2AC20,spleen,clustered,5,4,49.990227272727275,59.485454545454544,35.65870084090498,0.0,80.99000000000001,80.99000000000001,macaca_mulatta,Macaca mulatta,80.99000000000001,bos_taurus,Bos taurus,0.0,True,True,False,conservative,background,False,False
MACROH2A2,leukocyte,variant,8,3,44.316250000000004,52.21875,40.94105952082213,0.0,80.73,80.73,human,Homo sapiens,80.73,equus_caballus,Equus caballus,0.0,False,False,False,background,background,False,False
H2AC16,bone marrow,clustered,4,3,48.961666666666666,66.21,43.01444708854612,0.0,80.67500000000001,80.67500000000001,human,Homo sapiens,80.67500000000001,canis_lupus_familiaris,Canis lupus familiaris,0.0,False,False,False,background,background,False,False
MACROH2A2,lymph node,variant,8,5,37.05433333333333,51.94,35.74703195915556,0.0,80.63166666666666,80.63166666666666,human,Homo sapiens,80.63166666666666,pan_troglodytes,Pan troglodytes,0.0,True,True,False,conservative,background,False,False
H2AC15,thymus,clustered,5,3,26.863333333333333,0.0,46.528658193991944,0.0,80.59,80.59,human,Homo sapiens,80.59,bos_taurus,Bos taurus,0.0,False,False,False,background,background,False,False
H2AC25,retina,clustered,6,2,40.2,40.2,56.85138520739842,0.0,80.4,80.4,bos_taurus,Bos taurus,80.4,canis_lupus_familiaris,Canis lupus familiaris,0.0,False,False,False,background,background,False,False
H2AC21,lymph node,clustered,6,4,47.14125,54.1075,33.781880837464726,0.0,80.35,80.35,pan_troglodytes,Pan troglodytes,80.35,sus_scrofa,Sus scrofa,0.0,True,True,False,conservative,background,False,False
H2AC7,cerebellum,clustered,5,4,20.073125,0.0,40.14625,0.0,80.2925,80.2925,equus_caballus,Equus caballus,80.2925,bos_taurus,Bos taurus,0.0,True,True,False,conservative,background,False,False
H2AC17,brainstem,clustered,6,2,40.01,40.01,56.58268463054753,0.0,80.02,80.02,sus_scrofa,Sus scrofa,80.02,equus_caballus,Equus caballus,0.0,False,False,False,background,background,False,False
H2AC11,cerebellum,clustered,6,6,21.13416666666667,0.0,34.36903408835731,0.0,79.93,79.93,equus_caballus,Equus caballus,79.93,bos_taurus,Bos taurus,0.0,True,True,False,conservative,background,False,False
H2AC13,cerebellum,clustered,7,6,37.86041666666667,38.97416666666667,34.343329441869464,0.0,79.89750000000001,79.89750000000001,equus_caballus,Equus caballus,79.89750000000001,canis_lupus_familiaris,Canis lupus familiaris,0.0,True,True,False,conservative,background,False,False
MACROH2A2,duodenum,variant,8,3,44.34916666666667,53.3675,40.59831710900507,0.0,79.68,79.68,human,Homo sapiens,79.68,sus_scrofa,Sus scrofa,0.0,False,False,False,background,background,False,False
H2AC21,lung,clustered,6,5,50.334523809523816,63.71428571428572,30.9510813133745,0.0,79.635,79.635,sus_scrofa,Sus scrofa,79.635,macaca_mulatta,Macaca mulatta,0.0,True,True,False,conservative,background,False,False
MACROH2A2,oocyte,variant,8,3,26.536666666666665,0.0,45.96285493018611,0.0,79.61,79.61,human,Homo sapiens,79.61,bos_taurus,Bos taurus,0.0,False,False,False,background,background,False,False
H2AX,globus pallidus,variant,8,2,39.785,39.785,56.264486579013585,0.0,79.57,79.57,mus_musculus,Mus musculus,79.57,human,Homo sapiens,0.0,False,False,False,background,background,False,False
H2AC16,kidney,clustered,4,2,39.7275,39.7275,56.18316929917713,0.0,79.455,79.455,human,Homo sapiens,79.455,macaca_mulatta,Macaca mulatta,0.0,False,False,False,background,background,False,False
H2AC12,kidney,clustered,6,5,28.490499999999997,18.66,33.77936391126985,0.0,79.3925,79.3925,human,Homo sapiens,79.3925,macaca_mulatta,Macaca mulatta,0.0,True,True,False,conservative,background,False,False
H2AC25,granulocyte,clustered,6,2,39.665,39.665,56.09478095152881,0.0,79.33,79.33,human,Homo sapiens,79.33,canis_lupus_familiaris,Canis lupus familiaris,0.0,False,False,False,background,background,False,False
H2AC20,lung,clustered,5,3,52.67261904761904,78.79285714285713,45.61633791596981,0.0,79.225,79.225,macaca_mulatta,Macaca mulatta,79.225,bos_taurus,Bos taurus,0.0,False,False,False,background,background,False,False
H2AX,saliva-secreting gland,variant,8,3,41.108,44.29,39.61296671545821,0.0,79.03399999999999,79.03399999999999,human,Homo sapiens,79.03399999999999,mus_musculus,Mus musculus,0.0,False,False,False,background,background,False,False
H2AC14,skeletal muscle tissue,clustered,7,6,27.424444444444447,20.298333333333336,32.705790698058124,0.0,78.27000000000001,78.27000000000001,sus_scrofa,Sus scrofa,78.27000000000001,canis_lupus_familiaris,Canis lupus familiaris,0.0,True,True,False,conservative,background,False,False
H2AC25,bone marrow,clustered,6,4,51.7675,64.405,35.34449827530918,0.0,78.26,78.26,human,Homo sapiens,78.26,canis_lupus_familiaris,Canis lupus familiaris,0.0,True,True,False,conservative,background,False,False
H2AC13,thymus,clustered,7,4,51.065625,63.07,35.531546451416474,0.0,78.1225,78.1225,mus_musculus,Mus musculus,78.1225,human,Homo sapiens,0.0,True,True,False,conservative,background,False,False
H2AC8,corpus epididymis,clustered,6,2,39.035000000000004,39.035000000000004,55.20382640723377,0.0,78.07000000000001,78.07000000000001,human,Homo sapiens,78.07000000000001,bos_taurus,Bos taurus,0.0,False,False,False,background,background,False,False
H2AC14,spleen,clustered,7,7,39.327,44.434000000000005,29.77021925235576,0.0,77.968,77.968,sus_scrofa,Sus scrofa,77.968,felis_catus,Felis catus,0.0,True,True,False,conservative,background,False,False
H2AC6,nasal cavity mucosa,clustered,7,2,38.980000000000004,38.980000000000004,55.126044661303254,0.0,77.96000000000001,77.96000000000001,bos_taurus,Bos taurus,77.96000000000001,human,Homo sapiens,0.0,False,False,False,background,background,False,False
H2AC11,tongue,clustered,6,3,40.03666666666667,42.15,39.022942397176216,0.0,77.96,77.96,canis_lupus_familiaris,Canis lupus familiaris,77.96,human,Homo sapiens,0.0,False,False,False,background,background,False,False
H2AX,diaphragm,variant,8,2,38.9,38.9,55.012907576313395,0.0,77.8,77.8,mus_musculus,Mus musculus,77.8,human,Homo sapiens,0.0,False,False,False,background,background,False,False
H2AC25,adrenal gland,clustered,6,3,44.92444444444445,57.24,40.2070780575501,0.0,77.53333333333335,77.53333333333335,human,Homo sapiens,77.53333333333335,canis_lupus_familiaris,Canis lupus familiaris,0.0,False,False,False,background,background,False,False
H2AC12,bone marrow,clustered,6,4,47.28125,56.0275,33.35658615001441,0.0,77.07,77.07,human,Homo sapiens,77.07,canis_lupus_familiaris,Canis lupus familiaris,0.0,True,True,False,conservative,background,False,False
MACROH2A2,olfactory bulb,variant,8,2,38.335,38.335,54.2138769135726,0.0,76.67,76.67,canis_lupus_familiaris,Canis lupus familiaris,76.67,human,Homo sapiens,0.0,False,False,False,background,background,False,False
H2AX,quadriceps femoris,variant,8,2,38.285555555555554,38.285555555555554,54.14395190965526,0.0,76.57111111111111,76.57111111111111,mus_musculus,Mus musculus,76.57111111111111,human,Homo sapiens,0.0,False,False,False,background,background,False,False
H2AC25,saliva-secreting gland,clustered,6,3,49.24000000000001,71.21000000000001,42.725351958760974,0.0,76.51,76.51,human,Homo sapiens,76.51,canis_lupus_familiaris,Canis lupus familiaris,0.0,False,False,False,background,background,False,False
H2AB3,testis,variant,5,5,44.12045714285714,46.428,33.36806301329437,0.0,76.43928571428572,76.43928571428572,mus_musculus,Mus musculus,76.43928571428572,canis_lupus_familiaris,Canis lupus familiaris,0.0,True,True,False,conservative,background,False,False
H2AC25,prostate gland,clustered,6,2,38.06777777777778,38.06777777777778,53.83596762273845,0.0,76.13555555555556,76.13555555555556,human,Homo sapiens,76.13555555555556,bos_taurus,Bos taurus,0.0,False,False,False,background,background,False,False
H2AC13,liver,clustered,7,7,42.25236920222635,39.82,22.935461368071344,0.0,76.03999999999999,76.03999999999999,felis_catus,Felis catus,76.03999999999999,equus_caballus,Equus caballus,0.0,True,True,False,conservative,background,False,False
H2AC20,uterine cervix,clustered,5,2,37.83,37.83,53.49969906457419,0.0,75.66,75.66,human,Homo sapiens,75.66,bos_taurus,Bos taurus,0.0,False,False,False,background,background,False,False
MACROH2A2,granulocyte,variant,8,2,37.795,37.795,53.45020158989113,0.0,75.59,75.59,human,Homo sapiens,75.59,canis_lupus_familiaris,Canis lupus familiaris,0.0,False,False,False,background,background,False,False
H2AC8,leukocyte,clustered,6,3,44.38851851851852,57.62555555555556,39.471347356530885,0.0,75.54,75.54,human,Homo sapiens,75.54,equus_caballus,Equus caballus,0.0,False,False,False,background,background,False,False
H2AC25,metanephros cortex,clustered,6,4,49.38875,61.0275,33.629003448164596,0.0,75.5,75.5,sus_scrofa,Sus scrofa,75.5,canis_lupus_familiaris,Canis lupus familiaris,0.0,True,True,False,conservative,background,False,False
H2AC19,prefrontal cortex,clustered,4,4,37.20649350649351,36.72727272727273,42.969484740673316,0.0,75.37142857142858,75.37142857142858,human,Homo sapiens,75.37142857142858,bos_taurus,Bos taurus,0.0,True,False,False,background,background,False,False
H2AC20,colon,clustered,5,3,47.72233333333333,67.84,41.49794713396475,0.0,75.327,75.327,human,Homo sapiens,75.327,bos_taurus,Bos taurus,0.0,False,False,False,background,background,False,False
H2AC14,lymph node,clustered,7,5,33.844,46.47,32.98178178934546,0.0,75.25,75.25,pan_troglodytes,Pan troglodytes,75.25,canis_lupus_familiaris,Canis lupus familiaris,0.0,True,False,False,background,background,False,False
H2AC20,monocyte,clustered,5,2,37.55,37.55,53.10371926710972,0.0,75.1,75.1,human,Homo sapiens,75.1,bos_taurus,Bos taurus,0.0,False,False,False,background,background,False,False
MACROH2A2,bone marrow,variant,8,5,51.33399999999999,60.51,29.589073447811778,0.0,74.945,74.945,human,Homo sapiens,74.945,pan_troglodytes,Pan troglodytes,0.0,True,False,False,background,background,False,False
MACROH2A2,diaphragm,variant,8,2,37.425,37.425,52.92694257181308,0.0,74.85,74.85,bos_taurus,Bos taurus,74.85,human,Homo sapiens,0.0,False,False,False,background,background,False,False
H2AC25,lymph node,clustered,6,5,45.936,52.75,27.660510524934278,0.0,74.685,74.685,human,Homo sapiens,74.685,canis_lupus_familiaris,Canis lupus familiaris,0.0,True,False,False,background,background,False,False
H2AC17,brain,clustered,6,4,38.43125,39.545,31.12410544229879,0.0,74.635,74.635,felis_catus,Felis catus,74.635,macaca_mulatta,Macaca mulatta,0.0,True,False,False,background,background,False,False
H2AC13,ileum,clustered,7,3,45.69266666666666,62.97,39.960963468531794,0.0,74.10799999999999,74.10799999999999,bos_taurus,Bos taurus,74.10799999999999,macaca_mulatta,Macaca mulatta,0.0,False,False,False,background,background,False,False
H2AC21,metanephros cortex,clustered,6,3,39.465,44.62,37.156670666247805,0.0,73.775,73.775,sus_scrofa,Sus scrofa,73.775,human,Homo sapiens,0.0,False,False,False,background,background,False,False
H2AC17,corpus callosum,clustered,6,2,36.81875,36.81875,52.0695755996244,0.0,73.6375,73.6375,human,Homo sapiens,73.6375,sus_scrofa,Sus scrofa,0.0,False,False,False,background,background,False,False
H2AC17,spleen,clustered,6,5,44.23940909090909,53.60454545454545,28.342719043320365,0.0,73.2875,73.2875,sus_scrofa,Sus scrofa,73.2875,macaca_mulatta,Macaca mulatta,0.0,True,False,False,background,background,False,False
H2AC12,corpus callosum,clustered,6,2,36.551249999999996,36.551249999999996,51.691273471689584,0.0,73.10249999999999,73.10249999999999,human,Homo sapiens,73.10249999999999,sus_scrofa,Sus scrofa,0.0,False,False,False,background,background,False,False
H2AC8,spermatid,clustered,6,2,36.525,36.525,51.654150365677296,0.0,73.05,73.05,macaca_mulatta,Macaca mulatta,73.05,bos_taurus,Bos taurus,0.0,False,False,False,background,background,False,False
H2AC15,kidney,clustered,5,3,33.943333333333335,29.06,36.62995267992211,0.0,72.77,72.77,human,Homo sapiens,72.77,macaca_mulatta,Macaca mulatta,0.0,False,False,False,background,background,False,False
H2AC20,adrenal gland,clustered,5,2,36.291666666666664,36.291666666666664,51.32416720112357,0.0,72.58333333333333,72.58333333333333,human,Homo sapiens,72.58333333333333,bos_taurus,Bos taurus,0.0,False,False,False,background,background,False,False
H2AC25,placenta,clustered,6,3,43.596666666666664,58.97,38.29859832073927,0.0,71.82,71.82,human,Homo sapiens,71.82,canis_lupus_familiaris,Canis lupus familiaris,0.0,False,False,False,background,background,False,False
MACROH2A2,monocyte,variant,8,2,35.82,35.82,50.65712980420427,0.0,71.64,71.64,human,Homo sapiens,71.64,bos_taurus,Bos taurus,0.0,False,False,False,background,background,False,False
H2AC17,blood,clustered,6,4,43.04453125,50.2890625,33.944655535453194,0.0,71.6,71.6,canis_lupus_familiaris,Canis lupus familiaris,71.6,sus_scrofa,Sus scrofa,0.0,True,False,False,background,background,False,False
H2AC7,blood,clustered,5,4,40.97828125,46.166250000000005,30.240120396719206,0.0,71.580625,71.580625,human,Homo sapiens,71.580625,equus_caballus,Equus caballus,0.0,True,False,False,background,background,False,False
MACROH2A2,spleen,variant,8,7,37.16661904761905,46.21666666666667,27.190739797891005,0.0,71.56666666666666,71.56666666666666,human,Homo sapiens,71.56666666666666,macaca_mulatta,Macaca mulatta,0.0,True,False,False,background,background,False,False
H2AX,choroid plexus epithelium,variant,8,2,35.745,35.745,50.55106378702628,0.0,71.49,71.49,mus_musculus,Mus musculus,71.49,human,Homo sapiens,0.0,False,False,False,background,background,False,False
H2AC25,adipose tissue,clustered,6,4,46.9125,58.205,32.34337488689259,0.0,71.24000000000001,71.24000000000001,sus_scrofa,Sus scrofa,71.24000000000001,canis_lupus_familiaris,Canis lupus familiaris,0.0,True,False,False,background,background,False,False
H2AC19,olfactory segment of nasal mucosa,clustered,4,2,60.47,60.47,50.37428709172965,24.85,96.09,71.24000000000001,human,Homo sapiens,96.09,bos_taurus,Bos taurus,24.85,False,False,False,background,background,False,False
H2AC11,mesenteric lymph node,clustered,6,2,35.575,35.575,50.31064748142286,0.0,71.15,71.15,sus_scrofa,Sus scrofa,71.15,bos_taurus,Bos taurus,0.0,False,False,False,background,background,False,False
H2AC13,heart,clustered,7,5,44.51425,45.33,27.293344134834413,0.0,71.06125,71.06125,mus_musculus,Mus musculus,71.06125,canis_lupus_familiaris,Canis lupus familiaris,0.0,True,False,False,background,background,False,False
H2AC17,liver,clustered,6,6,46.434293650793656,52.62488095238095,24.254314823655687,0.0,71.04,71.04,sus_scrofa,Sus scrofa,71.04,equus_caballus,Equus caballus,0.0,True,False,False,background,background,False,False
MACROH2A2,blood,variant,8,5,32.21126,40.2775,31.414274580801642,0.0,70.8588,70.8588,human,Homo sapiens,70.8588,canis_lupus_familiaris,Canis lupus familiaris,0.0,True,False,False,background,background,False,False
H2AC13,spleen,clustered,7,6,47.805583333333324,57.70758333333333,26.001849751240986,0.0,70.64833333333333,70.64833333333333,mus_musculus,Mus musculus,70.64833333333333,macaca_mulatta,Macaca mulatta,0.0,True,False,False,background,background,False,False
H2AC20,frontal cortex,clustered,5,3,39.086666666666666,47.02,35.78571968444023,0.0,70.24,70.24,macaca_mulatta,Macaca mulatta,70.24,bos_taurus,Bos taurus,0.0,False,False,False,background,background,False,False
H2AC15,prostate gland,clustered,5,2,35.10382352941176,35.10382352941176,49.644303326445886,0.0,70.20764705882353,70.20764705882353,human,Homo sapiens,70.20764705882353,bos_taurus,Bos taurus,0.0,False,False,False,background,background,False,False
H2AC12,caecum,clustered,6,2,35.08833333333333,35.08833333333333,49.62239688106795,0.0,70.17666666666666,70.17666666666666,bos_taurus,Bos taurus,70.17666666666666,sus_scrofa,Sus scrofa,0.0,False,False,False,background,background,False,False
H2AX,gall bladder,variant,8,2,34.925,34.925,49.39140866588034,0.0,69.85,69.85,human,Homo sapiens,69.85,mus_musculus,Mus musculus,0.0,False,False,False,background,background,False,False
H2AC20,triceps brachii,clustered,5,2,34.875,34.875,49.32069798776169,0.0,69.75,69.75,equus_caballus,Equus caballus,69.75,bos_taurus,Bos taurus,0.0,False,False,False,background,background,False,False
H2AC25,skeletal muscle tissue,clustered,6,5,42.565,48.925,26.056261003835527,0.0,69.56,69.56,sus_scrofa,Sus scrofa,69.56,pan_troglodytes,Pan troglodytes,0.0,True,False,False,background,background,False,False
H2AC17,temporal lobe,clustered,6,2,34.755,34.755,49.15099236027692,0.0,69.51,69.51,canis_lupus_familiaris,Canis lupus familiaris,69.51,human,Homo sapiens,0.0,False,False,False,background,background,False,False
H2AC25,oocyte,clustered,6,2,34.74,34.74,49.12977915684132,0.0,69.48,69.48,bos_taurus,Bos taurus,69.48,sus_scrofa,Sus scrofa,0.0,False,False,False,background,background,False,False
H2AC13,adrenal gland,clustered,7,4,45.968333333333334,57.22666666666667,31.728811827737893,0.0,69.42,69.42,mus_musculus,Mus musculus,69.42,canis_lupus_familiaris,Canis lupus familiaris,0.0,True,False,False,background,background,False,False
H2AC25,urinary bladder,clustered,6,3,41.43277777777778,54.98,36.59102699407987,0.0,69.31833333333334,69.31833333333334,human,Homo sapiens,69.31833333333334,canis_lupus_familiaris,Canis lupus familiaris,0.0,False,False,False,background,background,False,False
H2AC14,oocyte,clustered,7,2,34.65,34.65,49.00249993622774,0.0,69.3,69.3,bos_taurus,Bos taurus,69.3,sus_scrofa,Sus scrofa,0.0,False,False,False,background,background,False,False
H2AC14,heart left ventricle,clustered,7,3,35.72666666666667,38.065,34.61678289982091,0.0,69.11500000000001,69.11500000000001,sus_scrofa,Sus scrofa,69.11500000000001,canis_lupus_familiaris,Canis lupus familiaris,0.0,False,False,False,background,background,False,False
H2AC12,ileum,clustered,6,3,23.004,0.0,39.844096777314455,0.0,69.012,69.012,bos_taurus,Bos taurus,69.012,macaca_mulatta,Macaca mulatta,0.0,False,False,False,background,background,False,False
H2AC14,uterus,clustered,7,3,36.83222222222222,41.49666666666667,34.735684554669156,0.0,69.0,69.0,sus_scrofa,Sus scrofa,69.0,felis_catus,Felis catus,0.0,False,False,False,background,background,False,False
H2AC20,prefrontal cortex,clustered,5,5,32.6113,36.42,27.15618941328109,0.0,68.9725,68.9725,macaca_mulatta,Macaca mulatta,68.9725,bos_taurus,Bos taurus,0.0,True,False,False,background,background,False,False
H2AC13,granulocyte,clustered,7,3,42.46,58.73,37.10445121545392,0.0,68.65,68.65,mus_musculus,Mus musculus,68.65,canis_lupus_familiaris,Canis lupus familiaris,0.0,False,False,False,background,background,False,False
H2AC7,leukocyte,clustered,5,3,40.89766666666667,54.18300000000001,36.13557923063271,0.0,68.51,68.51,human,Homo sapiens,68.51,equus_caballus,Equus caballus,0.0,False,False,False,background,background,False,False
H2AC20,omental fat pad,clustered,5,2,34.249545454545455,34.249545454545455,48.43617168693197,0.0,68.49909090909091,68.49909090909091,human,Homo sapiens,68.49909090909091,bos_taurus,Bos taurus,0.0,False,False,False,background,background,False,False
H2AC20,ovary,clustered,5,2,34.22375,34.22375,48.39969140526622,0.0,68.4475,68.4475,human,Homo sapiens,68.4475,bos_taurus,Bos taurus,0.0,False,False,False,background,background,False,False
H2AC20,ileum,clustered,5,2,52.955,52.955,48.14690073099202,18.91,87.0,68.09,macaca_mulatta,Macaca mulatta,87.0,bos_taurus,Bos taurus,18.91,False,False,False,background,background,False,False
H2AC19,bone marrow,clustered,4,4,70.7825,75.815,28.892295830088223,31.75,99.75,68.0,pan_troglodytes,Pan troglodytes,99.75,equus_caballus,Equus caballus,31.75,True,False,False,background,background,False,False
H2AC8,zone of skin,clustered,6,4,33.263977272727274,32.5375,29.110870763481582,0.0,67.9809090909091,67.9809090909091,human,Homo sapiens,67.9809090909091,felis_catus,Felis catus,0.0,True,False,False,background,background,False,False
H2AC15,granulocyte,clustered,5,2,33.95,33.95,48.01255044256658,0.0,67.9,67.9,canis_lupus_familiaris,Canis lupus familiaris,67.9,human,Homo sapiens,0.0,False,False,False,background,background,False,False
H2AC13,frontal cortex,clustered,7,5,19.52916666666667,0.0,29.917244388572215,0.0,67.79333333333334,67.79333333333334,bos_taurus,Bos taurus,67.79333333333334,canis_lupus_familiaris,Canis lupus familiaris,0.0,True,False,False,background,background,False,False
MACROH2A2,nasal cavity mucosa,variant,8,2,33.875,33.875,47.9064844253886,0.0,67.75,67.75,bos_taurus,Bos taurus,67.75,human,Homo sapiens,0.0,False,False,False,background,background,False,False
H2AC13,lung,clustered,7,5,43.74580952380953,57.955714285714286,27.949841022755013,0.0,67.74666666666667,67.74666666666667,human,Homo sapiens,67.74666666666667,macaca_mulatta,Macaca mulatta,0.0,True,False,False,background,background,False,False
H2AC13,cerebral cortex,clustered,7,5,29.243000000000002,27.58,30.265773903867057,0.0,67.745,67.745,bos_taurus,Bos taurus,67.745,canis_lupus_familiaris,Canis lupus familiaris,0.0,True,False,False,background,background,False,False
H2AC25,lung,clustered,6,5,42.79633333333334,48.48142857142857,27.13387632523423,0.0,67.73857142857143,67.73857142857143,human,Homo sapiens,67.73857142857143,pan_troglodytes,Pan troglodytes,0.0,True,False,False,background,background,False,False
H2AC20,adenohypophysis,clustered,5,2,33.79916666666667,33.79916666666667,47.799239896908645,0.0,67.59833333333334,67.59833333333334,human,Homo sapiens,67.59833333333334,bos_taurus,Bos taurus,0.0,False,False,False,background,background,False,False
H2AC15,occipital lobe,clustered,5,2,33.735,33.735,47.70849452665636,0.0,67.47,67.47,canis_lupus_familiaris,Canis lupus familiaris,67.47,bos_taurus,Bos taurus,0.0,False,False,False,background,background,False,False
H2AC8,adult mammalian kidney,clustered,6,6,42.52833333333333,51.48833333333333,24.142627745223677,0.0,67.27333333333333,67.27333333333333,human,Homo sapiens,67.27333333333333,equus_caballus,Equus caballus,0.0,True,False,False,background,background,False,False
H2AC21,temporal lobe,clustered,6,2,33.445,33.445,47.29837259356817,0.0,66.89,66.89,pan_troglodytes,Pan troglodytes,66.89,human,Homo sapiens,0.0,False,False,False,background,background,False,False
H2AC11,stomach,clustered,6,3,33.566944444444445,33.965,33.36969731421897,0.0,66.73583333333333,66.73583333333333,human,Homo sapiens,66.73583333333333,sus_scrofa,Sus scrofa,0.0,False,False,False,background,background,False,False
H2AC7,granulocyte,clustered,5,2,33.215,33.215,46.973103474222356,0.0,66.43,66.43,human,Homo sapiens,66.43,canis_lupus_familiaris,Canis lupus familiaris,0.0,False,False,False,background,background,False,False
H2AC15,bone marrow,clustered,5,3,38.85333333333333,50.15,34.61622500119464,0.0,66.41,66.41,human,Homo sapiens,66.41,bos_taurus,Bos taurus,0.0,False,False,False,background,background,False,False
H2AC14,heart,clustered,7,6,28.741,22.305,32.30074534743742,0.0,66.356,66.356,human,Homo sapiens,66.356,bos_taurus,Bos taurus,0.0,True,False,False,background,background,False,False
H2AC11,skeletal muscle tissue,clustered,6,5,18.704,0.0,29.10917196520712,0.0,66.325,66.325,canis_lupus_familiaris,Canis lupus familiaris,66.325,human,Homo sapiens,0.0,True,False,False,background,background,False,False
H2AC25,kidney,clustered,6,4,37.14,41.245000000000005,28.14599201781075,0.0,66.07,66.07,human,Homo sapiens,66.07,sus_scrofa,Sus scrofa,0.0,True,False,False,background,background,False,False
H2AC20,urinary bladder,clustered,5,2,33.034166666666664,33.034166666666664,46.717366521693215,0.0,66.06833333333333,66.06833333333333,human,Homo sapiens,66.06833333333333,bos_taurus,Bos taurus,0.0,False,False,False,background,background,False,False
H2AC11,heart,clustered,6,5,41.591833333333334,46.4025,24.960302457101754,0.0,66.02,66.02,sus_scrofa,Sus scrofa,66.02,bos_taurus,Bos taurus,0.0,True,False,False,background,background,False,False
H2AC14,lung,clustered,7,6,26.609920634920638,17.328333333333333,30.950782527836225,0.0,65.99000000000001,65.99000000000001,sus_scrofa,Sus scrofa,65.99000000000001,canis_lupus_familiaris,Canis lupus familiaris,0.0,True,False,False,background,background,False,False
H2AC11,spermatid,clustered,6,2,32.91,32.91,46.54176833769855,0.0,65.82,65.82,macaca_mulatta,Macaca mulatta,65.82,bos_taurus,Bos taurus,0.0,False,False,False,background,background,False,False
H2AC12,testis,clustered,6,6,28.392916666666668,25.395000000000003,27.529614890907332,0.0,65.735,65.735,bos_taurus,Bos taurus,65.735,macaca_mulatta,Macaca mulatta,0.0,True,False,False,background,background,False,False
H2AC17,lung,clustered,6,4,42.35107142857143,51.84,29.451520210119458,0.0,65.72428571428571,65.72428571428571,human,Homo sapiens,65.72428571428571,macaca_mulatta,Macaca mulatta,0.0,True,False,False,background,background,False,False
H2AC6,pons,clustered,7,2,32.82,32.82,46.414489117084976,0.0,65.64,65.64,bos_taurus,Bos taurus,65.64,human,Homo sapiens,0.0,False,False,False,background,background,False,False
H2AC20,pituitary gland,clustered,5,2,32.735,32.735,46.29428096428327,0.0,65.47,65.47,human,Homo sapiens,65.47,bos_taurus,Bos taurus,0.0,False,False,False,background,background,False,False
H2AC8,liver,clustered,6,6,45.803555555555555,52.4865,23.667032806244467,0.0,65.455,65.455,human,Homo sapiens,65.455,equus_caballus,Equus caballus,0.0,True,False,False,background,background,False,False
H2AC21,cerebral cortex,clustered,6,5,46.879999999999995,37.75,26.87548883276358,27.24,92.69,65.45,sus_scrofa,Sus scrofa,92.69,pan_troglodytes,Pan troglodytes,27.24,True,False,False,background,background,False,False
H2AC6,spleen,clustered,7,6,72.26375,75.36416666666666,23.620583759779898,31.04,96.45,65.41,pan_troglodytes,Pan troglodytes,96.45,felis_catus,Felis catus,31.04,True,False,False,background,background,False,False
H2AC20,prostate gland,clustered,5,2,32.685,32.685,46.223570286164616,0.0,65.37,65.37,human,Homo sapiens,65.37,bos_taurus,Bos taurus,0.0,False,False,False,background,background,False,False
H2AC1,spleen,clustered,7,7,9.327142857142857,0.0,24.67730044277244,0.0,65.28999999999999,65.28999999999999,mus_musculus,Mus musculus,65.28999999999999,bos_taurus,Bos taurus,0.0,True,False,False,background,background,False,False
H2AC8,skeletal muscle tissue,clustered,6,4,41.99,51.45,28.96053636704035,0.0,65.06,65.06,pan_troglodytes,Pan troglodytes,65.06,human,Homo sapiens,0.0,True,False,False,background,background,False,False
H2AC6,adult mammalian kidney,clustered,7,7,65.31720695970697,67.4275,23.52868813593561,26.035,90.93333333333334,64.89833333333334,pan_troglodytes,Pan troglodytes,90.93333333333334,felis_catus,Felis catus,26.035,True,False,False,background,background,False,False
H2AC17,adipose tissue,clustered,6,4,40.833333333333336,49.251666666666665,29.10626393063871,0.0,64.83,64.83,sus_scrofa,Sus scrofa,64.83,macaca_mulatta,Macaca mulatta,0.0,True,False,False,background,background,False,False
H2AC20,muscle tissue,clustered,5,3,34.288333333333334,38.125,32.54008156617517,0.0,64.74,64.74,human,Homo sapiens,64.74,bos_taurus,Bos taurus,0.0,False,False,False,background,background,False,False
H2AC1,bone marrow,clustered,7,5,12.925999999999998,0.0,28.903414677162278,0.0,64.63,64.63,mus_musculus,Mus musculus,64.63,bos_taurus,Bos taurus,0.0,True,False,False,background,background,False,False
H2AC8,ileum,clustered,6,2,32.275,32.275,45.643742725591636,0.0,64.55,64.55,bos_taurus,Bos taurus,64.55,macaca_mulatta,Macaca mulatta,0.0,False,False,False,background,background,False,False
H2AC19,zone of skin,clustered,4,3,51.849999999999994,39.605,33.9036284931274,25.77,90.175,64.405,human,Homo sapiens,90.175,bos_taurus,Bos taurus,25.77,False,False,False,background,background,False,False
H2AC7,lung,clustered,5,3,35.33904761904762,41.63,32.65131088824901,0.0,64.38714285714285,64.38714285714285,human,Homo sapiens,64.38714285714285,canis_lupus_familiaris,Canis lupus familiaris,0.0,False,False,False,background,background,False,False
H2AC21,colon,clustered,6,5,57.101888888888894,58.90444444444445,25.39288988532804,31.62,95.985,64.365,sus_scrofa,Sus scrofa,95.985,macaca_mulatta,Macaca mulatta,31.62,True,False,False,background,background,False,False
H2AC15,heart,clustered,5,4,32.71113636363636,33.3,26.653285300062006,0.0,64.24454545454546,64.24454545454546,human,Homo sapiens,64.24454545454546,bos_taurus,Bos taurus,0.0,True,False,False,background,background,False,False
H2AX,mucosa of urinary bladder,variant,8,2,32.0825,32.0825,45.37150661483483,0.0,64.165,64.165,canis_lupus_familiaris,Canis lupus familiaris,64.165,human,Homo sapiens,0.0,False,False,False,background,background,False,False
H2AC13,testis,clustered,7,7,35.7402380952381,34.802499999999995,21.206856293874573,0.0,63.9,63.9,bos_taurus,Bos taurus,63.9,canis_lupus_familiaris,Canis lupus familiaris,0.0,True,False,False,background,background,False,False
H2AC12,jejunum,clustered,6,2,31.9275,31.9275,45.15230351266699,0.0,63.855,63.855,bos_taurus,Bos taurus,63.855,canis_lupus_familiaris,Canis lupus familiaris,0.0,False,False,False,background,background,False,False
H2AC20,zone of skin,clustered,5,4,38.792500000000004,45.7275,28.989659219567706,0.0,63.715,63.715,human,Homo sapiens,63.715,bos_taurus,Bos taurus,0.0,True,False,False,background,background,False,False
H2AC12,zone of skin,clustered,6,4,36.69625,41.575,28.036820247369945,0.0,63.635000000000005,63.635000000000005,canis_lupus_familiaris,Canis lupus familiaris,63.635000000000005,equus_caballus,Equus caballus,0.0,True,False,False,background,background,False,False
H2AC11,kidney,clustered,6,5,26.360000000000003,32.85,26.902368854805335,0.0,63.52,63.52,human,Homo sapiens,63.52,macaca_mulatta,Macaca mulatta,0.0,True,False,False,background,background,False,False
H2AC20,esophagus,clustered,5,2,31.70625,31.70625,44.83940876199195,0.0,63.4125,63.4125,human,Homo sapiens,63.4125,bos_taurus,Bos taurus,0.0,False,False,False,background,background,False,False
H2AC20,myometrium,clustered,5,2,31.670714285714286,31.670714285714286,44.789153672900476,0.0,63.34142857142857,63.34142857142857,human,Homo sapiens,63.34142857142857,bos_taurus,Bos taurus,0.0,False,False,False,background,background,False,False
H2AC8,cardiac ventricle,clustered,6,2,31.648333333333337,31.648333333333337,44.757502226504506,0.0,63.296666666666674,63.296666666666674,human,Homo sapiens,63.296666666666674,bos_taurus,Bos taurus,0.0,False,False,False,background,background,False,False
H2AC14,mammary gland,clustered,7,2,31.6275,31.6275,44.72803944395507,0.0,63.255,63.255,bos_taurus,Bos taurus,63.255,canis_lupus_familiaris,Canis lupus familiaris,0.0,False,False,False,background,background,False,False
H2AC6,Brodmann (1909) area 10,clustered,7,2,31.61,31.61,44.70329070661354,0.0,63.22,63.22,pan_troglodytes,Pan troglodytes,63.22,human,Homo sapiens,0.0,False,False,False,background,background,False,False
H2AC16,blood,clustered,4,3,35.44453703703704,43.1825,32.278828382611955,0.0,63.15111111111111,63.15111111111111,human,Homo sapiens,63.15111111111111,canis_lupus_familiaris,Canis lupus familiaris,0.0,False,False,False,background,background,False,False
H2AC12,lung,clustered,6,5,27.745619047619044,29.44,27.984165773861417,0.0,63.09666666666666,63.09666666666666,human,Homo sapiens,63.09666666666666,macaca_mulatta,Macaca mulatta,0.0,True,False,False,background,background,False,False
H2AC7,lymph node,clustered,5,3,36.22166666666667,45.645,32.54964682348079,0.0,63.02,63.02,bos_taurus,Bos taurus,63.02,canis_lupus_familiaris,Canis lupus familiaris,0.0,False,False,False,background,background,False,False
H2AC12,pons,clustered,6,2,31.495,31.495,44.540656146940634,0.0,62.99,62.99,bos_taurus,Bos taurus,62.99,sus_scrofa,Sus scrofa,0.0,False,False,False,background,background,False,False
H2AC15,lung,clustered,5,4,21.52857142857143,11.57,29.705794665935027,0.0,62.97428571428571,62.97428571428571,human,Homo sapiens,62.97428571428571,bos_taurus,Bos taurus,0.0,True,False,False,background,background,False,False
H2AC14,granulosa cell,clustered,7,2,31.48,31.48,44.519442943505034,0.0,62.96,62.96,bos_taurus,Bos taurus,62.96,sus_scrofa,Sus scrofa,0.0,False,False,False,background,background,False,False
H2AC21,leukocyte,clustered,6,3,41.25909090909091,60.83,35.74709985346902,0.0,62.947272727272725,62.947272727272725,bos_taurus,Bos taurus,62.947272727272725,human,Homo sapiens,0.0,False,False,False,background,background,False,False
H2AC8,uterine cervix,clustered,6,2,31.391,31.391,44.39357793645382,0.0,62.782,62.782,human,Homo sapiens,62.782,bos_taurus,Bos taurus,0.0,False,False,False,background,background,False,False
H2AC8,urethra,clustered,6,2,31.275,31.275,44.229529163218544,0.0,62.55,62.55,bos_taurus,Bos taurus,62.55,human,Homo sapiens,0.0,False,False,False,background,background,False,False
H2AC15,tongue,clustered,5,2,31.26,31.26,44.20831595978295,0.0,62.52,62.52,canis_lupus_familiaris,Canis lupus familiaris,62.52,bos_taurus,Bos taurus,0.0,False,False,False,background,background,False,False
H2AC12,stomach,clustered,6,3,32.771388888888886,35.795,31.369064670261324,0.0,62.51916666666667,62.51916666666667,human,Homo sapiens,62.51916666666667,sus_scrofa,Sus scrofa,0.0,False,False,False,background,background,False,False
H2AC14,pituitary gland,clustered,7,5,21.439999999999998,0.0,29.98976158624806,0.0,62.26,62.26,sus_scrofa,Sus scrofa,62.26,canis_lupus_familiaris,Canis lupus familiaris,0.0,True,False,False,background,background,False,False
H2AC15,monocyte,clustered,5,2,31.125,31.125,44.017397128862584,0.0,62.25,62.25,human,Homo sapiens,62.25,bos_taurus,Bos taurus,0.0,False,False,False,background,background,False,False
H2AC11,lymph node,clustered,6,4,15.545000000000002,0.0,31.090000000000003,0.0,62.18000000000001,62.18000000000001,human,Homo sapiens,62.18000000000001,bos_taurus,Bos taurus,0.0,True,False,False,background,background,False,False
H2AC20,cerebral cortex,clustered,5,3,36.800000000000004,48.25,32.618744611036156,0.0,62.15,62.15,macaca_mulatta,Macaca mulatta,62.15,bos_taurus,Bos taurus,0.0,False,False,False,background,background,False,False
H2AC12,colon,clustered,6,5,30.733777777777778,42.3,28.935236001614637,0.0,62.0488888888889,62.0488888888889,human,Homo sapiens,62.0488888888889,canis_lupus_familiaris,Canis lupus familiaris,0.0,True,False,False,background,background,False,False
H2AC17,heart,clustered,6,4,38.62260416666667,46.248333333333335,27.21378596541063,0.0,61.99375,61.99375,human,Homo sapiens,61.99375,macaca_mulatta,Macaca mulatta,0.0,True,False,False,background,background,False,False
H2AC11,oocyte,clustered,6,3,40.24,58.78,34.8846613857724,0.0,61.94,61.94,sus_scrofa,Sus scrofa,61.94,human,Homo sapiens,0.0,False,False,False,background,background,False,False
H2AC16,heart,clustered,4,3,27.189333333333334,19.64,31.646700007004412,0.0,61.928,61.928,human,Homo sapiens,61.928,macaca_mulatta,Macaca mulatta,0.0,False,False,False,background,background,False,False
H2AC16,stomach,clustered,4,2,30.94333333333333,30.94333333333333,43.76048166503147,0.0,61.88666666666666,61.88666666666666,human,Homo sapiens,61.88666666666666,canis_lupus_familiaris,Canis lupus familiaris,0.0,False,False,False,background,background,False,False
H2AC13,ovary,clustered,7,4,31.125625,31.34,25.365927144416254,0.0,61.822500000000005,61.822500000000005,bos_taurus,Bos taurus,61.822500000000005,mus_musculus,Mus musculus,0.0,True,False,False,background,background,False,False
H2AC12,granulocyte,clustered,6,2,30.89,30.89,43.68505694170491,0.0,61.78,61.78,human,Homo sapiens,61.78,canis_lupus_familiaris,Canis lupus familiaris,0.0,False,False,False,background,background,False,False
H2AC12,leukocyte,clustered,6,3,20.55666666666667,0.0,35.60519110092422,0.0,61.67,61.67,bos_taurus,Bos taurus,61.67,equus_caballus,Equus caballus,0.0,False,False,False,background,background,False,False
H2AC15,stomach,clustered,5,2,30.745,30.745,43.47999597516081,0.0,61.49,61.49,human,Homo sapiens,61.49,canis_lupus_familiaris,Canis lupus familiaris,0.0,False,False,False,background,background,False,False
H2AC17,smooth muscle tissue,clustered,6,2,30.695,30.695,43.40928529704215,0.0,61.39,61.39,canis_lupus_familiaris,Canis lupus familiaris,61.39,human,Homo sapiens,0.0,False,False,False,background,background,False,False
H2AC8,aorta,clustered,6,2,30.665,30.665,43.36685889017096,0.0,61.33,61.33,human,Homo sapiens,61.33,bos_taurus,Bos taurus,0.0,False,False,False,background,background,False,False
H2AC13,tongue,clustered,7,2,30.636666666666667,30.636666666666667,43.32678950590372,0.0,61.27333333333333,61.27333333333333,bos_taurus,Bos taurus,61.27333333333333,canis_lupus_familiaris,Canis lupus familiaris,0.0,False,False,False,background,background,False,False
H2AC8,hypothalamus,clustered,6,2,30.61875,30.61875,43.3014515129112,0.0,61.2375,61.2375,human,Homo sapiens,61.2375,bos_taurus,Bos taurus,0.0,False,False,False,background,background,False,False
H2AC17,skeletal muscle tissue,clustered,6,4,41.24,51.9025,28.464285517117762,0.0,61.155,61.155,sus_scrofa,Sus scrofa,61.155,macaca_mulatta,Macaca mulatta,0.0,True,False,False,background,background,False,False
H2AC14,adult mammalian kidney,clustered,7,7,21.27857142857143,0.0,27.21040743206628,0.0,61.14,61.14,sus_scrofa,Sus scrofa,61.14,bos_taurus,Bos taurus,0.0,True,False,False,background,background,False,False
H2AC11,lung,clustered,6,5,33.32681818181818,45.95,30.9903771821603,0.0,61.1390909090909,61.1390909090909,human,Homo sapiens,61.1390909090909,bos_taurus,Bos taurus,0.0,True,False,False,background,background,False,False
H2AC13,urinary bladder,clustered,7,4,38.8375,47.135000000000005,27.558370023158723,0.0,61.08,61.08,bos_taurus,Bos taurus,61.08,canis_lupus_familiaris,Canis lupus familiaris,0.0,True,False,False,background,background,False,False
H2AC7,thymus,clustered,5,2,30.54,30.54,43.19008219487432,0.0,61.08,61.08,bos_taurus,Bos taurus,61.08,canis_lupus_familiaris,Canis lupus familiaris,0.0,False,False,False,background,background,False,False
H2AC19,blood,clustered,4,3,65.34743055555556,61.11666666666667,30.74193561282049,36.94,97.985625,61.045625,human,Homo sapiens,97.985625,bos_taurus,Bos taurus,36.94,False,False,False,background,background,False,False
H2AC1,zone of skin,clustered,7,5,12.181999999999999,0.0,27.239780101902436,0.0,60.91,60.91,mus_musculus,Mus musculus,60.91,bos_taurus,Bos taurus,0.0,True,False,False,background,background,False,False
H2AC1,liver,clustered,7,7,32.86566326530612,36.2125,19.056137534645107,0.0,60.87571428571429,60.87571428571429,mus_musculus,Mus musculus,60.87571428571429,pan_troglodytes,Pan troglodytes,0.0,True,False,False,background,background,False,False
H2AC25,smooth muscle tissue,clustered,6,2,30.42,30.42,43.020376567389555,0.0,60.84,60.84,human,Homo sapiens,60.84,canis_lupus_familiaris,Canis lupus familiaris,0.0,False,False,False,background,background,False,False
H2AC8,cardiac atrium,clustered,6,2,30.405,30.405,42.999163363953954,0.0,60.81,60.81,human,Homo sapiens,60.81,bos_taurus,Bos taurus,0.0,False,False,False,background,background,False,False
H2AC13,colon,clustered,7,5,44.682399999999994,54.91,25.429624826174685,0.0,60.782,60.782,human,Homo sapiens,60.782,canis_lupus_familiaris,Canis lupus familiaris,0.0,True,False,False,background,background,False,False
H2AC17,cortex of kidney,clustered,6,2,30.39,30.39,42.97795016051836,0.0,60.78,60.78,human,Homo sapiens,60.78,macaca_mulatta,Macaca mulatta,0.0,False,False,False,background,background,False,False
H2AC13,adenohypophysis,clustered,7,2,30.3725,30.3725,42.95320142317683,0.0,60.745,60.745,bos_taurus,Bos taurus,60.745,human,Homo sapiens,0.0,False,False,False,background,background,False,False
H2AC13,retina,clustered,7,3,20.223333333333333,0.0,35.0278408317346,0.0,60.67,60.67,bos_taurus,Bos taurus,60.67,canis_lupus_familiaris,Canis lupus familiaris,0.0,False,False,False,background,background,False,False
H2AC14,brain,clustered,7,5,36.286,32.52,23.635102707625364,16.05,76.52,60.47,felis_catus,Felis catus,76.52,canis_lupus_familiaris,Canis lupus familiaris,16.05,True,False,False,background,background,False,False
H2AC14,cerebellum,clustered,7,6,10.054166666666667,0.0,24.62757812223254,0.0,60.325,60.325,bos_taurus,Bos taurus,60.325,canis_lupus_familiaris,Canis lupus familiaris,0.0,True,False,False,background,background,False,False
H2AC11,placenta,clustered,6,3,37.303333333333335,51.64,32.59253339851527,0.0,60.27,60.27,human,Homo sapiens,60.27,bos_taurus,Bos taurus,0.0,False,False,False,background,background,False,False
H2AC7,testis,clustered,5,5,26.610333333333337,32.8,26.27764672154305,0.0,60.165,60.165,bos_taurus,Bos taurus,60.165,canis_lupus_familiaris,Canis lupus familiaris,0.0,True,False,False,background,background,False,False
H2AC11,liver,clustered,6,6,40.14188888888889,46.475833333333334,22.583257994134275,0.0,60.125,60.125,sus_scrofa,Sus scrofa,60.125,equus_caballus,Equus caballus,0.0,True,False,False,background,background,False,False
H2AC12,heart,clustered,6,5,32.89980952380952,33.44333333333333,22.841669789068277,0.0,60.04571428571428,60.04571428571428,human,Homo sapiens,60.04571428571428,sus_scrofa,Sus scrofa,0.0,True,False,False,background,background,False,False
H2AC12,urinary bladder,clustered,6,3,36.36555555555555,49.11666666666667,31.9584609442621,0.0,59.98,59.98,bos_taurus,Bos taurus,59.98,canis_lupus_familiaris,Canis lupus familiaris,0.0,False,False,False,background,background,False,False
H2AC16,lung,clustered,4,3,30.03,30.12,29.98510130047921,0.0,59.970000000000006,59.970000000000006,human,Homo sapiens,59.970000000000006,macaca_mulatta,Macaca mulatta,0.0,False,False,False,background,background,False,False
H2AC25,thyroid gland,clustered,6,3,37.62064102564103,52.945,32.766391336745365,0.0,59.91692307692308,59.91692307692308,human,Homo sapiens,59.91692307692308,canis_lupus_familiaris,Canis lupus familiaris,0.0,False,False,False,background,background,False,False
H2AC1,superior frontal gyrus,clustered,7,4,14.965,0.0,29.93,0.0,59.86,59.86,mus_musculus,Mus musculus,59.86,human,Homo sapiens,0.0,True,False,False,background,background,False,False
H2AC20,placenta,clustered,5,2,29.92,29.92,42.31326978620301,0.0,59.84,59.84,human,Homo sapiens,59.84,bos_taurus,Bos taurus,0.0,False,False,False,background,background,False,False
H2AC15,ileum,clustered,5,2,29.89625,29.89625,42.27968221409664,0.0,59.7925,59.7925,bos_taurus,Bos taurus,59.7925,macaca_mulatta,Macaca mulatta,0.0,False,False,False,background,background,False,False
H2AC6,embryo,clustered,7,3,43.34238095238095,33.09,31.179483453633004,18.58,78.35714285714286,59.77714285714286,human,Homo sapiens,78.35714285714286,felis_catus,Felis catus,18.58,False,False,False,background,background,False,False
H2AC20,thyroid gland,clustered,5,2,29.82884615384615,29.82884615384615,42.18435878070976,0.0,59.6576923076923,59.6576923076923,human,Homo sapiens,59.6576923076923,bos_taurus,Bos taurus,0.0,False,False,False,background,background,False,False
H2AC14,metanephros cortex,clustered,7,4,25.392500000000002,20.975,30.19509162650999,0.0,59.620000000000005,59.620000000000005,sus_scrofa,Sus scrofa,59.620000000000005,canis_lupus_familiaris,Canis lupus familiaris,0.0,True,False,False,background,background,False,False
H2AC12,cerebellum,clustered,6,6,17.522222222222222,0.0,27.500575078162086,0.0,59.53333333333333,59.53333333333333,bos_taurus,Bos taurus,59.53333333333333,canis_lupus_familiaris,Canis lupus familiaris,0.0,True,False,False,background,background,False,False
H2AC12,Ammon's horn,clustered,6,4,27.05875,24.3925,31.546658136533786,0.0,59.45,59.45,bos_taurus,Bos taurus,59.45,macaca_mulatta,Macaca mulatta,0.0,True,False,False,background,background,False,False
H2AC8,spermatocyte,clustered,6,2,29.71,29.71,42.016284938104654,0.0,59.42,59.42,macaca_mulatta,Macaca mulatta,59.42,bos_taurus,Bos taurus,0.0,False,False,False,background,background,False,False
H2AC8,prefrontal cortex,clustered,6,6,29.473869047619047,35.69,25.19529737504951,0.0,59.29571428571428,59.29571428571428,human,Homo sapiens,59.29571428571428,bos_taurus,Bos taurus,0.0,True,False,False,background,background,False,False
H2AC7,colon,clustered,5,3,33.47777777777778,41.25,30.347525678625182,0.0,59.18333333333333,59.18333333333333,human,Homo sapiens,59.18333333333333,canis_lupus_familiaris,Canis lupus familiaris,0.0,False,False,False,background,background,False,False
H2AC12,mammary gland,clustered,6,2,29.5875,29.5875,41.84304377671395,0.0,59.175,59.175,bos_taurus,Bos taurus,59.175,canis_lupus_familiaris,Canis lupus familiaris,0.0,False,False,False,background,background,False,False
H2AC20,gluteus medius,clustered,5,2,29.50875,29.50875,41.73167445867707,0.0,59.0175,59.0175,equus_caballus,Equus caballus,59.0175,bos_taurus,Bos taurus,0.0,False,False,False,background,background,False,False
H2AC11,brainstem,clustered,6,2,29.495,29.495,41.71222902219444,0.0,58.99,58.99,equus_caballus,Equus caballus,58.99,sus_scrofa,Sus scrofa,0.0,False,False,False,background,background,False,False
H2AC12,tonsil,clustered,6,2,29.445000000000004,29.445000000000004,41.64151834407579,0.0,58.89000000000001,58.89000000000001,human,Homo sapiens,58.89000000000001,sus_scrofa,Sus scrofa,0.0,False,False,False,background,background,False,False
H2AC1,urinary bladder,clustered,7,4,14.67375,0.0,29.3475,0.0,58.695,58.695,mus_musculus,Mus musculus,58.695,bos_taurus,Bos taurus,0.0,True,False,False,background,background,False,False
H2AC1,adrenal gland,clustered,7,4,14.66875,0.0,29.3375,0.0,58.675,58.675,mus_musculus,Mus musculus,58.675,bos_taurus,Bos taurus,0.0,True,False,False,background,background,False,False
H2AC15,colon,clustered,5,4,22.9055,16.505,28.439285756385186,0.0,58.612,58.612,human,Homo sapiens,58.612,canis_lupus_familiaris,Canis lupus familiaris,0.0,True,False,False,background,background,False,False
H2AC13,uterus,clustered,7,3,65.37333333333333,56.35999999999999,30.321941450595368,40.58,99.18,58.60000000000001,mus_musculus,Mus musculus,99.18,felis_catus,Felis catus,40.58,False,False,False,background,background,False,False
H2AC15,cerebellum,clustered,5,4,26.99475,24.692,31.396854251925728,0.0,58.595,58.595,human,Homo sapiens,58.595,bos_taurus,Bos taurus,0.0,True,False,False,background,background,False,False
H2AC13,adult mammalian kidney,clustered,7,7,29.826547619047624,33.06666666666667,23.758818666993065,0.0,58.365,58.365,felis_catus,Felis catus,58.365,equus_caballus,Equus caballus,0.0,True,False,False,background,background,False,False
H2AC1,testis,clustered,7,7,57.43142857142857,59.330000000000005,20.855723666564167,23.59,81.945,58.35499999999999,pan_troglodytes,Pan troglodytes,81.945,canis_lupus_familiaris,Canis lupus familiaris,23.59,True,False,False,background,background,False,False
H2AC7,renal medulla,clustered,5,2,29.17,29.17,41.252609614423186,0.0,58.34,58.34,bos_taurus,Bos taurus,58.34,canis_lupus_familiaris,Canis lupus familiaris,0.0,False,False,False,background,background,False,False
H2AC16,granulocyte,clustered,4,2,29.105,29.105,41.160685732868934,0.0,58.21,58.21,human,Homo sapiens,58.21,canis_lupus_familiaris,Canis lupus familiaris,0.0,False,False,False,background,background,False,False
H2AC1,colon,clustered,7,6,9.693333333333333,0.0,23.743720573378273,0.0,58.16,58.16,mus_musculus,Mus musculus,58.16,bos_taurus,Bos taurus,0.0,True,False,False,background,background,False,False
H2AC17,cerebellum,clustered,6,5,19.297833333333337,0.0,27.332189175748233,0.0,58.1225,58.1225,equus_caballus,Equus caballus,58.1225,human,Homo sapiens,0.0,True,False,False,background,background,False,False
H2AC11,spleen,clustered,6,5,40.98583333333333,48.22,23.577580570439274,0.0,58.080000000000005,58.080000000000005,sus_scrofa,Sus scrofa,58.080000000000005,bos_taurus,Bos taurus,0.0,True,False,False,background,background,False,False
H2AC6,epithelium of bronchus,clustered,7,2,61.61357142857143,61.61357142857143,41.04552834278998,32.59,90.63714285714286,58.04714285714286,human,Homo sapiens,90.63714285714286,equus_caballus,Equus caballus,32.59,False,False,False,background,background,False,False
H2AC12,duodenum,clustered,6,3,33.2575,41.8,29.91543779973811,0.0,57.9725,57.9725,bos_taurus,Bos taurus,57.9725,sus_scrofa,Sus scrofa,0.0,False,False,False,background,background,False,False
H2AC16,pancreas,clustered,4,2,28.935,28.935,40.9202694272655,0.0,57.87,57.87,canis_lupus_familiaris,Canis lupus familiaris,57.87,human,Homo sapiens,0.0,False,False,False,background,background,False,False
H2AB3,liver,variant,5,5,27.389,38.97,26.089964162489757,0.0,57.8,57.8,mus_musculus,Mus musculus,57.8,canis_lupus_familiaris,Canis lupus familiaris,0.0,True,False,False,background,background,False,False
H2AC13,metanephros cortex,clustered,7,3,19.26,0.0,33.359298553776576,0.0,57.78,57.78,bos_taurus,Bos taurus,57.78,canis_lupus_familiaris,Canis lupus familiaris,0.0,False,False,False,background,background,False,False
H2AC8,endometrium,clustered,6,3,37.508,54.78,32.5166706782844,0.0,57.74400000000001,57.74400000000001,human,Homo sapiens,57.74400000000001,equus_caballus,Equus caballus,0.0,False,False,False,background,background,False,False
H2AC7,saliva-secreting gland,clustered,5,3,34.071666666666665,44.55,30.226803640698325,0.0,57.665000000000006,57.665000000000006,bos_taurus,Bos taurus,57.665000000000006,canis_lupus_familiaris,Canis lupus familiaris,0.0,False,False,False,background,background,False,False
H2AC11,spermatocyte,clustered,6,2,28.825,28.825,40.764705935404464,0.0,57.65,57.65,macaca_mulatta,Macaca mulatta,57.65,bos_taurus,Bos taurus,0.0,False,False,False,background,background,False,False
H2AC15,testis,clustered,5,5,32.513666666666666,34.74,24.808839721626104,0.0,57.60666666666666,57.60666666666666,bos_taurus,Bos taurus,57.60666666666666,felis_catus,Felis catus,0.0,True,False,False,background,background,False,False
H2AC17,placenta,clustered,6,2,28.715,28.715,40.609142443543426,0.0,57.43,57.43,human,Homo sapiens,57.43,canis_lupus_familiaris,Canis lupus familiaris,0.0,False,False,False,background,background,False,False
H2AC12,blood,clustered,6,5,26.949833333333334,23.67,27.854489317503003,0.0,57.1825,57.1825,bos_taurus,Bos taurus,57.1825,canis_lupus_familiaris,Canis lupus familiaris,0.0,True,False,False,background,background,False,False
H2AC21,triceps brachii,clustered,6,2,28.55,28.55,40.375797205751866,0.0,57.1,57.1,equus_caballus,Equus caballus,57.1,bos_taurus,Bos taurus,0.0,False,False,False,background,background,False,False
H2AC19,lung,clustered,4,3,74.73666666666666,90.57,31.645082293040936,38.3,95.34,57.040000000000006,pan_troglodytes,Pan troglodytes,95.34,bos_taurus,Bos taurus,38.3,False,False,False,background,background,False,False
H2AC11,semimembranosus muscle,clustered,6,2,28.5175,28.5175,40.32983526497474,0.0,57.035,57.035,sus_scrofa,Sus scrofa,57.035,bos_taurus,Bos taurus,0.0,False,False,False,background,background,False,False
H2AC20,saliva-secreting gland,clustered,5,2,28.515,28.515,40.32629973106881,0.0,57.03,57.03,human,Homo sapiens,57.03,bos_taurus,Bos taurus,0.0,False,False,False,background,background,False,False
H2AC7,placenta,clustered,5,3,33.645,43.99,29.84874411093371,0.0,56.94499999999999,56.94499999999999,bos_taurus,Bos taurus,56.94499999999999,canis_lupus_familiaris,Canis lupus familiaris,0.0,False,False,False,background,background,False,False
H2AC13,prefrontal cortex,clustered,7,6,29.873611111111114,36.57083333333334,24.439767693401006,0.0,56.86,56.86,bos_taurus,Bos taurus,56.86,canis_lupus_familiaris,Canis lupus familiaris,0.0,True,False,False,background,background,False,False
H2AC13,cortex of kidney,clustered,7,4,24.925,21.46,29.331850151896887,0.0,56.78,56.78,bos_taurus,Bos taurus,56.78,macaca_mulatta,Macaca mulatta,0.0,True,False,False,background,background,False,False
H2AC13,renal medulla,clustered,7,2,28.3725,28.3725,40.12477429843064,0.0,56.745,56.745,bos_taurus,Bos taurus,56.745,canis_lupus_familiaris,Canis lupus familiaris,0.0,False,False,False,background,background,False,False
H2AC11,adipose tissue,clustered,6,5,35.27875,42.38375,21.98193210485602,0.0,56.64,56.64,sus_scrofa,Sus scrofa,56.64,canis_lupus_familiaris,Canis lupus familiaris,0.0,True,False,False,background,background,False,False
H2AC1,stomach,clustered,7,3,18.865,0.0,32.67513848478687,0.0,56.595,56.595,mus_musculus,Mus musculus,56.595,canis_lupus_familiaris,Canis lupus familiaris,0.0,False,False,False,background,background,False,False
H2AC7,liver,clustered,5,5,37.08358333333333,39.74666666666666,21.933264539690747,0.0,56.58,56.58,felis_catus,Felis catus,56.58,equus_caballus,Equus caballus,0.0,True,False,False,background,background,False,False
H2AC13,saliva-secreting gland,clustered,7,3,29.508333333333336,31.96,28.362083991366596,0.0,56.565,56.565,bos_taurus,Bos taurus,56.565,canis_lupus_familiaris,Canis lupus familiaris,0.0,False,False,False,background,background,False,False
H2AC12,tongue,clustered,6,2,28.275,28.275,39.98688847609926,0.0,56.55,56.55,bos_taurus,Bos taurus,56.55,canis_lupus_familiaris,Canis lupus familiaris,0.0,False,False,False,background,background,False,False
H2AC14,spermatocyte,clustered,7,2,28.26,28.26,39.96567527266367,0.0,56.52,56.52,macaca_mulatta,Macaca mulatta,56.52,bos_taurus,Bos taurus,0.0,False,False,False,background,background,False,False
H2AC13,adipose tissue,clustered,7,4,31.76625,35.307500000000005,23.692530952109504,0.0,56.45,56.45,bos_taurus,Bos taurus,56.45,macaca_mulatta,Macaca mulatta,0.0,True,False,False,background,background,False,False
H2AC17,lymph node,clustered,6,3,34.824999999999996,48.035,30.450722076824384,0.0,56.44,56.44,human,Homo sapiens,56.44,sus_scrofa,Sus scrofa,0.0,False,False,False,background,background,False,False
H2AC8,uterus,clustered,6,3,33.24222222222222,43.41666666666666,29.50158495428364,0.0,56.31,56.31,human,Homo sapiens,56.31,felis_catus,Felis catus,0.0,False,False,False,background,background,False,False
H2AC6,endometrium,clustered,7,3,65.291,71.98833333333333,28.655457725264906,33.88,90.00466666666667,56.12466666666666,human,Homo sapiens,90.00466666666667,equus_caballus,Equus caballus,33.88,False,False,False,background,background,False,False
H2AC14,thymus,clustered,7,3,64.02666666666667,49.87,30.607685853937625,43.06,99.15,56.09,pan_troglodytes,Pan troglodytes,99.15,canis_lupus_familiaris,Canis lupus familiaris,43.06,False,False,False,background,background,False,False
H2AC8,triceps brachii,clustered,6,3,26.861666666666668,24.53,28.100146945048767,0.0,56.055,56.055,bos_taurus,Bos taurus,56.055,human,Homo sapiens,0.0,False,False,False,background,background,False,False
H2AC14,duodenum,clustered,7,3,64.40916666666666,54.3525,29.17765694128528,41.59,97.285,55.69499999999999,sus_scrofa,Sus scrofa,97.285,human,Homo sapiens,41.59,False,False,False,background,background,False,False
H2AC8,frontal cortex,clustered,6,4,37.379999999999995,46.935,25.25665192907933,0.0,55.65,55.65,human,Homo sapiens,55.65,bos_taurus,Bos taurus,0.0,True,False,False,background,background,False,False
H2AC12,lymph node,clustered,6,4,27.46125,27.1325,31.71406427622714,0.0,55.58,55.58,bos_taurus,Bos taurus,55.58,canis_lupus_familiaris,Canis lupus familiaris,0.0,True,False,False,background,background,False,False
H2AC12,retina,clustered,6,3,18.506666666666668,0.0,32.05448694540802,0.0,55.52,55.52,bos_taurus,Bos taurus,55.52,canis_lupus_familiaris,Canis lupus familiaris,0.0,False,False,False,background,background,False,False
H2AC15,adult mammalian kidney,clustered,5,5,33.94581818181818,37.46,21.467637931246824,0.0,55.50909090909091,55.50909090909091,human,Homo sapiens,55.50909090909091,bos_taurus,Bos taurus,0.0,True,False,False,background,background,False,False
H2AC12,cerebral cortex,clustered,6,4,24.5575,21.405,23.100214104346882,0.0,55.42,55.42,bos_taurus,Bos taurus,55.42,macaca_mulatta,Macaca mulatta,0.0,True,False,False,background,background,False,False
H2AC14,retina,clustered,7,2,27.645,27.645,39.09593393180421,0.0,55.29,55.29,bos_taurus,Bos taurus,55.29,canis_lupus_familiaris,Canis lupus familiaris,0.0,False,False,False,background,background,False,False
H2AC15,pituitary gland,clustered,5,3,29.234333333333336,32.62,27.697134803682015,0.0,55.083000000000006,55.083000000000006,human,Homo sapiens,55.083000000000006,bos_taurus,Bos taurus,0.0,False,False,False,background,background,False,False
H2AC20,Ammon's horn,clustered,5,2,27.5175,27.5175,38.91562170260164,0.0,55.035,55.035,human,Homo sapiens,55.035,bos_taurus,Bos taurus,0.0,False,False,False,background,background,False,False
H2AC12,frontal cortex,clustered,6,5,16.679333333333336,0.0,24.691084130826567,0.0,54.96666666666667,54.96666666666667,bos_taurus,Bos taurus,54.96666666666667,canis_lupus_familiaris,Canis lupus familiaris,0.0,True,False,False,background,background,False,False
H2AC14,amygdala,clustered,7,2,27.455,27.455,38.82723335495332,0.0,54.91,54.91,sus_scrofa,Sus scrofa,54.91,human,Homo sapiens,0.0,False,False,False,background,background,False,False
H2AC1,midbrain,clustered,7,2,27.42,27.42,38.77773588027027,0.0,54.84,54.84,mus_musculus,Mus musculus,54.84,bos_taurus,Bos taurus,0.0,False,False,False,background,background,False,False
H2AC20,testis,clustered,5,5,62.861666666666665,48.7625,23.982767909422428,42.20333333333333,97.04,54.83666666666667,macaca_mulatta,Macaca mulatta,97.04,equus_caballus,Equus caballus,42.20333333333333,True,False,False,background,background,False,False
H2AC20,metanephros cortex,clustered,5,2,27.4075,27.4075,38.7600582107406,0.0,54.815,54.815,human,Homo sapiens,54.815,bos_taurus,Bos taurus,0.0,False,False,False,background,background,False,False
H2AC15,spinal cord,clustered,5,2,27.395,27.395,38.742380541210935,0.0,54.79,54.79,human,Homo sapiens,54.79,canis_lupus_familiaris,Canis lupus familiaris,0.0,False,False,False,background,background,False,False
H2AC6,muscle tissue,clustered,7,3,65.68142857142857,80.4,30.16736704941082,30.98,85.66428571428571,54.68428571428571,bos_taurus,Bos taurus,85.66428571428571,equus_caballus,Equus caballus,30.98,False,False,False,background,background,False,False
H2AC11,testis,clustered,6,6,57.01396367521367,56.28458333333333,19.12601450555999,31.3475,86.02,54.6725,sus_scrofa,Sus scrofa,86.02,canis_lupus_familiaris,Canis lupus familiaris,31.3475,True,False,False,background,background,False,False
H2AC14,gall bladder,clustered,7,2,27.317500000000003,27.317500000000003,38.63277899012703,0.0,54.635000000000005,54.635000000000005,bos_taurus,Bos taurus,54.635000000000005,human,Homo sapiens,0.0,False,False,False,background,background,False,False
H2AC11,aorta,clustered,6,2,27.16,27.16,38.410040354053265,0.0,54.32,54.32,human,Homo sapiens,54.32,bos_taurus,Bos taurus,0.0,False,False,False,background,background,False,False
H2AC14,frontal cortex,clustered,7,6,24.80916666666667,26.259999999999998,21.919142870255364,0.0,54.26,54.26,sus_scrofa,Sus scrofa,54.26,canis_lupus_familiaris,Canis lupus familiaris,0.0,True,False,False,background,background,False,False
H2AC6,cerebellum,clustered,7,6,70.83947222222223,75.4555,18.896832181734318,43.59333333333333,97.8075,54.21416666666668,equus_caballus,Equus caballus,97.8075,bos_taurus,Bos taurus,43.59333333333333,True,False,False,background,background,False,False
H2AC6,mucosa of urinary bladder,clustered,7,2,27.0825,27.0825,38.300438802969346,0.0,54.165,54.165,canis_lupus_familiaris,Canis lupus familiaris,54.165,human,Homo sapiens,0.0,False,False,False,background,background,False,False
H2AC15,spleen,clustered,5,5,24.0405,18.32,25.76574399760271,0.0,54.07,54.07,canis_lupus_familiaris,Canis lupus familiaris,54.07,bos_taurus,Bos taurus,0.0,True,False,False,background,background,False,False
H2AC16,colon,clustered,4,3,32.083703703703705,42.2,28.410125679980077,0.0,54.05111111111111,54.05111111111111,human,Homo sapiens,54.05111111111111,canis_lupus_familiaris,Canis lupus familiaris,0.0,False,False,False,background,background,False,False
H2AC8,brain,clustered,6,4,56.58207236842105,48.3066447368421,24.517257886723517,37.85,91.865,54.01499999999999,felis_catus,Felis catus,91.865,bos_taurus,Bos taurus,37.85,True,False,False,background,background,False,False
H2AC13,spinal cord,clustered,7,3,32.604285714285716,43.87,28.681792098109625,0.0,53.94285714285714,53.94285714285714,equus_caballus,Equus caballus,53.94285714285714,canis_lupus_familiaris,Canis lupus familiaris,0.0,False,False,False,background,background,False,False
H2AC14,Ammon's horn,clustered,7,3,27.873333333333335,29.730000000000004,26.99293302576312,0.0,53.89,53.89,bos_taurus,Bos taurus,53.89,sus_scrofa,Sus scrofa,0.0,False,False,False,background,background,False,False
H2AC15,lymph node,clustered,5,3,17.96,0.0,31.107632503937037,0.0,53.88,53.88,human,Homo sapiens,53.88,bos_taurus,Bos taurus,0.0,False,False,False,background,background,False,False
H2AC8,midbrain,clustered,6,2,26.84166666666667,26.84166666666667,37.95984903669783,0.0,53.68333333333334,53.68333333333334,human,Homo sapiens,53.68333333333334,bos_taurus,Bos taurus,0.0,False,False,False,background,background,False,False
H2AC1,adult mammalian kidney,clustered,7,7,38.47714285714286,44.17,17.85865099821906,0.0,53.635000000000005,53.635000000000005,mus_musculus,Mus musculus,53.635000000000005,felis_catus,Felis catus,0.0,True,False,False,background,background,False,False
H2AC8,myometrium,clustered,6,2,26.794375,26.794375,37.892968520310596,0.0,53.58875,53.58875,human,Homo sapiens,53.58875,bos_taurus,Bos taurus,0.0,False,False,False,background,background,False,False
H2AC15,prefrontal cortex,clustered,5,5,28.781,24.67,20.531748707793987,0.0,53.565,53.565,human,Homo sapiens,53.565,bos_taurus,Bos taurus,0.0,True,False,False,background,background,False,False
H2AC12,saliva-secreting gland,clustered,6,3,33.281666666666666,46.41,29.036006239380328,0.0,53.435,53.435,bos_taurus,Bos taurus,53.435,human,Homo sapiens,0.0,False,False,False,background,background,False,False
H2AC6,gluteus medius,clustered,7,2,56.3375,56.3375,37.727682310208245,29.66,83.015,53.355000000000004,bos_taurus,Bos taurus,83.015,equus_caballus,Equus caballus,29.66,False,False,False,background,background,False,False
H2AC21,primary visual cortex,clustered,6,3,33.17333333333333,46.22,28.946228309286397,0.0,53.3,53.3,human,Homo sapiens,53.3,pan_troglodytes,Pan troglodytes,0.0,False,False,False,background,background,False,False
H2AC12,endometrium,clustered,6,3,24.191333333333336,19.43,26.890033568839844,0.0,53.144000000000005,53.144000000000005,bos_taurus,Bos taurus,53.144000000000005,human,Homo sapiens,0.0,False,False,False,background,background,False,False
H2AC13,skeletal muscle tissue,clustered,7,5,20.494999999999997,0.0,28.095653578445187,0.0,53.125,53.125,bos_taurus,Bos taurus,53.125,canis_lupus_familiaris,Canis lupus familiaris,0.0,True,False,False,background,background,False,False
H2AC13,bone marrow,clustered,7,5,70.02000000000001,75.53999999999999,21.770608627229507,40.5,93.62,53.120000000000005,equus_caballus,Equus caballus,93.62,canis_lupus_familiaris,Canis lupus familiaris,40.5,True,False,False,background,background,False,False
MACROH2A2,ileum,variant,8,3,17.694666666666667,0.0,30.648061689662097,0.0,53.084,53.084,bos_taurus,Bos taurus,53.084,macaca_mulatta,Macaca mulatta,0.0,False,False,False,background,background,False,False
H2AC25,ovary,clustered,6,4,66.09833333333333,63.91,24.304154765983718,41.75,94.82333333333334,53.07333333333334,sus_scrofa,Sus scrofa,94.82333333333334,canis_lupus_familiaris,Canis lupus familiaris,41.75,True,False,False,background,background,False,False
MACROH2A2,mucosa of urinary bladder,variant,8,2,26.53,26.53,37.51908580975821,0.0,53.06,53.06,canis_lupus_familiaris,Canis lupus familiaris,53.06,human,Homo sapiens,0.0,False,False,False,background,background,False,False
H2AC13,occipital lobe,clustered,7,2,26.52,26.52,37.50494367413448,0.0,53.04,53.04,bos_taurus,Bos taurus,53.04,canis_lupus_familiaris,Canis lupus familiaris,0.0,False,False,False,background,background,False,False
H2AC25,hypothalamus,clustered,6,4,48.2078125,41.565,22.957854737336085,28.35,81.35125,53.00124999999999,human,Homo sapiens,81.35125,canis_lupus_familiaris,Canis lupus familiaris,28.35,True,False,False,background,background,False,False
H2AC13,mammary gland,clustered,7,2,26.49125,26.49125,37.46428503421625,0.0,52.9825,52.9825,bos_taurus,Bos taurus,52.9825,canis_lupus_familiaris,Canis lupus familiaris,0.0,False,False,False,background,background,False,False
H2AC17,adult mammalian kidney,clustered,6,6,20.605555555555554,12.96,24.21588254446671,0.0,52.96666666666666,52.96666666666666,human,Homo sapiens,52.96666666666666,equus_caballus,Equus caballus,0.0,True,False,False,background,background,False,False
H2AC12,placenta,clustered,6,3,34.625,50.955,30.00222116777356,0.0,52.92,52.92,human,Homo sapiens,52.92,canis_lupus_familiaris,Canis lupus familiaris,0.0,False,False,False,background,background,False,False
H2AC7,spinal cord,clustered,5,2,26.451875,26.451875,37.408600375197814,0.0,52.90375,52.90375,equus_caballus,Equus caballus,52.90375,canis_lupus_familiaris,Canis lupus familiaris,0.0,False,False,False,background,background,False,False
H2AC11,prefrontal cortex,clustered,6,6,21.78708333333333,16.19,24.751131106308385,0.0,52.85,52.85,canis_lupus_familiaris,Canis lupus familiaris,52.85,bos_taurus,Bos taurus,0.0,True,False,False,background,background,False,False
H2AC20,hypothalamus,clustered,5,2,26.40625,26.40625,37.344076881414544,0.0,52.8125,52.8125,human,Homo sapiens,52.8125,bos_taurus,Bos taurus,0.0,False,False,False,background,background,False,False
MACROH2A2,gluteal muscle,variant,8,2,26.35,26.35,37.264527368531056,0.0,52.7,52.7,bos_taurus,Bos taurus,52.7,human,Homo sapiens,0.0,False,False,False,background,background,False,False
H2AC20,endometrium,clustered,5,3,33.254999999999995,47.16,28.928070709952298,0.0,52.605,52.605,human,Homo sapiens,52.605,bos_taurus,Bos taurus,0.0,False,False,False,background,background,False,False
H2AC15,thyroid gland,clustered,5,3,34.633589743589745,51.38,29.99899152479848,0.0,52.52076923076923,52.52076923076923,human,Homo sapiens,52.52076923076923,bos_taurus,Bos taurus,0.0,False,False,False,background,background,False,False
H2AC1,placenta,clustered,7,4,13.10875,0.0,26.2175,0.0,52.435,52.435,mus_musculus,Mus musculus,52.435,bos_taurus,Bos taurus,0.0,True,False,False,background,background,False,False
H2AC11,cortex of kidney,clustered,6,3,17.473333333333333,0.0,30.264701110920186,0.0,52.42,52.42,human,Homo sapiens,52.42,bos_taurus,Bos taurus,0.0,False,False,False,background,background,False,False
H2AC8,jejunum,clustered,6,2,26.166666666666668,26.166666666666668,37.00525488209599,0.0,52.333333333333336,52.333333333333336,bos_taurus,Bos taurus,52.333333333333336,human,Homo sapiens,0.0,False,False,False,background,background,False,False
H2AC19,omental fat pad,clustered,4,2,61.70090909090909,61.70090909090909,36.96882816912577,35.56,87.84181818181818,52.28181818181818,human,Homo sapiens,87.84181818181818,bos_taurus,Bos taurus,35.56,False,False,False,background,background,False,False
H2AC11,heart left ventricle,clustered,6,3,34.035,49.85999999999999,29.49928770326497,0.0,52.245000000000005,52.245000000000005,canis_lupus_familiaris,Canis lupus familiaris,52.245000000000005,sus_scrofa,Sus scrofa,0.0,False,False,False,background,background,False,False
H2AC11,embryo,clustered,6,2,26.03,26.03,36.81197902857166,0.0,52.06,52.06,equus_caballus,Equus caballus,52.06,human,Homo sapiens,0.0,False,False,False,background,background,False,False
H2AC11,uterine cervix,clustered,6,2,25.965,25.965,36.72005514701741,0.0,51.93,51.93,human,Homo sapiens,51.93,bos_taurus,Bos taurus,0.0,False,False,False,background,background,False,False
H2AC7,adult mammalian kidney,clustered,5,5,34.475,37.745,20.610304234168886,0.0,51.8725,51.8725,human,Homo sapiens,51.8725,equus_caballus,Equus caballus,0.0,True,False,False,background,background,False,False
MACROH2A2,mesenteric lymph node,variant,8,2,25.9225,25.9225,36.65995107061656,0.0,51.845,51.845,bos_taurus,Bos taurus,51.845,sus_scrofa,Sus scrofa,0.0,False,False,False,background,background,False,False
H2AC11,esophagus,clustered,6,2,25.854285714285716,25.854285714285716,36.56348150261182,0.0,51.70857142857143,51.70857142857143,human,Homo sapiens,51.70857142857143,bos_taurus,Bos taurus,0.0,False,False,False,background,background,False,False
H2AC15,myometrium,clustered,5,2,25.82214285714286,25.82214285714286,36.51802463810698,0.0,51.64428571428572,51.64428571428572,human,Homo sapiens,51.64428571428572,bos_taurus,Bos taurus,0.0,False,False,False,background,background,False,False
H2AC11,pituitary gland,clustered,6,4,31.60625,37.41,22.263639031314415,0.0,51.605,51.605,canis_lupus_familiaris,Canis lupus familiaris,51.605,sus_scrofa,Sus scrofa,0.0,True,False,False,background,background,False,False
H2AC21,right lobe of liver,clustered,6,2,65.8775,65.8775,36.426605832825004,40.12,91.635,51.51500000000001,sus_scrofa,Sus scrofa,91.635,human,Homo sapiens,40.12,False,False,False,background,background,False,False
H2AC12,pituitary gland,clustered,6,4,25.090833333333332,24.43,28.992489113561806,0.0,51.50333333333333,51.50333333333333,bos_taurus,Bos taurus,51.50333333333333,canis_lupus_familiaris,Canis lupus familiaris,0.0,True,False,False,background,background,False,False
H2AC15,adenohypophysis,clustered,5,2,25.722,25.722,36.376401251360754,0.0,51.444,51.444,human,Homo sapiens,51.444,bos_taurus,Bos taurus,0.0,False,False,False,background,background,False,False
H2AC17,occipital cortex,clustered,6,2,25.66,25.66,36.28872001049362,0.0,51.32,51.32,canis_lupus_familiaris,Canis lupus familiaris,51.32,sus_scrofa,Sus scrofa,0.0,False,False,False,background,background,False,False
H2AC12,adrenal gland,clustered,6,3,31.456666666666667,43.06,27.552804454961265,0.0,51.31,51.31,bos_taurus,Bos taurus,51.31,canis_lupus_familiaris,Canis lupus familiaris,0.0,False,False,False,background,background,False,False
H2AC13,embryo,clustered,7,2,25.64,25.64,36.26043573924616,0.0,51.28,51.28,felis_catus,Felis catus,51.28,equus_caballus,Equus caballus,0.0,False,False,False,background,background,False,False
H2AC13,hypothalamus,clustered,7,4,23.39875,21.1625,27.264216589698666,0.0,51.27,51.27,bos_taurus,Bos taurus,51.27,canis_lupus_familiaris,Canis lupus familiaris,0.0,True,False,False,background,background,False,False
H2AC14,blood,clustered,7,4,23.63791666666667,21.7025,27.47708814479196,0.0,51.14666666666667,51.14666666666667,human,Homo sapiens,51.14666666666667,canis_lupus_familiaris,Canis lupus familiaris,0.0,True,False,False,background,background,False,False
H2AC25,cerebral cortex,clustered,6,5,69.308,80.33,23.19453992861251,42.875,94.01,51.135000000000005,sus_scrofa,Sus scrofa,94.01,canis_lupus_familiaris,Canis lupus familiaris,42.875,True,False,False,background,background,False,False
H2AC1,intestine,clustered,7,2,25.5325,25.5325,36.10840778129105,0.0,51.065,51.065,mus_musculus,Mus musculus,51.065,human,Homo sapiens,0.0,False,False,False,background,background,False,False
H2AC13,thyroid gland,clustered,7,3,27.47066666666667,31.367,25.744592953343297,0.0,51.045,51.045,bos_taurus,Bos taurus,51.045,canis_lupus_familiaris,Canis lupus familiaris,0.0,False,False,False,background,background,False,False
H2AC11,adenohypophysis,clustered,6,2,25.515,25.515,36.08365904394952,0.0,51.03,51.03,human,Homo sapiens,51.03,bos_taurus,Bos taurus,0.0,False,False,False,background,background,False,False
H2AC12,adipose tissue,clustered,6,5,17.118333333333332,0.0,24.148579610863703,0.0,51.00666666666667,51.00666666666667,bos_taurus,Bos taurus,51.00666666666667,canis_lupus_familiaris,Canis lupus familiaris,0.0,True,False,False,background,background,False,False
H2AC1,kidney,clustered,7,5,29.486,35.42,19.389955647190117,0.0,51.0,51.0,mus_musculus,Mus musculus,51.0,bos_taurus,Bos taurus,0.0,True,False,False,background,background,False,False
H2AC21,ovary,clustered,6,3,60.705000000000005,43.875,29.32812941529002,43.67,94.57,50.89999999999999,sus_scrofa,Sus scrofa,94.57,bos_taurus,Bos taurus,43.67,False,False,False,background,background,False,False
H2AC12,gluteus medius,clustered,6,2,25.43,25.43,35.96345089114781,0.0,50.86,50.86,bos_taurus,Bos taurus,50.86,equus_caballus,Equus caballus,0.0,False,False,False,background,background,False,False
H2AC7,prostate gland,clustered,5,2,25.400625,25.400625,35.9219083677531,0.0,50.80125,50.80125,human,Homo sapiens,50.80125,bos_taurus,Bos taurus,0.0,False,False,False,background,background,False,False
H2AC12,brain,clustered,6,4,26.21708333333333,27.034166666666664,20.897927080215396,0.0,50.8,50.8,bos_taurus,Bos taurus,50.8,macaca_mulatta,Macaca mulatta,0.0,True,False,False,background,background,False,False
H2AC11,jejunum,clustered,6,3,30.991666666666664,42.19,27.18144695069292,0.0,50.785,50.785,bos_taurus,Bos taurus,50.785,human,Homo sapiens,0.0,False,False,False,background,background,False,False
H2AC17,cerebral cortex,clustered,6,4,30.87125,36.3825,21.782735661910483,0.0,50.72,50.72,sus_scrofa,Sus scrofa,50.72,macaca_mulatta,Macaca mulatta,0.0,True,False,False,background,background,False,False
H2AC12,uterus,clustered,6,2,25.316666666666666,25.316666666666666,35.80317335407886,0.0,50.63333333333333,50.63333333333333,bos_taurus,Bos taurus,50.63333333333333,sus_scrofa,Sus scrofa,0.0,False,False,False,background,background,False,False
H2AC21,uterus,clustered,6,2,64.17500000000001,64.17500000000001,35.800816331474905,38.86,89.49000000000001,50.63000000000001,sus_scrofa,Sus scrofa,89.49000000000001,bos_taurus,Bos taurus,38.86,False,False,False,background,background,False,False
H2AC15,Ammon's horn,clustered,5,3,16.81222222222222,0.0,29.119623077027427,0.0,50.43666666666667,50.43666666666667,human,Homo sapiens,50.43666666666667,bos_taurus,Bos taurus,0.0,False,False,False,background,background,False,False
H2AC12,adenohypophysis,clustered,6,2,25.2075,25.2075,35.64878837351979,0.0,50.415,50.415,bos_taurus,Bos taurus,50.415,human,Homo sapiens,0.0,False,False,False,background,background,False,False
H2AC7,bone marrow,clustered,5,4,63.933749999999996,64.3475,20.581271978427377,38.32,88.72,50.4,equus_caballus,Equus caballus,88.72,canis_lupus_familiaris,Canis lupus familiaris,38.32,True,False,False,background,background,False,False
H2AC19,testis,clustered,4,4,78.86583333333334,86.675,23.66856195462664,45.86333333333334,96.25,50.38666666666666,human,Homo sapiens,96.25,bos_taurus,Bos taurus,45.86333333333334,True,False,False,background,background,False,False
H2AC12,olfactory segment of nasal mucosa,clustered,6,3,26.963333333333335,30.53,25.36874520612585,0.0,50.36,50.36,bos_taurus,Bos taurus,50.36,macaca_mulatta,Macaca mulatta,0.0,False,False,False,background,background,False,False
H2AC21,gall bladder,clustered,6,2,25.165,25.165,35.58868429711894,0.0,50.33,50.33,bos_taurus,Bos taurus,50.33,human,Homo sapiens,0.0,False,False,False,background,background,False,False
H2AC11,cerebral cortex,clustered,6,5,36.781666666666666,44.97,20.72960054822304,0.0,50.21333333333334,50.21333333333334,human,Homo sapiens,50.21333333333334,bos_taurus,Bos taurus,0.0,True,False,False,background,background,False,False
H2AC21,granulosa cell,clustered,6,2,25.09,25.09,35.48261827994096,0.0,50.18,50.18,sus_scrofa,Sus scrofa,50.18,bos_taurus,Bos taurus,0.0,False,False,False,background,background,False,False
H2AC12,ovary,clustered,6,4,20.376875000000002,15.7125,24.731351844622242,0.0,50.0825,50.0825,bos_taurus,Bos taurus,50.0825,canis_lupus_familiaris,Canis lupus familiaris,0.0,True,False,False,background,background,False,False
H2AC16,liver,clustered,4,4,29.992291666666667,34.98625,23.40369519509093,0.0,49.99666666666667,49.99666666666667,macaca_mulatta,Macaca mulatta,49.99666666666667,equus_caballus,Equus caballus,0.0,True,False,False,background,background,False,False
H2AC1,lung,clustered,7,6,12.429305555555556,0.0,20.850048510579505,0.0,49.932500000000005,49.932500000000005,mus_musculus,Mus musculus,49.932500000000005,bos_taurus,Bos taurus,0.0,True,False,False,background,background,False,False
H2AC8,renal medulla,clustered,6,2,24.9575,24.9575,35.295234982926516,0.0,49.915,49.915,bos_taurus,Bos taurus,49.915,human,Homo sapiens,0.0,False,False,False,background,background,False,False
H2AB3,cerebellum,variant,5,4,32.58958333333333,40.291666666666664,22.9043698068731,0.0,49.775,49.775,mus_musculus,Mus musculus,49.775,canis_lupus_familiaris,Canis lupus familiaris,0.0,True,False,False,background,background,False,False
H2AC12,skeletal muscle tissue,clustered,6,5,28.48,45.35,26.04538130840092,0.0,49.755,49.755,canis_lupus_familiaris,Canis lupus familiaris,49.755,macaca_mulatta,Macaca mulatta,0.0,True,False,False,background,background,False,False
H2AC7,metanephros cortex,clustered,5,3,30.816666666666666,42.74,26.914595173127413,0.0,49.71,49.71,bos_taurus,Bos taurus,49.71,canis_lupus_familiaris,Canis lupus familiaris,0.0,False,False,False,background,background,False,False
H2AC12,subcutaneous adipose tissue,clustered,6,3,28.152348484848485,34.7525,25.501116832953834,0.0,49.70454545454545,49.70454545454545,bos_taurus,Bos taurus,49.70454545454545,sus_scrofa,Sus scrofa,0.0,False,False,False,background,background,False,False
H2AB3,spleen,variant,5,4,19.55318181818182,14.26,24.176089199469722,0.0,49.69272727272728,49.69272727272728,human,Homo sapiens,49.69272727272728,canis_lupus_familiaris,Canis lupus familiaris,0.0,True,False,False,background,background,False,False
H2AC6,spinal cord,clustered,7,3,76.88558333333333,88.273,26.71847600015452,46.36,96.02375,49.66375000000001,equus_caballus,Equus caballus,96.02375,canis_lupus_familiaris,Canis lupus familiaris,46.36,False,False,False,background,background,False,False
H2AC15,frontal cortex,clustered,5,4,22.46647727272727,20.1025,26.227704897376825,0.0,49.66090909090909,49.66090909090909,human,Homo sapiens,49.66090909090909,bos_taurus,Bos taurus,0.0,True,False,False,background,background,False,False
H2AC14,adrenal gland,clustered,7,3,29.97666666666667,40.39,26.360596224921267,0.0,49.54,49.54,bos_taurus,Bos taurus,49.54,canis_lupus_familiaris,Canis lupus familiaris,0.0,False,False,False,background,background,False,False
H2AC11,prostate gland,clustered,6,2,24.760625,24.760625,35.01681168783432,0.0,49.52125,49.52125,human,Homo sapiens,49.52125,bos_taurus,Bos taurus,0.0,False,False,False,background,background,False,False
MACROH2A2,fibroblast,variant,8,2,24.7225,24.7225,34.96289479576884,0.0,49.445,49.445,pan_troglodytes,Pan troglodytes,49.445,macaca_mulatta,Macaca mulatta,0.0,False,False,False,background,background,False,False
H2AC14,leukocyte,clustered,7,2,24.705,24.705,34.938146058427314,0.0,49.41,49.41,bos_taurus,Bos taurus,49.41,human,Homo sapiens,0.0,False,False,False,background,background,False,False
H2AC12,spleen,clustered,6,5,26.93515,38.18,24.941263051668013,0.0,49.332,49.332,bos_taurus,Bos taurus,49.332,macaca_mulatta,Macaca mulatta,0.0,True,False,False,background,background,False,False
H2AC17,prefrontal cortex,clustered,6,6,14.227083333333335,0.0,22.411244968579204,0.0,49.1,49.1,canis_lupus_familiaris,Canis lupus familiaris,49.1,equus_caballus,Equus caballus,0.0,True,False,False,background,background,False,False
H2AC15,leukocyte,clustered,5,2,24.53833333333334,24.53833333333334,34.70244379803181,0.0,49.07666666666668,49.07666666666668,bos_taurus,Bos taurus,49.07666666666668,human,Homo sapiens,0.0,False,False,False,background,background,False,False
H2AC21,amygdala,clustered,6,2,54.13,54.13,34.6340901425171,29.64,78.62,48.980000000000004,sus_scrofa,Sus scrofa,78.62,human,Homo sapiens,29.64,False,False,False,background,background,False,False
H2AC1,thymus,clustered,7,4,12.2425,0.0,24.484999999999996,0.0,48.97,48.97,mus_musculus,Mus musculus,48.97,bos_taurus,Bos taurus,0.0,True,False,False,background,background,False,False
H2AX,adipose tissue,variant,8,5,70.53299999999999,74.88,18.12217619382396,40.66,89.62,48.96000000000001,sus_scrofa,Sus scrofa,89.62,canis_lupus_familiaris,Canis lupus familiaris,40.66,True,False,False,background,background,False,False
H2AC8,muscle tissue,clustered,6,3,27.471666666666664,33.495,25.010038151377007,0.0,48.92,48.92,human,Homo sapiens,48.92,equus_caballus,Equus caballus,0.0,False,False,False,background,background,False,False
H2AB3,adult mammalian kidney,variant,5,5,15.559999999999999,0.0,22.426948075919736,0.0,48.8,48.8,human,Homo sapiens,48.8,canis_lupus_familiaris,Canis lupus familiaris,0.0,True,False,False,background,background,False,False
H2AC17,muscle tissue,clustered,6,3,30.376666666666665,42.38,26.49906853708887,0.0,48.75,48.75,sus_scrofa,Sus scrofa,48.75,equus_caballus,Equus caballus,0.0,False,False,False,background,background,False,False
H2AC11,myometrium,clustered,6,2,24.31875,24.31875,34.39190606996071,0.0,48.6375,48.6375,human,Homo sapiens,48.6375,bos_taurus,Bos taurus,0.0,False,False,False,background,background,False,False
H2AC8,diaphragm,clustered,6,2,24.3,24.3,34.36538956566621,0.0,48.6,48.6,bos_taurus,Bos taurus,48.6,human,Homo sapiens,0.0,False,False,False,background,background,False,False
H2AC1,hindlimb stylopod muscle,clustered,7,4,12.13,0.0,24.259999999999998,0.0,48.52,48.52,mus_musculus,Mus musculus,48.52,human,Homo sapiens,0.0,True,False,False,background,background,False,False
H2AC16,cerebellum,clustered,4,4,19.335,14.46,23.702980825204243,0.0,48.42,48.42,equus_caballus,Equus caballus,48.42,canis_lupus_familiaris,Canis lupus familiaris,0.0,True,False,False,background,background,False,False
H2AC12,mesenteric lymph node,clustered,6,2,24.1725,24.1725,34.18507733646364,0.0,48.345,48.345,bos_taurus,Bos taurus,48.345,sus_scrofa,Sus scrofa,0.0,False,False,False,background,background,False,False
H2AC16,spleen,clustered,4,3,31.485757575757578,46.14,27.289188824913122,0.0,48.31727272727273,48.31727272727273,human,Homo sapiens,48.31727272727273,macaca_mulatta,Macaca mulatta,0.0,False,False,False,background,background,False,False
H2AB3,blood,variant,5,3,16.105208333333334,0.0,27.89503909981501,0.0,48.315625,48.315625,human,Homo sapiens,48.315625,canis_lupus_familiaris,Canis lupus familiaris,0.0,False,False,False,background,background,False,False
H2AC6,testis,clustered,7,7,51.61577380952381,48.74,17.098025952138066,32.96333333333333,81.27,48.306666666666665,human,Homo sapiens,81.27,felis_catus,Felis catus,32.96333333333333,True,False,False,background,background,False,False
H2AC12,heart left ventricle,clustered,6,3,26.828333333333333,32.195,24.588246345222206,0.0,48.29,48.29,canis_lupus_familiaris,Canis lupus familiaris,48.29,sus_scrofa,Sus scrofa,0.0,False,False,False,background,background,False,False
H2AC25,mammary gland,clustered,6,2,24.085,24.085,34.061333649755994,0.0,48.17,48.17,bos_taurus,Bos taurus,48.17,canis_lupus_familiaris,Canis lupus familiaris,0.0,False,False,False,background,background,False,False
H2AC7,retina,clustered,5,3,16.046666666666667,0.0,27.793641958788584,0.0,48.14,48.14,bos_taurus,Bos taurus,48.14,canis_lupus_familiaris,Canis lupus familiaris,0.0,False,False,False,background,background,False,False
H2AC20,retina,clustered,5,2,24.06,24.06,34.025978310696665,0.0,48.12,48.12,equus_caballus,Equus caballus,48.12,bos_taurus,Bos taurus,0.0,False,False,False,background,background,False,False
H2AC11,olfactory segment of nasal mucosa,clustered,6,3,27.709999999999997,35.03,24.871455526365963,0.0,48.1,48.1,human,Homo sapiens,48.1,bos_taurus,Bos taurus,0.0,False,False,False,background,background,False,False
H2AC13,cerebellar cortex,clustered,7,3,25.08666666666667,27.17,24.11259491082064,0.0,48.09,48.09,mus_musculus,Mus musculus,48.09,macaca_mulatta,Macaca mulatta,0.0,False,False,False,background,background,False,False
MACROH2A2,zone of skin,variant,8,5,57.66133333333333,64.92666666666666,18.544626145837746,30.5,78.57000000000001,48.07000000000001,human,Homo sapiens,78.57000000000001,felis_catus,Felis catus,30.5,True,False,False,background,background,False,False
H2AC7,thyroid gland,clustered,5,3,27.804259259259258,35.367777777777775,24.899510347293567,0.0,48.045,48.045,bos_taurus,Bos taurus,48.045,canis_lupus_familiaris,Canis lupus familiaris,0.0,False,False,False,background,background,False,False
H2AC11,adult mammalian kidney,clustered,6,6,20.367083333333333,17.0,22.74635192820305,0.0,47.9775,47.9775,human,Homo sapiens,47.9775,equus_caballus,Equus caballus,0.0,True,False,False,background,background,False,False
H2AC21,spermatid,clustered,6,2,23.98,23.98,33.91284122570682,0.0,47.96,47.96,macaca_mulatta,Macaca mulatta,47.96,bos_taurus,Bos taurus,0.0,False,False,False,background,background,False,False
H2AC15,placenta,clustered,5,3,28.53833333333333,37.705,25.236141906664997,0.0,47.91,47.91,human,Homo sapiens,47.91,canis_lupus_familiaris,Canis lupus familiaris,0.0,False,False,False,background,background,False,False
H2AC25,spleen,clustered,6,6,59.32525324675324,61.058,17.931121423427104,31.63,79.5390909090909,47.90909090909091,human,Homo sapiens,79.5390909090909,felis_catus,Felis catus,31.63,True,False,False,background,background,False,False
H2AC19,leukocyte,clustered,4,3,57.50555555555555,56.50666666666667,23.860686479212184,34.16,81.85,47.69,human,Homo sapiens,81.85,equus_caballus,Equus caballus,34.16,False,False,False,background,background,False,False
H2AC12,longissimus thoracis muscle,clustered,6,2,23.792857142857144,23.792857142857144,33.648181259034146,0.0,47.58571428571429,47.58571428571429,bos_taurus,Bos taurus,47.58571428571429,sus_scrofa,Sus scrofa,0.0,False,False,False,background,background,False,False
H2AC16,leukocyte,clustered,4,2,23.785,23.785,33.63706958104407,0.0,47.57,47.57,equus_caballus,Equus caballus,47.57,human,Homo sapiens,0.0,False,False,False,background,background,False,False
H2AC13,oviduct epithelium,clustered,7,2,68.255,68.255,33.55221676730169,44.53,91.98,47.45,equus_caballus,Equus caballus,91.98,bos_taurus,Bos taurus,44.53,False,False,False,background,background,False,False
H2AC11,cardiac ventricle,clustered,6,2,23.7025,23.7025,33.52039696214829,0.0,47.405,47.405,human,Homo sapiens,47.405,bos_taurus,Bos taurus,0.0,False,False,False,background,background,False,False
H2AC11,heart right ventricle,clustered,6,2,23.695,23.695,33.509790360430486,0.0,47.39,47.39,canis_lupus_familiaris,Canis lupus familiaris,47.39,human,Homo sapiens,0.0,False,False,False,background,background,False,False
H2AC15,cerebral cortex,clustered,5,4,29.978749999999998,36.2775,21.51315426082377,0.0,47.36,47.36,macaca_mulatta,Macaca mulatta,47.36,bos_taurus,Bos taurus,0.0,True,False,False,background,background,False,False
H2AC21,urinary bladder,clustered,6,2,23.67875,23.67875,33.48680939004193,0.0,47.3575,47.3575,human,Homo sapiens,47.3575,bos_taurus,Bos taurus,0.0,False,False,False,background,background,False,False
H2AC19,spleen,clustered,4,3,79.4805303030303,91.1590909090909,25.74829673851404,49.9625,97.32,47.357499999999995,pan_troglodytes,Pan troglodytes,97.32,bos_taurus,Bos taurus,49.9625,False,False,False,background,background,False,False
H2AC13,placenta,clustered,7,4,62.785,60.15,20.083134715477065,41.78,89.06,47.28,mus_musculus,Mus musculus,89.06,canis_lupus_familiaris,Canis lupus familiaris,41.78,True,False,False,background,background,False,False
H2AC16,smooth muscle tissue,clustered,4,2,23.58,23.58,33.347155800757584,0.0,47.16,47.16,canis_lupus_familiaris,Canis lupus familiaris,47.16,human,Homo sapiens,0.0,False,False,False,background,background,False,False
H2AC25,occipital lobe,clustered,6,2,67.94,67.94,33.26230298701519,44.42,91.46,47.03999999999999,canis_lupus_familiaris,Canis lupus familiaris,91.46,bos_taurus,Bos taurus,44.42,False,False,False,background,background,False,False
H2AB3,urinary bladder,variant,5,3,15.671666666666667,0.0,27.144122905950255,0.0,47.015,47.015,human,Homo sapiens,47.015,canis_lupus_familiaris,Canis lupus familiaris,0.0,False,False,False,background,background,False,False
H2AC15,uterus,clustered,5,3,25.128333333333334,28.385,23.668637652668842,0.0,47.0,47.0,human,Homo sapiens,47.0,felis_catus,Felis catus,0.0,False,False,False,background,background,False,False
H2AC11,frontal cortex,clustered,6,5,18.137,0.0,24.862639151054655,0.0,46.99666666666667,46.99666666666667,canis_lupus_familiaris,Canis lupus familiaris,46.99666666666667,bos_taurus,Bos taurus,0.0,True,False,False,background,background,False,False
H2AC11,granulosa cell,clustered,6,2,23.495,23.495,33.22694764795587,0.0,46.99,46.99,sus_scrofa,Sus scrofa,46.99,bos_taurus,Bos taurus,0.0,False,False,False,background,background,False,False
H2AC16,adult mammalian kidney,clustered,4,4,11.74,0.0,23.48,0.0,46.96,46.96,human,Homo sapiens,46.96,canis_lupus_familiaris,Canis lupus familiaris,0.0,True,False,False,background,background,False,False
H2AC21,fibroblast,clustered,6,2,23.46,23.46,33.17745017327281,0.0,46.92,46.92,macaca_mulatta,Macaca mulatta,46.92,pan_troglodytes,Pan troglodytes,0.0,False,False,False,background,background,False,False
H2AX,cardiac muscle of left ventricle,variant,8,2,23.46,23.46,33.17745017327281,0.0,46.92,46.92,canis_lupus_familiaris,Canis lupus familiaris,46.92,mus_musculus,Mus musculus,0.0,False,False,False,background,background,False,False
H2AC11,zone of skin,clustered,6,4,29.056785714285716,34.69214285714286,20.75585780360006,0.0,46.84285714285714,46.84285714285714,canis_lupus_familiaris,Canis lupus familiaris,46.84285714285714,bos_taurus,Bos taurus,0.0,True,False,False,background,background,False,False
H2AC14,hindlimb stylopod muscle,clustered,7,3,29.570000000000004,41.9,25.725778899772887,0.0,46.81,46.81,human,Homo sapiens,46.81,pan_troglodytes,Pan troglodytes,0.0,False,False,False,background,background,False,False
H2AC15,uterine cervix,clustered,5,2,23.395,23.395,33.08552629171856,0.0,46.79,46.79,human,Homo sapiens,46.79,bos_taurus,Bos taurus,0.0,False,False,False,background,background,False,False
H2AC25,prefrontal cortex,clustered,6,6,59.5595670995671,55.230000000000004,19.268540232276504,37.34,84.11285714285714,46.772857142857134,human,Homo sapiens,84.11285714285714,bos_taurus,Bos taurus,37.34,True,False,False,background,background,False,False
H2AC17,uterus,clustered,6,2,23.3775,23.3775,33.06077755437703,0.0,46.755,46.755,sus_scrofa,Sus scrofa,46.755,felis_catus,Felis catus,0.0,False,False,False,background,background,False,False
H2AC8,gluteal muscle,clustered,6,2,23.375,23.375,33.057242020471094,0.0,46.75,46.75,bos_taurus,Bos taurus,46.75,human,Homo sapiens,0.0,False,False,False,background,background,False,False
H2AC21,muscle tissue,clustered,6,4,32.525,41.7,22.087955239602117,0.0,46.7,46.7,equus_caballus,Equus caballus,46.7,sus_scrofa,Sus scrofa,0.0,True,False,False,background,background,False,False
H2AC11,olfactory bulb,clustered,6,2,23.32,23.32,32.97946027454058,0.0,46.64,46.64,canis_lupus_familiaris,Canis lupus familiaris,46.64,human,Homo sapiens,0.0,False,False,False,background,background,False,False
H2AC7,endometrium,clustered,5,3,25.91611111111111,31.16,23.732719580859325,0.0,46.58833333333333,46.58833333333333,bos_taurus,Bos taurus,46.58833333333333,equus_caballus,Equus caballus,0.0,False,False,False,background,background,False,False
MACROH2A2,testis,variant,8,8,60.04778846153846,57.608333333333334,15.743827266667939,32.73,79.30230769230769,46.572307692307696,human,Homo sapiens,79.30230769230769,felis_catus,Felis catus,32.73,True,False,False,background,background,False,False
H2AC7,adipose tissue,clustered,5,3,28.854000000000003,40.02,25.20018071363775,0.0,46.542,46.542,bos_taurus,Bos taurus,46.542,canis_lupus_familiaris,Canis lupus familiaris,0.0,False,False,False,background,background,False,False
H2AC21,bone marrow,clustered,6,4,73.2,70.945,19.294995897036785,52.2,98.71,46.50999999999999,pan_troglodytes,Pan troglodytes,98.71,bos_taurus,Bos taurus,52.2,True,False,False,background,background,False,False
H2AC11,urinary bladder,clustered,6,3,15.500833333333333,0.0,26.84823089299057,0.0,46.5025,46.5025,human,Homo sapiens,46.5025,bos_taurus,Bos taurus,0.0,False,False,False,background,background,False,False
H2AC12,thyroid gland,clustered,6,3,25.628888888888884,30.406666666666663,23.605464841226286,0.0,46.48,46.48,bos_taurus,Bos taurus,46.48,canis_lupus_familiaris,Canis lupus familiaris,0.0,False,False,False,background,background,False,False
H2AC7,skeletal muscle tissue,clustered,5,3,15.4825,0.0,26.816476628185143,0.0,46.4475,46.4475,bos_taurus,Bos taurus,46.4475,canis_lupus_familiaris,Canis lupus familiaris,0.0,False,False,False,background,background,False,False
H2AC6,occipital lobe,clustered,7,3,70.44222222222221,74.79666666666667,23.519292396133327,45.05,91.48,46.43000000000001,canis_lupus_familiaris,Canis lupus familiaris,91.48,bos_taurus,Bos taurus,45.05,False,False,False,background,background,False,False
H2AC6,olfactory bulb,clustered,7,2,23.195,23.195,32.80268357924394,0.0,46.39,46.39,canis_lupus_familiaris,Canis lupus familiaris,46.39,human,Homo sapiens,0.0,False,False,False,background,background,False,False
H2AC21,thymus,clustered,6,2,75.83,75.83,32.753186104560875,52.67,98.99,46.31999999999999,pan_troglodytes,Pan troglodytes,98.99,bos_taurus,Bos taurus,52.67,False,False,False,background,background,False,False
H2AC21,pituitary gland,clustered,6,4,55.8375,57.9375,19.953872848814754,30.615,76.86,46.245000000000005,sus_scrofa,Sus scrofa,76.86,human,Homo sapiens,30.615,True,False,False,background,background,False,False
H2AC25,heart,clustered,6,5,58.59930000000001,54.85,19.21101753421718,31.51,77.623,46.113,human,Homo sapiens,77.623,canis_lupus_familiaris,Canis lupus familiaris,31.51,True,False,False,background,background,False,False
H2AC11,penis,clustered,6,2,23.035,23.035,32.576409409264244,0.0,46.07,46.07,sus_scrofa,Sus scrofa,46.07,human,Homo sapiens,0.0,False,False,False,background,background,False,False
H2AC14,adenohypophysis,clustered,7,2,23.0225,23.0225,32.55873173973458,0.0,46.045,46.045,bos_taurus,Bos taurus,46.045,human,Homo sapiens,0.0,False,False,False,background,background,False,False
H2AC12,adult mammalian kidney,clustered,6,6,19.775555555555556,15.875,22.140849292820896,0.0,46.03666666666667,46.03666666666667,human,Homo sapiens,46.03666666666667,equus_caballus,Equus caballus,0.0,True,False,False,background,background,False,False
H2AC11,gluteal muscle,clustered,6,2,23.0,23.0,32.526911934581186,0.0,46.0,46.0,bos_taurus,Bos taurus,46.0,human,Homo sapiens,0.0,False,False,False,background,background,False,False
H2AC14,saliva-secreting gland,clustered,7,3,24.216666666666665,26.74,23.058782130314977,0.0,45.91,45.91,bos_taurus,Bos taurus,45.91,canis_lupus_familiaris,Canis lupus familiaris,0.0,False,False,False,background,background,False,False
H2AC15,adrenal gland,clustered,5,3,15.270000000000001,0.0,26.448415831576757,0.0,45.81,45.81,human,Homo sapiens,45.81,bos_taurus,Bos taurus,0.0,False,False,False,background,background,False,False
H2AC15,urinary bladder,clustered,5,3,27.052666666666667,35.35,24.004739559789716,0.0,45.808,45.808,human,Homo sapiens,45.808,bos_taurus,Bos taurus,0.0,False,False,False,background,background,False,False
H2AC12,hypothalamus,clustered,6,4,20.54958333333333,18.2325,24.028403346063406,0.0,45.73333333333333,45.73333333333333,bos_taurus,Bos taurus,45.73333333333333,canis_lupus_familiaris,Canis lupus familiaris,0.0,True,False,False,background,background,False,False
H2AC12,muscle tissue,clustered,6,4,27.908125,33.05625,21.046937561772893,0.0,45.52,45.52,human,Homo sapiens,45.52,sus_scrofa,Sus scrofa,0.0,True,False,False,background,background,False,False
H2AC11,midbrain,clustered,6,2,22.75,22.75,32.17335854398791,0.0,45.5,45.5,human,Homo sapiens,45.5,bos_taurus,Bos taurus,0.0,False,False,False,background,background,False,False
H2AC11,thyroid gland,clustered,6,3,29.320222222222224,42.51,25.434591671215824,0.0,45.45066666666666,45.45066666666666,human,Homo sapiens,45.45066666666666,bos_taurus,Bos taurus,0.0,False,False,False,background,background,False,False
H2AC25,stomach,clustered,6,3,70.24444444444445,70.94833333333334,22.630711454258925,47.27,92.515,45.245,sus_scrofa,Sus scrofa,92.515,canis_lupus_familiaris,Canis lupus familiaris,47.27,False,False,False,background,background,False,False
H2AC12,liver,clustered,6,6,27.279305555555556,37.6275,21.352018252359052,0.0,45.21666666666667,45.21666666666667,macaca_mulatta,Macaca mulatta,45.21666666666667,equus_caballus,Equus caballus,0.0,True,False,False,background,background,False,False
H2AC21,mesenteric lymph node,clustered,6,2,75.2675,75.2675,31.950619907914152,52.675,97.86,45.185,sus_scrofa,Sus scrofa,97.86,bos_taurus,Bos taurus,52.675,False,False,False,background,background,False,False
MACROH2A2,triceps brachii,variant,8,3,15.06,0.0,26.08468516198729,0.0,45.18,45.18,equus_caballus,Equus caballus,45.18,bos_taurus,Bos taurus,0.0,False,False,False,background,background,False,False
H2AC15,cortex of kidney,clustered,5,3,15.036666666666667,0.0,26.044270643144017,0.0,45.11,45.11,human,Homo sapiens,45.11,bos_taurus,Bos taurus,0.0,False,False,False,background,background,False,False
H2AC11,cardiac atrium,clustered,6,2,22.545,22.545,31.88344476370143,0.0,45.09,45.09,human,Homo sapiens,45.09,bos_taurus,Bos taurus,0.0,False,False,False,background,background,False,False
H2AB3,duodenum,variant,5,2,22.525,22.525,31.855160492453965,0.0,45.05,45.05,human,Homo sapiens,45.05,mus_musculus,Mus musculus,0.0,False,False,False,background,background,False,False
H2AC15,primary visual cortex,clustered,5,2,56.9025,56.9025,31.851624958548037,34.38,79.42500000000001,45.04500000000001,human,Homo sapiens,79.42500000000001,macaca_mulatta,Macaca mulatta,34.38,False,False,False,background,background,False,False
H2AC1,metanephros cortex,clustered,7,3,26.856666666666666,35.54,23.737637484242892,0.0,45.03,45.03,bos_taurus,Bos taurus,45.03,canis_lupus_familiaris,Canis lupus familiaris,0.0,False,False,False,background,background,False,False
H2AC7,esophagus,clustered,5,2,22.4875,22.4875,31.802127483864975,0.0,44.975,44.975,human,Homo sapiens,44.975,bos_taurus,Bos taurus,0.0,False,False,False,background,background,False,False
H2AC1,cerebellar cortex,clustered,7,4,11.235,0.0,22.47,0.0,44.94,44.94,mus_musculus,Mus musculus,44.94,human,Homo sapiens,0.0,True,False,False,background,background,False,False
H2AC15,skeletal muscle tissue,clustered,5,4,11.2,0.0,22.4,0.0,44.8,44.8,macaca_mulatta,Macaca mulatta,44.8,bos_taurus,Bos taurus,0.0,True,False,False,background,background,False,False
H2AC16,urinary bladder,clustered,4,2,22.335,22.335,31.58645991560308,0.0,44.67,44.67,human,Homo sapiens,44.67,canis_lupus_familiaris,Canis lupus familiaris,0.0,False,False,False,background,background,False,False
H2AC25,testis,clustered,6,6,53.50006944444444,58.663333333333334,16.776373466741905,25.975,70.625,44.65,pan_troglodytes,Pan troglodytes,70.625,canis_lupus_familiaris,Canis lupus familiaris,25.975,True,False,False,background,background,False,False
H2AC21,Ammon's horn,clustered,6,3,14.876666666666667,0.0,25.767142513933003,0.0,44.63,44.63,human,Homo sapiens,44.63,bos_taurus,Bos taurus,0.0,False,False,False,background,background,False,False
H2AC25,cerebellum,clustered,6,5,72.37433333333334,76.38666666666667,20.993585581209214,50.61,95.21999999999998,44.609999999999985,human,Homo sapiens,95.21999999999998,bos_taurus,Bos taurus,50.61,True,False,False,background,background,False,False
H2AC1,heart,clustered,7,6,10.238958333333333,0.0,18.1099270156016,0.0,44.53375,44.53375,mus_musculus,Mus musculus,44.53375,bos_taurus,Bos taurus,0.0,True,False,False,background,background,False,False
H2AC19,colon,clustered,4,3,75.58166666666666,87.725,24.564922314823896,47.31,91.71,44.39999999999999,pan_troglodytes,Pan troglodytes,91.71,bos_taurus,Bos taurus,47.31,False,False,False,background,background,False,False
H2AC11,hypothalamus,clustered,6,4,21.291,20.415,24.626312025961177,0.0,44.334,44.334,human,Homo sapiens,44.334,bos_taurus,Bos taurus,0.0,True,False,False,background,background,False,False
H2AC12,granulosa cell,clustered,6,2,22.14,22.14,31.310688270940325,0.0,44.28,44.28,bos_taurus,Bos taurus,44.28,sus_scrofa,Sus scrofa,0.0,False,False,False,background,background,False,False
H2AC21,dorsolateral prefrontal cortex,clustered,6,3,27.50333333333333,38.29,24.00242140562767,0.0,44.22,44.22,macaca_mulatta,Macaca mulatta,44.22,pan_troglodytes,Pan troglodytes,0.0,False,False,False,background,background,False,False
H2AC21,subcutaneous adipose tissue,clustered,6,3,56.07996296296296,43.96888888888889,24.448593551997668,40.051,84.22,44.169,sus_scrofa,Sus scrofa,84.22,human,Homo sapiens,40.051,False,False,False,background,background,False,False
H2AJ,spermatid,variant,8,2,72.145,72.145,31.20462225376234,50.08,94.21,44.129999999999995,macaca_mulatta,Macaca mulatta,94.21,bos_taurus,Bos taurus,50.08,False,False,False,background,background,False,False
H2AC25,mesenteric lymph node,clustered,6,2,73.5475,73.5475,31.130376041737758,51.535,95.56,44.025000000000006,sus_scrofa,Sus scrofa,95.56,bos_taurus,Bos taurus,51.535,False,False,False,background,background,False,False
H2AC14,placenta,clustered,7,3,28.495,41.525,24.707409313807062,0.0,43.96,43.96,human,Homo sapiens,43.96,canis_lupus_familiaris,Canis lupus familiaris,0.0,False,False,False,background,background,False,False
H2AC14,hypothalamus,clustered,7,4,20.77916666666667,19.64,24.065720260708314,0.0,43.836666666666666,43.836666666666666,bos_taurus,Bos taurus,43.836666666666666,canis_lupus_familiaris,Canis lupus familiaris,0.0,True,False,False,background,background,False,False
H2AC6,liver,clustered,7,7,71.80906037414965,70.53,17.98046482259009,46.72,90.51190476190476,43.79190476190476,human,Homo sapiens,90.51190476190476,equus_caballus,Equus caballus,46.72,True,False,False,background,background,False,False
H2AC11,Ammon's horn,clustered,6,3,14.584000000000001,0.0,25.260228977584507,0.0,43.752,43.752,human,Homo sapiens,43.752,bos_taurus,Bos taurus,0.0,False,False,False,background,background,False,False
H2AC17,primary visual cortex,clustered,6,2,21.87,21.87,30.92885060909959,0.0,43.74,43.74,human,Homo sapiens,43.74,macaca_mulatta,Macaca mulatta,0.0,False,False,False,background,background,False,False
H2AC21,retina,clustered,6,2,21.865,21.865,30.92177954128772,0.0,43.73,43.73,bos_taurus,Bos taurus,43.73,equus_caballus,Equus caballus,0.0,False,False,False,background,background,False,False
H2AC7,mammary gland,clustered,5,2,21.85166666666667,21.85166666666667,30.902923360456086,0.0,43.70333333333334,43.70333333333334,bos_taurus,Bos taurus,43.70333333333334,canis_lupus_familiaris,Canis lupus familiaris,0.0,False,False,False,background,background,False,False
H2AC15,hypothalamus,clustered,5,3,14.566666666666668,0.0,25.230206763586647,0.0,43.7,43.7,human,Homo sapiens,43.7,bos_taurus,Bos taurus,0.0,False,False,False,background,background,False,False
H2AC8,oviduct epithelium,clustered,6,3,69.04833333333333,71.705,21.970796715943944,45.87,89.57,43.699999999999996,equus_caballus,Equus caballus,89.57,bos_taurus,Bos taurus,45.87,False,False,False,background,background,False,False
H2AC12,metanephros cortex,clustered,6,4,10.905,0.0,21.81,0.0,43.62,43.62,bos_taurus,Bos taurus,43.62,canis_lupus_familiaris,Canis lupus familiaris,0.0,True,False,False,background,background,False,False
H2AC12,cortex of kidney,clustered,6,3,14.513333333333334,0.0,25.137830720516302,0.0,43.54,43.54,bos_taurus,Bos taurus,43.54,human,Homo sapiens,0.0,False,False,False,background,background,False,False
H2AC17,colon,clustered,6,4,59.736666666666665,53.79833333333333,20.0583864422507,43.96,87.39,43.43,sus_scrofa,Sus scrofa,87.39,canis_lupus_familiaris,Canis lupus familiaris,43.96,True,False,False,background,background,False,False
H2AC11,renal medulla,clustered,6,3,14.466666666666667,0.0,25.057001682829757,0.0,43.4,43.4,canis_lupus_familiaris,Canis lupus familiaris,43.4,bos_taurus,Bos taurus,0.0,False,False,False,background,background,False,False
H2AC15,esophagus,clustered,5,2,21.653750000000002,21.653750000000002,30.62302692623641,0.0,43.307500000000005,43.307500000000005,human,Homo sapiens,43.307500000000005,bos_taurus,Bos taurus,0.0,False,False,False,background,background,False,False
H2AX,lymph node,variant,8,5,77.68833333333333,83.59166666666667,17.540820644681617,46.83,90.12,43.290000000000006,mus_musculus,Mus musculus,90.12,canis_lupus_familiaris,Canis lupus familiaris,46.83,True,False,False,background,background,False,False
H2AC17,frontal cortex,clustered,6,4,21.120416666666667,20.718333333333334,24.396593811090376,0.0,43.045,43.045,human,Homo sapiens,43.045,macaca_mulatta,Macaca mulatta,0.0,True,False,False,background,background,False,False
H2AC11,cartilage tissue,clustered,6,2,21.52,21.52,30.433875862269005,0.0,43.04,43.04,canis_lupus_familiaris,Canis lupus familiaris,43.04,human,Homo sapiens,0.0,False,False,False,background,background,False,False
H2AC7,zone of skin,clustered,5,5,22.706666666666667,28.2,21.554025275005028,0.0,42.93,42.93,human,Homo sapiens,42.93,canis_lupus_familiaris,Canis lupus familiaris,0.0,True,False,False,background,background,False,False
H2AB3,bone marrow,variant,5,4,10.69,0.0,21.38,0.0,42.76,42.76,human,Homo sapiens,42.76,canis_lupus_familiaris,Canis lupus familiaris,0.0,True,False,False,background,background,False,False
H2AC11,epithelium of bronchus,clustered,6,2,21.3275,21.3275,30.161639751512187,0.0,42.655,42.655,equus_caballus,Equus caballus,42.655,human,Homo sapiens,0.0,False,False,False,background,background,False,False
H2AC14,zone of skin,clustered,7,4,17.501875,13.68,21.151172876757922,0.0,42.6475,42.6475,canis_lupus_familiaris,Canis lupus familiaris,42.6475,bos_taurus,Bos taurus,0.0,True,False,False,background,background,False,False
MACROH2A2,hair follicle,variant,8,2,21.28,21.28,30.094464607299464,0.0,42.56,42.56,canis_lupus_familiaris,Canis lupus familiaris,42.56,human,Homo sapiens,0.0,False,False,False,background,background,False,False
H2AC16,spinal cord,clustered,4,3,26.268333333333334,36.315,22.9576056750989,0.0,42.49,42.49,human,Homo sapiens,42.49,canis_lupus_familiaris,Canis lupus familiaris,0.0,False,False,False,background,background,False,False
H2AC8,Brodmann (1909) area 10,clustered,6,2,21.205,21.205,29.988398590121477,0.0,42.41,42.41,pan_troglodytes,Pan troglodytes,42.41,human,Homo sapiens,0.0,False,False,False,background,background,False,False
H2AC15,saliva-secreting gland,clustered,5,3,14.115,0.0,24.447897148834702,0.0,42.345,42.345,human,Homo sapiens,42.345,bos_taurus,Bos taurus,0.0,False,False,False,background,background,False,False
H2AC11,retina,clustered,6,3,14.1,0.0,24.421916386721165,0.0,42.3,42.3,canis_lupus_familiaris,Canis lupus familiaris,42.3,bos_taurus,Bos taurus,0.0,False,False,False,background,background,False,False
H2AC14,cortex of kidney,clustered,7,4,25.2975,29.450000000000003,18.16982182081046,0.0,42.29,42.29,bos_taurus,Bos taurus,42.29,macaca_mulatta,Macaca mulatta,0.0,True,False,False,background,background,False,False
MACROH2A2,placenta,variant,8,3,70.735,74.975,21.402346249885777,47.53,89.7,42.17,canis_lupus_familiaris,Canis lupus familiaris,89.7,bos_taurus,Bos taurus,47.53,False,False,False,background,background,False,False
H2AC6,hypothalamus,clustered,7,3,58.67644444444445,48.12,22.96910921054463,42.88333333333333,85.02600000000001,42.14266666666668,human,Homo sapiens,85.02600000000001,bos_taurus,Bos taurus,42.88333333333333,False,False,False,background,background,False,False
H2AC25,brain,clustered,6,4,70.580625,71.68625,19.164703708358413,48.44,90.51,42.07000000000001,felis_catus,Felis catus,90.51,bos_taurus,Bos taurus,48.44,True,False,False,background,background,False,False
H2AC15,omental fat pad,clustered,5,2,20.984444444444446,20.984444444444446,29.676485932198084,0.0,41.96888888888889,41.96888888888889,human,Homo sapiens,41.96888888888889,bos_taurus,Bos taurus,0.0,False,False,False,background,background,False,False
H2AB3,skeletal muscle tissue,variant,5,3,13.975,0.0,24.20541003577506,0.0,41.925,41.925,human,Homo sapiens,41.925,canis_lupus_familiaris,Canis lupus familiaris,0.0,False,False,False,background,background,False,False
H2AJ,testis,variant,8,8,81.89915331196582,84.11480769230769,17.089019785486137,57.99,99.815,41.824999999999996,pan_troglodytes,Pan troglodytes,99.815,felis_catus,Felis catus,57.99,True,False,False,background,background,False,False
H2AC8,colon,clustered,6,4,58.617656249999996,63.7953125,19.628092142114138,32.6,74.28,41.68,pan_troglodytes,Pan troglodytes,74.28,bos_taurus,Bos taurus,32.6,True,False,False,background,background,False,False
H2AB3,heart left ventricle,variant,5,2,20.82,20.82,29.443926368607837,0.0,41.64,41.64,human,Homo sapiens,41.64,canis_lupus_familiaris,Canis lupus familiaris,0.0,False,False,False,background,background,False,False
H2AC8,temporal lobe,clustered,6,2,70.84100000000001,70.84100000000001,29.414227883798,50.042,91.64,41.598,pan_troglodytes,Pan troglodytes,91.64,human,Homo sapiens,50.042,False,False,False,background,background,False,False
H2AC14,tonsil,clustered,7,2,77.85249999999999,77.85249999999999,29.355538020959525,57.095,98.61,41.515,sus_scrofa,Sus scrofa,98.61,human,Homo sapiens,57.095,False,False,False,background,background,False,False
H2AC17,amygdala,clustered,6,2,20.73,20.73,29.31664714799426,0.0,41.46,41.46,human,Homo sapiens,41.46,sus_scrofa,Sus scrofa,0.0,False,False,False,background,background,False,False
H2AC11,mucosa of urinary bladder,clustered,6,2,20.72,20.72,29.302505012370528,0.0,41.44,41.44,canis_lupus_familiaris,Canis lupus familiaris,41.44,human,Homo sapiens,0.0,False,False,False,background,background,False,False
H2AC21,spermatocyte,clustered,6,2,20.7,20.7,29.274220741123067,0.0,41.4,41.4,macaca_mulatta,Macaca mulatta,41.4,bos_taurus,Bos taurus,0.0,False,False,False,background,background,False,False
H2AC12,right lobe of liver,clustered,6,2,20.68,20.68,29.245936469875605,0.0,41.36,41.36,human,Homo sapiens,41.36,sus_scrofa,Sus scrofa,0.0,False,False,False,background,background,False,False
H2AC20,gall bladder,clustered,5,2,20.67,20.67,29.231794334251877,0.0,41.34,41.34,human,Homo sapiens,41.34,bos_taurus,Bos taurus,0.0,False,False,False,background,background,False,False
H2AC14,stomach,clustered,7,3,64.72722222222222,61.16166666666667,20.869702676722902,45.87,87.15,41.28000000000001,sus_scrofa,Sus scrofa,87.15,canis_lupus_familiaris,Canis lupus familiaris,45.87,False,False,False,background,background,False,False
H2AC21,spleen,clustered,6,5,57.71331428571428,48.13,18.443851606031373,37.798,79.02,41.221999999999994,pan_troglodytes,Pan troglodytes,79.02,human,Homo sapiens,37.798,True,False,False,background,background,False,False
H2AC7,muscle tissue,clustered,5,3,24.42866666666667,32.09,21.64023163770049,0.0,41.196,41.196,bos_taurus,Bos taurus,41.196,human,Homo sapiens,0.0,False,False,False,background,background,False,False
H2AC21,longissimus thoracis muscle,clustered,6,2,58.660192307692306,58.660192307692306,29.126000281220502,38.065,79.25538461538461,41.190384615384616,sus_scrofa,Sus scrofa,79.25538461538461,bos_taurus,Bos taurus,38.065,False,False,False,background,background,False,False
H2AB3,ovary,variant,5,3,13.695555555555556,0.0,23.721398060104423,0.0,41.086666666666666,41.086666666666666,human,Homo sapiens,41.086666666666666,canis_lupus_familiaris,Canis lupus familiaris,0.0,False,False,False,background,background,False,False
H2AC21,prefrontal cortex,clustered,6,6,29.130972222222226,35.37625,15.016182127002066,0.0,40.99,40.99,sus_scrofa,Sus scrofa,40.99,bos_taurus,Bos taurus,0.0,True,False,False,background,background,False,False
H2AC15,endometrium,clustered,5,2,20.4675,20.4675,28.945416087871326,0.0,40.935,40.935,human,Homo sapiens,40.935,bos_taurus,Bos taurus,0.0,False,False,False,background,background,False,False
H2AC25,heart left ventricle,clustered,6,3,66.64785714285715,75.11,21.739255133870397,41.95,82.88357142857144,40.93357142857144,human,Homo sapiens,82.88357142857144,canis_lupus_familiaris,Canis lupus familiaris,41.95,False,False,False,background,background,False,False
H2AB3,brain,variant,5,4,18.685000000000002,16.98,21.754486893512336,0.0,40.78,40.78,mus_musculus,Mus musculus,40.78,canis_lupus_familiaris,Canis lupus familiaris,0.0,True,False,False,background,background,False,False
H2AC8,embryo,clustered,6,3,13.586666666666666,0.0,23.532796972169145,0.0,40.76,40.76,felis_catus,Felis catus,40.76,equus_caballus,Equus caballus,0.0,False,False,False,background,background,False,False
H2AC25,olfactory segment of nasal mucosa,clustered,6,2,62.147499999999994,62.147499999999994,28.768639392574688,41.805,82.49,40.684999999999995,human,Homo sapiens,82.49,bos_taurus,Bos taurus,41.805,False,False,False,background,background,False,False
H2AC25,duodenum,clustered,6,3,74.3525,75.71,20.370202962906376,53.337500000000006,94.01,40.6725,sus_scrofa,Sus scrofa,94.01,bos_taurus,Bos taurus,53.337500000000006,False,False,False,background,background,False,False
H2AC16,lymph node,clustered,4,2,20.32,20.32,28.73681958742129,0.0,40.64,40.64,human,Homo sapiens,40.64,canis_lupus_familiaris,Canis lupus familiaris,0.0,False,False,False,background,background,False,False
H2AC12,prefrontal cortex,clustered,6,6,19.544,18.577,21.43834042084415,0.0,40.6,40.6,canis_lupus_familiaris,Canis lupus familiaris,40.6,equus_caballus,Equus caballus,0.0,True,False,False,background,background,False,False
H2AC14,subcutaneous adipose tissue,clustered,7,3,47.74000000000001,48.7,20.297034266118786,26.98,67.54,40.56,sus_scrofa,Sus scrofa,67.54,human,Homo sapiens,26.98,False,False,False,background,background,False,False
H2AC25,pituitary gland,clustered,6,5,72.7076,73.68333333333334,16.490217535119285,55.22666666666667,95.65,40.42333333333334,sus_scrofa,Sus scrofa,95.65,bos_taurus,Bos taurus,55.22666666666667,True,False,False,background,background,False,False
H2AC15,zone of skin,clustered,5,4,27.15625,34.1025,18.429525846224767,0.0,40.42,40.42,canis_lupus_familiaris,Canis lupus familiaris,40.42,felis_catus,Felis catus,0.0,True,False,False,background,background,False,False
H2AC25,adult mammalian kidney,clustered,6,6,53.44044191919192,52.75208333333333,14.594516313474754,34.79666666666667,75.075,40.278333333333336,pan_troglodytes,Pan troglodytes,75.075,canis_lupus_familiaris,Canis lupus familiaris,34.79666666666667,True,False,False,background,background,False,False
H2AC17,ovary,clustered,6,3,51.339999999999996,58.95,21.189302594574567,27.396666666666665,67.67333333333333,40.27666666666667,sus_scrofa,Sus scrofa,67.67333333333333,human,Homo sapiens,27.396666666666665,False,False,False,background,background,False,False
H2AC11,amygdala,clustered,6,2,20.135,20.135,28.475190078382273,0.0,40.27,40.27,human,Homo sapiens,40.27,sus_scrofa,Sus scrofa,0.0,False,False,False,background,background,False,False
H2AB3,heart,variant,5,3,24.659999999999997,33.72,21.60508273531948,0.0,40.26,40.26,human,Homo sapiens,40.26,canis_lupus_familiaris,Canis lupus familiaris,0.0,False,False,False,background,background,False,False
H2AC12,hindlimb stylopod muscle,clustered,6,2,20.13,20.13,28.4681190105704,0.0,40.26,40.26,human,Homo sapiens,40.26,macaca_mulatta,Macaca mulatta,0.0,False,False,False,background,background,False,False
H2AC19,liver,clustered,4,4,70.62013111888112,71.72276223776224,20.64871573747942,49.41,89.625,40.215,pan_troglodytes,Pan troglodytes,89.625,equus_caballus,Equus caballus,49.41,True,False,False,background,background,False,False
H2AJ,pituitary gland,variant,8,5,86.09558974358974,92.69,16.737982786603308,56.72,96.84,40.120000000000005,canis_lupus_familiaris,Canis lupus familiaris,96.84,pan_troglodytes,Pan troglodytes,56.72,True,False,False,background,background,False,False
H2AC8,testis,clustered,6,6,54.803952991452995,61.12833333333333,16.853970576223247,30.85,70.935,40.085,pan_troglodytes,Pan troglodytes,70.935,felis_catus,Felis catus,30.85,True,False,False,background,background,False,False
H2AC13,esophagus,clustered,7,3,49.36833333333333,42.785,20.835229980332183,32.62,72.69999999999999,40.07999999999999,bos_taurus,Bos taurus,72.69999999999999,mus_musculus,Mus musculus,32.62,False,False,False,background,background,False,False
H2AB3,esophagus,variant,5,2,19.99,19.99,28.27012911183817,0.0,39.98,39.98,human,Homo sapiens,39.98,mus_musculus,Mus musculus,0.0,False,False,False,background,background,False,False
H2AC11,ovary,clustered,6,4,60.424833333333325,65.58166666666666,18.95346066612169,35.33,75.20599999999999,39.87599999999999,human,Homo sapiens,75.20599999999999,bos_taurus,Bos taurus,35.33,True,False,False,background,background,False,False
H2AB3,thyroid gland,variant,5,2,19.910454545454545,19.910454545454545,28.157634851194857,0.0,39.82090909090909,39.82090909090909,human,Homo sapiens,39.82090909090909,canis_lupus_familiaris,Canis lupus familiaris,0.0,False,False,False,background,background,False,False
H2AC15,jejunum,clustered,5,2,19.8975,19.8975,28.13931435731866,0.0,39.795,39.795,bos_taurus,Bos taurus,39.795,canis_lupus_familiaris,Canis lupus familiaris,0.0,False,False,False,background,background,False,False
H2AC8,olfactory segment of nasal mucosa,clustered,6,3,51.24666666666667,49.02,19.96335225690649,32.49,72.23,39.74,human,Homo sapiens,72.23,bos_taurus,Bos taurus,32.49,False,False,False,background,background,False,False
H2AB3,prefrontal cortex,variant,5,4,19.6625,19.465,22.706589902493064,0.0,39.72,39.72,human,Homo sapiens,39.72,canis_lupus_familiaris,Canis lupus familiaris,0.0,True,False,False,background,background,False,False
H2AC15,adipose tissue,clustered,5,4,27.78125,35.709999999999994,18.746411378803497,0.0,39.705,39.705,human,Homo sapiens,39.705,macaca_mulatta,Macaca mulatta,0.0,True,False,False,background,background,False,False
H2AC8,heart,clustered,6,4,54.34466666666667,57.772999999999996,17.55436687677583,31.070000000000004,70.76266666666668,39.69266666666667,human,Homo sapiens,70.76266666666668,bos_taurus,Bos taurus,31.070000000000004,True,False,False,background,background,False,False
H2AX,heart left ventricle,variant,8,4,74.45178921568626,72.80191176470588,17.60777016892005,56.26333333333333,95.94,39.67666666666667,mus_musculus,Mus musculus,95.94,canis_lupus_familiaris,Canis lupus familiaris,56.26333333333333,True,False,False,background,background,False,False
H2AC7,uterus,clustered,5,2,19.804999999999996,19.804999999999996,28.00849960279914,0.0,39.60999999999999,39.60999999999999,bos_taurus,Bos taurus,39.60999999999999,felis_catus,Felis catus,0.0,False,False,False,background,background,False,False
H2AB3,colon,variant,5,3,13.196666666666667,0.0,22.85729715721729,0.0,39.59,39.59,human,Homo sapiens,39.59,canis_lupus_familiaris,Canis lupus familiaris,0.0,False,False,False,background,background,False,False
H2AC12,spinal cord,clustered,6,2,19.747500000000002,19.747500000000002,27.927182322962697,0.0,39.495000000000005,39.495000000000005,equus_caballus,Equus caballus,39.495000000000005,canis_lupus_familiaris,Canis lupus familiaris,0.0,False,False,False,background,background,False,False
H2AC13,Ammon's horn,clustered,7,3,47.02555555555555,36.06666666666667,21.907486374736358,32.76,72.25,39.49,bos_taurus,Bos taurus,72.25,human,Homo sapiens,32.76,False,False,False,background,background,False,False
H2AC8,occipital lobe,clustered,6,2,19.73,19.73,27.902433585621164,0.0,39.46,39.46,bos_taurus,Bos taurus,39.46,human,Homo sapiens,0.0,False,False,False,background,background,False,False
H2AC11,temporal lobe,clustered,6,2,61.64,61.64,27.888291449997432,41.92,81.36,39.44,canis_lupus_familiaris,Canis lupus familiaris,81.36,human,Homo sapiens,41.92,False,False,False,background,background,False,False
H2AC17,Ammon's horn,clustered,6,2,19.71,19.71,27.874149314373703,0.0,39.42,39.42,human,Homo sapiens,39.42,sus_scrofa,Sus scrofa,0.0,False,False,False,background,background,False,False
H2AC6,frontal cortex,clustered,7,5,68.65517333333334,71.0,16.603545961136,51.97,91.37,39.400000000000006,macaca_mulatta,Macaca mulatta,91.37,canis_lupus_familiaris,Canis lupus familiaris,51.97,True,False,False,background,background,False,False
H2AC19,kidney,clustered,4,2,70.5575,70.5575,27.729192424230465,50.95,90.165,39.215,human,Homo sapiens,90.165,bos_taurus,Bos taurus,50.95,False,False,False,background,background,False,False
H2AC14,right lobe of liver,clustered,7,2,60.765,60.765,27.718585822512672,41.165,80.36500000000001,39.20000000000001,sus_scrofa,Sus scrofa,80.36500000000001,human,Homo sapiens,41.165,False,False,False,background,background,False,False
H2AB3,intestine,variant,5,2,19.56,19.56,27.662017280017736,0.0,39.12,39.12,human,Homo sapiens,39.12,mus_musculus,Mus musculus,0.0,False,False,False,background,background,False,False
H2AB3,adipose tissue,variant,5,2,19.5525,19.5525,27.65141067829994,0.0,39.105,39.105,human,Homo sapiens,39.105,canis_lupus_familiaris,Canis lupus familiaris,0.0,False,False,False,background,background,False,False
H2AC16,adrenal gland,clustered,4,2,19.535,19.535,27.62666194095841,0.0,39.07,39.07,human,Homo sapiens,39.07,canis_lupus_familiaris,Canis lupus familiaris,0.0,False,False,False,background,background,False,False
H2AB3,small intestine,variant,5,2,19.5225,19.5225,27.60898427142875,0.0,39.045,39.045,human,Homo sapiens,39.045,canis_lupus_familiaris,Canis lupus familiaris,0.0,False,False,False,background,background,False,False
H2AB3,muscle tissue,variant,5,3,22.873333333333335,29.6,20.36114273152009,0.0,39.02,39.02,human,Homo sapiens,39.02,mus_musculus,Mus musculus,0.0,False,False,False,background,background,False,False
H2AC17,saliva-secreting gland,clustered,6,2,19.48,19.48,27.548880195027895,0.0,38.96,38.96,human,Homo sapiens,38.96,canis_lupus_familiaris,Canis lupus familiaris,0.0,False,False,False,background,background,False,False
H2AC7,prefrontal cortex,clustered,5,5,7.772,0.0,17.378720321128366,0.0,38.86,38.86,human,Homo sapiens,38.86,bos_taurus,Bos taurus,0.0,True,False,False,background,background,False,False
H2AB3,adrenal gland,variant,5,3,12.926666666666668,0.0,22.389643439173685,0.0,38.78,38.78,human,Homo sapiens,38.78,canis_lupus_familiaris,Canis lupus familiaris,0.0,False,False,False,background,background,False,False
H2AC17,hypothalamus,clustered,6,3,25.7075,38.3425,22.264422713153827,0.0,38.78,38.78,canis_lupus_familiaris,Canis lupus familiaris,38.78,sus_scrofa,Sus scrofa,0.0,False,False,False,background,background,False,False
H2AC21,heart left ventricle,clustered,6,2,51.0875,51.0875,27.41806544050838,31.7,70.475,38.77499999999999,sus_scrofa,Sus scrofa,70.475,human,Homo sapiens,31.7,False,False,False,background,background,False,False
H2AC7,myometrium,clustered,5,2,19.35625,19.35625,27.37387126668422,0.0,38.7125,38.7125,human,Homo sapiens,38.7125,bos_taurus,Bos taurus,0.0,False,False,False,background,background,False,False
H2AC14,thyroid gland,clustered,7,3,12.89,0.0,22.32613490956283,0.0,38.67,38.67,canis_lupus_familiaris,Canis lupus familiaris,38.67,bos_taurus,Bos taurus,0.0,False,False,False,background,background,False,False
H2AC6,triceps brachii,clustered,7,3,71.085,83.91,22.230874364270967,45.415,83.93,38.51500000000001,bos_taurus,Bos taurus,83.93,equus_caballus,Equus caballus,45.415,False,False,False,background,background,False,False
H2AX,heart right ventricle,variant,8,3,66.94666666666667,74.98,20.440382416513966,43.71,82.15,38.440000000000005,human,Homo sapiens,82.15,canis_lupus_familiaris,Canis lupus familiaris,43.71,False,False,False,background,background,False,False
H2AC6,blood,clustered,7,4,81.27814102564102,83.4075,18.204708816193744,59.95166666666666,98.34589743589744,38.39423076923078,human,Homo sapiens,98.34589743589744,equus_caballus,Equus caballus,59.95166666666666,True,False,False,background,background,False,False
H2AB3,cerebellar cortex,variant,5,2,19.19,19.19,27.138758261939696,0.0,38.38,38.38,human,Homo sapiens,38.38,mus_musculus,Mus musculus,0.0,False,False,False,background,background,False,False
H2AC11,saliva-secreting gland,clustered,6,3,12.763333333333334,0.0,22.10674180727077,0.0,38.29,38.29,canis_lupus_familiaris,Canis lupus familiaris,38.29,bos_taurus,Bos taurus,0.0,False,False,False,background,background,False,False
H2AC21,kidney,clustered,6,4,57.651250000000005,50.7975,17.517887227535937,45.37,83.64,38.27,human,Homo sapiens,83.64,bos_taurus,Bos taurus,45.37,True,False,False,background,background,False,False
H2AC14,muscle tissue,clustered,7,3,25.28333333333333,37.61,21.898274665674766,0.0,38.24,38.24,bos_taurus,Bos taurus,38.24,sus_scrofa,Sus scrofa,0.0,False,False,False,background,background,False,False
H2AC19,gluteus medius,clustered,4,2,63.959166666666675,63.959166666666675,26.963160077945037,44.89333333333334,83.025,38.13166666666667,bos_taurus,Bos taurus,83.025,equus_caballus,Equus caballus,44.89333333333334,False,False,False,background,background,False,False
H2AC21,heart,clustered,6,5,53.3366,52.98,15.676957128218472,31.45,69.464,38.013999999999996,sus_scrofa,Sus scrofa,69.464,bos_taurus,Bos taurus,31.45,True,False,False,background,background,False,False
H2AX,hypothalamus,variant,8,4,71.11836111111111,71.16805555555555,17.69947792012696,52.07,90.06733333333334,37.99733333333334,human,Homo sapiens,90.06733333333334,canis_lupus_familiaris,Canis lupus familiaris,52.07,True,False,False,background,background,False,False
H2AC17,duodenum,clustered,6,2,69.98,69.98,26.742778464475226,51.07,88.89,37.82,sus_scrofa,Sus scrofa,88.89,human,Homo sapiens,51.07,False,False,False,background,background,False,False
H2AC1,cerebellum,clustered,7,6,6.296666666666667,0.0,15.423620413724747,0.0,37.78,37.78,mus_musculus,Mus musculus,37.78,bos_taurus,Bos taurus,0.0,True,False,False,background,background,False,False
H2AC12,superior frontal gyrus,clustered,6,2,18.805,18.805,26.594286040426052,0.0,37.61,37.61,human,Homo sapiens,37.61,macaca_mulatta,Macaca mulatta,0.0,False,False,False,background,background,False,False
H2AC1,primary visual cortex,clustered,7,4,9.37375,0.0,18.7475,0.0,37.495,37.495,mus_musculus,Mus musculus,37.495,human,Homo sapiens,0.0,True,False,False,background,background,False,False
H2AJ,temporal lobe,variant,8,3,79.04722222222222,81.02166666666666,18.807889917482722,59.33,96.79,37.46000000000001,canis_lupus_familiaris,Canis lupus familiaris,96.79,pan_troglodytes,Pan troglodytes,59.33,False,False,False,background,background,False,False
H2AC7,Ammon's horn,clustered,5,2,18.723,18.723,26.478320528311457,0.0,37.446,37.446,human,Homo sapiens,37.446,bos_taurus,Bos taurus,0.0,False,False,False,background,background,False,False
MACROH2A2,kidney,variant,8,5,65.923,64.16,13.562886676515435,50.04,87.33,37.29,human,Homo sapiens,87.33,bos_taurus,Bos taurus,50.04,True,False,False,background,background,False,False
H2AC16,hypothalamus,clustered,4,2,18.6425,18.6425,26.364476336540424,0.0,37.285,37.285,human,Homo sapiens,37.285,canis_lupus_familiaris,Canis lupus familiaris,0.0,False,False,False,background,background,False,False
H2AC13,cortical plate,clustered,7,2,18.51,18.51,26.177093039525992,0.0,37.02,37.02,mus_musculus,Mus musculus,37.02,human,Homo sapiens,0.0,False,False,False,background,background,False,False
H2AC11,triceps brachii,clustered,6,3,12.335,0.0,21.3648467113621,0.0,37.005,37.005,equus_caballus,Equus caballus,37.005,bos_taurus,Bos taurus,0.0,False,False,False,background,background,False,False
H2AC6,saliva-secreting gland,clustered,7,3,70.794,78.862,19.7567676506052,48.28,85.24000000000001,36.96000000000001,bos_taurus,Bos taurus,85.24000000000001,canis_lupus_familiaris,Canis lupus familiaris,48.28,False,False,False,background,background,False,False
H2AC7,hypothalamus,clustered,5,3,12.306666666666667,0.0,21.315771938480985,0.0,36.92,36.92,human,Homo sapiens,36.92,bos_taurus,Bos taurus,0.0,False,False,False,background,background,False,False
H2AC19,cerebellum,clustered,4,4,71.67854166666667,74.20125,15.4270287755056,50.715,87.59666666666668,36.881666666666675,human,Homo sapiens,87.59666666666668,bos_taurus,Bos taurus,50.715,True,False,False,background,background,False,False
H2AC6,colon,clustered,7,5,80.24366666666667,85.2,14.630158083751379,59.51,96.37,36.86000000000001,pan_troglodytes,Pan troglodytes,96.37,bos_taurus,Bos taurus,59.51,True,False,False,background,background,False,False
H2AB3,pituitary gland,variant,5,2,18.429,18.429,26.062541740973767,0.0,36.858,36.858,human,Homo sapiens,36.858,canis_lupus_familiaris,Canis lupus familiaris,0.0,False,False,False,background,background,False,False
H2AC25,ileum,clustered,6,2,79.59649999999999,79.59649999999999,25.96283968482647,61.238,97.955,36.717,sus_scrofa,Sus scrofa,97.955,bos_taurus,Bos taurus,61.238,False,False,False,background,background,False,False
H2AB3,stomach,variant,5,3,12.23809523809524,0.0,21.197002740247694,0.0,36.71428571428572,36.71428571428572,human,Homo sapiens,36.71428571428572,canis_lupus_familiaris,Canis lupus familiaris,0.0,False,False,False,background,background,False,False
H2AC21,hypothalamus,clustered,6,3,24.07722222222222,35.535,20.859574296107166,0.0,36.696666666666665,36.696666666666665,human,Homo sapiens,36.696666666666665,bos_taurus,Bos taurus,0.0,False,False,False,background,background,False,False
H2AC21,adult mammalian kidney,clustered,6,6,56.122833333333325,55.81099999999999,14.05571556935707,37.71,74.35,36.63999999999999,pan_troglodytes,Pan troglodytes,74.35,equus_caballus,Equus caballus,37.71,True,False,False,background,background,False,False
MACROH2A2,muscle tissue,variant,8,4,59.067,55.072,15.894638467105814,44.774,81.35,36.57599999999999,human,Homo sapiens,81.35,equus_caballus,Equus caballus,44.774,True,False,False,background,background,False,False
H2AC15,olfactory segment of nasal mucosa,clustered,5,3,23.386666666666667,33.65,20.303867447689203,0.0,36.51,36.51,human,Homo sapiens,36.51,bos_taurus,Bos taurus,0.0,False,False,False,background,background,False,False
MACROH2A2,right lobe of liver,variant,8,2,62.93055555555556,62.93055555555556,25.78189891626284,44.7,81.16111111111111,36.46111111111111,human,Homo sapiens,81.16111111111111,sus_scrofa,Sus scrofa,44.7,False,False,False,background,background,False,False
H2AC12,dorsolateral prefrontal cortex,clustered,6,2,18.155,18.155,25.675047224883542,0.0,36.31,36.31,human,Homo sapiens,36.31,macaca_mulatta,Macaca mulatta,0.0,False,False,False,background,background,False,False
H2AC25,frontal cortex,clustered,6,5,66.70255238095237,67.21142857142857,15.770256070891708,46.53666666666666,82.81800000000001,36.28133333333335,human,Homo sapiens,82.81800000000001,bos_taurus,Bos taurus,46.53666666666666,True,False,False,background,background,False,False
H2AC6,oviduct epithelium,clustered,7,3,84.02666666666666,90.86,19.052373430450423,62.5,98.72,36.22,equus_caballus,Equus caballus,98.72,bos_taurus,Bos taurus,62.5,False,False,False,background,background,False,False
H2AC17,dorsolateral prefrontal cortex,clustered,6,2,18.10875,18.10875,25.609639847623786,0.0,36.2175,36.2175,human,Homo sapiens,36.2175,macaca_mulatta,Macaca mulatta,0.0,False,False,False,background,background,False,False
H2AC17,pancreas,clustered,6,2,47.74166666666667,47.74166666666667,25.599622501556976,29.64,65.84333333333333,36.20333333333333,canis_lupus_familiaris,Canis lupus familiaris,65.84333333333333,human,Homo sapiens,29.64,False,False,False,background,background,False,False
H2AB3,kidney,variant,5,3,12.056666666666667,0.0,20.882759236588765,0.0,36.17,36.17,human,Homo sapiens,36.17,canis_lupus_familiaris,Canis lupus familiaris,0.0,False,False,False,background,background,False,False
H2AB3,frontal cortex,variant,5,3,12.050000000000002,0.0,20.871212231204975,0.0,36.150000000000006,36.150000000000006,human,Homo sapiens,36.150000000000006,canis_lupus_familiaris,Canis lupus familiaris,0.0,False,False,False,background,background,False,False
H2AC7,smooth muscle tissue,clustered,5,2,18.04,18.04,25.512412665210636,0.0,36.08,36.08,canis_lupus_familiaris,Canis lupus familiaris,36.08,human,Homo sapiens,0.0,False,False,False,background,background,False,False
MACROH2A2,smooth muscle tissue,variant,8,2,68.435,68.435,25.46291519052757,50.43,86.44,36.01,human,Homo sapiens,86.44,canis_lupus_familiaris,Canis lupus familiaris,50.43,False,False,False,background,background,False,False
H2AC19,heart,clustered,4,3,71.01683333333334,77.97999999999999,18.94794593309083,49.5725,85.498,35.92550000000001,human,Homo sapiens,85.498,bos_taurus,Bos taurus,49.5725,False,False,False,background,background,False,False
H2AJ,spermatocyte,variant,8,2,76.6,76.6,25.38513344459706,58.65,94.55,35.9,macaca_mulatta,Macaca mulatta,94.55,bos_taurus,Bos taurus,58.65,False,False,False,background,background,False,False
H2AC6,midbrain,clustered,7,2,64.881,64.881,25.34412125128823,46.96,82.80199999999999,35.84199999999999,human,Homo sapiens,82.80199999999999,bos_taurus,Bos taurus,46.96,False,False,False,background,background,False,False
H2AC7,occipital lobe,clustered,5,2,17.78,17.78,25.14471713899363,0.0,35.56,35.56,canis_lupus_familiaris,Canis lupus familiaris,35.56,bos_taurus,Bos taurus,0.0,False,False,False,background,background,False,False
H2AC14,prefrontal cortex,clustered,7,7,13.548214285714286,0.0,17.10841999780893,0.0,35.4525,35.4525,macaca_mulatta,Macaca mulatta,35.4525,bos_taurus,Bos taurus,0.0,True,False,False,background,background,False,False
H2AC6,Ammon's horn,clustered,7,3,72.41208333333334,83.75625000000001,20.173794586562877,49.12,84.36,35.24,macaca_mulatta,Macaca mulatta,84.36,bos_taurus,Bos taurus,49.12,False,False,False,background,background,False,False
H2AB3,zone of skin,variant,5,5,7.024000000000001,0.0,15.706141473958525,0.0,35.120000000000005,35.120000000000005,human,Homo sapiens,35.120000000000005,canis_lupus_familiaris,Canis lupus familiaris,0.0,True,False,False,background,background,False,False
MACROH2A2,temporal lobe,variant,8,3,65.98055555555555,69.94,17.735470135463725,46.6,81.40166666666666,34.801666666666655,human,Homo sapiens,81.40166666666666,pan_troglodytes,Pan troglodytes,46.6,False,False,False,background,background,False,False
H2AB3,saliva-secreting gland,variant,5,2,17.37,17.37,24.56488957842066,0.0,34.74,34.74,human,Homo sapiens,34.74,canis_lupus_familiaris,Canis lupus familiaris,0.0,False,False,False,background,background,False,False
H2AC14,uterine cervix,clustered,7,2,17.335,17.335,24.515392103737604,0.0,34.67,34.67,human,Homo sapiens,34.67,bos_taurus,Bos taurus,0.0,False,False,False,background,background,False,False
H2AC16,skeletal muscle tissue,clustered,4,3,11.543333333333335,0.0,19.99363982203674,0.0,34.63,34.63,canis_lupus_familiaris,Canis lupus familiaris,34.63,human,Homo sapiens,0.0,False,False,False,background,background,False,False
H2AC19,hypothalamus,clustered,4,2,68.46395833333332,68.46395833333332,24.46206446732313,51.16666666666666,85.76125,34.59458333333335,human,Homo sapiens,85.76125,bos_taurus,Bos taurus,51.16666666666666,False,False,False,background,background,False,False
H2AC21,esophagus,clustered,6,2,17.29,17.29,24.451752493430813,0.0,34.58,34.58,human,Homo sapiens,34.58,bos_taurus,Bos taurus,0.0,False,False,False,background,background,False,False
H2AC17,tonsil,clustered,6,2,78.94,78.94,24.39518395093589,61.69,96.19,34.5,sus_scrofa,Sus scrofa,96.19,human,Homo sapiens,61.69,False,False,False,background,background,False,False
H2AC13,olfactory bulb,clustered,7,2,17.11,17.11,24.197194052203656,0.0,34.22,34.22,mus_musculus,Mus musculus,34.22,canis_lupus_familiaris,Canis lupus familiaris,0.0,False,False,False,background,background,False,False
H2AC8,spleen,clustered,6,5,56.317499999999995,48.935,16.236590813652967,42.005,76.18,34.175000000000004,pan_troglodytes,Pan troglodytes,76.18,bos_taurus,Bos taurus,42.005,True,False,False,background,background,False,False
H2AC25,caecum,clustered,6,2,73.66333333333334,73.66333333333334,24.164195735748272,56.57666666666668,90.75,34.17333333333332,sus_scrofa,Sus scrofa,90.75,bos_taurus,Bos taurus,56.57666666666668,False,False,False,background,background,False,False
H2AC6,leukocyte,clustered,7,3,79.07303030303031,75.86909090909091,17.308845880936936,63.59,97.76,34.17,human,Homo sapiens,97.76,equus_caballus,Equus caballus,63.59,False,False,False,background,background,False,False
H2AC13,zone of skin,clustered,7,6,39.80027777777777,40.7675,11.283506567683776,23.56,57.66666666666666,34.106666666666655,bos_taurus,Bos taurus,57.66666666666666,mus_musculus,Mus musculus,23.56,True,False,False,background,background,False,False
H2AC25,pons,clustered,6,2,72.3125,72.3125,24.108805704555337,55.265,89.36,34.095,sus_scrofa,Sus scrofa,89.36,bos_taurus,Bos taurus,55.265,False,False,False,background,background,False,False
H2AC14,esophagus,clustered,7,2,17.0425,17.0425,24.101734636743473,0.0,34.085,34.085,human,Homo sapiens,34.085,bos_taurus,Bos taurus,0.0,False,False,False,background,background,False,False
H2AC21,skeletal muscle tissue,clustered,6,5,55.102666666666664,47.91,14.521045722980457,43.16333333333333,77.23,34.06666666666668,sus_scrofa,Sus scrofa,77.23,bos_taurus,Bos taurus,43.16333333333333,True,False,False,background,background,False,False
H2AC16,prefrontal cortex,clustered,4,4,16.387500000000003,15.755,18.950822981249832,0.0,34.04,34.04,human,Homo sapiens,34.04,canis_lupus_familiaris,Canis lupus familiaris,0.0,True,False,False,background,background,False,False
H2AC13,superior frontal gyrus,clustered,7,3,11.343333333333334,0.0,19.647229660522964,0.0,34.03,34.03,macaca_mulatta,Macaca mulatta,34.03,human,Homo sapiens,0.0,False,False,False,background,background,False,False
H2AB3,cerebral cortex,variant,5,3,11.326666666666666,0.0,19.61836214706348,0.0,33.98,33.98,human,Homo sapiens,33.98,canis_lupus_familiaris,Canis lupus familiaris,0.0,False,False,False,background,background,False,False
H2AC14,urinary bladder,clustered,7,3,11.321666666666667,0.0,19.609701893025644,0.0,33.965,33.965,human,Homo sapiens,33.965,bos_taurus,Bos taurus,0.0,False,False,False,background,background,False,False
H2AC13,smooth muscle tissue,clustered,7,2,16.975,16.975,24.00627522128329,0.0,33.95,33.95,human,Homo sapiens,33.95,canis_lupus_familiaris,Canis lupus familiaris,0.0,False,False,False,background,background,False,False
H2AC16,zone of skin,clustered,4,3,20.783333333333335,28.43,18.20701055454556,0.0,33.92,33.92,equus_caballus,Equus caballus,33.92,canis_lupus_familiaris,Canis lupus familiaris,0.0,False,False,False,background,background,False,False
H2AC14,caecum,clustered,7,2,80.06333333333333,80.06333333333333,23.909637294521126,63.156666666666666,96.97,33.81333333333333,sus_scrofa,Sus scrofa,96.97,bos_taurus,Bos taurus,63.156666666666666,False,False,False,background,background,False,False
H2AC16,small intestine,clustered,4,2,16.905,16.905,23.907280271917173,0.0,33.81,33.81,human,Homo sapiens,33.81,canis_lupus_familiaris,Canis lupus familiaris,0.0,False,False,False,background,background,False,False
H2AC6,heart,clustered,7,5,76.69033333333334,85.49266666666668,14.793402354503248,56.24,89.97200000000001,33.732000000000006,pan_troglodytes,Pan troglodytes,89.97200000000001,canis_lupus_familiaris,Canis lupus familiaris,56.24,True,False,False,background,background,False,False
H2AC17,bone marrow,clustered,6,3,71.47666666666667,69.33,16.942306021711843,55.71,89.39,33.68,equus_caballus,Equus caballus,89.39,canis_lupus_familiaris,Canis lupus familiaris,55.71,False,False,False,background,background,False,False
MACROH2A2,adult mammalian kidney,variant,8,8,62.4553125,56.85166666666667,12.678585995478441,49.72,83.38416666666667,33.664166666666674,human,Homo sapiens,83.38416666666667,bos_taurus,Bos taurus,49.72,True,False,False,background,background,False,False
H2AC6,lung,clustered,7,5,78.89768045112781,85.08947368421053,15.285817348278055,62.5025,95.96,33.457499999999996,pan_troglodytes,Pan troglodytes,95.96,canis_lupus_familiaris,Canis lupus familiaris,62.5025,True,False,False,background,background,False,False
H2AC21,tonsil,clustered,6,2,81.47999999999999,81.47999999999999,23.631508627254423,64.77,98.19,33.42,sus_scrofa,Sus scrofa,98.19,human,Homo sapiens,64.77,False,False,False,background,background,False,False
H2AC16,testis,clustered,4,4,15.34375,14.0,17.852805276762528,0.0,33.375,33.375,equus_caballus,Equus caballus,33.375,canis_lupus_familiaris,Canis lupus familiaris,0.0,True,False,False,background,background,False,False
H2AC17,leukocyte,clustered,6,2,16.64,16.64,23.532513677888304,0.0,33.28,33.28,equus_caballus,Equus caballus,33.28,human,Homo sapiens,0.0,False,False,False,background,background,False,False
H2AB3,pancreas,variant,5,3,11.08,0.0,19.191122947863164,0.0,33.24,33.24,human,Homo sapiens,33.24,canis_lupus_familiaris,Canis lupus familiaris,0.0,False,False,False,background,background,False,False
H2AX,metanephros cortex,variant,8,3,65.64166666666667,65.185,16.594713264571144,49.28,82.46000000000001,33.18000000000001,human,Homo sapiens,82.46000000000001,canis_lupus_familiaris,Canis lupus familiaris,49.28,False,False,False,background,background,False,False
H2AC13,leukocyte,clustered,7,3,56.6439393939394,64.24181818181819,17.805416214075816,36.3,69.39,33.09,human,Homo sapiens,69.39,equus_caballus,Equus caballus,36.3,False,False,False,background,background,False,False
H2AC6,mammary gland,clustered,7,3,68.01166666666666,70.365,16.6452405609932,50.315,83.35499999999999,33.03999999999999,human,Homo sapiens,83.35499999999999,canis_lupus_familiaris,Canis lupus familiaris,50.315,False,False,False,background,background,False,False
H2AC7,frontal cortex,clustered,5,3,20.869444444444444,29.57333333333333,18.156157842247143,0.0,33.035,33.035,bos_taurus,Bos taurus,33.035,canis_lupus_familiaris,Canis lupus familiaris,0.0,False,False,False,background,background,False,False
H2AB3,hypothalamus,variant,5,3,11.005,0.0,19.061219137295495,0.0,33.015,33.015,human,Homo sapiens,33.015,canis_lupus_familiaris,Canis lupus familiaris,0.0,False,False,False,background,background,False,False
H2AJ,brain,variant,8,5,77.8839,81.9045,12.481575914122386,57.61,90.61,33.0,bos_taurus,Bos taurus,90.61,felis_catus,Felis catus,57.61,True,False,False,background,background,False,False
H2AX,epididymis,variant,8,2,78.025,78.025,23.228457761978092,61.6,94.45,32.85,mus_musculus,Mus musculus,94.45,sus_scrofa,Sus scrofa,61.6,False,False,False,background,background,False,False
H2AX,head,variant,8,2,81.19333333333333,81.19333333333333,23.17424624208712,64.80666666666667,97.58,32.773333333333326,mus_musculus,Mus musculus,97.58,canis_lupus_familiaris,Canis lupus familiaris,64.80666666666667,False,False,False,background,background,False,False
H2AC25,occipital cortex,clustered,6,2,60.800000000000004,60.800000000000004,23.1648181516713,44.42,77.18,32.760000000000005,sus_scrofa,Sus scrofa,77.18,canis_lupus_familiaris,Canis lupus familiaris,44.42,False,False,False,background,background,False,False
H2AC6,ovary,clustered,7,3,84.00166666666667,86.89,16.52293582670263,66.225,98.89,32.665000000000006,canis_lupus_familiaris,Canis lupus familiaris,98.89,bos_taurus,Bos taurus,66.225,False,False,False,background,background,False,False
H2AC25,thymus,clustered,6,3,80.8,86.74,17.07340329284118,61.55,94.11,32.56,pan_troglodytes,Pan troglodytes,94.11,bos_taurus,Bos taurus,61.55,False,False,False,background,background,False,False
H2AC13,primary visual cortex,clustered,7,3,10.803333333333333,0.0,18.711922224435767,0.0,32.41,32.41,mus_musculus,Mus musculus,32.41,human,Homo sapiens,0.0,False,False,False,background,background,False,False
H2AC16,saliva-secreting gland,clustered,4,2,16.192500000000003,16.192500000000003,22.899653108726344,0.0,32.385000000000005,32.385000000000005,human,Homo sapiens,32.385000000000005,canis_lupus_familiaris,Canis lupus familiaris,0.0,False,False,False,background,background,False,False
H2AC20,uterus,clustered,5,2,16.165,16.165,22.86076223576108,0.0,32.33,32.33,felis_catus,Felis catus,32.33,bos_taurus,Bos taurus,0.0,False,False,False,background,background,False,False
H2AC16,brain,clustered,4,3,16.109166666666667,16.02,16.153934569736666,0.0,32.307500000000005,32.307500000000005,human,Homo sapiens,32.307500000000005,macaca_mulatta,Macaca mulatta,0.0,False,False,False,background,background,False,False
H2AC16,temporal lobe,clustered,4,2,16.15,16.15,22.839549032325483,0.0,32.3,32.3,canis_lupus_familiaris,Canis lupus familiaris,32.3,human,Homo sapiens,0.0,False,False,False,background,background,False,False
MACROH2A2,pituitary gland,variant,8,5,72.63548717948717,77.555,12.878981693284222,54.01,86.28076923076924,32.27076923076924,human,Homo sapiens,86.28076923076924,pan_troglodytes,Pan troglodytes,54.01,True,False,False,background,background,False,False
H2AC16,ovary,clustered,4,2,16.135,16.135,22.81833582888989,0.0,32.27,32.27,canis_lupus_familiaris,Canis lupus familiaris,32.27,human,Homo sapiens,0.0,False,False,False,background,background,False,False
H2AZ1,brainstem,variant,8,2,78.62833333333334,78.62833333333334,22.794765602850347,62.51,94.74666666666668,32.236666666666686,sus_scrofa,Sus scrofa,94.74666666666668,equus_caballus,Equus caballus,62.51,False,False,False,background,background,False,False
H2AC13,epithelium of bronchus,clustered,7,2,16.1,16.1,22.76883835420683,0.0,32.2,32.2,equus_caballus,Equus caballus,32.2,human,Homo sapiens,0.0,False,False,False,background,background,False,False
H2AC8,lung,clustered,6,4,54.87403571428571,57.106071428571425,15.969791017667047,36.564,68.72,32.156,pan_troglodytes,Pan troglodytes,68.72,bos_taurus,Bos taurus,36.564,True,False,False,background,background,False,False
H2AC15,metanephros cortex,clustered,5,3,10.703333333333333,0.0,18.538717143678884,0.0,32.11,32.11,human,Homo sapiens,32.11,bos_taurus,Bos taurus,0.0,False,False,False,background,background,False,False
H2AX,pituitary gland,variant,8,5,69.60907459207459,69.75666666666667,13.828212819560765,54.985,87.08461538461538,32.099615384615376,human,Homo sapiens,87.08461538461538,sus_scrofa,Sus scrofa,54.985,True,False,False,background,background,False,False
MACROH2A2,tongue,variant,8,3,64.9211111111111,56.04333333333333,17.7874338706769,53.32,85.4,32.080000000000005,human,Homo sapiens,85.4,canis_lupus_familiaris,Canis lupus familiaris,53.32,False,False,False,background,background,False,False
H2AB3,lung,variant,5,3,10.66,0.0,18.463661608684234,0.0,31.98,31.98,human,Homo sapiens,31.98,canis_lupus_familiaris,Canis lupus familiaris,0.0,False,False,False,background,background,False,False
H2AC12,gall bladder,clustered,6,2,50.9275,50.9275,22.595597192816125,34.95,66.905,31.955,bos_taurus,Bos taurus,66.905,human,Homo sapiens,34.95,False,False,False,background,background,False,False
H2AC6,cerebral cortex,clustered,7,5,66.9072,74.09,14.69418223992067,47.475,79.31,31.835,pan_troglodytes,Pan troglodytes,79.31,canis_lupus_familiaris,Canis lupus familiaris,47.475,True,False,False,background,background,False,False
H2AC15,brain,clustered,5,4,45.0105,44.596000000000004,13.116556496784257,29.51,61.34,31.830000000000002,felis_catus,Felis catus,61.34,canis_lupus_familiaris,Canis lupus familiaris,29.51,True,False,False,background,background,False,False
H2AC19,subcutaneous adipose tissue,clustered,4,2,66.739,66.739,22.5015519909183,50.828,82.64999999999999,31.82199999999999,human,Homo sapiens,82.64999999999999,bos_taurus,Bos taurus,50.828,False,False,False,background,background,False,False
H2AC14,omental fat pad,clustered,7,2,15.8925,15.8925,22.475389040014413,0.0,31.785,31.785,human,Homo sapiens,31.785,bos_taurus,Bos taurus,0.0,False,False,False,background,background,False,False
H2AC21,liver,clustered,6,6,52.03606944444444,45.59425,13.456251965001316,40.54625,72.27166666666666,31.72541666666666,macaca_mulatta,Macaca mulatta,72.27166666666666,bos_taurus,Bos taurus,40.54625,True,False,False,background,background,False,False
H2AC12,prostate gland,clustered,6,2,15.825,15.825,22.379929624554226,0.0,31.65,31.65,human,Homo sapiens,31.65,bos_taurus,Bos taurus,0.0,False,False,False,background,background,False,False
H2AC12,temporal lobe,clustered,6,2,44.64,44.64,22.302147878623703,28.87,60.41,31.539999999999996,human,Homo sapiens,60.41,canis_lupus_familiaris,Canis lupus familiaris,28.87,False,False,False,background,background,False,False
H2AC1,pancreas,clustered,7,3,10.491666666666667,0.0,18.17209972274347,0.0,31.475,31.475,human,Homo sapiens,31.475,canis_lupus_familiaris,Canis lupus familiaris,0.0,False,False,False,background,background,False,False
H2AC8,blood,clustered,6,3,57.64771505376344,51.0775,16.716032455883898,45.215,76.65064516129033,31.435645161290324,human,Homo sapiens,76.65064516129033,equus_caballus,Equus caballus,45.215,False,False,False,background,background,False,False
H2AC6,myometrium,clustered,7,2,63.727500000000006,63.727500000000006,22.164262056292333,48.055,79.4,31.345000000000006,human,Homo sapiens,79.4,bos_taurus,Bos taurus,48.055,False,False,False,background,background,False,False
H2AC12,esophagus,clustered,6,2,52.5325,52.5325,22.121835649421136,36.89,68.175,31.284999999999997,bos_taurus,Bos taurus,68.175,human,Homo sapiens,36.89,False,False,False,background,background,False,False
H2AC11,leukocyte,clustered,6,3,57.00666666666667,50.13,16.730798944860144,44.81,76.08,31.269999999999996,human,Homo sapiens,76.08,bos_taurus,Bos taurus,44.81,False,False,False,background,background,False,False
H2AC13,monocyte,clustered,7,2,63.480000000000004,63.480000000000004,22.06173157302028,47.88,79.08,31.199999999999996,human,Homo sapiens,79.08,bos_taurus,Bos taurus,47.88,False,False,False,background,background,False,False
MACROH2A2,urinary bladder,variant,8,3,68.81958333333334,68.83,15.59437760928064,53.22,84.40875,31.18875,human,Homo sapiens,84.40875,bos_taurus,Bos taurus,53.22,False,False,False,background,background,False,False
H2AC7,urinary bladder,clustered,5,3,48.339999999999996,41.42,16.692848768260014,36.22,67.38,31.159999999999997,bos_taurus,Bos taurus,67.38,canis_lupus_familiaris,Canis lupus familiaris,36.22,False,False,False,background,background,False,False
H2AB3,placenta,variant,5,3,10.366666666666667,0.0,17.955593371797363,0.0,31.1,31.1,human,Homo sapiens,31.1,canis_lupus_familiaris,Canis lupus familiaris,0.0,False,False,False,background,background,False,False
H2AC8,ovary,clustered,6,2,56.26943181818182,56.26943181818182,21.9725396949388,40.7325,71.80636363636364,31.07386363636364,human,Homo sapiens,71.80636363636364,bos_taurus,Bos taurus,40.7325,False,False,False,background,background,False,False
MACROH2A2,skeletal muscle tissue,variant,8,6,61.95770833333333,57.175,12.666336842608311,51.025,81.98125,30.956250000000004,human,Homo sapiens,81.98125,canis_lupus_familiaris,Canis lupus familiaris,51.025,True,False,False,background,background,False,False
H2AC19,triceps brachii,clustered,4,2,62.465,62.465,21.87081274209992,47.0,77.93,30.930000000000007,bos_taurus,Bos taurus,77.93,equus_caballus,Equus caballus,47.0,False,False,False,background,background,False,False
H2AC13,jejunum,clustered,7,3,52.95916666666667,47.7,16.0773746949971,40.17,71.0075,30.83749999999999,bos_taurus,Bos taurus,71.0075,canis_lupus_familiaris,Canis lupus familiaris,40.17,False,False,False,background,background,False,False
H2AC11,gluteus medius,clustered,6,2,15.415,15.415,21.80010206398126,0.0,30.83,30.83,equus_caballus,Equus caballus,30.83,bos_taurus,Bos taurus,0.0,False,False,False,background,background,False,False
MACROH2A2,renal medulla,variant,8,3,64.94055555555555,56.875,16.922196496296195,53.56,84.38666666666667,30.826666666666668,human,Homo sapiens,84.38666666666667,canis_lupus_familiaris,Canis lupus familiaris,53.56,False,False,False,background,background,False,False
H2AX,pons,variant,8,3,78.24666666666667,84.1,16.22233748056467,59.91,90.73,30.820000000000007,human,Homo sapiens,90.73,sus_scrofa,Sus scrofa,59.91,False,False,False,background,background,False,False
H2AC11,colon,clustered,6,5,45.76652941176471,45.92,13.81366213918314,28.98,59.79764705882353,30.81764705882353,human,Homo sapiens,59.79764705882353,bos_taurus,Bos taurus,28.98,True,False,False,background,background,False,False
H2AC19,oviduct epithelium,clustered,4,2,55.02,55.02,21.750604589298206,39.64,70.4,30.760000000000005,equus_caballus,Equus caballus,70.4,bos_taurus,Bos taurus,39.64,False,False,False,background,background,False,False
MACROH2A2,Ammon's horn,variant,8,4,68.57954545454545,70.25909090909092,13.85006315188833,51.52,82.28,30.759999999999998,bos_taurus,Bos taurus,82.28,macaca_mulatta,Macaca mulatta,51.52,True,False,False,background,background,False,False
H2AC12,brainstem,clustered,6,2,15.365,15.365,21.729391385862606,0.0,30.73,30.73,equus_caballus,Equus caballus,30.73,sus_scrofa,Sus scrofa,0.0,False,False,False,background,background,False,False
H2AC14,olfactory segment of nasal mucosa,clustered,7,3,10.226666666666667,0.0,17.713106258737717,0.0,30.68,30.68,human,Homo sapiens,30.68,bos_taurus,Bos taurus,0.0,False,False,False,background,background,False,False
H2AC14,myometrium,clustered,7,2,15.3325,15.3325,21.68342944508548,0.0,30.665,30.665,human,Homo sapiens,30.665,bos_taurus,Bos taurus,0.0,False,False,False,background,background,False,False
H2AC7,oviduct epithelium,clustered,5,2,61.51,61.51,21.623325368684622,46.22,76.8,30.58,equus_caballus,Equus caballus,76.8,bos_taurus,Bos taurus,46.22,False,False,False,background,background,False,False
H2AC13,blood,clustered,7,4,63.19055147058823,68.60374999999999,13.978000896394894,42.5,73.05470588235295,30.55470588235295,human,Homo sapiens,73.05470588235295,equus_caballus,Equus caballus,42.5,True,False,False,background,background,False,False
H2AC14,dorsolateral prefrontal cortex,clustered,7,3,10.166666666666666,0.0,17.609183210283586,0.0,30.5,30.5,pan_troglodytes,Pan troglodytes,30.5,human,Homo sapiens,0.0,False,False,False,background,background,False,False
H2AC14,longissimus thoracis muscle,clustered,7,2,54.96041666666667,54.96041666666667,21.48602880200424,39.7675,70.15333333333334,30.385833333333338,sus_scrofa,Sus scrofa,70.15333333333334,bos_taurus,Bos taurus,39.7675,False,False,False,background,background,False,False
MACROH2A2,oviduct epithelium,variant,8,3,69.14777777777778,78.77333333333333,17.313841711613716,49.16,79.51,30.35000000000001,bos_taurus,Bos taurus,79.51,equus_caballus,Equus caballus,49.16,False,False,False,background,background,False,False
H2AC6,trachea,clustered,7,2,74.0325,74.0325,21.450084207293923,58.865,89.2,30.335,human,Homo sapiens,89.2,bos_taurus,Bos taurus,58.865,False,False,False,background,background,False,False
H2AC25,tonsil,clustered,6,2,81.78833333333333,81.78833333333333,21.441834628180086,66.62666666666667,96.95,30.323333333333338,sus_scrofa,Sus scrofa,96.95,human,Homo sapiens,66.62666666666667,False,False,False,background,background,False,False
H2AC19,lymph node,clustered,4,3,77.67666666666666,68.36,17.16899045760504,67.18,97.49,30.309999999999988,pan_troglodytes,Pan troglodytes,97.49,human,Homo sapiens,67.18,False,False,False,background,background,False,False
H2AC14,liver,clustered,7,7,39.24455782312925,39.02285714285715,9.074652078424565,23.13,53.26333333333334,30.133333333333344,sus_scrofa,Sus scrofa,53.26333333333334,felis_catus,Felis catus,23.13,True,False,False,background,background,False,False
H2AX,medulla oblongata,variant,8,3,78.13333333333334,83.73,15.820733495427236,60.275000000000006,90.395,30.11999999999999,human,Homo sapiens,90.395,sus_scrofa,Sus scrofa,60.275000000000006,False,False,False,background,background,False,False
H2AC15,blood,clustered,5,3,61.315098039215684,59.37529411764706,15.068933420803207,47.31,77.26,29.950000000000003,canis_lupus_familiaris,Canis lupus familiaris,77.26,bos_taurus,Bos taurus,47.31,False,False,False,background,background,False,False
H2AC25,temporal lobe,clustered,6,3,80.57000000000001,90.06,16.968179041959697,60.98,90.67,29.690000000000005,canis_lupus_familiaris,Canis lupus familiaris,90.67,pan_troglodytes,Pan troglodytes,60.98,False,False,False,background,background,False,False
H2AC21,adipose tissue,clustered,6,4,49.559375,44.383750000000006,13.841681673933257,39.895,69.57499999999999,29.679999999999986,sus_scrofa,Sus scrofa,69.57499999999999,human,Homo sapiens,39.895,True,False,False,background,background,False,False
H2AC19,placenta,clustered,4,2,67.16,67.16,20.902076451874343,52.38,81.94,29.559999999999995,human,Homo sapiens,81.94,bos_taurus,Bos taurus,52.38,False,False,False,background,background,False,False
H2AC6,monocyte,clustered,7,2,84.515,84.515,20.753584027825166,69.84,99.19,29.349999999999994,human,Homo sapiens,99.19,bos_taurus,Bos taurus,69.84,False,False,False,background,background,False,False
H2AX,testis,variant,8,8,79.8469306680162,79.36153846153846,9.128835987094359,63.28666666666667,92.52486842105264,29.238201754385976,mus_musculus,Mus musculus,92.52486842105264,canis_lupus_familiaris,Canis lupus familiaris,63.28666666666667,True,False,False,background,background,False,False
H2AX,retina,variant,8,3,72.96210526315791,76.68,14.963670659707407,56.49,85.71631578947368,29.22631578947368,mus_musculus,Mus musculus,85.71631578947368,canis_lupus_familiaris,Canis lupus familiaris,56.49,False,False,False,background,background,False,False
H2AC16,adipose tissue,clustered,4,3,9.685,0.0,16.774912071304577,0.0,29.055,29.055,human,Homo sapiens,29.055,canis_lupus_familiaris,Canis lupus familiaris,0.0,False,False,False,background,background,False,False
MACROH2A2,cardiac ventricle,variant,8,2,72.39500000000001,72.39500000000001,20.527309857845477,57.88,86.91000000000001,29.03000000000001,human,Homo sapiens,86.91000000000001,bos_taurus,Bos taurus,57.88,False,False,False,background,background,False,False
MACROH2A2,jejunum,variant,8,3,66.87166666666666,64.07,14.713927359251624,53.76,82.785,29.025,human,Homo sapiens,82.785,bos_taurus,Bos taurus,53.76,False,False,False,background,background,False,False
H2AC13,brain,clustered,7,5,41.12283333333333,38.59,11.825656717728428,30.046666666666667,59.05,29.00333333333333,bos_taurus,Bos taurus,59.05,mus_musculus,Mus musculus,30.046666666666667,True,False,False,background,background,False,False
H2AC13,heart left ventricle,clustered,7,2,14.423,14.423,20.39720221010715,0.0,28.846,28.846,human,Homo sapiens,28.846,canis_lupus_familiaris,Canis lupus familiaris,0.0,False,False,False,background,background,False,False
MACROH2A2,frontal cortex,variant,8,6,66.2929970760234,66.45250000000001,9.47001292353823,53.02,81.82631578947368,28.80631578947368,human,Homo sapiens,81.82631578947368,macaca_mulatta,Macaca mulatta,53.02,True,False,False,background,background,False,False
H2AC11,endometrium,clustered,6,3,38.214999999999996,29.63,16.203847536927768,28.11,56.905,28.795,human,Homo sapiens,56.905,bos_taurus,Bos taurus,28.11,False,False,False,background,background,False,False
H2AC19,brain,clustered,4,2,60.15625,60.15625,20.28866131919501,45.81,74.5025,28.692499999999995,human,Homo sapiens,74.5025,bos_taurus,Bos taurus,45.81,False,False,False,background,background,False,False
MACROH2A2,hindlimb stylopod muscle,variant,8,3,67.14333333333333,60.275,15.522384105972035,56.24,84.91499999999999,28.67499999999999,human,Homo sapiens,84.91499999999999,macaca_mulatta,Macaca mulatta,56.24,False,False,False,background,background,False,False
H2AX,urinary bladder,variant,8,3,70.72712962962963,78.7825,15.91040085204121,52.4,80.99888888888889,28.598888888888887,mus_musculus,Mus musculus,80.99888888888889,canis_lupus_familiaris,Canis lupus familiaris,52.4,False,False,False,background,background,False,False
MACROH2A2,cortex of kidney,variant,8,4,65.24199999999999,60.730000000000004,12.76663004346357,55.48,84.02799999999999,28.547999999999995,human,Homo sapiens,84.02799999999999,bos_taurus,Bos taurus,55.48,True,False,False,background,background,False,False
H2AC25,semimembranosus muscle,clustered,6,2,46.275000000000006,46.275000000000006,20.15961433162847,32.02,60.53,28.509999999999998,bos_taurus,Bos taurus,60.53,sus_scrofa,Sus scrofa,32.02,False,False,False,background,background,False,False
H2AC6,lymph node,clustered,7,4,82.01166666666667,81.49833333333333,11.838526090692191,68.27000000000001,96.78,28.50999999999999,pan_troglodytes,Pan troglodytes,96.78,canis_lupus_familiaris,Canis lupus familiaris,68.27000000000001,True,False,False,background,background,False,False
H2AC6,thymus,clustered,7,4,86.78875,88.1575,12.409289782927415,71.23,99.61,28.379999999999995,pan_troglodytes,Pan troglodytes,99.61,canis_lupus_familiaris,Canis lupus familiaris,71.23,True,False,False,background,background,False,False
H2AC13,pancreas,clustered,7,3,9.456666666666667,0.0,16.379427136909683,0.0,28.37,28.37,human,Homo sapiens,28.37,canis_lupus_familiaris,Canis lupus familiaris,0.0,False,False,False,background,background,False,False
H2AC15,pancreas,clustered,5,2,52.7175,52.7175,20.042941712732688,38.545,66.89,28.345,canis_lupus_familiaris,Canis lupus familiaris,66.89,human,Homo sapiens,38.545,False,False,False,background,background,False,False
H2AC8,lymph node,clustered,6,3,66.195,63.67,14.310556418252926,53.315,81.6,28.284999999999997,pan_troglodytes,Pan troglodytes,81.6,bos_taurus,Bos taurus,53.315,False,False,False,background,background,False,False
H2AC7,heart left ventricle,clustered,5,2,48.97,48.97,19.97576656851997,34.845,63.095,28.25,canis_lupus_familiaris,Canis lupus familiaris,63.095,human,Homo sapiens,34.845,False,False,False,background,background,False,False
MACROH2A2,trachea,variant,8,2,68.3025,68.3025,19.95101783117844,54.195,82.41,28.214999999999996,human,Homo sapiens,82.41,bos_taurus,Bos taurus,54.195,False,False,False,background,background,False,False
H2AC12,pancreas,clustered,6,2,43.0375,43.0375,19.88737822087165,28.975,57.1,28.125,canis_lupus_familiaris,Canis lupus familiaris,57.1,human,Homo sapiens,28.975,False,False,False,background,background,False,False
H2AC6,tongue,clustered,7,3,80.24777777777778,79.69,14.031650466527974,66.50333333333333,94.55,28.046666666666667,canis_lupus_familiaris,Canis lupus familiaris,94.55,bos_taurus,Bos taurus,66.50333333333333,False,False,False,background,background,False,False
H2AC21,frontal cortex,clustered,6,5,41.16166666666667,37.56,10.663762104539945,28.5,56.53333333333333,28.03333333333333,sus_scrofa,Sus scrofa,56.53333333333333,pan_troglodytes,Pan troglodytes,28.5,True,False,False,background,background,False,False
H2AC13,spermatid,clustered,7,3,78.00999999999999,78.61,13.989653319507239,63.73,91.69,27.96,mus_musculus,Mus musculus,91.69,bos_taurus,Bos taurus,63.73,False,False,False,background,background,False,False
H2AC6,retina,clustered,7,4,65.53999999999999,67.82,12.733787077430396,49.3,77.22,27.92,bos_taurus,Bos taurus,77.22,canis_lupus_familiaris,Canis lupus familiaris,49.3,True,False,False,background,background,False,False
H2AB3,endometrium,variant,5,2,13.885,13.885,19.636355313550425,0.0,27.77,27.77,human,Homo sapiens,27.77,equus_caballus,Equus caballus,0.0,False,False,False,background,background,False,False
MACROH2A2,ovary,variant,8,4,69.86153409090909,71.42181818181817,14.2399289352302,54.44,82.1625,27.722499999999997,bos_taurus,Bos taurus,82.1625,canis_lupus_familiaris,Canis lupus familiaris,54.44,True,False,False,background,background,False,False
H2AC11,thymus,clustered,6,3,65.06,69.82,14.431288923724036,48.85,76.51,27.660000000000004,human,Homo sapiens,76.51,bos_taurus,Bos taurus,48.85,False,False,False,background,background,False,False
H2AC16,cerebral cortex,clustered,4,3,9.198333333333332,0.0,15.931980678287724,0.0,27.595,27.595,human,Homo sapiens,27.595,canis_lupus_familiaris,Canis lupus familiaris,0.0,False,False,False,background,background,False,False
H2AC17,zone of skin,clustered,6,4,38.488,38.95,11.458813318431655,24.23,51.822,27.592000000000002,canis_lupus_familiaris,Canis lupus familiaris,51.822,equus_caballus,Equus caballus,24.23,True,False,False,background,background,False,False
H2AC21,prostate gland,clustered,6,2,48.62642857142857,48.62642857142857,19.49291365222401,34.84285714285714,62.41,27.567142857142855,bos_taurus,Bos taurus,62.41,human,Homo sapiens,34.84285714285714,False,False,False,background,background,False,False
MACROH2A2,prefrontal cortex,variant,8,8,66.0930965909091,64.775,8.361098683278506,55.1,82.55250000000001,27.452500000000008,human,Homo sapiens,82.55250000000001,felis_catus,Felis catus,55.1,True,False,False,background,background,False,False
H2AX,amygdala,variant,8,3,78.81461538461538,84.03,14.431906241085384,62.5,89.91384615384617,27.413846153846166,human,Homo sapiens,89.91384615384617,sus_scrofa,Sus scrofa,62.5,False,False,False,background,background,False,False
MACROH2A2,stomach,variant,8,3,67.88527777777777,61.81,14.673604569594167,57.225,84.62083333333334,27.395833333333336,human,Homo sapiens,84.62083333333334,canis_lupus_familiaris,Canis lupus familiaris,57.225,False,False,False,background,background,False,False
H2AC8,cerebral cortex,clustered,6,4,44.44388888888889,48.36,12.324068942871179,26.84,54.215555555555554,27.375555555555554,human,Homo sapiens,54.215555555555554,bos_taurus,Bos taurus,26.84,True,False,False,background,background,False,False
H2AC13,endometrium,clustered,7,3,44.28466666666666,49.83,14.48148077143126,27.85,55.174,27.323999999999998,bos_taurus,Bos taurus,55.174,equus_caballus,Equus caballus,27.85,False,False,False,background,background,False,False
H2AC13,pituitary gland,clustered,7,3,38.86388888888889,33.72,14.359315630292778,27.785,55.086666666666666,27.301666666666666,bos_taurus,Bos taurus,55.086666666666666,human,Homo sapiens,27.785,False,False,False,background,background,False,False
H2AC6,esophagus,clustered,7,2,74.25392857142857,74.25392857142857,19.28835776195218,60.615,87.89285714285714,27.277857142857137,human,Homo sapiens,87.89285714285714,bos_taurus,Bos taurus,60.615,False,False,False,background,background,False,False
H2AC13,gall bladder,clustered,7,2,61.41,61.41,19.219162312650358,47.82,75.0,27.18,bos_taurus,Bos taurus,75.0,human,Homo sapiens,47.82,False,False,False,background,background,False,False
H2AC25,esophagus,clustered,6,2,62.51375,62.51375,19.139612799766873,48.98,76.0475,27.067500000000003,human,Homo sapiens,76.0475,bos_taurus,Bos taurus,48.98,False,False,False,background,background,False,False
H2AC25,uterus,clustered,6,3,58.80555555555555,52.66666666666666,14.532380830152798,48.35,75.39999999999999,27.04999999999999,sus_scrofa,Sus scrofa,75.39999999999999,felis_catus,Felis catus,48.35,False,False,False,background,background,False,False
H2AC7,triceps brachii,clustered,5,2,13.49,13.49,19.077740956413052,0.0,26.98,26.98,equus_caballus,Equus caballus,26.98,bos_taurus,Bos taurus,0.0,False,False,False,background,background,False,False
H2AC8,thyroid gland,clustered,6,2,56.71529411764706,56.71529411764706,19.071085833766592,43.23,70.20058823529412,26.970588235294123,human,Homo sapiens,70.20058823529412,bos_taurus,Bos taurus,43.23,False,False,False,background,background,False,False
H2AC25,small intestine,clustered,6,2,56.635000000000005,56.635000000000005,19.063598820789327,43.155,70.11500000000001,26.960000000000008,human,Homo sapiens,70.11500000000001,canis_lupus_familiaris,Canis lupus familiaris,43.155,False,False,False,background,background,False,False
H2AC14,pancreas,clustered,7,2,13.47,13.47,19.04945668516559,0.0,26.94,26.94,human,Homo sapiens,26.94,canis_lupus_familiaris,Canis lupus familiaris,0.0,False,False,False,background,background,False,False
H2AC13,triceps brachii,clustered,7,2,42.83,42.83,19.03531454954186,29.37,56.29,26.919999999999998,bos_taurus,Bos taurus,56.29,equus_caballus,Equus caballus,29.37,False,False,False,background,background,False,False
MACROH2A2,omental fat pad,variant,8,2,63.369772727272725,63.369772727272725,18.928927120190608,49.985,76.75454545454545,26.76954545454545,human,Homo sapiens,76.75454545454545,bos_taurus,Bos taurus,49.985,False,False,False,background,background,False,False
H2AX,spinal cord,variant,8,4,80.7695625,82.128125,11.197836432348218,66.03,92.792,26.762,human,Homo sapiens,92.792,canis_lupus_familiaris,Canis lupus familiaris,66.03,True,False,False,background,background,False,False
H2AC19,pituitary gland,clustered,4,3,76.62088888888889,83.89,14.786665018535126,59.60666666666666,86.366,26.759333333333338,human,Homo sapiens,86.366,bos_taurus,Bos taurus,59.60666666666666,False,False,False,background,background,False,False
H2AC20,superior frontal gyrus,clustered,5,2,61.305,61.305,18.900964261116417,47.94,74.67,26.730000000000004,macaca_mulatta,Macaca mulatta,74.67,human,Homo sapiens,47.94,False,False,False,background,background,False,False
H2AX,bone marrow,variant,8,5,90.62885714285714,97.23,11.509238498542222,70.76,97.47,26.709999999999994,pan_troglodytes,Pan troglodytes,97.47,canis_lupus_familiaris,Canis lupus familiaris,70.76,True,False,False,background,background,False,False
MACROH2A2,spinal cord,variant,8,3,65.82559523809523,58.9325,14.561984423444473,55.99,82.55428571428571,26.56428571428571,human,Homo sapiens,82.55428571428571,canis_lupus_familiaris,Canis lupus familiaris,55.99,False,False,False,background,background,False,False
MACROH2A2,corpus callosum,variant,8,2,66.0188888888889,66.0188888888889,18.62362126805103,52.85,79.18777777777778,26.33777777777778,human,Homo sapiens,79.18777777777778,sus_scrofa,Sus scrofa,52.85,False,False,False,background,background,False,False
H2AC13,olfactory segment of nasal mucosa,clustered,7,3,41.63166666666667,38.79,13.370923989512967,29.91,56.195,26.285,bos_taurus,Bos taurus,56.195,macaca_mulatta,Macaca mulatta,29.91,False,False,False,background,background,False,False
H2AC8,thymus,clustered,6,3,84.63333333333333,81.03,13.481143621122559,73.32,99.55,26.230000000000004,pan_troglodytes,Pan troglodytes,99.55,bos_taurus,Bos taurus,73.32,False,False,False,background,background,False,False
MACROH2A2,mammary gland,variant,8,3,67.52583333333332,65.6625,13.201496679669827,55.355,81.56,26.205000000000005,human,Homo sapiens,81.56,canis_lupus_familiaris,Canis lupus familiaris,55.355,False,False,False,background,background,False,False
H2AC17,cerebellar cortex,clustered,6,2,13.065,13.065,18.476700192404486,0.0,26.13,26.13,human,Homo sapiens,26.13,macaca_mulatta,Macaca mulatta,0.0,False,False,False,background,background,False,False
H2AC19,skeletal muscle tissue,clustered,4,3,71.74694444444445,67.02333333333333,13.686877949673526,61.0475,87.17,26.122500000000002,pan_troglodytes,Pan troglodytes,87.17,bos_taurus,Bos taurus,61.0475,False,False,False,background,background,False,False
H2AC7,gluteus medius,clustered,5,2,13.04,13.04,18.441344853345157,0.0,26.08,26.08,equus_caballus,Equus caballus,26.08,bos_taurus,Bos taurus,0.0,False,False,False,background,background,False,False
H2AX,uterus,variant,8,4,76.55875,78.675,10.921561529836296,61.42,87.465,26.045,mus_musculus,Mus musculus,87.465,felis_catus,Felis catus,61.42,True,False,False,background,background,False,False
H2AX,cartilage tissue,variant,8,2,75.19,75.19,18.39891844647397,62.18,88.2,26.020000000000003,human,Homo sapiens,88.2,canis_lupus_familiaris,Canis lupus familiaris,62.18,False,False,False,background,background,False,False
H2AC25,omental fat pad,clustered,6,2,59.72545454545454,59.72545454545454,18.378348067384906,46.73,72.72090909090909,25.990909090909092,human,Homo sapiens,72.72090909090909,bos_taurus,Bos taurus,46.73,False,False,False,background,background,False,False
H2AX,heart,variant,8,6,73.63942424242424,75.00316666666666,9.083019497335714,57.14333333333334,83.12954545454545,25.986212121212112,mus_musculus,Mus musculus,83.12954545454545,canis_lupus_familiaris,Canis lupus familiaris,57.14333333333334,True,False,False,background,background,False,False
H2AX,stomach,variant,8,4,73.52191666666667,73.56083333333333,11.613123191028327,60.49,86.476,25.985999999999997,mus_musculus,Mus musculus,86.476,sus_scrofa,Sus scrofa,60.49,True,False,False,background,background,False,False
H2AC6,cortex of kidney,clustered,7,4,82.7025,83.745,10.6748376256191,68.72,94.6,25.879999999999995,pan_troglodytes,Pan troglodytes,94.6,bos_taurus,Bos taurus,68.72,True,False,False,background,background,False,False
H2AJ,oviduct epithelium,variant,8,3,87.18333333333334,95.77,14.881204028348426,70.0,95.78,25.78,bos_taurus,Bos taurus,95.78,human,Homo sapiens,70.0,False,False,False,background,background,False,False
MACROH2A2,pons,variant,8,3,70.19833333333334,67.185,13.146610146092167,58.81999999999999,84.59,25.77000000000001,human,Homo sapiens,84.59,sus_scrofa,Sus scrofa,58.81999999999999,False,False,False,background,background,False,False
H2AC21,stomach,clustered,6,2,76.99875,76.99875,18.216838450318427,64.11749999999999,89.88,25.762500000000003,sus_scrofa,Sus scrofa,89.88,human,Homo sapiens,64.11749999999999,False,False,False,background,background,False,False
H2AC19,monocyte,clustered,4,2,85.27,85.27,18.144360005246806,72.44,98.1,25.659999999999997,human,Homo sapiens,98.1,bos_taurus,Bos taurus,72.44,False,False,False,background,background,False,False
H2AC16,heart left ventricle,clustered,4,2,45.764,45.764,18.13870315099732,32.938,58.59,25.652,canis_lupus_familiaris,Canis lupus familiaris,58.59,human,Homo sapiens,32.938,False,False,False,background,background,False,False
H2AX,zone of skin,variant,8,5,74.90062637362637,77.75384615384615,10.053477285653367,58.95,84.53428571428572,25.584285714285713,mus_musculus,Mus musculus,84.53428571428572,felis_catus,Felis catus,58.95,True,False,False,background,background,False,False
H2AC1,brain,clustered,7,6,4.26,0.0,10.434826304256339,0.0,25.56,25.56,mus_musculus,Mus musculus,25.56,bos_taurus,Bos taurus,0.0,True,False,False,background,background,False,False
H2AC16,cerebellar cortex,clustered,4,2,12.78,12.78,18.073649327128155,0.0,25.56,25.56,human,Homo sapiens,25.56,macaca_mulatta,Macaca mulatta,0.0,False,False,False,background,background,False,False
H2AC11,blood,clustered,6,5,56.42268571428572,58.120000000000005,10.079602036199807,44.25,69.79942857142858,25.549428571428578,human,Homo sapiens,69.79942857142858,bos_taurus,Bos taurus,44.25,True,False,False,background,background,False,False
H2AJ,Ammon's horn,variant,8,4,79.62863636363636,83.72727272727272,11.589414508513265,62.8,88.26,25.460000000000008,bos_taurus,Bos taurus,88.26,macaca_mulatta,Macaca mulatta,62.8,True,False,False,background,background,False,False
H2AX,dorsal plus ventral thalamus,variant,8,2,78.65916666666666,78.65916666666666,17.95933373083633,65.96,91.35833333333332,25.398333333333326,human,Homo sapiens,91.35833333333332,sus_scrofa,Sus scrofa,65.96,False,False,False,background,background,False,False
H2AC16,dorsolateral prefrontal cortex,clustered,4,2,12.605,12.605,17.826161953712862,0.0,25.21,25.21,human,Homo sapiens,25.21,macaca_mulatta,Macaca mulatta,0.0,False,False,False,background,background,False,False
H2AC14,superior frontal gyrus,clustered,7,3,8.39,0.0,14.531906275502882,0.0,25.17,25.17,pan_troglodytes,Pan troglodytes,25.17,human,Homo sapiens,0.0,False,False,False,background,background,False,False
H2AC7,stomach,clustered,5,2,54.411249999999995,54.411249999999995,17.608726618498,41.96,66.8625,24.902499999999996,human,Homo sapiens,66.8625,canis_lupus_familiaris,Canis lupus familiaris,41.96,False,False,False,background,background,False,False
H2AC16,endometrium,clustered,4,2,44.79,44.79,17.522106037802647,32.4,57.18,24.78,equus_caballus,Equus caballus,57.18,human,Homo sapiens,32.4,False,False,False,background,background,False,False
H2AC25,blood,clustered,6,4,68.07901041666666,67.47333333333333,10.187552492728598,56.3625,81.006875,24.644374999999997,human,Homo sapiens,81.006875,bos_taurus,Bos taurus,56.3625,True,False,False,background,background,False,False
H2AJ,liver,variant,8,8,90.34139508928571,94.0329613095238,9.266630860158426,72.72,97.355,24.635000000000005,sus_scrofa,Sus scrofa,97.355,equus_caballus,Equus caballus,72.72,True,False,False,background,background,False,False
H2AC19,esophagus,clustered,4,2,75.72874999999999,75.72874999999999,17.322348372117446,63.48,87.97749999999999,24.497499999999995,human,Homo sapiens,87.97749999999999,bos_taurus,Bos taurus,63.48,False,False,False,background,background,False,False
H2AX,colon,variant,8,6,77.42069444444445,84.58583333333334,11.796911088367658,61.1,85.44,24.339999999999996,macaca_mulatta,Macaca mulatta,85.44,pan_troglodytes,Pan troglodytes,61.1,True,False,False,background,background,False,False
H2AC6,olfactory segment of nasal mucosa,clustered,7,3,68.54333333333334,75.57,13.570830237436956,52.9,77.16,24.259999999999998,human,Homo sapiens,77.16,bos_taurus,Bos taurus,52.9,False,False,False,background,background,False,False
H2AC21,saliva-secreting gland,clustered,6,2,41.515,41.515,17.034202358783933,29.47,53.56,24.090000000000003,bos_taurus,Bos taurus,53.56,human,Homo sapiens,29.47,False,False,False,background,background,False,False
H2AC11,smooth muscle tissue,clustered,6,2,62.47,62.47,16.97056274847714,50.47,74.47,24.0,canis_lupus_familiaris,Canis lupus familiaris,74.47,human,Homo sapiens,50.47,False,False,False,background,background,False,False
H2AX,cerebral cortex,variant,8,6,78.73494025157233,83.65632075471697,10.025245850403966,62.79,86.787,23.997000000000007,human,Homo sapiens,86.787,canis_lupus_familiaris,Canis lupus familiaris,62.79,True,False,False,background,background,False,False
H2AC19,myometrium,clustered,4,2,67.19999999999999,67.19999999999999,16.94227847722968,55.22,79.17999999999999,23.959999999999994,human,Homo sapiens,79.17999999999999,bos_taurus,Bos taurus,55.22,False,False,False,background,background,False,False
H2AC6,subcutaneous adipose tissue,clustered,7,2,65.90129186602871,65.90129186602871,16.868252178797324,53.973636363636366,77.82894736842105,23.85531100478469,human,Homo sapiens,77.82894736842105,bos_taurus,Bos taurus,53.973636363636366,False,False,False,background,background,False,False
H2AX,pancreas,variant,8,3,76.25142857142858,75.22,11.91068453626612,64.89,88.64428571428572,23.754285714285714,mus_musculus,Mus musculus,88.64428571428572,canis_lupus_familiaris,Canis lupus familiaris,64.89,False,False,False,background,background,False,False
H2AC6,kidney,clustered,7,4,78.43416666666667,79.1575,9.899639583787327,65.85,89.57166666666666,23.721666666666664,human,Homo sapiens,89.57166666666666,canis_lupus_familiaris,Canis lupus familiaris,65.85,True,False,False,background,background,False,False
H2AX,intestine,variant,8,2,83.83083333333332,83.83083333333332,16.63940107262142,72.065,95.59666666666664,23.531666666666638,mus_musculus,Mus musculus,95.59666666666664,human,Homo sapiens,72.065,False,False,False,background,background,False,False
H2AC6,corpus epididymis,clustered,7,2,80.805,80.805,16.63822256131945,69.04,92.57,23.529999999999987,human,Homo sapiens,92.57,bos_taurus,Bos taurus,69.04,False,False,False,background,background,False,False
H2AC19,cortex of kidney,clustered,4,3,84.32166666666667,84.76,11.748634317797677,72.36,95.845,23.485,pan_troglodytes,Pan troglodytes,95.845,human,Homo sapiens,72.36,False,False,False,background,background,False,False
H2AJ,cerebral cortex,variant,8,6,78.37305555555555,78.30666666666667,8.155519767935411,67.2,90.62,23.42,bos_taurus,Bos taurus,90.62,macaca_mulatta,Macaca mulatta,67.2,True,False,False,background,background,False,False
MACROH2A2,cartilage tissue,variant,8,2,66.345,66.345,16.553369747577076,54.64,78.05,23.409999999999997,human,Homo sapiens,78.05,canis_lupus_familiaris,Canis lupus familiaris,54.64,False,False,False,background,background,False,False
H2AC14,fibroblast,clustered,7,2,47.8975,47.8975,16.528621010235547,36.21,59.585,23.375,pan_troglodytes,Pan troglodytes,59.585,macaca_mulatta,Macaca mulatta,36.21,False,False,False,background,background,False,False
MACROH2A2,cerebral cortex,variant,8,6,69.76805555555556,68.185,8.0967287232881,61.05,84.42333333333333,23.373333333333335,human,Homo sapiens,84.42333333333333,canis_lupus_familiaris,Canis lupus familiaris,61.05,True,False,False,background,background,False,False
H2AC25,adenohypophysis,clustered,6,2,65.19500000000001,65.19500000000001,16.510943340705882,53.52,76.87,23.35,human,Homo sapiens,76.87,bos_taurus,Bos taurus,53.52,False,False,False,background,background,False,False
H2AC6,duodenum,clustered,7,2,79.50375,79.50375,16.445535963446126,67.875,91.1325,23.257499999999993,human,Homo sapiens,91.1325,bos_taurus,Bos taurus,67.875,False,False,False,background,background,False,False
H2AC8,kidney,clustered,6,3,56.98277777777778,52.915,12.148641480215588,47.39,70.64333333333333,23.25333333333333,human,Homo sapiens,70.64333333333333,bos_taurus,Bos taurus,47.39,False,False,False,background,background,False,False
H2AB3,embryo,variant,5,2,11.58,11.58,16.37659305228044,0.0,23.16,23.16,felis_catus,Felis catus,23.16,equus_caballus,Equus caballus,0.0,False,False,False,background,background,False,False
H2AC6,nasopharynx,clustered,7,2,74.235,74.235,16.327095577597383,62.69,85.78,23.090000000000003,human,Homo sapiens,85.78,bos_taurus,Bos taurus,62.69,False,False,False,background,background,False,False
H2AC1,heart left ventricle,clustered,7,2,11.46,11.46,16.20688742479567,0.0,22.92,22.92,human,Homo sapiens,22.92,canis_lupus_familiaris,Canis lupus familiaris,0.0,False,False,False,background,background,False,False
H2AC19,Ammon's horn,clustered,4,2,73.618125,73.618125,16.17595150311876,62.18,85.05625,22.876250000000006,human,Homo sapiens,85.05625,bos_taurus,Bos taurus,62.18,False,False,False,background,background,False,False
H2AC7,duodenum,clustered,5,2,46.02875,46.02875,16.134408979724054,34.62,57.4375,22.817500000000003,bos_taurus,Bos taurus,57.4375,human,Homo sapiens,34.62,False,False,False,background,background,False,False
MACROH2A2,esophagus,variant,8,2,73.51571428571428,73.51571428571428,16.10183156016224,62.13,84.90142857142857,22.771428571428565,human,Homo sapiens,84.90142857142857,bos_taurus,Bos taurus,62.13,False,False,False,background,background,False,False
H2AC6,bone marrow,clustered,7,5,88.68971428571429,86.87,8.780226590446953,76.48,99.25,22.769999999999996,pan_troglodytes,Pan troglodytes,99.25,bos_taurus,Bos taurus,76.48,True,False,False,background,background,False,False
MACROH2A2,pancreas,variant,8,2,71.35583333333334,71.35583333333334,15.979434743513993,60.05666666666667,82.655,22.59833333333333,human,Homo sapiens,82.655,canis_lupus_familiaris,Canis lupus familiaris,60.05666666666667,False,False,False,background,background,False,False
MACROH2A2,heart left ventricle,variant,8,3,72.69379084967319,68.28999999999999,11.925303957726724,63.59666666666667,86.19470588235293,22.598039215686264,human,Homo sapiens,86.19470588235293,canis_lupus_familiaris,Canis lupus familiaris,63.59666666666667,False,False,False,background,background,False,False
H2AX,adrenal gland,variant,8,3,75.72,83.215,12.986051170390484,60.725,83.22,22.494999999999997,mus_musculus,Mus musculus,83.22,canis_lupus_familiaris,Canis lupus familiaris,60.725,False,False,False,background,background,False,False
H2AC7,pancreas,clustered,5,2,42.505,42.505,15.902831508885454,31.26,53.75,22.49,canis_lupus_familiaris,Canis lupus familiaris,53.75,human,Homo sapiens,31.26,False,False,False,background,background,False,False
H2AZ1,spinal cord,variant,8,3,88.72158333333334,94.92,12.445774233483164,74.39375,96.851,22.457250000000002,human,Homo sapiens,96.851,equus_caballus,Equus caballus,74.39375,False,False,False,background,background,False,False
MACROH2A1,testis,variant,8,8,82.88966987179487,82.15166666666667,6.69374778572405,72.01833333333333,94.39769230769232,22.379358974358993,human,Homo sapiens,94.39769230769232,bos_taurus,Bos taurus,72.01833333333333,True,False,False,background,background,False,False
H2AX,brainstem,variant,8,3,71.13666666666667,72.425,11.213146674031035,59.335,81.65,22.315000000000005,mus_musculus,Mus musculus,81.65,sus_scrofa,Sus scrofa,59.335,False,False,False,background,background,False,False
H2AC8,adrenal gland,clustered,6,2,63.154583333333335,63.154583333333335,15.751392806581322,52.01666666666667,74.29249999999999,22.275833333333317,human,Homo sapiens,74.29249999999999,bos_taurus,Bos taurus,52.01666666666667,False,False,False,background,background,False,False
H2AC19,muscle tissue,clustered,4,3,60.78492063492064,63.79,11.392194749448967,48.191428571428574,70.37333333333333,22.18190476190476,equus_caballus,Equus caballus,70.37333333333333,bos_taurus,Bos taurus,48.191428571428574,False,False,False,background,background,False,False
H2AC13,gluteus medius,clustered,7,2,45.3875,45.3875,15.665950737187961,34.31,56.465,22.155,bos_taurus,Bos taurus,56.465,equus_caballus,Equus caballus,34.31,False,False,False,background,background,False,False
H2AJ,brainstem,variant,8,2,75.58666666666667,75.58666666666667,15.664772225885985,64.51,86.66333333333334,22.153333333333336,sus_scrofa,Sus scrofa,86.66333333333334,equus_caballus,Equus caballus,64.51,False,False,False,background,background,False,False
H2AC25,muscle tissue,clustered,6,3,43.586666666666666,48.62,11.887995345445477,30.01,52.13,22.12,human,Homo sapiens,52.13,sus_scrofa,Sus scrofa,30.01,False,False,False,background,background,False,False
H2AC8,adipose tissue,clustered,6,3,52.58700000000001,52.031000000000006,11.065481327081981,41.81,63.92,22.11,macaca_mulatta,Macaca mulatta,63.92,bos_taurus,Bos taurus,41.81,False,False,False,background,background,False,False
MACROH2A2,heart,variant,8,6,72.38744444444444,69.86783333333334,8.986599803575858,62.845,84.95133333333334,22.10633333333334,human,Homo sapiens,84.95133333333334,bos_taurus,Bos taurus,62.845,True,False,False,background,background,False,False
H2AC6,metanephros cortex,clustered,7,3,71.31333333333333,68.86,11.22294673128824,61.52,83.56,22.04,human,Homo sapiens,83.56,canis_lupus_familiaris,Canis lupus familiaris,61.52,False,False,False,background,background,False,False
H2AC11,hindlimb stylopod muscle,clustered,6,2,43.644999999999996,43.644999999999996,15.577562389539635,32.63,54.66,22.029999999999994,human,Homo sapiens,54.66,macaca_mulatta,Macaca mulatta,32.63,False,False,False,background,background,False,False
H2AC25,myometrium,clustered,6,2,61.38964285714286,61.38964285714286,15.52048877077244,50.415,72.36428571428571,21.949285714285715,human,Homo sapiens,72.36428571428571,bos_taurus,Bos taurus,50.415,False,False,False,background,background,False,False
H2AC7,pituitary gland,clustered,5,3,42.97069444444444,38.04375,11.765161999030273,34.47,56.39833333333333,21.928333333333335,bos_taurus,Bos taurus,56.39833333333333,canis_lupus_familiaris,Canis lupus familiaris,34.47,False,False,False,background,background,False,False
MACROH2A2,saliva-secreting gland,variant,8,3,67.88,68.56,10.945853096035961,56.61,78.47,21.86,human,Homo sapiens,78.47,canis_lupus_familiaris,Canis lupus familiaris,56.61,False,False,False,background,background,False,False
H2AX,adult mammalian kidney,variant,8,8,71.46912356321839,72.01666666666667,6.316989029435227,58.975,80.815,21.839999999999996,human,Homo sapiens,80.815,felis_catus,Felis catus,58.975,True,False,False,background,background,False,False
MACROH2A2,epithelium of bronchus,variant,8,2,65.25192307692308,65.25192307692308,15.361078928837914,54.39,76.11384615384615,21.723846153846154,human,Homo sapiens,76.11384615384615,equus_caballus,Equus caballus,54.39,False,False,False,background,background,False,False
H2AJ,adipose tissue,variant,8,5,93.10062500000001,98.433125,9.335434112997907,76.97,98.64,21.67,sus_scrofa,Sus scrofa,98.64,canis_lupus_familiaris,Canis lupus familiaris,76.97,True,False,False,background,background,False,False
H2AC25,liver,clustered,6,6,45.72311111111111,47.31,8.647423011553254,32.056666666666665,53.722,21.665333333333336,human,Homo sapiens,53.722,canis_lupus_familiaris,Canis lupus familiaris,32.056666666666665,True,False,False,background,background,False,False
MACROH2A2,adipose tissue,variant,8,5,63.96102564102564,62.29166666666666,8.838220166323966,51.86,73.39,21.53,canis_lupus_familiaris,Canis lupus familiaris,73.39,macaca_mulatta,Macaca mulatta,51.86,True,False,False,background,background,False,False
H2AC1,cortex of kidney,clustered,7,5,37.338,37.52,9.148962782742098,26.08,47.43,21.35,mus_musculus,Mus musculus,47.43,pan_troglodytes,Pan troglodytes,26.08,True,False,False,background,background,False,False
H2AX,cerebellum,variant,8,7,78.61010410830998,82.225,8.776756841718843,65.60499999999999,86.90411764705881,21.29911764705882,human,Homo sapiens,86.90411764705881,sus_scrofa,Sus scrofa,65.60499999999999,True,False,False,background,background,False,False
H2AC13,stomach,clustered,7,3,61.639611111111115,65.09083333333334,11.036420484938512,49.29,70.538,21.247999999999998,mus_musculus,Mus musculus,70.538,canis_lupus_familiaris,Canis lupus familiaris,49.29,False,False,False,background,background,False,False
H2AC20,cerebellar cortex,clustered,5,2,63.15,63.15,14.99066376115481,52.55,73.75,21.200000000000003,macaca_mulatta,Macaca mulatta,73.75,human,Homo sapiens,52.55,False,False,False,background,background,False,False
H2AC11,spinal cord,clustered,6,3,50.7175,48.915,10.68340915859727,41.05,62.1875,21.137500000000003,equus_caballus,Equus caballus,62.1875,canis_lupus_familiaris,Canis lupus familiaris,41.05,False,False,False,background,background,False,False
H2AC7,jejunum,clustered,5,2,47.13375,47.13375,14.939398519518782,36.57,57.6975,21.127499999999998,bos_taurus,Bos taurus,57.6975,canis_lupus_familiaris,Canis lupus familiaris,36.57,False,False,False,background,background,False,False
MACROH2A2,medulla oblongata,variant,8,2,72.12,72.12,14.884597743976828,61.595,82.645,21.049999999999997,human,Homo sapiens,82.645,sus_scrofa,Sus scrofa,61.595,False,False,False,background,background,False,False
H2AC13,omental fat pad,clustered,7,2,49.817499999999995,49.817499999999995,14.873991142259028,39.3,60.335,21.035000000000004,bos_taurus,Bos taurus,60.335,human,Homo sapiens,39.3,False,False,False,background,background,False,False
H2AX,blood,variant,8,5,84.1331862745098,81.8825,8.028957206602348,75.53166666666667,96.53,20.998333333333335,canis_lupus_familiaris,Canis lupus familiaris,96.53,equus_caballus,Equus caballus,75.53166666666667,True,False,False,background,background,False,False
MACROH2A2,aorta,variant,8,2,66.2175,66.2175,14.803280464140375,55.75,76.685,20.935000000000002,human,Homo sapiens,76.685,bos_taurus,Bos taurus,55.75,False,False,False,background,background,False,False
H2AC13,duodenum,clustered,7,3,56.380833333333335,56.64,10.373678329470858,45.88,66.6225,20.7425,bos_taurus,Bos taurus,66.6225,human,Homo sapiens,45.88,False,False,False,background,background,False,False
H2AC15,temporal lobe,clustered,5,2,57.53875,57.53875,14.638878137514501,47.1875,67.89,20.7025,canis_lupus_familiaris,Canis lupus familiaris,67.89,human,Homo sapiens,47.1875,False,False,False,background,background,False,False
H2AC13,dorsolateral prefrontal cortex,clustered,7,2,37.6475,37.6475,14.548722022913218,27.36,47.935,20.575000000000003,macaca_mulatta,Macaca mulatta,47.935,human,Homo sapiens,27.36,False,False,False,background,background,False,False
H2AC19,adipose tissue,clustered,4,2,71.27533333333334,71.27533333333334,14.540001039278582,60.99400000000001,81.55666666666667,20.562666666666665,human,Homo sapiens,81.55666666666667,bos_taurus,Bos taurus,60.99400000000001,False,False,False,background,background,False,False
H2AC11,small intestine,clustered,6,2,41.1925,41.1925,14.499224548230154,30.94,51.445,20.505,human,Homo sapiens,51.445,canis_lupus_familiaris,Canis lupus familiaris,30.94,False,False,False,background,background,False,False
H2AC6,aorta,clustered,7,2,71.67750000000001,71.67750000000001,14.357803191992852,61.525000000000006,81.83000000000001,20.305000000000007,human,Homo sapiens,81.83000000000001,bos_taurus,Bos taurus,61.525000000000006,False,False,False,background,background,False,False
H2AC13,spermatocyte,clustered,7,3,70.25,74.64,10.796531850552745,57.95,78.16,20.209999999999994,macaca_mulatta,Macaca mulatta,78.16,bos_taurus,Bos taurus,57.95,False,False,False,background,background,False,False
H2AJ,occipital lobe,variant,8,3,85.44,81.01,10.780737451584656,77.58,97.73,20.150000000000006,canis_lupus_familiaris,Canis lupus familiaris,97.73,bos_taurus,Bos taurus,77.58,False,False,False,background,background,False,False
H2AX,corpus callosum,variant,8,2,71.55250000000001,71.55250000000001,14.209310767943679,61.505,81.60000000000001,20.095000000000006,human,Homo sapiens,81.60000000000001,sus_scrofa,Sus scrofa,61.505,False,False,False,background,background,False,False
H2AC13,prostate gland,clustered,7,2,47.80571428571429,47.80571428571429,14.105770132127077,37.83142857142857,57.78,19.948571428571434,bos_taurus,Bos taurus,57.78,human,Homo sapiens,37.83142857142857,False,False,False,background,background,False,False
H2AC14,occipital lobe,clustered,7,2,9.86,9.86,13.944145724998716,0.0,19.72,19.72,canis_lupus_familiaris,Canis lupus familiaris,19.72,bos_taurus,Bos taurus,0.0,False,False,False,background,background,False,False
MACROH2A2,dorsal plus ventral thalamus,variant,8,2,71.1525,71.1525,13.912325919845324,61.315,80.99,19.674999999999997,human,Homo sapiens,80.99,sus_scrofa,Sus scrofa,61.315,False,False,False,background,background,False,False
H2AC25,subcutaneous adipose tissue,clustered,6,3,54.24606060606061,51.34,10.138251651861566,45.878181818181815,65.52,19.64181818181818,human,Homo sapiens,65.52,bos_taurus,Bos taurus,45.878181818181815,False,False,False,background,background,False,False
H2AC6,adipose tissue,clustered,7,4,79.69093137254902,79.6885294117647,8.95411948532076,69.88666666666667,89.5,19.61333333333333,macaca_mulatta,Macaca mulatta,89.5,bos_taurus,Bos taurus,69.88666666666667,True,False,False,background,background,False,False
MACROH2A2,large intestine,variant,8,2,72.2825,72.2825,13.792117767043607,62.53,82.035,19.504999999999995,human,Homo sapiens,82.035,canis_lupus_familiaris,Canis lupus familiaris,62.53,False,False,False,background,background,False,False
H2AC19,cerebral cortex,clustered,4,3,71.30666666666667,76.2,10.59446239000985,59.15,78.57,19.419999999999995,human,Homo sapiens,78.57,bos_taurus,Bos taurus,59.15,False,False,False,background,background,False,False
H2AC19,thyroid gland,clustered,4,2,73.06730769230768,73.06730769230768,13.728206192590207,63.36,82.77461538461537,19.414615384615374,human,Homo sapiens,82.77461538461537,bos_taurus,Bos taurus,63.36,False,False,False,background,background,False,False
MACROH2A2,cerebellum,variant,8,7,77.64380272108845,77.07333333333334,6.366448330104712,68.9675,88.37928571428571,19.411785714285713,human,Homo sapiens,88.37928571428571,pan_troglodytes,Pan troglodytes,68.9675,True,False,False,background,background,False,False
H2AC8,omental fat pad,clustered,6,2,52.71477272727273,52.71477272727273,13.689265871598296,43.035,62.39454545454546,19.35954545454546,human,Homo sapiens,62.39454545454546,bos_taurus,Bos taurus,43.035,False,False,False,background,background,False,False
H2AX,muscle tissue,variant,8,4,76.36369444444443,78.11388888888888,8.179160271313132,64.99199999999999,84.235,19.24300000000001,sus_scrofa,Sus scrofa,84.235,equus_caballus,Equus caballus,64.99199999999999,True,False,False,background,background,False,False
H2AC25,renal medulla,clustered,6,2,48.1125,48.1125,13.523417190192722,38.55,57.675,19.125,bos_taurus,Bos taurus,57.675,canis_lupus_familiaris,Canis lupus familiaris,38.55,False,False,False,background,background,False,False
H2AC6,pituitary gland,clustered,7,4,88.38214285714285,89.73761904761905,8.14802154758035,77.50333333333333,96.55,19.046666666666667,pan_troglodytes,Pan troglodytes,96.55,canis_lupus_familiaris,Canis lupus familiaris,77.50333333333333,True,False,False,background,background,False,False
H2AC11,muscle tissue,clustered,6,4,40.463541666666664,41.098749999999995,7.84112911060433,30.346666666666664,49.31,18.96333333333334,human,Homo sapiens,49.31,bos_taurus,Bos taurus,30.346666666666664,True,False,False,background,background,False,False
H2AC6,brain,clustered,7,5,73.39835714285714,73.44749999999999,8.20927704285381,64.19,83.14,18.950000000000003,felis_catus,Felis catus,83.14,canis_lupus_familiaris,Canis lupus familiaris,64.19,True,False,False,background,background,False,False
H2AC21,cortex of kidney,clustered,6,4,45.2925,44.485,7.765236098578503,36.66,55.54,18.880000000000003,macaca_mulatta,Macaca mulatta,55.54,pan_troglodytes,Pan troglodytes,36.66,True,False,False,background,background,False,False
H2AJ,prefrontal cortex,variant,8,8,77.21424715909092,77.9825,6.3385770291868075,65.65,84.5,18.849999999999994,sus_scrofa,Sus scrofa,84.5,felis_catus,Felis catus,65.65,True,False,False,background,background,False,False
H2AC6,renal medulla,clustered,7,3,80.14055555555557,78.59,9.496253696024505,71.515,90.31666666666666,18.801666666666662,human,Homo sapiens,90.31666666666666,bos_taurus,Bos taurus,71.515,False,False,False,background,background,False,False
H2AX,temporal lobe,variant,8,4,86.7771875,87.084375,7.821446901988468,77.08,95.86,18.78,canis_lupus_familiaris,Canis lupus familiaris,95.86,pan_troglodytes,Pan troglodytes,77.08,True,False,False,background,background,False,False
MACROH2A2,brain,variant,8,5,71.06635714285714,69.3725,7.737929731563366,63.53,82.24428571428572,18.714285714285722,human,Homo sapiens,82.24428571428572,felis_catus,Felis catus,63.53,True,False,False,background,background,False,False
MACROH2A2,occipital lobe,variant,8,3,72.12416666666667,69.41,9.642141986267019,64.13,82.8325,18.7025,human,Homo sapiens,82.8325,bos_taurus,Bos taurus,64.13,False,False,False,background,background,False,False
H2AC6,stomach,clustered,7,2,79.58500000000001,79.58500000000001,13.201683604752839,70.25,88.92,18.67,human,Homo sapiens,88.92,canis_lupus_familiaris,Canis lupus familiaris,70.25,False,False,False,background,background,False,False
H2AC11,uterus,clustered,6,3,41.98833333333334,45.37,9.766911401939375,30.98,49.615,18.635,human,Homo sapiens,49.615,bos_taurus,Bos taurus,30.98,False,False,False,background,background,False,False
MACROH2A2,longissimus thoracis muscle,variant,8,2,61.27366071428571,61.27366071428571,13.137917725377978,51.98375,70.56357142857142,18.57982142857142,sus_scrofa,Sus scrofa,70.56357142857142,bos_taurus,Bos taurus,51.98375,False,False,False,background,background,False,False
MACROH2A1,granulocyte,variant,8,2,89.025,89.025,13.130972926634188,79.74,98.31,18.570000000000007,human,Homo sapiens,98.31,canis_lupus_familiaris,Canis lupus familiaris,79.74,False,False,False,background,background,False,False
MACROH2A2,subcutaneous adipose tissue,variant,8,3,64.65909867909868,62.55666666666667,9.458133011303849,56.42909090909091,74.99153846153845,18.562447552447544,human,Homo sapiens,74.99153846153845,bos_taurus,Bos taurus,56.42909090909091,False,False,False,background,background,False,False
H2AC15,heart left ventricle,clustered,5,2,50.34676470588235,50.34676470588235,13.119326462002883,41.07,59.62352941176471,18.553529411764707,human,Homo sapiens,59.62352941176471,canis_lupus_familiaris,Canis lupus familiaris,41.07,False,False,False,background,background,False,False
H2AC21,pons,clustered,6,2,64.5475,64.5475,13.085010985857059,55.295,73.8,18.504999999999995,sus_scrofa,Sus scrofa,73.8,bos_taurus,Bos taurus,55.295,False,False,False,background,background,False,False
H2AC21,brainstem,clustered,6,2,70.15833333333333,70.15833333333333,13.079118429347176,60.91,79.40666666666667,18.49666666666667,sus_scrofa,Sus scrofa,79.40666666666667,equus_caballus,Equus caballus,60.91,False,False,False,background,background,False,False
H2AC8,dorsolateral prefrontal cortex,clustered,6,3,47.594047619047615,49.77,9.436149290646801,37.26,55.75214285714286,18.49214285714286,human,Homo sapiens,55.75214285714286,pan_troglodytes,Pan troglodytes,37.26,False,False,False,background,background,False,False
MACROH2A2,retina,variant,8,3,68.11666666666666,68.08,9.225054652051298,58.91,77.36,18.450000000000003,bos_taurus,Bos taurus,77.36,canis_lupus_familiaris,Canis lupus familiaris,58.91,False,False,False,background,background,False,False
MACROH2A2,endometrium,variant,8,3,78.65006944444444,74.25333333333333,9.955386419645778,71.65,90.046875,18.396874999999994,human,Homo sapiens,90.046875,equus_caballus,Equus caballus,71.65,False,False,False,background,background,False,False
MACROH2A1,spermatocyte,variant,8,2,68.00999999999999,68.00999999999999,12.89762768884263,58.89,77.13,18.239999999999995,macaca_mulatta,Macaca mulatta,77.13,bos_taurus,Bos taurus,58.89,False,False,False,background,background,False,False
H2AX,subcutaneous adipose tissue,variant,8,3,82.72571428571429,78.55000000000001,9.807482462125435,75.69714285714285,93.93,18.232857142857156,sus_scrofa,Sus scrofa,93.93,human,Homo sapiens,75.69714285714285,False,False,False,background,background,False,False
H2AX,kidney,variant,8,5,79.06977777777777,75.88,7.084135527560115,71.88,90.07,18.189999999999998,sus_scrofa,Sus scrofa,90.07,canis_lupus_familiaris,Canis lupus familiaris,71.88,True,False,False,background,background,False,False
MACROH2A2,hypothalamus,variant,8,4,70.31675,68.13749999999999,8.094902238446123,63.41,81.58200000000001,18.17200000000001,human,Homo sapiens,81.58200000000001,bos_taurus,Bos taurus,63.41,True,False,False,background,background,False,False
MACROH2A2,amygdala,variant,8,2,72.2459090909091,72.2459090909091,12.806989455981446,63.19,81.30181818181818,18.11181818181818,human,Homo sapiens,81.30181818181818,sus_scrofa,Sus scrofa,63.19,False,False,False,background,background,False,False
H2AX,prefrontal cortex,variant,8,8,79.28908508158509,80.70454545454545,6.994245597762526,69.57,87.68,18.110000000000014,sus_scrofa,Sus scrofa,87.68,felis_catus,Felis catus,69.57,True,False,False,background,background,False,False
H2AC21,superior frontal gyrus,clustered,6,3,36.355,34.23,9.227866763234069,28.375,46.46,18.085,macaca_mulatta,Macaca mulatta,46.46,pan_troglodytes,Pan troglodytes,28.375,False,False,False,background,background,False,False
H2AC6,jejunum,clustered,7,3,71.76583333333333,67.1375,9.870486415741286,65.06,83.1,18.039999999999992,human,Homo sapiens,83.1,canis_lupus_familiaris,Canis lupus familiaris,65.06,False,False,False,background,background,False,False
H2AX,spleen,variant,8,7,83.98607943177271,84.51142857142858,6.005471312478307,76.46,94.44029411764706,17.980294117647063,mus_musculus,Mus musculus,94.44029411764706,felis_catus,Felis catus,76.46,True,False,False,background,background,False,False
H2AC8,adenohypophysis,clustered,6,2,56.473333333333336,56.473333333333336,12.676067564070838,47.510000000000005,65.43666666666667,17.926666666666662,human,Homo sapiens,65.43666666666667,bos_taurus,Bos taurus,47.510000000000005,False,False,False,background,background,False,False
H2AC11,longissimus thoracis muscle,clustered,6,2,37.681875,37.681875,12.652791965856784,28.735,46.62875,17.893749999999997,sus_scrofa,Sus scrofa,46.62875,bos_taurus,Bos taurus,28.735,False,False,False,background,background,False,False
H2AC25,leukocyte,clustered,6,2,68.5265,68.5265,12.648018995083774,59.583000000000006,77.47,17.886999999999993,human,Homo sapiens,77.47,bos_taurus,Bos taurus,59.583000000000006,False,False,False,background,background,False,False
H2AC16,placenta,clustered,4,2,44.3,44.3,12.64306924761547,35.36,53.24,17.880000000000003,canis_lupus_familiaris,Canis lupus familiaris,53.24,human,Homo sapiens,35.36,False,False,False,background,background,False,False
H2AJ,lymph node,variant,8,5,90.46833333333333,92.42166666666668,7.235430859473559,77.865,95.715,17.85000000000001,bos_taurus,Bos taurus,95.715,canis_lupus_familiaris,Canis lupus familiaris,77.865,True,False,False,background,background,False,False
H2AC7,heart,clustered,5,3,47.721805555555555,42.95,9.76824113032088,41.25666666666667,58.95875,17.702083333333334,human,Homo sapiens,58.95875,bos_taurus,Bos taurus,41.25666666666667,False,False,False,background,background,False,False
H2AJ,kidney,variant,8,5,92.34066666666666,95.555,6.944148475915215,80.67833333333333,98.28,17.601666666666674,sus_scrofa,Sus scrofa,98.28,human,Homo sapiens,80.67833333333333,True,False,False,background,background,False,False
MACROH2A2,heart right ventricle,variant,8,2,74.34083333333334,74.34083333333334,12.44625786018521,65.54,83.14166666666667,17.60166666666666,human,Homo sapiens,83.14166666666667,canis_lupus_familiaris,Canis lupus familiaris,65.54,False,False,False,background,background,False,False
H2AC20,duodenum,clustered,5,2,32.935,32.935,12.423866145447638,24.15,41.72,17.57,human,Homo sapiens,41.72,bos_taurus,Bos taurus,24.15,False,False,False,background,background,False,False
H2AC15,superior frontal gyrus,clustered,5,2,46.87166666666667,46.87166666666667,12.405009964616001,38.1,55.64333333333334,17.543333333333337,human,Homo sapiens,55.64333333333334,macaca_mulatta,Macaca mulatta,38.1,False,False,False,background,background,False,False
H2AC7,adrenal gland,clustered,5,3,45.17111111111111,42.080000000000005,9.147152764860971,37.97,55.46333333333333,17.493333333333332,bos_taurus,Bos taurus,55.46333333333333,canis_lupus_familiaris,Canis lupus familiaris,37.97,False,False,False,background,background,False,False
H2AJ,heart,variant,8,6,89.22358333333334,91.00416666666666,6.377039852949886,77.39666666666666,94.886,17.489333333333335,macaca_mulatta,Macaca mulatta,94.886,canis_lupus_familiaris,Canis lupus familiaris,77.39666666666666,True,False,False,background,background,False,False
H2AC6,temporal lobe,clustered,7,3,85.3952380952381,87.3,8.862021505845497,75.73571428571428,93.15,17.414285714285725,pan_troglodytes,Pan troglodytes,93.15,human,Homo sapiens,75.73571428571428,False,False,False,background,background,False,False
H2AC8,esophagus,clustered,6,2,58.04964285714286,58.04964285714286,12.310223984185518,49.345,66.75428571428571,17.409285714285716,human,Homo sapiens,66.75428571428571,bos_taurus,Bos taurus,49.345,False,False,False,background,background,False,False
H2AC14,tongue,clustered,7,2,45.63,45.63,12.275373721398465,36.95,54.31,17.36,bos_taurus,Bos taurus,54.31,canis_lupus_familiaris,Canis lupus familiaris,36.95,False,False,False,background,background,False,False
H2AZ2,medulla oblongata,variant,8,2,88.1625,88.1625,12.11627469563149,79.595,96.73,17.135000000000005,human,Homo sapiens,96.73,sus_scrofa,Sus scrofa,79.595,False,False,False,background,background,False,False
H2AJ,frontal cortex,variant,8,6,81.90607142857142,81.63654761904762,6.907366798868023,74.02,91.02,17.0,bos_taurus,Bos taurus,91.02,macaca_mulatta,Macaca mulatta,74.02,True,False,False,background,background,False,False
H2AZ2,pituitary gland,variant,8,5,90.87853846153845,93.39666666666666,6.557488248823991,79.95,96.87833333333332,16.928333333333313,bos_taurus,Bos taurus,96.87833333333332,pan_troglodytes,Pan troglodytes,79.95,True,False,False,background,background,False,False
H2AC20,hindlimb stylopod muscle,clustered,5,2,75.9075,75.9075,11.96778227158232,67.44500000000001,84.37,16.924999999999997,macaca_mulatta,Macaca mulatta,84.37,human,Homo sapiens,67.44500000000001,False,False,False,background,background,False,False
H2AC8,metanephros cortex,clustered,6,2,64.49000000000001,64.49000000000001,11.921820330805186,56.06,72.92,16.86,human,Homo sapiens,72.92,bos_taurus,Bos taurus,56.06,False,False,False,background,background,False,False
H2AC11,brain,clustered,6,3,42.776250000000005,42.25875,8.431918802235943,34.615,51.455,16.839999999999996,canis_lupus_familiaris,Canis lupus familiaris,51.455,macaca_mulatta,Macaca mulatta,34.615,False,False,False,background,background,False,False
H2AC19,frontal cortex,clustered,4,3,71.62255555555555,73.945,8.641975059320986,62.056666666666665,78.866,16.809333333333335,human,Homo sapiens,78.866,bos_taurus,Bos taurus,62.056666666666665,False,False,False,background,background,False,False
H2AC19,urinary bladder,clustered,4,2,73.97166666666666,73.97166666666666,11.860537743102357,65.58500000000001,82.35833333333333,16.773333333333326,human,Homo sapiens,82.35833333333333,bos_taurus,Bos taurus,65.58500000000001,False,False,False,background,background,False,False
H2AC25,monocyte,clustered,6,2,67.28999999999999,67.28999999999999,11.851109652686546,58.91,75.67,16.760000000000005,human,Homo sapiens,75.67,bos_taurus,Bos taurus,58.91,False,False,False,background,background,False,False
H2AC7,tongue,clustered,5,2,47.587500000000006,47.587500000000006,11.826360915345006,39.225,55.95,16.725,canis_lupus_familiaris,Canis lupus familiaris,55.95,bos_taurus,Bos taurus,39.225,False,False,False,background,background,False,False
H2AC20,leukocyte,clustered,5,3,65.54333333333334,66.59,8.349349276041414,56.72,73.32,16.599999999999994,bos_taurus,Bos taurus,73.32,equus_caballus,Equus caballus,56.72,False,False,False,background,background,False,False
H2AX,lung,variant,8,6,76.76223080696592,78.9607201986755,6.535565001610143,67.34,83.84,16.5,pan_troglodytes,Pan troglodytes,83.84,macaca_mulatta,Macaca mulatta,67.34,True,False,False,background,background,False,False
H2AZ2,lymph node,variant,8,5,93.635,95.175,6.523218147509708,82.34,98.76,16.42,bos_taurus,Bos taurus,98.76,pan_troglodytes,Pan troglodytes,82.34,True,False,False,background,background,False,False
MACROH2A2,cardiac atrium,variant,8,2,76.38,76.38,11.582409075835645,68.19,84.57,16.379999999999995,human,Homo sapiens,84.57,bos_taurus,Bos taurus,68.19,False,False,False,background,background,False,False
H2AC8,pituitary gland,clustered,6,3,61.62873737373737,63.474545454545456,8.279935967817629,52.58166666666667,68.83,16.248333333333328,pan_troglodytes,Pan troglodytes,68.83,bos_taurus,Bos taurus,52.58166666666667,False,False,False,background,background,False,False
H2AC15,liver,clustered,5,5,43.77916666666667,41.50833333333333,6.174754999638087,36.92,53.1625,16.2425,human,Homo sapiens,53.1625,felis_catus,Felis catus,36.92,True,False,False,background,background,False,False
MACROH2A2,prostate gland,variant,8,2,76.34222222222223,76.34222222222223,11.472414687651069,68.23,84.45444444444445,16.224444444444444,human,Homo sapiens,84.45444444444445,bos_taurus,Bos taurus,68.23,False,False,False,background,background,False,False
H2AC25,gall bladder,clustered,6,2,59.120000000000005,59.120000000000005,11.469271990845801,51.010000000000005,67.23,16.22,human,Homo sapiens,67.23,bos_taurus,Bos taurus,51.010000000000005,False,False,False,background,background,False,False
H2AC12,oviduct epithelium,clustered,6,2,43.644999999999996,43.644999999999996,11.433916651786468,35.56,51.73,16.169999999999995,bos_taurus,Bos taurus,51.73,equus_caballus,Equus caballus,35.56,False,False,False,background,background,False,False
H2AC6,cardiac atrium,clustered,7,2,70.94666666666666,70.94666666666666,11.30899445377685,62.95,78.94333333333333,15.993333333333325,human,Homo sapiens,78.94333333333333,bos_taurus,Bos taurus,62.95,False,False,False,background,background,False,False
H2AC21,cerebellar cortex,clustered,6,3,43.75888888888889,43.17,8.00958615475046,36.06,52.04666666666666,15.986666666666657,pan_troglodytes,Pan troglodytes,52.04666666666666,human,Homo sapiens,36.06,False,False,False,background,background,False,False
H2AC19,superior frontal gyrus,clustered,4,2,68.63611111111112,68.63611111111112,11.29406664395179,60.650000000000006,76.62222222222222,15.972222222222214,pan_troglodytes,Pan troglodytes,76.62222222222222,human,Homo sapiens,60.650000000000006,False,False,False,background,background,False,False
H2AC25,amygdala,clustered,6,2,88.095625,88.095625,11.277469276448944,80.12125,96.07,15.94874999999999,sus_scrofa,Sus scrofa,96.07,human,Homo sapiens,80.12125,False,False,False,background,background,False,False
H2AC1,prefrontal cortex,clustered,7,6,2.651666666666667,0.0,6.49523030128006,0.0,15.91,15.91,felis_catus,Felis catus,15.91,bos_taurus,Bos taurus,0.0,True,False,False,background,background,False,False
H2AX,brain,variant,8,5,78.74288434982739,74.23249999999999,7.6098328503645964,72.09,87.9659090909091,15.87590909090909,human,Homo sapiens,87.9659090909091,felis_catus,Felis catus,72.09,True,False,False,background,background,False,False
H2AC11,tonsil,clustered,6,2,59.59,59.59,11.186429278371179,51.68,67.5,15.82,sus_scrofa,Sus scrofa,67.5,human,Homo sapiens,51.68,False,False,False,background,background,False,False
H2AX,skeletal muscle tissue,variant,8,6,73.61945833333334,73.43,5.536795712360779,64.535,80.19800000000001,15.663000000000011,mus_musculus,Mus musculus,80.19800000000001,canis_lupus_familiaris,Canis lupus familiaris,64.535,True,False,False,background,background,False,False
H2AC7,spleen,clustered,5,4,41.272045454545456,41.965,7.867059445008329,32.75,48.408181818181816,15.658181818181816,human,Homo sapiens,48.408181818181816,felis_catus,Felis catus,32.75,True,False,False,background,background,False,False
H2AC25,corpus callosum,clustered,6,2,83.3725,83.3725,11.055614523851665,75.555,91.19,15.634999999999991,sus_scrofa,Sus scrofa,91.19,human,Homo sapiens,75.555,False,False,False,background,background,False,False
H2AC17,pituitary gland,clustered,6,3,46.416666666666664,49.38,8.216083819760685,37.13,52.74,15.61,sus_scrofa,Sus scrofa,52.74,human,Homo sapiens,37.13,False,False,False,background,background,False,False
H2AX,adrenal cortex,variant,8,2,78.51250000000002,78.51250000000002,10.984903845733019,70.745,86.28000000000002,15.53500000000001,human,Homo sapiens,86.28000000000002,canis_lupus_familiaris,Canis lupus familiaris,70.745,False,False,False,background,background,False,False
H2AC19,uterine cervix,clustered,4,2,80.85499999999999,80.85499999999999,10.953084040579622,73.11,88.6,15.489999999999995,human,Homo sapiens,88.6,bos_taurus,Bos taurus,73.11,False,False,False,background,background,False,False
H2AC13,lymph node,clustered,7,3,55.031666666666666,60.045,8.861476080954763,44.8,60.25,15.450000000000003,bos_taurus,Bos taurus,60.25,canis_lupus_familiaris,Canis lupus familiaris,44.8,False,False,False,background,background,False,False
H2AJ,gluteus medius,variant,8,2,78.84,78.84,10.86116015902538,71.16,86.52000000000001,15.360000000000014,bos_taurus,Bos taurus,86.52000000000001,equus_caballus,Equus caballus,71.16,False,False,False,background,background,False,False
H2AC6,spermatocyte,clustered,7,2,52.245000000000005,52.245000000000005,10.854089091213503,44.57,59.92,15.350000000000001,macaca_mulatta,Macaca mulatta,59.92,bos_taurus,Bos taurus,44.57,False,False,False,background,background,False,False
MACROH2A2,uterus,variant,8,4,78.09458333333333,78.33166666666668,6.308620700191835,70.19,85.525,15.335000000000008,human,Homo sapiens,85.525,sus_scrofa,Sus scrofa,70.19,True,False,False,background,background,False,False
H2AX,cardiac atrium,variant,8,2,88.33033333333333,88.33033333333333,10.823919201882878,80.67666666666666,95.984,15.307333333333332,mus_musculus,Mus musculus,95.984,human,Homo sapiens,80.67666666666666,False,False,False,background,background,False,False
H2AX,ventral tegmental area,variant,8,2,83.01916666666666,83.01916666666666,10.7327024271098,75.43,90.60833333333332,15.178333333333313,human,Homo sapiens,90.60833333333332,mus_musculus,Mus musculus,75.43,False,False,False,background,background,False,False
H2AC21,endometrium,clustered,6,3,38.791666666666664,38.935,7.571017655066809,31.15,46.29,15.14,equus_caballus,Equus caballus,46.29,human,Homo sapiens,31.15,False,False,False,background,background,False,False
H2AC13,uterine cervix,clustered,7,2,52.6475,52.6475,10.7020611332584,45.08,60.215,15.135000000000005,bos_taurus,Bos taurus,60.215,human,Homo sapiens,45.08,False,False,False,background,background,False,False
MACROH2A2,dorsolateral prefrontal cortex,variant,8,3,70.53388888888888,68.19999999999999,7.811842209344971,64.155,79.24666666666667,15.091666666666669,human,Homo sapiens,79.24666666666667,pan_troglodytes,Pan troglodytes,64.155,False,False,False,background,background,False,False
H2AC21,olfactory segment of nasal mucosa,clustered,6,3,48.5,46.04,7.825573461414821,42.2,57.26,15.059999999999995,macaca_mulatta,Macaca mulatta,57.26,bos_taurus,Bos taurus,42.2,False,False,False,background,background,False,False
H2AC15,hindlimb stylopod muscle,clustered,5,2,45.91,45.91,10.606601717798213,38.41,53.41,15.0,macaca_mulatta,Macaca mulatta,53.41,human,Homo sapiens,38.41,False,False,False,background,background,False,False
H2AX,embryo,variant,8,4,92.1398252688172,92.95048387096774,6.572822052045727,83.84,98.81833333333331,14.97833333333331,human,Homo sapiens,98.81833333333331,felis_catus,Felis catus,83.84,True,False,False,background,background,False,False
H2AC17,olfactory segment of nasal mucosa,clustered,6,2,45.19,45.19,10.535891039679555,37.74,52.64,14.899999999999999,human,Homo sapiens,52.64,macaca_mulatta,Macaca mulatta,37.74,False,False,False,background,background,False,False
MACROH2A2,primary visual cortex,variant,8,3,70.87,69.78,7.494684783231383,63.98,78.85000000000001,14.870000000000012,human,Homo sapiens,78.85000000000001,pan_troglodytes,Pan troglodytes,63.98,False,False,False,background,background,False,False
H2AZ2,oviduct epithelium,variant,8,3,92.28444444444445,97.19,8.548685625634262,82.41333333333334,97.25,14.836666666666659,bos_taurus,Bos taurus,97.25,human,Homo sapiens,82.41333333333334,False,False,False,background,background,False,False
H2AC6,omental fat pad,clustered,7,2,79.09636363636363,79.09636363636363,10.474179902412368,71.69,86.50272727272727,14.812727272727273,human,Homo sapiens,86.50272727272727,bos_taurus,Bos taurus,71.69,False,False,False,background,background,False,False
H2AZ1,oviduct epithelium,variant,8,3,88.41222222222223,91.89,7.992530772424231,79.27,94.07666666666668,14.806666666666686,human,Homo sapiens,94.07666666666668,equus_caballus,Equus caballus,79.27,False,False,False,background,background,False,False
H2AJ,cerebellum,variant,8,7,81.7414523809524,80.753,5.5912750224778005,74.21000000000001,89.0,14.789999999999992,bos_taurus,Bos taurus,89.0,pan_troglodytes,Pan troglodytes,74.21000000000001,True,False,False,background,background,False,False
H2AC25,tongue,clustered,6,2,56.480000000000004,56.480000000000004,10.451038225937165,49.09,63.87,14.779999999999994,canis_lupus_familiaris,Canis lupus familiaris,63.87,bos_taurus,Bos taurus,49.09,False,False,False,background,background,False,False
H2AC17,endometrium,clustered,6,2,38.3725,38.3725,10.440431624219377,30.99,45.755,14.765000000000004,human,Homo sapiens,45.755,equus_caballus,Equus caballus,30.99,False,False,False,background,background,False,False
H2AC13,myometrium,clustered,7,2,40.817499999999995,40.817499999999995,10.41214735297191,33.455,48.18,14.725000000000001,bos_taurus,Bos taurus,48.18,human,Homo sapiens,33.455,False,False,False,background,background,False,False
MACROH2A2,olfactory segment of nasal mucosa,variant,8,3,73.13166666666666,75.185,7.518321510372731,64.8,79.41,14.61,human,Homo sapiens,79.41,macaca_mulatta,Macaca mulatta,64.8,False,False,False,background,background,False,False
MACROH2A2,cerebellar cortex,variant,8,3,79.65166666666669,77.35000000000001,7.550368092572258,73.52000000000001,88.08500000000001,14.564999999999998,human,Homo sapiens,88.08500000000001,pan_troglodytes,Pan troglodytes,73.52000000000001,False,False,False,background,background,False,False
H2AC12,occipital lobe,clustered,6,2,39.78,39.78,10.295474734076134,32.5,47.06,14.560000000000002,bos_taurus,Bos taurus,47.06,canis_lupus_familiaris,Canis lupus familiaris,32.5,False,False,False,background,background,False,False
H2AZ2,spleen,variant,8,7,94.41583673469388,95.165,4.846720800698367,84.4,98.91,14.509999999999991,felis_catus,Felis catus,98.91,pan_troglodytes,Pan troglodytes,84.4,True,False,False,background,background,False,False
H2AC7,adenohypophysis,clustered,5,2,40.832499999999996,40.832499999999996,10.11516250487356,33.68,47.985,14.305,bos_taurus,Bos taurus,47.985,human,Homo sapiens,33.68,False,False,False,background,background,False,False
MACROH2A2,thyroid gland,variant,8,3,74.2,74.49,7.149412563280997,66.91,81.2,14.290000000000006,human,Homo sapiens,81.2,bos_taurus,Bos taurus,66.91,False,False,False,background,background,False,False
H2AX,liver,variant,8,8,74.86755231829574,74.27250000000001,5.486394978258116,69.02000000000001,83.2478947368421,14.227894736842089,mus_musculus,Mus musculus,83.2478947368421,felis_catus,Felis catus,69.02000000000001,True,False,False,background,background,False,False
H2AC13,islet of Langerhans,clustered,7,2,42.45375,42.45375,10.021470856366344,35.3675,49.54,14.1725,mus_musculus,Mus musculus,49.54,human,Homo sapiens,35.3675,False,False,False,background,background,False,False
H2AC17,urinary bladder,clustered,6,2,46.02,46.02,9.998489885977783,38.95,53.09,14.14,canis_lupus_familiaris,Canis lupus familiaris,53.09,human,Homo sapiens,38.95,False,False,False,background,background,False,False
MACROH2A1,spermatid,variant,8,2,59.74,59.74,9.998489885977783,52.67,66.81,14.14,macaca_mulatta,Macaca mulatta,66.81,bos_taurus,Bos taurus,52.67,False,False,False,background,background,False,False
H2AC17,stomach,clustered,6,3,63.416111111111114,67.05333333333333,7.723975360549149,54.545,68.65,14.105000000000004,sus_scrofa,Sus scrofa,68.65,canis_lupus_familiaris,Canis lupus familiaris,54.545,False,False,False,background,background,False,False
H2AX,thoracic mammary gland,variant,8,2,82.03678571428571,82.03678571428571,9.819187809319772,75.09357142857142,88.98,13.886428571428581,mus_musculus,Mus musculus,88.98,human,Homo sapiens,75.09357142857142,False,False,False,background,background,False,False
H2AC13,small intestine,clustered,7,2,38.82,38.82,9.736860376938758,31.935,45.705,13.77,human,Homo sapiens,45.705,canis_lupus_familiaris,Canis lupus familiaris,31.935,False,False,False,background,background,False,False
H2AC6,cardiac ventricle,clustered,7,2,76.18,76.18,9.729789309126893,69.3,83.06,13.760000000000005,human,Homo sapiens,83.06,bos_taurus,Bos taurus,69.3,False,False,False,background,background,False,False
H2AX,seminal vesicle,variant,8,2,77.87,77.87,9.715647173503154,71.0,84.74,13.739999999999995,mus_musculus,Mus musculus,84.74,human,Homo sapiens,71.0,False,False,False,background,background,False,False
H2AJ,ovary,variant,8,4,93.65704545454545,95.41999999999999,6.285519077122477,85.0281818181818,98.76,13.731818181818198,sus_scrofa,Sus scrofa,98.76,human,Homo sapiens,85.0281818181818,True,False,False,background,background,False,False
H2AC12,smooth muscle tissue,clustered,6,2,47.31,47.31,9.70150503787943,40.45,54.17,13.719999999999999,canis_lupus_familiaris,Canis lupus familiaris,54.17,human,Homo sapiens,40.45,False,False,False,background,background,False,False
MACROH2A2,small intestine,variant,8,2,74.045,74.045,9.659078631008237,67.215,80.875,13.659999999999997,human,Homo sapiens,80.875,canis_lupus_familiaris,Canis lupus familiaris,67.215,False,False,False,background,background,False,False
H2AC16,thyroid gland,clustered,4,2,34.54,34.54,9.602510088513315,27.75,41.33,13.579999999999998,canis_lupus_familiaris,Canis lupus familiaris,41.33,human,Homo sapiens,27.75,False,False,False,background,background,False,False
H2AC6,skeletal muscle tissue,clustered,7,5,85.53066666666666,83.565,5.486702688217107,81.73333333333333,95.24,13.50666666666666,pan_troglodytes,Pan troglodytes,95.24,human,Homo sapiens,81.73333333333333,True,False,False,background,background,False,False
H2AC12,uterine cervix,clustered,6,2,52.0825,52.0825,9.464624266181943,45.39,58.775000000000006,13.385000000000005,bos_taurus,Bos taurus,58.775000000000006,human,Homo sapiens,45.39,False,False,False,background,background,False,False
H2AC6,heart right ventricle,clustered,7,2,76.12583333333333,76.12583333333333,9.45519617576612,69.44,82.81166666666667,13.37166666666667,human,Homo sapiens,82.81166666666667,canis_lupus_familiaris,Canis lupus familiaris,69.44,False,False,False,background,background,False,False
H2AC17,hindlimb stylopod muscle,clustered,6,2,39.285,39.285,9.355022715098018,32.67,45.9,13.229999999999997,human,Homo sapiens,45.9,macaca_mulatta,Macaca mulatta,32.67,False,False,False,background,background,False,False
H2AZ1,oocyte,variant,8,3,80.76666666666667,81.52,6.632166564052297,73.79,86.99,13.199999999999989,sus_scrofa,Sus scrofa,86.99,bos_taurus,Bos taurus,73.79,False,False,False,background,background,False,False
H2AC25,uterine cervix,clustered,6,2,70.0925,70.0925,9.33027397775649,63.495000000000005,76.69,13.194999999999993,human,Homo sapiens,76.69,bos_taurus,Bos taurus,63.495000000000005,False,False,False,background,background,False,False
H2AJ,granulocyte,variant,8,2,86.41499999999999,86.41499999999999,9.284312036979381,79.85,92.98,13.13000000000001,human,Homo sapiens,92.98,canis_lupus_familiaris,Canis lupus familiaris,79.85,False,False,False,background,background,False,False
H2AJ,ileum,variant,8,3,90.06400000000001,93.57,7.2295053772716695,81.75,94.872,13.122,bos_taurus,Bos taurus,94.872,macaca_mulatta,Macaca mulatta,81.75,False,False,False,background,background,False,False
MACROH2A1,omental fat pad,variant,8,2,90.53636363636363,90.53636363636363,9.173103425029133,84.05,97.02272727272728,12.972727272727283,human,Homo sapiens,97.02272727272728,bos_taurus,Bos taurus,84.05,False,False,False,background,background,False,False
H2AX,substantia nigra,variant,8,2,83.86605263157895,83.86605263157895,9.130237190973466,77.41,90.3221052631579,12.912105263157898,human,Homo sapiens,90.3221052631579,mus_musculus,Mus musculus,77.41,False,False,False,background,background,False,False
H2AZ2,corpus callosum,variant,8,2,90.24583333333334,90.24583333333334,9.129927056420323,83.78999999999999,96.70166666666668,12.91166666666669,human,Homo sapiens,96.70166666666668,sus_scrofa,Sus scrofa,83.78999999999999,False,False,False,background,background,False,False
H2AZ2,dorsal plus ventral thalamus,variant,8,2,88.48071428571428,88.48071428571428,9.108545494227295,82.03999999999999,94.92142857142858,12.881428571428586,human,Homo sapiens,94.92142857142858,sus_scrofa,Sus scrofa,82.03999999999999,False,False,False,background,background,False,False
H2AX,aorta,variant,8,2,72.92374999999998,72.92374999999998,9.09516097301196,66.49249999999999,79.35499999999999,12.862499999999997,human,Homo sapiens,79.35499999999999,mus_musculus,Mus musculus,66.49249999999999,False,False,False,background,background,False,False
H2AZ2,frontal cortex,variant,8,6,90.76777777777778,91.86333333333333,5.064005295181834,83.55999999999999,96.39,12.830000000000013,human,Homo sapiens,96.39,sus_scrofa,Sus scrofa,83.55999999999999,True,False,False,background,background,False,False
H2AC12,omental fat pad,clustered,6,2,44.802499999999995,44.802499999999995,9.054502333093739,38.4,51.205,12.805,bos_taurus,Bos taurus,51.205,human,Homo sapiens,38.4,False,False,False,background,background,False,False
H2AC20,dorsolateral prefrontal cortex,clustered,5,2,57.09625,57.09625,9.049199032234842,50.6975,63.495,12.7975,macaca_mulatta,Macaca mulatta,63.495,human,Homo sapiens,50.6975,False,False,False,background,background,False,False
H2AX,islet of Langerhans,variant,8,2,77.22511904761905,77.22511904761905,9.0417070675294,70.83166666666666,83.61857142857141,12.78690476190475,mus_musculus,Mus musculus,83.61857142857141,human,Homo sapiens,70.83166666666666,False,False,False,background,background,False,False
H2AZ2,prefrontal cortex,variant,8,8,91.39528977272727,93.15375,4.6548016986295035,83.66,96.373,12.713000000000008,human,Homo sapiens,96.373,sus_scrofa,Sus scrofa,83.66,True,False,False,background,background,False,False
H2AC21,thyroid gland,clustered,6,2,39.86750000000001,39.86750000000001,8.976720587163223,33.52,46.215,12.695,bos_taurus,Bos taurus,46.215,human,Homo sapiens,33.52,False,False,False,background,background,False,False
H2AX,occipital cortex,variant,8,2,55.72333333333333,55.72333333333333,8.942543759405867,49.4,62.04666666666666,12.646666666666661,sus_scrofa,Sus scrofa,62.04666666666666,canis_lupus_familiaris,Canis lupus familiaris,49.4,False,False,False,background,background,False,False
H2AZ1,cerebellum,variant,8,7,95.52738375350141,96.925,4.396850617579285,85.92,98.546,12.626000000000005,macaca_mulatta,Macaca mulatta,98.546,equus_caballus,Equus caballus,85.92,True,False,False,background,background,False,False
H2AZ2,pons,variant,8,3,90.85000000000001,94.42,7.026718650977861,82.755,95.375,12.620000000000005,bos_taurus,Bos taurus,95.375,sus_scrofa,Sus scrofa,82.755,False,False,False,background,background,False,False
MACROH2A2,adrenal gland,variant,8,3,67.61,67.655,6.307620391241064,61.28,73.89500000000001,12.615000000000009,human,Homo sapiens,73.89500000000001,bos_taurus,Bos taurus,61.28,False,False,False,background,background,False,False
H2AC19,primary visual cortex,clustered,4,2,69.78,69.78,8.916616510762372,63.475,76.08500000000001,12.610000000000007,pan_troglodytes,Pan troglodytes,76.08500000000001,human,Homo sapiens,63.475,False,False,False,background,background,False,False
H2AX,oocyte,variant,8,3,90.54666666666667,92.36,6.492775472271727,83.34,95.94,12.599999999999994,human,Homo sapiens,95.94,sus_scrofa,Sus scrofa,83.34,False,False,False,background,background,False,False
H2AZ2,amygdala,variant,8,2,90.43961538461538,90.43961538461538,8.894859379033532,84.15,96.72923076923075,12.579230769230747,human,Homo sapiens,96.72923076923075,sus_scrofa,Sus scrofa,84.15,False,False,False,background,background,False,False
MACROH2A1,spleen,variant,8,7,93.75710884353741,94.78333333333336,4.498794170407259,85.24,97.815,12.575000000000003,macaca_mulatta,Macaca mulatta,97.815,pan_troglodytes,Pan troglodytes,85.24,True,False,False,background,background,False,False
MACROH2A1,bone marrow,variant,8,5,93.85285714285715,94.62,4.665189258360959,86.55000000000001,99.0442857142857,12.494285714285695,human,Homo sapiens,99.0442857142857,bos_taurus,Bos taurus,86.55000000000001,True,False,False,background,background,False,False
MACROH2A1,colon,variant,8,6,93.48842592592592,94.88,4.649681993860756,85.28,97.43055555555556,12.150555555555556,human,Homo sapiens,97.43055555555556,pan_troglodytes,Pan troglodytes,85.28,True,False,False,background,background,False,False
H2AC25,cortex of kidney,clustered,6,3,63.57333333333333,60.18,6.748455996250797,59.19499999999999,71.345,12.150000000000006,human,Homo sapiens,71.345,pan_troglodytes,Pan troglodytes,59.19499999999999,False,False,False,background,background,False,False
H2AC7,gall bladder,clustered,5,2,50.5275,50.5275,8.580740789698755,44.46,56.595,12.134999999999998,bos_taurus,Bos taurus,56.595,human,Homo sapiens,44.46,False,False,False,background,background,False,False
MACROH2A1,pons,variant,8,3,91.54166666666667,92.755,6.155352007264352,84.87,97.0,12.129999999999995,human,Homo sapiens,97.0,bos_taurus,Bos taurus,84.87,False,False,False,background,background,False,False
H2AJ,heart left ventricle,variant,8,3,86.37519607843137,83.985,6.404056742596776,81.50999999999999,93.63058823529413,12.120588235294136,human,Homo sapiens,93.63058823529413,canis_lupus_familiaris,Canis lupus familiaris,81.50999999999999,False,False,False,background,background,False,False
H2AC8,Ammon's horn,clustered,6,2,51.586,51.586,8.564477333731467,45.53,57.642,12.112000000000002,human,Homo sapiens,57.642,bos_taurus,Bos taurus,45.53,False,False,False,background,background,False,False
H2AC11,dorsolateral prefrontal cortex,clustered,6,2,48.406666666666666,48.406666666666666,8.560706097565136,42.35333333333333,54.46,12.10666666666667,macaca_mulatta,Macaca mulatta,54.46,human,Homo sapiens,42.35333333333333,False,False,False,background,background,False,False
MACROH2A2,adrenal cortex,variant,8,2,65.405,65.405,8.520636713297904,59.38,71.43,12.050000000000004,human,Homo sapiens,71.43,canis_lupus_familiaris,Canis lupus familiaris,59.38,False,False,False,background,background,False,False
H2AJ,zone of skin,variant,8,5,94.46504761904762,96.72,4.940625718907583,85.81428571428572,97.83666666666666,12.022380952380942,bos_taurus,Bos taurus,97.83666666666666,human,Homo sapiens,85.81428571428572,True,False,False,background,background,False,False
H2AC19,adrenal gland,clustered,4,2,81.64833333333334,81.64833333333334,8.482924351634603,75.65,87.64666666666666,11.996666666666655,human,Homo sapiens,87.64666666666666,bos_taurus,Bos taurus,75.65,False,False,False,background,background,False,False
H2AC21,placenta,clustered,6,2,42.885,42.885,8.449926035179244,36.91,48.86,11.950000000000003,bos_taurus,Bos taurus,48.86,human,Homo sapiens,36.91,False,False,False,background,background,False,False
H2AC12,thymus,clustered,6,2,55.22,55.22,8.414570696119911,49.27,61.17,11.899999999999999,bos_taurus,Bos taurus,61.17,canis_lupus_familiaris,Canis lupus familiaris,49.27,False,False,False,background,background,False,False
MACROH2A1,monocyte,variant,8,2,93.25999999999999,93.25999999999999,8.400428560496197,87.32,99.2,11.88000000000001,human,Homo sapiens,99.2,bos_taurus,Bos taurus,87.32,False,False,False,background,background,False,False
H2AZ2,testis,variant,8,8,94.6962532051282,96.31084615384616,4.085143119918374,87.11333333333334,98.99,11.876666666666651,equus_caballus,Equus caballus,98.99,sus_scrofa,Sus scrofa,87.11333333333334,True,False,False,background,background,False,False
H2AZ1,omental fat pad,variant,8,2,92.03,92.03,8.386286424872448,86.1,97.96,11.86,human,Homo sapiens,97.96,bos_taurus,Bos taurus,86.1,False,False,False,background,background,False,False
H2AC20,primary visual cortex,clustered,5,2,67.075,67.075,8.336788950189392,61.18,72.97,11.79,macaca_mulatta,Macaca mulatta,72.97,human,Homo sapiens,61.18,False,False,False,background,background,False,False
H2AC7,ovary,clustered,5,3,44.449444444444445,45.395,5.930143415291568,38.10333333333333,49.85,11.74666666666667,canis_lupus_familiaris,Canis lupus familiaris,49.85,human,Homo sapiens,38.10333333333333,False,False,False,background,background,False,False
MACROH2A1,mammary gland,variant,8,3,93.18416666666667,97.025,6.7262649058250314,85.41749999999999,97.11,11.69250000000001,human,Homo sapiens,97.11,bos_taurus,Bos taurus,85.41749999999999,False,False,False,background,background,False,False
H2AC6,thyroid gland,clustered,7,3,81.40078431372548,82.02,5.865740670209513,75.25,86.93235294117646,11.682352941176461,human,Homo sapiens,86.93235294117646,bos_taurus,Bos taurus,75.25,False,False,False,background,background,False,False
H2AZ2,cerebellum,variant,8,7,93.98985854341736,94.14666666666666,4.090354639501191,86.12666666666667,97.782,11.655333333333331,equus_caballus,Equus caballus,97.782,sus_scrofa,Sus scrofa,86.12666666666667,True,False,False,background,background,False,False
H2AC8,cerebellar cortex,clustered,6,3,57.16255555555555,58.275,5.88966237792336,50.79600000000001,62.41666666666666,11.62066666666665,macaca_mulatta,Macaca mulatta,62.41666666666666,pan_troglodytes,Pan troglodytes,50.79600000000001,False,False,False,background,background,False,False
H2AC6,cartilage tissue,clustered,7,2,76.50999999999999,76.50999999999999,8.202438661763962,70.71,82.31,11.600000000000009,human,Homo sapiens,82.31,canis_lupus_familiaris,Canis lupus familiaris,70.71,False,False,False,background,background,False,False
H2AZ2,occipital cortex,variant,8,2,85.69166666666666,85.69166666666666,8.200081639159995,79.89333333333333,91.49,11.596666666666664,canis_lupus_familiaris,Canis lupus familiaris,91.49,sus_scrofa,Sus scrofa,79.89333333333333,False,False,False,background,background,False,False
MACROH2A2,midbrain,variant,8,2,76.58,76.58,8.089301576774103,70.86,82.3,11.439999999999998,human,Homo sapiens,82.3,bos_taurus,Bos taurus,70.86,False,False,False,background,background,False,False
H2AX,thymus,variant,8,4,94.77133928571428,96.93875,5.306254286754196,86.94,98.26785714285714,11.327857142857141,mus_musculus,Mus musculus,98.26785714285714,canis_lupus_familiaris,Canis lupus familiaris,86.94,True,False,False,background,background,False,False
H2AC17,small intestine,clustered,6,2,50.3925,50.3925,7.951415754442722,44.77,56.015,11.244999999999997,canis_lupus_familiaris,Canis lupus familiaris,56.015,human,Homo sapiens,44.77,False,False,False,background,background,False,False
H2AC6,fibroblast,clustered,7,2,90.33250000000001,90.33250000000001,7.894847211947803,84.75,95.915,11.165000000000006,pan_troglodytes,Pan troglodytes,95.915,macaca_mulatta,Macaca mulatta,84.75,False,False,False,background,background,False,False
H2AZ2,cerebral cortex,variant,8,6,91.31516666666666,91.6725,4.660328332496185,85.79,96.916,11.12599999999999,human,Homo sapiens,96.916,sus_scrofa,Sus scrofa,85.79,True,False,False,background,background,False,False
H2AC17,embryo,clustered,6,2,43.040000000000006,43.040000000000006,7.806458864299482,37.52,48.56,11.04,felis_catus,Felis catus,48.56,equus_caballus,Equus caballus,37.52,False,False,False,background,background,False,False
H2AX,large intestine,variant,8,3,87.52499999999999,86.565,5.577313421352614,82.49,93.52,11.030000000000001,canis_lupus_familiaris,Canis lupus familiaris,93.52,human,Homo sapiens,82.49,False,False,False,background,background,False,False
H2AX,primary visual cortex,variant,8,4,86.28520833333334,87.93666666666667,4.8803233221956335,79.1425,90.125,10.982500000000002,pan_troglodytes,Pan troglodytes,90.125,human,Homo sapiens,79.1425,True,False,False,background,background,False,False
MACROH2A2,gall bladder,variant,8,2,76.26249999999999,76.26249999999999,7.732212652274914,70.79499999999999,81.73,10.935000000000016,human,Homo sapiens,81.73,bos_taurus,Bos taurus,70.79499999999999,False,False,False,background,background,False,False
H2AZ1,liver,variant,8,8,91.136204063147,92.15321428571428,3.4829306765811263,84.645,95.57260869565218,10.927608695652182,human,Homo sapiens,95.57260869565218,felis_catus,Felis catus,84.645,True,False,False,background,background,False,False
H2AC25,endometrium,clustered,6,2,61.62,61.62,7.707463914933362,56.17,67.07,10.899999999999991,human,Homo sapiens,67.07,bos_taurus,Bos taurus,56.17,False,False,False,background,background,False,False
MACROH2A2,granulosa cell,variant,8,2,82.33500000000001,82.33500000000001,7.643824304626565,76.93,87.74,10.809999999999988,sus_scrofa,Sus scrofa,87.74,bos_taurus,Bos taurus,76.93,False,False,False,background,background,False,False
H2AC11,adrenal gland,clustered,6,3,45.75833333333333,45.865,5.395790797773139,40.31,51.1,10.79,human,Homo sapiens,51.1,bos_taurus,Bos taurus,40.31,False,False,False,background,background,False,False
H2AC8,duodenum,clustered,6,2,61.59291666666667,61.59291666666667,7.5807739499707765,56.2325,66.95333333333333,10.720833333333331,human,Homo sapiens,66.95333333333333,bos_taurus,Bos taurus,56.2325,False,False,False,background,background,False,False
MACROH2A2,semimembranosus muscle,variant,8,2,57.06166666666667,57.06166666666667,7.577827671715833,51.70333333333334,62.42,10.716666666666661,sus_scrofa,Sus scrofa,62.42,bos_taurus,Bos taurus,51.70333333333334,False,False,False,background,background,False,False
H2AJ,semimembranosus muscle,variant,8,2,87.865,87.865,7.488260812765541,82.57,93.16,10.590000000000003,sus_scrofa,Sus scrofa,93.16,bos_taurus,Bos taurus,82.57,False,False,False,background,background,False,False
H2AC7,subcutaneous adipose tissue,clustered,5,2,38.388015873015874,38.388015873015874,7.4541401045939955,33.11714285714286,43.65888888888889,10.54174603174603,bos_taurus,Bos taurus,43.65888888888889,human,Homo sapiens,33.11714285714286,False,False,False,background,background,False,False
H2AC8,placenta,clustered,6,2,51.81,51.81,7.452905473706208,46.54,57.08,10.54,human,Homo sapiens,57.08,bos_taurus,Bos taurus,46.54,False,False,False,background,background,False,False
H2AC25,jejunum,clustered,6,2,51.15875,51.15875,7.451137706753243,45.89,56.4275,10.537500000000001,bos_taurus,Bos taurus,56.4275,canis_lupus_familiaris,Canis lupus familiaris,45.89,False,False,False,background,background,False,False
H2AC8,saliva-secreting gland,clustered,6,2,58.356,58.356,7.433106483832988,53.1,63.612,10.512,human,Homo sapiens,63.612,bos_taurus,Bos taurus,53.1,False,False,False,background,background,False,False
H2AC6,small intestine,clustered,7,2,80.825,80.825,7.424621202458749,75.575,86.075,10.5,human,Homo sapiens,86.075,canis_lupus_familiaris,Canis lupus familiaris,75.575,False,False,False,background,background,False,False
H2AC21,brain,clustered,6,3,36.7175,39.3325,5.717619150485627,30.16,40.66,10.499999999999996,bos_taurus,Bos taurus,40.66,human,Homo sapiens,30.16,False,False,False,background,background,False,False
H2AJ,muscle tissue,variant,8,4,80.49507142857144,81.95214285714286,4.929021734432037,73.796,84.28,10.483999999999995,sus_scrofa,Sus scrofa,84.28,equus_caballus,Equus caballus,73.796,True,False,False,background,background,False,False
H2AC15,gall bladder,clustered,5,2,49.7325,49.7325,7.3928013973053535,44.505,54.96,10.454999999999998,human,Homo sapiens,54.96,bos_taurus,Bos taurus,44.505,False,False,False,background,background,False,False
MACROH2A2,superior frontal gyrus,variant,8,3,72.59035426731079,70.60888888888888,5.486354076510603,68.37,78.79217391304348,10.42217391304348,human,Homo sapiens,78.79217391304348,macaca_mulatta,Macaca mulatta,68.37,False,False,False,background,background,False,False
H2AC6,spermatid,clustered,7,2,49.405,49.405,7.3609815921519575,44.2,54.61,10.409999999999997,macaca_mulatta,Macaca mulatta,54.61,bos_taurus,Bos taurus,44.2,False,False,False,background,background,False,False
MACROH2A1,cardiac ventricle,variant,8,2,90.36166666666668,90.36166666666668,7.32798327569658,85.18,95.54333333333334,10.36333333333333,human,Homo sapiens,95.54333333333334,bos_taurus,Bos taurus,85.18,False,False,False,background,background,False,False
MACROH2A2,brainstem,variant,8,2,66.81666666666666,66.81666666666666,7.3209122078847155,61.64,71.99333333333333,10.353333333333325,sus_scrofa,Sus scrofa,71.99333333333333,equus_caballus,Equus caballus,61.64,False,False,False,background,background,False,False
H2AC21,adenohypophysis,clustered,6,2,46.417500000000004,46.417500000000004,7.307948583562972,41.25,51.585,10.335,bos_taurus,Bos taurus,51.585,human,Homo sapiens,41.25,False,False,False,background,background,False,False
H2AC14,spermatid,clustered,7,2,55.215,55.215,7.304413049657037,50.05,60.38,10.330000000000005,macaca_mulatta,Macaca mulatta,60.38,bos_taurus,Bos taurus,50.05,False,False,False,background,background,False,False
MACROH2A1,gluteal muscle,variant,8,2,87.225,87.225,7.30441304965704,82.06,92.39,10.329999999999998,human,Homo sapiens,92.39,bos_taurus,Bos taurus,82.06,False,False,False,background,background,False,False
MACROH2A1,liver,variant,8,8,90.4866700634058,90.7875,3.290361091223889,83.904375,94.20565217391304,10.301277173913036,human,Homo sapiens,94.20565217391304,bos_taurus,Bos taurus,83.904375,True,False,False,background,background,False,False
H2AC11,pancreas,clustered,6,2,47.055,47.055,7.240773439350243,41.935,52.175,10.239999999999995,canis_lupus_familiaris,Canis lupus familiaris,52.175,human,Homo sapiens,41.935,False,False,False,background,background,False,False
H2AC7,omental fat pad,clustered,5,2,35.812,35.812,7.194104391791937,30.725,40.899,10.174,human,Homo sapiens,40.899,bos_taurus,Bos taurus,30.725,False,False,False,background,background,False,False
MACROH2A1,adipose tissue,variant,8,5,92.27405882352942,91.825,4.085618070414932,86.75,96.91529411764704,10.165294117647036,human,Homo sapiens,96.91529411764704,bos_taurus,Bos taurus,86.75,True,False,False,background,background,False,False
H2AZ2,superior frontal gyrus,variant,8,3,91.94388148148148,92.86,5.1429422488954035,86.40444444444444,96.5672,10.162755555555563,human,Homo sapiens,96.5672,pan_troglodytes,Pan troglodytes,86.40444444444444,False,False,False,background,background,False,False
H2AZ2,liver,variant,8,8,91.8683556547619,92.05071428571429,3.0029940605337733,86.47333333333334,96.56,10.086666666666659,equus_caballus,Equus caballus,96.56,pan_troglodytes,Pan troglodytes,86.47333333333334,True,False,False,background,background,False,False
MACROH2A2,urethra,variant,8,2,75.33166666666666,75.33166666666666,7.129993376964361,70.28999999999999,80.37333333333333,10.083333333333343,human,Homo sapiens,80.37333333333333,bos_taurus,Bos taurus,70.28999999999999,False,False,False,background,background,False,False
H2AC11,subcutaneous adipose tissue,clustered,6,3,44.814166666666665,42.4,5.455286617890332,40.9825,51.06,10.0775,bos_taurus,Bos taurus,51.06,human,Homo sapiens,40.9825,False,False,False,background,background,False,False
H2AC11,duodenum,clustered,6,3,57.12083333333334,56.585,5.0476258858331935,52.3625,62.415,10.052500000000002,human,Homo sapiens,62.415,bos_taurus,Bos taurus,52.3625,False,False,False,background,background,False,False
H2AZ2,cortex of kidney,variant,8,4,93.46025,95.703,4.856839189912172,86.195,96.24,10.045000000000002,bos_taurus,Bos taurus,96.24,pan_troglodytes,Pan troglodytes,86.195,True,False,False,background,background,False,False
H2AC6,smooth muscle tissue,clustered,7,2,85.84,85.84,7.085209947489209,80.83,90.85,10.019999999999996,canis_lupus_familiaris,Canis lupus familiaris,90.85,human,Homo sapiens,80.83,False,False,False,background,background,False,False
MACROH2A2,forebrain,variant,8,2,88.64500000000001,88.64500000000001,7.07813887967735,83.64,93.65,10.010000000000005,human,Homo sapiens,93.65,sus_scrofa,Sus scrofa,83.64,False,False,False,background,background,False,False
H2AZ2,lung,variant,8,6,93.3159523809524,94.03035714285714,3.7879689355197472,87.18,97.19,10.009999999999991,bos_taurus,Bos taurus,97.19,pan_troglodytes,Pan troglodytes,87.18,True,False,False,background,background,False,False
H2AJ,omental fat pad,variant,8,2,93.37636363636364,93.37636363636364,7.0659252170931985,88.38,98.37272727272726,9.992727272727265,human,Homo sapiens,98.37272727272726,bos_taurus,Bos taurus,88.38,False,False,False,background,background,False,False
H2AZ2,adipose tissue,variant,8,5,92.15874509803922,91.97,4.281674445841165,86.4,96.37166666666668,9.971666666666678,bos_taurus,Bos taurus,96.37166666666668,macaca_mulatta,Macaca mulatta,86.4,True,False,False,background,background,False,False
H2AJ,skeletal muscle tissue,variant,8,6,87.75305555555555,87.7025,3.5288383620088366,81.93083333333333,91.89,9.959166666666675,canis_lupus_familiaris,Canis lupus familiaris,91.89,human,Homo sapiens,81.93083333333333,True,False,False,background,background,False,False
H2AJ,uterine cervix,variant,8,2,90.00450000000001,90.00450000000001,7.015206376151748,85.044,94.965,9.921000000000006,bos_taurus,Bos taurus,94.965,human,Homo sapiens,85.044,False,False,False,background,background,False,False
MACROH2A1,prefrontal cortex,variant,8,8,93.41258522727273,93.96409090909091,3.151517809907071,86.41,96.2825,9.872500000000002,macaca_mulatta,Macaca mulatta,96.2825,bos_taurus,Bos taurus,86.41,True,False,False,background,background,False,False
H2AJ,spleen,variant,8,7,91.69018367346939,91.67,3.3790316031040537,85.76428571428572,95.63666666666668,9.872380952380965,human,Homo sapiens,95.63666666666668,sus_scrofa,Sus scrofa,85.76428571428572,True,False,False,background,background,False,False
H2AX,ovary,variant,8,4,86.53726515151516,86.25316666666666,4.944922820641051,81.89272727272727,91.75,9.85727272727273,canis_lupus_familiaris,Canis lupus familiaris,91.75,human,Homo sapiens,81.89272727272727,True,False,False,background,background,False,False
H2AZ1,Brodmann (1909) area 10,variant,8,2,93.84,93.84,6.9437885912518915,88.93,98.75,9.819999999999993,pan_troglodytes,Pan troglodytes,98.75,human,Homo sapiens,88.93,False,False,False,background,background,False,False
MACROH2A2,embryo,variant,8,3,94.03111111111112,97.28333333333336,5.6561238526960445,87.5,97.31,9.810000000000002,equus_caballus,Equus caballus,97.31,felis_catus,Felis catus,87.5,False,False,False,background,background,False,False
H2AC21,hindlimb stylopod muscle,clustered,6,3,56.32333333333333,57.53,4.980856686688883,50.85,60.59,9.740000000000002,human,Homo sapiens,60.59,pan_troglodytes,Pan troglodytes,50.85,False,False,False,background,background,False,False
H2AZ1,heart left ventricle,variant,8,3,93.20062091503269,94.98333333333332,5.093862337121751,87.45500000000001,97.1635294117647,9.708529411764687,human,Homo sapiens,97.1635294117647,sus_scrofa,Sus scrofa,87.45500000000001,False,False,False,background,background,False,False
MACROH2A1,leukocyte,variant,8,3,94.21727272727271,94.93,4.888217238277677,89.01181818181819,98.71,9.698181818181808,human,Homo sapiens,98.71,bos_taurus,Bos taurus,89.01181818181819,False,False,False,background,background,False,False
H2AJ,mesenteric lymph node,variant,8,2,90.4825,90.4825,6.827115972356117,85.655,95.31,9.655000000000001,bos_taurus,Bos taurus,95.31,sus_scrofa,Sus scrofa,85.655,False,False,False,background,background,False,False
H2AB3,Ammon's horn,variant,5,2,31.106250000000003,31.106250000000003,6.825348205403152,26.28,35.932500000000005,9.652500000000003,human,Homo sapiens,35.932500000000005,mus_musculus,Mus musculus,26.28,False,False,False,background,background,False,False
MACROH2A1,temporal lobe,variant,8,3,92.76291666666667,95.26,5.259524742867304,86.72,96.30875,9.588750000000005,human,Homo sapiens,96.30875,pan_troglodytes,Pan troglodytes,86.72,False,False,False,background,background,False,False
H2AC19,dorsolateral prefrontal cortex,clustered,4,2,73.77833333333334,73.77833333333334,6.771725941163161,68.99000000000001,78.56666666666666,9.576666666666654,human,Homo sapiens,78.56666666666666,pan_troglodytes,Pan troglodytes,68.99000000000001,False,False,False,background,background,False,False
H2AJ,adult mammalian kidney,variant,8,8,93.635625,93.68,2.847126501488157,87.70666666666666,97.28,9.573333333333338,sus_scrofa,Sus scrofa,97.28,canis_lupus_familiaris,Canis lupus familiaris,87.70666666666666,True,False,False,background,background,False,False
H2AC11,forebrain,clustered,6,2,64.315,64.315,6.767011895955255,59.53,69.1,9.569999999999993,sus_scrofa,Sus scrofa,69.1,human,Homo sapiens,59.53,False,False,False,background,background,False,False
MACROH2A1,uterine cervix,variant,8,2,92.85,92.85,6.759940828143396,88.07,97.63,9.560000000000002,human,Homo sapiens,97.63,bos_taurus,Bos taurus,88.07,False,False,False,background,background,False,False
MACROH2A1,lymph node,variant,8,5,93.04233333333335,92.77,4.053388774291902,88.06,97.60666666666668,9.546666666666681,human,Homo sapiens,97.60666666666668,pan_troglodytes,Pan troglodytes,88.06,True,False,False,background,background,False,False
H2AC21,blood,clustered,6,4,52.13229166666667,51.43958333333333,4.294330099904348,48.07,57.580000000000005,9.510000000000005,human,Homo sapiens,57.580000000000005,equus_caballus,Equus caballus,48.07,True,False,False,background,background,False,False
H2AC8,urinary bladder,clustered,6,2,55.010625000000005,55.010625000000005,6.7113272369368175,50.265,59.75625,9.49125,human,Homo sapiens,59.75625,bos_taurus,Bos taurus,50.265,False,False,False,background,background,False,False
H2AZ1,heart,variant,8,6,93.63876388888889,93.819,3.7858065309846873,88.37666666666667,97.85666666666668,9.480000000000018,canis_lupus_familiaris,Canis lupus familiaris,97.85666666666668,sus_scrofa,Sus scrofa,88.37666666666667,True,False,False,background,background,False,False
H2AC21,myometrium,clustered,6,2,39.980000000000004,39.980000000000004,6.689230150024742,35.25,44.71,9.46,bos_taurus,Bos taurus,44.71,human,Homo sapiens,35.25,False,False,False,background,background,False,False
H2AZ2,primary visual cortex,variant,8,3,93.01074074074074,93.36,4.735780057942054,88.11,97.56222222222222,9.452222222222218,human,Homo sapiens,97.56222222222222,pan_troglodytes,Pan troglodytes,88.11,False,False,False,background,background,False,False
MACROH2A1,subcutaneous adipose tissue,variant,8,3,92.19851143009036,94.08333333333331,4.969121376418739,86.56272727272727,95.94947368421052,9.386746411483244,human,Homo sapiens,95.94947368421052,bos_taurus,Bos taurus,86.56272727272727,False,False,False,background,background,False,False
MACROH2A1,muscle tissue,variant,8,4,89.80017857142857,90.85999999999999,4.461443833551191,84.05571428571429,93.425,9.36928571428571,sus_scrofa,Sus scrofa,93.425,bos_taurus,Bos taurus,84.05571428571429,True,False,False,background,background,False,False
H2AZ2,ovary,variant,8,4,93.32284090909091,92.79818181818182,4.280487671667827,89.17,98.525,9.355000000000004,bos_taurus,Bos taurus,98.525,sus_scrofa,Sus scrofa,89.17,True,False,False,background,background,False,False
MACROH2A1,gall bladder,variant,8,2,93.2125,93.2125,6.61498393800015,88.535,97.89,9.355000000000004,human,Homo sapiens,97.89,bos_taurus,Bos taurus,88.535,False,False,False,background,background,False,False
H2AC12,renal medulla,clustered,6,2,46.655,46.655,6.526595590351837,42.04,51.27,9.230000000000004,bos_taurus,Bos taurus,51.27,canis_lupus_familiaris,Canis lupus familiaris,42.04,False,False,False,background,background,False,False
H2AC21,zone of skin,clustered,6,3,43.92333333333334,46.25,5.0311165096162656,38.15,47.370000000000005,9.220000000000006,human,Homo sapiens,47.370000000000005,equus_caballus,Equus caballus,38.15,False,False,False,background,background,False,False
H2AX,thyroid gland,variant,8,2,74.03764705882352,74.03764705882352,6.502054825593001,69.44,78.63529411764705,9.195294117647052,human,Homo sapiens,78.63529411764705,canis_lupus_familiaris,Canis lupus familiaris,69.44,False,False,False,background,background,False,False
H2AX,Ammon's horn,variant,8,4,84.39689338235294,84.5637867647059,3.949697113224005,79.66,88.8,9.14,sus_scrofa,Sus scrofa,88.8,macaca_mulatta,Macaca mulatta,79.66,True,False,False,background,background,False,False
H2AX,epithelium of bronchus,variant,8,2,81.55428571428573,81.55428571428573,6.449823996965877,76.99357142857143,86.11500000000001,9.12142857142858,equus_caballus,Equus caballus,86.11500000000001,human,Homo sapiens,76.99357142857143,False,False,False,background,background,False,False
MACROH2A1,lung,variant,8,6,93.81172077922078,94.78999999999999,3.6148843464093403,88.85714285714286,97.9531818181818,9.096038961038943,human,Homo sapiens,97.9531818181818,bos_taurus,Bos taurus,88.85714285714286,True,False,False,background,background,False,False
MACROH2A1,blood,variant,8,5,94.84125641025642,95.09,3.3300442727756168,89.61,98.69128205128206,9.08128205128206,human,Homo sapiens,98.69128205128206,bos_taurus,Bos taurus,89.61,True,False,False,background,background,False,False
H2AX,small intestine Peyer's patch,variant,8,2,88.25090909090909,88.25090909090909,6.419243924480795,83.71181818181817,92.79,9.078181818181832,mus_musculus,Mus musculus,92.79,human,Homo sapiens,83.71181818181817,False,False,False,background,background,False,False
H2AC17,spinal cord,clustered,6,2,36.67166666666667,36.67166666666667,6.408744460154067,32.14,41.203333333333326,9.063333333333325,equus_caballus,Equus caballus,41.203333333333326,canis_lupus_familiaris,Canis lupus familiaris,32.14,False,False,False,background,background,False,False
MACROH2A1,heart right ventricle,variant,8,2,91.53166666666667,91.53166666666667,6.3946023245303225,87.01,96.05333333333331,9.043333333333308,human,Homo sapiens,96.05333333333331,canis_lupus_familiaris,Canis lupus familiaris,87.01,False,False,False,background,background,False,False
H2AZ1,trachea,variant,8,2,93.25916666666666,93.25916666666666,6.3132850446938775,88.795,97.72333333333331,8.928333333333313,human,Homo sapiens,97.72333333333331,bos_taurus,Bos taurus,88.795,False,False,False,background,background,False,False
H2AC13,ganglionic eminence,clustered,7,2,42.1175,42.1175,6.303856954278076,37.66,46.575,8.915000000000006,human,Homo sapiens,46.575,mus_musculus,Mus musculus,37.66,False,False,False,background,background,False,False
H2AC15,dorsolateral prefrontal cortex,clustered,5,2,44.4025,44.4025,6.275572683030609,39.965,48.84,8.875,macaca_mulatta,Macaca mulatta,48.84,human,Homo sapiens,39.965,False,False,False,background,background,False,False
MACROH2A1,cardiac atrium,variant,8,2,92.39083333333335,92.39083333333335,6.273215660426661,87.955,96.82666666666668,8.871666666666684,human,Homo sapiens,96.82666666666668,bos_taurus,Bos taurus,87.955,False,False,False,background,background,False,False
H2AZ1,muscle tissue,variant,8,4,91.64782142857143,91.52814285714285,4.092480204324647,87.33500000000001,96.2,8.864999999999995,human,Homo sapiens,96.2,sus_scrofa,Sus scrofa,87.33500000000001,True,False,False,background,background,False,False
MACROH2A1,occipital lobe,variant,8,3,92.68888888888888,95.17,4.922100199139634,87.02,95.87666666666668,8.856666666666683,human,Homo sapiens,95.87666666666668,bos_taurus,Bos taurus,87.02,False,False,False,background,background,False,False
H2AX,occipital lobe,variant,8,2,92.96833333333333,92.96833333333333,6.239038832669298,88.55666666666667,97.38,8.823333333333323,canis_lupus_familiaris,Canis lupus familiaris,97.38,human,Homo sapiens,88.55666666666667,False,False,False,background,background,False,False
H2AC8,subcutaneous adipose tissue,clustered,6,2,42.24067307692307,42.24067307692307,6.2128849472369625,37.8475,46.63384615384616,8.78634615384616,human,Homo sapiens,46.63384615384616,bos_taurus,Bos taurus,37.8475,False,False,False,background,background,False,False
H2AC6,pancreas,clustered,7,2,79.08416666666668,79.08416666666668,6.181291778872413,74.71333333333332,83.45500000000001,8.741666666666688,human,Homo sapiens,83.45500000000001,canis_lupus_familiaris,Canis lupus familiaris,74.71333333333332,False,False,False,background,background,False,False
H2AZ2,placenta,variant,8,3,93.51166666666666,95.96,4.832500215554398,87.945,96.63,8.685000000000002,bos_taurus,Bos taurus,96.63,human,Homo sapiens,87.945,False,False,False,background,background,False,False
H2AC19,ovary,clustered,4,2,73.04666666666668,73.04666666666668,6.114116634659672,68.72333333333334,77.37,8.646666666666661,human,Homo sapiens,77.37,bos_taurus,Bos taurus,68.72333333333334,False,False,False,background,background,False,False
H2AC25,hindlimb stylopod muscle,clustered,6,2,60.33,60.33,6.095260453828035,56.02,64.64,8.619999999999997,human,Homo sapiens,64.64,pan_troglodytes,Pan troglodytes,56.02,False,False,False,background,background,False,False
MACROH2A1,tongue,variant,8,3,93.34666666666665,91.77,4.5068207567345535,89.83999999999999,98.43,8.590000000000018,human,Homo sapiens,98.43,bos_taurus,Bos taurus,89.83999999999999,False,False,False,background,background,False,False
H2AX,tonsil,variant,8,2,91.45583333333335,91.45583333333335,6.072868739090454,87.16166666666668,95.75,8.588333333333324,sus_scrofa,Sus scrofa,95.75,human,Homo sapiens,87.16166666666668,False,False,False,background,background,False,False
MACROH2A1,nasal cavity mucosa,variant,8,2,93.46000000000001,93.46000000000001,6.052834046956834,89.18,97.74,8.559999999999988,human,Homo sapiens,97.74,bos_taurus,Bos taurus,89.18,False,False,False,background,background,False,False
H2AX,renal medulla,variant,8,2,73.64750000000001,73.64750000000001,6.049298513050904,69.37,77.925,8.554999999999993,human,Homo sapiens,77.925,canis_lupus_familiaris,Canis lupus familiaris,69.37,False,False,False,background,background,False,False
H2AC17,heart left ventricle,clustered,6,3,51.45388888888889,52.835,4.435959539607754,46.49166666666667,55.035,8.54333333333333,canis_lupus_familiaris,Canis lupus familiaris,55.035,human,Homo sapiens,46.49166666666667,False,False,False,background,background,False,False
H2AZ2,mammary gland,variant,8,3,92.25777777777778,94.89,4.841857234727336,86.67,95.21333333333332,8.543333333333322,human,Homo sapiens,95.21333333333332,bos_taurus,Bos taurus,86.67,False,False,False,background,background,False,False
H2AX,metanephros,variant,8,2,86.86600000000001,86.86600000000001,6.0000367406282535,82.62333333333333,91.10866666666668,8.485333333333344,mus_musculus,Mus musculus,91.10866666666668,human,Homo sapiens,82.62333333333333,False,False,False,background,background,False,False
H2AZ1,gluteus medius,variant,8,2,92.01875,92.01875,5.994497737508951,87.78,96.2575,8.477499999999992,equus_caballus,Equus caballus,96.2575,bos_taurus,Bos taurus,87.78,False,False,False,background,background,False,False
H2AX,skin of abdomen,variant,8,2,86.99266666666665,86.99266666666665,5.954781906632309,82.782,91.20333333333332,8.421333333333322,mus_musculus,Mus musculus,91.20333333333332,human,Homo sapiens,82.782,False,False,False,background,background,False,False
MACROH2A1,saliva-secreting gland,variant,8,3,92.72033333333333,92.54,4.208398784969581,88.60499999999999,97.016,8.411000000000016,human,Homo sapiens,97.016,bos_taurus,Bos taurus,88.60499999999999,False,False,False,background,background,False,False
MACROH2A1,heart,variant,8,6,93.08555555555556,93.468,3.225625270422033,87.745,96.154,8.408999999999992,human,Homo sapiens,96.154,bos_taurus,Bos taurus,87.745,True,False,False,background,background,False,False
MACROH2A1,trachea,variant,8,2,93.7425,93.7425,5.936161428061058,89.545,97.94,8.394999999999996,human,Homo sapiens,97.94,bos_taurus,Bos taurus,89.545,False,False,False,background,background,False,False
MACROH2A1,ovary,variant,8,4,94.05128787878789,95.07166666666667,3.589539877688655,88.88,97.1818181818182,8.301818181818206,human,Homo sapiens,97.1818181818182,bos_taurus,Bos taurus,88.88,True,False,False,background,background,False,False
H2AC19,adenohypophysis,clustered,4,2,82.67750000000001,82.67750000000001,5.851308614318669,78.54,86.815,8.274999999999991,human,Homo sapiens,86.815,bos_taurus,Bos taurus,78.54,False,False,False,background,background,False,False
H2AX,forebrain,variant,8,3,87.1219496855346,85.49000000000001,4.363164647757824,83.81,92.06584905660377,8.255849056603765,mus_musculus,Mus musculus,92.06584905660377,sus_scrofa,Sus scrofa,83.81,False,False,False,background,background,False,False
H2AC6,adenohypophysis,clustered,7,2,89.7425,89.7425,5.830095410883082,85.62,93.865,8.24499999999999,bos_taurus,Bos taurus,93.865,human,Homo sapiens,85.62,False,False,False,background,background,False,False
H2AX,placenta,variant,8,3,87.36583333333333,88.05,4.158674919169969,82.9075,91.14,8.232500000000002,mus_musculus,Mus musculus,91.14,human,Homo sapiens,82.9075,False,False,False,background,background,False,False
H2AC6,placenta,clustered,7,3,86.851,87.04,4.104764670477476,82.655,90.858,8.203000000000003,human,Homo sapiens,90.858,bos_taurus,Bos taurus,82.655,False,False,False,background,background,False,False
H2AZ1,adult mammalian kidney,variant,8,8,94.2303125,93.80625,2.759323442551651,90.585,98.77333333333333,8.188333333333333,canis_lupus_familiaris,Canis lupus familiaris,98.77333333333333,sus_scrofa,Sus scrofa,90.585,True,False,False,background,background,False,False
MACROH2A1,caecum,variant,8,3,94.52444444444444,94.74,4.094257948413614,90.32666666666668,98.50666666666666,8.179999999999978,human,Homo sapiens,98.50666666666666,bos_taurus,Bos taurus,90.32666666666668,False,False,False,background,background,False,False
MACROH2A1,urinary bladder,variant,8,3,92.92791666666666,92.36,4.096506959695462,89.14500000000001,97.27875,8.133749999999992,human,Homo sapiens,97.27875,bos_taurus,Bos taurus,89.14500000000001,False,False,False,background,background,False,False
H2AC11,omental fat pad,clustered,6,2,39.452777777777776,39.452777777777776,5.745635434241354,35.39,43.51555555555555,8.12555555555555,human,Homo sapiens,43.51555555555555,bos_taurus,Bos taurus,35.39,False,False,False,background,background,False,False
H2AC19,saliva-secreting gland,clustered,4,2,81.37,81.37,5.741707063234768,77.31,85.43,8.120000000000005,human,Homo sapiens,85.43,bos_taurus,Bos taurus,77.31,False,False,False,background,background,False,False
H2AC6,caecum,clustered,7,2,78.38,78.38,5.727564927611046,74.33,82.43,8.100000000000009,human,Homo sapiens,82.43,bos_taurus,Bos taurus,74.33,False,False,False,background,background,False,False
H2AZ2,nasopharynx,variant,8,2,95.05,95.05,5.727564927611032,91.0,99.1,8.099999999999994,bos_taurus,Bos taurus,99.1,human,Homo sapiens,91.0,False,False,False,background,background,False,False
H2AC6,hair follicle,clustered,7,2,83.57833333333335,83.57833333333335,5.711065769383345,79.54,87.61666666666667,8.076666666666668,human,Homo sapiens,87.61666666666667,canis_lupus_familiaris,Canis lupus familiaris,79.54,False,False,False,background,background,False,False
H2AZ2,temporal lobe,variant,8,3,92.3775,92.74,4.048440286085497,88.16,96.2325,8.072500000000005,human,Homo sapiens,96.2325,pan_troglodytes,Pan troglodytes,88.16,False,False,False,background,background,False,False
H2AX,leukocyte,variant,8,2,86.57499999999999,86.57499999999999,5.692209588551701,82.55,90.6,8.049999999999997,equus_caballus,Equus caballus,90.6,human,Homo sapiens,82.55,False,False,False,background,background,False,False
MACROH2A1,granulosa cell,variant,8,2,92.97999999999999,92.97999999999999,5.600285706997463,89.02,96.94,7.920000000000002,sus_scrofa,Sus scrofa,96.94,bos_taurus,Bos taurus,89.02,False,False,False,background,background,False,False
H2AC21,corpus callosum,clustered,6,2,85.17249999999999,85.17249999999999,5.575536969655926,81.22999999999999,89.115,7.885000000000005,human,Homo sapiens,89.115,sus_scrofa,Sus scrofa,81.22999999999999,False,False,False,background,background,False,False
H2AC25,dorsolateral prefrontal cortex,clustered,6,2,79.12613636363636,79.12613636363636,5.573608496616322,75.185,83.06727272727272,7.882272727272721,human,Homo sapiens,83.06727272727272,pan_troglodytes,Pan troglodytes,75.185,False,False,False,background,background,False,False
MACROH2A1,smooth muscle tissue,variant,8,2,91.36,91.36,5.572001435749991,87.42,95.3,7.8799999999999955,human,Homo sapiens,95.3,canis_lupus_familiaris,Canis lupus familiaris,87.42,False,False,False,background,background,False,False
H2AZ2,adult mammalian kidney,variant,8,8,94.94629166666667,95.79041666666667,2.5197698728855373,89.14999999999999,97.0,7.8500000000000085,equus_caballus,Equus caballus,97.0,pan_troglodytes,Pan troglodytes,89.14999999999999,True,False,False,background,background,False,False
H2AJ,blood,variant,8,5,92.69833333333334,92.36666666666667,3.096467689606619,89.42333333333333,97.2225,7.799166666666665,bos_taurus,Bos taurus,97.2225,equus_caballus,Equus caballus,89.42333333333333,True,False,False,background,background,False,False
H2AZ1,monocyte,variant,8,2,95.11,95.11,5.473006486383884,91.24,98.98,7.740000000000009,human,Homo sapiens,98.98,bos_taurus,Bos taurus,91.24,False,False,False,background,background,False,False
H2AJ,cartilage tissue,variant,8,2,91.57,91.57,5.473006486383869,87.7,95.44,7.739999999999995,canis_lupus_familiaris,Canis lupus familiaris,95.44,human,Homo sapiens,87.7,False,False,False,background,background,False,False
H2AC11,mammary gland,clustered,6,3,42.050000000000004,42.82,3.912249992012267,37.81,45.52,7.710000000000001,canis_lupus_familiaris,Canis lupus familiaris,45.52,bos_taurus,Bos taurus,37.81,False,False,False,background,background,False,False
MACROH2A1,skeletal muscle tissue,variant,8,6,91.56093137254902,90.28999999999999,3.023702623881873,88.495,96.2,7.704999999999998,macaca_mulatta,Macaca mulatta,96.2,canis_lupus_familiaris,Canis lupus familiaris,88.495,True,False,False,background,background,False,False
H2AC6,primary visual cortex,clustered,7,3,76.86722222222222,76.16166666666668,3.8981863066663993,73.37,81.07,7.699999999999989,pan_troglodytes,Pan troglodytes,81.07,macaca_mulatta,Macaca mulatta,73.37,False,False,False,background,background,False,False
MACROH2A1,stomach,variant,8,3,93.8613888888889,95.19,3.9675871072610023,89.4,96.99416666666669,7.5941666666666805,human,Homo sapiens,96.99416666666669,sus_scrofa,Sus scrofa,89.4,False,False,False,background,background,False,False
H2AZ2,ileum,variant,8,3,95.32633333333332,96.345,3.8981367771453814,91.02,98.614,7.594000000000008,bos_taurus,Bos taurus,98.614,macaca_mulatta,Macaca mulatta,91.02,False,False,False,background,background,False,False
H2AZ1,cardiac ventricle,variant,8,2,92.94166666666666,92.94166666666666,5.3480842883742685,89.16,96.72333333333334,7.563333333333347,human,Homo sapiens,96.72333333333334,bos_taurus,Bos taurus,89.16,False,False,False,background,background,False,False
H2AC15,duodenum,clustered,5,2,46.575,46.575,5.310371926710973,42.82,50.33,7.509999999999998,bos_taurus,Bos taurus,50.33,human,Homo sapiens,42.82,False,False,False,background,background,False,False
MACROH2A1,heart left ventricle,variant,8,3,94.13565359477126,96.29529411764706,4.18978353682859,89.30666666666667,96.805,7.498333333333335,sus_scrofa,Sus scrofa,96.805,canis_lupus_familiaris,Canis lupus familiaris,89.30666666666667,False,False,False,background,background,False,False
MACROH2A1,placenta,variant,8,3,94.13250000000001,95.69,3.9840282692270086,89.605,97.1025,7.497500000000002,human,Homo sapiens,97.1025,bos_taurus,Bos taurus,89.605,False,False,False,background,background,False,False
H2AC20,lymph node,clustered,5,2,46.8275,46.8275,5.2856231893694385,43.09,50.565,7.474999999999994,human,Homo sapiens,50.565,bos_taurus,Bos taurus,43.09,False,False,False,background,background,False,False
H2AZ1,testis,variant,8,8,97.68286378205129,98.52320512820512,2.4196626647030612,91.76333333333334,99.209,7.445666666666668,canis_lupus_familiaris,Canis lupus familiaris,99.209,bos_taurus,Bos taurus,91.76333333333334,True,False,False,background,background,False,False
H2AZ1,subcutaneous adipose tissue,variant,8,3,94.10111642743222,94.74,3.757182583281128,90.06545454545454,97.49789473684211,7.43244019138757,human,Homo sapiens,97.49789473684211,bos_taurus,Bos taurus,90.06545454545454,False,False,False,background,background,False,False
H2AX,cortical plate,variant,8,2,84.925,84.925,5.239661248592315,81.22,88.63,7.409999999999997,mus_musculus,Mus musculus,88.63,human,Homo sapiens,81.22,False,False,False,background,background,False,False
H2AJ,spinal cord,variant,8,3,84.92935185185185,85.31555555555556,3.7188209204082203,81.0325,88.44,7.407499999999999,canis_lupus_familiaris,Canis lupus familiaris,88.44,equus_caballus,Equus caballus,81.0325,False,False,False,background,background,False,False
MACROH2A1,triceps brachii,variant,8,3,88.19833333333334,86.83500000000001,3.8838136326725685,85.18,92.58,7.3999999999999915,human,Homo sapiens,92.58,bos_taurus,Bos taurus,85.18,False,False,False,background,background,False,False
H2AC6,dorsolateral prefrontal cortex,clustered,7,3,75.9368115942029,76.8804347826087,3.7794071679660055,71.775,79.155,7.3799999999999955,pan_troglodytes,Pan troglodytes,79.155,macaca_mulatta,Macaca mulatta,71.775,False,False,False,background,background,False,False
H2AZ2,corpus epididymis,variant,8,2,94.36833333333334,94.36833333333334,5.206662932136933,90.68666666666668,98.05,7.3633333333333155,bos_taurus,Bos taurus,98.05,human,Homo sapiens,90.68666666666668,False,False,False,background,background,False,False
H2AX,parotid gland,variant,8,2,75.10125,75.10125,5.206073676485949,71.42,78.7825,7.362499999999997,human,Homo sapiens,78.7825,mus_musculus,Mus musculus,71.42,False,False,False,background,background,False,False
H2AC8,cortex of kidney,clustered,6,4,55.99875,56.5875,3.0963106406388423,51.74,59.08,7.339999999999996,human,Homo sapiens,59.08,macaca_mulatta,Macaca mulatta,51.74,True,False,False,background,background,False,False
MACROH2A1,cerebellum,variant,8,7,94.52809943977591,95.1475,2.699969276542304,89.93333333333334,97.26352941176472,7.330196078431385,human,Homo sapiens,97.26352941176472,bos_taurus,Bos taurus,89.93333333333334,True,False,False,background,background,False,False
H2AJ,epithelium of bronchus,variant,8,2,94.55653846153845,94.55653846153845,5.180916992924509,90.89307692307692,98.22,7.32692307692308,equus_caballus,Equus caballus,98.22,human,Homo sapiens,90.89307692307692,False,False,False,background,background,False,False
H2AX,Brodmann (1909) area 10,variant,8,2,80.85,80.85,5.119453095790595,77.23,84.47,7.239999999999995,human,Homo sapiens,84.47,pan_troglodytes,Pan troglodytes,77.23,False,False,False,background,background,False,False
H2AX,mammary gland,variant,8,3,73.46272727272726,74.4,3.7041211134546494,69.38,76.60818181818182,7.228181818181824,mus_musculus,Mus musculus,76.60818181818182,canis_lupus_familiaris,Canis lupus familiaris,69.38,False,False,False,background,background,False,False
H2AZ2,zone of skin,variant,8,5,95.70786666666666,97.41333333333334,3.282322260568306,91.19,98.4,7.210000000000008,felis_catus,Felis catus,98.4,canis_lupus_familiaris,Canis lupus familiaris,91.19,True,False,False,background,background,False,False
H2AC21,adrenal gland,clustered,6,2,48.00666666666666,48.00666666666666,5.086454779335231,44.41,51.60333333333333,7.193333333333335,bos_taurus,Bos taurus,51.60333333333333,human,Homo sapiens,44.41,False,False,False,background,background,False,False
H2AZ2,uterine cervix,variant,8,2,94.1695,94.1695,5.084804863512465,90.574,97.765,7.1910000000000025,bos_taurus,Bos taurus,97.765,human,Homo sapiens,90.574,False,False,False,background,background,False,False
MACROH2A1,semimembranosus muscle,variant,8,2,88.61083333333333,88.61083333333333,5.082919245429299,85.01666666666667,92.205,7.188333333333333,sus_scrofa,Sus scrofa,92.205,bos_taurus,Bos taurus,85.01666666666667,False,False,False,background,background,False,False
H2AX,gastrocnemius,variant,8,2,78.76528846153846,78.76528846153846,5.073899101233395,75.1775,82.35307692307691,7.1755769230769175,human,Homo sapiens,82.35307692307691,mus_musculus,Mus musculus,75.1775,False,False,False,background,background,False,False
H2AJ,uterus,variant,8,4,91.06291666666667,91.31416666666667,2.9453454727253425,87.23,94.39333333333332,7.163333333333313,bos_taurus,Bos taurus,94.39333333333332,felis_catus,Felis catus,87.23,True,False,False,background,background,False,False
H2AZ2,dorsolateral prefrontal cortex,variant,8,3,94.19083333333333,95.97,3.8894603845949356,89.72999999999999,96.8725,7.1425000000000125,human,Homo sapiens,96.8725,pan_troglodytes,Pan troglodytes,89.72999999999999,False,False,False,background,background,False,False
MACROH2A1,duodenum,variant,8,3,94.0825,93.13,3.6604072519324924,90.9925,98.125,7.132499999999993,human,Homo sapiens,98.125,bos_taurus,Bos taurus,90.9925,False,False,False,background,background,False,False
MACROH2A1,hypothalamus,variant,8,4,94.34365196078431,95.7425,3.333821495756934,89.38666666666666,96.5029411764706,7.116274509803944,human,Homo sapiens,96.5029411764706,bos_taurus,Bos taurus,89.38666666666666,True,False,False,background,background,False,False
H2AJ,placenta,variant,8,3,93.62,95.915,4.057607053424471,88.935,96.01,7.075000000000003,canis_lupus_familiaris,Canis lupus familiaris,96.01,human,Homo sapiens,88.935,False,False,False,background,background,False,False
H2AC6,heart left ventricle,clustered,7,2,81.47578431372548,81.47578431372548,4.967355813641267,77.96333333333332,84.98823529411764,7.0249019607843195,human,Homo sapiens,84.98823529411764,canis_lupus_familiaris,Canis lupus familiaris,77.96333333333332,False,False,False,background,background,False,False
H2AJ,cortex of kidney,variant,8,4,94.70575,95.98,3.2015754845596476,89.958,96.905,6.947000000000003,pan_troglodytes,Pan troglodytes,96.905,human,Homo sapiens,89.958,True,False,False,background,background,False,False
H2AZ1,aorta,variant,8,2,94.9475,94.9475,4.882572324093111,91.495,98.4,6.905000000000001,human,Homo sapiens,98.4,bos_taurus,Bos taurus,91.495,False,False,False,background,background,False,False
H2AJ,leukocyte,variant,8,3,93.10787878787879,92.44,3.4900800783317316,90.0,96.88363636363636,6.883636363636356,bos_taurus,Bos taurus,96.88363636363636,human,Homo sapiens,90.0,False,False,False,background,background,False,False
H2AC14,pons,clustered,7,2,48.265,48.265,4.843681451127846,44.84,51.69,6.849999999999994,bos_taurus,Bos taurus,51.69,sus_scrofa,Sus scrofa,44.84,False,False,False,background,background,False,False
H2AC21,uterine cervix,clustered,6,2,56.63250000000001,56.63250000000001,4.840145917221925,53.21,60.05500000000001,6.845000000000006,bos_taurus,Bos taurus,60.05500000000001,human,Homo sapiens,53.21,False,False,False,background,background,False,False
H2AC17,granulocyte,clustered,6,2,71.58500000000001,71.58500000000001,4.829539315504124,68.17,75.0,6.829999999999998,canis_lupus_familiaris,Canis lupus familiaris,75.0,human,Homo sapiens,68.17,False,False,False,background,background,False,False
MACROH2A1,aorta,variant,8,2,92.525,92.525,4.82246824769225,89.11500000000001,95.935,6.819999999999993,human,Homo sapiens,95.935,bos_taurus,Bos taurus,89.11500000000001,False,False,False,background,background,False,False
H2AZ2,adrenal gland,variant,8,3,95.68277777777776,96.545,3.48265796217221,91.85,98.65333333333332,6.8033333333333275,bos_taurus,Bos taurus,98.65333333333332,canis_lupus_familiaris,Canis lupus familiaris,91.85,False,False,False,background,background,False,False
H2AX,eyeball of camera-type eye,variant,8,2,83.43,83.43,4.808326112068526,80.03,86.83,6.799999999999997,felis_catus,Felis catus,86.83,mus_musculus,Mus musculus,80.03,False,False,False,background,background,False,False
H2AC6,large intestine,clustered,7,2,89.9425,89.9425,4.804790578162587,86.545,93.34,6.795000000000002,canis_lupus_familiaris,Canis lupus familiaris,93.34,human,Homo sapiens,86.545,False,False,False,background,background,False,False
MACROH2A1,endometrium,variant,8,3,94.93986111111111,95.95,3.4444012626101435,91.10333333333334,97.76625,6.662916666666661,human,Homo sapiens,97.76625,bos_taurus,Bos taurus,91.10333333333334,False,False,False,background,background,False,False
H2AZ2,right lobe of liver,variant,8,2,91.44944444444445,91.44944444444445,4.708545488501088,88.12,94.77888888888889,6.658888888888882,human,Homo sapiens,94.77888888888889,sus_scrofa,Sus scrofa,88.12,False,False,False,background,background,False,False
MACROH2A1,cerebral cortex,variant,8,6,93.13483333333333,93.375,2.3564774912285213,89.815,96.469,6.653999999999996,human,Homo sapiens,96.469,bos_taurus,Bos taurus,89.815,True,False,False,background,background,False,False
MACROH2A1,midbrain,variant,8,2,92.981,92.981,4.682461105017323,89.67,96.292,6.622,human,Homo sapiens,96.292,bos_taurus,Bos taurus,89.67,False,False,False,background,background,False,False
H2AC13,midbrain,clustered,7,2,79.62083333333334,79.62083333333334,4.682225402756925,76.31,82.93166666666667,6.62166666666667,mus_musculus,Mus musculus,82.93166666666667,bos_taurus,Bos taurus,76.31,False,False,False,background,background,False,False
H2AC7,cortex of kidney,clustered,5,2,46.7,46.7,4.681046891454945,43.39,50.01,6.619999999999997,bos_taurus,Bos taurus,50.01,human,Homo sapiens,43.39,False,False,False,background,background,False,False
H2AZ1,ovary,variant,8,4,95.22827651515152,95.43125,3.108728305847891,91.73333333333332,98.31727272727272,6.583939393939403,human,Homo sapiens,98.31727272727272,sus_scrofa,Sus scrofa,91.73333333333332,True,False,False,background,background,False,False
H2AC11,right lobe of liver,clustered,6,2,47.99666666666667,47.99666666666667,4.6268353715639785,44.725,51.26833333333334,6.5433333333333366,human,Homo sapiens,51.26833333333334,sus_scrofa,Sus scrofa,44.725,False,False,False,background,background,False,False
H2AZ2,epithelium of bronchus,variant,8,2,95.09821428571428,95.09821428571428,4.61993266250954,91.83142857142856,98.365,6.533571428571435,equus_caballus,Equus caballus,98.365,human,Homo sapiens,91.83142857142856,False,False,False,background,background,False,False
H2AC25,granulosa cell,clustered,6,2,60.295,60.295,4.574980874276962,57.06,63.53,6.469999999999999,bos_taurus,Bos taurus,63.53,sus_scrofa,Sus scrofa,57.06,False,False,False,background,background,False,False
H2AZ2,hair follicle,variant,8,2,90.9225,90.9225,4.564374272559173,87.695,94.15,6.4550000000000125,canis_lupus_familiaris,Canis lupus familiaris,94.15,human,Homo sapiens,87.695,False,False,False,background,background,False,False
H2AJ,colon,variant,8,6,91.9336274509804,92.2675,2.2311146272245734,87.67,94.08176470588236,6.411764705882362,human,Homo sapiens,94.08176470588236,pan_troglodytes,Pan troglodytes,87.67,True,False,False,background,background,False,False
H2AX,right lobe of liver,variant,8,2,79.315,79.315,4.532554467405767,76.11,82.52,6.409999999999997,human,Homo sapiens,82.52,sus_scrofa,Sus scrofa,76.11,False,False,False,background,background,False,False
H2AZ2,blood,variant,8,5,96.69305128205129,96.63,2.5620076288083755,92.70025641025642,99.09,6.389743589743588,equus_caballus,Equus caballus,99.09,human,Homo sapiens,92.70025641025642,True,False,False,background,background,False,False
H2AC17,thyroid gland,clustered,6,2,57.979615384615386,57.979615384615386,4.511885192263394,54.78923076923077,61.17,6.380769230769232,canis_lupus_familiaris,Canis lupus familiaris,61.17,human,Homo sapiens,54.78923076923077,False,False,False,background,background,False,False
H2AC13,ventricular zone,clustered,7,2,59.46000000000001,59.46000000000001,4.511341263970177,56.27,62.650000000000006,6.380000000000003,human,Homo sapiens,62.650000000000006,mus_musculus,Mus musculus,56.27,False,False,False,background,background,False,False
H2AZ2,hindlimb stylopod muscle,variant,8,3,94.35666666666667,96.42,3.6432997863658336,90.15,96.5,6.349999999999994,macaca_mulatta,Macaca mulatta,96.5,pan_troglodytes,Pan troglodytes,90.15,False,False,False,background,background,False,False
H2AJ,superior frontal gyrus,variant,8,3,78.33740740740741,79.09222222222222,3.2366972446458253,74.79,81.13,6.339999999999989,macaca_mulatta,Macaca mulatta,81.13,human,Homo sapiens,74.79,False,False,False,background,background,False,False
H2AZ2,forebrain,variant,8,2,94.4625,94.4625,4.47245039100492,91.3,97.625,6.325000000000003,human,Homo sapiens,97.625,sus_scrofa,Sus scrofa,91.3,False,False,False,background,background,False,False
H2AZ2,tongue,variant,8,3,93.3888888888889,92.29,3.2985962221886265,90.78,97.09666666666668,6.316666666666677,bos_taurus,Bos taurus,97.09666666666668,human,Homo sapiens,90.78,False,False,False,background,background,False,False
H2AZ2,triceps brachii,variant,8,3,96.25833333333333,97.35,3.2864202916445904,92.565,98.86,6.295000000000002,equus_caballus,Equus caballus,98.86,human,Homo sapiens,92.565,False,False,False,background,background,False,False
MACROH2A1,adrenal gland,variant,8,3,94.18583333333333,95.045,3.233034887429046,90.61,96.9025,6.292500000000004,human,Homo sapiens,96.9025,bos_taurus,Bos taurus,90.61,False,False,False,background,background,False,False
MACROH2A1,longissimus thoracis muscle,variant,8,2,89.839,89.839,4.444873226538639,86.696,92.982,6.286000000000001,sus_scrofa,Sus scrofa,92.982,bos_taurus,Bos taurus,86.696,False,False,False,background,background,False,False
H2AZ1,zone of skin,variant,8,5,95.76638095238094,96.81333333333332,2.523029205515089,92.02285714285712,98.30571428571427,6.282857142857154,human,Homo sapiens,98.30571428571427,canis_lupus_familiaris,Canis lupus familiaris,92.02285714285712,True,False,False,background,background,False,False
H2AZ2,bone marrow,variant,8,5,95.55642857142857,94.45,2.570218068251672,92.87,99.15,6.280000000000001,equus_caballus,Equus caballus,99.15,pan_troglodytes,Pan troglodytes,92.87,True,False,False,background,background,False,False
H2AZ2,thymus,variant,8,4,96.333125,96.40625,3.285243125833052,93.12,99.4,6.280000000000001,bos_taurus,Bos taurus,99.4,pan_troglodytes,Pan troglodytes,93.12,True,False,False,background,background,False,False
H2AJ,cardiac atrium,variant,8,2,92.37833333333333,92.37833333333333,4.424131427623828,89.25,95.50666666666666,6.256666666666661,human,Homo sapiens,95.50666666666666,bos_taurus,Bos taurus,89.25,False,False,False,background,background,False,False
H2AX,cerebellar vermis,variant,8,2,80.85499999999999,80.85499999999999,4.419417382415907,77.73,83.97999999999999,6.249999999999986,human,Homo sapiens,83.97999999999999,mus_musculus,Mus musculus,77.73,False,False,False,background,background,False,False
MACROH2A1,adult mammalian kidney,variant,8,8,93.4465064102564,93.44375,1.9185948593047155,89.96999999999998,96.18333333333334,6.2133333333333525,macaca_mulatta,Macaca mulatta,96.18333333333334,pan_troglodytes,Pan troglodytes,89.96999999999998,True,False,False,background,background,False,False
H2AC7,uterine cervix,clustered,5,2,56.792500000000004,56.792500000000004,4.373455441638798,53.7,59.885000000000005,6.185000000000002,bos_taurus,Bos taurus,59.885000000000005,human,Homo sapiens,53.7,False,False,False,background,background,False,False
H2AX,frontal cortex,variant,8,6,81.57394383394383,81.825,2.641721707403589,78.18333333333334,84.3096153846154,6.126282051282061,human,Homo sapiens,84.3096153846154,canis_lupus_familiaris,Canis lupus familiaris,78.18333333333334,True,False,False,background,background,False,False
H2AC21,caecum,clustered,6,2,93.20500000000001,93.20500000000001,4.3204224330498,90.15,96.26,6.109999999999999,sus_scrofa,Sus scrofa,96.26,bos_taurus,Bos taurus,90.15,False,False,False,background,background,False,False
H2AZ2,duodenum,variant,8,3,95.23833333333333,95.27,3.0451234922960584,92.1775,98.2675,6.090000000000003,bos_taurus,Bos taurus,98.2675,human,Homo sapiens,92.1775,False,False,False,background,background,False,False
H2AZ2,heart,variant,8,6,95.38774305555556,96.27833333333334,2.2708489770740496,91.58166666666666,97.665625,6.083958333333342,human,Homo sapiens,97.665625,sus_scrofa,Sus scrofa,91.58166666666666,True,False,False,background,background,False,False
H2AZ1,gluteal muscle,variant,8,2,91.4,91.4,4.299209229614203,88.36,94.44,6.079999999999998,human,Homo sapiens,94.44,bos_taurus,Bos taurus,88.36,False,False,False,background,background,False,False
H2AZ2,endometrium,variant,8,3,96.18409722222223,98.03166666666668,3.435088752374504,92.220625,98.3,6.079374999999999,equus_caballus,Equus caballus,98.3,human,Homo sapiens,92.220625,False,False,False,background,background,False,False
H2AZ2,saliva-secreting gland,variant,8,3,94.85000000000001,95.46,3.0510817753708226,91.54,97.55,6.009999999999991,bos_taurus,Bos taurus,97.55,canis_lupus_familiaris,Canis lupus familiaris,91.54,False,False,False,background,background,False,False
H2AZ2,Ammon's horn,variant,8,4,93.56208333333333,93.475,3.115145016242775,90.65,96.64833333333333,5.998333333333321,human,Homo sapiens,96.64833333333333,sus_scrofa,Sus scrofa,90.65,True,False,False,background,background,False,False
H2AZ2,heart right ventricle,variant,8,2,94.85583333333334,94.85583333333334,4.236748130609403,91.86,97.85166666666667,5.991666666666674,human,Homo sapiens,97.85166666666667,canis_lupus_familiaris,Canis lupus familiaris,91.86,False,False,False,background,background,False,False
MACROH2A1,jejunum,variant,8,3,95.07666666666667,96.83,3.3579247063228377,91.205,97.195,5.989999999999995,human,Homo sapiens,97.195,bos_taurus,Bos taurus,91.205,False,False,False,background,background,False,False
H2AC20,subcutaneous adipose tissue,clustered,5,2,66.91,66.91,4.214356415871822,63.93,69.89,5.960000000000001,bos_taurus,Bos taurus,69.89,human,Homo sapiens,63.93,False,False,False,background,background,False,False
MACROH2A1,brainstem,variant,8,2,87.9525,87.9525,4.210820881965899,84.975,90.93,5.9550000000000125,sus_scrofa,Sus scrofa,90.93,equus_caballus,Equus caballus,84.975,False,False,False,background,background,False,False
H2AC8,gall bladder,clustered,6,2,55.870000000000005,55.870000000000005,4.200214280248093,52.9,58.84,5.940000000000005,human,Homo sapiens,58.84,bos_taurus,Bos taurus,52.9,False,False,False,background,background,False,False
H2AJ,renal medulla,variant,8,3,95.31444444444445,95.83,2.996780371097057,92.09333333333332,98.02,5.9266666666666765,canis_lupus_familiaris,Canis lupus familiaris,98.02,human,Homo sapiens,92.09333333333332,False,False,False,background,background,False,False
H2AJ,pons,variant,8,3,91.29666666666667,89.42,3.3724521246910752,89.28,95.19,5.909999999999997,bos_taurus,Bos taurus,95.19,sus_scrofa,Sus scrofa,89.28,False,False,False,background,background,False,False
MACROH2A1,olfactory segment of nasal mucosa,variant,8,3,95.54,96.99,3.201546501302148,91.87,97.76,5.890000000000001,human,Homo sapiens,97.76,bos_taurus,Bos taurus,91.87,False,False,False,background,background,False,False
MACROH2A1,zone of skin,variant,8,5,94.29675238095238,95.015,2.3790502383797354,90.82666666666668,96.69,5.8633333333333155,felis_catus,Felis catus,96.69,bos_taurus,Bos taurus,90.82666666666668,True,False,False,background,background,False,False
H2AJ,stomach,variant,8,3,92.01055555555557,91.18666666666668,3.0131961313405946,89.495,95.35,5.85499999999999,canis_lupus_familiaris,Canis lupus familiaris,95.35,sus_scrofa,Sus scrofa,89.495,False,False,False,background,background,False,False
MACROH2A1,brain,variant,8,5,94.40191666666666,95.14,2.322318936549315,90.67,96.52458333333334,5.854583333333338,human,Homo sapiens,96.52458333333334,bos_taurus,Bos taurus,90.67,True,False,False,background,background,False,False
H2AX,small intestine,variant,8,3,85.54727272727273,83.75,3.3053241548439742,83.53,89.36181818181818,5.8318181818181785,mus_musculus,Mus musculus,89.36181818181818,human,Homo sapiens,83.53,False,False,False,background,background,False,False
H2AX,prostate gland,variant,8,2,78.78111111111112,78.78111111111112,4.116932814908344,75.87,81.69222222222223,5.822222222222223,human,Homo sapiens,81.69222222222223,mus_musculus,Mus musculus,75.87,False,False,False,background,background,False,False
H2AC8,hindlimb stylopod muscle,clustered,6,3,46.27,45.43,2.9995499662449348,43.78,49.6,5.82,human,Homo sapiens,49.6,macaca_mulatta,Macaca mulatta,43.78,False,False,False,background,background,False,False
MACROH2A1,renal medulla,variant,8,3,94.28555555555556,93.52,2.982944729501253,91.76,97.57666666666668,5.816666666666677,human,Homo sapiens,97.57666666666668,bos_taurus,Bos taurus,91.76,False,False,False,background,background,False,False
H2AZ2,spinal cord,variant,8,3,95.01766666666667,96.715,3.2236417811744196,91.3,97.038,5.7379999999999995,human,Homo sapiens,97.038,canis_lupus_familiaris,Canis lupus familiaris,91.3,False,False,False,background,background,False,False
H2AC6,uterine cervix,clustered,7,2,81.5475,81.5475,4.034044186669262,78.695,84.4,5.7050000000000125,human,Homo sapiens,84.4,bos_taurus,Bos taurus,78.695,False,False,False,background,background,False,False
H2AJ,lung,variant,8,6,90.46424206349207,89.8625,2.1156460274519464,89.01866666666666,94.69428571428573,5.675619047619065,bos_taurus,Bos taurus,94.69428571428573,human,Homo sapiens,89.01866666666666,True,False,False,background,background,False,False
H2AC25,right lobe of liver,clustered,6,2,59.606875,59.606875,4.006643798898271,56.77375,62.44,5.666249999999998,sus_scrofa,Sus scrofa,62.44,human,Homo sapiens,56.77375,False,False,False,background,background,False,False
MACROH2A2,myometrium,variant,8,2,86.80625,86.80625,3.9651012755035713,84.0025,89.61,5.607500000000002,bos_taurus,Bos taurus,89.61,human,Homo sapiens,84.0025,False,False,False,background,background,False,False
H2AJ,heart right ventricle,variant,8,2,91.50416666666666,91.50416666666666,3.9374062599071036,88.72,94.28833333333334,5.568333333333342,human,Homo sapiens,94.28833333333334,canis_lupus_familiaris,Canis lupus familiaris,88.72,False,False,False,background,background,False,False
H2AZ2,metanephros cortex,variant,8,4,94.3425,95.175,2.4652974803594527,90.73,96.29,5.560000000000002,bos_taurus,Bos taurus,96.29,canis_lupus_familiaris,Canis lupus familiaris,90.73,True,False,False,background,background,False,False
H2AX,superior frontal gyrus,variant,8,4,86.74708937198068,86.71222222222224,2.26975210711712,84.00391304347826,89.56,5.556086956521739,macaca_mulatta,Macaca mulatta,89.56,human,Homo sapiens,84.00391304347826,True,False,False,background,background,False,False
H2AZ1,bone marrow,variant,8,5,97.60157142857143,97.7,2.1772077933698077,94.0,99.54785714285715,5.547857142857154,human,Homo sapiens,99.54785714285715,bos_taurus,Bos taurus,94.0,True,False,False,background,background,False,False
MACROH2A1,spinal cord,variant,8,3,93.46308333333333,93.12,2.7892451525158832,90.86125,96.408,5.546750000000003,human,Homo sapiens,96.408,equus_caballus,Equus caballus,90.86125,False,False,False,background,background,False,False
H2AZ2,cerebellar cortex,variant,8,3,95.58833333333332,97.185,3.0959503118321146,92.02,97.56,5.540000000000006,macaca_mulatta,Macaca mulatta,97.56,pan_troglodytes,Pan troglodytes,92.02,False,False,False,background,background,False,False
H2AC6,gluteal muscle,clustered,7,2,85.28,85.28,3.8890872965260113,82.53,88.03,5.5,bos_taurus,Bos taurus,88.03,human,Homo sapiens,82.53,False,False,False,background,background,False,False
H2AZ1,adipose tissue,variant,8,5,94.78033333333335,94.66,2.2250544312942573,92.16,97.64,5.480000000000004,human,Homo sapiens,97.64,sus_scrofa,Sus scrofa,92.16,True,False,False,background,background,False,False
H2AC15,mammary gland,clustered,5,2,36.230000000000004,36.230000000000004,3.874945160902276,33.49,38.97,5.479999999999997,canis_lupus_familiaris,Canis lupus familiaris,38.97,bos_taurus,Bos taurus,33.49,False,False,False,background,background,False,False
MACROH2A1,caput epididymis,variant,8,2,94.25833333333333,94.25833333333333,3.830161731427111,91.55,96.96666666666664,5.416666666666643,human,Homo sapiens,96.96666666666664,bos_taurus,Bos taurus,91.55,False,False,False,background,background,False,False
H2AZ1,thyroid gland,variant,8,3,96.1786274509804,97.54588235294118,2.9528062034616878,92.79,98.2,5.409999999999997,canis_lupus_familiaris,Canis lupus familiaris,98.2,bos_taurus,Bos taurus,92.79,False,False,False,background,background,False,False
H2AZ2,omental fat pad,variant,8,2,92.86704545454546,92.86704545454546,3.8071271923430396,90.175,95.55909090909093,5.384090909090929,human,Homo sapiens,95.55909090909093,bos_taurus,Bos taurus,90.175,False,False,False,background,background,False,False
MACROH2A1,frontal cortex,variant,8,6,93.5851800976801,94.03214285714286,1.8378158253203358,90.08333333333331,95.45846153846152,5.375128205128206,human,Homo sapiens,95.45846153846152,bos_taurus,Bos taurus,90.08333333333331,True,False,False,background,background,False,False
H2AC25,superior frontal gyrus,clustered,6,2,81.3086111111111,81.3086111111111,3.795199229468471,78.625,83.99222222222222,5.367222222222225,pan_troglodytes,Pan troglodytes,83.99222222222222,human,Homo sapiens,78.625,False,False,False,background,background,False,False
MACROH2A2,gluteus medius,variant,8,2,56.5825,56.5825,3.7865568132539646,53.905,59.260000000000005,5.355000000000004,bos_taurus,Bos taurus,59.260000000000005,equus_caballus,Equus caballus,53.905,False,False,False,background,background,False,False
H2AZ2,skeletal muscle tissue,variant,8,6,94.72852941176471,94.82308823529411,1.9514120164976703,91.66,97.01,5.3500000000000085,bos_taurus,Bos taurus,97.01,pan_troglodytes,Pan troglodytes,91.66,True,False,False,background,background,False,False
MACROH2A1,urethra,variant,8,2,95.06416666666667,95.06416666666667,3.7747717002341745,92.395,97.73333333333332,5.338333333333324,human,Homo sapiens,97.73333333333332,bos_taurus,Bos taurus,92.395,False,False,False,background,background,False,False
H2AC17,retina,clustered,6,2,46.335,46.335,3.768879143724297,43.67,49.0,5.329999999999998,equus_caballus,Equus caballus,49.0,canis_lupus_familiaris,Canis lupus familiaris,43.67,False,False,False,background,background,False,False
H2AJ,aorta,variant,8,2,96.075,96.075,3.761808075912428,93.415,98.735,5.319999999999993,human,Homo sapiens,98.735,bos_taurus,Bos taurus,93.415,False,False,False,background,background,False,False
H2AJ,jejunum,variant,8,3,94.35083333333334,95.75,2.9104792703837257,91.005,96.2975,5.292500000000004,bos_taurus,Bos taurus,96.2975,human,Homo sapiens,91.005,False,False,False,background,background,False,False
MACROH2A1,gluteus medius,variant,8,2,87.67,87.67,3.7052395334175157,85.05,90.29,5.240000000000009,equus_caballus,Equus caballus,90.29,bos_taurus,Bos taurus,85.05,False,False,False,background,background,False,False
H2AZ1,triceps brachii,variant,8,3,93.665,94.875,2.798588930157479,90.465,95.655,5.189999999999998,human,Homo sapiens,95.655,bos_taurus,Bos taurus,90.465,False,False,False,background,background,False,False
H2AZ1,uterus,variant,8,4,95.83250000000001,95.67500000000003,2.2805723371963382,93.4,98.58,5.179999999999993,human,Homo sapiens,98.58,felis_catus,Felis catus,93.4,True,False,False,background,background,False,False
MACROH2A2,spermatocyte,variant,8,2,50.495000000000005,50.495000000000005,3.6415999231107214,47.92,53.07,5.149999999999999,bos_taurus,Bos taurus,53.07,macaca_mulatta,Macaca mulatta,47.92,False,False,False,background,background,False,False
H2AZ2,heart left ventricle,variant,8,3,94.205,92.725,2.87635620186374,92.37,97.52,5.1499999999999915,human,Homo sapiens,97.52,canis_lupus_familiaris,Canis lupus familiaris,92.37,False,False,False,background,background,False,False
H2AX,duodenum,variant,8,3,85.37183333333333,84.25999999999999,2.7446885220974258,83.3575,88.498,5.140500000000003,mus_musculus,Mus musculus,88.498,human,Homo sapiens,83.3575,False,False,False,background,background,False,False
H2AC6,urinary bladder,clustered,7,3,80.65083333333332,81.1525,2.6064635204301925,77.83,82.97,5.140000000000001,bos_taurus,Bos taurus,82.97,canis_lupus_familiaris,Canis lupus familiaris,77.83,False,False,False,background,background,False,False
H2AC19,temporal lobe,clustered,4,2,86.22,86.22,3.6345288552988495,83.65,88.79,5.140000000000001,human,Homo sapiens,88.79,pan_troglodytes,Pan troglodytes,83.65,False,False,False,background,background,False,False
H2AZ2,muscle tissue,variant,8,4,95.70010714285715,96.2125,2.3467951902468966,92.62142857142858,97.754,5.132571428571424,equus_caballus,Equus caballus,97.754,bos_taurus,Bos taurus,92.62142857142858,True,False,False,background,background,False,False
H2AC13,subcutaneous adipose tissue,clustered,7,2,57.64833333333333,57.64833333333333,3.6156726744672105,55.09166666666667,60.205,5.11333333333333,bos_taurus,Bos taurus,60.205,human,Homo sapiens,55.09166666666667,False,False,False,background,background,False,False
MACROH2A1,Ammon's horn,variant,8,4,93.9234375,93.995,2.1448439567852784,91.3,96.40375,5.103750000000005,human,Homo sapiens,96.40375,bos_taurus,Bos taurus,91.3,True,False,False,background,background,False,False
H2AC20,embryo,clustered,5,2,49.44,49.44,3.6062445840513906,46.89,51.99,5.100000000000001,equus_caballus,Equus caballus,51.99,felis_catus,Felis catus,46.89,False,False,False,background,background,False,False
H2AJ,bone marrow,variant,8,5,93.50346153846154,94.41,2.174844890068711,90.56230769230768,95.66,5.097692307692313,equus_caballus,Equus caballus,95.66,human,Homo sapiens,90.56230769230768,True,False,False,background,background,False,False
H2AC13,muscle tissue,clustered,7,4,42.06066666666666,41.69,2.192598053046255,39.906666666666666,44.956,5.049333333333337,bos_taurus,Bos taurus,44.956,equus_caballus,Equus caballus,39.906666666666666,True,False,False,background,background,False,False
H2AC25,longissimus thoracis muscle,clustered,6,2,53.06270833333333,53.06270833333333,3.5694161058645997,50.53875,55.58666666666667,5.047916666666673,sus_scrofa,Sus scrofa,55.58666666666667,bos_taurus,Bos taurus,50.53875,False,False,False,background,background,False,False
H2AC12,myometrium,clustered,6,2,41.49916666666667,41.49916666666667,3.5579256206703187,38.98333333333333,44.015,5.031666666666673,bos_taurus,Bos taurus,44.015,human,Homo sapiens,38.98333333333333,False,False,False,background,background,False,False
H2AC14,endometrium,clustered,7,2,39.87125,39.87125,3.5373016728857096,37.37,42.3725,5.002500000000005,bos_taurus,Bos taurus,42.3725,human,Homo sapiens,37.37,False,False,False,background,background,False,False
H2AZ2,mucosa of urinary bladder,variant,8,2,91.125,91.125,3.5284628381208787,88.63,93.62,4.990000000000009,canis_lupus_familiaris,Canis lupus familiaris,93.62,human,Homo sapiens,88.63,False,False,False,background,background,False,False
H2AZ1,leukocyte,variant,8,3,96.19151515151516,96.02,2.4971488424997337,93.78454545454548,98.77,4.985454545454516,human,Homo sapiens,98.77,bos_taurus,Bos taurus,93.78454545454548,False,False,False,background,background,False,False
MACROH2A1,thymus,variant,8,4,96.300625,96.11,2.6382572964932773,94.0,98.9825,4.982500000000002,human,Homo sapiens,98.9825,bos_taurus,Bos taurus,94.0,True,False,False,background,p10,False,True
H2AZ2,retina,variant,8,4,96.8025,97.91,2.4070504080028488,93.21,98.18,4.970000000000013,bos_taurus,Bos taurus,98.18,canis_lupus_familiaris,Canis lupus familiaris,93.21,True,False,False,background,p10,False,True
H2AC17,subcutaneous adipose tissue,clustered,6,2,28.267,28.267,3.5030069939981567,25.79,30.744,4.954000000000001,human,Homo sapiens,30.744,sus_scrofa,Sus scrofa,25.79,False,False,False,background,background,False,False
H2AX,cardiac ventricle,variant,8,2,82.24208333333334,82.24208333333334,3.5007678225243954,79.76666666666667,84.7175,4.950833333333335,mus_musculus,Mus musculus,84.7175,human,Homo sapiens,79.76666666666667,False,False,False,background,background,False,False
H2AC8,mammary gland,clustered,6,2,49.45,49.45,3.4931074990615505,46.98,51.92,4.940000000000005,bos_taurus,Bos taurus,51.92,human,Homo sapiens,46.98,False,False,False,background,background,False,False
MACROH2A1,prostate gland,variant,8,2,93.28666666666666,93.28666666666666,3.488393453853622,90.82,95.75333333333332,4.933333333333323,human,Homo sapiens,95.75333333333332,bos_taurus,Bos taurus,90.82,False,False,False,background,background,False,False
H2AC11,granulocyte,clustered,6,2,63.245000000000005,63.245000000000005,3.4718942956259484,60.79,65.7,4.910000000000004,human,Homo sapiens,65.7,canis_lupus_familiaris,Canis lupus familiaris,60.79,False,False,False,background,background,False,False
H2AZ2,embryo,variant,8,3,97.55809523809523,99.05,2.7679124725652557,94.36428571428571,99.26,4.895714285714291,felis_catus,Felis catus,99.26,human,Homo sapiens,94.36428571428571,False,False,False,background,background,False,False
H2AX,hindlimb stylopod muscle,variant,8,4,81.7825,81.65249999999999,2.407960755494153,79.47,84.35499999999999,4.884999999999991,pan_troglodytes,Pan troglodytes,84.35499999999999,macaca_mulatta,Macaca mulatta,79.47,True,False,False,background,p10,False,True
H2AJ,dorsal plus ventral thalamus,variant,8,2,83.91125,83.91125,3.4524488591433133,81.47,86.35249999999999,4.882499999999993,human,Homo sapiens,86.35249999999999,sus_scrofa,Sus scrofa,81.47,False,False,False,background,background,False,False
H2AC12,small intestine,clustered,6,2,40.935,40.935,3.4436100243784895,38.5,43.370000000000005,4.8700000000000045,human,Homo sapiens,43.370000000000005,canis_lupus_familiaris,Canis lupus familiaris,38.5,False,False,False,background,background,False,False
H2AC12,spermatocyte,clustered,6,2,44.13,44.13,3.4365389565666207,41.7,46.56,4.859999999999999,macaca_mulatta,Macaca mulatta,46.56,bos_taurus,Bos taurus,41.7,False,False,False,background,background,False,False
H2AX,CA1 field of hippocampus,variant,8,2,87.59,87.59,3.433003422660696,85.1625,90.0175,4.855000000000004,human,Homo sapiens,90.0175,mus_musculus,Mus musculus,85.1625,False,False,False,background,background,False,False
H2AZ1,metanephros cortex,variant,8,4,95.7775,95.55250000000001,2.4604759024763174,93.59,98.415,4.825000000000003,human,Homo sapiens,98.415,bos_taurus,Bos taurus,93.59,True,False,False,background,p10,False,True
H2AJ,endometrium,variant,8,3,94.49062500000001,95.155,2.4792497447564594,91.746875,96.57,4.82312499999999,equus_caballus,Equus caballus,96.57,human,Homo sapiens,91.746875,False,False,False,background,background,False,False
H2AZ2,cartilage tissue,variant,8,2,91.81,91.81,3.408254685319154,89.4,94.22,4.819999999999993,canis_lupus_familiaris,Canis lupus familiaris,94.22,human,Homo sapiens,89.4,False,False,False,background,background,False,False
H2AZ1,pons,variant,8,3,94.645,93.35,2.6559038009687024,92.885,97.7,4.814999999999998,human,Homo sapiens,97.7,bos_taurus,Bos taurus,92.885,False,False,False,background,background,False,False
H2AZ2,granulocyte,variant,8,2,94.465,94.465,3.401183617507295,92.06,96.87,4.810000000000002,human,Homo sapiens,96.87,canis_lupus_familiaris,Canis lupus familiaris,92.06,False,False,False,background,background,False,False
MACROH2A1,oviduct epithelium,variant,8,3,96.37888888888888,96.58,2.4046490465423567,93.88,98.67666666666666,4.796666666666667,human,Homo sapiens,98.67666666666666,bos_taurus,Bos taurus,93.88,False,False,False,background,background,False,False
H2AZ1,cardiac atrium,variant,8,2,94.60916666666665,94.60916666666665,3.3858629705815755,92.215,97.00333333333332,4.788333333333313,human,Homo sapiens,97.00333333333332,bos_taurus,Bos taurus,92.215,False,False,False,background,background,False,False
H2AZ1,hypothalamus,variant,8,4,95.89277777777778,96.65,2.186937934845018,92.75,97.52111111111113,4.771111111111125,human,Homo sapiens,97.52111111111113,bos_taurus,Bos taurus,92.75,True,False,False,background,p10,False,True
H2AC17,metanephros cortex,clustered,6,3,48.69333333333333,48.83,2.377947294061273,46.25,51.0,4.75,sus_scrofa,Sus scrofa,51.0,human,Homo sapiens,46.25,False,False,False,background,background,False,False
H2AJ,smooth muscle tissue,variant,8,2,92.705,92.705,3.3587572106361008,90.33,95.08,4.75,canis_lupus_familiaris,Canis lupus familiaris,95.08,human,Homo sapiens,90.33,False,False,False,background,background,False,False
H2AZ2,trachea,variant,8,2,93.98083333333334,93.98083333333334,3.343436563710386,91.61666666666667,96.345,4.728333333333325,bos_taurus,Bos taurus,96.345,human,Homo sapiens,91.61666666666667,False,False,False,background,background,False,False
H2AZ2,brain,variant,8,5,94.20691666666667,94.45,1.7144844442928664,91.415,96.12958333333334,4.714583333333337,human,Homo sapiens,96.12958333333334,canis_lupus_familiaris,Canis lupus familiaris,91.415,True,False,False,background,p10,False,True
MACROH2A1,pituitary gland,variant,8,5,95.20338095238095,94.07,2.3423350197337727,93.115,97.82857142857142,4.713571428571427,human,Homo sapiens,97.82857142857142,sus_scrofa,Sus scrofa,93.115,True,False,False,background,p10,False,True
H2AJ,subcutaneous adipose tissue,variant,8,3,96.45167464114832,97.41,2.4963295144767903,93.6181818181818,98.32684210526315,4.708660287081358,human,Homo sapiens,98.32684210526315,bos_taurus,Bos taurus,93.6181818181818,False,False,False,background,background,False,False
H2AZ1,lung,variant,8,6,96.35439393939394,96.35249999999999,1.8487469157248653,93.8375,98.5375,4.699999999999989,canis_lupus_familiaris,Canis lupus familiaris,98.5375,sus_scrofa,Sus scrofa,93.8375,True,False,False,background,p10,False,True
H2AZ2,occipital lobe,variant,8,3,93.00444444444445,91.67,2.611313703724481,91.33,96.01333333333334,4.683333333333337,human,Homo sapiens,96.01333333333334,canis_lupus_familiaris,Canis lupus familiaris,91.33,False,False,False,background,background,False,False
H2AZ2,prostate gland,variant,8,2,94.41888888888889,94.41888888888889,3.3108310843556743,92.07777777777778,96.76,4.682222222222222,bos_taurus,Bos taurus,96.76,human,Homo sapiens,92.07777777777778,False,False,False,background,background,False,False
H2AC6,superior frontal gyrus,clustered,7,3,74.50708994708994,74.56222222222222,2.3409631509288777,72.13904761904762,76.82,4.680952380952377,macaca_mulatta,Macaca mulatta,76.82,human,Homo sapiens,72.13904761904762,False,False,False,background,background,False,False
H2AX,jejunum,variant,8,3,85.9661111111111,84.73833333333333,2.54296651643385,84.27,88.89,4.6200000000000045,canis_lupus_familiaris,Canis lupus familiaris,88.89,human,Homo sapiens,84.27,False,False,False,background,background,False,False
H2AZ2,smooth muscle tissue,variant,8,2,95.295,95.295,3.2456201256462553,93.0,97.59,4.590000000000003,human,Homo sapiens,97.59,canis_lupus_familiaris,Canis lupus familiaris,93.0,False,False,False,background,background,False,False
H2AZ1,colon,variant,8,6,97.0174074074074,97.7325,1.8744365957375952,94.07,98.65944444444445,4.589444444444453,human,Homo sapiens,98.65944444444445,pan_troglodytes,Pan troglodytes,94.07,True,False,False,background,p10,False,True
H2AZ1,placenta,variant,8,3,96.11766666666666,96.92,2.394530503738329,93.425,98.008,4.582999999999998,human,Homo sapiens,98.008,bos_taurus,Bos taurus,93.425,False,False,False,background,background,False,False
H2AZ1,olfactory bulb,variant,8,2,95.9,95.9,3.2385490578343914,93.61,98.19,4.579999999999998,canis_lupus_familiaris,Canis lupus familiaris,98.19,human,Homo sapiens,93.61,False,False,False,background,background,False,False
H2AJ,trachea,variant,8,2,93.52833333333334,93.52833333333334,3.1513392214880396,91.3,95.75666666666666,4.4566666666666634,human,Homo sapiens,95.75666666666666,bos_taurus,Bos taurus,91.3,False,False,False,background,background,False,False
MACROH2A1,uterus,variant,8,4,95.13833333333332,95.61,1.921350797977529,92.45333333333332,96.88,4.4266666666666765,human,Homo sapiens,96.88,bos_taurus,Bos taurus,92.45333333333332,True,False,False,background,p10,False,True
MACROH2A2,occipital cortex,variant,8,2,64.59666666666666,64.59666666666666,3.13012601805245,62.38333333333333,66.81,4.426666666666669,canis_lupus_familiaris,Canis lupus familiaris,66.81,sus_scrofa,Sus scrofa,62.38333333333333,False,False,False,background,background,False,False
H2AZ1,renal medulla,variant,8,3,96.01222222222223,97.35666666666668,2.497948788135607,93.13,97.55,4.420000000000002,canis_lupus_familiaris,Canis lupus familiaris,97.55,bos_taurus,Bos taurus,93.13,False,False,False,background,background,False,False
H2AZ1,prefrontal cortex,variant,8,8,96.3374375,96.31,1.4439532896456806,93.91,98.3275,4.417500000000004,macaca_mulatta,Macaca mulatta,98.3275,equus_caballus,Equus caballus,93.91,True,False,False,background,p10,False,True
H2AX,midbrain,variant,8,2,93.856875,93.856875,3.120992555462119,91.65,96.06375,4.413749999999993,mus_musculus,Mus musculus,96.06375,human,Homo sapiens,91.65,False,False,False,background,background,False,False
H2AZ2,caput epididymis,variant,8,2,95.61333333333334,95.61333333333334,3.1206979276366202,93.40666666666668,97.82,4.413333333333313,bos_taurus,Bos taurus,97.82,human,Homo sapiens,93.40666666666668,False,False,False,background,background,False,False
H2AJ,hypothalamus,variant,8,4,84.0475,83.805,1.993079461722668,82.09666666666668,86.48333333333333,4.386666666666656,human,Homo sapiens,86.48333333333333,bos_taurus,Bos taurus,82.09666666666668,True,False,False,background,p10,False,True
H2AZ2,urinary bladder,variant,8,3,95.91375000000001,96.07625,2.1970118200637945,93.64,98.025,4.385000000000005,bos_taurus,Bos taurus,98.025,canis_lupus_familiaris,Canis lupus familiaris,93.64,False,False,False,background,background,False,False
H2AX,granulocyte,variant,8,3,89.85333333333334,91.18,2.473081748210789,87.0,91.38,4.3799999999999955,human,Homo sapiens,91.38,canis_lupus_familiaris,Canis lupus familiaris,87.0,False,False,False,background,background,False,False
MACROH2A1,adenohypophysis,variant,8,2,95.11583333333334,95.11583333333334,3.0912351450871776,92.93,97.30166666666666,4.3716666666666555,human,Homo sapiens,97.30166666666666,bos_taurus,Bos taurus,92.93,False,False,False,background,background,False,False
H2AJ,thyroid gland,variant,8,3,96.24254901960785,95.49764705882352,2.278241470605172,94.43,98.8,4.36999999999999,canis_lupus_familiaris,Canis lupus familiaris,98.8,bos_taurus,Bos taurus,94.43,False,False,False,background,background,False,False
MACROH2A1,medulla oblongata,variant,8,2,94.38535714285715,94.38535714285715,3.0834906422456294,92.205,96.5657142857143,4.360714285714295,human,Homo sapiens,96.5657142857143,sus_scrofa,Sus scrofa,92.205,False,False,False,background,background,False,False
H2AZ1,skeletal muscle tissue,variant,8,6,94.8040625,94.83,1.682030290582636,92.47,96.83,4.359999999999999,canis_lupus_familiaris,Canis lupus familiaris,96.83,pan_troglodytes,Pan troglodytes,92.47,True,False,False,background,p10,False,True
MACROH2A1,metanephros cortex,variant,8,4,94.08250000000001,93.74000000000001,1.848226627518028,92.245,96.605,4.359999999999999,human,Homo sapiens,96.605,sus_scrofa,Sus scrofa,92.245,True,False,False,background,p10,False,True
H2AZ2,brainstem,variant,8,2,83.29583333333332,83.29583333333332,3.081807054671365,81.11666666666666,85.475,4.358333333333334,equus_caballus,Equus caballus,85.475,sus_scrofa,Sus scrofa,81.11666666666666,False,False,False,background,background,False,False
H2AZ2,renal medulla,variant,8,3,94.88666666666667,96.03000000000002,2.389776837558968,92.14,96.49,4.349999999999994,bos_taurus,Bos taurus,96.49,canis_lupus_familiaris,Canis lupus familiaris,92.14,False,False,False,background,background,False,False
H2AC11,gall bladder,clustered,6,2,48.942499999999995,48.942499999999995,3.0511657608199583,46.785,51.1,4.315000000000005,human,Homo sapiens,51.1,bos_taurus,Bos taurus,46.785,False,False,False,background,background,False,False
H2AZ2,fibroblast,variant,8,2,91.1825,91.1825,3.0511657608199507,89.025,93.34,4.314999999999998,macaca_mulatta,Macaca mulatta,93.34,pan_troglodytes,Pan troglodytes,89.025,False,False,False,background,background,False,False
H2AJ,duodenum,variant,8,3,94.2836111111111,95.2875,2.308314129482904,91.64333333333332,95.92,4.276666666666685,sus_scrofa,Sus scrofa,95.92,human,Homo sapiens,91.64333333333332,False,False,False,background,background,False,False
H2AZ2,kidney,variant,8,5,95.41566666666667,96.3,1.7757962220430095,92.62,96.86,4.239999999999995,bos_taurus,Bos taurus,96.86,canis_lupus_familiaris,Canis lupus familiaris,92.62,True,False,False,background,p10,False,True
H2AZ1,saliva-secreting gland,variant,8,3,96.57866666666666,97.73,2.3364386003773654,93.89,98.116,4.225999999999999,human,Homo sapiens,98.116,bos_taurus,Bos taurus,93.89,False,False,False,background,background,False,False
H2AC6,cerebellar cortex,clustered,7,3,78.587,79.01,2.1420567219380704,76.26499999999999,80.486,4.221000000000018,pan_troglodytes,Pan troglodytes,80.486,human,Homo sapiens,76.26499999999999,False,False,False,background,background,False,False
MACROH2A1,forebrain,variant,8,2,96.02,96.02,2.98399061660723,93.91,98.13,4.219999999999999,human,Homo sapiens,98.13,sus_scrofa,Sus scrofa,93.91,False,False,False,background,background,False,False
MACROH2A1,diaphragm,variant,8,2,90.4825,90.4825,2.952170811453824,88.39500000000001,92.57,4.174999999999983,human,Homo sapiens,92.57,bos_taurus,Bos taurus,88.39500000000001,False,False,False,background,background,False,False
H2AZ1,pituitary gland,variant,8,5,96.58179487179487,96.31,1.731027397649602,94.33,98.4723076923077,4.142307692307696,human,Homo sapiens,98.4723076923077,bos_taurus,Bos taurus,94.33,True,False,False,background,p10,False,True
H2AZ1,diaphragm,variant,8,2,96.295,96.295,2.920351006300438,94.23,98.36,4.1299999999999955,bos_taurus,Bos taurus,98.36,human,Homo sapiens,94.23,False,False,False,background,background,False,False
H2AZ2,hypothalamus,variant,8,4,93.89723958333333,93.47166666666666,1.751853560166303,92.265,96.380625,4.115624999999994,human,Homo sapiens,96.380625,sus_scrofa,Sus scrofa,92.265,True,False,False,background,p10,False,True
H2AJ,hindlimb stylopod muscle,variant,8,3,91.08333333333333,90.515,2.1155515435302785,89.31,93.425,4.114999999999995,human,Homo sapiens,93.425,macaca_mulatta,Macaca mulatta,89.31,False,False,False,background,background,False,False
MACROH2A1,thyroid gland,variant,8,3,94.80401960784314,95.34,2.1028974971468264,92.485,96.58705882352942,4.102058823529418,human,Homo sapiens,96.58705882352942,bos_taurus,Bos taurus,92.485,False,False,False,background,background,False,False
H2AZ2,thyroid gland,variant,8,3,95.45009803921569,95.95529411764706,2.0937224167130712,93.15,97.245,4.094999999999999,bos_taurus,Bos taurus,97.245,canis_lupus_familiaris,Canis lupus familiaris,93.15,False,False,False,background,background,False,False
MACROH2A1,cortex of kidney,variant,8,4,94.144,94.243,1.785347025090638,92.02,96.07,4.049999999999997,macaca_mulatta,Macaca mulatta,96.07,pan_troglodytes,Pan troglodytes,92.02,True,False,False,background,p10,False,True
H2AZ1,epithelium of bronchus,variant,8,2,95.77142857142856,95.77142857142856,2.83751849764714,93.765,97.77785714285712,4.012857142857115,human,Homo sapiens,97.77785714285712,equus_caballus,Equus caballus,93.765,False,False,False,background,background,False,False
MACROH2A1,corpus epididymis,variant,8,2,94.92833333333334,94.92833333333334,2.826070102142222,92.93,96.92666666666666,3.9966666666666555,human,Homo sapiens,96.92666666666666,bos_taurus,Bos taurus,92.93,False,False,False,background,background,False,False
H2AX,secondary oocyte,variant,8,2,86.25666666666666,86.25666666666666,2.818999034330363,84.26333333333334,88.25,3.9866666666666646,human,Homo sapiens,88.25,mus_musculus,Mus musculus,84.26333333333334,False,False,False,background,background,False,False
H2AZ2,olfactory bulb,variant,8,2,90.315,90.315,2.8072139213105927,88.33,92.3,3.969999999999999,canis_lupus_familiaris,Canis lupus familiaris,92.3,human,Homo sapiens,88.33,False,False,False,background,background,False,False
H2AJ,retina,variant,8,3,93.63333333333333,94.43,2.092040471246509,91.26,95.21,3.9499999999999886,bos_taurus,Bos taurus,95.21,canis_lupus_familiaris,Canis lupus familiaris,91.26,False,False,False,background,background,False,False
H2AX,cortex of kidney,variant,8,4,80.281875,79.69125,1.83717329862119,78.9,82.845,3.944999999999993,pan_troglodytes,Pan troglodytes,82.845,mus_musculus,Mus musculus,78.9,True,False,False,background,p10,False,True
MACROH2A1,myometrium,variant,8,2,93.91863636363635,93.91863636363635,2.7840722448353925,91.95,95.88727272727272,3.9372727272727133,human,Homo sapiens,95.88727272727272,bos_taurus,Bos taurus,91.95,False,False,False,background,background,False,False
H2AJ,right lobe of liver,variant,8,2,95.37305555555554,95.37305555555554,2.774608441955891,93.4111111111111,97.335,3.9238888888888965,sus_scrofa,Sus scrofa,97.335,human,Homo sapiens,93.4111111111111,False,False,False,background,background,False,False
H2AX,spermatocyte,variant,8,2,96.405,96.405,2.7647875144393983,94.45,98.36,3.9099999999999966,mus_musculus,Mus musculus,98.36,macaca_mulatta,Macaca mulatta,94.45,False,False,False,background,background,False,False
H2AJ,caecum,variant,8,3,92.95277777777778,93.78666666666668,2.0802112161277595,90.585,94.48666666666666,3.901666666666671,human,Homo sapiens,94.48666666666666,sus_scrofa,Sus scrofa,90.585,False,False,False,background,background,False,False
H2AZ1,endometrium,variant,8,3,95.84458333333333,94.8,2.1467855088092365,94.42,98.31375,3.893749999999997,human,Homo sapiens,98.31375,equus_caballus,Equus caballus,94.42,False,False,False,background,background,False,False
H2AZ1,retina,variant,8,4,96.7925,97.24000000000001,1.6891097260588686,94.4,98.29,3.8900000000000006,human,Homo sapiens,98.29,equus_caballus,Equus caballus,94.4,True,False,False,background,p10,False,True
H2AJ,pancreas,variant,8,2,94.675,94.675,2.722361107568204,92.75,96.6,3.8499999999999943,canis_lupus_familiaris,Canis lupus familiaris,96.6,human,Homo sapiens,92.75,False,False,False,background,background,False,False
H2AZ2,diaphragm,variant,8,2,96.795,96.795,2.722361107568204,94.87,98.72,3.8499999999999943,bos_taurus,Bos taurus,98.72,human,Homo sapiens,94.87,False,False,False,background,background,False,False
H2AJ,gall bladder,variant,8,2,93.72,93.72,2.715290039756345,91.8,95.64,3.8400000000000034,bos_taurus,Bos taurus,95.64,human,Homo sapiens,91.8,False,False,False,background,background,False,False
H2AZ2,uterus,variant,8,4,97.09666666666666,97.21333333333334,1.8319024719309371,95.1,98.86,3.760000000000005,felis_catus,Felis catus,98.86,human,Homo sapiens,95.1,True,False,False,background,p10,False,True
H2AC8,retina,clustered,6,2,50.575,50.575,2.6516504294495533,48.7,52.45,3.75,equus_caballus,Equus caballus,52.45,bos_taurus,Bos taurus,48.7,False,False,False,background,background,False,False
H2AZ2,adrenal cortex,variant,8,2,93.49333333333334,93.49333333333334,2.6351512712218823,91.63,95.35666666666668,3.726666666666688,human,Homo sapiens,95.35666666666668,canis_lupus_familiaris,Canis lupus familiaris,91.63,False,False,False,background,background,False,False
MACROH2A1,esophagus,variant,8,2,95.86214285714286,95.86214285714286,2.6334676836476127,94.0,97.72428571428571,3.7242857142857133,human,Homo sapiens,97.72428571428571,bos_taurus,Bos taurus,94.0,False,False,False,background,background,False,False
MACROH2A1,dorsolateral prefrontal cortex,variant,8,3,94.72486111111111,95.235,1.91154552858945,92.61,96.32958333333332,3.7195833333333184,human,Homo sapiens,96.32958333333332,pan_troglodytes,Pan troglodytes,92.61,False,False,False,background,background,False,False
H2AC8,primary visual cortex,clustered,6,3,53.835,54.61,1.9750379743184665,51.59,55.305,3.7149999999999963,pan_troglodytes,Pan troglodytes,55.305,macaca_mulatta,Macaca mulatta,51.59,False,False,False,background,background,False,False
H2AC19,endometrium,clustered,4,3,60.01133333333333,59.554,1.8919210695304767,58.39,62.09,3.700000000000003,human,Homo sapiens,62.09,equus_caballus,Equus caballus,58.39,False,False,False,background,background,False,False
MACROH2A1,penis,variant,8,2,97.22999999999999,97.22999999999999,2.616295090390223,95.38,99.08,3.700000000000003,human,Homo sapiens,99.08,sus_scrofa,Sus scrofa,95.38,False,False,False,background,background,False,False
MACROH2A1,tonsil,variant,8,2,96.87,96.87,2.5738686835190383,95.05,98.69,3.6400000000000006,human,Homo sapiens,98.69,sus_scrofa,Sus scrofa,95.05,False,False,False,background,background,False,False
H2AZ2,nasal cavity mucosa,variant,8,2,96.38,96.38,2.5597265478953055,94.57,98.19,3.6200000000000045,bos_taurus,Bos taurus,98.19,human,Homo sapiens,94.57,False,False,False,background,background,False,False
H2AJ,cerebellar cortex,variant,8,3,79.57933333333334,79.62,1.8013443128212128,77.75800000000001,81.36,3.6019999999999897,human,Homo sapiens,81.36,pan_troglodytes,Pan troglodytes,77.75800000000001,False,False,False,background,background,False,False
H2AZ1,granulocyte,variant,8,2,96.6,96.6,2.545584412271582,94.8,98.4,3.6000000000000085,human,Homo sapiens,98.4,canis_lupus_familiaris,Canis lupus familiaris,94.8,False,False,False,background,background,False,False
H2AC7,cerebral cortex,clustered,5,3,30.05333333333333,29.26,1.9266637831581654,28.65,32.25,3.6000000000000014,canis_lupus_familiaris,Canis lupus familiaris,32.25,bos_taurus,Bos taurus,28.65,False,False,False,background,background,False,False
H2AC8,superior frontal gyrus,clustered,6,3,43.1775,44.345,2.041685884263296,40.82,44.3675,3.5474999999999994,pan_troglodytes,Pan troglodytes,44.3675,macaca_mulatta,Macaca mulatta,40.82,False,False,False,background,background,False,False
H2AJ,prostate gland,variant,8,2,95.28076923076924,95.28076923076924,2.5020701488139387,93.51153846153846,97.05,3.538461538461533,bos_taurus,Bos taurus,97.05,human,Homo sapiens,93.51153846153846,False,False,False,background,background,False,False
H2AX,esophagus,variant,8,2,83.86642857142857,83.86642857142857,2.4981072426776247,82.1,85.63285714285715,3.5328571428571536,human,Homo sapiens,85.63285714285715,mus_musculus,Mus musculus,82.1,False,False,False,background,background,False,False
H2AJ,adenohypophysis,variant,8,2,93.02416666666667,93.02416666666667,2.4972654488905053,91.25833333333333,94.79,3.5316666666666805,bos_taurus,Bos taurus,94.79,human,Homo sapiens,91.25833333333333,False,False,False,background,background,False,False
H2AC19,gall bladder,clustered,4,2,67.735,67.735,2.4960869375885135,65.97,69.5,3.530000000000001,bos_taurus,Bos taurus,69.5,human,Homo sapiens,65.97,False,False,False,background,background,False,False
H2AZ1,brain,variant,8,5,96.73949999999999,97.465,1.5222520323520752,94.69,98.1675,3.4775000000000063,macaca_mulatta,Macaca mulatta,98.1675,bos_taurus,Bos taurus,94.69,True,False,False,background,p10,False,True
H2AZ1,caecum,variant,8,3,97.24388888888889,97.635,1.767753072667668,95.31333333333332,98.78333333333336,3.4700000000000415,human,Homo sapiens,98.78333333333336,bos_taurus,Bos taurus,95.31333333333332,False,False,False,background,background,False,False
H2AX,dorsal root ganglion,variant,8,2,83.97904761904762,83.97904761904762,2.4432222877569414,82.25142857142858,85.70666666666666,3.4552380952380872,mus_musculus,Mus musculus,85.70666666666666,human,Homo sapiens,82.25142857142858,False,False,False,background,background,False,False
MACROH2A1,hindlimb stylopod muscle,variant,8,3,94.60833333333333,95.565,1.909138112692044,92.41,95.85,3.4399999999999977,macaca_mulatta,Macaca mulatta,95.85,pan_troglodytes,Pan troglodytes,92.41,False,False,False,background,background,False,False
MACROH2A1,corpus callosum,variant,8,2,93.56166666666667,93.56166666666667,2.420662214261952,91.85,95.27333333333333,3.423333333333332,human,Homo sapiens,95.27333333333333,sus_scrofa,Sus scrofa,91.85,False,False,False,background,background,False,False
H2AC15,cerebellar cortex,clustered,5,2,49.83416666666666,49.83416666666666,2.405341567336235,48.13333333333333,51.535,3.4016666666666637,human,Homo sapiens,51.535,macaca_mulatta,Macaca mulatta,48.13333333333333,False,False,False,background,background,False,False
H2AZ1,longissimus thoracis muscle,variant,8,2,92.874,92.874,2.3956777746600215,91.18,94.568,3.387999999999991,sus_scrofa,Sus scrofa,94.568,bos_taurus,Bos taurus,91.18,False,False,False,background,background,False,False
MACROH2A1,pancreas,variant,8,2,93.68833333333333,93.68833333333333,2.392377943014475,91.99666666666668,95.38,3.3833333333333115,human,Homo sapiens,95.38,canis_lupus_familiaris,Canis lupus familiaris,91.99666666666668,False,False,False,background,background,False,False
H2AC19,cerebellar cortex,clustered,4,2,86.4315,86.4315,2.3709290373185,84.755,88.108,3.3530000000000086,pan_troglodytes,Pan troglodytes,88.108,human,Homo sapiens,84.755,False,False,False,background,background,False,False
H2AZ1,granulosa cell,variant,8,2,97.565,97.565,2.36880771697493,95.89,99.24,3.3499999999999943,sus_scrofa,Sus scrofa,99.24,bos_taurus,Bos taurus,95.89,False,False,False,background,background,False,False
H2AX,oviduct epithelium,variant,8,2,79.28,79.28,2.3617366491630714,77.61,80.95,3.3400000000000034,equus_caballus,Equus caballus,80.95,human,Homo sapiens,77.61,False,False,False,background,background,False,False
MACROH2A1,amygdala,variant,8,2,94.27384615384615,94.27384615384615,2.3388916608478003,92.62,95.9276923076923,3.3076923076922924,human,Homo sapiens,95.9276923076923,sus_scrofa,Sus scrofa,92.62,False,False,False,background,background,False,False
H2AZ1,cerebral cortex,variant,8,6,97.48599999999999,97.57,1.1508423002305712,95.795,99.1,3.3049999999999926,macaca_mulatta,Macaca mulatta,99.1,bos_taurus,Bos taurus,95.795,True,False,False,background,p10,False,True
MACROH2A1,mesenteric lymph node,variant,8,2,92.39,92.39,2.3193102422918765,90.75,94.03,3.280000000000001,sus_scrofa,Sus scrofa,94.03,bos_taurus,Bos taurus,90.75,False,False,False,background,background,False,False
H2AZ1,urinary bladder,variant,8,3,97.03916666666667,96.91,1.6425634183596487,95.465,98.7425,3.2775000000000034,human,Homo sapiens,98.7425,bos_taurus,Bos taurus,95.465,False,False,False,background,background,False,False
H2AJ,corpus callosum,variant,8,2,83.81272727272727,83.81272727272727,2.2948829171236165,82.19,85.43545454545455,3.2454545454545496,human,Homo sapiens,85.43545454545455,sus_scrofa,Sus scrofa,82.19,False,False,False,background,background,False,False
H2AX,cerebellar cortex,variant,8,4,86.10425000000001,86.36500000000001,1.485143848251743,84.235,87.452,3.2169999999999987,pan_troglodytes,Pan troglodytes,87.452,mus_musculus,Mus musculus,84.235,True,False,False,background,p10,True,True
H2AJ,cardiac ventricle,variant,8,2,91.05833333333334,91.05833333333334,2.2745268128167444,89.45,92.66666666666669,3.2166666666666828,human,Homo sapiens,92.66666666666669,bos_taurus,Bos taurus,89.45,False,False,False,background,background,False,False
H2AZ1,smooth muscle tissue,variant,8,2,96.9375,96.9375,2.2733483015147526,95.33,98.545,3.2150000000000034,human,Homo sapiens,98.545,canis_lupus_familiaris,Canis lupus familiaris,95.33,False,False,False,background,background,False,False
H2AX,spermatid,variant,8,2,91.88,91.88,2.248599564173221,90.29,93.47,3.1799999999999926,mus_musculus,Mus musculus,93.47,macaca_mulatta,Macaca mulatta,90.29,False,False,False,background,background,False,False
H2AJ,urinary bladder,variant,8,3,95.17625,95.91,1.7116964355574305,93.22,96.39875,3.178750000000008,human,Homo sapiens,96.39875,canis_lupus_familiaris,Canis lupus familiaris,93.22,False,False,False,background,background,False,False
H2AJ,adrenal gland,variant,8,3,96.43666666666667,97.28,1.7451742988404666,94.43,97.6,3.1699999999999875,canis_lupus_familiaris,Canis lupus familiaris,97.6,bos_taurus,Bos taurus,94.43,False,False,False,background,background,False,False
H2AC6,hindlimb stylopod muscle,clustered,7,3,87.55666666666666,86.63,1.77212678252244,86.44,89.6,3.1599999999999966,pan_troglodytes,Pan troglodytes,89.6,human,Homo sapiens,86.44,False,False,False,background,background,False,False
H2AZ1,kidney,variant,8,5,96.60933333333334,96.81,1.2739187136112369,95.09,98.24666666666668,3.1566666666666805,human,Homo sapiens,98.24666666666668,bos_taurus,Bos taurus,95.09,True,False,False,background,p10,True,True
H2AJ,forebrain,variant,8,2,75.8225,75.8225,2.2309218946435583,74.245,77.4,3.155000000000001,sus_scrofa,Sus scrofa,77.4,human,Homo sapiens,74.245,False,False,False,background,background,False,False
H2AZ2,myometrium,variant,8,2,96.67818181818183,96.67818181818183,2.2228865903118953,95.10636363636364,98.25,3.143636363636361,bos_taurus,Bos taurus,98.25,human,Homo sapiens,95.10636363636364,False,False,False,background,background,False,False
H2AX,muscle of leg,variant,8,2,80.56833333333333,80.56833333333333,2.2108872025099378,79.005,82.13166666666666,3.126666666666665,mus_musculus,Mus musculus,82.13166666666666,human,Homo sapiens,79.005,False,False,False,background,background,False,False
H2AZ1,hindlimb stylopod muscle,variant,8,3,95.54666666666667,96.49,1.738859779664052,93.54,96.61,3.069999999999993,macaca_mulatta,Macaca mulatta,96.61,pan_troglodytes,Pan troglodytes,93.54,False,False,False,background,background,False,False
H2AC15,small intestine,clustered,5,2,43.03,43.03,2.163746750430837,41.5,44.56,3.0600000000000023,canis_lupus_familiaris,Canis lupus familiaris,44.56,human,Homo sapiens,41.5,False,False,False,background,background,False,False
H2AZ2,mesenteric lymph node,variant,8,2,97.47999999999999,97.47999999999999,2.149604614807104,95.96,99.0,3.0400000000000063,bos_taurus,Bos taurus,99.0,sus_scrofa,Sus scrofa,95.96,False,False,False,background,background,False,False
H2AJ,thymus,variant,8,4,93.77125000000001,93.6525,1.3825241106999433,92.38,95.4,3.0200000000000102,bos_taurus,Bos taurus,95.4,pan_troglodytes,Pan troglodytes,92.38,True,False,False,background,p10,True,True
H2AZ1,tongue,variant,8,3,96.92666666666666,97.04,1.5131864833302382,95.36,98.38,3.019999999999996,human,Homo sapiens,98.38,bos_taurus,Bos taurus,95.36,False,False,False,background,background,False,False
H2AZ1,mammary gland,variant,8,3,96.33333333333333,96.955,1.5819318358681966,94.535,97.51,2.9750000000000085,human,Homo sapiens,97.51,bos_taurus,Bos taurus,94.535,False,False,False,background,background,False,False
H2AC6,adrenal gland,clustered,7,3,82.83527777777778,82.45333333333333,1.498219854187456,81.565,84.4875,2.9224999999999994,human,Homo sapiens,84.4875,canis_lupus_familiaris,Canis lupus familiaris,81.565,False,False,False,background,background,False,False
H2AJ,nasal cavity mucosa,variant,8,2,96.89,96.89,2.06475180106471,95.43,98.35,2.9199999999999875,bos_taurus,Bos taurus,98.35,human,Homo sapiens,95.43,False,False,False,background,background,False,False
H2AZ2,colon,variant,8,6,96.5062962962963,96.1238888888889,1.258149467394288,95.32,98.23,2.910000000000011,bos_taurus,Bos taurus,98.23,sus_scrofa,Sus scrofa,95.32,True,False,False,background,p10,True,True
MACROH2A1,kidney,variant,8,5,94.68533333333333,94.64666666666666,1.1868412792880985,92.97,95.87,2.9000000000000057,macaca_mulatta,Macaca mulatta,95.87,bos_taurus,Bos taurus,92.97,True,False,False,background,p10,True,True
H2AC21,monocyte,clustered,6,2,52.68,52.68,2.0506096654409918,51.23,54.13,2.9000000000000057,bos_taurus,Bos taurus,54.13,human,Homo sapiens,51.23,False,False,False,background,background,False,False
H2AZ1,lymph node,variant,8,5,97.04233333333335,97.16,1.2973089668832003,95.48,98.35166666666667,2.8716666666666697,human,Homo sapiens,98.35166666666667,pan_troglodytes,Pan troglodytes,95.48,True,False,False,background,p10,True,True
MACROH2A2,spermatid,variant,8,2,48.25,48.25,2.0081832585697974,46.83,49.67,2.8400000000000034,bos_taurus,Bos taurus,49.67,macaca_mulatta,Macaca mulatta,46.83,False,False,False,background,background,False,False
MACROH2A1,hair follicle,variant,8,2,95.81666666666666,95.81666666666666,2.0034692133618712,94.4,97.23333333333332,2.8333333333333144,human,Homo sapiens,97.23333333333332,canis_lupus_familiaris,Canis lupus familiaris,94.4,False,False,False,background,background,False,False
H2AJ,fibroblast,variant,8,2,96.57499999999999,96.57499999999999,2.0011121907579335,95.16,97.99,2.8299999999999983,pan_troglodytes,Pan troglodytes,97.99,macaca_mulatta,Macaca mulatta,95.16,False,False,False,background,background,False,False
MACROH2A1,retina,variant,8,4,95.5175,95.245,1.230863518023011,94.39,97.19,2.799999999999997,human,Homo sapiens,97.19,bos_taurus,Bos taurus,94.39,True,False,False,background,p10,True,True
H2AZ1,hair follicle,variant,8,2,96.215,96.215,1.9586857838867289,94.83,97.6,2.769999999999996,human,Homo sapiens,97.6,canis_lupus_familiaris,Canis lupus familiaris,94.83,False,False,False,background,background,False,False
H2AZ1,semimembranosus muscle,variant,8,2,94.78666666666666,94.78666666666666,1.9563287612827909,93.40333333333332,96.17,2.76666666666668,sus_scrofa,Sus scrofa,96.17,bos_taurus,Bos taurus,93.40333333333332,False,False,False,background,background,False,False
H2AC21,omental fat pad,clustered,6,2,39.364000000000004,39.364000000000004,1.9502005025124975,37.985,40.743,2.7580000000000027,human,Homo sapiens,40.743,bos_taurus,Bos taurus,37.985,False,False,False,background,background,False,False
H2AZ1,esophagus,variant,8,2,97.40785714285715,97.40785714285715,1.93444212281749,96.04,98.7757142857143,2.7357142857142946,human,Homo sapiens,98.7757142857143,bos_taurus,Bos taurus,96.04,False,False,False,background,background,False,False
H2AJ,tonsil,variant,8,2,93.035,93.035,1.9304015126392826,91.67,94.4,2.730000000000004,sus_scrofa,Sus scrofa,94.4,human,Homo sapiens,91.67,False,False,False,background,background,False,False
H2AZ2,stomach,variant,8,3,95.14055555555557,94.945,1.3738119446486345,93.875,96.60166666666667,2.7266666666666737,human,Homo sapiens,96.60166666666667,canis_lupus_familiaris,Canis lupus familiaris,93.875,False,False,False,background,background,False,False
H2AJ,mammary gland,variant,8,3,96.08916666666666,96.07,1.331353477981469,94.7675,97.43,2.6625000000000085,canis_lupus_familiaris,Canis lupus familiaris,97.43,bos_taurus,Bos taurus,94.7675,False,False,False,background,background,False,False
MACROH2A1,epithelium of bronchus,variant,8,2,97.27214285714285,97.27214285714285,1.8768634277780116,95.945,98.59928571428571,2.65428571428572,human,Homo sapiens,98.59928571428571,equus_caballus,Equus caballus,95.945,False,False,False,background,background,False,False
MACROH2A1,primary visual cortex,variant,8,3,94.68796296296296,95.39888888888888,1.4542585753968298,93.015,95.65,2.635000000000005,macaca_mulatta,Macaca mulatta,95.65,pan_troglodytes,Pan troglodytes,93.015,False,False,False,background,background,False,False
H2AZ1,myometrium,variant,8,2,96.90045454545455,96.90045454545455,1.8532625910552754,95.59,98.21090909090908,2.6209090909090804,human,Homo sapiens,98.21090909090908,bos_taurus,Bos taurus,95.59,False,False,False,background,background,False,False
H2AZ1,cortex of kidney,variant,8,4,95.01650000000001,95.253,1.2756837382360906,93.47,96.09,2.6200000000000045,macaca_mulatta,Macaca mulatta,96.09,bos_taurus,Bos taurus,93.47,True,False,False,background,p10,True,True
H2AX,caecum,variant,8,2,91.545,91.545,1.8526197667087578,90.235,92.855,2.6200000000000045,human,Homo sapiens,92.855,sus_scrofa,Sus scrofa,90.235,False,False,False,background,background,False,False
H2AZ1,Ammon's horn,variant,8,4,96.84385416666667,97.25770833333334,1.1728128469446155,95.12,97.74,2.6199999999999903,macaca_mulatta,Macaca mulatta,97.74,bos_taurus,Bos taurus,95.12,True,False,False,background,p10,True,True
H2AC7,monocyte,clustered,5,2,50.275,50.275,1.8314065632731604,48.98,51.57,2.5900000000000034,bos_taurus,Bos taurus,51.57,human,Homo sapiens,48.98,False,False,False,background,background,False,False
H2AJ,longissimus thoracis muscle,variant,8,2,85.991,85.991,1.8144360005246827,84.708,87.274,2.5660000000000025,sus_scrofa,Sus scrofa,87.274,bos_taurus,Bos taurus,84.708,False,False,False,background,background,False,False
H2AZ2,urethra,variant,8,2,96.6575,96.6575,1.7925156903078956,95.39,97.925,2.5349999999999966,bos_taurus,Bos taurus,97.925,human,Homo sapiens,95.39,False,False,False,background,background,False,False
H2AZ1,olfactory segment of nasal mucosa,variant,8,3,97.83999999999999,98.52,1.3908270920570995,96.24,98.76,2.5200000000000102,human,Homo sapiens,98.76,bos_taurus,Bos taurus,96.24,False,False,False,background,background,False,False
H2AZ2,caecum,variant,8,3,95.93388888888887,95.175,1.412244404931118,95.06333333333332,97.56333333333332,2.5,bos_taurus,Bos taurus,97.56333333333332,human,Homo sapiens,95.06333333333332,False,False,False,background,background,False,False
H2AZ1,blood,variant,8,5,96.87774358974359,96.47,1.097572217749493,95.69666666666666,98.18538461538462,2.4887179487179623,human,Homo sapiens,98.18538461538462,equus_caballus,Equus caballus,95.69666666666666,True,False,False,background,p10,True,True
H2AZ1,spleen,variant,8,7,97.28777551020407,96.928,0.8638517983365244,96.28142857142858,98.73666666666666,2.4552380952380872,human,Homo sapiens,98.73666666666666,sus_scrofa,Sus scrofa,96.28142857142858,True,False,False,background,p10,True,True
H2AX,nucleus accumbens,variant,8,2,87.09993368700265,87.09993368700265,1.7189071873167303,85.88448275862069,88.3153846153846,2.43090185676391,human,Homo sapiens,88.3153846153846,mus_musculus,Mus musculus,85.88448275862069,False,False,False,background,background,False,False
H2AZ2,jejunum,variant,8,3,97.33749999999999,97.47,1.1967638655975592,96.08,98.4625,2.3825000000000074,bos_taurus,Bos taurus,98.4625,human,Homo sapiens,96.08,False,False,False,background,background,False,False
MACROH2A1,ileum,variant,8,3,92.04633333333334,91.324,1.342192360778942,91.22,93.595,2.375,sus_scrofa,Sus scrofa,93.595,macaca_mulatta,Macaca mulatta,91.22,False,False,False,background,background,False,False
MACROH2A2,caput epididymis,variant,8,2,78.70500000000001,78.70500000000001,1.6475588001646495,77.54,79.87,2.3299999999999983,human,Homo sapiens,79.87,bos_taurus,Bos taurus,77.54,False,False,False,background,background,False,False
H2AZ2,adenohypophysis,variant,8,2,96.40666666666667,96.40666666666667,1.6452017775606913,95.24333333333334,97.57,2.326666666666654,bos_taurus,Bos taurus,97.57,human,Homo sapiens,95.24333333333334,False,False,False,background,background,False,False
H2AC14,monocyte,clustered,7,2,46.16,46.16,1.6263455967290648,45.01,47.31,2.3000000000000043,human,Homo sapiens,47.31,bos_taurus,Bos taurus,45.01,False,False,False,background,background,False,False
H2AC25,pancreas,clustered,6,2,66.18583333333333,66.18583333333333,1.6251670854270757,65.03666666666666,67.335,2.298333333333332,human,Homo sapiens,67.335,canis_lupus_familiaris,Canis lupus familiaris,65.03666666666666,False,False,False,background,background,False,False
MACROH2A1,superior frontal gyrus,variant,8,3,95.15155555555555,95.04,1.1447505955123727,94.06666666666666,96.348,2.281333333333336,human,Homo sapiens,96.348,pan_troglodytes,Pan troglodytes,94.06666666666666,False,False,False,background,background,False,False
MACROH2A1,fibroblast,variant,8,2,93.835,93.835,1.590990257669732,92.71,94.96,2.25,macaca_mulatta,Macaca mulatta,94.96,pan_troglodytes,Pan troglodytes,92.71,False,False,False,background,background,False,False
H2AZ2,pancreas,variant,8,2,94.905,94.905,1.590990257669727,93.78000000000002,96.03,2.249999999999986,human,Homo sapiens,96.03,canis_lupus_familiaris,Canis lupus familiaris,93.78000000000002,False,False,False,background,background,False,False
H2AC8,fibroblast,clustered,6,2,62.3175,62.3175,1.5803836559519333,61.2,63.435,2.2349999999999994,pan_troglodytes,Pan troglodytes,63.435,macaca_mulatta,Macaca mulatta,61.2,False,False,False,background,background,False,False
H2AC17,adrenal gland,clustered,6,2,49.69,49.69,1.5414927829866758,48.6,50.78,2.1799999999999997,human,Homo sapiens,50.78,canis_lupus_familiaris,Canis lupus familiaris,48.6,False,False,False,background,background,False,False
MACROH2A1,adrenal cortex,variant,8,2,95.76083333333334,95.76083333333334,1.5356002264767958,94.675,96.84666666666668,2.171666666666681,human,Homo sapiens,96.84666666666668,canis_lupus_familiaris,Canis lupus familiaris,94.675,False,False,False,background,background,False,False
MACROH2A2,adenohypophysis,variant,8,2,85.0875,85.0875,1.5308861812688748,84.005,86.17,2.1650000000000063,human,Homo sapiens,86.17,bos_taurus,Bos taurus,84.005,False,False,False,background,background,False,False
MACROH2A1,small intestine,variant,8,2,96.85249999999999,96.85249999999999,1.5167440456451466,95.78,97.925,2.144999999999996,human,Homo sapiens,97.925,canis_lupus_familiaris,Canis lupus familiaris,95.78,False,False,False,background,background,False,False
H2AZ2,tonsil,variant,8,2,95.06583333333333,95.06583333333333,1.5049589326253614,94.00166666666668,96.13,2.128333333333316,sus_scrofa,Sus scrofa,96.13,human,Homo sapiens,94.00166666666668,False,False,False,background,background,False,False
H2AZ1,occipital cortex,variant,8,2,97.52,97.52,1.4990663761154839,96.46,98.58,2.1200000000000045,canis_lupus_familiaris,Canis lupus familiaris,98.58,sus_scrofa,Sus scrofa,96.46,False,False,False,background,background,False,False
H2AZ1,ileum,variant,8,3,98.50166666666667,98.805,1.0629714640258878,97.32,99.38,2.0600000000000023,macaca_mulatta,Macaca mulatta,99.38,bos_taurus,Bos taurus,97.32,False,False,False,background,background,False,False
H2AZ1,frontal cortex,variant,8,6,96.9728144078144,97.25999999999999,0.7772342824037527,95.65714285714286,97.695,2.037857142857135,pan_troglodytes,Pan troglodytes,97.695,sus_scrofa,Sus scrofa,95.65714285714286,True,False,False,background,p10,True,True
H2AJ,dorsolateral prefrontal cortex,variant,8,3,75.16516666666666,74.67,1.1044037229805594,74.395,76.4305,2.035499999999999,human,Homo sapiens,76.4305,macaca_mulatta,Macaca mulatta,74.395,False,False,False,background,background,False,False
H2AC12,spermatid,clustered,6,2,50.69,50.69,1.4283556979968257,49.68,51.7,2.020000000000003,bos_taurus,Bos taurus,51.7,macaca_mulatta,Macaca mulatta,49.68,False,False,False,background,background,False,False
H2AC6,ileum,clustered,7,2,77.872,77.872,1.4170419894978346,76.87,78.874,2.0039999999999907,bos_taurus,Bos taurus,78.874,macaca_mulatta,Macaca mulatta,76.87,False,False,False,background,background,False,False
H2AZ2,gall bladder,variant,8,2,97.4,97.4,1.4142135623730951,96.4,98.4,2.0,bos_taurus,Bos taurus,98.4,human,Homo sapiens,96.4,False,False,False,background,background,False,False
H2AX,dorsolateral prefrontal cortex,variant,8,3,84.59583333333335,84.725,1.0000260413275945,83.53750000000001,85.525,1.9874999999999972,pan_troglodytes,Pan troglodytes,85.525,human,Homo sapiens,83.53750000000001,False,False,False,background,background,False,False
H2AJ,large intestine,variant,8,2,96.935,96.935,1.3647160876900415,95.97,97.9,1.9300000000000068,canis_lupus_familiaris,Canis lupus familiaris,97.9,human,Homo sapiens,95.97,False,False,False,background,background,False,False
MACROH2A1,cerebellar cortex,variant,8,3,96.54555555555555,97.07,1.065031733138783,95.32,97.24666666666668,1.9266666666666907,human,Homo sapiens,97.24666666666668,pan_troglodytes,Pan troglodytes,95.32,False,False,False,background,background,False,False
H2AX,ganglionic eminence,variant,8,2,96.7425,96.7425,1.361180553784107,95.78,97.705,1.9249999999999972,human,Homo sapiens,97.705,mus_musculus,Mus musculus,95.78,False,False,False,background,background,False,False
H2AC19,metanephros cortex,clustered,4,2,85.49000000000001,85.49000000000001,1.3576450198781675,84.53,86.45,1.9200000000000017,human,Homo sapiens,86.45,bos_taurus,Bos taurus,84.53,False,False,False,background,background,False,False
H2AZ2,Brodmann (1909) area 10,variant,8,2,92.765,92.765,1.3505739520663034,91.81,93.72,1.9099999999999966,human,Homo sapiens,93.72,pan_troglodytes,Pan troglodytes,91.81,False,False,False,background,background,False,False
H2AZ1,mucosa of urinary bladder,variant,8,2,96.78,96.78,1.3435028842544443,95.83,97.73,1.9000000000000057,human,Homo sapiens,97.73,canis_lupus_familiaris,Canis lupus familiaris,95.83,False,False,False,background,background,False,False
MACROH2A2,uterine cervix,variant,8,2,87.681,87.681,1.3420886706920645,86.732,88.63,1.8979999999999961,bos_taurus,Bos taurus,88.63,human,Homo sapiens,86.732,False,False,False,background,background,False,False
H2AX,right lung,variant,8,2,76.722,76.722,1.3336033893178256,75.779,77.66499999999999,1.8859999999999957,human,Homo sapiens,77.66499999999999,mus_musculus,Mus musculus,75.779,False,False,False,background,background,False,False
H2AZ1,uterine cervix,variant,8,2,97.122,97.122,1.3321891757554458,96.18,98.064,1.8839999999999861,human,Homo sapiens,98.064,bos_taurus,Bos taurus,96.18,False,False,False,background,background,False,False
H2AC15,subcutaneous adipose tissue,clustered,5,2,40.05030303030303,40.05030303030303,1.3109331173634244,39.123333333333335,40.97727272727273,1.8539393939393918,human,Homo sapiens,40.97727272727273,bos_taurus,Bos taurus,39.123333333333335,False,False,False,background,background,False,False
MACROH2A1,occipital cortex,variant,8,2,93.09166666666667,93.09166666666667,1.298719454779312,92.17333333333332,94.01,1.8366666666666873,canis_lupus_familiaris,Canis lupus familiaris,94.01,sus_scrofa,Sus scrofa,92.17333333333332,False,False,False,background,background,False,False
H2AZ1,embryo,variant,8,3,98.54625,98.13,0.982868092624846,97.84,99.66875,1.8287499999999994,human,Homo sapiens,99.66875,felis_catus,Felis catus,97.84,False,False,False,background,background,False,False
H2AZ1,right lobe of liver,variant,8,2,94.56694444444443,94.56694444444443,1.2896842014641152,93.655,95.47888888888887,1.8238888888888738,human,Homo sapiens,95.47888888888887,sus_scrofa,Sus scrofa,93.655,False,False,False,background,background,False,False
H2AC6,urethra,clustered,7,2,75.16916666666667,75.16916666666667,1.2810417852496292,74.26333333333334,76.075,1.8116666666666674,bos_taurus,Bos taurus,76.075,human,Homo sapiens,74.26333333333334,False,False,False,background,background,False,False
H2AZ1,heart right ventricle,variant,8,2,96.8125,96.8125,1.2621856044179849,95.92,97.705,1.7849999999999966,human,Homo sapiens,97.705,canis_lupus_familiaris,Canis lupus familiaris,95.92,False,False,False,background,background,False,False
H2AC6,adrenal cortex,clustered,7,2,79.21499999999999,79.21499999999999,1.2586500705120554,78.32499999999999,80.10499999999999,1.7800000000000011,human,Homo sapiens,80.10499999999999,canis_lupus_familiaris,Canis lupus familiaris,78.32499999999999,False,False,False,background,background,False,False
H2AX,telencephalon,variant,8,2,88.01214285714286,88.01214285714286,1.233396256898256,87.14,88.88428571428572,1.7442857142857235,mus_musculus,Mus musculus,88.88428571428572,human,Homo sapiens,87.14,False,False,False,background,background,False,False
H2AX,smooth muscle tissue,variant,8,2,83.11,83.11,1.230365799264599,82.24,83.98,1.740000000000009,canis_lupus_familiaris,Canis lupus familiaris,83.98,human,Homo sapiens,82.24,False,False,False,background,background,False,False
H2AZ1,corpus epididymis,variant,8,2,96.79833333333335,96.79833333333335,1.2280087766606462,95.93,97.66666666666669,1.7366666666666788,human,Homo sapiens,97.66666666666669,bos_taurus,Bos taurus,95.93,False,False,False,background,background,False,False
MACROH2A1,right lobe of liver,variant,8,2,92.20194444444444,92.20194444444444,1.2260445911573385,91.335,93.06888888888888,1.7338888888888846,human,Homo sapiens,93.06888888888888,sus_scrofa,Sus scrofa,91.335,False,False,False,background,background,False,False
H2AJ,caput epididymis,variant,8,2,95.73833333333334,95.73833333333334,1.218580686244809,94.87666666666668,96.6,1.723333333333315,bos_taurus,Bos taurus,96.6,human,Homo sapiens,94.87666666666668,False,False,False,background,background,False,False
H2AC11,adrenal cortex,clustered,6,2,49.1875,49.1875,1.2126881297349315,48.33,50.045,1.7150000000000034,canis_lupus_familiaris,Canis lupus familiaris,50.045,human,Homo sapiens,48.33,False,False,False,background,background,False,False
H2AC25,cerebellar cortex,clustered,6,2,94.87299999999999,94.87299999999999,1.2063241687042574,94.02,95.726,1.706000000000003,pan_troglodytes,Pan troglodytes,95.726,human,Homo sapiens,94.02,False,False,False,background,background,False,False
H2AJ,tongue,variant,8,3,92.60555555555555,93.15,0.9691022955597911,91.48666666666666,93.18,1.6933333333333422,canis_lupus_familiaris,Canis lupus familiaris,93.18,bos_taurus,Bos taurus,91.48666666666666,False,False,False,background,background,False,False
H2AJ,midbrain,variant,8,2,88.952,88.952,1.1426845583974556,88.144,89.76,1.6159999999999997,bos_taurus,Bos taurus,89.76,human,Homo sapiens,88.144,False,False,False,background,background,False,False
MACROH2A1,dorsal plus ventral thalamus,variant,8,2,94.88678571428571,94.88678571428571,1.133896231259861,94.085,95.68857142857144,1.603571428571442,human,Homo sapiens,95.68857142857144,sus_scrofa,Sus scrofa,94.085,False,False,False,background,background,False,False
H2AZ1,duodenum,variant,8,3,97.02166666666666,97.5175,0.9002580648532572,95.9825,97.565,1.582499999999996,sus_scrofa,Sus scrofa,97.565,human,Homo sapiens,95.9825,False,False,False,background,background,False,False
H2AZ1,fibroblast,variant,8,2,98.25,98.25,1.117228714274754,97.46,99.04,1.5800000000000125,pan_troglodytes,Pan troglodytes,99.04,macaca_mulatta,Macaca mulatta,97.46,False,False,False,background,background,False,False
H2AZ2,granulosa cell,variant,8,2,98.22999999999999,98.22999999999999,1.1172287142747388,97.44,99.02,1.5799999999999983,bos_taurus,Bos taurus,99.02,sus_scrofa,Sus scrofa,97.44,False,False,False,background,background,False,False
H2AZ1,dorsal plus ventral thalamus,variant,8,2,94.58857142857143,94.58857142857143,1.1152084091856427,93.8,95.37714285714286,1.57714285714286,human,Homo sapiens,95.37714285714286,sus_scrofa,Sus scrofa,93.8,False,False,False,background,background,False,False
H2AJ,metanephros cortex,variant,8,4,96.9825,97.04249999999999,0.6546054791501018,96.14,97.705,1.5649999999999977,human,Homo sapiens,97.705,bos_taurus,Bos taurus,96.14,True,False,False,background,p10,True,True
H2AX,hindlimb bud,variant,8,2,97.54083333333335,97.54083333333335,1.1042650899530073,96.76,98.32166666666669,1.5616666666666816,mus_musculus,Mus musculus,98.32166666666669,sus_scrofa,Sus scrofa,96.76,False,False,False,background,background,False,False
H2AX,trachea,variant,8,2,83.39750000000001,83.39750000000001,1.092479976933212,82.625,84.17,1.5450000000000017,mus_musculus,Mus musculus,84.17,human,Homo sapiens,82.625,False,False,False,background,background,False,False
H2AZ2,midbrain,variant,8,2,95.676,95.676,1.0691454531540603,94.92,96.432,1.5120000000000005,human,Homo sapiens,96.432,bos_taurus,Bos taurus,94.92,False,False,False,background,background,False,False
H2AC14,jejunum,clustered,7,2,48.8575,48.8575,1.0641957056857534,48.105,49.61,1.5050000000000026,canis_lupus_familiaris,Canis lupus familiaris,49.61,bos_taurus,Bos taurus,48.105,False,False,False,background,background,False,False
H2AJ,primary visual cortex,variant,8,3,75.74277777777779,75.84,0.7505707704683701,74.94833333333334,76.44,1.49166666666666,macaca_mulatta,Macaca mulatta,76.44,human,Homo sapiens,74.94833333333334,False,False,False,background,background,False,False
H2AZ1,penis,variant,8,2,98.5,98.5,1.046518036156083,97.76,99.24,1.4799999999999898,human,Homo sapiens,99.24,sus_scrofa,Sus scrofa,97.76,False,False,False,background,background,False,False
H2AX,uterine cervix,variant,8,2,84.2465,84.2465,1.0443967158125333,83.508,84.985,1.4770000000000039,mus_musculus,Mus musculus,84.985,human,Homo sapiens,83.508,False,False,False,background,background,False,False
H2AZ2,subcutaneous adipose tissue,variant,8,3,94.76723551302497,94.84363636363636,0.7287117769046203,94.00333333333332,95.45473684210526,1.4514035087719463,human,Homo sapiens,95.45473684210526,sus_scrofa,Sus scrofa,94.00333333333332,False,False,False,background,background,False,False
H2AZ1,urethra,variant,8,2,96.85916666666665,96.85916666666665,1.0241263214185043,96.135,97.58333333333331,1.4483333333333093,human,Homo sapiens,97.58333333333331,bos_taurus,Bos taurus,96.135,False,False,False,background,background,False,False
MACROH2A1,olfactory bulb,variant,8,2,95.28999999999999,95.28999999999999,1.018233764908632,94.57,96.01,1.440000000000012,canis_lupus_familiaris,Canis lupus familiaris,96.01,human,Homo sapiens,94.57,False,False,False,background,background,False,False
MACROH2A1,cartilage tissue,variant,8,2,95.1,95.1,1.0182337649086268,94.38,95.82,1.4399999999999977,human,Homo sapiens,95.82,canis_lupus_familiaris,Canis lupus familiaris,94.38,False,False,False,background,background,False,False
H2AC14,small intestine,clustered,7,2,34.6925,34.6925,1.0076271631908282,33.980000000000004,35.405,1.4249999999999972,canis_lupus_familiaris,Canis lupus familiaris,35.405,human,Homo sapiens,33.980000000000004,False,False,False,background,background,False,False
H2AZ1,cartilage tissue,variant,8,2,98.07,98.07,0.9899494936611655,97.37,98.77,1.3999999999999915,human,Homo sapiens,98.77,canis_lupus_familiaris,Canis lupus familiaris,97.37,False,False,False,background,background,False,False
H2AZ2,olfactory segment of nasal mucosa,variant,8,3,96.53333333333335,96.21,0.7492885514495307,96.0,97.39,1.3900000000000006,bos_taurus,Bos taurus,97.39,macaca_mulatta,Macaca mulatta,96.0,False,False,False,background,background,False,False
H2AZ1,midbrain,variant,8,2,95.081,95.081,0.963079435976074,94.4,95.762,1.3619999999999948,human,Homo sapiens,95.762,bos_taurus,Bos taurus,94.4,False,False,False,background,background,False,False
H2AZ1,occipital lobe,variant,8,3,97.13055555555555,97.00166666666668,0.6841668358370404,96.52,97.87,1.3500000000000085,canis_lupus_familiaris,Canis lupus familiaris,97.87,bos_taurus,Bos taurus,96.52,False,False,False,background,background,False,False
MACROH2A1,embryo,variant,8,3,97.77499999999999,97.56,0.6978001146460338,97.21,98.555,1.345000000000013,human,Homo sapiens,98.555,equus_caballus,Equus caballus,97.21,False,False,False,background,background,False,False
H2AZ1,nasal cavity mucosa,variant,8,2,98.1975,98.1975,0.9510586206959056,97.525,98.87,1.3449999999999989,human,Homo sapiens,98.87,bos_taurus,Bos taurus,97.525,False,False,False,background,background,False,False
H2AC25,primary visual cortex,clustered,6,2,82.5575,82.5575,0.9298454172603083,81.9,83.215,1.3149999999999977,pan_troglodytes,Pan troglodytes,83.215,human,Homo sapiens,81.9,False,False,False,background,background,False,False
H2AZ1,large intestine,variant,8,2,98.1775,98.1775,0.9298454172603083,97.52,98.835,1.3149999999999977,human,Homo sapiens,98.835,canis_lupus_familiaris,Canis lupus familiaris,97.52,False,False,False,background,background,False,False
H2AZ1,adrenal gland,variant,8,3,97.55277777777779,97.805,0.682561216899129,96.78,98.07333333333334,1.2933333333333366,bos_taurus,Bos taurus,98.07333333333334,canis_lupus_familiaris,Canis lupus familiaris,96.78,False,False,False,background,background,False,False
MACROH2A2,corpus epididymis,variant,8,2,79.66499999999999,79.66499999999999,0.9121677477306558,79.02,80.31,1.2900000000000063,human,Homo sapiens,80.31,bos_taurus,Bos taurus,79.02,False,False,False,background,background,False,False
H2AC6,granulocyte,clustered,7,2,93.315,93.315,0.8980256121069176,92.68,93.95,1.269999999999996,human,Homo sapiens,93.95,canis_lupus_familiaris,Canis lupus familiaris,92.68,False,False,False,background,background,False,False
H2AZ1,thymus,variant,8,4,98.983125,99.00999999999999,0.575504760333629,98.34,99.5725,1.2325000000000017,human,Homo sapiens,99.5725,pan_troglodytes,Pan troglodytes,98.34,True,False,False,background,p10,True,True
H2AZ1,adenohypophysis,variant,8,2,97.94583333333334,97.94583333333334,0.8709198521614429,97.33,98.56166666666668,1.2316666666666833,human,Homo sapiens,98.56166666666668,bos_taurus,Bos taurus,97.33,False,False,False,background,background,False,False
H2AX,cranial nerve II,variant,8,2,85.845,85.845,0.8697413408594613,85.23,86.46000000000001,1.230000000000004,mus_musculus,Mus musculus,86.46000000000001,human,Homo sapiens,85.23,False,False,False,background,background,False,False
H2AZ1,temporal lobe,variant,8,3,96.77666666666666,96.77,0.6100273217925036,96.17,97.39,1.2199999999999989,canis_lupus_familiaris,Canis lupus familiaris,97.39,pan_troglodytes,Pan troglodytes,96.17,False,False,False,background,background,False,False
H2AX,mesenteric lymph node,variant,8,2,93.275,93.275,0.84145706961199,92.68,93.87,1.1899999999999977,sus_scrofa,Sus scrofa,93.87,mus_musculus,Mus musculus,92.68,False,False,False,background,background,False,False
H2AZ1,amygdala,variant,8,2,96.83673076923077,96.83673076923077,0.8368336791196063,96.245,97.42846153846152,1.1834615384615148,human,Homo sapiens,97.42846153846152,sus_scrofa,Sus scrofa,96.245,False,False,False,background,background,False,False
H2AZ2,gluteal muscle,variant,8,2,96.235,96.235,0.8273149339882517,95.65,96.82,1.1699999999999875,human,Homo sapiens,96.82,bos_taurus,Bos taurus,95.65,False,False,False,background,background,False,False
H2AZ1,forebrain,variant,8,2,98.405,98.405,0.8131727983645337,97.83,98.98,1.1500000000000057,human,Homo sapiens,98.98,sus_scrofa,Sus scrofa,97.83,False,False,False,background,background,False,False
MACROH2A1,Brodmann (1909) area 10,variant,8,2,92.89,92.89,0.7919595949289364,92.33,93.45,1.1200000000000045,human,Homo sapiens,93.45,pan_troglodytes,Pan troglodytes,92.33,False,False,False,background,background,False,False
H2AJ,saliva-secreting gland,variant,8,3,97.94333333333333,97.94,0.5550075074567342,97.39,98.5,1.1099999999999994,canis_lupus_familiaris,Canis lupus familiaris,98.5,bos_taurus,Bos taurus,97.39,False,False,False,background,background,False,False
H2AZ2,spermatocyte,variant,8,2,97.595,97.595,0.7848885271170623,97.04,98.15,1.1099999999999994,bos_taurus,Bos taurus,98.15,macaca_mulatta,Macaca mulatta,97.04,False,False,False,background,background,False,False
H2AZ1,pancreas,variant,8,2,97.29916666666665,97.29916666666665,0.7719249027953308,96.75333333333332,97.845,1.0916666666666828,human,Homo sapiens,97.845,canis_lupus_familiaris,Canis lupus familiaris,96.75333333333332,False,False,False,background,background,False,False
H2AC19,hindlimb stylopod muscle,clustered,4,2,75.07499999999999,75.07499999999999,0.7566042558696161,74.53999999999999,75.61,1.0700000000000074,pan_troglodytes,Pan troglodytes,75.61,human,Homo sapiens,74.53999999999999,False,False,False,background,background,False,False
H2AJ,occipital cortex,variant,8,2,85.58666666666667,85.58666666666667,0.7448191428498209,85.06,86.11333333333333,1.0533333333333275,sus_scrofa,Sus scrofa,86.11333333333333,canis_lupus_familiaris,Canis lupus familiaris,85.06,False,False,False,background,background,False,False
H2AJ,amygdala,variant,8,2,87.71700000000001,87.71700000000001,0.7396336931211283,87.194,88.24000000000001,1.0460000000000065,sus_scrofa,Sus scrofa,88.24000000000001,human,Homo sapiens,87.194,False,False,False,background,background,False,False
H2AC11,large intestine,clustered,6,2,52.575,52.575,0.7283199846221448,52.06,53.09,1.0300000000000011,human,Homo sapiens,53.09,canis_lupus_familiaris,Canis lupus familiaris,52.06,False,False,False,background,background,False,False
H2AZ1,medulla oblongata,variant,8,2,94.95964285714285,94.95964285714285,0.727814908349872,94.445,95.47428571428571,1.0292857142857201,human,Homo sapiens,95.47428571428571,sus_scrofa,Sus scrofa,94.445,False,False,False,background,background,False,False
H2AZ1,dorsolateral prefrontal cortex,variant,8,3,97.75388888888888,97.65,0.5137723591602121,97.3,98.31166666666668,1.0116666666666845,human,Homo sapiens,98.31166666666668,pan_troglodytes,Pan troglodytes,97.3,False,False,False,background,background,False,False
H2AZ1,caput epididymis,variant,8,2,97.235,97.235,0.7141778489984065,96.73,97.74,1.009999999999991,human,Homo sapiens,97.74,bos_taurus,Bos taurus,96.73,False,False,False,background,background,False,False
H2AZ2,penis,variant,8,2,93.57499999999999,93.57499999999999,0.7000357133746835,93.08,94.07,0.9899999999999949,sus_scrofa,Sus scrofa,94.07,human,Homo sapiens,93.08,False,False,False,background,background,False,False
H2AZ1,primary visual cortex,variant,8,3,97.87444444444445,97.86333333333332,0.4900944731300212,97.39,98.37,0.980000000000004,macaca_mulatta,Macaca mulatta,98.37,pan_troglodytes,Pan troglodytes,97.39,False,False,False,background,background,False,False
H2AC6,caput epididymis,clustered,7,2,75.92500000000001,75.92500000000001,0.6858935777509554,75.44,76.41000000000001,0.9700000000000131,human,Homo sapiens,76.41000000000001,bos_taurus,Bos taurus,75.44,False,False,False,background,background,False,False
H2AJ,penis,variant,8,2,97.075,97.075,0.6858935777509503,96.59,97.56,0.9699999999999989,human,Homo sapiens,97.56,sus_scrofa,Sus scrofa,96.59,False,False,False,background,background,False,False
H2AZ2,esophagus,variant,8,2,97.04071428571427,97.04071428571427,0.6778123573945306,96.56142857142856,97.52,0.9585714285714317,bos_taurus,Bos taurus,97.52,human,Homo sapiens,96.56142857142856,False,False,False,background,background,False,False
H2AC8,spinal cord,clustered,6,2,70.036875,70.036875,0.662028723885906,69.56875,70.505,0.9362500000000011,human,Homo sapiens,70.505,equus_caballus,Equus caballus,69.56875,False,False,False,background,background,False,False
H2AJ,medulla oblongata,variant,8,2,87.7735,87.7735,0.6526595590351847,87.312,88.235,0.9230000000000018,sus_scrofa,Sus scrofa,88.235,human,Homo sapiens,87.312,False,False,False,background,background,False,False
H2AZ2,large intestine,variant,8,2,96.5925,96.5925,0.6399316369738264,96.14,97.045,0.9050000000000011,human,Homo sapiens,97.045,canis_lupus_familiaris,Canis lupus familiaris,96.14,False,False,False,background,background,False,False
H2AZ2,leukocyte,variant,8,3,98.56242424242424,98.52727272727272,0.45102851546558514,98.13,99.03,0.9000000000000057,equus_caballus,Equus caballus,99.03,human,Homo sapiens,98.13,False,False,False,background,background,False,False
H2AZ1,stomach,variant,8,3,97.68194444444445,97.935,0.49641096139447677,97.11,98.00083333333332,0.8908333333333189,human,Homo sapiens,98.00083333333332,canis_lupus_familiaris,Canis lupus familiaris,97.11,False,False,False,background,background,False,False
H2AC14,corpus callosum,clustered,7,2,53.41,53.41,0.6222539674441662,52.97,53.85,0.8800000000000026,sus_scrofa,Sus scrofa,53.85,human,Homo sapiens,52.97,False,False,False,background,background,False,False
H2AJ,myometrium,variant,8,2,88.73400000000001,88.73400000000001,0.6165971131946744,88.298,89.17,0.8719999999999999,bos_taurus,Bos taurus,89.17,human,Homo sapiens,88.298,False,False,False,background,background,False,False
H2AZ2,aorta,variant,8,2,97.065,97.065,0.6151828996322996,96.63,97.5,0.8700000000000045,bos_taurus,Bos taurus,97.5,human,Homo sapiens,96.63,False,False,False,background,background,False,False
H2AC13,intestine,clustered,7,2,81.08875,81.08875,0.6098795987734053,80.6575,81.52000000000001,0.8625000000000114,human,Homo sapiens,81.52000000000001,mus_musculus,Mus musculus,80.6575,False,False,False,background,background,False,False
H2AJ,granulosa cell,variant,8,2,93.605,93.605,0.6010407640085614,93.18,94.03,0.8499999999999943,bos_taurus,Bos taurus,94.03,sus_scrofa,Sus scrofa,93.18,False,False,False,background,background,False,False
H2AJ,urethra,variant,8,2,95.37916666666666,95.37916666666666,0.5857201170828618,94.965,95.79333333333334,0.8283333333333331,human,Homo sapiens,95.79333333333334,bos_taurus,Bos taurus,94.965,False,False,False,background,background,False,False
H2AJ,corpus epididymis,variant,8,2,96.155,96.155,0.5727564927611051,95.75,96.56,0.8100000000000023,bos_taurus,Bos taurus,96.56,human,Homo sapiens,95.75,False,False,False,background,background,False,False
H2AZ1,mesenteric lymph node,variant,8,2,97.9825,97.9825,0.5550788232314374,97.59,98.375,0.7849999999999966,sus_scrofa,Sus scrofa,98.375,bos_taurus,Bos taurus,97.59,False,False,False,background,background,False,False
H2AZ2,monocyte,variant,8,2,97.255,97.255,0.5444722215136337,96.87,97.64,0.769999999999996,bos_taurus,Bos taurus,97.64,human,Homo sapiens,96.87,False,False,False,background,background,False,False
H2AX,decidua,variant,8,2,87.0,87.0,0.5374011537017697,86.62,87.38,0.7599999999999909,mus_musculus,Mus musculus,87.38,human,Homo sapiens,86.62,False,False,False,background,background,False,False
H2AJ,adrenal cortex,variant,8,2,97.06916666666666,97.06916666666666,0.5315085971919022,96.69333333333331,97.445,0.7516666666666794,canis_lupus_familiaris,Canis lupus familiaris,97.445,human,Homo sapiens,96.69333333333331,False,False,False,background,background,False,False
H2AX,fibroblast,variant,8,2,88.85499999999999,88.85499999999999,0.5303300858899056,88.48,89.22999999999999,0.7499999999999858,pan_troglodytes,Pan troglodytes,89.22999999999999,macaca_mulatta,Macaca mulatta,88.48,False,False,False,background,background,False,False
H2AZ1,gall bladder,variant,8,2,98.06,98.06,0.5232590180780515,97.69,98.43,0.7400000000000091,human,Homo sapiens,98.43,bos_taurus,Bos taurus,97.69,False,False,False,background,background,False,False
H2AZ2,cardiac atrium,variant,8,2,96.91833333333334,96.91833333333334,0.5209019954740987,96.55,97.28666666666668,0.7366666666666788,human,Homo sapiens,97.28666666666668,bos_taurus,Bos taurus,96.55,False,False,False,background,background,False,False
H2AZ1,cerebellar cortex,variant,8,3,98.30311111111111,98.48333333333332,0.3988095247571633,97.846,98.58,0.7339999999999947,human,Homo sapiens,98.58,pan_troglodytes,Pan troglodytes,97.846,False,False,False,background,background,False,False
H2AJ,olfactory segment of nasal mucosa,variant,8,3,98.71166666666666,98.76,0.3252050635112201,98.365,99.01,0.6450000000000102,human,Homo sapiens,99.01,bos_taurus,Bos taurus,98.365,False,False,False,background,background,False,False
H2AC7,olfactory segment of nasal mucosa,clustered,5,2,45.0225,45.0225,0.4348706704297231,44.715,45.33,0.6149999999999949,human,Homo sapiens,45.33,bos_taurus,Bos taurus,44.715,False,False,False,background,background,False,False
H2AX,endometrium,variant,8,2,84.76906249999999,84.76906249999999,0.42558989392664304,84.468125,85.07,0.6018749999999926,equus_caballus,Equus caballus,85.07,human,Homo sapiens,84.468125,False,False,False,background,background,False,False
H2AX,ascending aorta,variant,8,2,81.15,81.15,0.4242640687119295,80.85,81.45,0.6000000000000085,mus_musculus,Mus musculus,81.45,human,Homo sapiens,80.85,False,False,False,background,background,False,False
H2AZ1,jejunum,variant,8,3,97.70083333333334,97.86,0.3290168435404663,97.3225,97.92,0.5974999999999966,human,Homo sapiens,97.92,bos_taurus,Bos taurus,97.3225,False,False,False,background,background,False,False
H2AZ2,cardiac ventricle,variant,8,2,97.36,97.36,0.41012193308820644,97.07,97.65,0.5800000000000125,human,Homo sapiens,97.65,bos_taurus,Bos taurus,97.07,False,False,False,background,background,False,False
H2AC19,duodenum,clustered,4,2,55.67166666666667,55.67166666666667,0.39833682006842375,55.39,55.95333333333334,0.5633333333333397,bos_taurus,Bos taurus,55.95333333333334,human,Homo sapiens,55.39,False,False,False,background,background,False,False
H2AC6,gall bladder,clustered,7,2,89.565,89.565,0.3889087296525941,89.29,89.84,0.5499999999999972,bos_taurus,Bos taurus,89.84,human,Homo sapiens,89.29,False,False,False,background,background,False,False
H2AZ1,tonsil,variant,8,2,98.92166666666665,98.92166666666665,0.3276261419497554,98.69,99.15333333333332,0.46333333333332405,human,Homo sapiens,99.15333333333332,sus_scrofa,Sus scrofa,98.69,False,False,False,background,background,False,False
H2AZ1,corpus callosum,variant,8,2,93.75416666666666,93.75416666666666,0.326447630647794,93.52333333333333,93.985,0.4616666666666731,sus_scrofa,Sus scrofa,93.985,human,Homo sapiens,93.52333333333333,False,False,False,background,background,False,False
H2AZ2,longissimus thoracis muscle,variant,8,2,95.98225,95.98225,0.32208713883047285,95.7545,96.21,0.4555000000000007,bos_taurus,Bos taurus,96.21,sus_scrofa,Sus scrofa,95.7545,False,False,False,background,background,False,False
H2AX,central nervous system,variant,8,2,87.595,87.595,0.3181980515339384,87.37,87.82,0.44999999999998863,mus_musculus,Mus musculus,87.82,human,Homo sapiens,87.37,False,False,False,background,background,False,False
H2AZ2,semimembranosus muscle,variant,8,2,96.9625,96.9625,0.31466251762801384,96.74,97.185,0.4450000000000074,sus_scrofa,Sus scrofa,97.185,bos_taurus,Bos taurus,96.74,False,False,False,background,background,False,False
H2AJ,small intestine,variant,8,2,95.08,95.08,0.3111269837220793,94.86,95.3,0.4399999999999977,canis_lupus_familiaris,Canis lupus familiaris,95.3,human,Homo sapiens,94.86,False,False,False,background,background,False,False
H2AZ2,small intestine,variant,8,2,96.39250000000001,96.39250000000001,0.30052038200427567,96.18,96.605,0.42499999999999716,human,Homo sapiens,96.605,canis_lupus_familiaris,Canis lupus familiaris,96.18,False,False,False,background,background,False,False
H2AX,ventricular zone,variant,8,2,98.7025,98.7025,0.28637824638055254,98.5,98.905,0.40500000000000114,human,Homo sapiens,98.905,mus_musculus,Mus musculus,98.5,False,False,False,background,background,False,False
H2AZ1,superior frontal gyrus,variant,8,3,97.79660740740741,97.7,0.21431616351173063,97.6476,98.04222222222222,0.39462222222222465,pan_troglodytes,Pan troglodytes,98.04222222222222,human,Homo sapiens,97.6476,False,False,False,background,background,False,False
H2AC16,olfactory segment of nasal mucosa,clustered,4,2,52.400000000000006,52.400000000000006,0.2687005768508874,52.21,52.59,0.38000000000000256,macaca_mulatta,Macaca mulatta,52.59,human,Homo sapiens,52.21,False,False,False,background,background,False,False
H2AC12,monocyte,clustered,6,2,42.905,42.905,0.24748737341529012,42.73,43.08,0.3500000000000014,human,Homo sapiens,43.08,bos_taurus,Bos taurus,42.73,False,False,False,background,background,False,False
H2AZ2,spermatid,variant,8,2,97.355,97.355,0.24748737341528762,97.18,97.53,0.3499999999999943,bos_taurus,Bos taurus,97.53,macaca_mulatta,Macaca mulatta,97.18,False,False,False,background,background,False,False
MACROH2A1,large intestine,variant,8,2,97.215,97.215,0.24748737341528762,97.04,97.39,0.3499999999999943,human,Homo sapiens,97.39,canis_lupus_familiaris,Canis lupus familiaris,97.04,False,False,False,background,background,False,False
H2AZ1,small intestine,variant,8,2,98.1825,98.1825,0.22980970388562494,98.02,98.345,0.32500000000000284,human,Homo sapiens,98.345,canis_lupus_familiaris,Canis lupus familiaris,98.02,False,False,False,background,background,False,False
H2AX,forelimb bud,variant,8,2,97.76083333333334,97.76083333333334,0.2133105456579488,97.61,97.91166666666668,0.3016666666666765,mus_musculus,Mus musculus,97.91166666666668,sus_scrofa,Sus scrofa,97.61,False,False,False,background,background,False,False
H2AZ1,nasopharynx,variant,8,2,98.97,98.97,0.2121320343559723,98.82,99.12,0.30000000000001137,human,Homo sapiens,99.12,bos_taurus,Bos taurus,98.82,False,False,False,background,background,False,False
H2AZ1,spermatocyte,variant,8,2,99.55,99.55,0.1979898987322341,99.41,99.69,0.28000000000000114,macaca_mulatta,Macaca mulatta,99.69,bos_taurus,Bos taurus,99.41,False,False,False,background,background,False,False
H2AX,neocortex,variant,8,2,83.625,83.625,0.1767766952966369,83.5,83.75,0.25,mus_musculus,Mus musculus,83.75,human,Homo sapiens,83.5,False,False,False,background,background,False,False
H2AJ,monocyte,variant,8,2,96.50999999999999,96.50999999999999,0.12727922061357835,96.42,96.6,0.1799999999999926,human,Homo sapiens,96.6,bos_taurus,Bos taurus,96.42,False,False,False,background,background,False,False
H2AX,tongue,variant,8,2,87.16499999999999,87.16499999999999,0.12020815280171931,87.08,87.25,0.1700000000000017,human,Homo sapiens,87.25,canis_lupus_familiaris,Canis lupus familiaris,87.08,False,False,False,background,background,False,False
H2AC17,right lobe of liver,clustered,6,2,54.700833333333335,54.700833333333335,0.09781643806414055,54.63166666666667,54.77,0.13833333333333542,sus_scrofa,Sus scrofa,54.77,human,Homo sapiens,54.63166666666667,False,False,False,background,background,False,False
H2AC7,small intestine,clustered,5,2,39.7775,39.7775,0.0742462120245878,39.725,39.83,0.10499999999999687,canis_lupus_familiaris,Canis lupus familiaris,39.83,human,Homo sapiens,39.725,False,False,False,background,background,False,False
H2AZ2,gluteus medius,variant,8,2,96.3925,96.3925,0.06717514421272121,96.345,96.44,0.09499999999999886,bos_taurus,Bos taurus,96.44,equus_caballus,Equus caballus,96.345,False,False,False,background,background,False,False
H2AZ1,prostate gland,variant,8,2,96.15666666666667,96.15666666666667,0.051854497286991444,96.12,96.19333333333331,0.07333333333330927,human,Homo sapiens,96.19333333333331,bos_taurus,Bos taurus,96.12,False,False,False,background,background,False,False
H2AJ,esophagus,variant,8,2,97.33642857142857,97.33642857142857,0.03333503397020914,97.31285714285715,97.36,0.04714285714284472,bos_taurus,Bos taurus,97.36,human,Homo sapiens,97.31285714285715,False,False,False,background,background,False,False
H2AZ1,adrenal cortex,variant,8,2,96.22749999999999,96.22749999999999,0.03181980515340087,96.205,96.25,0.045000000000001705,human,Homo sapiens,96.25,canis_lupus_familiaris,Canis lupus familiaris,96.205,False,False,False,background,background,False,False
H2AX,entorhinal cortex,variant,8,2,88.01425,88.01425,0.029344931419236133,87.9935,88.035,0.041499999999999204,mus_musculus,Mus musculus,88.035,human,Homo sapiens,87.9935,False,False,False,background,background,False,False
H2AX,olfactory segment of nasal mucosa,variant,8,2,87.93,87.93,0.028284271247471345,87.91,87.95,0.04000000000000625,human,Homo sapiens,87.95,macaca_mulatta,Macaca mulatta,87.91,False,False,False,background,background,False,False
H2AZ1,spermatid,variant,8,2,98.88,98.88,0.028284271247471345,98.86,98.9,0.04000000000000625,macaca_mulatta,Macaca mulatta,98.9,bos_taurus,Bos taurus,98.86,False,False,False,background,background,False,False
MACROH2A1,mucosa of urinary bladder,variant,8,2,96.645,96.645,0.02121320343559723,96.63,96.66,0.030000000000001137,human,Homo sapiens,96.66,canis_lupus_familiaris,Canis lupus familiaris,96.63,False,False,False,background,background,False,False
H2AX,penis,variant,8,2,84.14500000000001,84.14500000000001,0.007071067811874117,84.14,84.15,0.010000000000005116,human,Homo sapiens,84.15,sus_scrofa,Sus scrofa,84.14,False,False,False,background,background,False,False
H2AC1,frontal cortex,clustered,7,6,0.0,0.0,0.0,0.0,0.0,0.0,bos_taurus,Bos taurus,0.0,bos_taurus,Bos taurus,0.0,True,False,False,background,p10,True,True
H2AC1,skeletal muscle tissue,clustered,7,6,0.0,0.0,0.0,0.0,0.0,0.0,bos_taurus,Bos taurus,0.0,bos_taurus,Bos taurus,0.0,True,False,False,background,p10,True,True
H2AC1,cerebral cortex,clustered,7,5,0.0,0.0,0.0,0.0,0.0,0.0,bos_taurus,Bos taurus,0.0,bos_taurus,Bos taurus,0.0,True,False,False,background,p10,True,True
H2AC1,adipose tissue,clustered,7,4,0.0,0.0,0.0,0.0,0.0,0.0,bos_taurus,Bos taurus,0.0,bos_taurus,Bos taurus,0.0,True,False,False,background,p10,True,True
H2AC1,hypothalamus,clustered,7,4,0.0,0.0,0.0,0.0,0.0,0.0,bos_taurus,Bos taurus,0.0,bos_taurus,Bos taurus,0.0,True,False,False,background,p10,True,True
H2AC1,lymph node,clustered,7,4,0.0,0.0,0.0,0.0,0.0,0.0,bos_taurus,Bos taurus,0.0,bos_taurus,Bos taurus,0.0,True,False,False,background,p10,True,True
H2AC1,ovary,clustered,7,4,0.0,0.0,0.0,0.0,0.0,0.0,bos_taurus,Bos taurus,0.0,bos_taurus,Bos taurus,0.0,True,False,False,background,p10,True,True
H2AC1,pituitary gland,clustered,7,4,0.0,0.0,0.0,0.0,0.0,0.0,bos_taurus,Bos taurus,0.0,bos_taurus,Bos taurus,0.0,True,False,False,background,p10,True,True
H2AC11,metanephros cortex,clustered,6,4,0.0,0.0,0.0,0.0,0.0,0.0,bos_taurus,Bos taurus,0.0,bos_taurus,Bos taurus,0.0,True,False,False,background,p10,True,True
H2AB3,granulocyte,variant,5,3,0.0,0.0,0.0,0.0,0.0,0.0,canis_lupus_familiaris,Canis lupus familiaris,0.0,canis_lupus_familiaris,Canis lupus familiaris,0.0,False,False,False,background,background,False,False
H2AC1,Ammon's horn,clustered,7,3,0.0,0.0,0.0,0.0,0.0,0.0,bos_taurus,Bos taurus,0.0,bos_taurus,Bos taurus,0.0,False,False,False,background,background,False,False
H2AC1,blood,clustered,7,3,0.0,0.0,0.0,0.0,0.0,0.0,bos_taurus,Bos taurus,0.0,bos_taurus,Bos taurus,0.0,False,False,False,background,background,False,False
H2AC1,dorsolateral prefrontal cortex,clustered,7,3,0.0,0.0,0.0,0.0,0.0,0.0,human,Homo sapiens,0.0,human,Homo sapiens,0.0,False,False,False,background,background,False,False
H2AC1,duodenum,clustered,7,3,0.0,0.0,0.0,0.0,0.0,0.0,bos_taurus,Bos taurus,0.0,bos_taurus,Bos taurus,0.0,False,False,False,background,background,False,False
H2AC1,esophagus,clustered,7,3,0.0,0.0,0.0,0.0,0.0,0.0,bos_taurus,Bos taurus,0.0,bos_taurus,Bos taurus,0.0,False,False,False,background,background,False,False
H2AC1,granulocyte,clustered,7,3,0.0,0.0,0.0,0.0,0.0,0.0,canis_lupus_familiaris,Canis lupus familiaris,0.0,canis_lupus_familiaris,Canis lupus familiaris,0.0,False,False,False,background,background,False,False
H2AC1,ileum,clustered,7,3,0.0,0.0,0.0,0.0,0.0,0.0,bos_taurus,Bos taurus,0.0,bos_taurus,Bos taurus,0.0,False,False,False,background,background,False,False
H2AC1,jejunum,clustered,7,3,0.0,0.0,0.0,0.0,0.0,0.0,bos_taurus,Bos taurus,0.0,bos_taurus,Bos taurus,0.0,False,False,False,background,background,False,False
H2AC1,muscle tissue,clustered,7,3,0.0,0.0,0.0,0.0,0.0,0.0,bos_taurus,Bos taurus,0.0,bos_taurus,Bos taurus,0.0,False,False,False,background,background,False,False
H2AC1,olfactory segment of nasal mucosa,clustered,7,3,0.0,0.0,0.0,0.0,0.0,0.0,bos_taurus,Bos taurus,0.0,bos_taurus,Bos taurus,0.0,False,False,False,background,background,False,False
H2AC1,saliva-secreting gland,clustered,7,3,0.0,0.0,0.0,0.0,0.0,0.0,bos_taurus,Bos taurus,0.0,bos_taurus,Bos taurus,0.0,False,False,False,background,background,False,False
H2AC1,temporal lobe,clustered,7,3,0.0,0.0,0.0,0.0,0.0,0.0,canis_lupus_familiaris,Canis lupus familiaris,0.0,canis_lupus_familiaris,Canis lupus familiaris,0.0,False,False,False,background,background,False,False
H2AC1,thyroid gland,clustered,7,3,0.0,0.0,0.0,0.0,0.0,0.0,bos_taurus,Bos taurus,0.0,bos_taurus,Bos taurus,0.0,False,False,False,background,background,False,False
H2AC1,uterus,clustered,7,3,0.0,0.0,0.0,0.0,0.0,0.0,bos_taurus,Bos taurus,0.0,bos_taurus,Bos taurus,0.0,False,False,False,background,background,False,False
H2AC11,pons,clustered,6,3,0.0,0.0,0.0,0.0,0.0,0.0,bos_taurus,Bos taurus,0.0,bos_taurus,Bos taurus,0.0,False,False,False,background,background,False,False
H2AC13,hindlimb stylopod muscle,clustered,7,3,0.0,0.0,0.0,0.0,0.0,0.0,human,Homo sapiens,0.0,human,Homo sapiens,0.0,False,False,False,background,background,False,False
H2AC14,cerebellar cortex,clustered,7,3,0.0,0.0,0.0,0.0,0.0,0.0,human,Homo sapiens,0.0,human,Homo sapiens,0.0,False,False,False,background,background,False,False
H2AC14,primary visual cortex,clustered,7,3,0.0,0.0,0.0,0.0,0.0,0.0,human,Homo sapiens,0.0,human,Homo sapiens,0.0,False,False,False,background,background,False,False
H2AC14,temporal lobe,clustered,7,3,0.0,0.0,0.0,0.0,0.0,0.0,canis_lupus_familiaris,Canis lupus familiaris,0.0,canis_lupus_familiaris,Canis lupus familiaris,0.0,False,False,False,background,background,False,False
H2AC16,frontal cortex,clustered,4,3,0.0,0.0,0.0,0.0,0.0,0.0,canis_lupus_familiaris,Canis lupus familiaris,0.0,canis_lupus_familiaris,Canis lupus familiaris,0.0,False,False,False,background,background,False,False
H2AB3,cortex of kidney,variant,5,2,0.0,0.0,0.0,0.0,0.0,0.0,human,Homo sapiens,0.0,human,Homo sapiens,0.0,False,False,False,background,background,False,False
H2AB3,cortical plate,variant,5,2,0.0,0.0,0.0,0.0,0.0,0.0,human,Homo sapiens,0.0,human,Homo sapiens,0.0,False,False,False,background,background,False,False
H2AB3,ganglionic eminence,variant,5,2,0.0,0.0,0.0,0.0,0.0,0.0,human,Homo sapiens,0.0,human,Homo sapiens,0.0,False,False,False,background,background,False,False
H2AB3,hindlimb stylopod muscle,variant,5,2,0.0,0.0,0.0,0.0,0.0,0.0,human,Homo sapiens,0.0,human,Homo sapiens,0.0,False,False,False,background,background,False,False
H2AB3,islet of Langerhans,variant,5,2,0.0,0.0,0.0,0.0,0.0,0.0,human,Homo sapiens,0.0,human,Homo sapiens,0.0,False,False,False,background,background,False,False
H2AB3,jejunum,variant,5,2,0.0,0.0,0.0,0.0,0.0,0.0,canis_lupus_familiaris,Canis lupus familiaris,0.0,canis_lupus_familiaris,Canis lupus familiaris,0.0,False,False,False,background,background,False,False
H2AB3,leukocyte,variant,5,2,0.0,0.0,0.0,0.0,0.0,0.0,equus_caballus,Equus caballus,0.0,equus_caballus,Equus caballus,0.0,False,False,False,background,background,False,False
H2AB3,lymph node,variant,5,2,0.0,0.0,0.0,0.0,0.0,0.0,canis_lupus_familiaris,Canis lupus familiaris,0.0,canis_lupus_familiaris,Canis lupus familiaris,0.0,False,False,False,background,background,False,False
H2AB3,metanephros cortex,variant,5,2,0.0,0.0,0.0,0.0,0.0,0.0,canis_lupus_familiaris,Canis lupus familiaris,0.0,canis_lupus_familiaris,Canis lupus familiaris,0.0,False,False,False,background,background,False,False
H2AB3,olfactory bulb,variant,5,2,0.0,0.0,0.0,0.0,0.0,0.0,canis_lupus_familiaris,Canis lupus familiaris,0.0,canis_lupus_familiaris,Canis lupus familiaris,0.0,False,False,False,background,background,False,False
H2AB3,primary visual cortex,variant,5,2,0.0,0.0,0.0,0.0,0.0,0.0,human,Homo sapiens,0.0,human,Homo sapiens,0.0,False,False,False,background,background,False,False
H2AB3,retina,variant,5,2,0.0,0.0,0.0,0.0,0.0,0.0,canis_lupus_familiaris,Canis lupus familiaris,0.0,canis_lupus_familiaris,Canis lupus familiaris,0.0,False,False,False,background,background,False,False
H2AB3,smooth muscle tissue,variant,5,2,0.0,0.0,0.0,0.0,0.0,0.0,canis_lupus_familiaris,Canis lupus familiaris,0.0,canis_lupus_familiaris,Canis lupus familiaris,0.0,False,False,False,background,background,False,False
H2AB3,spinal cord,variant,5,2,0.0,0.0,0.0,0.0,0.0,0.0,canis_lupus_familiaris,Canis lupus familiaris,0.0,canis_lupus_familiaris,Canis lupus familiaris,0.0,False,False,False,background,background,False,False
H2AB3,superior frontal gyrus,variant,5,2,0.0,0.0,0.0,0.0,0.0,0.0,human,Homo sapiens,0.0,human,Homo sapiens,0.0,False,False,False,background,background,False,False
H2AB3,temporal lobe,variant,5,2,0.0,0.0,0.0,0.0,0.0,0.0,canis_lupus_familiaris,Canis lupus familiaris,0.0,canis_lupus_familiaris,Canis lupus familiaris,0.0,False,False,False,background,background,False,False
H2AB3,thymus,variant,5,2,0.0,0.0,0.0,0.0,0.0,0.0,canis_lupus_familiaris,Canis lupus familiaris,0.0,canis_lupus_familiaris,Canis lupus familiaris,0.0,False,False,False,background,background,False,False
H2AB3,uterus,variant,5,2,0.0,0.0,0.0,0.0,0.0,0.0,felis_catus,Felis catus,0.0,felis_catus,Felis catus,0.0,False,False,False,background,background,False,False
H2AB3,ventricular zone,variant,5,2,0.0,0.0,0.0,0.0,0.0,0.0,human,Homo sapiens,0.0,human,Homo sapiens,0.0,False,False,False,background,background,False,False
H2AC1,adenohypophysis,clustered,7,2,0.0,0.0,0.0,0.0,0.0,0.0,bos_taurus,Bos taurus,0.0,bos_taurus,Bos taurus,0.0,False,False,False,background,background,False,False
H2AC1,cortical plate,clustered,7,2,0.0,0.0,0.0,0.0,0.0,0.0,human,Homo sapiens,0.0,human,Homo sapiens,0.0,False,False,False,background,background,False,False
H2AC1,endometrium,clustered,7,2,0.0,0.0,0.0,0.0,0.0,0.0,bos_taurus,Bos taurus,0.0,bos_taurus,Bos taurus,0.0,False,False,False,background,background,False,False
H2AC1,fibroblast,clustered,7,2,0.0,0.0,0.0,0.0,0.0,0.0,macaca_mulatta,Macaca mulatta,0.0,macaca_mulatta,Macaca mulatta,0.0,False,False,False,background,background,False,False
H2AC1,gall bladder,clustered,7,2,0.0,0.0,0.0,0.0,0.0,0.0,bos_taurus,Bos taurus,0.0,bos_taurus,Bos taurus,0.0,False,False,False,background,background,False,False
H2AC1,ganglionic eminence,clustered,7,2,0.0,0.0,0.0,0.0,0.0,0.0,human,Homo sapiens,0.0,human,Homo sapiens,0.0,False,False,False,background,background,False,False
H2AC1,islet of Langerhans,clustered,7,2,0.0,0.0,0.0,0.0,0.0,0.0,human,Homo sapiens,0.0,human,Homo sapiens,0.0,False,False,False,background,background,False,False
H2AC1,leukocyte,clustered,7,2,0.0,0.0,0.0,0.0,0.0,0.0,bos_taurus,Bos taurus,0.0,bos_taurus,Bos taurus,0.0,False,False,False,background,background,False,False
H2AC1,mammary gland,clustered,7,2,0.0,0.0,0.0,0.0,0.0,0.0,bos_taurus,Bos taurus,0.0,bos_taurus,Bos taurus,0.0,False,False,False,background,background,False,False
H2AC1,monocyte,clustered,7,2,0.0,0.0,0.0,0.0,0.0,0.0,bos_taurus,Bos taurus,0.0,bos_taurus,Bos taurus,0.0,False,False,False,background,background,False,False
H2AC1,myometrium,clustered,7,2,0.0,0.0,0.0,0.0,0.0,0.0,bos_taurus,Bos taurus,0.0,bos_taurus,Bos taurus,0.0,False,False,False,background,background,False,False
H2AC1,occipital lobe,clustered,7,2,0.0,0.0,0.0,0.0,0.0,0.0,bos_taurus,Bos taurus,0.0,bos_taurus,Bos taurus,0.0,False,False,False,background,background,False,False
H2AC1,olfactory bulb,clustered,7,2,0.0,0.0,0.0,0.0,0.0,0.0,canis_lupus_familiaris,Canis lupus familiaris,0.0,canis_lupus_familiaris,Canis lupus familiaris,0.0,False,False,False,background,background,False,False
H2AC1,omental fat pad,clustered,7,2,0.0,0.0,0.0,0.0,0.0,0.0,bos_taurus,Bos taurus,0.0,bos_taurus,Bos taurus,0.0,False,False,False,background,background,False,False
H2AC1,prostate gland,clustered,7,2,0.0,0.0,0.0,0.0,0.0,0.0,bos_taurus,Bos taurus,0.0,bos_taurus,Bos taurus,0.0,False,False,False,background,background,False,False
H2AC1,renal medulla,clustered,7,2,0.0,0.0,0.0,0.0,0.0,0.0,bos_taurus,Bos taurus,0.0,bos_taurus,Bos taurus,0.0,False,False,False,background,background,False,False
H2AC1,retina,clustered,7,2,0.0,0.0,0.0,0.0,0.0,0.0,bos_taurus,Bos taurus,0.0,bos_taurus,Bos taurus,0.0,False,False,False,background,background,False,False
H2AC1,small intestine,clustered,7,2,0.0,0.0,0.0,0.0,0.0,0.0,canis_lupus_familiaris,Canis lupus familiaris,0.0,canis_lupus_familiaris,Canis lupus familiaris,0.0,False,False,False,background,background,False,False
H2AC1,smooth muscle tissue,clustered,7,2,0.0,0.0,0.0,0.0,0.0,0.0,canis_lupus_familiaris,Canis lupus familiaris,0.0,canis_lupus_familiaris,Canis lupus familiaris,0.0,False,False,False,background,background,False,False
H2AC1,subcutaneous adipose tissue,clustered,7,2,0.0,0.0,0.0,0.0,0.0,0.0,bos_taurus,Bos taurus,0.0,bos_taurus,Bos taurus,0.0,False,False,False,background,background,False,False
H2AC1,tongue,clustered,7,2,0.0,0.0,0.0,0.0,0.0,0.0,bos_taurus,Bos taurus,0.0,bos_taurus,Bos taurus,0.0,False,False,False,background,background,False,False
H2AC1,ventricular zone,clustered,7,2,0.0,0.0,0.0,0.0,0.0,0.0,human,Homo sapiens,0.0,human,Homo sapiens,0.0,False,False,False,background,background,False,False
H2AC11,caput epididymis,clustered,6,2,0.0,0.0,0.0,0.0,0.0,0.0,bos_taurus,Bos taurus,0.0,bos_taurus,Bos taurus,0.0,False,False,False,background,background,False,False
H2AC11,cerebellar cortex,clustered,6,2,0.0,0.0,0.0,0.0,0.0,0.0,human,Homo sapiens,0.0,human,Homo sapiens,0.0,False,False,False,background,background,False,False
H2AC11,corpus callosum,clustered,6,2,0.0,0.0,0.0,0.0,0.0,0.0,human,Homo sapiens,0.0,human,Homo sapiens,0.0,False,False,False,background,background,False,False
H2AC11,corpus epididymis,clustered,6,2,0.0,0.0,0.0,0.0,0.0,0.0,bos_taurus,Bos taurus,0.0,bos_taurus,Bos taurus,0.0,False,False,False,background,background,False,False
H2AC11,diaphragm,clustered,6,2,0.0,0.0,0.0,0.0,0.0,0.0,bos_taurus,Bos taurus,0.0,bos_taurus,Bos taurus,0.0,False,False,False,background,background,False,False
H2AC11,dorsal plus ventral thalamus,clustered,6,2,0.0,0.0,0.0,0.0,0.0,0.0,human,Homo sapiens,0.0,human,Homo sapiens,0.0,False,False,False,background,background,False,False
H2AC11,hair follicle,clustered,6,2,0.0,0.0,0.0,0.0,0.0,0.0,canis_lupus_familiaris,Canis lupus familiaris,0.0,canis_lupus_familiaris,Canis lupus familiaris,0.0,False,False,False,background,background,False,False
H2AC11,medulla oblongata,clustered,6,2,0.0,0.0,0.0,0.0,0.0,0.0,human,Homo sapiens,0.0,human,Homo sapiens,0.0,False,False,False,background,background,False,False
H2AC11,nasal cavity mucosa,clustered,6,2,0.0,0.0,0.0,0.0,0.0,0.0,bos_taurus,Bos taurus,0.0,bos_taurus,Bos taurus,0.0,False,False,False,background,background,False,False
H2AC11,occipital cortex,clustered,6,2,0.0,0.0,0.0,0.0,0.0,0.0,canis_lupus_familiaris,Canis lupus familiaris,0.0,canis_lupus_familiaris,Canis lupus familiaris,0.0,False,False,False,background,background,False,False
H2AC11,primary visual cortex,clustered,6,2,0.0,0.0,0.0,0.0,0.0,0.0,human,Homo sapiens,0.0,human,Homo sapiens,0.0,False,False,False,background,background,False,False
H2AC11,superior frontal gyrus,clustered,6,2,0.0,0.0,0.0,0.0,0.0,0.0,human,Homo sapiens,0.0,human,Homo sapiens,0.0,False,False,False,background,background,False,False
H2AC11,trachea,clustered,6,2,0.0,0.0,0.0,0.0,0.0,0.0,bos_taurus,Bos taurus,0.0,bos_taurus,Bos taurus,0.0,False,False,False,background,background,False,False
H2AC11,urethra,clustered,6,2,0.0,0.0,0.0,0.0,0.0,0.0,bos_taurus,Bos taurus,0.0,bos_taurus,Bos taurus,0.0,False,False,False,background,background,False,False
H2AC12,amygdala,clustered,6,2,0.0,0.0,0.0,0.0,0.0,0.0,human,Homo sapiens,0.0,human,Homo sapiens,0.0,False,False,False,background,background,False,False
H2AC12,cerebellar cortex,clustered,6,2,0.0,0.0,0.0,0.0,0.0,0.0,human,Homo sapiens,0.0,human,Homo sapiens,0.0,False,False,False,background,background,False,False
H2AC12,occipital cortex,clustered,6,2,0.0,0.0,0.0,0.0,0.0,0.0,canis_lupus_familiaris,Canis lupus familiaris,0.0,canis_lupus_familiaris,Canis lupus familiaris,0.0,False,False,False,background,background,False,False
H2AC12,primary visual cortex,clustered,6,2,0.0,0.0,0.0,0.0,0.0,0.0,human,Homo sapiens,0.0,human,Homo sapiens,0.0,False,False,False,background,background,False,False
H2AC12,semimembranosus muscle,clustered,6,2,0.0,0.0,0.0,0.0,0.0,0.0,bos_taurus,Bos taurus,0.0,bos_taurus,Bos taurus,0.0,False,False,False,background,background,False,False
H2AC12,triceps brachii,clustered,6,2,0.0,0.0,0.0,0.0,0.0,0.0,bos_taurus,Bos taurus,0.0,bos_taurus,Bos taurus,0.0,False,False,False,background,background,False,False
H2AC13,quadriceps femoris,clustered,7,2,0.0,0.0,0.0,0.0,0.0,0.0,human,Homo sapiens,0.0,human,Homo sapiens,0.0,False,False,False,background,background,False,False
H2AC13,temporal lobe,clustered,7,2,0.0,0.0,0.0,0.0,0.0,0.0,canis_lupus_familiaris,Canis lupus familiaris,0.0,canis_lupus_familiaris,Canis lupus familiaris,0.0,False,False,False,background,background,False,False
H2AC14,granulocyte,clustered,7,2,0.0,0.0,0.0,0.0,0.0,0.0,canis_lupus_familiaris,Canis lupus familiaris,0.0,canis_lupus_familiaris,Canis lupus familiaris,0.0,False,False,False,background,background,False,False
H2AC14,occipital cortex,clustered,7,2,0.0,0.0,0.0,0.0,0.0,0.0,canis_lupus_familiaris,Canis lupus familiaris,0.0,canis_lupus_familiaris,Canis lupus familiaris,0.0,False,False,False,background,background,False,False
H2AC14,prostate gland,clustered,7,2,0.0,0.0,0.0,0.0,0.0,0.0,bos_taurus,Bos taurus,0.0,bos_taurus,Bos taurus,0.0,False,False,False,background,background,False,False
H2AC14,renal medulla,clustered,7,2,0.0,0.0,0.0,0.0,0.0,0.0,bos_taurus,Bos taurus,0.0,bos_taurus,Bos taurus,0.0,False,False,False,background,background,False,False
H2AC14,semimembranosus muscle,clustered,7,2,0.0,0.0,0.0,0.0,0.0,0.0,bos_taurus,Bos taurus,0.0,bos_taurus,Bos taurus,0.0,False,False,False,background,background,False,False
H2AC14,smooth muscle tissue,clustered,7,2,0.0,0.0,0.0,0.0,0.0,0.0,canis_lupus_familiaris,Canis lupus familiaris,0.0,canis_lupus_familiaris,Canis lupus familiaris,0.0,False,False,False,background,background,False,False
H2AC15,muscle tissue,clustered,5,2,0.0,0.0,0.0,0.0,0.0,0.0,bos_taurus,Bos taurus,0.0,bos_taurus,Bos taurus,0.0,False,False,False,background,background,False,False
H2AC15,renal medulla,clustered,5,2,0.0,0.0,0.0,0.0,0.0,0.0,bos_taurus,Bos taurus,0.0,bos_taurus,Bos taurus,0.0,False,False,False,background,background,False,False
H2AC15,retina,clustered,5,2,0.0,0.0,0.0,0.0,0.0,0.0,bos_taurus,Bos taurus,0.0,bos_taurus,Bos taurus,0.0,False,False,False,background,background,False,False
H2AC15,smooth muscle tissue,clustered,5,2,0.0,0.0,0.0,0.0,0.0,0.0,canis_lupus_familiaris,Canis lupus familiaris,0.0,canis_lupus_familiaris,Canis lupus familiaris,0.0,False,False,False,background,background,False,False
H2AC15,spermatid,clustered,5,2,0.0,0.0,0.0,0.0,0.0,0.0,bos_taurus,Bos taurus,0.0,bos_taurus,Bos taurus,0.0,False,False,False,background,background,False,False
H2AC15,spermatocyte,clustered,5,2,0.0,0.0,0.0,0.0,0.0,0.0,bos_taurus,Bos taurus,0.0,bos_taurus,Bos taurus,0.0,False,False,False,background,background,False,False
H2AC16,cortex of kidney,clustered,4,2,0.0,0.0,0.0,0.0,0.0,0.0,human,Homo sapiens,0.0,human,Homo sapiens,0.0,False,False,False,background,background,False,False
H2AC16,hindlimb stylopod muscle,clustered,4,2,0.0,0.0,0.0,0.0,0.0,0.0,human,Homo sapiens,0.0,human,Homo sapiens,0.0,False,False,False,background,background,False,False
H2AC16,metanephros cortex,clustered,4,2,0.0,0.0,0.0,0.0,0.0,0.0,canis_lupus_familiaris,Canis lupus familiaris,0.0,canis_lupus_familiaris,Canis lupus familiaris,0.0,False,False,False,background,background,False,False
H2AC16,muscle tissue,clustered,4,2,0.0,0.0,0.0,0.0,0.0,0.0,equus_caballus,Equus caballus,0.0,equus_caballus,Equus caballus,0.0,False,False,False,background,background,False,False
H2AC16,pituitary gland,clustered,4,2,0.0,0.0,0.0,0.0,0.0,0.0,canis_lupus_familiaris,Canis lupus familiaris,0.0,canis_lupus_familiaris,Canis lupus familiaris,0.0,False,False,False,background,background,False,False
H2AC16,primary visual cortex,clustered,4,2,0.0,0.0,0.0,0.0,0.0,0.0,human,Homo sapiens,0.0,human,Homo sapiens,0.0,False,False,False,background,background,False,False
H2AC16,retina,clustered,4,2,0.0,0.0,0.0,0.0,0.0,0.0,canis_lupus_familiaris,Canis lupus familiaris,0.0,canis_lupus_familiaris,Canis lupus familiaris,0.0,False,False,False,background,background,False,False
H2AC16,superior frontal gyrus,clustered,4,2,0.0,0.0,0.0,0.0,0.0,0.0,human,Homo sapiens,0.0,human,Homo sapiens,0.0,False,False,False,background,background,False,False
H2AC16,thymus,clustered,4,2,0.0,0.0,0.0,0.0,0.0,0.0,canis_lupus_familiaris,Canis lupus familiaris,0.0,canis_lupus_familiaris,Canis lupus familiaris,0.0,False,False,False,background,background,False,False
H2AC17,superior frontal gyrus,clustered,6,2,0.0,0.0,0.0,0.0,0.0,0.0,human,Homo sapiens,0.0,human,Homo sapiens,0.0,False,False,False,background,background,False,False
H2AC21,gluteus medius,clustered,6,2,0.0,0.0,0.0,0.0,0.0,0.0,bos_taurus,Bos taurus,0.0,bos_taurus,Bos taurus,0.0,False,False,False,background,background,False,False
H2AC21,semimembranosus muscle,clustered,6,2,0.0,0.0,0.0,0.0,0.0,0.0,bos_taurus,Bos taurus,0.0,bos_taurus,Bos taurus,0.0,False,False,False,background,background,False,False
H2AC7,embryo,clustered,5,2,0.0,0.0,0.0,0.0,0.0,0.0,equus_caballus,Equus caballus,0.0,equus_caballus,Equus caballus,0.0,False,False,False,background,background,False,False
H2AC7,temporal lobe,clustered,5,2,0.0,0.0,0.0,0.0,0.0,0.0,canis_lupus_familiaris,Canis lupus familiaris,0.0,canis_lupus_familiaris,Canis lupus familiaris,0.0,False,False,False,background,background,False,False
H2AC8,epithelium of bronchus,clustered,6,2,0.0,0.0,0.0,0.0,0.0,0.0,equus_caballus,Equus caballus,0.0,equus_caballus,Equus caballus,0.0,False,False,False,background,background,False,False
H2AC8,gluteus medius,clustered,6,2,0.0,0.0,0.0,0.0,0.0,0.0,bos_taurus,Bos taurus,0.0,bos_taurus,Bos taurus,0.0,False,False,False,background,background,False,False
H2AC8,nasal cavity mucosa,clustered,6,2,0.0,0.0,0.0,0.0,0.0,0.0,bos_taurus,Bos taurus,0.0,bos_taurus,Bos taurus,0.0,False,False,False,background,background,False,False
H2AC8,oocyte,clustered,6,2,0.0,0.0,0.0,0.0,0.0,0.0,bos_taurus,Bos taurus,0.0,bos_taurus,Bos taurus,0.0,False,False,False,background,background,False,False
H2AC8,pons,clustered,6,2,0.0,0.0,0.0,0.0,0.0,0.0,bos_taurus,Bos taurus,0.0,bos_taurus,Bos taurus,0.0,False,False,False,background,background,False,False
H2AC8,trachea,clustered,6,2,0.0,0.0,0.0,0.0,0.0,0.0,bos_taurus,Bos taurus,0.0,bos_taurus,Bos taurus,0.0,False,False,False,background,background,False,False
