gene_name,species_dir,species_name,ensembl_gene_id,tissue,expression_score,map_label,class,agg_expression_score
H2AC8,bos_taurus,Bos taurus,ENSBTAG00000048743,granulosa cell,50.5,H2AC8:VGNC:83570,clustered,50.5
H2AC8,bos_taurus,Bos taurus,ENSBTAG00000048743,theca cell,43.53,H2AC8:VGNC:83570,clustered,43.53
H2AC8,bos_taurus,Bos taurus,ENSBTAG00000048743,cumulus cell,59.6,H2AC8:VGNC:83570,clustered,59.6
H2AC8,bos_taurus,Bos taurus,ENSBTAG00000048743,leukocyte,77.58,H2AC8:VGNC:83570,clustered,57.62555555555556
H2AC8,bos_taurus,Bos taurus,ENSBTAG00000048743,leukocyte,50.57,H2AC8:VGNC:83570,clustered,57.62555555555556
H2AC8,bos_taurus,Bos taurus,ENSBTAG00000048743,leukocyte,70.15,H2AC8:VGNC:83570,clustered,57.62555555555556
H2AC8,bos_taurus,Bos taurus,ENSBTAG00000048743,leukocyte,50.02,H2AC8:VGNC:83570,clustered,57.62555555555556
H2AC8,bos_taurus,Bos taurus,ENSBTAG00000048743,leukocyte,44.39,H2AC8:VGNC:83570,clustered,57.62555555555556
H2AC8,bos_taurus,Bos taurus,ENSBTAG00000048743,leukocyte,50.59,H2AC8:VGNC:83570,clustered,57.62555555555556
H2AC8,bos_taurus,Bos taurus,ENSBTAG00000048743,leukocyte,50.5,H2AC8:VGNC:83570,clustered,57.62555555555556
H2AC8,bos_taurus,Bos taurus,ENSBTAG00000048743,leukocyte,60.01,H2AC8:VGNC:83570,clustered,57.62555555555556
H2AC8,bos_taurus,Bos taurus,ENSBTAG00000048743,leukocyte,64.82,H2AC8:VGNC:83570,clustered,57.62555555555556
H2AC8,bos_taurus,Bos taurus,ENSBTAG00000048743,neutrophil,79.38,H2AC8:VGNC:83570,clustered,79.38
H2AC8,bos_taurus,Bos taurus,ENSBTAG00000048743,pituitary gland,38.05,H2AC8:VGNC:83570,clustered,52.58166666666667
H2AC8,bos_taurus,Bos taurus,ENSBTAG00000048743,pituitary gland,53.53,H2AC8:VGNC:83570,clustered,52.58166666666667
H2AC8,bos_taurus,Bos taurus,ENSBTAG00000048743,pituitary gland,46.73,H2AC8:VGNC:83570,clustered,52.58166666666667
H2AC8,bos_taurus,Bos taurus,ENSBTAG00000048743,pituitary gland,57.91,H2AC8:VGNC:83570,clustered,52.58166666666667
H2AC8,bos_taurus,Bos taurus,ENSBTAG00000048743,pituitary gland,59.9,H2AC8:VGNC:83570,clustered,52.58166666666667
H2AC8,bos_taurus,Bos taurus,ENSBTAG00000048743,pituitary gland,59.37,H2AC8:VGNC:83570,clustered,52.58166666666667
H2AC8,bos_taurus,Bos taurus,ENSBTAG00000048743,zone of skin,43.25,H2AC8:VGNC:83570,clustered,43.25
H2AC8,bos_taurus,Bos taurus,ENSBTAG00000048743,lymph node,54.29,H2AC8:VGNC:83570,clustered,53.315
H2AC8,bos_taurus,Bos taurus,ENSBTAG00000048743,lymph node,52.34,H2AC8:VGNC:83570,clustered,53.315
H2AC8,bos_taurus,Bos taurus,ENSBTAG00000048743,urethra,62.58,H2AC8:VGNC:83570,clustered,62.55
H2AC8,bos_taurus,Bos taurus,ENSBTAG00000048743,urethra,62.52,H2AC8:VGNC:83570,clustered,62.55
H2AC8,bos_taurus,Bos taurus,ENSBTAG00000048743,adult mammalian kidney,49.87,H2AC8:VGNC:83570,clustered,48.50666666666666
H2AC8,bos_taurus,Bos taurus,ENSBTAG00000048743,adult mammalian kidney,51.17,H2AC8:VGNC:83570,clustered,48.50666666666666
H2AC8,bos_taurus,Bos taurus,ENSBTAG00000048743,adult mammalian kidney,44.48,H2AC8:VGNC:83570,clustered,48.50666666666666
H2AC8,bos_taurus,Bos taurus,ENSBTAG00000048743,blood,51.56,H2AC8:VGNC:83570,clustered,51.0775
H2AC8,bos_taurus,Bos taurus,ENSBTAG00000048743,blood,50.38,H2AC8:VGNC:83570,clustered,51.0775
H2AC8,bos_taurus,Bos taurus,ENSBTAG00000048743,blood,52.8,H2AC8:VGNC:83570,clustered,51.0775
H2AC8,bos_taurus,Bos taurus,ENSBTAG00000048743,blood,49.57,H2AC8:VGNC:83570,clustered,51.0775
H2AC8,bos_taurus,Bos taurus,ENSBTAG00000048743,renal medulla,47.15,H2AC8:VGNC:83570,clustered,49.915
H2AC8,bos_taurus,Bos taurus,ENSBTAG00000048743,renal medulla,52.68,H2AC8:VGNC:83570,clustered,49.915
H2AC8,bos_taurus,Bos taurus,ENSBTAG00000048743,longissimus muscle,98.46,H2AC8:VGNC:83570,clustered,75.06333333333333
H2AC8,bos_taurus,Bos taurus,ENSBTAG00000048743,longissimus muscle,80.93,H2AC8:VGNC:83570,clustered,75.06333333333333
H2AC8,bos_taurus,Bos taurus,ENSBTAG00000048743,longissimus muscle,45.8,H2AC8:VGNC:83570,clustered,75.06333333333333
H2AC8,bos_taurus,Bos taurus,ENSBTAG00000048743,multicellular organism,41.33,H2AC8:VGNC:83570,clustered,41.33
H2AC8,bos_taurus,Bos taurus,ENSBTAG00000048743,testis,53.65,H2AC8:VGNC:83570,clustered,57.11000000000001
H2AC8,bos_taurus,Bos taurus,ENSBTAG00000048743,testis,72.4,H2AC8:VGNC:83570,clustered,57.11000000000001
H2AC8,bos_taurus,Bos taurus,ENSBTAG00000048743,testis,45.28,H2AC8:VGNC:83570,clustered,57.11000000000001
H2AC8,bos_taurus,Bos taurus,ENSBTAG00000048743,ileocecal valve,40.66,H2AC8:VGNC:83570,clustered,40.66
H2AC8,bos_taurus,Bos taurus,ENSBTAG00000048743,heart,34.32,H2AC8:VGNC:83570,clustered,31.070000000000004
H2AC8,bos_taurus,Bos taurus,ENSBTAG00000048743,heart,30.37,H2AC8:VGNC:83570,clustered,31.070000000000004
H2AC8,bos_taurus,Bos taurus,ENSBTAG00000048743,heart,28.52,H2AC8:VGNC:83570,clustered,31.070000000000004
H2AC8,bos_taurus,Bos taurus,ENSBTAG00000048743,brain,37.85,H2AC8:VGNC:83570,clustered,37.85
H2AC8,bos_taurus,Bos taurus,ENSBTAG00000048743,cerebral cortex,26.84,H2AC8:VGNC:83570,clustered,26.84
H2AC8,bos_taurus,Bos taurus,ENSBTAG00000048743,retina,48.7,H2AC8:VGNC:83570,clustered,48.7
H2AC8,bos_taurus,Bos taurus,ENSBTAG00000048743,ovary,37.04,H2AC8:VGNC:83570,clustered,40.7325
H2AC8,bos_taurus,Bos taurus,ENSBTAG00000048743,ovary,42.41,H2AC8:VGNC:83570,clustered,40.7325
H2AC8,bos_taurus,Bos taurus,ENSBTAG00000048743,ovary,40.19,H2AC8:VGNC:83570,clustered,40.7325
H2AC8,bos_taurus,Bos taurus,ENSBTAG00000048743,ovary,43.29,H2AC8:VGNC:83570,clustered,40.7325
H2AC8,bos_taurus,Bos taurus,ENSBTAG00000048743,uterus,40.48,H2AC8:VGNC:83570,clustered,43.416666666666664
H2AC8,bos_taurus,Bos taurus,ENSBTAG00000048743,uterus,44.9,H2AC8:VGNC:83570,clustered,43.416666666666664
H2AC8,bos_taurus,Bos taurus,ENSBTAG00000048743,uterus,44.87,H2AC8:VGNC:83570,clustered,43.416666666666664
H2AC8,bos_taurus,Bos taurus,ENSBTAG00000048743,adipose tissue,43.22,H2AC8:VGNC:83570,clustered,41.81
H2AC8,bos_taurus,Bos taurus,ENSBTAG00000048743,adipose tissue,40.02,H2AC8:VGNC:83570,clustered,41.81
H2AC8,bos_taurus,Bos taurus,ENSBTAG00000048743,adipose tissue,44.97,H2AC8:VGNC:83570,clustered,41.81
H2AC8,bos_taurus,Bos taurus,ENSBTAG00000048743,adipose tissue,39.03,H2AC8:VGNC:83570,clustered,41.81
H2AC8,bos_taurus,Bos taurus,ENSBTAG00000048743,esophagus,49.29,H2AC8:VGNC:83570,clustered,49.345
H2AC8,bos_taurus,Bos taurus,ENSBTAG00000048743,esophagus,49.4,H2AC8:VGNC:83570,clustered,49.345
H2AC8,bos_taurus,Bos taurus,ENSBTAG00000048743,saliva-secreting gland,53.1,H2AC8:VGNC:83570,clustered,53.1
H2AC8,bos_taurus,Bos taurus,ENSBTAG00000048743,saliva-secreting gland,53.1,H2AC8:VGNC:83570,clustered,53.1
H2AC8,bos_taurus,Bos taurus,ENSBTAG00000048743,diaphragm,48.62,H2AC8:VGNC:83570,clustered,48.599999999999994
H2AC8,bos_taurus,Bos taurus,ENSBTAG00000048743,diaphragm,48.58,H2AC8:VGNC:83570,clustered,48.599999999999994
H2AC8,bos_taurus,Bos taurus,ENSBTAG00000048743,intercostal muscle,66.65,H2AC8:VGNC:83570,clustered,66.65
H2AC8,bos_taurus,Bos taurus,ENSBTAG00000048743,skeletal muscle tissue,55.28,H2AC8:VGNC:83570,clustered,46.88
H2AC8,bos_taurus,Bos taurus,ENSBTAG00000048743,skeletal muscle tissue,35.68,H2AC8:VGNC:83570,clustered,46.88
H2AC8,bos_taurus,Bos taurus,ENSBTAG00000048743,skeletal muscle tissue,41.38,H2AC8:VGNC:83570,clustered,46.88
H2AC8,bos_taurus,Bos taurus,ENSBTAG00000048743,skeletal muscle tissue,55.18,H2AC8:VGNC:83570,clustered,46.88
H2AC8,bos_taurus,Bos taurus,ENSBTAG00000048743,caecum,97.01,H2AC8:VGNC:83570,clustered,97.01
H2AC8,bos_taurus,Bos taurus,ENSBTAG00000048743,colon,32.6,H2AC8:VGNC:83570,clustered,32.6
H2AC8,bos_taurus,Bos taurus,ENSBTAG00000048743,descending colon,97.11,H2AC8:VGNC:83570,clustered,97.11
H2AC8,bos_taurus,Bos taurus,ENSBTAG00000048743,cortex of kidney,56.12,H2AC8:VGNC:83570,clustered,56.12
H2AC8,bos_taurus,Bos taurus,ENSBTAG00000048743,urinary bladder,50.21,H2AC8:VGNC:83570,clustered,50.265
H2AC8,bos_taurus,Bos taurus,ENSBTAG00000048743,urinary bladder,50.32,H2AC8:VGNC:83570,clustered,50.265
H2AC8,bos_taurus,Bos taurus,ENSBTAG00000048743,endometrium,54.97,H2AC8:VGNC:83570,clustered,54.78
H2AC8,bos_taurus,Bos taurus,ENSBTAG00000048743,endometrium,56.21,H2AC8:VGNC:83570,clustered,54.78
H2AC8,bos_taurus,Bos taurus,ENSBTAG00000048743,endometrium,53.44,H2AC8:VGNC:83570,clustered,54.78
H2AC8,bos_taurus,Bos taurus,ENSBTAG00000048743,endometrium,54.5,H2AC8:VGNC:83570,clustered,54.78
H2AC8,bos_taurus,Bos taurus,ENSBTAG00000048743,semitendinosus,32.74,H2AC8:VGNC:83570,clustered,31.655
H2AC8,bos_taurus,Bos taurus,ENSBTAG00000048743,semitendinosus,30.57,H2AC8:VGNC:83570,clustered,31.655
H2AC8,bos_taurus,Bos taurus,ENSBTAG00000048743,semimembranosus muscle,46.12,H2AC8:VGNC:83570,clustered,46.12
H2AC8,bos_taurus,Bos taurus,ENSBTAG00000048743,longissimus thoracis muscle,58.4,H2AC8:VGNC:83570,clustered,38.78142857142858
H2AC8,bos_taurus,Bos taurus,ENSBTAG00000048743,longissimus thoracis muscle,29.2,H2AC8:VGNC:83570,clustered,38.78142857142858
H2AC8,bos_taurus,Bos taurus,ENSBTAG00000048743,longissimus thoracis muscle,32.95,H2AC8:VGNC:83570,clustered,38.78142857142858
H2AC8,bos_taurus,Bos taurus,ENSBTAG00000048743,longissimus thoracis muscle,39.55,H2AC8:VGNC:83570,clustered,38.78142857142858
H2AC8,bos_taurus,Bos taurus,ENSBTAG00000048743,longissimus thoracis muscle,30.89,H2AC8:VGNC:83570,clustered,38.78142857142858
H2AC8,bos_taurus,Bos taurus,ENSBTAG00000048743,longissimus thoracis muscle,34.2,H2AC8:VGNC:83570,clustered,38.78142857142858
H2AC8,bos_taurus,Bos taurus,ENSBTAG00000048743,longissimus thoracis muscle,46.28,H2AC8:VGNC:83570,clustered,38.78142857142858
H2AC8,bos_taurus,Bos taurus,ENSBTAG00000048743,infraspinatus muscle,52.77,H2AC8:VGNC:83570,clustered,52.760000000000005
H2AC8,bos_taurus,Bos taurus,ENSBTAG00000048743,infraspinatus muscle,52.75,H2AC8:VGNC:83570,clustered,52.760000000000005
H2AC8,bos_taurus,Bos taurus,ENSBTAG00000048743,triceps brachii,56.05,H2AC8:VGNC:83570,clustered,56.055
H2AC8,bos_taurus,Bos taurus,ENSBTAG00000048743,triceps brachii,56.06,H2AC8:VGNC:83570,clustered,56.055
H2AC8,bos_taurus,Bos taurus,ENSBTAG00000048743,tongue,38.77,H2AC8:VGNC:83570,clustered,38.74
H2AC8,bos_taurus,Bos taurus,ENSBTAG00000048743,tongue,38.71,H2AC8:VGNC:83570,clustered,38.74
H2AC8,bos_taurus,Bos taurus,ENSBTAG00000048743,nasopharynx,50.52,H2AC8:VGNC:83570,clustered,50.52
H2AC8,bos_taurus,Bos taurus,ENSBTAG00000048743,pharyngeal tonsil,53.53,H2AC8:VGNC:83570,clustered,53.53
H2AC8,bos_taurus,Bos taurus,ENSBTAG00000048743,laryngeal cartilage,48.49,H2AC8:VGNC:83570,clustered,48.445
H2AC8,bos_taurus,Bos taurus,ENSBTAG00000048743,laryngeal cartilage,48.4,H2AC8:VGNC:83570,clustered,48.445
H2AC8,bos_taurus,Bos taurus,ENSBTAG00000048743,choroid plexus,77.98,H2AC8:VGNC:83570,clustered,77.98
H2AC8,bos_taurus,Bos taurus,ENSBTAG00000048743,mammary gland,60.08,H2AC8:VGNC:83570,clustered,51.92
H2AC8,bos_taurus,Bos taurus,ENSBTAG00000048743,mammary gland,43.76,H2AC8:VGNC:83570,clustered,51.92
H2AC8,bos_taurus,Bos taurus,ENSBTAG00000048743,milk,48.57,H2AC8:VGNC:83570,clustered,48.004999999999995
H2AC8,bos_taurus,Bos taurus,ENSBTAG00000048743,milk,47.44,H2AC8:VGNC:83570,clustered,48.004999999999995
H2AC8,bos_taurus,Bos taurus,ENSBTAG00000048743,Ammon's horn,45.53,H2AC8:VGNC:83570,clustered,45.53
H2AC8,bos_taurus,Bos taurus,ENSBTAG00000048743,placenta,49.43,H2AC8:VGNC:83570,clustered,46.54
H2AC8,bos_taurus,Bos taurus,ENSBTAG00000048743,placenta,43.65,H2AC8:VGNC:83570,clustered,46.54
H2AC8,bos_taurus,Bos taurus,ENSBTAG00000048743,gluteal muscle,46.75,H2AC8:VGNC:83570,clustered,46.75
H2AC8,bos_taurus,Bos taurus,ENSBTAG00000048743,occipital lobe,39.46,H2AC8:VGNC:83570,clustered,39.46
H2AC8,bos_taurus,Bos taurus,ENSBTAG00000048743,thyroid gland,43.23,H2AC8:VGNC:83570,clustered,43.23
H2AC8,bos_taurus,Bos taurus,ENSBTAG00000048743,lung,36.94,H2AC8:VGNC:83570,clustered,36.564
H2AC8,bos_taurus,Bos taurus,ENSBTAG00000048743,lung,38.34,H2AC8:VGNC:83570,clustered,36.564
H2AC8,bos_taurus,Bos taurus,ENSBTAG00000048743,lung,32.99,H2AC8:VGNC:83570,clustered,36.564
H2AC8,bos_taurus,Bos taurus,ENSBTAG00000048743,lung,34.78,H2AC8:VGNC:83570,clustered,36.564
H2AC8,bos_taurus,Bos taurus,ENSBTAG00000048743,lung,39.77,H2AC8:VGNC:83570,clustered,36.564
H2AC8,bos_taurus,Bos taurus,ENSBTAG00000048743,spleen,35.14,H2AC8:VGNC:83570,clustered,42.005
H2AC8,bos_taurus,Bos taurus,ENSBTAG00000048743,spleen,44.74,H2AC8:VGNC:83570,clustered,42.005
H2AC8,bos_taurus,Bos taurus,ENSBTAG00000048743,spleen,44.3,H2AC8:VGNC:83570,clustered,42.005
H2AC8,bos_taurus,Bos taurus,ENSBTAG00000048743,spleen,43.84,H2AC8:VGNC:83570,clustered,42.005
H2AC8,bos_taurus,Bos taurus,ENSBTAG00000048743,liver,33.01,H2AC8:VGNC:83570,clustered,44.873333333333335
H2AC8,bos_taurus,Bos taurus,ENSBTAG00000048743,liver,42.3,H2AC8:VGNC:83570,clustered,44.873333333333335
H2AC8,bos_taurus,Bos taurus,ENSBTAG00000048743,liver,45.32,H2AC8:VGNC:83570,clustered,44.873333333333335
H2AC8,bos_taurus,Bos taurus,ENSBTAG00000048743,liver,48.64,H2AC8:VGNC:83570,clustered,44.873333333333335
H2AC8,bos_taurus,Bos taurus,ENSBTAG00000048743,liver,54.27,H2AC8:VGNC:83570,clustered,44.873333333333335
H2AC8,bos_taurus,Bos taurus,ENSBTAG00000048743,liver,46.36,H2AC8:VGNC:83570,clustered,44.873333333333335
H2AC8,bos_taurus,Bos taurus,ENSBTAG00000048743,liver,36.11,H2AC8:VGNC:83570,clustered,44.873333333333335
H2AC8,bos_taurus,Bos taurus,ENSBTAG00000048743,liver,48.28,H2AC8:VGNC:83570,clustered,44.873333333333335
H2AC8,bos_taurus,Bos taurus,ENSBTAG00000048743,liver,45.83,H2AC8:VGNC:83570,clustered,44.873333333333335
H2AC8,bos_taurus,Bos taurus,ENSBTAG00000048743,liver,39.5,H2AC8:VGNC:83570,clustered,44.873333333333335
H2AC8,bos_taurus,Bos taurus,ENSBTAG00000048743,liver,46.77,H2AC8:VGNC:83570,clustered,44.873333333333335
H2AC8,bos_taurus,Bos taurus,ENSBTAG00000048743,liver,52.09,H2AC8:VGNC:83570,clustered,44.873333333333335
H2AC8,bos_taurus,Bos taurus,ENSBTAG00000048743,gall bladder,52.33,H2AC8:VGNC:83570,clustered,52.9
H2AC8,bos_taurus,Bos taurus,ENSBTAG00000048743,gall bladder,53.47,H2AC8:VGNC:83570,clustered,52.9
H2AC8,bos_taurus,Bos taurus,ENSBTAG00000048743,kidney,47.39,H2AC8:VGNC:83570,clustered,47.39
H2AC8,bos_taurus,Bos taurus,ENSBTAG00000048743,duodenum,53.35,H2AC8:VGNC:83570,clustered,56.2325
H2AC8,bos_taurus,Bos taurus,ENSBTAG00000048743,duodenum,64.14,H2AC8:VGNC:83570,clustered,56.2325
H2AC8,bos_taurus,Bos taurus,ENSBTAG00000048743,duodenum,54.11,H2AC8:VGNC:83570,clustered,56.2325
H2AC8,bos_taurus,Bos taurus,ENSBTAG00000048743,duodenum,53.33,H2AC8:VGNC:83570,clustered,56.2325
H2AC8,bos_taurus,Bos taurus,ENSBTAG00000048743,jejunum,42.04,H2AC8:VGNC:83570,clustered,52.333333333333336
H2AC8,bos_taurus,Bos taurus,ENSBTAG00000048743,jejunum,63.06,H2AC8:VGNC:83570,clustered,52.333333333333336
H2AC8,bos_taurus,Bos taurus,ENSBTAG00000048743,jejunum,51.9,H2AC8:VGNC:83570,clustered,52.333333333333336
H2AC8,bos_taurus,Bos taurus,ENSBTAG00000048743,ileum,52.36,H2AC8:VGNC:83570,clustered,64.55
H2AC8,bos_taurus,Bos taurus,ENSBTAG00000048743,ileum,43.09,H2AC8:VGNC:83570,clustered,64.55
H2AC8,bos_taurus,Bos taurus,ENSBTAG00000048743,ileum,99.42,H2AC8:VGNC:83570,clustered,64.55
H2AC8,bos_taurus,Bos taurus,ENSBTAG00000048743,ileum,77.29,H2AC8:VGNC:83570,clustered,64.55
H2AC8,bos_taurus,Bos taurus,ENSBTAG00000048743,ileum,50.59,H2AC8:VGNC:83570,clustered,64.55
H2AC8,bos_taurus,Bos taurus,ENSBTAG00000048743,subcutaneous adipose tissue,60.27,H2AC8:VGNC:83570,clustered,37.847500000000004
H2AC8,bos_taurus,Bos taurus,ENSBTAG00000048743,subcutaneous adipose tissue,35.18,H2AC8:VGNC:83570,clustered,37.847500000000004
H2AC8,bos_taurus,Bos taurus,ENSBTAG00000048743,subcutaneous adipose tissue,26.53,H2AC8:VGNC:83570,clustered,37.847500000000004
H2AC8,bos_taurus,Bos taurus,ENSBTAG00000048743,subcutaneous adipose tissue,29.41,H2AC8:VGNC:83570,clustered,37.847500000000004
H2AC8,bos_taurus,Bos taurus,ENSBTAG00000048743,adenohypophysis,47.46,H2AC8:VGNC:83570,clustered,47.510000000000005
H2AC8,bos_taurus,Bos taurus,ENSBTAG00000048743,adenohypophysis,47.56,H2AC8:VGNC:83570,clustered,47.510000000000005
H2AC8,bos_taurus,Bos taurus,ENSBTAG00000048743,neurohypophysis,47.03,H2AC8:VGNC:83570,clustered,46.965
H2AC8,bos_taurus,Bos taurus,ENSBTAG00000048743,neurohypophysis,46.9,H2AC8:VGNC:83570,clustered,46.965
H2AC8,bos_taurus,Bos taurus,ENSBTAG00000048743,uterine horn,42.41,H2AC8:VGNC:83570,clustered,42.41
H2AC8,bos_taurus,Bos taurus,ENSBTAG00000048743,adrenal gland,48.71,H2AC8:VGNC:83570,clustered,52.01666666666667
H2AC8,bos_taurus,Bos taurus,ENSBTAG00000048743,adrenal gland,48.93,H2AC8:VGNC:83570,clustered,52.01666666666667
H2AC8,bos_taurus,Bos taurus,ENSBTAG00000048743,adrenal gland,58.41,H2AC8:VGNC:83570,clustered,52.01666666666667
H2AC8,bos_taurus,Bos taurus,ENSBTAG00000048743,thymus,73.32,H2AC8:VGNC:83570,clustered,73.32
H2AC8,bos_taurus,Bos taurus,ENSBTAG00000048743,supraspinatus muscle,55.36,H2AC8:VGNC:83570,clustered,55.325
H2AC8,bos_taurus,Bos taurus,ENSBTAG00000048743,supraspinatus muscle,55.29,H2AC8:VGNC:83570,clustered,55.325
H2AC8,bos_taurus,Bos taurus,ENSBTAG00000048743,muscle tissue,30.49,H2AC8:VGNC:83570,clustered,33.495
H2AC8,bos_taurus,Bos taurus,ENSBTAG00000048743,muscle tissue,36.5,H2AC8:VGNC:83570,clustered,33.495
H2AC8,bos_taurus,Bos taurus,ENSBTAG00000048743,abdominal lymph node,60.58,H2AC8:VGNC:83570,clustered,60.58
H2AC8,bos_taurus,Bos taurus,ENSBTAG00000048743,mesenteric lymph node,47.14,H2AC8:VGNC:83570,clustered,47.16
H2AC8,bos_taurus,Bos taurus,ENSBTAG00000048743,mesenteric lymph node,47.18,H2AC8:VGNC:83570,clustered,47.16
H2AC8,bos_taurus,Bos taurus,ENSBTAG00000048743,uterine tube infundibulum,47.97,H2AC8:VGNC:83570,clustered,48.71
H2AC8,bos_taurus,Bos taurus,ENSBTAG00000048743,uterine tube infundibulum,49.45,H2AC8:VGNC:83570,clustered,48.71
H2AC8,bos_taurus,Bos taurus,ENSBTAG00000048743,conceptus,98.31,H2AC8:VGNC:83570,clustered,98.31
H2AC8,bos_taurus,Bos taurus,ENSBTAG00000048743,oviduct epithelium,45.87,H2AC8:VGNC:83570,clustered,45.87
H2AC8,bos_taurus,Bos taurus,ENSBTAG00000048743,olfactory segment of nasal mucosa,32.49,H2AC8:VGNC:83570,clustered,32.49
H2AC8,bos_taurus,Bos taurus,ENSBTAG00000048743,abomasum,49.91,H2AC8:VGNC:83570,clustered,49.71666666666667
H2AC8,bos_taurus,Bos taurus,ENSBTAG00000048743,abomasum,48.65,H2AC8:VGNC:83570,clustered,49.71666666666667
H2AC8,bos_taurus,Bos taurus,ENSBTAG00000048743,abomasum,50.59,H2AC8:VGNC:83570,clustered,49.71666666666667
H2AC8,bos_taurus,Bos taurus,ENSBTAG00000048743,rumen,98.29,H2AC8:VGNC:83570,clustered,88.09
H2AC8,bos_taurus,Bos taurus,ENSBTAG00000048743,rumen,77.89,H2AC8:VGNC:83570,clustered,88.09
H2AC8,bos_taurus,Bos taurus,ENSBTAG00000048743,surface of tongue,54.41,H2AC8:VGNC:83570,clustered,54.36
H2AC8,bos_taurus,Bos taurus,ENSBTAG00000048743,surface of tongue,54.31,H2AC8:VGNC:83570,clustered,54.36
H2AC8,bos_taurus,Bos taurus,ENSBTAG00000048743,rumen epithelium,93.1,H2AC8:VGNC:83570,clustered,60.78666666666666
H2AC8,bos_taurus,Bos taurus,ENSBTAG00000048743,rumen epithelium,44.82,H2AC8:VGNC:83570,clustered,60.78666666666666
H2AC8,bos_taurus,Bos taurus,ENSBTAG00000048743,rumen epithelium,44.44,H2AC8:VGNC:83570,clustered,60.78666666666666
H2AC8,bos_taurus,Bos taurus,ENSBTAG00000048743,spiral colon,97.29,H2AC8:VGNC:83570,clustered,97.29
H2AC8,bos_taurus,Bos taurus,ENSBTAG00000048743,omental fat pad,45.64,H2AC8:VGNC:83570,clustered,43.035
H2AC8,bos_taurus,Bos taurus,ENSBTAG00000048743,omental fat pad,40.43,H2AC8:VGNC:83570,clustered,43.035
H2AC8,bos_taurus,Bos taurus,ENSBTAG00000048743,metanephros cortex,56.06,H2AC8:VGNC:83570,clustered,56.06
H2AC8,bos_taurus,Bos taurus,ENSBTAG00000048743,ampulla of uterine tube,47.06,H2AC8:VGNC:83570,clustered,48.585
H2AC8,bos_taurus,Bos taurus,ENSBTAG00000048743,ampulla of uterine tube,50.11,H2AC8:VGNC:83570,clustered,48.585
H2AC8,bos_taurus,Bos taurus,ENSBTAG00000048743,retropharyngeal lymph node,57.14,H2AC8:VGNC:83570,clustered,57.14
H2AC8,bos_taurus,Bos taurus,ENSBTAG00000048743,isthmus of fallopian tube,49.27,H2AC8:VGNC:83570,clustered,49.25
H2AC8,bos_taurus,Bos taurus,ENSBTAG00000048743,isthmus of fallopian tube,49.23,H2AC8:VGNC:83570,clustered,49.25
H2AC8,bos_taurus,Bos taurus,ENSBTAG00000048743,intramuscular adipose tissue,38.05,H2AC8:VGNC:83570,clustered,41.25
H2AC8,bos_taurus,Bos taurus,ENSBTAG00000048743,intramuscular adipose tissue,44.45,H2AC8:VGNC:83570,clustered,41.25
H2AC8,bos_taurus,Bos taurus,ENSBTAG00000048743,scapular muscle,60.06,H2AC8:VGNC:83570,clustered,60.06
H2AC8,equus_caballus,Equus caballus,ENSECAG00000039905,zone of skin,19.3,H2AC8:VGNC:83802,clustered,21.825000000000003
H2AC8,equus_caballus,Equus caballus,ENSECAG00000039905,zone of skin,24.35,H2AC8:VGNC:83802,clustered,21.825000000000003
H2AC8,equus_caballus,Equus caballus,ENSECAG00000039905,inner cell mass,58.05,H2AC8:VGNC:83802,clustered,58.05
H2AC8,equus_caballus,Equus caballus,ENSECAG00000039905,trophoblast,42.41,H2AC8:VGNC:83802,clustered,48.93333333333334
H2AC8,equus_caballus,Equus caballus,ENSECAG00000039905,trophoblast,36.89,H2AC8:VGNC:83802,clustered,48.93333333333334
H2AC8,equus_caballus,Equus caballus,ENSECAG00000039905,trophoblast,67.5,H2AC8:VGNC:83802,clustered,48.93333333333334
H2AC8,equus_caballus,Equus caballus,ENSECAG00000039905,blood,43.47,H2AC8:VGNC:83802,clustered,45.215
H2AC8,equus_caballus,Equus caballus,ENSECAG00000039905,blood,46.96,H2AC8:VGNC:83802,clustered,45.215
H2AC8,equus_caballus,Equus caballus,ENSECAG00000039905,multicellular organism,39.95,H2AC8:VGNC:83802,clustered,39.95
H2AC8,equus_caballus,Equus caballus,ENSECAG00000039905,testis,31.84,H2AC8:VGNC:83802,clustered,37.18666666666667
H2AC8,equus_caballus,Equus caballus,ENSECAG00000039905,testis,36.99,H2AC8:VGNC:83802,clustered,37.18666666666667
H2AC8,equus_caballus,Equus caballus,ENSECAG00000039905,testis,42.73,H2AC8:VGNC:83802,clustered,37.18666666666667
H2AC8,equus_caballus,Equus caballus,ENSECAG00000039905,retina,52.45,H2AC8:VGNC:83802,clustered,52.45
H2AC8,equus_caballus,Equus caballus,ENSECAG00000039905,triceps brachii,24.74,H2AC8:VGNC:83802,clustered,24.53
H2AC8,equus_caballus,Equus caballus,ENSECAG00000039905,triceps brachii,24.32,H2AC8:VGNC:83802,clustered,24.53
H2AC8,equus_caballus,Equus caballus,ENSECAG00000039905,cerebellum,96.93,H2AC8:VGNC:83802,clustered,94.955
H2AC8,equus_caballus,Equus caballus,ENSECAG00000039905,cerebellum,88.79,H2AC8:VGNC:83802,clustered,94.955
H2AC8,equus_caballus,Equus caballus,ENSECAG00000039905,cerebellum,98.64,H2AC8:VGNC:83802,clustered,94.955
H2AC8,equus_caballus,Equus caballus,ENSECAG00000039905,cerebellum,95.46,H2AC8:VGNC:83802,clustered,94.955
H2AC8,equus_caballus,Equus caballus,ENSECAG00000039905,spinal cord,75.37,H2AC8:VGNC:83802,clustered,69.56875
H2AC8,equus_caballus,Equus caballus,ENSECAG00000039905,spinal cord,66.47,H2AC8:VGNC:83802,clustered,69.56875
H2AC8,equus_caballus,Equus caballus,ENSECAG00000039905,spinal cord,71.22,H2AC8:VGNC:83802,clustered,69.56875
H2AC8,equus_caballus,Equus caballus,ENSECAG00000039905,spinal cord,65.51,H2AC8:VGNC:83802,clustered,69.56875
H2AC8,equus_caballus,Equus caballus,ENSECAG00000039905,spinal cord,70.81,H2AC8:VGNC:83802,clustered,69.56875
H2AC8,equus_caballus,Equus caballus,ENSECAG00000039905,spinal cord,72.21,H2AC8:VGNC:83802,clustered,69.56875
H2AC8,equus_caballus,Equus caballus,ENSECAG00000039905,spinal cord,66.95,H2AC8:VGNC:83802,clustered,69.56875
H2AC8,equus_caballus,Equus caballus,ENSECAG00000039905,spinal cord,68.01,H2AC8:VGNC:83802,clustered,69.56875
H2AC8,equus_caballus,Equus caballus,ENSECAG00000039905,brainstem,58.08,H2AC8:VGNC:83802,clustered,64.015
H2AC8,equus_caballus,Equus caballus,ENSECAG00000039905,brainstem,69.95,H2AC8:VGNC:83802,clustered,64.015
H2AC8,equus_caballus,Equus caballus,ENSECAG00000039905,bone marrow,85.07,H2AC8:VGNC:83802,clustered,85.07
H2AC8,equus_caballus,Equus caballus,ENSECAG00000039905,trophectoderm,64.09,H2AC8:VGNC:83802,clustered,63.790000000000006
H2AC8,equus_caballus,Equus caballus,ENSECAG00000039905,trophectoderm,63.49,H2AC8:VGNC:83802,clustered,63.790000000000006
H2AC8,equus_caballus,Equus caballus,ENSECAG00000039905,oviduct epithelium,89.57,H2AC8:VGNC:83802,clustered,89.57
H2AC8,equus_caballus,Equus caballus,ENSECAG00000039905,chorionic villus,36.44,H2AC8:VGNC:83802,clustered,36.44
H2AC8,felis_catus,Felis catus,ENSFCAG00000048216,adult mammalian kidney,40.15,H2AC8:VGNC:109875,clustered,29.91
H2AC8,felis_catus,Felis catus,ENSFCAG00000048216,adult mammalian kidney,19.67,H2AC8:VGNC:109875,clustered,29.91
H2AC8,felis_catus,Felis catus,ENSFCAG00000048216,prefrontal cortex,25.91,H2AC8:VGNC:109875,clustered,25.91
H2AC8,felis_catus,Felis catus,ENSFCAG00000048216,testis,45.32,H2AC8:VGNC:109875,clustered,30.849999999999998
H2AC8,felis_catus,Felis catus,ENSFCAG00000048216,testis,34.38,H2AC8:VGNC:109875,clustered,30.849999999999998
H2AC8,felis_catus,Felis catus,ENSFCAG00000048216,testis,12.85,H2AC8:VGNC:109875,clustered,30.849999999999998
H2AC8,felis_catus,Felis catus,ENSFCAG00000048216,embryo,40.76,H2AC8:VGNC:109875,clustered,40.76
H2AC8,felis_catus,Felis catus,ENSFCAG00000048216,brain,96.98,H2AC8:VGNC:109875,clustered,91.86500000000001
H2AC8,felis_catus,Felis catus,ENSFCAG00000048216,brain,86.75,H2AC8:VGNC:109875,clustered,91.86500000000001
H2AC8,felis_catus,Felis catus,ENSFCAG00000048216,spleen,43.11,H2AC8:VGNC:109875,clustered,43.11
H2AC8,felis_catus,Felis catus,ENSFCAG00000048216,liver,84.36,H2AC8:VGNC:109875,clustered,56.855000000000004
H2AC8,felis_catus,Felis catus,ENSFCAG00000048216,liver,29.35,H2AC8:VGNC:109875,clustered,56.855000000000004
H2AC8,felis_catus,Felis catus,ENSFCAG00000048216,embryonic head,45.33,H2AC8:VGNC:109875,clustered,45.33
H2AC8,felis_catus,Felis catus,ENSFCAG00000048216,eyeball of camera-type eye,37.53,H2AC8:VGNC:109875,clustered,37.53
H2AC8,felis_catus,Felis catus,ENSFCAG00000048216,tip of external ear,64.01,H2AC8:VGNC:109875,clustered,64.01
H2AC8,human,Homo sapiens,ENSG00000277075,male germ line stem cell (sensu Vertebrata) in testis,92.19,H2AC8:HGNC:4724,clustered,92.19
H2AC8,human,Homo sapiens,ENSG00000277075,granulocyte,75.58,H2AC8:HGNC:4724,clustered,75.58
H2AC8,human,Homo sapiens,ENSG00000277075,monocyte,90.1,H2AC8:HGNC:4724,clustered,90.1
H2AC8,human,Homo sapiens,ENSG00000277075,primordial germ cell in gonad,88.19,H2AC8:HGNC:4724,clustered,88.19
H2AC8,human,Homo sapiens,ENSG00000277075,leukocyte,75.54,H2AC8:HGNC:4724,clustered,75.54
H2AC8,human,Homo sapiens,ENSG00000277075,mononuclear cell,89.16,H2AC8:HGNC:4724,clustered,89.16
H2AC8,human,Homo sapiens,ENSG00000277075,bone marrow cell,85.7,H2AC8:HGNC:4724,clustered,85.7
H2AC8,human,Homo sapiens,ENSG00000277075,stromal cell of endometrium,64.05,H2AC8:HGNC:4724,clustered,64.05
H2AC8,human,Homo sapiens,ENSG00000277075,bronchial epithelial cell,53.27,H2AC8:HGNC:4724,clustered,55.49
H2AC8,human,Homo sapiens,ENSG00000277075,bronchial epithelial cell,57.71,H2AC8:HGNC:4724,clustered,55.49
H2AC8,human,Homo sapiens,ENSG00000277075,uterine cervix,62.83,H2AC8:HGNC:4724,clustered,62.782
H2AC8,human,Homo sapiens,ENSG00000277075,uterine cervix,78.14,H2AC8:HGNC:4724,clustered,62.782
H2AC8,human,Homo sapiens,ENSG00000277075,uterine cervix,54.71,H2AC8:HGNC:4724,clustered,62.782
H2AC8,human,Homo sapiens,ENSG00000277075,uterine cervix,53.67,H2AC8:HGNC:4724,clustered,62.782
H2AC8,human,Homo sapiens,ENSG00000277075,uterine cervix,64.56,H2AC8:HGNC:4724,clustered,62.782
H2AC8,human,Homo sapiens,ENSG00000277075,islet of Langerhans,61.64,H2AC8:HGNC:4724,clustered,61.824
H2AC8,human,Homo sapiens,ENSG00000277075,islet of Langerhans,60.91,H2AC8:HGNC:4724,clustered,61.824
H2AC8,human,Homo sapiens,ENSG00000277075,islet of Langerhans,53.8,H2AC8:HGNC:4724,clustered,61.824
H2AC8,human,Homo sapiens,ENSG00000277075,islet of Langerhans,62.22,H2AC8:HGNC:4724,clustered,61.824
H2AC8,human,Homo sapiens,ENSG00000277075,islet of Langerhans,64.53,H2AC8:HGNC:4724,clustered,61.824
H2AC8,human,Homo sapiens,ENSG00000277075,islet of Langerhans,61.02,H2AC8:HGNC:4724,clustered,61.824
H2AC8,human,Homo sapiens,ENSG00000277075,islet of Langerhans,58.99,H2AC8:HGNC:4724,clustered,61.824
H2AC8,human,Homo sapiens,ENSG00000277075,islet of Langerhans,61.36,H2AC8:HGNC:4724,clustered,61.824
H2AC8,human,Homo sapiens,ENSG00000277075,islet of Langerhans,70.62,H2AC8:HGNC:4724,clustered,61.824
H2AC8,human,Homo sapiens,ENSG00000277075,islet of Langerhans,63.15,H2AC8:HGNC:4724,clustered,61.824
H2AC8,human,Homo sapiens,ENSG00000277075,pituitary gland,55.49,H2AC8:HGNC:4724,clustered,63.474545454545456
H2AC8,human,Homo sapiens,ENSG00000277075,pituitary gland,62.21,H2AC8:HGNC:4724,clustered,63.474545454545456
H2AC8,human,Homo sapiens,ENSG00000277075,pituitary gland,55.67,H2AC8:HGNC:4724,clustered,63.474545454545456
H2AC8,human,Homo sapiens,ENSG00000277075,pituitary gland,57.56,H2AC8:HGNC:4724,clustered,63.474545454545456
H2AC8,human,Homo sapiens,ENSG00000277075,pituitary gland,69.02,H2AC8:HGNC:4724,clustered,63.474545454545456
H2AC8,human,Homo sapiens,ENSG00000277075,pituitary gland,65.13,H2AC8:HGNC:4724,clustered,63.474545454545456
H2AC8,human,Homo sapiens,ENSG00000277075,pituitary gland,62.79,H2AC8:HGNC:4724,clustered,63.474545454545456
H2AC8,human,Homo sapiens,ENSG00000277075,pituitary gland,71.04,H2AC8:HGNC:4724,clustered,63.474545454545456
H2AC8,human,Homo sapiens,ENSG00000277075,pituitary gland,67.59,H2AC8:HGNC:4724,clustered,63.474545454545456
H2AC8,human,Homo sapiens,ENSG00000277075,pituitary gland,66.3,H2AC8:HGNC:4724,clustered,63.474545454545456
H2AC8,human,Homo sapiens,ENSG00000277075,pituitary gland,65.42,H2AC8:HGNC:4724,clustered,63.474545454545456
H2AC8,human,Homo sapiens,ENSG00000277075,zone of skin,47.17,H2AC8:HGNC:4724,clustered,67.9809090909091
H2AC8,human,Homo sapiens,ENSG00000277075,zone of skin,57.77,H2AC8:HGNC:4724,clustered,67.9809090909091
H2AC8,human,Homo sapiens,ENSG00000277075,zone of skin,52.44,H2AC8:HGNC:4724,clustered,67.9809090909091
H2AC8,human,Homo sapiens,ENSG00000277075,zone of skin,75.61,H2AC8:HGNC:4724,clustered,67.9809090909091
H2AC8,human,Homo sapiens,ENSG00000277075,zone of skin,71.78,H2AC8:HGNC:4724,clustered,67.9809090909091
H2AC8,human,Homo sapiens,ENSG00000277075,zone of skin,70.44,H2AC8:HGNC:4724,clustered,67.9809090909091
H2AC8,human,Homo sapiens,ENSG00000277075,zone of skin,75.21,H2AC8:HGNC:4724,clustered,67.9809090909091
H2AC8,human,Homo sapiens,ENSG00000277075,zone of skin,73.47,H2AC8:HGNC:4724,clustered,67.9809090909091
H2AC8,human,Homo sapiens,ENSG00000277075,zone of skin,75.34,H2AC8:HGNC:4724,clustered,67.9809090909091
H2AC8,human,Homo sapiens,ENSG00000277075,zone of skin,73.59,H2AC8:HGNC:4724,clustered,67.9809090909091
H2AC8,human,Homo sapiens,ENSG00000277075,zone of skin,74.97,H2AC8:HGNC:4724,clustered,67.9809090909091
H2AC8,human,Homo sapiens,ENSG00000277075,lymph node,64.32,H2AC8:HGNC:4724,clustered,63.669999999999995
H2AC8,human,Homo sapiens,ENSG00000277075,lymph node,60.96,H2AC8:HGNC:4724,clustered,63.669999999999995
H2AC8,human,Homo sapiens,ENSG00000277075,lymph node,65.73,H2AC8:HGNC:4724,clustered,63.669999999999995
H2AC8,human,Homo sapiens,ENSG00000277075,large intestine,67.94,H2AC8:HGNC:4724,clustered,68.565
H2AC8,human,Homo sapiens,ENSG00000277075,large intestine,69.19,H2AC8:HGNC:4724,clustered,68.565
H2AC8,human,Homo sapiens,ENSG00000277075,adult mammalian kidney,65.09,H2AC8:HGNC:4724,clustered,67.27333333333333
H2AC8,human,Homo sapiens,ENSG00000277075,adult mammalian kidney,65.75,H2AC8:HGNC:4724,clustered,67.27333333333333
H2AC8,human,Homo sapiens,ENSG00000277075,adult mammalian kidney,84.98,H2AC8:HGNC:4724,clustered,67.27333333333333
H2AC8,human,Homo sapiens,ENSG00000277075,adult mammalian kidney,66.47,H2AC8:HGNC:4724,clustered,67.27333333333333
H2AC8,human,Homo sapiens,ENSG00000277075,adult mammalian kidney,66.4,H2AC8:HGNC:4724,clustered,67.27333333333333
H2AC8,human,Homo sapiens,ENSG00000277075,adult mammalian kidney,63.04,H2AC8:HGNC:4724,clustered,67.27333333333333
H2AC8,human,Homo sapiens,ENSG00000277075,adult mammalian kidney,62.26,H2AC8:HGNC:4724,clustered,67.27333333333333
H2AC8,human,Homo sapiens,ENSG00000277075,adult mammalian kidney,63.48,H2AC8:HGNC:4724,clustered,67.27333333333333
H2AC8,human,Homo sapiens,ENSG00000277075,adult mammalian kidney,65.82,H2AC8:HGNC:4724,clustered,67.27333333333333
H2AC8,human,Homo sapiens,ENSG00000277075,adult mammalian kidney,75.23,H2AC8:HGNC:4724,clustered,67.27333333333333
H2AC8,human,Homo sapiens,ENSG00000277075,adult mammalian kidney,63.86,H2AC8:HGNC:4724,clustered,67.27333333333333
H2AC8,human,Homo sapiens,ENSG00000277075,adult mammalian kidney,64.9,H2AC8:HGNC:4724,clustered,67.27333333333333
H2AC8,human,Homo sapiens,ENSG00000277075,intestine,95.58,H2AC8:HGNC:4724,clustered,90.125
H2AC8,human,Homo sapiens,ENSG00000277075,intestine,98.54,H2AC8:HGNC:4724,clustered,90.125
H2AC8,human,Homo sapiens,ENSG00000277075,intestine,98.21,H2AC8:HGNC:4724,clustered,90.125
H2AC8,human,Homo sapiens,ENSG00000277075,intestine,68.17,H2AC8:HGNC:4724,clustered,90.125
H2AC8,human,Homo sapiens,ENSG00000277075,amniotic fluid,81.27,H2AC8:HGNC:4724,clustered,81.27
H2AC8,human,Homo sapiens,ENSG00000277075,blood,77.93,H2AC8:HGNC:4724,clustered,76.65064516129033
H2AC8,human,Homo sapiens,ENSG00000277075,blood,73.25,H2AC8:HGNC:4724,clustered,76.65064516129033
H2AC8,human,Homo sapiens,ENSG00000277075,blood,82.83,H2AC8:HGNC:4724,clustered,76.65064516129033
H2AC8,human,Homo sapiens,ENSG00000277075,blood,74.96,H2AC8:HGNC:4724,clustered,76.65064516129033
H2AC8,human,Homo sapiens,ENSG00000277075,blood,76.78,H2AC8:HGNC:4724,clustered,76.65064516129033
H2AC8,human,Homo sapiens,ENSG00000277075,blood,78.14,H2AC8:HGNC:4724,clustered,76.65064516129033
H2AC8,human,Homo sapiens,ENSG00000277075,blood,78.16,H2AC8:HGNC:4724,clustered,76.65064516129033
H2AC8,human,Homo sapiens,ENSG00000277075,blood,77.57,H2AC8:HGNC:4724,clustered,76.65064516129033
H2AC8,human,Homo sapiens,ENSG00000277075,blood,74.19,H2AC8:HGNC:4724,clustered,76.65064516129033
H2AC8,human,Homo sapiens,ENSG00000277075,blood,76.65,H2AC8:HGNC:4724,clustered,76.65064516129033
H2AC8,human,Homo sapiens,ENSG00000277075,blood,79.27,H2AC8:HGNC:4724,clustered,76.65064516129033
H2AC8,human,Homo sapiens,ENSG00000277075,blood,79.54,H2AC8:HGNC:4724,clustered,76.65064516129033
H2AC8,human,Homo sapiens,ENSG00000277075,blood,75.25,H2AC8:HGNC:4724,clustered,76.65064516129033
H2AC8,human,Homo sapiens,ENSG00000277075,blood,79.43,H2AC8:HGNC:4724,clustered,76.65064516129033
H2AC8,human,Homo sapiens,ENSG00000277075,blood,78.37,H2AC8:HGNC:4724,clustered,76.65064516129033
H2AC8,human,Homo sapiens,ENSG00000277075,blood,81.87,H2AC8:HGNC:4724,clustered,76.65064516129033
H2AC8,human,Homo sapiens,ENSG00000277075,blood,73.84,H2AC8:HGNC:4724,clustered,76.65064516129033
H2AC8,human,Homo sapiens,ENSG00000277075,blood,89.7,H2AC8:HGNC:4724,clustered,76.65064516129033
H2AC8,human,Homo sapiens,ENSG00000277075,blood,73.77,H2AC8:HGNC:4724,clustered,76.65064516129033
H2AC8,human,Homo sapiens,ENSG00000277075,blood,65.89,H2AC8:HGNC:4724,clustered,76.65064516129033
H2AC8,human,Homo sapiens,ENSG00000277075,blood,70.65,H2AC8:HGNC:4724,clustered,76.65064516129033
H2AC8,human,Homo sapiens,ENSG00000277075,blood,76.45,H2AC8:HGNC:4724,clustered,76.65064516129033
H2AC8,human,Homo sapiens,ENSG00000277075,blood,82.5,H2AC8:HGNC:4724,clustered,76.65064516129033
H2AC8,human,Homo sapiens,ENSG00000277075,blood,77.76,H2AC8:HGNC:4724,clustered,76.65064516129033
H2AC8,human,Homo sapiens,ENSG00000277075,blood,79.72,H2AC8:HGNC:4724,clustered,76.65064516129033
H2AC8,human,Homo sapiens,ENSG00000277075,blood,77.52,H2AC8:HGNC:4724,clustered,76.65064516129033
H2AC8,human,Homo sapiens,ENSG00000277075,blood,64.16,H2AC8:HGNC:4724,clustered,76.65064516129033
H2AC8,human,Homo sapiens,ENSG00000277075,blood,78.53,H2AC8:HGNC:4724,clustered,76.65064516129033
H2AC8,human,Homo sapiens,ENSG00000277075,blood,78.8,H2AC8:HGNC:4724,clustered,76.65064516129033
H2AC8,human,Homo sapiens,ENSG00000277075,blood,78.55,H2AC8:HGNC:4724,clustered,76.65064516129033
H2AC8,human,Homo sapiens,ENSG00000277075,blood,64.14,H2AC8:HGNC:4724,clustered,76.65064516129033
H2AC8,human,Homo sapiens,ENSG00000277075,colonic mucosa,73.98,H2AC8:HGNC:4724,clustered,61.24666666666667
H2AC8,human,Homo sapiens,ENSG00000277075,colonic mucosa,55.21,H2AC8:HGNC:4724,clustered,61.24666666666667
H2AC8,human,Homo sapiens,ENSG00000277075,colonic mucosa,54.55,H2AC8:HGNC:4724,clustered,61.24666666666667
H2AC8,human,Homo sapiens,ENSG00000277075,colonic epithelium,79.61,H2AC8:HGNC:4724,clustered,79.61
H2AC8,human,Homo sapiens,ENSG00000277075,jejunal mucosa,62.28,H2AC8:HGNC:4724,clustered,62.28
H2AC8,human,Homo sapiens,ENSG00000277075,prefrontal cortex,56.39,H2AC8:HGNC:4724,clustered,59.29571428571428
H2AC8,human,Homo sapiens,ENSG00000277075,prefrontal cortex,56.25,H2AC8:HGNC:4724,clustered,59.29571428571428
H2AC8,human,Homo sapiens,ENSG00000277075,prefrontal cortex,51.26,H2AC8:HGNC:4724,clustered,59.29571428571428
H2AC8,human,Homo sapiens,ENSG00000277075,prefrontal cortex,67.2,H2AC8:HGNC:4724,clustered,59.29571428571428
H2AC8,human,Homo sapiens,ENSG00000277075,prefrontal cortex,59.93,H2AC8:HGNC:4724,clustered,59.29571428571428
H2AC8,human,Homo sapiens,ENSG00000277075,prefrontal cortex,66.52,H2AC8:HGNC:4724,clustered,59.29571428571428
H2AC8,human,Homo sapiens,ENSG00000277075,prefrontal cortex,57.52,H2AC8:HGNC:4724,clustered,59.29571428571428
H2AC8,human,Homo sapiens,ENSG00000277075,endocervix,63.98,H2AC8:HGNC:4724,clustered,66.1
H2AC8,human,Homo sapiens,ENSG00000277075,endocervix,43.8,H2AC8:HGNC:4724,clustered,66.1
H2AC8,human,Homo sapiens,ENSG00000277075,endocervix,90.52,H2AC8:HGNC:4724,clustered,66.1
H2AC8,human,Homo sapiens,ENSG00000277075,material anatomical entity,62.29,H2AC8:HGNC:4724,clustered,62.29
H2AC8,human,Homo sapiens,ENSG00000277075,anatomical system,62.61,H2AC8:HGNC:4724,clustered,71.19
H2AC8,human,Homo sapiens,ENSG00000277075,anatomical system,79.77,H2AC8:HGNC:4724,clustered,71.19
H2AC8,human,Homo sapiens,ENSG00000277075,multicellular organism,62.31,H2AC8:HGNC:4724,clustered,62.31
H2AC8,human,Homo sapiens,ENSG00000277075,testis,76.53,H2AC8:HGNC:4724,clustered,67.59538461538462
H2AC8,human,Homo sapiens,ENSG00000277075,testis,76.98,H2AC8:HGNC:4724,clustered,67.59538461538462
H2AC8,human,Homo sapiens,ENSG00000277075,testis,81.16,H2AC8:HGNC:4724,clustered,67.59538461538462
H2AC8,human,Homo sapiens,ENSG00000277075,testis,62.06,H2AC8:HGNC:4724,clustered,67.59538461538462
H2AC8,human,Homo sapiens,ENSG00000277075,testis,60.24,H2AC8:HGNC:4724,clustered,67.59538461538462
H2AC8,human,Homo sapiens,ENSG00000277075,testis,63.51,H2AC8:HGNC:4724,clustered,67.59538461538462
H2AC8,human,Homo sapiens,ENSG00000277075,testis,56.52,H2AC8:HGNC:4724,clustered,67.59538461538462
H2AC8,human,Homo sapiens,ENSG00000277075,testis,58.88,H2AC8:HGNC:4724,clustered,67.59538461538462
H2AC8,human,Homo sapiens,ENSG00000277075,testis,65.23,H2AC8:HGNC:4724,clustered,67.59538461538462
H2AC8,human,Homo sapiens,ENSG00000277075,testis,63.59,H2AC8:HGNC:4724,clustered,67.59538461538462
H2AC8,human,Homo sapiens,ENSG00000277075,testis,79.72,H2AC8:HGNC:4724,clustered,67.59538461538462
H2AC8,human,Homo sapiens,ENSG00000277075,testis,63.0,H2AC8:HGNC:4724,clustered,67.59538461538462
H2AC8,human,Homo sapiens,ENSG00000277075,testis,71.32,H2AC8:HGNC:4724,clustered,67.59538461538462
H2AC8,human,Homo sapiens,ENSG00000277075,female reproductive system,61.96,H2AC8:HGNC:4724,clustered,61.96
H2AC8,human,Homo sapiens,ENSG00000277075,stomach,99.07,H2AC8:HGNC:4724,clustered,80.13666666666667
H2AC8,human,Homo sapiens,ENSG00000277075,stomach,99.43,H2AC8:HGNC:4724,clustered,80.13666666666667
H2AC8,human,Homo sapiens,ENSG00000277075,stomach,99.07,H2AC8:HGNC:4724,clustered,80.13666666666667
H2AC8,human,Homo sapiens,ENSG00000277075,stomach,99.07,H2AC8:HGNC:4724,clustered,80.13666666666667
H2AC8,human,Homo sapiens,ENSG00000277075,stomach,65.05,H2AC8:HGNC:4724,clustered,80.13666666666667
H2AC8,human,Homo sapiens,ENSG00000277075,stomach,70.98,H2AC8:HGNC:4724,clustered,80.13666666666667
H2AC8,human,Homo sapiens,ENSG00000277075,stomach,64.66,H2AC8:HGNC:4724,clustered,80.13666666666667
H2AC8,human,Homo sapiens,ENSG00000277075,stomach,67.07,H2AC8:HGNC:4724,clustered,80.13666666666667
H2AC8,human,Homo sapiens,ENSG00000277075,stomach,67.57,H2AC8:HGNC:4724,clustered,80.13666666666667
H2AC8,human,Homo sapiens,ENSG00000277075,stomach,65.12,H2AC8:HGNC:4724,clustered,80.13666666666667
H2AC8,human,Homo sapiens,ENSG00000277075,stomach,65.24,H2AC8:HGNC:4724,clustered,80.13666666666667
H2AC8,human,Homo sapiens,ENSG00000277075,stomach,99.31,H2AC8:HGNC:4724,clustered,80.13666666666667
H2AC8,human,Homo sapiens,ENSG00000277075,aorta,61.05,H2AC8:HGNC:4724,clustered,61.33
H2AC8,human,Homo sapiens,ENSG00000277075,aorta,61.61,H2AC8:HGNC:4724,clustered,61.33
H2AC8,human,Homo sapiens,ENSG00000277075,heart,98.7,H2AC8:HGNC:4724,clustered,70.76266666666668
H2AC8,human,Homo sapiens,ENSG00000277075,heart,97.02,H2AC8:HGNC:4724,clustered,70.76266666666668
H2AC8,human,Homo sapiens,ENSG00000277075,heart,61.43,H2AC8:HGNC:4724,clustered,70.76266666666668
H2AC8,human,Homo sapiens,ENSG00000277075,heart,60.55,H2AC8:HGNC:4724,clustered,70.76266666666668
H2AC8,human,Homo sapiens,ENSG00000277075,heart,58.77,H2AC8:HGNC:4724,clustered,70.76266666666668
H2AC8,human,Homo sapiens,ENSG00000277075,heart,66.96,H2AC8:HGNC:4724,clustered,70.76266666666668
H2AC8,human,Homo sapiens,ENSG00000277075,heart,65.25,H2AC8:HGNC:4724,clustered,70.76266666666668
H2AC8,human,Homo sapiens,ENSG00000277075,heart,66.57,H2AC8:HGNC:4724,clustered,70.76266666666668
H2AC8,human,Homo sapiens,ENSG00000277075,heart,67.4,H2AC8:HGNC:4724,clustered,70.76266666666668
H2AC8,human,Homo sapiens,ENSG00000277075,heart,71.51,H2AC8:HGNC:4724,clustered,70.76266666666668
H2AC8,human,Homo sapiens,ENSG00000277075,heart,69.52,H2AC8:HGNC:4724,clustered,70.76266666666668
H2AC8,human,Homo sapiens,ENSG00000277075,heart,72.26,H2AC8:HGNC:4724,clustered,70.76266666666668
H2AC8,human,Homo sapiens,ENSG00000277075,heart,67.33,H2AC8:HGNC:4724,clustered,70.76266666666668
H2AC8,human,Homo sapiens,ENSG00000277075,heart,67.05,H2AC8:HGNC:4724,clustered,70.76266666666668
H2AC8,human,Homo sapiens,ENSG00000277075,heart,71.12,H2AC8:HGNC:4724,clustered,70.76266666666668
H2AC8,human,Homo sapiens,ENSG00000277075,brain,50.65,H2AC8:HGNC:4724,clustered,54.24578947368421
H2AC8,human,Homo sapiens,ENSG00000277075,brain,42.86,H2AC8:HGNC:4724,clustered,54.24578947368421
H2AC8,human,Homo sapiens,ENSG00000277075,brain,52.48,H2AC8:HGNC:4724,clustered,54.24578947368421
H2AC8,human,Homo sapiens,ENSG00000277075,brain,53.12,H2AC8:HGNC:4724,clustered,54.24578947368421
H2AC8,human,Homo sapiens,ENSG00000277075,brain,58.68,H2AC8:HGNC:4724,clustered,54.24578947368421
H2AC8,human,Homo sapiens,ENSG00000277075,brain,57.09,H2AC8:HGNC:4724,clustered,54.24578947368421
H2AC8,human,Homo sapiens,ENSG00000277075,brain,56.88,H2AC8:HGNC:4724,clustered,54.24578947368421
H2AC8,human,Homo sapiens,ENSG00000277075,brain,62.53,H2AC8:HGNC:4724,clustered,54.24578947368421
H2AC8,human,Homo sapiens,ENSG00000277075,brain,59.81,H2AC8:HGNC:4724,clustered,54.24578947368421
H2AC8,human,Homo sapiens,ENSG00000277075,brain,53.67,H2AC8:HGNC:4724,clustered,54.24578947368421
H2AC8,human,Homo sapiens,ENSG00000277075,brain,48.25,H2AC8:HGNC:4724,clustered,54.24578947368421
H2AC8,human,Homo sapiens,ENSG00000277075,brain,58.02,H2AC8:HGNC:4724,clustered,54.24578947368421
H2AC8,human,Homo sapiens,ENSG00000277075,brain,43.88,H2AC8:HGNC:4724,clustered,54.24578947368421
H2AC8,human,Homo sapiens,ENSG00000277075,brain,46.26,H2AC8:HGNC:4724,clustered,54.24578947368421
H2AC8,human,Homo sapiens,ENSG00000277075,brain,50.6,H2AC8:HGNC:4724,clustered,54.24578947368421
H2AC8,human,Homo sapiens,ENSG00000277075,brain,56.53,H2AC8:HGNC:4724,clustered,54.24578947368421
H2AC8,human,Homo sapiens,ENSG00000277075,brain,56.53,H2AC8:HGNC:4724,clustered,54.24578947368421
H2AC8,human,Homo sapiens,ENSG00000277075,brain,57.23,H2AC8:HGNC:4724,clustered,54.24578947368421
H2AC8,human,Homo sapiens,ENSG00000277075,brain,65.6,H2AC8:HGNC:4724,clustered,54.24578947368421
H2AC8,human,Homo sapiens,ENSG00000277075,cerebral cortex,63.25,H2AC8:HGNC:4724,clustered,54.215555555555554
H2AC8,human,Homo sapiens,ENSG00000277075,cerebral cortex,69.78,H2AC8:HGNC:4724,clustered,54.215555555555554
H2AC8,human,Homo sapiens,ENSG00000277075,cerebral cortex,45.74,H2AC8:HGNC:4724,clustered,54.215555555555554
H2AC8,human,Homo sapiens,ENSG00000277075,cerebral cortex,51.28,H2AC8:HGNC:4724,clustered,54.215555555555554
H2AC8,human,Homo sapiens,ENSG00000277075,cerebral cortex,42.66,H2AC8:HGNC:4724,clustered,54.215555555555554
H2AC8,human,Homo sapiens,ENSG00000277075,cerebral cortex,55.74,H2AC8:HGNC:4724,clustered,54.215555555555554
H2AC8,human,Homo sapiens,ENSG00000277075,cerebral cortex,49.34,H2AC8:HGNC:4724,clustered,54.215555555555554
H2AC8,human,Homo sapiens,ENSG00000277075,cerebral cortex,55.61,H2AC8:HGNC:4724,clustered,54.215555555555554
H2AC8,human,Homo sapiens,ENSG00000277075,cerebral cortex,54.54,H2AC8:HGNC:4724,clustered,54.215555555555554
H2AC8,human,Homo sapiens,ENSG00000277075,penis,61.97,H2AC8:HGNC:4724,clustered,61.97
H2AC8,human,Homo sapiens,ENSG00000277075,ovary,87.56,H2AC8:HGNC:4724,clustered,71.80636363636364
H2AC8,human,Homo sapiens,ENSG00000277075,ovary,87.55,H2AC8:HGNC:4724,clustered,71.80636363636364
H2AC8,human,Homo sapiens,ENSG00000277075,ovary,85.15,H2AC8:HGNC:4724,clustered,71.80636363636364
H2AC8,human,Homo sapiens,ENSG00000277075,ovary,63.15,H2AC8:HGNC:4724,clustered,71.80636363636364
H2AC8,human,Homo sapiens,ENSG00000277075,ovary,67.01,H2AC8:HGNC:4724,clustered,71.80636363636364
H2AC8,human,Homo sapiens,ENSG00000277075,ovary,56.86,H2AC8:HGNC:4724,clustered,71.80636363636364
H2AC8,human,Homo sapiens,ENSG00000277075,ovary,63.96,H2AC8:HGNC:4724,clustered,71.80636363636364
H2AC8,human,Homo sapiens,ENSG00000277075,ovary,65.64,H2AC8:HGNC:4724,clustered,71.80636363636364
H2AC8,human,Homo sapiens,ENSG00000277075,ovary,65.38,H2AC8:HGNC:4724,clustered,71.80636363636364
H2AC8,human,Homo sapiens,ENSG00000277075,ovary,83.18,H2AC8:HGNC:4724,clustered,71.80636363636364
H2AC8,human,Homo sapiens,ENSG00000277075,ovary,64.43,H2AC8:HGNC:4724,clustered,71.80636363636364
H2AC8,human,Homo sapiens,ENSG00000277075,uterus,56.29,H2AC8:HGNC:4724,clustered,56.31
H2AC8,human,Homo sapiens,ENSG00000277075,uterus,56.33,H2AC8:HGNC:4724,clustered,56.31
H2AC8,human,Homo sapiens,ENSG00000277075,vagina,75.77,H2AC8:HGNC:4724,clustered,72.46916666666667
H2AC8,human,Homo sapiens,ENSG00000277075,vagina,61.08,H2AC8:HGNC:4724,clustered,72.46916666666667
H2AC8,human,Homo sapiens,ENSG00000277075,vagina,77.48,H2AC8:HGNC:4724,clustered,72.46916666666667
H2AC8,human,Homo sapiens,ENSG00000277075,vagina,71.65,H2AC8:HGNC:4724,clustered,72.46916666666667
H2AC8,human,Homo sapiens,ENSG00000277075,vagina,68.55,H2AC8:HGNC:4724,clustered,72.46916666666667
H2AC8,human,Homo sapiens,ENSG00000277075,vagina,76.07,H2AC8:HGNC:4724,clustered,72.46916666666667
H2AC8,human,Homo sapiens,ENSG00000277075,vagina,75.64,H2AC8:HGNC:4724,clustered,72.46916666666667
H2AC8,human,Homo sapiens,ENSG00000277075,vagina,68.77,H2AC8:HGNC:4724,clustered,72.46916666666667
H2AC8,human,Homo sapiens,ENSG00000277075,vagina,70.93,H2AC8:HGNC:4724,clustered,72.46916666666667
H2AC8,human,Homo sapiens,ENSG00000277075,vagina,72.92,H2AC8:HGNC:4724,clustered,72.46916666666667
H2AC8,human,Homo sapiens,ENSG00000277075,vagina,75.99,H2AC8:HGNC:4724,clustered,72.46916666666667
H2AC8,human,Homo sapiens,ENSG00000277075,vagina,74.78,H2AC8:HGNC:4724,clustered,72.46916666666667
H2AC8,human,Homo sapiens,ENSG00000277075,adipose tissue,54.6,H2AC8:HGNC:4724,clustered,52.031000000000006
H2AC8,human,Homo sapiens,ENSG00000277075,adipose tissue,51.13,H2AC8:HGNC:4724,clustered,52.031000000000006
H2AC8,human,Homo sapiens,ENSG00000277075,adipose tissue,53.18,H2AC8:HGNC:4724,clustered,52.031000000000006
H2AC8,human,Homo sapiens,ENSG00000277075,adipose tissue,51.82,H2AC8:HGNC:4724,clustered,52.031000000000006
H2AC8,human,Homo sapiens,ENSG00000277075,adipose tissue,51.52,H2AC8:HGNC:4724,clustered,52.031000000000006
H2AC8,human,Homo sapiens,ENSG00000277075,adipose tissue,49.34,H2AC8:HGNC:4724,clustered,52.031000000000006
H2AC8,human,Homo sapiens,ENSG00000277075,adipose tissue,49.03,H2AC8:HGNC:4724,clustered,52.031000000000006
H2AC8,human,Homo sapiens,ENSG00000277075,adipose tissue,58.6,H2AC8:HGNC:4724,clustered,52.031000000000006
H2AC8,human,Homo sapiens,ENSG00000277075,adipose tissue,51.7,H2AC8:HGNC:4724,clustered,52.031000000000006
H2AC8,human,Homo sapiens,ENSG00000277075,adipose tissue,49.39,H2AC8:HGNC:4724,clustered,52.031000000000006
H2AC8,human,Homo sapiens,ENSG00000277075,central nervous system,57.1,H2AC8:HGNC:4724,clustered,57.1
H2AC8,human,Homo sapiens,ENSG00000277075,esophagus,67.28,H2AC8:HGNC:4724,clustered,66.75428571428571
H2AC8,human,Homo sapiens,ENSG00000277075,esophagus,62.96,H2AC8:HGNC:4724,clustered,66.75428571428571
H2AC8,human,Homo sapiens,ENSG00000277075,esophagus,66.02,H2AC8:HGNC:4724,clustered,66.75428571428571
H2AC8,human,Homo sapiens,ENSG00000277075,esophagus,67.21,H2AC8:HGNC:4724,clustered,66.75428571428571
H2AC8,human,Homo sapiens,ENSG00000277075,esophagus,68.01,H2AC8:HGNC:4724,clustered,66.75428571428571
H2AC8,human,Homo sapiens,ENSG00000277075,esophagus,67.89,H2AC8:HGNC:4724,clustered,66.75428571428571
H2AC8,human,Homo sapiens,ENSG00000277075,esophagus,67.91,H2AC8:HGNC:4724,clustered,66.75428571428571
H2AC8,human,Homo sapiens,ENSG00000277075,saliva-secreting gland,64.32,H2AC8:HGNC:4724,clustered,63.612
H2AC8,human,Homo sapiens,ENSG00000277075,saliva-secreting gland,54.05,H2AC8:HGNC:4724,clustered,63.612
H2AC8,human,Homo sapiens,ENSG00000277075,saliva-secreting gland,67.73,H2AC8:HGNC:4724,clustered,63.612
H2AC8,human,Homo sapiens,ENSG00000277075,saliva-secreting gland,65.88,H2AC8:HGNC:4724,clustered,63.612
H2AC8,human,Homo sapiens,ENSG00000277075,saliva-secreting gland,66.08,H2AC8:HGNC:4724,clustered,63.612
H2AC8,human,Homo sapiens,ENSG00000277075,rectum,64.0,H2AC8:HGNC:4724,clustered,64.0
H2AC8,human,Homo sapiens,ENSG00000277075,rectum,64.0,H2AC8:HGNC:4724,clustered,64.0
H2AC8,human,Homo sapiens,ENSG00000277075,right lobe of liver,57.76,H2AC8:HGNC:4724,clustered,67.58777777777777
H2AC8,human,Homo sapiens,ENSG00000277075,right lobe of liver,75.16,H2AC8:HGNC:4724,clustered,67.58777777777777
H2AC8,human,Homo sapiens,ENSG00000277075,right lobe of liver,78.94,H2AC8:HGNC:4724,clustered,67.58777777777777
H2AC8,human,Homo sapiens,ENSG00000277075,right lobe of liver,66.96,H2AC8:HGNC:4724,clustered,67.58777777777777
H2AC8,human,Homo sapiens,ENSG00000277075,right lobe of liver,71.63,H2AC8:HGNC:4724,clustered,67.58777777777777
H2AC8,human,Homo sapiens,ENSG00000277075,right lobe of liver,68.48,H2AC8:HGNC:4724,clustered,67.58777777777777
H2AC8,human,Homo sapiens,ENSG00000277075,right lobe of liver,72.59,H2AC8:HGNC:4724,clustered,67.58777777777777
H2AC8,human,Homo sapiens,ENSG00000277075,right lobe of liver,47.75,H2AC8:HGNC:4724,clustered,67.58777777777777
H2AC8,human,Homo sapiens,ENSG00000277075,right lobe of liver,69.02,H2AC8:HGNC:4724,clustered,67.58777777777777
H2AC8,human,Homo sapiens,ENSG00000277075,right lobe of thyroid gland,71.8,H2AC8:HGNC:4724,clustered,69.48625
H2AC8,human,Homo sapiens,ENSG00000277075,right lobe of thyroid gland,66.67,H2AC8:HGNC:4724,clustered,69.48625
H2AC8,human,Homo sapiens,ENSG00000277075,right lobe of thyroid gland,67.73,H2AC8:HGNC:4724,clustered,69.48625
H2AC8,human,Homo sapiens,ENSG00000277075,right lobe of thyroid gland,74.26,H2AC8:HGNC:4724,clustered,69.48625
H2AC8,human,Homo sapiens,ENSG00000277075,right lobe of thyroid gland,63.53,H2AC8:HGNC:4724,clustered,69.48625
H2AC8,human,Homo sapiens,ENSG00000277075,right lobe of thyroid gland,67.15,H2AC8:HGNC:4724,clustered,69.48625
H2AC8,human,Homo sapiens,ENSG00000277075,right lobe of thyroid gland,73.15,H2AC8:HGNC:4724,clustered,69.48625
H2AC8,human,Homo sapiens,ENSG00000277075,right lobe of thyroid gland,71.6,H2AC8:HGNC:4724,clustered,69.48625
H2AC8,human,Homo sapiens,ENSG00000277075,left lobe of thyroid gland,67.47,H2AC8:HGNC:4724,clustered,69.99545454545455
H2AC8,human,Homo sapiens,ENSG00000277075,left lobe of thyroid gland,71.26,H2AC8:HGNC:4724,clustered,69.99545454545455
H2AC8,human,Homo sapiens,ENSG00000277075,left lobe of thyroid gland,62.65,H2AC8:HGNC:4724,clustered,69.99545454545455
H2AC8,human,Homo sapiens,ENSG00000277075,left lobe of thyroid gland,70.26,H2AC8:HGNC:4724,clustered,69.99545454545455
H2AC8,human,Homo sapiens,ENSG00000277075,left lobe of thyroid gland,69.18,H2AC8:HGNC:4724,clustered,69.99545454545455
H2AC8,human,Homo sapiens,ENSG00000277075,left lobe of thyroid gland,69.34,H2AC8:HGNC:4724,clustered,69.99545454545455
H2AC8,human,Homo sapiens,ENSG00000277075,left lobe of thyroid gland,70.52,H2AC8:HGNC:4724,clustered,69.99545454545455
H2AC8,human,Homo sapiens,ENSG00000277075,left lobe of thyroid gland,70.83,H2AC8:HGNC:4724,clustered,69.99545454545455
H2AC8,human,Homo sapiens,ENSG00000277075,left lobe of thyroid gland,72.28,H2AC8:HGNC:4724,clustered,69.99545454545455
H2AC8,human,Homo sapiens,ENSG00000277075,left lobe of thyroid gland,73.1,H2AC8:HGNC:4724,clustered,69.99545454545455
H2AC8,human,Homo sapiens,ENSG00000277075,left lobe of thyroid gland,73.06,H2AC8:HGNC:4724,clustered,69.99545454545455
H2AC8,human,Homo sapiens,ENSG00000277075,smooth muscle tissue,48.45,H2AC8:HGNC:4724,clustered,48.45
H2AC8,human,Homo sapiens,ENSG00000277075,body of pancreas,48.76,H2AC8:HGNC:4724,clustered,45.53777777777778
H2AC8,human,Homo sapiens,ENSG00000277075,body of pancreas,54.14,H2AC8:HGNC:4724,clustered,45.53777777777778
H2AC8,human,Homo sapiens,ENSG00000277075,body of pancreas,44.39,H2AC8:HGNC:4724,clustered,45.53777777777778
H2AC8,human,Homo sapiens,ENSG00000277075,body of pancreas,46.48,H2AC8:HGNC:4724,clustered,45.53777777777778
H2AC8,human,Homo sapiens,ENSG00000277075,body of pancreas,47.46,H2AC8:HGNC:4724,clustered,45.53777777777778
H2AC8,human,Homo sapiens,ENSG00000277075,body of pancreas,35.97,H2AC8:HGNC:4724,clustered,45.53777777777778
H2AC8,human,Homo sapiens,ENSG00000277075,body of pancreas,46.99,H2AC8:HGNC:4724,clustered,45.53777777777778
H2AC8,human,Homo sapiens,ENSG00000277075,body of pancreas,39.49,H2AC8:HGNC:4724,clustered,45.53777777777778
H2AC8,human,Homo sapiens,ENSG00000277075,body of pancreas,46.16,H2AC8:HGNC:4724,clustered,45.53777777777778
H2AC8,human,Homo sapiens,ENSG00000277075,vermiform appendix,62.59,H2AC8:HGNC:4724,clustered,62.59
H2AC8,human,Homo sapiens,ENSG00000277075,colon,99.2,H2AC8:HGNC:4724,clustered,73.280625
H2AC8,human,Homo sapiens,ENSG00000277075,colon,99.03,H2AC8:HGNC:4724,clustered,73.280625
H2AC8,human,Homo sapiens,ENSG00000277075,colon,69.89,H2AC8:HGNC:4724,clustered,73.280625
H2AC8,human,Homo sapiens,ENSG00000277075,colon,66.93,H2AC8:HGNC:4724,clustered,73.280625
H2AC8,human,Homo sapiens,ENSG00000277075,colon,70.2,H2AC8:HGNC:4724,clustered,73.280625
H2AC8,human,Homo sapiens,ENSG00000277075,colon,68.73,H2AC8:HGNC:4724,clustered,73.280625
H2AC8,human,Homo sapiens,ENSG00000277075,colon,69.72,H2AC8:HGNC:4724,clustered,73.280625
H2AC8,human,Homo sapiens,ENSG00000277075,colon,72.93,H2AC8:HGNC:4724,clustered,73.280625
H2AC8,human,Homo sapiens,ENSG00000277075,colon,66.58,H2AC8:HGNC:4724,clustered,73.280625
H2AC8,human,Homo sapiens,ENSG00000277075,colon,66.79,H2AC8:HGNC:4724,clustered,73.280625
H2AC8,human,Homo sapiens,ENSG00000277075,colon,81.06,H2AC8:HGNC:4724,clustered,73.280625
H2AC8,human,Homo sapiens,ENSG00000277075,colon,67.59,H2AC8:HGNC:4724,clustered,73.280625
H2AC8,human,Homo sapiens,ENSG00000277075,colon,69.96,H2AC8:HGNC:4724,clustered,73.280625
H2AC8,human,Homo sapiens,ENSG00000277075,colon,67.05,H2AC8:HGNC:4724,clustered,73.280625
H2AC8,human,Homo sapiens,ENSG00000277075,colon,67.63,H2AC8:HGNC:4724,clustered,73.280625
H2AC8,human,Homo sapiens,ENSG00000277075,colon,69.2,H2AC8:HGNC:4724,clustered,73.280625
H2AC8,human,Homo sapiens,ENSG00000277075,transverse colon,74.89,H2AC8:HGNC:4724,clustered,70.314
H2AC8,human,Homo sapiens,ENSG00000277075,transverse colon,70.83,H2AC8:HGNC:4724,clustered,70.314
H2AC8,human,Homo sapiens,ENSG00000277075,transverse colon,64.27,H2AC8:HGNC:4724,clustered,70.314
H2AC8,human,Homo sapiens,ENSG00000277075,transverse colon,68.03,H2AC8:HGNC:4724,clustered,70.314
H2AC8,human,Homo sapiens,ENSG00000277075,transverse colon,70.66,H2AC8:HGNC:4724,clustered,70.314
H2AC8,human,Homo sapiens,ENSG00000277075,transverse colon,71.52,H2AC8:HGNC:4724,clustered,70.314
H2AC8,human,Homo sapiens,ENSG00000277075,transverse colon,73.91,H2AC8:HGNC:4724,clustered,70.314
H2AC8,human,Homo sapiens,ENSG00000277075,transverse colon,72.6,H2AC8:HGNC:4724,clustered,70.314
H2AC8,human,Homo sapiens,ENSG00000277075,transverse colon,70.97,H2AC8:HGNC:4724,clustered,70.314
H2AC8,human,Homo sapiens,ENSG00000277075,transverse colon,65.46,H2AC8:HGNC:4724,clustered,70.314
H2AC8,human,Homo sapiens,ENSG00000277075,sigmoid colon,67.48,H2AC8:HGNC:4724,clustered,65.6375
H2AC8,human,Homo sapiens,ENSG00000277075,sigmoid colon,63.04,H2AC8:HGNC:4724,clustered,65.6375
H2AC8,human,Homo sapiens,ENSG00000277075,sigmoid colon,64.0,H2AC8:HGNC:4724,clustered,65.6375
H2AC8,human,Homo sapiens,ENSG00000277075,sigmoid colon,68.03,H2AC8:HGNC:4724,clustered,65.6375
H2AC8,human,Homo sapiens,ENSG00000277075,fundus of stomach,60.3,H2AC8:HGNC:4724,clustered,63.675
H2AC8,human,Homo sapiens,ENSG00000277075,fundus of stomach,65.49,H2AC8:HGNC:4724,clustered,63.675
H2AC8,human,Homo sapiens,ENSG00000277075,fundus of stomach,75.23,H2AC8:HGNC:4724,clustered,63.675
H2AC8,human,Homo sapiens,ENSG00000277075,fundus of stomach,53.68,H2AC8:HGNC:4724,clustered,63.675
H2AC8,human,Homo sapiens,ENSG00000277075,body of stomach,63.68,H2AC8:HGNC:4724,clustered,66.13818181818182
H2AC8,human,Homo sapiens,ENSG00000277075,body of stomach,63.56,H2AC8:HGNC:4724,clustered,66.13818181818182
H2AC8,human,Homo sapiens,ENSG00000277075,body of stomach,81.44,H2AC8:HGNC:4724,clustered,66.13818181818182
H2AC8,human,Homo sapiens,ENSG00000277075,body of stomach,67.0,H2AC8:HGNC:4724,clustered,66.13818181818182
H2AC8,human,Homo sapiens,ENSG00000277075,body of stomach,62.94,H2AC8:HGNC:4724,clustered,66.13818181818182
H2AC8,human,Homo sapiens,ENSG00000277075,body of stomach,62.95,H2AC8:HGNC:4724,clustered,66.13818181818182
H2AC8,human,Homo sapiens,ENSG00000277075,body of stomach,65.53,H2AC8:HGNC:4724,clustered,66.13818181818182
H2AC8,human,Homo sapiens,ENSG00000277075,body of stomach,65.65,H2AC8:HGNC:4724,clustered,66.13818181818182
H2AC8,human,Homo sapiens,ENSG00000277075,body of stomach,63.2,H2AC8:HGNC:4724,clustered,66.13818181818182
H2AC8,human,Homo sapiens,ENSG00000277075,body of stomach,64.47,H2AC8:HGNC:4724,clustered,66.13818181818182
H2AC8,human,Homo sapiens,ENSG00000277075,body of stomach,67.1,H2AC8:HGNC:4724,clustered,66.13818181818182
H2AC8,human,Homo sapiens,ENSG00000277075,pylorus,73.84,H2AC8:HGNC:4724,clustered,73.84
H2AC8,human,Homo sapiens,ENSG00000277075,mucosa of stomach,60.01,H2AC8:HGNC:4724,clustered,60.01
H2AC8,human,Homo sapiens,ENSG00000277075,cortex of kidney,56.87,H2AC8:HGNC:4724,clustered,59.08
H2AC8,human,Homo sapiens,ENSG00000277075,cortex of kidney,61.29,H2AC8:HGNC:4724,clustered,59.08
H2AC8,human,Homo sapiens,ENSG00000277075,right adrenal gland,73.0,H2AC8:HGNC:4724,clustered,71.646
H2AC8,human,Homo sapiens,ENSG00000277075,right adrenal gland,70.08,H2AC8:HGNC:4724,clustered,71.646
H2AC8,human,Homo sapiens,ENSG00000277075,right adrenal gland,75.04,H2AC8:HGNC:4724,clustered,71.646
H2AC8,human,Homo sapiens,ENSG00000277075,right adrenal gland,72.28,H2AC8:HGNC:4724,clustered,71.646
H2AC8,human,Homo sapiens,ENSG00000277075,right adrenal gland,67.83,H2AC8:HGNC:4724,clustered,71.646
H2AC8,human,Homo sapiens,ENSG00000277075,left adrenal gland,70.5,H2AC8:HGNC:4724,clustered,69.25
H2AC8,human,Homo sapiens,ENSG00000277075,left adrenal gland,75.65,H2AC8:HGNC:4724,clustered,69.25
H2AC8,human,Homo sapiens,ENSG00000277075,left adrenal gland,69.35,H2AC8:HGNC:4724,clustered,69.25
H2AC8,human,Homo sapiens,ENSG00000277075,left adrenal gland,65.31,H2AC8:HGNC:4724,clustered,69.25
H2AC8,human,Homo sapiens,ENSG00000277075,left adrenal gland,70.27,H2AC8:HGNC:4724,clustered,69.25
H2AC8,human,Homo sapiens,ENSG00000277075,left adrenal gland,68.34,H2AC8:HGNC:4724,clustered,69.25
H2AC8,human,Homo sapiens,ENSG00000277075,left adrenal gland,67.39,H2AC8:HGNC:4724,clustered,69.25
H2AC8,human,Homo sapiens,ENSG00000277075,left adrenal gland,67.19,H2AC8:HGNC:4724,clustered,69.25
H2AC8,human,Homo sapiens,ENSG00000277075,adrenal cortex,63.79,H2AC8:HGNC:4724,clustered,63.79
H2AC8,human,Homo sapiens,ENSG00000277075,urinary bladder,59.77,H2AC8:HGNC:4724,clustered,59.75625
H2AC8,human,Homo sapiens,ENSG00000277075,urinary bladder,66.2,H2AC8:HGNC:4724,clustered,59.75625
H2AC8,human,Homo sapiens,ENSG00000277075,urinary bladder,60.65,H2AC8:HGNC:4724,clustered,59.75625
H2AC8,human,Homo sapiens,ENSG00000277075,urinary bladder,62.96,H2AC8:HGNC:4724,clustered,59.75625
H2AC8,human,Homo sapiens,ENSG00000277075,urinary bladder,61.92,H2AC8:HGNC:4724,clustered,59.75625
H2AC8,human,Homo sapiens,ENSG00000277075,urinary bladder,53.46,H2AC8:HGNC:4724,clustered,59.75625
H2AC8,human,Homo sapiens,ENSG00000277075,urinary bladder,60.32,H2AC8:HGNC:4724,clustered,59.75625
H2AC8,human,Homo sapiens,ENSG00000277075,urinary bladder,52.77,H2AC8:HGNC:4724,clustered,59.75625
H2AC8,human,Homo sapiens,ENSG00000277075,pancreas,51.51,H2AC8:HGNC:4724,clustered,51.075
H2AC8,human,Homo sapiens,ENSG00000277075,pancreas,50.64,H2AC8:HGNC:4724,clustered,51.075
H2AC8,human,Homo sapiens,ENSG00000277075,endometrium,57.21,H2AC8:HGNC:4724,clustered,57.74400000000001
H2AC8,human,Homo sapiens,ENSG00000277075,endometrium,60.25,H2AC8:HGNC:4724,clustered,57.74400000000001
H2AC8,human,Homo sapiens,ENSG00000277075,endometrium,56.73,H2AC8:HGNC:4724,clustered,57.74400000000001
H2AC8,human,Homo sapiens,ENSG00000277075,endometrium,57.24,H2AC8:HGNC:4724,clustered,57.74400000000001
H2AC8,human,Homo sapiens,ENSG00000277075,endometrium,57.29,H2AC8:HGNC:4724,clustered,57.74400000000001
H2AC8,human,Homo sapiens,ENSG00000277075,myometrium,51.72,H2AC8:HGNC:4724,clustered,53.58875
H2AC8,human,Homo sapiens,ENSG00000277075,myometrium,52.35,H2AC8:HGNC:4724,clustered,53.58875
H2AC8,human,Homo sapiens,ENSG00000277075,myometrium,58.24,H2AC8:HGNC:4724,clustered,53.58875
H2AC8,human,Homo sapiens,ENSG00000277075,myometrium,50.14,H2AC8:HGNC:4724,clustered,53.58875
H2AC8,human,Homo sapiens,ENSG00000277075,myometrium,52.93,H2AC8:HGNC:4724,clustered,53.58875
H2AC8,human,Homo sapiens,ENSG00000277075,myometrium,63.81,H2AC8:HGNC:4724,clustered,53.58875
H2AC8,human,Homo sapiens,ENSG00000277075,myometrium,48.23,H2AC8:HGNC:4724,clustered,53.58875
H2AC8,human,Homo sapiens,ENSG00000277075,myometrium,51.29,H2AC8:HGNC:4724,clustered,53.58875
H2AC8,human,Homo sapiens,ENSG00000277075,right uterine tube,84.28,H2AC8:HGNC:4724,clustered,84.28
H2AC8,human,Homo sapiens,ENSG00000277075,left uterine tube,55.55,H2AC8:HGNC:4724,clustered,49.92
H2AC8,human,Homo sapiens,ENSG00000277075,left uterine tube,44.29,H2AC8:HGNC:4724,clustered,49.92
H2AC8,human,Homo sapiens,ENSG00000277075,tibial nerve,60.12,H2AC8:HGNC:4724,clustered,57.83272727272727
H2AC8,human,Homo sapiens,ENSG00000277075,tibial nerve,58.67,H2AC8:HGNC:4724,clustered,57.83272727272727
H2AC8,human,Homo sapiens,ENSG00000277075,tibial nerve,51.44,H2AC8:HGNC:4724,clustered,57.83272727272727
H2AC8,human,Homo sapiens,ENSG00000277075,tibial nerve,61.08,H2AC8:HGNC:4724,clustered,57.83272727272727
H2AC8,human,Homo sapiens,ENSG00000277075,tibial nerve,57.14,H2AC8:HGNC:4724,clustered,57.83272727272727
H2AC8,human,Homo sapiens,ENSG00000277075,tibial nerve,54.86,H2AC8:HGNC:4724,clustered,57.83272727272727
H2AC8,human,Homo sapiens,ENSG00000277075,tibial nerve,57.15,H2AC8:HGNC:4724,clustered,57.83272727272727
H2AC8,human,Homo sapiens,ENSG00000277075,tibial nerve,59.27,H2AC8:HGNC:4724,clustered,57.83272727272727
H2AC8,human,Homo sapiens,ENSG00000277075,tibial nerve,57.17,H2AC8:HGNC:4724,clustered,57.83272727272727
H2AC8,human,Homo sapiens,ENSG00000277075,tibial nerve,59.82,H2AC8:HGNC:4724,clustered,57.83272727272727
H2AC8,human,Homo sapiens,ENSG00000277075,tibial nerve,59.44,H2AC8:HGNC:4724,clustered,57.83272727272727
H2AC8,human,Homo sapiens,ENSG00000277075,muscle of leg,42.81,H2AC8:HGNC:4724,clustered,49.205
H2AC8,human,Homo sapiens,ENSG00000277075,muscle of leg,55.6,H2AC8:HGNC:4724,clustered,49.205
H2AC8,human,Homo sapiens,ENSG00000277075,gastrocnemius,46.44,H2AC8:HGNC:4724,clustered,44.308461538461536
H2AC8,human,Homo sapiens,ENSG00000277075,gastrocnemius,56.48,H2AC8:HGNC:4724,clustered,44.308461538461536
H2AC8,human,Homo sapiens,ENSG00000277075,gastrocnemius,52.88,H2AC8:HGNC:4724,clustered,44.308461538461536
H2AC8,human,Homo sapiens,ENSG00000277075,gastrocnemius,48.87,H2AC8:HGNC:4724,clustered,44.308461538461536
H2AC8,human,Homo sapiens,ENSG00000277075,gastrocnemius,44.85,H2AC8:HGNC:4724,clustered,44.308461538461536
H2AC8,human,Homo sapiens,ENSG00000277075,gastrocnemius,42.65,H2AC8:HGNC:4724,clustered,44.308461538461536
H2AC8,human,Homo sapiens,ENSG00000277075,gastrocnemius,43.21,H2AC8:HGNC:4724,clustered,44.308461538461536
H2AC8,human,Homo sapiens,ENSG00000277075,gastrocnemius,40.63,H2AC8:HGNC:4724,clustered,44.308461538461536
H2AC8,human,Homo sapiens,ENSG00000277075,gastrocnemius,40.69,H2AC8:HGNC:4724,clustered,44.308461538461536
H2AC8,human,Homo sapiens,ENSG00000277075,gastrocnemius,38.52,H2AC8:HGNC:4724,clustered,44.308461538461536
H2AC8,human,Homo sapiens,ENSG00000277075,gastrocnemius,38.35,H2AC8:HGNC:4724,clustered,44.308461538461536
H2AC8,human,Homo sapiens,ENSG00000277075,gastrocnemius,43.16,H2AC8:HGNC:4724,clustered,44.308461538461536
H2AC8,human,Homo sapiens,ENSG00000277075,gastrocnemius,39.28,H2AC8:HGNC:4724,clustered,44.308461538461536
H2AC8,human,Homo sapiens,ENSG00000277075,skin of abdomen,68.51,H2AC8:HGNC:4724,clustered,75.929
H2AC8,human,Homo sapiens,ENSG00000277075,skin of abdomen,76.5,H2AC8:HGNC:4724,clustered,75.929
H2AC8,human,Homo sapiens,ENSG00000277075,skin of abdomen,80.35,H2AC8:HGNC:4724,clustered,75.929
H2AC8,human,Homo sapiens,ENSG00000277075,skin of abdomen,71.65,H2AC8:HGNC:4724,clustered,75.929
H2AC8,human,Homo sapiens,ENSG00000277075,skin of abdomen,74.19,H2AC8:HGNC:4724,clustered,75.929
H2AC8,human,Homo sapiens,ENSG00000277075,skin of abdomen,70.94,H2AC8:HGNC:4724,clustered,75.929
H2AC8,human,Homo sapiens,ENSG00000277075,skin of abdomen,79.57,H2AC8:HGNC:4724,clustered,75.929
H2AC8,human,Homo sapiens,ENSG00000277075,skin of abdomen,73.33,H2AC8:HGNC:4724,clustered,75.929
H2AC8,human,Homo sapiens,ENSG00000277075,skin of abdomen,77.7,H2AC8:HGNC:4724,clustered,75.929
H2AC8,human,Homo sapiens,ENSG00000277075,skin of abdomen,86.55,H2AC8:HGNC:4724,clustered,75.929
H2AC8,human,Homo sapiens,ENSG00000277075,ascending aorta,61.28,H2AC8:HGNC:4724,clustered,63.227
H2AC8,human,Homo sapiens,ENSG00000277075,ascending aorta,66.42,H2AC8:HGNC:4724,clustered,63.227
H2AC8,human,Homo sapiens,ENSG00000277075,ascending aorta,60.93,H2AC8:HGNC:4724,clustered,63.227
H2AC8,human,Homo sapiens,ENSG00000277075,ascending aorta,67.06,H2AC8:HGNC:4724,clustered,63.227
H2AC8,human,Homo sapiens,ENSG00000277075,ascending aorta,62.3,H2AC8:HGNC:4724,clustered,63.227
H2AC8,human,Homo sapiens,ENSG00000277075,ascending aorta,64.26,H2AC8:HGNC:4724,clustered,63.227
H2AC8,human,Homo sapiens,ENSG00000277075,ascending aorta,60.12,H2AC8:HGNC:4724,clustered,63.227
H2AC8,human,Homo sapiens,ENSG00000277075,ascending aorta,62.36,H2AC8:HGNC:4724,clustered,63.227
H2AC8,human,Homo sapiens,ENSG00000277075,ascending aorta,61.45,H2AC8:HGNC:4724,clustered,63.227
H2AC8,human,Homo sapiens,ENSG00000277075,ascending aorta,66.09,H2AC8:HGNC:4724,clustered,63.227
H2AC8,human,Homo sapiens,ENSG00000277075,skin of leg,71.74,H2AC8:HGNC:4724,clustered,71.69333333333334
H2AC8,human,Homo sapiens,ENSG00000277075,skin of leg,75.29,H2AC8:HGNC:4724,clustered,71.69333333333334
H2AC8,human,Homo sapiens,ENSG00000277075,skin of leg,71.25,H2AC8:HGNC:4724,clustered,71.69333333333334
H2AC8,human,Homo sapiens,ENSG00000277075,skin of leg,71.72,H2AC8:HGNC:4724,clustered,71.69333333333334
H2AC8,human,Homo sapiens,ENSG00000277075,skin of leg,70.54,H2AC8:HGNC:4724,clustered,71.69333333333334
H2AC8,human,Homo sapiens,ENSG00000277075,skin of leg,72.78,H2AC8:HGNC:4724,clustered,71.69333333333334
H2AC8,human,Homo sapiens,ENSG00000277075,skin of leg,72.37,H2AC8:HGNC:4724,clustered,71.69333333333334
H2AC8,human,Homo sapiens,ENSG00000277075,skin of leg,73.14,H2AC8:HGNC:4724,clustered,71.69333333333334
H2AC8,human,Homo sapiens,ENSG00000277075,skin of leg,69.93,H2AC8:HGNC:4724,clustered,71.69333333333334
H2AC8,human,Homo sapiens,ENSG00000277075,skin of leg,74.32,H2AC8:HGNC:4724,clustered,71.69333333333334
H2AC8,human,Homo sapiens,ENSG00000277075,skin of leg,62.43,H2AC8:HGNC:4724,clustered,71.69333333333334
H2AC8,human,Homo sapiens,ENSG00000277075,skin of leg,74.81,H2AC8:HGNC:4724,clustered,71.69333333333334
H2AC8,human,Homo sapiens,ENSG00000277075,thoracic aorta,62.13,H2AC8:HGNC:4724,clustered,62.78666666666667
H2AC8,human,Homo sapiens,ENSG00000277075,thoracic aorta,61.53,H2AC8:HGNC:4724,clustered,62.78666666666667
H2AC8,human,Homo sapiens,ENSG00000277075,thoracic aorta,66.0,H2AC8:HGNC:4724,clustered,62.78666666666667
H2AC8,human,Homo sapiens,ENSG00000277075,thoracic aorta,62.03,H2AC8:HGNC:4724,clustered,62.78666666666667
H2AC8,human,Homo sapiens,ENSG00000277075,thoracic aorta,63.7,H2AC8:HGNC:4724,clustered,62.78666666666667
H2AC8,human,Homo sapiens,ENSG00000277075,thoracic aorta,61.33,H2AC8:HGNC:4724,clustered,62.78666666666667
H2AC8,human,Homo sapiens,ENSG00000277075,coronary artery,58.55,H2AC8:HGNC:4724,clustered,58.905
H2AC8,human,Homo sapiens,ENSG00000277075,coronary artery,59.26,H2AC8:HGNC:4724,clustered,58.905
H2AC8,human,Homo sapiens,ENSG00000277075,right coronary artery,62.78,H2AC8:HGNC:4724,clustered,60.879999999999995
H2AC8,human,Homo sapiens,ENSG00000277075,right coronary artery,58.98,H2AC8:HGNC:4724,clustered,60.879999999999995
H2AC8,human,Homo sapiens,ENSG00000277075,left coronary artery,61.5,H2AC8:HGNC:4724,clustered,64.53888888888889
H2AC8,human,Homo sapiens,ENSG00000277075,left coronary artery,62.85,H2AC8:HGNC:4724,clustered,64.53888888888889
H2AC8,human,Homo sapiens,ENSG00000277075,left coronary artery,77.18,H2AC8:HGNC:4724,clustered,64.53888888888889
H2AC8,human,Homo sapiens,ENSG00000277075,left coronary artery,60.8,H2AC8:HGNC:4724,clustered,64.53888888888889
H2AC8,human,Homo sapiens,ENSG00000277075,left coronary artery,68.23,H2AC8:HGNC:4724,clustered,64.53888888888889
H2AC8,human,Homo sapiens,ENSG00000277075,left coronary artery,60.54,H2AC8:HGNC:4724,clustered,64.53888888888889
H2AC8,human,Homo sapiens,ENSG00000277075,left coronary artery,66.17,H2AC8:HGNC:4724,clustered,64.53888888888889
H2AC8,human,Homo sapiens,ENSG00000277075,left coronary artery,61.52,H2AC8:HGNC:4724,clustered,64.53888888888889
H2AC8,human,Homo sapiens,ENSG00000277075,left coronary artery,62.06,H2AC8:HGNC:4724,clustered,64.53888888888889
H2AC8,human,Homo sapiens,ENSG00000277075,minor salivary gland,74.05,H2AC8:HGNC:4724,clustered,71.134
H2AC8,human,Homo sapiens,ENSG00000277075,minor salivary gland,67.72,H2AC8:HGNC:4724,clustered,71.134
H2AC8,human,Homo sapiens,ENSG00000277075,minor salivary gland,72.19,H2AC8:HGNC:4724,clustered,71.134
H2AC8,human,Homo sapiens,ENSG00000277075,minor salivary gland,72.55,H2AC8:HGNC:4724,clustered,71.134
H2AC8,human,Homo sapiens,ENSG00000277075,minor salivary gland,73.12,H2AC8:HGNC:4724,clustered,71.134
H2AC8,human,Homo sapiens,ENSG00000277075,minor salivary gland,67.0,H2AC8:HGNC:4724,clustered,71.134
H2AC8,human,Homo sapiens,ENSG00000277075,minor salivary gland,77.64,H2AC8:HGNC:4724,clustered,71.134
H2AC8,human,Homo sapiens,ENSG00000277075,minor salivary gland,68.71,H2AC8:HGNC:4724,clustered,71.134
H2AC8,human,Homo sapiens,ENSG00000277075,minor salivary gland,67.69,H2AC8:HGNC:4724,clustered,71.134
H2AC8,human,Homo sapiens,ENSG00000277075,minor salivary gland,70.67,H2AC8:HGNC:4724,clustered,71.134
H2AC8,human,Homo sapiens,ENSG00000277075,frontal cortex,54.32,H2AC8:HGNC:4724,clustered,55.65
H2AC8,human,Homo sapiens,ENSG00000277075,frontal cortex,55.84,H2AC8:HGNC:4724,clustered,55.65
H2AC8,human,Homo sapiens,ENSG00000277075,frontal cortex,46.31,H2AC8:HGNC:4724,clustered,55.65
H2AC8,human,Homo sapiens,ENSG00000277075,frontal cortex,52.18,H2AC8:HGNC:4724,clustered,55.65
H2AC8,human,Homo sapiens,ENSG00000277075,frontal cortex,55.01,H2AC8:HGNC:4724,clustered,55.65
H2AC8,human,Homo sapiens,ENSG00000277075,frontal cortex,53.78,H2AC8:HGNC:4724,clustered,55.65
H2AC8,human,Homo sapiens,ENSG00000277075,frontal cortex,59.3,H2AC8:HGNC:4724,clustered,55.65
H2AC8,human,Homo sapiens,ENSG00000277075,frontal cortex,57.99,H2AC8:HGNC:4724,clustered,55.65
H2AC8,human,Homo sapiens,ENSG00000277075,frontal cortex,60.44,H2AC8:HGNC:4724,clustered,55.65
H2AC8,human,Homo sapiens,ENSG00000277075,frontal cortex,54.76,H2AC8:HGNC:4724,clustered,55.65
H2AC8,human,Homo sapiens,ENSG00000277075,frontal cortex,55.88,H2AC8:HGNC:4724,clustered,55.65
H2AC8,human,Homo sapiens,ENSG00000277075,frontal cortex,54.44,H2AC8:HGNC:4724,clustered,55.65
H2AC8,human,Homo sapiens,ENSG00000277075,frontal cortex,55.68,H2AC8:HGNC:4724,clustered,55.65
H2AC8,human,Homo sapiens,ENSG00000277075,frontal cortex,54.71,H2AC8:HGNC:4724,clustered,55.65
H2AC8,human,Homo sapiens,ENSG00000277075,frontal cortex,64.11,H2AC8:HGNC:4724,clustered,55.65
H2AC8,human,Homo sapiens,ENSG00000277075,temporal lobe,43.66,H2AC8:HGNC:4724,clustered,50.041999999999994
H2AC8,human,Homo sapiens,ENSG00000277075,temporal lobe,44.18,H2AC8:HGNC:4724,clustered,50.041999999999994
H2AC8,human,Homo sapiens,ENSG00000277075,temporal lobe,54.54,H2AC8:HGNC:4724,clustered,50.041999999999994
H2AC8,human,Homo sapiens,ENSG00000277075,temporal lobe,57.07,H2AC8:HGNC:4724,clustered,50.041999999999994
H2AC8,human,Homo sapiens,ENSG00000277075,temporal lobe,50.76,H2AC8:HGNC:4724,clustered,50.041999999999994
H2AC8,human,Homo sapiens,ENSG00000277075,caudate nucleus,59.16,H2AC8:HGNC:4724,clustered,60.42
H2AC8,human,Homo sapiens,ENSG00000277075,caudate nucleus,70.84,H2AC8:HGNC:4724,clustered,60.42
H2AC8,human,Homo sapiens,ENSG00000277075,caudate nucleus,59.16,H2AC8:HGNC:4724,clustered,60.42
H2AC8,human,Homo sapiens,ENSG00000277075,caudate nucleus,53.81,H2AC8:HGNC:4724,clustered,60.42
H2AC8,human,Homo sapiens,ENSG00000277075,caudate nucleus,54.49,H2AC8:HGNC:4724,clustered,60.42
H2AC8,human,Homo sapiens,ENSG00000277075,caudate nucleus,60.85,H2AC8:HGNC:4724,clustered,60.42
H2AC8,human,Homo sapiens,ENSG00000277075,caudate nucleus,63.39,H2AC8:HGNC:4724,clustered,60.42
H2AC8,human,Homo sapiens,ENSG00000277075,caudate nucleus,65.72,H2AC8:HGNC:4724,clustered,60.42
H2AC8,human,Homo sapiens,ENSG00000277075,caudate nucleus,58.38,H2AC8:HGNC:4724,clustered,60.42
H2AC8,human,Homo sapiens,ENSG00000277075,caudate nucleus,58.4,H2AC8:HGNC:4724,clustered,60.42
H2AC8,human,Homo sapiens,ENSG00000277075,putamen,44.38,H2AC8:HGNC:4724,clustered,58.475
H2AC8,human,Homo sapiens,ENSG00000277075,putamen,59.61,H2AC8:HGNC:4724,clustered,58.475
H2AC8,human,Homo sapiens,ENSG00000277075,putamen,62.01,H2AC8:HGNC:4724,clustered,58.475
H2AC8,human,Homo sapiens,ENSG00000277075,putamen,57.12,H2AC8:HGNC:4724,clustered,58.475
H2AC8,human,Homo sapiens,ENSG00000277075,putamen,58.47,H2AC8:HGNC:4724,clustered,58.475
H2AC8,human,Homo sapiens,ENSG00000277075,putamen,59.85,H2AC8:HGNC:4724,clustered,58.475
H2AC8,human,Homo sapiens,ENSG00000277075,putamen,59.94,H2AC8:HGNC:4724,clustered,58.475
H2AC8,human,Homo sapiens,ENSG00000277075,putamen,66.41,H2AC8:HGNC:4724,clustered,58.475
H2AC8,human,Homo sapiens,ENSG00000277075,putamen,58.28,H2AC8:HGNC:4724,clustered,58.475
H2AC8,human,Homo sapiens,ENSG00000277075,putamen,58.68,H2AC8:HGNC:4724,clustered,58.475
H2AC8,human,Homo sapiens,ENSG00000277075,globus pallidus,61.63,H2AC8:HGNC:4724,clustered,61.63
H2AC8,human,Homo sapiens,ENSG00000277075,amygdala,45.56,H2AC8:HGNC:4724,clustered,57.315
H2AC8,human,Homo sapiens,ENSG00000277075,amygdala,46.29,H2AC8:HGNC:4724,clustered,57.315
H2AC8,human,Homo sapiens,ENSG00000277075,amygdala,63.52,H2AC8:HGNC:4724,clustered,57.315
H2AC8,human,Homo sapiens,ENSG00000277075,amygdala,58.86,H2AC8:HGNC:4724,clustered,57.315
H2AC8,human,Homo sapiens,ENSG00000277075,amygdala,55.7,H2AC8:HGNC:4724,clustered,57.315
H2AC8,human,Homo sapiens,ENSG00000277075,amygdala,62.7,H2AC8:HGNC:4724,clustered,57.315
H2AC8,human,Homo sapiens,ENSG00000277075,amygdala,61.65,H2AC8:HGNC:4724,clustered,57.315
H2AC8,human,Homo sapiens,ENSG00000277075,amygdala,62.93,H2AC8:HGNC:4724,clustered,57.315
H2AC8,human,Homo sapiens,ENSG00000277075,amygdala,57.96,H2AC8:HGNC:4724,clustered,57.315
H2AC8,human,Homo sapiens,ENSG00000277075,amygdala,57.98,H2AC8:HGNC:4724,clustered,57.315
H2AC8,human,Homo sapiens,ENSG00000277075,nucleus accumbens,45.22,H2AC8:HGNC:4724,clustered,57.64545454545455
H2AC8,human,Homo sapiens,ENSG00000277075,nucleus accumbens,54.27,H2AC8:HGNC:4724,clustered,57.64545454545455
H2AC8,human,Homo sapiens,ENSG00000277075,nucleus accumbens,59.46,H2AC8:HGNC:4724,clustered,57.64545454545455
H2AC8,human,Homo sapiens,ENSG00000277075,nucleus accumbens,64.7,H2AC8:HGNC:4724,clustered,57.64545454545455
H2AC8,human,Homo sapiens,ENSG00000277075,nucleus accumbens,54.22,H2AC8:HGNC:4724,clustered,57.64545454545455
H2AC8,human,Homo sapiens,ENSG00000277075,nucleus accumbens,53.37,H2AC8:HGNC:4724,clustered,57.64545454545455
H2AC8,human,Homo sapiens,ENSG00000277075,nucleus accumbens,62.61,H2AC8:HGNC:4724,clustered,57.64545454545455
H2AC8,human,Homo sapiens,ENSG00000277075,nucleus accumbens,58.01,H2AC8:HGNC:4724,clustered,57.64545454545455
H2AC8,human,Homo sapiens,ENSG00000277075,nucleus accumbens,69.25,H2AC8:HGNC:4724,clustered,57.64545454545455
H2AC8,human,Homo sapiens,ENSG00000277075,nucleus accumbens,56.5,H2AC8:HGNC:4724,clustered,57.64545454545455
H2AC8,human,Homo sapiens,ENSG00000277075,nucleus accumbens,56.49,H2AC8:HGNC:4724,clustered,57.64545454545455
H2AC8,human,Homo sapiens,ENSG00000277075,forebrain,70.4,H2AC8:HGNC:4724,clustered,65.705
H2AC8,human,Homo sapiens,ENSG00000277075,forebrain,61.01,H2AC8:HGNC:4724,clustered,65.705
H2AC8,human,Homo sapiens,ENSG00000277075,midbrain,45.85,H2AC8:HGNC:4724,clustered,53.68333333333334
H2AC8,human,Homo sapiens,ENSG00000277075,midbrain,54.44,H2AC8:HGNC:4724,clustered,53.68333333333334
H2AC8,human,Homo sapiens,ENSG00000277075,midbrain,60.76,H2AC8:HGNC:4724,clustered,53.68333333333334
H2AC8,human,Homo sapiens,ENSG00000277075,telencephalon,55.41,H2AC8:HGNC:4724,clustered,55.41
H2AC8,human,Homo sapiens,ENSG00000277075,hypothalamus,51.36,H2AC8:HGNC:4724,clustered,61.237500000000004
H2AC8,human,Homo sapiens,ENSG00000277075,hypothalamus,55.27,H2AC8:HGNC:4724,clustered,61.237500000000004
H2AC8,human,Homo sapiens,ENSG00000277075,hypothalamus,62.15,H2AC8:HGNC:4724,clustered,61.237500000000004
H2AC8,human,Homo sapiens,ENSG00000277075,hypothalamus,58.55,H2AC8:HGNC:4724,clustered,61.237500000000004
H2AC8,human,Homo sapiens,ENSG00000277075,hypothalamus,59.76,H2AC8:HGNC:4724,clustered,61.237500000000004
H2AC8,human,Homo sapiens,ENSG00000277075,hypothalamus,72.07,H2AC8:HGNC:4724,clustered,61.237500000000004
H2AC8,human,Homo sapiens,ENSG00000277075,hypothalamus,60.62,H2AC8:HGNC:4724,clustered,61.237500000000004
H2AC8,human,Homo sapiens,ENSG00000277075,hypothalamus,68.09,H2AC8:HGNC:4724,clustered,61.237500000000004
H2AC8,human,Homo sapiens,ENSG00000277075,hypothalamus,61.49,H2AC8:HGNC:4724,clustered,61.237500000000004
H2AC8,human,Homo sapiens,ENSG00000277075,hypothalamus,58.81,H2AC8:HGNC:4724,clustered,61.237500000000004
H2AC8,human,Homo sapiens,ENSG00000277075,hypothalamus,67.16,H2AC8:HGNC:4724,clustered,61.237500000000004
H2AC8,human,Homo sapiens,ENSG00000277075,hypothalamus,59.52,H2AC8:HGNC:4724,clustered,61.237500000000004
H2AC8,human,Homo sapiens,ENSG00000277075,mammary gland,46.98,H2AC8:HGNC:4724,clustered,46.98
H2AC8,human,Homo sapiens,ENSG00000277075,neocortex,58.46,H2AC8:HGNC:4724,clustered,58.46
H2AC8,human,Homo sapiens,ENSG00000277075,Ammon's horn,50.0,H2AC8:HGNC:4724,clustered,57.641999999999996
H2AC8,human,Homo sapiens,ENSG00000277075,Ammon's horn,54.28,H2AC8:HGNC:4724,clustered,57.641999999999996
H2AC8,human,Homo sapiens,ENSG00000277075,Ammon's horn,61.09,H2AC8:HGNC:4724,clustered,57.641999999999996
H2AC8,human,Homo sapiens,ENSG00000277075,Ammon's horn,51.09,H2AC8:HGNC:4724,clustered,57.641999999999996
H2AC8,human,Homo sapiens,ENSG00000277075,Ammon's horn,62.41,H2AC8:HGNC:4724,clustered,57.641999999999996
H2AC8,human,Homo sapiens,ENSG00000277075,Ammon's horn,65.12,H2AC8:HGNC:4724,clustered,57.641999999999996
H2AC8,human,Homo sapiens,ENSG00000277075,Ammon's horn,61.4,H2AC8:HGNC:4724,clustered,57.641999999999996
H2AC8,human,Homo sapiens,ENSG00000277075,Ammon's horn,58.4,H2AC8:HGNC:4724,clustered,57.641999999999996
H2AC8,human,Homo sapiens,ENSG00000277075,Ammon's horn,56.27,H2AC8:HGNC:4724,clustered,57.641999999999996
H2AC8,human,Homo sapiens,ENSG00000277075,Ammon's horn,56.36,H2AC8:HGNC:4724,clustered,57.641999999999996
H2AC8,human,Homo sapiens,ENSG00000277075,placenta,57.08,H2AC8:HGNC:4724,clustered,57.08
H2AC8,human,Homo sapiens,ENSG00000277075,cerebellum,49.28,H2AC8:HGNC:4724,clustered,57.721666666666664
H2AC8,human,Homo sapiens,ENSG00000277075,cerebellum,51.21,H2AC8:HGNC:4724,clustered,57.721666666666664
H2AC8,human,Homo sapiens,ENSG00000277075,cerebellum,60.1,H2AC8:HGNC:4724,clustered,57.721666666666664
H2AC8,human,Homo sapiens,ENSG00000277075,cerebellum,58.73,H2AC8:HGNC:4724,clustered,57.721666666666664
H2AC8,human,Homo sapiens,ENSG00000277075,cerebellum,55.88,H2AC8:HGNC:4724,clustered,57.721666666666664
H2AC8,human,Homo sapiens,ENSG00000277075,cerebellum,65.9,H2AC8:HGNC:4724,clustered,57.721666666666664
H2AC8,human,Homo sapiens,ENSG00000277075,cerebellum,67.24,H2AC8:HGNC:4724,clustered,57.721666666666664
H2AC8,human,Homo sapiens,ENSG00000277075,cerebellum,56.74,H2AC8:HGNC:4724,clustered,57.721666666666664
H2AC8,human,Homo sapiens,ENSG00000277075,cerebellum,56.62,H2AC8:HGNC:4724,clustered,57.721666666666664
H2AC8,human,Homo sapiens,ENSG00000277075,cerebellum,57.88,H2AC8:HGNC:4724,clustered,57.721666666666664
H2AC8,human,Homo sapiens,ENSG00000277075,cerebellum,57.22,H2AC8:HGNC:4724,clustered,57.721666666666664
H2AC8,human,Homo sapiens,ENSG00000277075,cerebellum,55.86,H2AC8:HGNC:4724,clustered,57.721666666666664
H2AC8,human,Homo sapiens,ENSG00000277075,substantia nigra,59.87,H2AC8:HGNC:4724,clustered,62.596000000000004
H2AC8,human,Homo sapiens,ENSG00000277075,substantia nigra,50.78,H2AC8:HGNC:4724,clustered,62.596000000000004
H2AC8,human,Homo sapiens,ENSG00000277075,substantia nigra,63.42,H2AC8:HGNC:4724,clustered,62.596000000000004
H2AC8,human,Homo sapiens,ENSG00000277075,substantia nigra,72.95,H2AC8:HGNC:4724,clustered,62.596000000000004
H2AC8,human,Homo sapiens,ENSG00000277075,substantia nigra,62.86,H2AC8:HGNC:4724,clustered,62.596000000000004
H2AC8,human,Homo sapiens,ENSG00000277075,substantia nigra,66.37,H2AC8:HGNC:4724,clustered,62.596000000000004
H2AC8,human,Homo sapiens,ENSG00000277075,substantia nigra,61.01,H2AC8:HGNC:4724,clustered,62.596000000000004
H2AC8,human,Homo sapiens,ENSG00000277075,substantia nigra,68.27,H2AC8:HGNC:4724,clustered,62.596000000000004
H2AC8,human,Homo sapiens,ENSG00000277075,substantia nigra,71.35,H2AC8:HGNC:4724,clustered,62.596000000000004
H2AC8,human,Homo sapiens,ENSG00000277075,substantia nigra,67.42,H2AC8:HGNC:4724,clustered,62.596000000000004
H2AC8,human,Homo sapiens,ENSG00000277075,substantia nigra,52.81,H2AC8:HGNC:4724,clustered,62.596000000000004
H2AC8,human,Homo sapiens,ENSG00000277075,substantia nigra,56.01,H2AC8:HGNC:4724,clustered,62.596000000000004
H2AC8,human,Homo sapiens,ENSG00000277075,substantia nigra,60.78,H2AC8:HGNC:4724,clustered,62.596000000000004
H2AC8,human,Homo sapiens,ENSG00000277075,substantia nigra,62.27,H2AC8:HGNC:4724,clustered,62.596000000000004
H2AC8,human,Homo sapiens,ENSG00000277075,substantia nigra,62.77,H2AC8:HGNC:4724,clustered,62.596000000000004
H2AC8,human,Homo sapiens,ENSG00000277075,thyroid gland,66.76,H2AC8:HGNC:4724,clustered,70.20058823529412
H2AC8,human,Homo sapiens,ENSG00000277075,thyroid gland,68.47,H2AC8:HGNC:4724,clustered,70.20058823529412
H2AC8,human,Homo sapiens,ENSG00000277075,thyroid gland,56.74,H2AC8:HGNC:4724,clustered,70.20058823529412
H2AC8,human,Homo sapiens,ENSG00000277075,thyroid gland,67.2,H2AC8:HGNC:4724,clustered,70.20058823529412
H2AC8,human,Homo sapiens,ENSG00000277075,thyroid gland,70.89,H2AC8:HGNC:4724,clustered,70.20058823529412
H2AC8,human,Homo sapiens,ENSG00000277075,thyroid gland,69.5,H2AC8:HGNC:4724,clustered,70.20058823529412
H2AC8,human,Homo sapiens,ENSG00000277075,thyroid gland,71.88,H2AC8:HGNC:4724,clustered,70.20058823529412
H2AC8,human,Homo sapiens,ENSG00000277075,thyroid gland,72.81,H2AC8:HGNC:4724,clustered,70.20058823529412
H2AC8,human,Homo sapiens,ENSG00000277075,thyroid gland,77.52,H2AC8:HGNC:4724,clustered,70.20058823529412
H2AC8,human,Homo sapiens,ENSG00000277075,thyroid gland,72.8,H2AC8:HGNC:4724,clustered,70.20058823529412
H2AC8,human,Homo sapiens,ENSG00000277075,thyroid gland,73.04,H2AC8:HGNC:4724,clustered,70.20058823529412
H2AC8,human,Homo sapiens,ENSG00000277075,thyroid gland,69.83,H2AC8:HGNC:4724,clustered,70.20058823529412
H2AC8,human,Homo sapiens,ENSG00000277075,thyroid gland,71.19,H2AC8:HGNC:4724,clustered,70.20058823529412
H2AC8,human,Homo sapiens,ENSG00000277075,thyroid gland,72.02,H2AC8:HGNC:4724,clustered,70.20058823529412
H2AC8,human,Homo sapiens,ENSG00000277075,thyroid gland,70.98,H2AC8:HGNC:4724,clustered,70.20058823529412
H2AC8,human,Homo sapiens,ENSG00000277075,thyroid gland,70.23,H2AC8:HGNC:4724,clustered,70.20058823529412
H2AC8,human,Homo sapiens,ENSG00000277075,thyroid gland,71.55,H2AC8:HGNC:4724,clustered,70.20058823529412
H2AC8,human,Homo sapiens,ENSG00000277075,lung,99.37,H2AC8:HGNC:4724,clustered,67.78714285714285
H2AC8,human,Homo sapiens,ENSG00000277075,lung,98.88,H2AC8:HGNC:4724,clustered,67.78714285714285
H2AC8,human,Homo sapiens,ENSG00000277075,lung,64.4,H2AC8:HGNC:4724,clustered,67.78714285714285
H2AC8,human,Homo sapiens,ENSG00000277075,lung,55.53,H2AC8:HGNC:4724,clustered,67.78714285714285
H2AC8,human,Homo sapiens,ENSG00000277075,lung,59.52,H2AC8:HGNC:4724,clustered,67.78714285714285
H2AC8,human,Homo sapiens,ENSG00000277075,lung,54.36,H2AC8:HGNC:4724,clustered,67.78714285714285
H2AC8,human,Homo sapiens,ENSG00000277075,lung,56.66,H2AC8:HGNC:4724,clustered,67.78714285714285
H2AC8,human,Homo sapiens,ENSG00000277075,lung,59.99,H2AC8:HGNC:4724,clustered,67.78714285714285
H2AC8,human,Homo sapiens,ENSG00000277075,lung,59.8,H2AC8:HGNC:4724,clustered,67.78714285714285
H2AC8,human,Homo sapiens,ENSG00000277075,lung,69.55,H2AC8:HGNC:4724,clustered,67.78714285714285
H2AC8,human,Homo sapiens,ENSG00000277075,lung,60.52,H2AC8:HGNC:4724,clustered,67.78714285714285
H2AC8,human,Homo sapiens,ENSG00000277075,lung,59.28,H2AC8:HGNC:4724,clustered,67.78714285714285
H2AC8,human,Homo sapiens,ENSG00000277075,lung,57.47,H2AC8:HGNC:4724,clustered,67.78714285714285
H2AC8,human,Homo sapiens,ENSG00000277075,lung,93.69,H2AC8:HGNC:4724,clustered,67.78714285714285
H2AC8,human,Homo sapiens,ENSG00000277075,cardiac atrium,57.08,H2AC8:HGNC:4724,clustered,60.81
H2AC8,human,Homo sapiens,ENSG00000277075,cardiac atrium,60.18,H2AC8:HGNC:4724,clustered,60.81
H2AC8,human,Homo sapiens,ENSG00000277075,cardiac atrium,65.17,H2AC8:HGNC:4724,clustered,60.81
H2AC8,human,Homo sapiens,ENSG00000277075,cardiac ventricle,64.73,H2AC8:HGNC:4724,clustered,63.296666666666674
H2AC8,human,Homo sapiens,ENSG00000277075,cardiac ventricle,55.21,H2AC8:HGNC:4724,clustered,63.296666666666674
H2AC8,human,Homo sapiens,ENSG00000277075,cardiac ventricle,69.95,H2AC8:HGNC:4724,clustered,63.296666666666674
H2AC8,human,Homo sapiens,ENSG00000277075,heart left ventricle,63.05,H2AC8:HGNC:4724,clustered,69.77882352941177
H2AC8,human,Homo sapiens,ENSG00000277075,heart left ventricle,68.47,H2AC8:HGNC:4724,clustered,69.77882352941177
H2AC8,human,Homo sapiens,ENSG00000277075,heart left ventricle,59.68,H2AC8:HGNC:4724,clustered,69.77882352941177
H2AC8,human,Homo sapiens,ENSG00000277075,heart left ventricle,70.9,H2AC8:HGNC:4724,clustered,69.77882352941177
H2AC8,human,Homo sapiens,ENSG00000277075,heart left ventricle,66.62,H2AC8:HGNC:4724,clustered,69.77882352941177
H2AC8,human,Homo sapiens,ENSG00000277075,heart left ventricle,73.02,H2AC8:HGNC:4724,clustered,69.77882352941177
H2AC8,human,Homo sapiens,ENSG00000277075,heart left ventricle,77.69,H2AC8:HGNC:4724,clustered,69.77882352941177
H2AC8,human,Homo sapiens,ENSG00000277075,heart left ventricle,69.46,H2AC8:HGNC:4724,clustered,69.77882352941177
H2AC8,human,Homo sapiens,ENSG00000277075,heart left ventricle,72.62,H2AC8:HGNC:4724,clustered,69.77882352941177
H2AC8,human,Homo sapiens,ENSG00000277075,heart left ventricle,73.15,H2AC8:HGNC:4724,clustered,69.77882352941177
H2AC8,human,Homo sapiens,ENSG00000277075,heart left ventricle,68.87,H2AC8:HGNC:4724,clustered,69.77882352941177
H2AC8,human,Homo sapiens,ENSG00000277075,heart left ventricle,74.57,H2AC8:HGNC:4724,clustered,69.77882352941177
H2AC8,human,Homo sapiens,ENSG00000277075,heart left ventricle,69.23,H2AC8:HGNC:4724,clustered,69.77882352941177
H2AC8,human,Homo sapiens,ENSG00000277075,heart left ventricle,71.33,H2AC8:HGNC:4724,clustered,69.77882352941177
H2AC8,human,Homo sapiens,ENSG00000277075,heart left ventricle,69.7,H2AC8:HGNC:4724,clustered,69.77882352941177
H2AC8,human,Homo sapiens,ENSG00000277075,heart left ventricle,66.26,H2AC8:HGNC:4724,clustered,69.77882352941177
H2AC8,human,Homo sapiens,ENSG00000277075,heart left ventricle,71.62,H2AC8:HGNC:4724,clustered,69.77882352941177
H2AC8,human,Homo sapiens,ENSG00000277075,apex of heart,72.62,H2AC8:HGNC:4724,clustered,72.62
H2AC8,human,Homo sapiens,ENSG00000277075,spleen,78.57,H2AC8:HGNC:4724,clustered,71.3575
H2AC8,human,Homo sapiens,ENSG00000277075,spleen,74.77,H2AC8:HGNC:4724,clustered,71.3575
H2AC8,human,Homo sapiens,ENSG00000277075,spleen,68.33,H2AC8:HGNC:4724,clustered,71.3575
H2AC8,human,Homo sapiens,ENSG00000277075,spleen,67.93,H2AC8:HGNC:4724,clustered,71.3575
H2AC8,human,Homo sapiens,ENSG00000277075,spleen,73.1,H2AC8:HGNC:4724,clustered,71.3575
H2AC8,human,Homo sapiens,ENSG00000277075,spleen,71.77,H2AC8:HGNC:4724,clustered,71.3575
H2AC8,human,Homo sapiens,ENSG00000277075,spleen,72.63,H2AC8:HGNC:4724,clustered,71.3575
H2AC8,human,Homo sapiens,ENSG00000277075,spleen,71.21,H2AC8:HGNC:4724,clustered,71.3575
H2AC8,human,Homo sapiens,ENSG00000277075,spleen,67.32,H2AC8:HGNC:4724,clustered,71.3575
H2AC8,human,Homo sapiens,ENSG00000277075,spleen,70.26,H2AC8:HGNC:4724,clustered,71.3575
H2AC8,human,Homo sapiens,ENSG00000277075,spleen,69.8,H2AC8:HGNC:4724,clustered,71.3575
H2AC8,human,Homo sapiens,ENSG00000277075,spleen,70.6,H2AC8:HGNC:4724,clustered,71.3575
H2AC8,human,Homo sapiens,ENSG00000277075,liver,59.97,H2AC8:HGNC:4724,clustered,65.455
H2AC8,human,Homo sapiens,ENSG00000277075,liver,50.75,H2AC8:HGNC:4724,clustered,65.455
H2AC8,human,Homo sapiens,ENSG00000277075,liver,60.11,H2AC8:HGNC:4724,clustered,65.455
H2AC8,human,Homo sapiens,ENSG00000277075,liver,74.62,H2AC8:HGNC:4724,clustered,65.455
H2AC8,human,Homo sapiens,ENSG00000277075,liver,69.28,H2AC8:HGNC:4724,clustered,65.455
H2AC8,human,Homo sapiens,ENSG00000277075,liver,67.15,H2AC8:HGNC:4724,clustered,65.455
H2AC8,human,Homo sapiens,ENSG00000277075,liver,70.61,H2AC8:HGNC:4724,clustered,65.455
H2AC8,human,Homo sapiens,ENSG00000277075,liver,70.81,H2AC8:HGNC:4724,clustered,65.455
H2AC8,human,Homo sapiens,ENSG00000277075,liver,62.58,H2AC8:HGNC:4724,clustered,65.455
H2AC8,human,Homo sapiens,ENSG00000277075,liver,70.3,H2AC8:HGNC:4724,clustered,65.455
H2AC8,human,Homo sapiens,ENSG00000277075,liver,62.8,H2AC8:HGNC:4724,clustered,65.455
H2AC8,human,Homo sapiens,ENSG00000277075,liver,60.47,H2AC8:HGNC:4724,clustered,65.455
H2AC8,human,Homo sapiens,ENSG00000277075,liver,63.84,H2AC8:HGNC:4724,clustered,65.455
H2AC8,human,Homo sapiens,ENSG00000277075,liver,66.91,H2AC8:HGNC:4724,clustered,65.455
H2AC8,human,Homo sapiens,ENSG00000277075,liver,67.38,H2AC8:HGNC:4724,clustered,65.455
H2AC8,human,Homo sapiens,ENSG00000277075,liver,62.6,H2AC8:HGNC:4724,clustered,65.455
H2AC8,human,Homo sapiens,ENSG00000277075,liver,67.07,H2AC8:HGNC:4724,clustered,65.455
H2AC8,human,Homo sapiens,ENSG00000277075,liver,70.94,H2AC8:HGNC:4724,clustered,65.455
H2AC8,human,Homo sapiens,ENSG00000277075,small intestine,69.18,H2AC8:HGNC:4724,clustered,69.31
H2AC8,human,Homo sapiens,ENSG00000277075,small intestine,69.44,H2AC8:HGNC:4724,clustered,69.31
H2AC8,human,Homo sapiens,ENSG00000277075,gall bladder,58.84,H2AC8:HGNC:4724,clustered,58.84
H2AC8,human,Homo sapiens,ENSG00000277075,kidney,81.79,H2AC8:HGNC:4724,clustered,70.64333333333333
H2AC8,human,Homo sapiens,ENSG00000277075,kidney,89.02,H2AC8:HGNC:4724,clustered,70.64333333333333
H2AC8,human,Homo sapiens,ENSG00000277075,kidney,75.51,H2AC8:HGNC:4724,clustered,70.64333333333333
H2AC8,human,Homo sapiens,ENSG00000277075,kidney,59.54,H2AC8:HGNC:4724,clustered,70.64333333333333
H2AC8,human,Homo sapiens,ENSG00000277075,kidney,57.9,H2AC8:HGNC:4724,clustered,70.64333333333333
H2AC8,human,Homo sapiens,ENSG00000277075,kidney,60.1,H2AC8:HGNC:4724,clustered,70.64333333333333
H2AC8,human,Homo sapiens,ENSG00000277075,duodenum,66.01,H2AC8:HGNC:4724,clustered,66.95333333333333
H2AC8,human,Homo sapiens,ENSG00000277075,duodenum,66.54,H2AC8:HGNC:4724,clustered,66.95333333333333
H2AC8,human,Homo sapiens,ENSG00000277075,duodenum,68.31,H2AC8:HGNC:4724,clustered,66.95333333333333
H2AC8,human,Homo sapiens,ENSG00000277075,right ovary,66.56,H2AC8:HGNC:4724,clustered,60.604
H2AC8,human,Homo sapiens,ENSG00000277075,right ovary,59.9,H2AC8:HGNC:4724,clustered,60.604
H2AC8,human,Homo sapiens,ENSG00000277075,right ovary,57.22,H2AC8:HGNC:4724,clustered,60.604
H2AC8,human,Homo sapiens,ENSG00000277075,right ovary,72.45,H2AC8:HGNC:4724,clustered,60.604
H2AC8,human,Homo sapiens,ENSG00000277075,right ovary,46.89,H2AC8:HGNC:4724,clustered,60.604
H2AC8,human,Homo sapiens,ENSG00000277075,left ovary,63.08,H2AC8:HGNC:4724,clustered,66.182
H2AC8,human,Homo sapiens,ENSG00000277075,left ovary,69.11,H2AC8:HGNC:4724,clustered,66.182
H2AC8,human,Homo sapiens,ENSG00000277075,left ovary,66.09,H2AC8:HGNC:4724,clustered,66.182
H2AC8,human,Homo sapiens,ENSG00000277075,left ovary,64.51,H2AC8:HGNC:4724,clustered,66.182
H2AC8,human,Homo sapiens,ENSG00000277075,left ovary,68.12,H2AC8:HGNC:4724,clustered,66.182
H2AC8,human,Homo sapiens,ENSG00000277075,cerebellar cortex,58.75,H2AC8:HGNC:4724,clustered,58.275
H2AC8,human,Homo sapiens,ENSG00000277075,cerebellar cortex,57.8,H2AC8:HGNC:4724,clustered,58.275
H2AC8,human,Homo sapiens,ENSG00000277075,right lung,78.09,H2AC8:HGNC:4724,clustered,67.995
H2AC8,human,Homo sapiens,ENSG00000277075,right lung,57.9,H2AC8:HGNC:4724,clustered,67.995
H2AC8,human,Homo sapiens,ENSG00000277075,subcutaneous adipose tissue,53.6,H2AC8:HGNC:4724,clustered,46.63384615384616
H2AC8,human,Homo sapiens,ENSG00000277075,subcutaneous adipose tissue,47.27,H2AC8:HGNC:4724,clustered,46.63384615384616
H2AC8,human,Homo sapiens,ENSG00000277075,subcutaneous adipose tissue,48.35,H2AC8:HGNC:4724,clustered,46.63384615384616
H2AC8,human,Homo sapiens,ENSG00000277075,subcutaneous adipose tissue,40.68,H2AC8:HGNC:4724,clustered,46.63384615384616
H2AC8,human,Homo sapiens,ENSG00000277075,subcutaneous adipose tissue,46.77,H2AC8:HGNC:4724,clustered,46.63384615384616
H2AC8,human,Homo sapiens,ENSG00000277075,subcutaneous adipose tissue,40.6,H2AC8:HGNC:4724,clustered,46.63384615384616
H2AC8,human,Homo sapiens,ENSG00000277075,subcutaneous adipose tissue,48.58,H2AC8:HGNC:4724,clustered,46.63384615384616
H2AC8,human,Homo sapiens,ENSG00000277075,subcutaneous adipose tissue,51.07,H2AC8:HGNC:4724,clustered,46.63384615384616
H2AC8,human,Homo sapiens,ENSG00000277075,subcutaneous adipose tissue,47.4,H2AC8:HGNC:4724,clustered,46.63384615384616
H2AC8,human,Homo sapiens,ENSG00000277075,subcutaneous adipose tissue,49.12,H2AC8:HGNC:4724,clustered,46.63384615384616
H2AC8,human,Homo sapiens,ENSG00000277075,subcutaneous adipose tissue,45.43,H2AC8:HGNC:4724,clustered,46.63384615384616
H2AC8,human,Homo sapiens,ENSG00000277075,subcutaneous adipose tissue,41.15,H2AC8:HGNC:4724,clustered,46.63384615384616
H2AC8,human,Homo sapiens,ENSG00000277075,subcutaneous adipose tissue,46.22,H2AC8:HGNC:4724,clustered,46.63384615384616
H2AC8,human,Homo sapiens,ENSG00000277075,adenohypophysis,63.8,H2AC8:HGNC:4724,clustered,65.43666666666667
H2AC8,human,Homo sapiens,ENSG00000277075,adenohypophysis,69.08,H2AC8:HGNC:4724,clustered,65.43666666666667
H2AC8,human,Homo sapiens,ENSG00000277075,adenohypophysis,64.03,H2AC8:HGNC:4724,clustered,65.43666666666667
H2AC8,human,Homo sapiens,ENSG00000277075,adenohypophysis,64.12,H2AC8:HGNC:4724,clustered,65.43666666666667
H2AC8,human,Homo sapiens,ENSG00000277075,adenohypophysis,67.43,H2AC8:HGNC:4724,clustered,65.43666666666667
H2AC8,human,Homo sapiens,ENSG00000277075,adenohypophysis,64.16,H2AC8:HGNC:4724,clustered,65.43666666666667
H2AC8,human,Homo sapiens,ENSG00000277075,spinal cord,67.44,H2AC8:HGNC:4724,clustered,70.505
H2AC8,human,Homo sapiens,ENSG00000277075,spinal cord,55.11,H2AC8:HGNC:4724,clustered,70.505
H2AC8,human,Homo sapiens,ENSG00000277075,spinal cord,74.85,H2AC8:HGNC:4724,clustered,70.505
H2AC8,human,Homo sapiens,ENSG00000277075,spinal cord,75.21,H2AC8:HGNC:4724,clustered,70.505
H2AC8,human,Homo sapiens,ENSG00000277075,spinal cord,74.9,H2AC8:HGNC:4724,clustered,70.505
H2AC8,human,Homo sapiens,ENSG00000277075,spinal cord,75.52,H2AC8:HGNC:4724,clustered,70.505
H2AC8,human,Homo sapiens,ENSG00000277075,cerebellar hemisphere,51.32,H2AC8:HGNC:4724,clustered,58.361000000000004
H2AC8,human,Homo sapiens,ENSG00000277075,cerebellar hemisphere,54.73,H2AC8:HGNC:4724,clustered,58.361000000000004
H2AC8,human,Homo sapiens,ENSG00000277075,cerebellar hemisphere,61.32,H2AC8:HGNC:4724,clustered,58.361000000000004
H2AC8,human,Homo sapiens,ENSG00000277075,cerebellar hemisphere,58.43,H2AC8:HGNC:4724,clustered,58.361000000000004
H2AC8,human,Homo sapiens,ENSG00000277075,cerebellar hemisphere,60.44,H2AC8:HGNC:4724,clustered,58.361000000000004
H2AC8,human,Homo sapiens,ENSG00000277075,cerebellar hemisphere,58.82,H2AC8:HGNC:4724,clustered,58.361000000000004
H2AC8,human,Homo sapiens,ENSG00000277075,cerebellar hemisphere,59.6,H2AC8:HGNC:4724,clustered,58.361000000000004
H2AC8,human,Homo sapiens,ENSG00000277075,cerebellar hemisphere,56.07,H2AC8:HGNC:4724,clustered,58.361000000000004
H2AC8,human,Homo sapiens,ENSG00000277075,cerebellar hemisphere,65.14,H2AC8:HGNC:4724,clustered,58.361000000000004
H2AC8,human,Homo sapiens,ENSG00000277075,cerebellar hemisphere,57.74,H2AC8:HGNC:4724,clustered,58.361000000000004
H2AC8,human,Homo sapiens,ENSG00000277075,popliteal artery,59.37,H2AC8:HGNC:4724,clustered,59.37
H2AC8,human,Homo sapiens,ENSG00000277075,corpus callosum,96.25,H2AC8:HGNC:4724,clustered,91.51666666666667
H2AC8,human,Homo sapiens,ENSG00000277075,corpus callosum,79.83,H2AC8:HGNC:4724,clustered,91.51666666666667
H2AC8,human,Homo sapiens,ENSG00000277075,corpus callosum,95.15,H2AC8:HGNC:4724,clustered,91.51666666666667
H2AC8,human,Homo sapiens,ENSG00000277075,corpus callosum,97.78,H2AC8:HGNC:4724,clustered,91.51666666666667
H2AC8,human,Homo sapiens,ENSG00000277075,corpus callosum,83.47,H2AC8:HGNC:4724,clustered,91.51666666666667
H2AC8,human,Homo sapiens,ENSG00000277075,corpus callosum,96.62,H2AC8:HGNC:4724,clustered,91.51666666666667
H2AC8,human,Homo sapiens,ENSG00000277075,descending thoracic aorta,55.35,H2AC8:HGNC:4724,clustered,61.18666666666667
H2AC8,human,Homo sapiens,ENSG00000277075,descending thoracic aorta,65.18,H2AC8:HGNC:4724,clustered,61.18666666666667
H2AC8,human,Homo sapiens,ENSG00000277075,descending thoracic aorta,63.03,H2AC8:HGNC:4724,clustered,61.18666666666667
H2AC8,human,Homo sapiens,ENSG00000277075,peritoneum,59.48,H2AC8:HGNC:4724,clustered,59.48
H2AC8,human,Homo sapiens,ENSG00000277075,prostate gland,94.07,H2AC8:HGNC:4724,clustered,81.388125
H2AC8,human,Homo sapiens,ENSG00000277075,prostate gland,69.81,H2AC8:HGNC:4724,clustered,81.388125
H2AC8,human,Homo sapiens,ENSG00000277075,prostate gland,83.93,H2AC8:HGNC:4724,clustered,81.388125
H2AC8,human,Homo sapiens,ENSG00000277075,prostate gland,85.0,H2AC8:HGNC:4724,clustered,81.388125
H2AC8,human,Homo sapiens,ENSG00000277075,prostate gland,74.46,H2AC8:HGNC:4724,clustered,81.388125
H2AC8,human,Homo sapiens,ENSG00000277075,prostate gland,84.85,H2AC8:HGNC:4724,clustered,81.388125
H2AC8,human,Homo sapiens,ENSG00000277075,prostate gland,81.2,H2AC8:HGNC:4724,clustered,81.388125
H2AC8,human,Homo sapiens,ENSG00000277075,prostate gland,79.04,H2AC8:HGNC:4724,clustered,81.388125
H2AC8,human,Homo sapiens,ENSG00000277075,prostate gland,84.73,H2AC8:HGNC:4724,clustered,81.388125
H2AC8,human,Homo sapiens,ENSG00000277075,prostate gland,78.21,H2AC8:HGNC:4724,clustered,81.388125
H2AC8,human,Homo sapiens,ENSG00000277075,prostate gland,75.12,H2AC8:HGNC:4724,clustered,81.388125
H2AC8,human,Homo sapiens,ENSG00000277075,prostate gland,79.35,H2AC8:HGNC:4724,clustered,81.388125
H2AC8,human,Homo sapiens,ENSG00000277075,prostate gland,77.31,H2AC8:HGNC:4724,clustered,81.388125
H2AC8,human,Homo sapiens,ENSG00000277075,prostate gland,91.07,H2AC8:HGNC:4724,clustered,81.388125
H2AC8,human,Homo sapiens,ENSG00000277075,prostate gland,82.0,H2AC8:HGNC:4724,clustered,81.388125
H2AC8,human,Homo sapiens,ENSG00000277075,prostate gland,82.06,H2AC8:HGNC:4724,clustered,81.388125
H2AC8,human,Homo sapiens,ENSG00000277075,adrenal gland,82.07,H2AC8:HGNC:4724,clustered,74.29249999999999
H2AC8,human,Homo sapiens,ENSG00000277075,adrenal gland,69.67,H2AC8:HGNC:4724,clustered,74.29249999999999
H2AC8,human,Homo sapiens,ENSG00000277075,adrenal gland,77.83,H2AC8:HGNC:4724,clustered,74.29249999999999
H2AC8,human,Homo sapiens,ENSG00000277075,adrenal gland,67.6,H2AC8:HGNC:4724,clustered,74.29249999999999
H2AC8,human,Homo sapiens,ENSG00000277075,thymus,81.03,H2AC8:HGNC:4724,clustered,81.03
H2AC8,human,Homo sapiens,ENSG00000277075,bone marrow,75.59,H2AC8:HGNC:4724,clustered,74.065
H2AC8,human,Homo sapiens,ENSG00000277075,bone marrow,72.54,H2AC8:HGNC:4724,clustered,74.065
H2AC8,human,Homo sapiens,ENSG00000277075,tonsil,70.36,H2AC8:HGNC:4724,clustered,61.837500000000006
H2AC8,human,Homo sapiens,ENSG00000277075,tonsil,54.59,H2AC8:HGNC:4724,clustered,61.837500000000006
H2AC8,human,Homo sapiens,ENSG00000277075,tonsil,64.62,H2AC8:HGNC:4724,clustered,61.837500000000006
H2AC8,human,Homo sapiens,ENSG00000277075,tonsil,57.78,H2AC8:HGNC:4724,clustered,61.837500000000006
H2AC8,human,Homo sapiens,ENSG00000277075,connective tissue,51.83,H2AC8:HGNC:4724,clustered,51.83
H2AC8,human,Homo sapiens,ENSG00000277075,muscle tissue,48.92,H2AC8:HGNC:4724,clustered,48.92
H2AC8,human,Homo sapiens,ENSG00000277075,primary visual cortex,58.27,H2AC8:HGNC:4724,clustered,54.61
H2AC8,human,Homo sapiens,ENSG00000277075,primary visual cortex,50.95,H2AC8:HGNC:4724,clustered,54.61
H2AC8,human,Homo sapiens,ENSG00000277075,esophagus mucosa,75.53,H2AC8:HGNC:4724,clustered,73.85000000000001
H2AC8,human,Homo sapiens,ENSG00000277075,esophagus mucosa,73.92,H2AC8:HGNC:4724,clustered,73.85000000000001
H2AC8,human,Homo sapiens,ENSG00000277075,esophagus mucosa,68.03,H2AC8:HGNC:4724,clustered,73.85000000000001
H2AC8,human,Homo sapiens,ENSG00000277075,esophagus mucosa,71.6,H2AC8:HGNC:4724,clustered,73.85000000000001
H2AC8,human,Homo sapiens,ENSG00000277075,esophagus mucosa,73.87,H2AC8:HGNC:4724,clustered,73.85000000000001
H2AC8,human,Homo sapiens,ENSG00000277075,esophagus mucosa,74.61,H2AC8:HGNC:4724,clustered,73.85000000000001
H2AC8,human,Homo sapiens,ENSG00000277075,esophagus mucosa,74.33,H2AC8:HGNC:4724,clustered,73.85000000000001
H2AC8,human,Homo sapiens,ENSG00000277075,esophagus mucosa,75.13,H2AC8:HGNC:4724,clustered,73.85000000000001
H2AC8,human,Homo sapiens,ENSG00000277075,esophagus mucosa,75.85,H2AC8:HGNC:4724,clustered,73.85000000000001
H2AC8,human,Homo sapiens,ENSG00000277075,esophagus mucosa,74.36,H2AC8:HGNC:4724,clustered,73.85000000000001
H2AC8,human,Homo sapiens,ENSG00000277075,esophagus mucosa,75.12,H2AC8:HGNC:4724,clustered,73.85000000000001
H2AC8,human,Homo sapiens,ENSG00000277075,medial globus pallidus,63.53,H2AC8:HGNC:4724,clustered,72.71333333333332
H2AC8,human,Homo sapiens,ENSG00000277075,medial globus pallidus,78.77,H2AC8:HGNC:4724,clustered,72.71333333333332
H2AC8,human,Homo sapiens,ENSG00000277075,medial globus pallidus,75.84,H2AC8:HGNC:4724,clustered,72.71333333333332
H2AC8,human,Homo sapiens,ENSG00000277075,superior frontal gyrus,44.21,H2AC8:HGNC:4724,clustered,44.345
H2AC8,human,Homo sapiens,ENSG00000277075,superior frontal gyrus,44.48,H2AC8:HGNC:4724,clustered,44.345
H2AC8,human,Homo sapiens,ENSG00000277075,right frontal lobe,52.58,H2AC8:HGNC:4724,clustered,56.89375
H2AC8,human,Homo sapiens,ENSG00000277075,right frontal lobe,60.81,H2AC8:HGNC:4724,clustered,56.89375
H2AC8,human,Homo sapiens,ENSG00000277075,right frontal lobe,51.19,H2AC8:HGNC:4724,clustered,56.89375
H2AC8,human,Homo sapiens,ENSG00000277075,right frontal lobe,58.44,H2AC8:HGNC:4724,clustered,56.89375
H2AC8,human,Homo sapiens,ENSG00000277075,right frontal lobe,58.25,H2AC8:HGNC:4724,clustered,56.89375
H2AC8,human,Homo sapiens,ENSG00000277075,right frontal lobe,53.45,H2AC8:HGNC:4724,clustered,56.89375
H2AC8,human,Homo sapiens,ENSG00000277075,right frontal lobe,60.47,H2AC8:HGNC:4724,clustered,56.89375
H2AC8,human,Homo sapiens,ENSG00000277075,right frontal lobe,59.96,H2AC8:HGNC:4724,clustered,56.89375
H2AC8,human,Homo sapiens,ENSG00000277075,ventricular zone,73.29,H2AC8:HGNC:4724,clustered,71.995
H2AC8,human,Homo sapiens,ENSG00000277075,ventricular zone,70.7,H2AC8:HGNC:4724,clustered,71.995
H2AC8,human,Homo sapiens,ENSG00000277075,small intestine Peyer's patch,78.12,H2AC8:HGNC:4724,clustered,70.60454545454546
H2AC8,human,Homo sapiens,ENSG00000277075,small intestine Peyer's patch,72.25,H2AC8:HGNC:4724,clustered,70.60454545454546
H2AC8,human,Homo sapiens,ENSG00000277075,small intestine Peyer's patch,66.31,H2AC8:HGNC:4724,clustered,70.60454545454546
H2AC8,human,Homo sapiens,ENSG00000277075,small intestine Peyer's patch,69.02,H2AC8:HGNC:4724,clustered,70.60454545454546
H2AC8,human,Homo sapiens,ENSG00000277075,small intestine Peyer's patch,69.43,H2AC8:HGNC:4724,clustered,70.60454545454546
H2AC8,human,Homo sapiens,ENSG00000277075,small intestine Peyer's patch,71.44,H2AC8:HGNC:4724,clustered,70.60454545454546
H2AC8,human,Homo sapiens,ENSG00000277075,small intestine Peyer's patch,67.29,H2AC8:HGNC:4724,clustered,70.60454545454546
H2AC8,human,Homo sapiens,ENSG00000277075,small intestine Peyer's patch,66.82,H2AC8:HGNC:4724,clustered,70.60454545454546
H2AC8,human,Homo sapiens,ENSG00000277075,small intestine Peyer's patch,68.57,H2AC8:HGNC:4724,clustered,70.60454545454546
H2AC8,human,Homo sapiens,ENSG00000277075,small intestine Peyer's patch,71.24,H2AC8:HGNC:4724,clustered,70.60454545454546
H2AC8,human,Homo sapiens,ENSG00000277075,small intestine Peyer's patch,76.16,H2AC8:HGNC:4724,clustered,70.60454545454546
H2AC8,human,Homo sapiens,ENSG00000277075,calcaneal tendon,97.77,H2AC8:HGNC:4724,clustered,96.9
H2AC8,human,Homo sapiens,ENSG00000277075,calcaneal tendon,96.93,H2AC8:HGNC:4724,clustered,96.9
H2AC8,human,Homo sapiens,ENSG00000277075,calcaneal tendon,96.52,H2AC8:HGNC:4724,clustered,96.9
H2AC8,human,Homo sapiens,ENSG00000277075,calcaneal tendon,96.21,H2AC8:HGNC:4724,clustered,96.9
H2AC8,human,Homo sapiens,ENSG00000277075,calcaneal tendon,97.07,H2AC8:HGNC:4724,clustered,96.9
H2AC8,human,Homo sapiens,ENSG00000277075,mouth mucosa,68.09,H2AC8:HGNC:4724,clustered,69.39
H2AC8,human,Homo sapiens,ENSG00000277075,mouth mucosa,73.3,H2AC8:HGNC:4724,clustered,69.39
H2AC8,human,Homo sapiens,ENSG00000277075,mouth mucosa,68.71,H2AC8:HGNC:4724,clustered,69.39
H2AC8,human,Homo sapiens,ENSG00000277075,mouth mucosa,67.46,H2AC8:HGNC:4724,clustered,69.39
H2AC8,human,Homo sapiens,ENSG00000277075,fallopian tube,63.28,H2AC8:HGNC:4724,clustered,64.695
H2AC8,human,Homo sapiens,ENSG00000277075,fallopian tube,66.11,H2AC8:HGNC:4724,clustered,64.695
H2AC8,human,Homo sapiens,ENSG00000277075,ganglionic eminence,70.68,H2AC8:HGNC:4724,clustered,71.905
H2AC8,human,Homo sapiens,ENSG00000277075,ganglionic eminence,73.13,H2AC8:HGNC:4724,clustered,71.905
H2AC8,human,Homo sapiens,ENSG00000277075,hindlimb stylopod muscle,49.6,H2AC8:HGNC:4724,clustered,49.6
H2AC8,human,Homo sapiens,ENSG00000277075,caput epididymis,89.62,H2AC8:HGNC:4724,clustered,89.62
H2AC8,human,Homo sapiens,ENSG00000277075,corpus epididymis,83.4,H2AC8:HGNC:4724,clustered,78.07000000000001
H2AC8,human,Homo sapiens,ENSG00000277075,corpus epididymis,77.29,H2AC8:HGNC:4724,clustered,78.07000000000001
H2AC8,human,Homo sapiens,ENSG00000277075,corpus epididymis,73.52,H2AC8:HGNC:4724,clustered,78.07000000000001
H2AC8,human,Homo sapiens,ENSG00000277075,left testis,62.94,H2AC8:HGNC:4724,clustered,63.833333333333336
H2AC8,human,Homo sapiens,ENSG00000277075,left testis,61.98,H2AC8:HGNC:4724,clustered,63.833333333333336
H2AC8,human,Homo sapiens,ENSG00000277075,left testis,65.52,H2AC8:HGNC:4724,clustered,63.833333333333336
H2AC8,human,Homo sapiens,ENSG00000277075,left testis,63.77,H2AC8:HGNC:4724,clustered,63.833333333333336
H2AC8,human,Homo sapiens,ENSG00000277075,left testis,62.88,H2AC8:HGNC:4724,clustered,63.833333333333336
H2AC8,human,Homo sapiens,ENSG00000277075,left testis,65.91,H2AC8:HGNC:4724,clustered,63.833333333333336
H2AC8,human,Homo sapiens,ENSG00000277075,right testis,67.06,H2AC8:HGNC:4724,clustered,64.33
H2AC8,human,Homo sapiens,ENSG00000277075,right testis,62.77,H2AC8:HGNC:4724,clustered,64.33
H2AC8,human,Homo sapiens,ENSG00000277075,right testis,61.53,H2AC8:HGNC:4724,clustered,64.33
H2AC8,human,Homo sapiens,ENSG00000277075,right testis,62.21,H2AC8:HGNC:4724,clustered,64.33
H2AC8,human,Homo sapiens,ENSG00000277075,right testis,68.08,H2AC8:HGNC:4724,clustered,64.33
H2AC8,human,Homo sapiens,ENSG00000277075,oviduct epithelium,70.19,H2AC8:HGNC:4724,clustered,71.705
H2AC8,human,Homo sapiens,ENSG00000277075,oviduct epithelium,73.22,H2AC8:HGNC:4724,clustered,71.705
H2AC8,human,Homo sapiens,ENSG00000277075,mucosa of transverse colon,82.35,H2AC8:HGNC:4724,clustered,82.35
H2AC8,human,Homo sapiens,ENSG00000277075,thoracic mammary gland,64.25,H2AC8:HGNC:4724,clustered,58.552307692307686
H2AC8,human,Homo sapiens,ENSG00000277075,thoracic mammary gland,62.65,H2AC8:HGNC:4724,clustered,58.552307692307686
H2AC8,human,Homo sapiens,ENSG00000277075,thoracic mammary gland,58.74,H2AC8:HGNC:4724,clustered,58.552307692307686
H2AC8,human,Homo sapiens,ENSG00000277075,thoracic mammary gland,63.22,H2AC8:HGNC:4724,clustered,58.552307692307686
H2AC8,human,Homo sapiens,ENSG00000277075,thoracic mammary gland,57.19,H2AC8:HGNC:4724,clustered,58.552307692307686
H2AC8,human,Homo sapiens,ENSG00000277075,thoracic mammary gland,59.97,H2AC8:HGNC:4724,clustered,58.552307692307686
H2AC8,human,Homo sapiens,ENSG00000277075,thoracic mammary gland,56.36,H2AC8:HGNC:4724,clustered,58.552307692307686
H2AC8,human,Homo sapiens,ENSG00000277075,thoracic mammary gland,62.04,H2AC8:HGNC:4724,clustered,58.552307692307686
H2AC8,human,Homo sapiens,ENSG00000277075,thoracic mammary gland,58.96,H2AC8:HGNC:4724,clustered,58.552307692307686
H2AC8,human,Homo sapiens,ENSG00000277075,thoracic mammary gland,61.14,H2AC8:HGNC:4724,clustered,58.552307692307686
H2AC8,human,Homo sapiens,ENSG00000277075,thoracic mammary gland,48.88,H2AC8:HGNC:4724,clustered,58.552307692307686
H2AC8,human,Homo sapiens,ENSG00000277075,thoracic mammary gland,47.1,H2AC8:HGNC:4724,clustered,58.552307692307686
H2AC8,human,Homo sapiens,ENSG00000277075,thoracic mammary gland,60.68,H2AC8:HGNC:4724,clustered,58.552307692307686
H2AC8,human,Homo sapiens,ENSG00000277075,cortical plate,71.13,H2AC8:HGNC:4724,clustered,61.435
H2AC8,human,Homo sapiens,ENSG00000277075,cortical plate,51.74,H2AC8:HGNC:4724,clustered,61.435
H2AC8,human,Homo sapiens,ENSG00000277075,olfactory segment of nasal mucosa,72.23,H2AC8:HGNC:4724,clustered,72.23
H2AC8,human,Homo sapiens,ENSG00000277075,C1 segment of cervical spinal cord,79.04,H2AC8:HGNC:4724,clustered,79.9388888888889
H2AC8,human,Homo sapiens,ENSG00000277075,C1 segment of cervical spinal cord,75.19,H2AC8:HGNC:4724,clustered,79.9388888888889
H2AC8,human,Homo sapiens,ENSG00000277075,C1 segment of cervical spinal cord,77.24,H2AC8:HGNC:4724,clustered,79.9388888888889
H2AC8,human,Homo sapiens,ENSG00000277075,C1 segment of cervical spinal cord,80.82,H2AC8:HGNC:4724,clustered,79.9388888888889
H2AC8,human,Homo sapiens,ENSG00000277075,C1 segment of cervical spinal cord,77.83,H2AC8:HGNC:4724,clustered,79.9388888888889
H2AC8,human,Homo sapiens,ENSG00000277075,C1 segment of cervical spinal cord,76.08,H2AC8:HGNC:4724,clustered,79.9388888888889
H2AC8,human,Homo sapiens,ENSG00000277075,C1 segment of cervical spinal cord,81.47,H2AC8:HGNC:4724,clustered,79.9388888888889
H2AC8,human,Homo sapiens,ENSG00000277075,C1 segment of cervical spinal cord,80.34,H2AC8:HGNC:4724,clustered,79.9388888888889
H2AC8,human,Homo sapiens,ENSG00000277075,C1 segment of cervical spinal cord,91.44,H2AC8:HGNC:4724,clustered,79.9388888888889
H2AC8,human,Homo sapiens,ENSG00000277075,right atrium auricular region,63.89,H2AC8:HGNC:4724,clustered,67.32272727272726
H2AC8,human,Homo sapiens,ENSG00000277075,right atrium auricular region,64.53,H2AC8:HGNC:4724,clustered,67.32272727272726
H2AC8,human,Homo sapiens,ENSG00000277075,right atrium auricular region,69.06,H2AC8:HGNC:4724,clustered,67.32272727272726
H2AC8,human,Homo sapiens,ENSG00000277075,right atrium auricular region,73.66,H2AC8:HGNC:4724,clustered,67.32272727272726
H2AC8,human,Homo sapiens,ENSG00000277075,right atrium auricular region,65.13,H2AC8:HGNC:4724,clustered,67.32272727272726
H2AC8,human,Homo sapiens,ENSG00000277075,right atrium auricular region,67.7,H2AC8:HGNC:4724,clustered,67.32272727272726
H2AC8,human,Homo sapiens,ENSG00000277075,right atrium auricular region,66.2,H2AC8:HGNC:4724,clustered,67.32272727272726
H2AC8,human,Homo sapiens,ENSG00000277075,right atrium auricular region,67.53,H2AC8:HGNC:4724,clustered,67.32272727272726
H2AC8,human,Homo sapiens,ENSG00000277075,right atrium auricular region,59.81,H2AC8:HGNC:4724,clustered,67.32272727272726
H2AC8,human,Homo sapiens,ENSG00000277075,right atrium auricular region,68.78,H2AC8:HGNC:4724,clustered,67.32272727272726
H2AC8,human,Homo sapiens,ENSG00000277075,right atrium auricular region,74.26,H2AC8:HGNC:4724,clustered,67.32272727272726
H2AC8,human,Homo sapiens,ENSG00000277075,tibial artery,66.31,H2AC8:HGNC:4724,clustered,61.474545454545456
H2AC8,human,Homo sapiens,ENSG00000277075,tibial artery,63.43,H2AC8:HGNC:4724,clustered,61.474545454545456
H2AC8,human,Homo sapiens,ENSG00000277075,tibial artery,63.95,H2AC8:HGNC:4724,clustered,61.474545454545456
H2AC8,human,Homo sapiens,ENSG00000277075,tibial artery,65.59,H2AC8:HGNC:4724,clustered,61.474545454545456
H2AC8,human,Homo sapiens,ENSG00000277075,tibial artery,59.88,H2AC8:HGNC:4724,clustered,61.474545454545456
H2AC8,human,Homo sapiens,ENSG00000277075,tibial artery,60.33,H2AC8:HGNC:4724,clustered,61.474545454545456
H2AC8,human,Homo sapiens,ENSG00000277075,tibial artery,59.26,H2AC8:HGNC:4724,clustered,61.474545454545456
H2AC8,human,Homo sapiens,ENSG00000277075,tibial artery,59.28,H2AC8:HGNC:4724,clustered,61.474545454545456
H2AC8,human,Homo sapiens,ENSG00000277075,tibial artery,61.12,H2AC8:HGNC:4724,clustered,61.474545454545456
H2AC8,human,Homo sapiens,ENSG00000277075,tibial artery,57.26,H2AC8:HGNC:4724,clustered,61.474545454545456
H2AC8,human,Homo sapiens,ENSG00000277075,tibial artery,59.81,H2AC8:HGNC:4724,clustered,61.474545454545456
H2AC8,human,Homo sapiens,ENSG00000277075,adipose tissue of abdominal region,55.18,H2AC8:HGNC:4724,clustered,59.674
H2AC8,human,Homo sapiens,ENSG00000277075,adipose tissue of abdominal region,59.33,H2AC8:HGNC:4724,clustered,59.674
H2AC8,human,Homo sapiens,ENSG00000277075,adipose tissue of abdominal region,59.93,H2AC8:HGNC:4724,clustered,59.674
H2AC8,human,Homo sapiens,ENSG00000277075,adipose tissue of abdominal region,58.79,H2AC8:HGNC:4724,clustered,59.674
H2AC8,human,Homo sapiens,ENSG00000277075,adipose tissue of abdominal region,65.14,H2AC8:HGNC:4724,clustered,59.674
H2AC8,human,Homo sapiens,ENSG00000277075,upper lobe of left lung,70.92,H2AC8:HGNC:4724,clustered,62.60875
H2AC8,human,Homo sapiens,ENSG00000277075,upper lobe of left lung,62.81,H2AC8:HGNC:4724,clustered,62.60875
H2AC8,human,Homo sapiens,ENSG00000277075,upper lobe of left lung,60.08,H2AC8:HGNC:4724,clustered,62.60875
H2AC8,human,Homo sapiens,ENSG00000277075,upper lobe of left lung,52.27,H2AC8:HGNC:4724,clustered,62.60875
H2AC8,human,Homo sapiens,ENSG00000277075,upper lobe of left lung,68.06,H2AC8:HGNC:4724,clustered,62.60875
H2AC8,human,Homo sapiens,ENSG00000277075,upper lobe of left lung,57.74,H2AC8:HGNC:4724,clustered,62.60875
H2AC8,human,Homo sapiens,ENSG00000277075,upper lobe of left lung,63.84,H2AC8:HGNC:4724,clustered,62.60875
H2AC8,human,Homo sapiens,ENSG00000277075,upper lobe of left lung,65.15,H2AC8:HGNC:4724,clustered,62.60875
H2AC8,human,Homo sapiens,ENSG00000277075,dorsolateral prefrontal cortex,46.31,H2AC8:HGNC:4724,clustered,55.75214285714286
H2AC8,human,Homo sapiens,ENSG00000277075,dorsolateral prefrontal cortex,46.87,H2AC8:HGNC:4724,clustered,55.75214285714286
H2AC8,human,Homo sapiens,ENSG00000277075,dorsolateral prefrontal cortex,52.6,H2AC8:HGNC:4724,clustered,55.75214285714286
H2AC8,human,Homo sapiens,ENSG00000277075,dorsolateral prefrontal cortex,63.45,H2AC8:HGNC:4724,clustered,55.75214285714286
H2AC8,human,Homo sapiens,ENSG00000277075,dorsolateral prefrontal cortex,55.71,H2AC8:HGNC:4724,clustered,55.75214285714286
H2AC8,human,Homo sapiens,ENSG00000277075,dorsolateral prefrontal cortex,53.42,H2AC8:HGNC:4724,clustered,55.75214285714286
H2AC8,human,Homo sapiens,ENSG00000277075,dorsolateral prefrontal cortex,61.5,H2AC8:HGNC:4724,clustered,55.75214285714286
H2AC8,human,Homo sapiens,ENSG00000277075,dorsolateral prefrontal cortex,54.94,H2AC8:HGNC:4724,clustered,55.75214285714286
H2AC8,human,Homo sapiens,ENSG00000277075,dorsolateral prefrontal cortex,56.14,H2AC8:HGNC:4724,clustered,55.75214285714286
H2AC8,human,Homo sapiens,ENSG00000277075,dorsolateral prefrontal cortex,58.34,H2AC8:HGNC:4724,clustered,55.75214285714286
H2AC8,human,Homo sapiens,ENSG00000277075,dorsolateral prefrontal cortex,56.89,H2AC8:HGNC:4724,clustered,55.75214285714286
H2AC8,human,Homo sapiens,ENSG00000277075,dorsolateral prefrontal cortex,61.52,H2AC8:HGNC:4724,clustered,55.75214285714286
H2AC8,human,Homo sapiens,ENSG00000277075,dorsolateral prefrontal cortex,55.77,H2AC8:HGNC:4724,clustered,55.75214285714286
H2AC8,human,Homo sapiens,ENSG00000277075,dorsolateral prefrontal cortex,57.07,H2AC8:HGNC:4724,clustered,55.75214285714286
H2AC8,human,Homo sapiens,ENSG00000277075,anterior cingulate cortex,61.53,H2AC8:HGNC:4724,clustered,56.64818181818182
H2AC8,human,Homo sapiens,ENSG00000277075,anterior cingulate cortex,54.02,H2AC8:HGNC:4724,clustered,56.64818181818182
H2AC8,human,Homo sapiens,ENSG00000277075,anterior cingulate cortex,52.79,H2AC8:HGNC:4724,clustered,56.64818181818182
H2AC8,human,Homo sapiens,ENSG00000277075,anterior cingulate cortex,59.65,H2AC8:HGNC:4724,clustered,56.64818181818182
H2AC8,human,Homo sapiens,ENSG00000277075,anterior cingulate cortex,56.99,H2AC8:HGNC:4724,clustered,56.64818181818182
H2AC8,human,Homo sapiens,ENSG00000277075,anterior cingulate cortex,51.62,H2AC8:HGNC:4724,clustered,56.64818181818182
H2AC8,human,Homo sapiens,ENSG00000277075,anterior cingulate cortex,62.85,H2AC8:HGNC:4724,clustered,56.64818181818182
H2AC8,human,Homo sapiens,ENSG00000277075,anterior cingulate cortex,53.99,H2AC8:HGNC:4724,clustered,56.64818181818182
H2AC8,human,Homo sapiens,ENSG00000277075,anterior cingulate cortex,56.39,H2AC8:HGNC:4724,clustered,56.64818181818182
H2AC8,human,Homo sapiens,ENSG00000277075,anterior cingulate cortex,59.32,H2AC8:HGNC:4724,clustered,56.64818181818182
H2AC8,human,Homo sapiens,ENSG00000277075,anterior cingulate cortex,53.98,H2AC8:HGNC:4724,clustered,56.64818181818182
H2AC8,human,Homo sapiens,ENSG00000277075,body of uterus,56.26,H2AC8:HGNC:4724,clustered,56.574
H2AC8,human,Homo sapiens,ENSG00000277075,body of uterus,49.82,H2AC8:HGNC:4724,clustered,56.574
H2AC8,human,Homo sapiens,ENSG00000277075,body of uterus,53.91,H2AC8:HGNC:4724,clustered,56.574
H2AC8,human,Homo sapiens,ENSG00000277075,body of uterus,54.84,H2AC8:HGNC:4724,clustered,56.574
H2AC8,human,Homo sapiens,ENSG00000277075,body of uterus,68.04,H2AC8:HGNC:4724,clustered,56.574
H2AC8,human,Homo sapiens,ENSG00000277075,omental fat pad,60.99,H2AC8:HGNC:4724,clustered,62.39454545454546
H2AC8,human,Homo sapiens,ENSG00000277075,omental fat pad,60.94,H2AC8:HGNC:4724,clustered,62.39454545454546
H2AC8,human,Homo sapiens,ENSG00000277075,omental fat pad,54.68,H2AC8:HGNC:4724,clustered,62.39454545454546
H2AC8,human,Homo sapiens,ENSG00000277075,omental fat pad,62.08,H2AC8:HGNC:4724,clustered,62.39454545454546
H2AC8,human,Homo sapiens,ENSG00000277075,omental fat pad,60.31,H2AC8:HGNC:4724,clustered,62.39454545454546
H2AC8,human,Homo sapiens,ENSG00000277075,omental fat pad,60.51,H2AC8:HGNC:4724,clustered,62.39454545454546
H2AC8,human,Homo sapiens,ENSG00000277075,omental fat pad,59.12,H2AC8:HGNC:4724,clustered,62.39454545454546
H2AC8,human,Homo sapiens,ENSG00000277075,omental fat pad,66.16,H2AC8:HGNC:4724,clustered,62.39454545454546
H2AC8,human,Homo sapiens,ENSG00000277075,omental fat pad,60.11,H2AC8:HGNC:4724,clustered,62.39454545454546
H2AC8,human,Homo sapiens,ENSG00000277075,omental fat pad,65.77,H2AC8:HGNC:4724,clustered,62.39454545454546
H2AC8,human,Homo sapiens,ENSG00000277075,omental fat pad,75.67,H2AC8:HGNC:4724,clustered,62.39454545454546
H2AC8,human,Homo sapiens,ENSG00000277075,metanephros cortex,66.3,H2AC8:HGNC:4724,clustered,72.92
H2AC8,human,Homo sapiens,ENSG00000277075,metanephros cortex,79.54,H2AC8:HGNC:4724,clustered,72.92
H2AC8,human,Homo sapiens,ENSG00000277075,ectocervix,75.72,H2AC8:HGNC:4724,clustered,71.65799999999999
H2AC8,human,Homo sapiens,ENSG00000277075,ectocervix,94.04,H2AC8:HGNC:4724,clustered,71.65799999999999
H2AC8,human,Homo sapiens,ENSG00000277075,ectocervix,38.04,H2AC8:HGNC:4724,clustered,71.65799999999999
H2AC8,human,Homo sapiens,ENSG00000277075,ectocervix,56.83,H2AC8:HGNC:4724,clustered,71.65799999999999
H2AC8,human,Homo sapiens,ENSG00000277075,ectocervix,93.66,H2AC8:HGNC:4724,clustered,71.65799999999999
H2AC8,human,Homo sapiens,ENSG00000277075,lower esophagus,61.45,H2AC8:HGNC:4724,clustered,61.82
H2AC8,human,Homo sapiens,ENSG00000277075,lower esophagus,62.19,H2AC8:HGNC:4724,clustered,61.82
H2AC8,human,Homo sapiens,ENSG00000277075,Brodmann (1909) area 9,63.86,H2AC8:HGNC:4724,clustered,60.97625
H2AC8,human,Homo sapiens,ENSG00000277075,Brodmann (1909) area 9,52.12,H2AC8:HGNC:4724,clustered,60.97625
H2AC8,human,Homo sapiens,ENSG00000277075,Brodmann (1909) area 9,60.04,H2AC8:HGNC:4724,clustered,60.97625
H2AC8,human,Homo sapiens,ENSG00000277075,Brodmann (1909) area 9,58.61,H2AC8:HGNC:4724,clustered,60.97625
H2AC8,human,Homo sapiens,ENSG00000277075,Brodmann (1909) area 9,58.79,H2AC8:HGNC:4724,clustered,60.97625
H2AC8,human,Homo sapiens,ENSG00000277075,Brodmann (1909) area 9,62.55,H2AC8:HGNC:4724,clustered,60.97625
H2AC8,human,Homo sapiens,ENSG00000277075,Brodmann (1909) area 9,59.37,H2AC8:HGNC:4724,clustered,60.97625
H2AC8,human,Homo sapiens,ENSG00000277075,Brodmann (1909) area 9,72.47,H2AC8:HGNC:4724,clustered,60.97625
H2AC8,human,Homo sapiens,ENSG00000277075,right hemisphere of cerebellum,51.25,H2AC8:HGNC:4724,clustered,57.91555555555556
H2AC8,human,Homo sapiens,ENSG00000277075,right hemisphere of cerebellum,50.11,H2AC8:HGNC:4724,clustered,57.91555555555556
H2AC8,human,Homo sapiens,ENSG00000277075,right hemisphere of cerebellum,62.26,H2AC8:HGNC:4724,clustered,57.91555555555556
H2AC8,human,Homo sapiens,ENSG00000277075,right hemisphere of cerebellum,56.99,H2AC8:HGNC:4724,clustered,57.91555555555556
H2AC8,human,Homo sapiens,ENSG00000277075,right hemisphere of cerebellum,58.01,H2AC8:HGNC:4724,clustered,57.91555555555556
H2AC8,human,Homo sapiens,ENSG00000277075,right hemisphere of cerebellum,56.01,H2AC8:HGNC:4724,clustered,57.91555555555556
H2AC8,human,Homo sapiens,ENSG00000277075,right hemisphere of cerebellum,62.26,H2AC8:HGNC:4724,clustered,57.91555555555556
H2AC8,human,Homo sapiens,ENSG00000277075,right hemisphere of cerebellum,54.51,H2AC8:HGNC:4724,clustered,57.91555555555556
H2AC8,human,Homo sapiens,ENSG00000277075,right hemisphere of cerebellum,69.84,H2AC8:HGNC:4724,clustered,57.91555555555556
H2AC8,human,Homo sapiens,ENSG00000277075,sural nerve,69.89,H2AC8:HGNC:4724,clustered,69.89
H2AC8,human,Homo sapiens,ENSG00000277075,adrenal tissue,95.76,H2AC8:HGNC:4724,clustered,96.38666666666667
H2AC8,human,Homo sapiens,ENSG00000277075,adrenal tissue,97.25,H2AC8:HGNC:4724,clustered,96.38666666666667
H2AC8,human,Homo sapiens,ENSG00000277075,adrenal tissue,96.15,H2AC8:HGNC:4724,clustered,96.38666666666667
H2AC8,human,Homo sapiens,ENSG00000277075,muscle layer of sigmoid colon,67.23,H2AC8:HGNC:4724,clustered,66.72818181818182
H2AC8,human,Homo sapiens,ENSG00000277075,muscle layer of sigmoid colon,60.08,H2AC8:HGNC:4724,clustered,66.72818181818182
H2AC8,human,Homo sapiens,ENSG00000277075,muscle layer of sigmoid colon,65.58,H2AC8:HGNC:4724,clustered,66.72818181818182
H2AC8,human,Homo sapiens,ENSG00000277075,muscle layer of sigmoid colon,68.73,H2AC8:HGNC:4724,clustered,66.72818181818182
H2AC8,human,Homo sapiens,ENSG00000277075,muscle layer of sigmoid colon,63.44,H2AC8:HGNC:4724,clustered,66.72818181818182
H2AC8,human,Homo sapiens,ENSG00000277075,muscle layer of sigmoid colon,71.13,H2AC8:HGNC:4724,clustered,66.72818181818182
H2AC8,human,Homo sapiens,ENSG00000277075,muscle layer of sigmoid colon,62.9,H2AC8:HGNC:4724,clustered,66.72818181818182
H2AC8,human,Homo sapiens,ENSG00000277075,muscle layer of sigmoid colon,65.92,H2AC8:HGNC:4724,clustered,66.72818181818182
H2AC8,human,Homo sapiens,ENSG00000277075,muscle layer of sigmoid colon,63.92,H2AC8:HGNC:4724,clustered,66.72818181818182
H2AC8,human,Homo sapiens,ENSG00000277075,muscle layer of sigmoid colon,68.0,H2AC8:HGNC:4724,clustered,66.72818181818182
H2AC8,human,Homo sapiens,ENSG00000277075,muscle layer of sigmoid colon,77.08,H2AC8:HGNC:4724,clustered,66.72818181818182
H2AC8,human,Homo sapiens,ENSG00000277075,left adrenal gland cortex,75.06,H2AC8:HGNC:4724,clustered,71.17375
H2AC8,human,Homo sapiens,ENSG00000277075,left adrenal gland cortex,67.31,H2AC8:HGNC:4724,clustered,71.17375
H2AC8,human,Homo sapiens,ENSG00000277075,left adrenal gland cortex,79.73,H2AC8:HGNC:4724,clustered,71.17375
H2AC8,human,Homo sapiens,ENSG00000277075,left adrenal gland cortex,65.52,H2AC8:HGNC:4724,clustered,71.17375
H2AC8,human,Homo sapiens,ENSG00000277075,left adrenal gland cortex,74.27,H2AC8:HGNC:4724,clustered,71.17375
H2AC8,human,Homo sapiens,ENSG00000277075,left adrenal gland cortex,71.02,H2AC8:HGNC:4724,clustered,71.17375
H2AC8,human,Homo sapiens,ENSG00000277075,left adrenal gland cortex,67.87,H2AC8:HGNC:4724,clustered,71.17375
H2AC8,human,Homo sapiens,ENSG00000277075,left adrenal gland cortex,68.61,H2AC8:HGNC:4724,clustered,71.17375
H2AC8,human,Homo sapiens,ENSG00000277075,right adrenal gland cortex,72.73,H2AC8:HGNC:4724,clustered,69.58
H2AC8,human,Homo sapiens,ENSG00000277075,right adrenal gland cortex,68.08,H2AC8:HGNC:4724,clustered,69.58
H2AC8,human,Homo sapiens,ENSG00000277075,right adrenal gland cortex,67.93,H2AC8:HGNC:4724,clustered,69.58
H2AC8,human,Homo sapiens,ENSG00000277075,lower esophagus muscularis layer,63.41,H2AC8:HGNC:4724,clustered,60.5390909090909
H2AC8,human,Homo sapiens,ENSG00000277075,lower esophagus muscularis layer,62.06,H2AC8:HGNC:4724,clustered,60.5390909090909
H2AC8,human,Homo sapiens,ENSG00000277075,lower esophagus muscularis layer,58.7,H2AC8:HGNC:4724,clustered,60.5390909090909
H2AC8,human,Homo sapiens,ENSG00000277075,lower esophagus muscularis layer,61.46,H2AC8:HGNC:4724,clustered,60.5390909090909
H2AC8,human,Homo sapiens,ENSG00000277075,lower esophagus muscularis layer,61.64,H2AC8:HGNC:4724,clustered,60.5390909090909
H2AC8,human,Homo sapiens,ENSG00000277075,lower esophagus muscularis layer,62.26,H2AC8:HGNC:4724,clustered,60.5390909090909
H2AC8,human,Homo sapiens,ENSG00000277075,lower esophagus muscularis layer,58.55,H2AC8:HGNC:4724,clustered,60.5390909090909
H2AC8,human,Homo sapiens,ENSG00000277075,lower esophagus muscularis layer,61.55,H2AC8:HGNC:4724,clustered,60.5390909090909
H2AC8,human,Homo sapiens,ENSG00000277075,lower esophagus muscularis layer,59.22,H2AC8:HGNC:4724,clustered,60.5390909090909
H2AC8,human,Homo sapiens,ENSG00000277075,lower esophagus muscularis layer,62.02,H2AC8:HGNC:4724,clustered,60.5390909090909
H2AC8,human,Homo sapiens,ENSG00000277075,lower esophagus muscularis layer,55.06,H2AC8:HGNC:4724,clustered,60.5390909090909
H2AC8,human,Homo sapiens,ENSG00000277075,lower esophagus mucosa,87.2,H2AC8:HGNC:4724,clustered,87.2
H2AC8,human,Homo sapiens,ENSG00000277075,esophagogastric junction muscularis propria,61.64,H2AC8:HGNC:4724,clustered,61.36000000000001
H2AC8,human,Homo sapiens,ENSG00000277075,esophagogastric junction muscularis propria,64.52,H2AC8:HGNC:4724,clustered,61.36000000000001
H2AC8,human,Homo sapiens,ENSG00000277075,esophagogastric junction muscularis propria,59.8,H2AC8:HGNC:4724,clustered,61.36000000000001
H2AC8,human,Homo sapiens,ENSG00000277075,esophagogastric junction muscularis propria,59.96,H2AC8:HGNC:4724,clustered,61.36000000000001
H2AC8,human,Homo sapiens,ENSG00000277075,esophagogastric junction muscularis propria,58.68,H2AC8:HGNC:4724,clustered,61.36000000000001
H2AC8,human,Homo sapiens,ENSG00000277075,esophagogastric junction muscularis propria,62.88,H2AC8:HGNC:4724,clustered,61.36000000000001
H2AC8,human,Homo sapiens,ENSG00000277075,esophagogastric junction muscularis propria,60.7,H2AC8:HGNC:4724,clustered,61.36000000000001
H2AC8,human,Homo sapiens,ENSG00000277075,esophagogastric junction muscularis propria,61.64,H2AC8:HGNC:4724,clustered,61.36000000000001
H2AC8,human,Homo sapiens,ENSG00000277075,esophagogastric junction muscularis propria,59.15,H2AC8:HGNC:4724,clustered,61.36000000000001
H2AC8,human,Homo sapiens,ENSG00000277075,esophagogastric junction muscularis propria,64.02,H2AC8:HGNC:4724,clustered,61.36000000000001
H2AC8,human,Homo sapiens,ENSG00000277075,esophagogastric junction muscularis propria,61.97,H2AC8:HGNC:4724,clustered,61.36000000000001
H2AC8,macaca_mulatta,Macaca mulatta,ENSMMUG00000060663,spermatocyte,59.42,H2AC8:VGNC:109678,clustered,59.42
H2AC8,macaca_mulatta,Macaca mulatta,ENSMMUG00000060663,spermatid,73.05,H2AC8:VGNC:109678,clustered,73.05
H2AC8,macaca_mulatta,Macaca mulatta,ENSMMUG00000060663,fibroblast,61.2,H2AC8:VGNC:109678,clustered,61.2
H2AC8,macaca_mulatta,Macaca mulatta,ENSMMUG00000060663,adult mammalian kidney,52.61,H2AC8:VGNC:109678,clustered,55.01
H2AC8,macaca_mulatta,Macaca mulatta,ENSMMUG00000060663,adult mammalian kidney,57.41,H2AC8:VGNC:109678,clustered,55.01
H2AC8,macaca_mulatta,Macaca mulatta,ENSMMUG00000060663,prefrontal cortex,39.69,H2AC8:VGNC:109678,clustered,46.1675
H2AC8,macaca_mulatta,Macaca mulatta,ENSMMUG00000060663,prefrontal cortex,65.41,H2AC8:VGNC:109678,clustered,46.1675
H2AC8,macaca_mulatta,Macaca mulatta,ENSMMUG00000060663,prefrontal cortex,39.91,H2AC8:VGNC:109678,clustered,46.1675
H2AC8,macaca_mulatta,Macaca mulatta,ENSMMUG00000060663,prefrontal cortex,39.66,H2AC8:VGNC:109678,clustered,46.1675
H2AC8,macaca_mulatta,Macaca mulatta,ENSMMUG00000060663,multicellular organism,47.16,H2AC8:VGNC:109678,clustered,47.96
H2AC8,macaca_mulatta,Macaca mulatta,ENSMMUG00000060663,multicellular organism,49.7,H2AC8:VGNC:109678,clustered,47.96
H2AC8,macaca_mulatta,Macaca mulatta,ENSMMUG00000060663,multicellular organism,47.02,H2AC8:VGNC:109678,clustered,47.96
H2AC8,macaca_mulatta,Macaca mulatta,ENSMMUG00000060663,testis,71.44,H2AC8:VGNC:109678,clustered,65.14666666666666
H2AC8,macaca_mulatta,Macaca mulatta,ENSMMUG00000060663,testis,60.73,H2AC8:VGNC:109678,clustered,65.14666666666666
H2AC8,macaca_mulatta,Macaca mulatta,ENSMMUG00000060663,testis,63.27,H2AC8:VGNC:109678,clustered,65.14666666666666
H2AC8,macaca_mulatta,Macaca mulatta,ENSMMUG00000060663,heart,47.41,H2AC8:VGNC:109678,clustered,51.076
H2AC8,macaca_mulatta,Macaca mulatta,ENSMMUG00000060663,heart,55.67,H2AC8:VGNC:109678,clustered,51.076
H2AC8,macaca_mulatta,Macaca mulatta,ENSMMUG00000060663,heart,47.27,H2AC8:VGNC:109678,clustered,51.076
H2AC8,macaca_mulatta,Macaca mulatta,ENSMMUG00000060663,heart,58.33,H2AC8:VGNC:109678,clustered,51.076
H2AC8,macaca_mulatta,Macaca mulatta,ENSMMUG00000060663,heart,46.7,H2AC8:VGNC:109678,clustered,51.076
H2AC8,macaca_mulatta,Macaca mulatta,ENSMMUG00000060663,brain,43.28,H2AC8:VGNC:109678,clustered,42.3675
H2AC8,macaca_mulatta,Macaca mulatta,ENSMMUG00000060663,brain,40.93,H2AC8:VGNC:109678,clustered,42.3675
H2AC8,macaca_mulatta,Macaca mulatta,ENSMMUG00000060663,brain,45.12,H2AC8:VGNC:109678,clustered,42.3675
H2AC8,macaca_mulatta,Macaca mulatta,ENSMMUG00000060663,brain,40.14,H2AC8:VGNC:109678,clustered,42.3675
H2AC8,macaca_mulatta,Macaca mulatta,ENSMMUG00000060663,cerebral cortex,51.49,H2AC8:VGNC:109678,clustered,51.49
H2AC8,macaca_mulatta,Macaca mulatta,ENSMMUG00000060663,adipose tissue,63.92,H2AC8:VGNC:109678,clustered,63.92
H2AC8,macaca_mulatta,Macaca mulatta,ENSMMUG00000060663,skeletal muscle tissue,67.14,H2AC8:VGNC:109678,clustered,56.019999999999996
H2AC8,macaca_mulatta,Macaca mulatta,ENSMMUG00000060663,skeletal muscle tissue,44.9,H2AC8:VGNC:109678,clustered,56.019999999999996
H2AC8,macaca_mulatta,Macaca mulatta,ENSMMUG00000060663,colon,54.31,H2AC8:VGNC:109678,clustered,54.31
H2AC8,macaca_mulatta,Macaca mulatta,ENSMMUG00000060663,cortex of kidney,51.74,H2AC8:VGNC:109678,clustered,51.74
H2AC8,macaca_mulatta,Macaca mulatta,ENSMMUG00000060663,frontal cortex,47.08,H2AC8:VGNC:109678,clustered,47.08
H2AC8,macaca_mulatta,Macaca mulatta,ENSMMUG00000060663,cerebellum,47.92,H2AC8:VGNC:109678,clustered,53.325
H2AC8,macaca_mulatta,Macaca mulatta,ENSMMUG00000060663,cerebellum,55.49,H2AC8:VGNC:109678,clustered,53.325
H2AC8,macaca_mulatta,Macaca mulatta,ENSMMUG00000060663,cerebellum,54.33,H2AC8:VGNC:109678,clustered,53.325
H2AC8,macaca_mulatta,Macaca mulatta,ENSMMUG00000060663,cerebellum,55.56,H2AC8:VGNC:109678,clustered,53.325
H2AC8,macaca_mulatta,Macaca mulatta,ENSMMUG00000060663,lung,52.12,H2AC8:VGNC:109678,clustered,46.425
H2AC8,macaca_mulatta,Macaca mulatta,ENSMMUG00000060663,lung,40.73,H2AC8:VGNC:109678,clustered,46.425
H2AC8,macaca_mulatta,Macaca mulatta,ENSMMUG00000060663,spleen,51.53,H2AC8:VGNC:109678,clustered,48.935
H2AC8,macaca_mulatta,Macaca mulatta,ENSMMUG00000060663,spleen,46.34,H2AC8:VGNC:109678,clustered,48.935
H2AC8,macaca_mulatta,Macaca mulatta,ENSMMUG00000060663,liver,49.05,H2AC8:VGNC:109678,clustered,59.519999999999996
H2AC8,macaca_mulatta,Macaca mulatta,ENSMMUG00000060663,liver,52.22,H2AC8:VGNC:109678,clustered,59.519999999999996
H2AC8,macaca_mulatta,Macaca mulatta,ENSMMUG00000060663,liver,45.44,H2AC8:VGNC:109678,clustered,59.519999999999996
H2AC8,macaca_mulatta,Macaca mulatta,ENSMMUG00000060663,liver,57.27,H2AC8:VGNC:109678,clustered,59.519999999999996
H2AC8,macaca_mulatta,Macaca mulatta,ENSMMUG00000060663,liver,66.11,H2AC8:VGNC:109678,clustered,59.519999999999996
H2AC8,macaca_mulatta,Macaca mulatta,ENSMMUG00000060663,liver,75.38,H2AC8:VGNC:109678,clustered,59.519999999999996
H2AC8,macaca_mulatta,Macaca mulatta,ENSMMUG00000060663,liver,71.17,H2AC8:VGNC:109678,clustered,59.519999999999996
H2AC8,macaca_mulatta,Macaca mulatta,ENSMMUG00000060663,kidney,52.01,H2AC8:VGNC:109678,clustered,52.915
H2AC8,macaca_mulatta,Macaca mulatta,ENSMMUG00000060663,kidney,53.82,H2AC8:VGNC:109678,clustered,52.915
H2AC8,macaca_mulatta,Macaca mulatta,ENSMMUG00000060663,cerebellar cortex,56.05,H2AC8:VGNC:109678,clustered,62.416666666666664
H2AC8,macaca_mulatta,Macaca mulatta,ENSMMUG00000060663,cerebellar cortex,70.3,H2AC8:VGNC:109678,clustered,62.416666666666664
H2AC8,macaca_mulatta,Macaca mulatta,ENSMMUG00000060663,cerebellar cortex,60.9,H2AC8:VGNC:109678,clustered,62.416666666666664
H2AC8,macaca_mulatta,Macaca mulatta,ENSMMUG00000060663,primary visual cortex,51.59,H2AC8:VGNC:109678,clustered,51.59
H2AC8,macaca_mulatta,Macaca mulatta,ENSMMUG00000060663,superior frontal gyrus,40.82,H2AC8:VGNC:109678,clustered,40.82
H2AC8,macaca_mulatta,Macaca mulatta,ENSMMUG00000060663,hindlimb stylopod muscle,43.78,H2AC8:VGNC:109678,clustered,43.78
H2AC8,macaca_mulatta,Macaca mulatta,ENSMMUG00000060663,olfactory segment of nasal mucosa,49.02,H2AC8:VGNC:109678,clustered,49.02
H2AC8,macaca_mulatta,Macaca mulatta,ENSMMUG00000060663,dorsolateral prefrontal cortex,49.77,H2AC8:VGNC:109678,clustered,49.77
H2AC8,pan_troglodytes,Pan troglodytes,ENSPTRG00000045582,fibroblast,63.76,H2AC8:VGNC:14372,clustered,63.435
H2AC8,pan_troglodytes,Pan troglodytes,ENSPTRG00000045582,fibroblast,63.11,H2AC8:VGNC:14372,clustered,63.435
H2AC8,pan_troglodytes,Pan troglodytes,ENSPTRG00000045582,pituitary gland,68.83,H2AC8:VGNC:14372,clustered,68.83
H2AC8,pan_troglodytes,Pan troglodytes,ENSPTRG00000045582,lymph node,81.6,H2AC8:VGNC:14372,clustered,81.6
H2AC8,pan_troglodytes,Pan troglodytes,ENSPTRG00000045582,adult mammalian kidney,48.33,H2AC8:VGNC:14372,clustered,54.47
H2AC8,pan_troglodytes,Pan troglodytes,ENSPTRG00000045582,adult mammalian kidney,58.88,H2AC8:VGNC:14372,clustered,54.47
H2AC8,pan_troglodytes,Pan troglodytes,ENSPTRG00000045582,adult mammalian kidney,56.2,H2AC8:VGNC:14372,clustered,54.47
H2AC8,pan_troglodytes,Pan troglodytes,ENSPTRG00000045582,prefrontal cortex,46.39,H2AC8:VGNC:14372,clustered,45.47
H2AC8,pan_troglodytes,Pan troglodytes,ENSPTRG00000045582,prefrontal cortex,39.03,H2AC8:VGNC:14372,clustered,45.47
H2AC8,pan_troglodytes,Pan troglodytes,ENSPTRG00000045582,prefrontal cortex,47.74,H2AC8:VGNC:14372,clustered,45.47
H2AC8,pan_troglodytes,Pan troglodytes,ENSPTRG00000045582,prefrontal cortex,45.33,H2AC8:VGNC:14372,clustered,45.47
H2AC8,pan_troglodytes,Pan troglodytes,ENSPTRG00000045582,prefrontal cortex,48.68,H2AC8:VGNC:14372,clustered,45.47
H2AC8,pan_troglodytes,Pan troglodytes,ENSPTRG00000045582,prefrontal cortex,45.65,H2AC8:VGNC:14372,clustered,45.47
H2AC8,pan_troglodytes,Pan troglodytes,ENSPTRG00000045582,multicellular organism,49.27,H2AC8:VGNC:14372,clustered,50.620000000000005
H2AC8,pan_troglodytes,Pan troglodytes,ENSPTRG00000045582,multicellular organism,51.97,H2AC8:VGNC:14372,clustered,50.620000000000005
H2AC8,pan_troglodytes,Pan troglodytes,ENSPTRG00000045582,testis,67.57,H2AC8:VGNC:14372,clustered,70.935
H2AC8,pan_troglodytes,Pan troglodytes,ENSPTRG00000045582,testis,74.3,H2AC8:VGNC:14372,clustered,70.935
H2AC8,pan_troglodytes,Pan troglodytes,ENSPTRG00000045582,heart,68.04,H2AC8:VGNC:14372,clustered,64.47
H2AC8,pan_troglodytes,Pan troglodytes,ENSPTRG00000045582,heart,64.02,H2AC8:VGNC:14372,clustered,64.47
H2AC8,pan_troglodytes,Pan troglodytes,ENSPTRG00000045582,heart,69.83,H2AC8:VGNC:14372,clustered,64.47
H2AC8,pan_troglodytes,Pan troglodytes,ENSPTRG00000045582,heart,57.13,H2AC8:VGNC:14372,clustered,64.47
H2AC8,pan_troglodytes,Pan troglodytes,ENSPTRG00000045582,heart,63.33,H2AC8:VGNC:14372,clustered,64.47
H2AC8,pan_troglodytes,Pan troglodytes,ENSPTRG00000045582,cerebral cortex,45.23,H2AC8:VGNC:14372,clustered,45.23
H2AC8,pan_troglodytes,Pan troglodytes,ENSPTRG00000045582,skeletal muscle tissue,65.06,H2AC8:VGNC:14372,clustered,65.06
H2AC8,pan_troglodytes,Pan troglodytes,ENSPTRG00000045582,colon,74.28,H2AC8:VGNC:14372,clustered,74.28
H2AC8,pan_troglodytes,Pan troglodytes,ENSPTRG00000045582,cortex of kidney,56.82,H2AC8:VGNC:14372,clustered,57.055
H2AC8,pan_troglodytes,Pan troglodytes,ENSPTRG00000045582,cortex of kidney,57.29,H2AC8:VGNC:14372,clustered,57.055
H2AC8,pan_troglodytes,Pan troglodytes,ENSPTRG00000045582,frontal cortex,47.76,H2AC8:VGNC:14372,clustered,46.79
H2AC8,pan_troglodytes,Pan troglodytes,ENSPTRG00000045582,frontal cortex,45.82,H2AC8:VGNC:14372,clustered,46.79
H2AC8,pan_troglodytes,Pan troglodytes,ENSPTRG00000045582,temporal lobe,91.64,H2AC8:VGNC:14372,clustered,91.64
H2AC8,pan_troglodytes,Pan troglodytes,ENSPTRG00000045582,cerebellum,50.71,H2AC8:VGNC:14372,clustered,52.985
H2AC8,pan_troglodytes,Pan troglodytes,ENSPTRG00000045582,cerebellum,55.26,H2AC8:VGNC:14372,clustered,52.985
H2AC8,pan_troglodytes,Pan troglodytes,ENSPTRG00000045582,lung,68.72,H2AC8:VGNC:14372,clustered,68.72
H2AC8,pan_troglodytes,Pan troglodytes,ENSPTRG00000045582,spleen,76.18,H2AC8:VGNC:14372,clustered,76.18
H2AC8,pan_troglodytes,Pan troglodytes,ENSPTRG00000045582,liver,39.07,H2AC8:VGNC:14372,clustered,48.118
H2AC8,pan_troglodytes,Pan troglodytes,ENSPTRG00000045582,liver,44.0,H2AC8:VGNC:14372,clustered,48.118
H2AC8,pan_troglodytes,Pan troglodytes,ENSPTRG00000045582,liver,56.2,H2AC8:VGNC:14372,clustered,48.118
H2AC8,pan_troglodytes,Pan troglodytes,ENSPTRG00000045582,liver,50.05,H2AC8:VGNC:14372,clustered,48.118
H2AC8,pan_troglodytes,Pan troglodytes,ENSPTRG00000045582,liver,51.27,H2AC8:VGNC:14372,clustered,48.118
H2AC8,pan_troglodytes,Pan troglodytes,ENSPTRG00000045582,cerebellar cortex,51.82,H2AC8:VGNC:14372,clustered,50.79600000000001
H2AC8,pan_troglodytes,Pan troglodytes,ENSPTRG00000045582,cerebellar cortex,58.39,H2AC8:VGNC:14372,clustered,50.79600000000001
H2AC8,pan_troglodytes,Pan troglodytes,ENSPTRG00000045582,cerebellar cortex,55.54,H2AC8:VGNC:14372,clustered,50.79600000000001
H2AC8,pan_troglodytes,Pan troglodytes,ENSPTRG00000045582,cerebellar cortex,48.46,H2AC8:VGNC:14372,clustered,50.79600000000001
H2AC8,pan_troglodytes,Pan troglodytes,ENSPTRG00000045582,cerebellar cortex,39.77,H2AC8:VGNC:14372,clustered,50.79600000000001
H2AC8,pan_troglodytes,Pan troglodytes,ENSPTRG00000045582,thymus,99.55,H2AC8:VGNC:14372,clustered,99.55
H2AC8,pan_troglodytes,Pan troglodytes,ENSPTRG00000045582,bone marrow,99.38,H2AC8:VGNC:14372,clustered,99.38
H2AC8,pan_troglodytes,Pan troglodytes,ENSPTRG00000045582,primary visual cortex,57.04,H2AC8:VGNC:14372,clustered,55.305
H2AC8,pan_troglodytes,Pan troglodytes,ENSPTRG00000045582,primary visual cortex,53.57,H2AC8:VGNC:14372,clustered,55.305
H2AC8,pan_troglodytes,Pan troglodytes,ENSPTRG00000045582,superior frontal gyrus,40.6,H2AC8:VGNC:14372,clustered,44.3675
H2AC8,pan_troglodytes,Pan troglodytes,ENSPTRG00000045582,superior frontal gyrus,41.22,H2AC8:VGNC:14372,clustered,44.3675
H2AC8,pan_troglodytes,Pan troglodytes,ENSPTRG00000045582,superior frontal gyrus,46.37,H2AC8:VGNC:14372,clustered,44.3675
H2AC8,pan_troglodytes,Pan troglodytes,ENSPTRG00000045582,superior frontal gyrus,44.95,H2AC8:VGNC:14372,clustered,44.3675
H2AC8,pan_troglodytes,Pan troglodytes,ENSPTRG00000045582,superior frontal gyrus,46.98,H2AC8:VGNC:14372,clustered,44.3675
H2AC8,pan_troglodytes,Pan troglodytes,ENSPTRG00000045582,superior frontal gyrus,34.74,H2AC8:VGNC:14372,clustered,44.3675
H2AC8,pan_troglodytes,Pan troglodytes,ENSPTRG00000045582,superior frontal gyrus,52.12,H2AC8:VGNC:14372,clustered,44.3675
H2AC8,pan_troglodytes,Pan troglodytes,ENSPTRG00000045582,superior frontal gyrus,47.96,H2AC8:VGNC:14372,clustered,44.3675
H2AC8,pan_troglodytes,Pan troglodytes,ENSPTRG00000045582,hindlimb stylopod muscle,50.81,H2AC8:VGNC:14372,clustered,45.43
H2AC8,pan_troglodytes,Pan troglodytes,ENSPTRG00000045582,hindlimb stylopod muscle,40.05,H2AC8:VGNC:14372,clustered,45.43
H2AC8,pan_troglodytes,Pan troglodytes,ENSPTRG00000045582,dorsolateral prefrontal cortex,32.79,H2AC8:VGNC:14372,clustered,37.26
H2AC8,pan_troglodytes,Pan troglodytes,ENSPTRG00000045582,dorsolateral prefrontal cortex,41.73,H2AC8:VGNC:14372,clustered,37.26
H2AC8,pan_troglodytes,Pan troglodytes,ENSPTRG00000045582,Brodmann (1909) area 10,42.41,H2AC8:VGNC:14372,clustered,42.41
