display_order	presentation_number	ensembl_gene_id	gene_name	label	class	tissue	cell_mean_score	cell_std_score	cell_n	cell_status
1	18	ENSG00000274183	H2AB1	H2AB1:HGNC:22516	variant	Ammon's horn	32.03666666666667	4.499437001818486	3	present_gold
1	18	ENSG00000274183	H2AB1	H2AB1:HGNC:22516	variant	Brodmann (1909) area 9	31.15333333333333	3.258072027032754	3	present_gold
1	18	ENSG00000274183	H2AB1	H2AB1:HGNC:22516	variant	C1 segment of cervical spinal cord	29.5	2.44	3	present_gold
1	18	ENSG00000274183	H2AB1	H2AB1:HGNC:22516	variant	adenohypophysis	50.64333333333334	8.547428463188991	3	present_gold
1	18	ENSG00000274183	H2AB1	H2AB1:HGNC:22516	variant	adipose tissue	28.53	0.2969848480983486	2	present_gold
1	18	ENSG00000274183	H2AB1	H2AB1:HGNC:22516	variant	adrenal gland	38.16666666666666	18.19878384215092	3	present_gold
1	18	ENSG00000274183	H2AB1	H2AB1:HGNC:22516	variant	adrenal tissue	0.0	0.0	0	observed_zero
1	18	ENSG00000274183	H2AB1	H2AB1:HGNC:22516	variant	adult mammalian kidney	42.17333333333334	23.337946210695865	3	present_gold
1	18	ENSG00000274183	H2AB1	H2AB1:HGNC:22516	variant	amygdala	32.7775	5.221943284512641	4	present_gold
1	18	ENSG00000274183	H2AB1	H2AB1:HGNC:22516	variant	anterior cingulate cortex	33.474999999999994	6.205086623085933	4	present_gold
1	18	ENSG00000274183	H2AB1	H2AB1:HGNC:22516	variant	apex of heart	63.94	0.0	1	present_gold
1	18	ENSG00000274183	H2AB1	H2AB1:HGNC:22516	variant	ascending aorta	31.76875	4.3699769123286805	8	present_gold
1	18	ENSG00000274183	H2AB1	H2AB1:HGNC:22516	variant	blood	49.376875	6.890113418273075	16	present_gold
1	18	ENSG00000274183	H2AB1	H2AB1:HGNC:22516	variant	body of pancreas	33.2775	5.579733416571084	4	present_gold
1	18	ENSG00000274183	H2AB1	H2AB1:HGNC:22516	variant	body of stomach	30.743333333333336	3.1754474750287827	6	present_gold
1	18	ENSG00000274183	H2AB1	H2AB1:HGNC:22516	variant	body of uterus	30.57	5.501290757631341	2	present_gold
1	18	ENSG00000274183	H2AB1	H2AB1:HGNC:22516	variant	bone marrow	49.68	0.0	1	present_gold
1	18	ENSG00000274183	H2AB1	H2AB1:HGNC:22516	variant	bone marrow cell	0.0	0.0	0	observed_zero
1	18	ENSG00000274183	H2AB1	H2AB1:HGNC:22516	variant	brain	27.676666666666662	0.3496188400720605	3	present_gold
1	18	ENSG00000274183	H2AB1	H2AB1:HGNC:22516	variant	calcaneal tendon	0.0	0.0	0	observed_zero
1	18	ENSG00000274183	H2AB1	H2AB1:HGNC:22516	variant	caudate nucleus	29.4975	6.733713066850016	4	present_gold
1	18	ENSG00000274183	H2AB1	H2AB1:HGNC:22516	variant	cerebellar cortex	26.275	2.7506453788156704	2	present_gold
1	18	ENSG00000274183	H2AB1	H2AB1:HGNC:22516	variant	cerebellar hemisphere	28.68285714285714	5.542161775233303	7	present_gold
1	18	ENSG00000274183	H2AB1	H2AB1:HGNC:22516	variant	cerebellum	24.56	1.6546298679765212	2	present_gold
1	18	ENSG00000274183	H2AB1	H2AB1:HGNC:22516	variant	cerebral cortex	28.92	0.0	1	present_gold
1	18	ENSG00000274183	H2AB1	H2AB1:HGNC:22516	variant	colon	31.20142857142857	5.34365177436875	7	present_gold
1	18	ENSG00000274183	H2AB1	H2AB1:HGNC:22516	variant	colonic epithelium	0.0	0.0	0	observed_zero
1	18	ENSG00000274183	H2AB1	H2AB1:HGNC:22516	variant	corpus callosum	0.0	0.0	0	observed_zero
1	18	ENSG00000274183	H2AB1	H2AB1:HGNC:22516	variant	cortex of kidney	47.755	13.34310496099015	2	present_gold
1	18	ENSG00000274183	H2AB1	H2AB1:HGNC:22516	variant	cortical plate	53.105	2.7789296500631315	2	present_gold
1	18	ENSG00000274183	H2AB1	H2AB1:HGNC:22516	variant	descending thoracic aorta	0.0	0.0	0	observed_zero
1	18	ENSG00000274183	H2AB1	H2AB1:HGNC:22516	variant	dorsolateral prefrontal cortex	29.72833333333333	4.791343931160303	6	present_gold
1	18	ENSG00000274183	H2AB1	H2AB1:HGNC:22516	variant	duodenum	44.93	0.0	1	present_gold
1	18	ENSG00000274183	H2AB1	H2AB1:HGNC:22516	variant	ectocervix	55.69	1.880904037956219	2	present_gold
1	18	ENSG00000274183	H2AB1	H2AB1:HGNC:22516	variant	endocervix	51.7	0.0	1	present_gold
1	18	ENSG00000274183	H2AB1	H2AB1:HGNC:22516	variant	endometrium	30.28	0.0	1	present_gold
1	18	ENSG00000274183	H2AB1	H2AB1:HGNC:22516	variant	esophagogastric junction muscularis propria	32.066250000000004	4.9683453339258605	8	present_gold
1	18	ENSG00000274183	H2AB1	H2AB1:HGNC:22516	variant	esophagus	29.795	0.7884795495128584	4	present_gold
1	18	ENSG00000274183	H2AB1	H2AB1:HGNC:22516	variant	esophagus mucosa	30.68142857142857	2.5995988701556034	7	present_gold
1	18	ENSG00000274183	H2AB1	H2AB1:HGNC:22516	variant	fallopian tube	31.15	0.0	1	present_gold
1	18	ENSG00000274183	H2AB1	H2AB1:HGNC:22516	variant	frontal cortex	32.95	7.186491958296946	4	present_gold
1	18	ENSG00000274183	H2AB1	H2AB1:HGNC:22516	variant	fundus of stomach	46.315	9.157032816365788	2	present_gold
1	18	ENSG00000274183	H2AB1	H2AB1:HGNC:22516	variant	gall bladder	34.48	0.0	1	present_gold
1	18	ENSG00000274183	H2AB1	H2AB1:HGNC:22516	variant	ganglionic eminence	50.605	7.360981592151963	2	present_gold
1	18	ENSG00000274183	H2AB1	H2AB1:HGNC:22516	variant	gastrocnemius	36.31699999999999	5.0115046531844	10	present_gold
1	18	ENSG00000274183	H2AB1	H2AB1:HGNC:22516	variant	granulocyte	0.0	0.0	0	observed_zero
1	18	ENSG00000274183	H2AB1	H2AB1:HGNC:22516	variant	heart	37.2	9.309403847723011	4	present_gold
1	18	ENSG00000274183	H2AB1	H2AB1:HGNC:22516	variant	heart left ventricle	41.470000000000006	10.929338192833695	7	present_gold
1	18	ENSG00000274183	H2AB1	H2AB1:HGNC:22516	variant	hindlimb stylopod muscle	48.87	0.0	1	present_gold
1	18	ENSG00000274183	H2AB1	H2AB1:HGNC:22516	variant	hypothalamus	27.456666666666667	1.2764142483274523	3	present_gold
1	18	ENSG00000274183	H2AB1	H2AB1:HGNC:22516	variant	intestine	29.81	0.0	1	present_gold
1	18	ENSG00000274183	H2AB1	H2AB1:HGNC:22516	variant	islet of Langerhans	31.16	0.0	1	present_gold
1	18	ENSG00000274183	H2AB1	H2AB1:HGNC:22516	variant	kidney	33.45	0.0	1	present_gold
1	18	ENSG00000274183	H2AB1	H2AB1:HGNC:22516	variant	left adrenal gland	24.843333333333334	2.393790578420204	3	present_gold
1	18	ENSG00000274183	H2AB1	H2AB1:HGNC:22516	variant	left adrenal gland cortex	41.48	14.546576916924474	3	present_gold
1	18	ENSG00000274183	H2AB1	H2AB1:HGNC:22516	variant	left coronary artery	30.675	0.3747665940288709	2	present_gold
1	18	ENSG00000274183	H2AB1	H2AB1:HGNC:22516	variant	left lobe of thyroid gland	24.416666666666668	2.5230404937957958	3	present_gold
1	18	ENSG00000274183	H2AB1	H2AB1:HGNC:22516	variant	left ovary	30.73	3.893387556700034	4	present_gold
1	18	ENSG00000274183	H2AB1	H2AB1:HGNC:22516	variant	left testis	54.545	6.468006648110373	6	present_gold
1	18	ENSG00000274183	H2AB1	H2AB1:HGNC:22516	variant	left uterine tube	35.85	0.0	1	present_gold
1	18	ENSG00000274183	H2AB1	H2AB1:HGNC:22516	variant	leukocyte	0.0	0.0	0	observed_zero
1	18	ENSG00000274183	H2AB1	H2AB1:HGNC:22516	variant	liver	40.47285714285714	3.997364608029121	7	present_gold
1	18	ENSG00000274183	H2AB1	H2AB1:HGNC:22516	variant	lower esophagus	28.285	1.1950104602052638	2	present_gold
1	18	ENSG00000274183	H2AB1	H2AB1:HGNC:22516	variant	lower esophagus mucosa	69.03	0.0	1	present_gold
1	18	ENSG00000274183	H2AB1	H2AB1:HGNC:22516	variant	lower esophagus muscularis layer	33.063	6.47611174496961	10	present_gold
1	18	ENSG00000274183	H2AB1	H2AB1:HGNC:22516	variant	lung	24.683333333333334	3.495773638743409	3	present_gold
1	18	ENSG00000274183	H2AB1	H2AB1:HGNC:22516	variant	lymph node	40.0	1.9233304448274084	2	present_gold
1	18	ENSG00000274183	H2AB1	H2AB1:HGNC:22516	variant	male germ line stem cell (sensu Vertebrata) in testis	96.98	0.0	1	present_gold
1	18	ENSG00000274183	H2AB1	H2AB1:HGNC:22516	variant	metanephros cortex	48.18	0.0	1	present_gold
1	18	ENSG00000274183	H2AB1	H2AB1:HGNC:22516	variant	minor salivary gland	32.292500000000004	10.99521524724884	4	present_gold
1	18	ENSG00000274183	H2AB1	H2AB1:HGNC:22516	variant	monocyte	33.48	0.0	1	present_gold
1	18	ENSG00000274183	H2AB1	H2AB1:HGNC:22516	variant	mucosa of stomach	0.0	0.0	0	observed_zero
1	18	ENSG00000274183	H2AB1	H2AB1:HGNC:22516	variant	mucosa of transverse colon	0.0	0.0	0	observed_zero
1	18	ENSG00000274183	H2AB1	H2AB1:HGNC:22516	variant	muscle layer of sigmoid colon	33.06777777777778	9.675739994669373	9	present_gold
1	18	ENSG00000274183	H2AB1	H2AB1:HGNC:22516	variant	muscle of leg	36.14	1.6263455967290572	2	present_gold
1	18	ENSG00000274183	H2AB1	H2AB1:HGNC:22516	variant	muscle tissue	37.24	0.0	1	present_gold
1	18	ENSG00000274183	H2AB1	H2AB1:HGNC:22516	variant	myometrium	38.16833333333333	12.917991200905297	6	present_gold
1	18	ENSG00000274183	H2AB1	H2AB1:HGNC:22516	variant	nucleus accumbens	26.4625	3.903625451636808	4	present_gold
1	18	ENSG00000274183	H2AB1	H2AB1:HGNC:22516	variant	olfactory segment of nasal mucosa	43.97	0.0	1	present_gold
1	18	ENSG00000274183	H2AB1	H2AB1:HGNC:22516	variant	omental fat pad	29.3125	3.821834824867688	8	present_gold
1	18	ENSG00000274183	H2AB1	H2AB1:HGNC:22516	variant	ovary	31.48	5.570987345166023	3	present_gold
1	18	ENSG00000274183	H2AB1	H2AB1:HGNC:22516	variant	pancreas	0.0	0.0	0	observed_zero
1	18	ENSG00000274183	H2AB1	H2AB1:HGNC:22516	variant	pituitary gland	30.766666666666666	11.321144229567375	6	present_gold
1	18	ENSG00000274183	H2AB1	H2AB1:HGNC:22516	variant	placenta	0.0	0.0	0	observed_zero
1	18	ENSG00000274183	H2AB1	H2AB1:HGNC:22516	variant	popliteal artery	0.0	0.0	0	observed_zero
1	18	ENSG00000274183	H2AB1	H2AB1:HGNC:22516	variant	prefrontal cortex	38.045	4.890606642670552	4	present_gold
1	18	ENSG00000274183	H2AB1	H2AB1:HGNC:22516	variant	primary visual cortex	36.61	0.0	1	present_gold
1	18	ENSG00000274183	H2AB1	H2AB1:HGNC:22516	variant	prostate gland	26.331666666666667	5.107404102542373	6	present_gold
1	18	ENSG00000274183	H2AB1	H2AB1:HGNC:22516	variant	putamen	32.760000000000005	7.428539560371204	5	present_gold
1	18	ENSG00000274183	H2AB1	H2AB1:HGNC:22516	variant	rectum	0.0	0.0	0	observed_zero
1	18	ENSG00000274183	H2AB1	H2AB1:HGNC:22516	variant	right adrenal gland	37.38	0.0	1	present_gold
1	18	ENSG00000274183	H2AB1	H2AB1:HGNC:22516	variant	right adrenal gland cortex	0.0	0.0	0	observed_zero
1	18	ENSG00000274183	H2AB1	H2AB1:HGNC:22516	variant	right atrium auricular region	39.0875	8.554991441926084	8	present_gold
1	18	ENSG00000274183	H2AB1	H2AB1:HGNC:22516	variant	right coronary artery	0.0	0.0	0	observed_zero
1	18	ENSG00000274183	H2AB1	H2AB1:HGNC:22516	variant	right frontal lobe	29.83666666666667	8.980571622489666	6	present_gold
1	18	ENSG00000274183	H2AB1	H2AB1:HGNC:22516	variant	right hemisphere of cerebellum	40.3225	13.772911517419498	4	present_gold
1	18	ENSG00000274183	H2AB1	H2AB1:HGNC:22516	variant	right lobe of liver	50.452	9.851998274461886	5	present_gold
1	18	ENSG00000274183	H2AB1	H2AB1:HGNC:22516	variant	right lobe of thyroid gland	36.84666666666666	0.2853652630109934	3	present_gold
1	18	ENSG00000274183	H2AB1	H2AB1:HGNC:22516	variant	right lung	49.04	0.0	1	present_gold
1	18	ENSG00000274183	H2AB1	H2AB1:HGNC:22516	variant	right ovary	32.69	0.0	1	present_gold
1	18	ENSG00000274183	H2AB1	H2AB1:HGNC:22516	variant	right testis	59.197500000000005	16.458425147423227	4	present_gold
1	18	ENSG00000274183	H2AB1	H2AB1:HGNC:22516	variant	right uterine tube	0.0	0.0	0	observed_zero
1	18	ENSG00000274183	H2AB1	H2AB1:HGNC:22516	variant	saliva-secreting gland	25.09	0.0	1	present_gold
1	18	ENSG00000274183	H2AB1	H2AB1:HGNC:22516	variant	skeletal muscle tissue	44.93	0.0	1	present_gold
1	18	ENSG00000274183	H2AB1	H2AB1:HGNC:22516	variant	skin of abdomen	27.73	2.4917564086402977	5	present_gold
1	18	ENSG00000274183	H2AB1	H2AB1:HGNC:22516	variant	skin of leg	33.32	7.067179423221119	9	present_gold
1	18	ENSG00000274183	H2AB1	H2AB1:HGNC:22516	variant	small intestine	30.435	0.2899137802864845	2	present_gold
1	18	ENSG00000274183	H2AB1	H2AB1:HGNC:22516	variant	small intestine Peyer's patch	29.766	3.063156868330449	5	present_gold
1	18	ENSG00000274183	H2AB1	H2AB1:HGNC:22516	variant	smooth muscle tissue	39.46	0.0	1	present_gold
1	18	ENSG00000274183	H2AB1	H2AB1:HGNC:22516	variant	spleen	29.8425	2.041678231259765	8	present_gold
1	18	ENSG00000274183	H2AB1	H2AB1:HGNC:22516	variant	stomach	28.602	0.6720639850490424	5	present_gold
1	18	ENSG00000274183	H2AB1	H2AB1:HGNC:22516	variant	stromal cell of endometrium	0.0	0.0	0	observed_zero
1	18	ENSG00000274183	H2AB1	H2AB1:HGNC:22516	variant	subcutaneous adipose tissue	31.28	5.384081475361729	7	present_gold
1	18	ENSG00000274183	H2AB1	H2AB1:HGNC:22516	variant	substantia nigra	39.036	14.679064343479116	5	present_gold
1	18	ENSG00000274183	H2AB1	H2AB1:HGNC:22516	variant	superior frontal gyrus	42.26	13.336033893178286	2	present_gold
1	18	ENSG00000274183	H2AB1	H2AB1:HGNC:22516	variant	sural nerve	0.0	0.0	0	observed_zero
1	18	ENSG00000274183	H2AB1	H2AB1:HGNC:22516	variant	temporal lobe	0.0	0.0	0	observed_zero
1	18	ENSG00000274183	H2AB1	H2AB1:HGNC:22516	variant	testis	63.47714285714286	15.518701314098116	7	present_gold
1	18	ENSG00000274183	H2AB1	H2AB1:HGNC:22516	variant	thoracic aorta	31.33	2.702961338976197	5	present_gold
1	18	ENSG00000274183	H2AB1	H2AB1:HGNC:22516	variant	thoracic mammary gland	31.471666666666664	6.369842750544684	6	present_gold
1	18	ENSG00000274183	H2AB1	H2AB1:HGNC:22516	variant	thyroid gland	29.34375	10.074095404267606	8	present_gold
1	18	ENSG00000274183	H2AB1	H2AB1:HGNC:22516	variant	tibial artery	32.7	4.171690304900402	7	present_gold
1	18	ENSG00000274183	H2AB1	H2AB1:HGNC:22516	variant	tibial nerve	29.54875	5.320779850199188	8	present_gold
1	18	ENSG00000274183	H2AB1	H2AB1:HGNC:22516	variant	tonsil	42.175	11.589480143647515	2	present_gold
1	18	ENSG00000274183	H2AB1	H2AB1:HGNC:22516	variant	transverse colon	27.951	3.5504473896491784	10	present_gold
1	18	ENSG00000274183	H2AB1	H2AB1:HGNC:22516	variant	upper lobe of left lung	28.814	2.6749448592447664	5	present_gold
1	18	ENSG00000274183	H2AB1	H2AB1:HGNC:22516	variant	urinary bladder	32.45	2.772598059582384	3	present_gold
1	18	ENSG00000274183	H2AB1	H2AB1:HGNC:22516	variant	uterine cervix	30.56	0.0	1	present_gold
1	18	ENSG00000274183	H2AB1	H2AB1:HGNC:22516	variant	vagina	28.375	0.0777817459305198	2	present_gold
1	18	ENSG00000274183	H2AB1	H2AB1:HGNC:22516	variant	ventricular zone	0.0	0.0	0	observed_zero
1	18	ENSG00000274183	H2AB1	H2AB1:HGNC:22516	variant	vermiform appendix	35.46	0.0	1	present_gold
1	18	ENSG00000274183	H2AB1	H2AB1:HGNC:22516	variant	zone of skin	28.955	0.0070710678118665	2	present_gold
2	19	ENSG00000277858	H2AB2	H2AB2:HGNC:18298	variant	Ammon's horn	40.1625	8.18252100516705	8	present_gold
2	19	ENSG00000277858	H2AB2	H2AB2:HGNC:18298	variant	Brodmann (1909) area 9	42.41166666666667	5.306013255417542	6	present_gold
2	19	ENSG00000277858	H2AB2	H2AB2:HGNC:18298	variant	C1 segment of cervical spinal cord	41.696666666666665	5.278267392494118	6	present_gold
2	19	ENSG00000277858	H2AB2	H2AB2:HGNC:18298	variant	adenohypophysis	43.7975	6.396693807481071	4	present_gold
2	19	ENSG00000277858	H2AB2	H2AB2:HGNC:18298	variant	adipose tissue	38.63	1.03237590053236	2	present_gold
2	19	ENSG00000277858	H2AB2	H2AB2:HGNC:18298	variant	adrenal gland	40.405	0.4030508652763322	2	present_gold
2	19	ENSG00000277858	H2AB2	H2AB2:HGNC:18298	variant	adrenal tissue	0.0	0.0	0	observed_zero
2	19	ENSG00000277858	H2AB2	H2AB2:HGNC:18298	variant	adult mammalian kidney	45.223333333333336	5.884907249339905	3	present_gold
2	19	ENSG00000277858	H2AB2	H2AB2:HGNC:18298	variant	amygdala	38.724	4.950503004746083	5	present_gold
2	19	ENSG00000277858	H2AB2	H2AB2:HGNC:18298	variant	anterior cingulate cortex	32.48	2.059053180469118	3	present_gold
2	19	ENSG00000277858	H2AB2	H2AB2:HGNC:18298	variant	apex of heart	0.0	0.0	0	observed_zero
2	19	ENSG00000277858	H2AB2	H2AB2:HGNC:18298	variant	ascending aorta	40.897777777777776	5.803123679919673	9	present_gold
2	19	ENSG00000277858	H2AB2	H2AB2:HGNC:18298	variant	blood	50.998666666666665	5.213613864087895	15	present_gold
2	19	ENSG00000277858	H2AB2	H2AB2:HGNC:18298	variant	body of pancreas	35.46	6.420825492099905	4	present_gold
2	19	ENSG00000277858	H2AB2	H2AB2:HGNC:18298	variant	body of stomach	43.105555555555554	9.3536277870021	9	present_gold
2	19	ENSG00000277858	H2AB2	H2AB2:HGNC:18298	variant	body of uterus	40.873333333333335	6.151457821795847	3	present_gold
2	19	ENSG00000277858	H2AB2	H2AB2:HGNC:18298	variant	bone marrow	0.0	0.0	0	observed_zero
2	19	ENSG00000277858	H2AB2	H2AB2:HGNC:18298	variant	bone marrow cell	0.0	0.0	0	observed_zero
2	19	ENSG00000277858	H2AB2	H2AB2:HGNC:18298	variant	brain	37.656666666666666	0.1680277754817171	3	present_gold
2	19	ENSG00000277858	H2AB2	H2AB2:HGNC:18298	variant	calcaneal tendon	0.0	0.0	0	observed_zero
2	19	ENSG00000277858	H2AB2	H2AB2:HGNC:18298	variant	caudate nucleus	40.4025	7.14630124110168	8	present_gold
2	19	ENSG00000277858	H2AB2	H2AB2:HGNC:18298	variant	cerebellar cortex	44.905	2.1142492757477784	2	present_gold
2	19	ENSG00000277858	H2AB2	H2AB2:HGNC:18298	variant	cerebellar hemisphere	46.9525	3.7226862421029856	8	present_gold
2	19	ENSG00000277858	H2AB2	H2AB2:HGNC:18298	variant	cerebellum	46.365	1.2091525958289968	2	present_gold
2	19	ENSG00000277858	H2AB2	H2AB2:HGNC:18298	variant	cerebral cortex	35.36	0.0	1	present_gold
2	19	ENSG00000277858	H2AB2	H2AB2:HGNC:18298	variant	colon	42.928333333333335	1.4236069214030471	6	present_gold
2	19	ENSG00000277858	H2AB2	H2AB2:HGNC:18298	variant	colonic epithelium	0.0	0.0	0	observed_zero
2	19	ENSG00000277858	H2AB2	H2AB2:HGNC:18298	variant	corpus callosum	0.0	0.0	0	observed_zero
2	19	ENSG00000277858	H2AB2	H2AB2:HGNC:18298	variant	cortex of kidney	38.02	0.0	1	present_gold
2	19	ENSG00000277858	H2AB2	H2AB2:HGNC:18298	variant	cortical plate	0.0	0.0	0	observed_zero
2	19	ENSG00000277858	H2AB2	H2AB2:HGNC:18298	variant	descending thoracic aorta	48.385	1.9021172413918117	2	present_gold
2	19	ENSG00000277858	H2AB2	H2AB2:HGNC:18298	variant	dorsolateral prefrontal cortex	36.88833333333333	6.071982927073055	6	present_gold
2	19	ENSG00000277858	H2AB2	H2AB2:HGNC:18298	variant	duodenum	0.0	0.0	0	observed_zero
2	19	ENSG00000277858	H2AB2	H2AB2:HGNC:18298	variant	ectocervix	45.37	0.0	1	present_gold
2	19	ENSG00000277858	H2AB2	H2AB2:HGNC:18298	variant	endocervix	57.78	0.0	1	present_gold
2	19	ENSG00000277858	H2AB2	H2AB2:HGNC:18298	variant	endometrium	35.655	0.4879036790187162	2	present_gold
2	19	ENSG00000277858	H2AB2	H2AB2:HGNC:18298	variant	esophagogastric junction muscularis propria	46.12	7.110036568119745	11	present_gold
2	19	ENSG00000277858	H2AB2	H2AB2:HGNC:18298	variant	esophagus	40.38	0.7605699617173091	4	present_gold
2	19	ENSG00000277858	H2AB2	H2AB2:HGNC:18298	variant	esophagus mucosa	37.655	5.525124432987911	8	present_gold
2	19	ENSG00000277858	H2AB2	H2AB2:HGNC:18298	variant	fallopian tube	0.0	0.0	0	observed_zero
2	19	ENSG00000277858	H2AB2	H2AB2:HGNC:18298	variant	frontal cortex	40.37	11.519392345084876	3	present_gold
2	19	ENSG00000277858	H2AB2	H2AB2:HGNC:18298	variant	fundus of stomach	50.29666666666666	13.3340328983145	3	present_gold
2	19	ENSG00000277858	H2AB2	H2AB2:HGNC:18298	variant	gall bladder	0.0	0.0	0	observed_zero
2	19	ENSG00000277858	H2AB2	H2AB2:HGNC:18298	variant	ganglionic eminence	46.28	0.0	1	present_gold
2	19	ENSG00000277858	H2AB2	H2AB2:HGNC:18298	variant	gastrocnemius	42.92727272727273	6.5152975233815535	11	present_gold
2	19	ENSG00000277858	H2AB2	H2AB2:HGNC:18298	variant	granulocyte	70.69	0.0	1	present_gold
2	19	ENSG00000277858	H2AB2	H2AB2:HGNC:18298	variant	heart	38.718	5.676642493587209	5	present_gold
2	19	ENSG00000277858	H2AB2	H2AB2:HGNC:18298	variant	heart left ventricle	37.83888888888889	4.362554998061471	9	present_gold
2	19	ENSG00000277858	H2AB2	H2AB2:HGNC:18298	variant	hindlimb stylopod muscle	0.0	0.0	0	observed_zero
2	19	ENSG00000277858	H2AB2	H2AB2:HGNC:18298	variant	hypothalamus	41.358	10.453158374386184	5	present_gold
2	19	ENSG00000277858	H2AB2	H2AB2:HGNC:18298	variant	intestine	42.48	0.0	1	present_gold
2	19	ENSG00000277858	H2AB2	H2AB2:HGNC:18298	variant	islet of Langerhans	28.96	0.0	1	present_gold
2	19	ENSG00000277858	H2AB2	H2AB2:HGNC:18298	variant	kidney	37.7	0.0	1	present_gold
2	19	ENSG00000277858	H2AB2	H2AB2:HGNC:18298	variant	left adrenal gland	43.12857142857143	6.936366552625443	7	present_gold
2	19	ENSG00000277858	H2AB2	H2AB2:HGNC:18298	variant	left adrenal gland cortex	42.73	6.517075008519287	4	present_gold
2	19	ENSG00000277858	H2AB2	H2AB2:HGNC:18298	variant	left coronary artery	44.95	6.407764820902839	5	present_gold
2	19	ENSG00000277858	H2AB2	H2AB2:HGNC:18298	variant	left lobe of thyroid gland	36.92142857142857	2.489755199287864	7	present_gold
2	19	ENSG00000277858	H2AB2	H2AB2:HGNC:18298	variant	left ovary	44.414	7.160414094170809	5	present_gold
2	19	ENSG00000277858	H2AB2	H2AB2:HGNC:18298	variant	left testis	75.375	6.857978565145854	6	present_gold
2	19	ENSG00000277858	H2AB2	H2AB2:HGNC:18298	variant	left uterine tube	0.0	0.0	0	observed_zero
2	19	ENSG00000277858	H2AB2	H2AB2:HGNC:18298	variant	leukocyte	0.0	0.0	0	observed_zero
2	19	ENSG00000277858	H2AB2	H2AB2:HGNC:18298	variant	liver	40.13	3.348545953096658	6	present_gold
2	19	ENSG00000277858	H2AB2	H2AB2:HGNC:18298	variant	lower esophagus	45.825	1.9586857838867389	2	present_gold
2	19	ENSG00000277858	H2AB2	H2AB2:HGNC:18298	variant	lower esophagus mucosa	0.0	0.0	0	observed_zero
2	19	ENSG00000277858	H2AB2	H2AB2:HGNC:18298	variant	lower esophagus muscularis layer	47.243	6.334252652576045	10	present_gold
2	19	ENSG00000277858	H2AB2	H2AB2:HGNC:18298	variant	lung	29.903333333333336	6.854212816460643	3	present_gold
2	19	ENSG00000277858	H2AB2	H2AB2:HGNC:18298	variant	lymph node	0.0	0.0	0	observed_zero
2	19	ENSG00000277858	H2AB2	H2AB2:HGNC:18298	variant	metanephros cortex	44.63	0.0	1	present_gold
2	19	ENSG00000277858	H2AB2	H2AB2:HGNC:18298	variant	minor salivary gland	42.91666666666666	8.55290593891924	9	present_gold
2	19	ENSG00000277858	H2AB2	H2AB2:HGNC:18298	variant	monocyte	43.88	0.0	1	present_gold
2	19	ENSG00000277858	H2AB2	H2AB2:HGNC:18298	variant	mucosa of stomach	53.06	0.0	1	present_gold
2	19	ENSG00000277858	H2AB2	H2AB2:HGNC:18298	variant	mucosa of transverse colon	68.36	0.0	1	present_gold
2	19	ENSG00000277858	H2AB2	H2AB2:HGNC:18298	variant	muscle layer of sigmoid colon	43.09	5.493787400327756	11	present_gold
2	19	ENSG00000277858	H2AB2	H2AB2:HGNC:18298	variant	muscle of leg	44.86	0.0	1	present_gold
2	19	ENSG00000277858	H2AB2	H2AB2:HGNC:18298	variant	myometrium	42.91	3.132826200094733	4	present_gold
2	19	ENSG00000277858	H2AB2	H2AB2:HGNC:18298	variant	nucleus accumbens	41.21	8.441220290929504	7	present_gold
2	19	ENSG00000277858	H2AB2	H2AB2:HGNC:18298	variant	olfactory segment of nasal mucosa	42.48	0.0	1	present_gold
2	19	ENSG00000277858	H2AB2	H2AB2:HGNC:18298	variant	omental fat pad	40.61888888888889	3.366836216852717	9	present_gold
2	19	ENSG00000277858	H2AB2	H2AB2:HGNC:18298	variant	ovary	40.775	1.091192008768393	4	present_gold
2	19	ENSG00000277858	H2AB2	H2AB2:HGNC:18298	variant	pancreas	30.805	0.5868986283848332	2	present_gold
2	19	ENSG00000277858	H2AB2	H2AB2:HGNC:18298	variant	pituitary gland	40.30714285714286	5.10372319745012	7	present_gold
2	19	ENSG00000277858	H2AB2	H2AB2:HGNC:18298	variant	placenta	0.0	0.0	0	observed_zero
2	19	ENSG00000277858	H2AB2	H2AB2:HGNC:18298	variant	popliteal artery	37.23	0.0	1	present_gold
2	19	ENSG00000277858	H2AB2	H2AB2:HGNC:18298	variant	prefrontal cortex	44.06	12.216933603268323	4	present_gold
2	19	ENSG00000277858	H2AB2	H2AB2:HGNC:18298	variant	primary visual cortex	50.870000000000005	3.747665940288705	2	present_gold
2	19	ENSG00000277858	H2AB2	H2AB2:HGNC:18298	variant	primordial germ cell in gonad	82.64	0.0	1	present_gold
2	19	ENSG00000277858	H2AB2	H2AB2:HGNC:18298	variant	prostate gland	37.35	5.12216750995123	7	present_gold
2	19	ENSG00000277858	H2AB2	H2AB2:HGNC:18298	variant	putamen	43.29666666666666	8.54123800550404	6	present_gold
2	19	ENSG00000277858	H2AB2	H2AB2:HGNC:18298	variant	rectum	0.0	0.0	0	observed_zero
2	19	ENSG00000277858	H2AB2	H2AB2:HGNC:18298	variant	right adrenal gland	50.125	10.913815403728735	4	present_gold
2	19	ENSG00000277858	H2AB2	H2AB2:HGNC:18298	variant	right adrenal gland cortex	50.84	7.880685249392974	3	present_gold
2	19	ENSG00000277858	H2AB2	H2AB2:HGNC:18298	variant	right atrium auricular region	36.4	7.184770931166374	7	present_gold
2	19	ENSG00000277858	H2AB2	H2AB2:HGNC:18298	variant	right coronary artery	48.335	6.569021997223025	2	present_gold
2	19	ENSG00000277858	H2AB2	H2AB2:HGNC:18298	variant	right frontal lobe	36.23	5.151689043410908	3	present_gold
2	19	ENSG00000277858	H2AB2	H2AB2:HGNC:18298	variant	right hemisphere of cerebellum	49.49857142857143	7.995464190342397	7	present_gold
2	19	ENSG00000277858	H2AB2	H2AB2:HGNC:18298	variant	right lobe of liver	51.446666666666665	5.089364727874525	3	present_gold
2	19	ENSG00000277858	H2AB2	H2AB2:HGNC:18298	variant	right lobe of thyroid gland	38.01	5.868722177782827	3	present_gold
2	19	ENSG00000277858	H2AB2	H2AB2:HGNC:18298	variant	right lung	49.11	0.0	1	present_gold
2	19	ENSG00000277858	H2AB2	H2AB2:HGNC:18298	variant	right ovary	40.79	5.587020672952626	3	present_gold
2	19	ENSG00000277858	H2AB2	H2AB2:HGNC:18298	variant	right testis	71.164	11.53438684976362	5	present_gold
2	19	ENSG00000277858	H2AB2	H2AB2:HGNC:18298	variant	right uterine tube	53.27	0.0	1	present_gold
2	19	ENSG00000277858	H2AB2	H2AB2:HGNC:18298	variant	saliva-secreting gland	38.47	0.0	1	present_gold
2	19	ENSG00000277858	H2AB2	H2AB2:HGNC:18298	variant	skeletal muscle tissue	0.0	0.0	0	observed_zero
2	19	ENSG00000277858	H2AB2	H2AB2:HGNC:18298	variant	skin of abdomen	34.5625	3.053699161906517	8	present_gold
2	19	ENSG00000277858	H2AB2	H2AB2:HGNC:18298	variant	skin of leg	33.16166666666667	2.6662964326321017	6	present_gold
2	19	ENSG00000277858	H2AB2	H2AB2:HGNC:18298	variant	small intestine	42.58	0.5232590180780465	2	present_gold
2	19	ENSG00000277858	H2AB2	H2AB2:HGNC:18298	variant	small intestine Peyer's patch	44.5	5.568249276029226	9	present_gold
2	19	ENSG00000277858	H2AB2	H2AB2:HGNC:18298	variant	smooth muscle tissue	0.0	0.0	0	observed_zero
2	19	ENSG00000277858	H2AB2	H2AB2:HGNC:18298	variant	spleen	51.58181818181818	5.63204903775139	11	present_gold
2	19	ENSG00000277858	H2AB2	H2AB2:HGNC:18298	variant	stomach	38.76285714285715	2.675435879040488	7	present_gold
2	19	ENSG00000277858	H2AB2	H2AB2:HGNC:18298	variant	stromal cell of endometrium	0.0	0.0	0	observed_zero
2	19	ENSG00000277858	H2AB2	H2AB2:HGNC:18298	variant	subcutaneous adipose tissue	38.834	6.032235995972895	10	present_gold
2	19	ENSG00000277858	H2AB2	H2AB2:HGNC:18298	variant	substantia nigra	36.684	1.4524737519142987	5	present_gold
2	19	ENSG00000277858	H2AB2	H2AB2:HGNC:18298	variant	superior frontal gyrus	0.0	0.0	0	observed_zero
2	19	ENSG00000277858	H2AB2	H2AB2:HGNC:18298	variant	sural nerve	0.0	0.0	0	observed_zero
2	19	ENSG00000277858	H2AB2	H2AB2:HGNC:18298	variant	temporal lobe	0.0	0.0	0	observed_zero
2	19	ENSG00000277858	H2AB2	H2AB2:HGNC:18298	variant	testis	77.94125	8.683196313241208	8	present_gold
2	19	ENSG00000277858	H2AB2	H2AB2:HGNC:18298	variant	thoracic aorta	40.58833333333333	5.171720861247895	6	present_gold
2	19	ENSG00000277858	H2AB2	H2AB2:HGNC:18298	variant	thoracic mammary gland	42.31857142857143	7.347903167052554	7	present_gold
2	19	ENSG00000277858	H2AB2	H2AB2:HGNC:18298	variant	thyroid gland	35.37375	2.896884718353247	8	present_gold
2	19	ENSG00000277858	H2AB2	H2AB2:HGNC:18298	variant	tibial artery	40.63375	6.0551936090316	8	present_gold
2	19	ENSG00000277858	H2AB2	H2AB2:HGNC:18298	variant	tibial nerve	34.835	3.379957734308861	8	present_gold
2	19	ENSG00000277858	H2AB2	H2AB2:HGNC:18298	variant	tonsil	0.0	0.0	0	observed_zero
2	19	ENSG00000277858	H2AB2	H2AB2:HGNC:18298	variant	transverse colon	45.079	3.03985178732268	10	present_gold
2	19	ENSG00000277858	H2AB2	H2AB2:HGNC:18298	variant	upper lobe of left lung	37.87	7.993113702848638	7	present_gold
2	19	ENSG00000277858	H2AB2	H2AB2:HGNC:18298	variant	urinary bladder	37.57	4.234579868967719	4	present_gold
2	19	ENSG00000277858	H2AB2	H2AB2:HGNC:18298	variant	uterine cervix	41.89	0.0	1	present_gold
2	19	ENSG00000277858	H2AB2	H2AB2:HGNC:18298	variant	vagina	37.7025	1.2202014860942687	4	present_gold
2	19	ENSG00000277858	H2AB2	H2AB2:HGNC:18298	variant	ventricular zone	46.08	0.0	1	present_gold
2	19	ENSG00000277858	H2AB2	H2AB2:HGNC:18298	variant	vermiform appendix	34.15	0.0	1	present_gold
2	19	ENSG00000277858	H2AB2	H2AB2:HGNC:18298	variant	zone of skin	32.379999999999995	0.0424264068711894	2	present_gold
3	20	ENSG00000277745	H2AB3	H2AB3:HGNC:14455	variant	Ammon's horn	35.932500000000005	2.9278476167086755	4	present_gold
3	20	ENSG00000277745	H2AB3	H2AB3:HGNC:14455	variant	Brodmann (1909) area 9	40.55166666666667	7.777741103088137	6	present_gold
3	20	ENSG00000277745	H2AB3	H2AB3:HGNC:14455	variant	C1 segment of cervical spinal cord	41.73	5.944364277756424	7	present_gold
3	20	ENSG00000277745	H2AB3	H2AB3:HGNC:14455	variant	adenohypophysis	0.0	0.0	0	observed_zero
3	20	ENSG00000277745	H2AB3	H2AB3:HGNC:14455	variant	adipose tissue	39.105	0.0636396103067866	2	present_gold
3	20	ENSG00000277745	H2AB3	H2AB3:HGNC:14455	variant	adrenal gland	38.78	0.9758073580374323	2	present_gold
3	20	ENSG00000277745	H2AB3	H2AB3:HGNC:14455	variant	adrenal tissue	0.0	0.0	0	observed_zero
3	20	ENSG00000277745	H2AB3	H2AB3:HGNC:14455	variant	adult mammalian kidney	48.8	11.877912274469786	5	present_gold
3	20	ENSG00000277745	H2AB3	H2AB3:HGNC:14455	variant	amygdala	42.522	10.804400492391975	5	present_gold
3	20	ENSG00000277745	H2AB3	H2AB3:HGNC:14455	variant	anterior cingulate cortex	37.61714285714286	6.702697751119109	7	present_gold
3	20	ENSG00000277745	H2AB3	H2AB3:HGNC:14455	variant	apex of heart	0.0	0.0	0	observed_zero
3	20	ENSG00000277745	H2AB3	H2AB3:HGNC:14455	variant	ascending aorta	41.64	5.421358224651825	9	present_gold
3	20	ENSG00000277745	H2AB3	H2AB3:HGNC:14455	variant	blood	48.315625	8.052621079499518	16	present_gold
3	20	ENSG00000277745	H2AB3	H2AB3:HGNC:14455	variant	body of pancreas	37.82	5.658371800135745	8	present_gold
3	20	ENSG00000277745	H2AB3	H2AB3:HGNC:14455	variant	body of stomach	36.925	2.4179143905440488	6	present_gold
3	20	ENSG00000277745	H2AB3	H2AB3:HGNC:14455	variant	body of uterus	43.77333333333333	4.365745449901238	3	present_gold
3	20	ENSG00000277745	H2AB3	H2AB3:HGNC:14455	variant	bone marrow	42.76	0.0	1	present_gold
3	20	ENSG00000277745	H2AB3	H2AB3:HGNC:14455	variant	bone marrow cell	0.0	0.0	0	observed_zero
3	20	ENSG00000277745	H2AB3	H2AB3:HGNC:14455	variant	brain	33.96	0.2351595203260998	3	present_gold
3	20	ENSG00000277745	H2AB3	H2AB3:HGNC:14455	variant	calcaneal tendon	0.0	0.0	0	observed_zero
3	20	ENSG00000277745	H2AB3	H2AB3:HGNC:14455	variant	caudate nucleus	32.95333333333333	3.968015456959142	6	present_gold
3	20	ENSG00000277745	H2AB3	H2AB3:HGNC:14455	variant	cerebellar cortex	38.38	1.244507934888322	2	present_gold
3	20	ENSG00000277745	H2AB3	H2AB3:HGNC:14455	variant	cerebellar hemisphere	38.61888888888889	4.803741886395552	9	present_gold
3	20	ENSG00000277745	H2AB3	H2AB3:HGNC:14455	variant	cerebellum	47.28333333333333	15.262681066357034	3	present_gold
3	20	ENSG00000277745	H2AB3	H2AB3:HGNC:14455	variant	cerebral cortex	33.98	0.0	1	present_gold
3	20	ENSG00000277745	H2AB3	H2AB3:HGNC:14455	variant	colon	39.59	3.393297314805566	7	present_gold
3	20	ENSG00000277745	H2AB3	H2AB3:HGNC:14455	variant	colonic epithelium	0.0	0.0	0	observed_zero
3	20	ENSG00000277745	H2AB3	H2AB3:HGNC:14455	variant	corpus callosum	0.0	0.0	0	observed_zero
3	20	ENSG00000277745	H2AB3	H2AB3:HGNC:14455	variant	cortex of kidney	0.0	0.0	0	observed_zero
3	20	ENSG00000277745	H2AB3	H2AB3:HGNC:14455	variant	cortical plate	0.0	0.0	0	observed_zero
3	20	ENSG00000277745	H2AB3	H2AB3:HGNC:14455	variant	descending thoracic aorta	42.985	1.0111626970967629	2	present_gold
3	20	ENSG00000277745	H2AB3	H2AB3:HGNC:14455	variant	dorsolateral prefrontal cortex	37.52571428571429	3.0737916712254987	7	present_gold
3	20	ENSG00000277745	H2AB3	H2AB3:HGNC:14455	variant	duodenum	45.05	0.0	1	present_gold
3	20	ENSG00000277745	H2AB3	H2AB3:HGNC:14455	variant	ectocervix	50.235	6.371032098490797	2	present_gold
3	20	ENSG00000277745	H2AB3	H2AB3:HGNC:14455	variant	endocervix	47.44	5.154677487486487	3	present_gold
3	20	ENSG00000277745	H2AB3	H2AB3:HGNC:14455	variant	endometrium	27.77	0.0	1	present_gold
3	20	ENSG00000277745	H2AB3	H2AB3:HGNC:14455	variant	esophagogastric junction muscularis propria	43.935	6.153514352700324	10	present_gold
3	20	ENSG00000277745	H2AB3	H2AB3:HGNC:14455	variant	esophagus	39.98	0.4167333280008528	4	present_gold
3	20	ENSG00000277745	H2AB3	H2AB3:HGNC:14455	variant	esophagus mucosa	40.836	5.148180261024278	10	present_gold
3	20	ENSG00000277745	H2AB3	H2AB3:HGNC:14455	variant	fallopian tube	33.44	0.0	1	present_gold
3	20	ENSG00000277745	H2AB3	H2AB3:HGNC:14455	variant	frontal cortex	36.150000000000006	0.2687005768508899	2	present_gold
3	20	ENSG00000277745	H2AB3	H2AB3:HGNC:14455	variant	fundus of stomach	45.91	0.0	1	present_gold
3	20	ENSG00000277745	H2AB3	H2AB3:HGNC:14455	variant	gall bladder	0.0	0.0	0	observed_zero
3	20	ENSG00000277745	H2AB3	H2AB3:HGNC:14455	variant	ganglionic eminence	0.0	0.0	0	observed_zero
3	20	ENSG00000277745	H2AB3	H2AB3:HGNC:14455	variant	gastrocnemius	42.8	5.42839386927662	11	present_gold
3	20	ENSG00000277745	H2AB3	H2AB3:HGNC:14455	variant	granulocyte	0.0	0.0	0	observed_zero
3	20	ENSG00000277745	H2AB3	H2AB3:HGNC:14455	variant	heart	40.26	8.595444529904587	4	present_gold
3	20	ENSG00000277745	H2AB3	H2AB3:HGNC:14455	variant	heart left ventricle	41.64	7.878862862114049	11	present_gold
3	20	ENSG00000277745	H2AB3	H2AB3:HGNC:14455	variant	hindlimb stylopod muscle	0.0	0.0	0	observed_zero
3	20	ENSG00000277745	H2AB3	H2AB3:HGNC:14455	variant	hypothalamus	33.015	5.483238094411003	4	present_gold
3	20	ENSG00000277745	H2AB3	H2AB3:HGNC:14455	variant	intestine	39.12	0.0	1	present_gold
3	20	ENSG00000277745	H2AB3	H2AB3:HGNC:14455	variant	islet of Langerhans	0.0	0.0	0	observed_zero
3	20	ENSG00000277745	H2AB3	H2AB3:HGNC:14455	variant	kidney	36.17	0.0	1	present_gold
3	20	ENSG00000277745	H2AB3	H2AB3:HGNC:14455	variant	left adrenal gland	42.125	6.4452424314373165	6	present_gold
3	20	ENSG00000277745	H2AB3	H2AB3:HGNC:14455	variant	left adrenal gland cortex	50.494	8.120325116644038	5	present_gold
3	20	ENSG00000277745	H2AB3	H2AB3:HGNC:14455	variant	left coronary artery	50.002	5.688340707095524	5	present_gold
3	20	ENSG00000277745	H2AB3	H2AB3:HGNC:14455	variant	left lobe of thyroid gland	42.284444444444446	6.387904803437335	9	present_gold
3	20	ENSG00000277745	H2AB3	H2AB3:HGNC:14455	variant	left ovary	41.3225	3.749412176150638	4	present_gold
3	20	ENSG00000277745	H2AB3	H2AB3:HGNC:14455	variant	left testis	39.23666666666667	7.7167108710037	6	present_gold
3	20	ENSG00000277745	H2AB3	H2AB3:HGNC:14455	variant	left uterine tube	46.095	3.443610024378489	2	present_gold
3	20	ENSG00000277745	H2AB3	H2AB3:HGNC:14455	variant	leukocyte	0.0	0.0	0	observed_zero
3	20	ENSG00000277745	H2AB3	H2AB3:HGNC:14455	variant	liver	40.175	3.8113055505954914	2	present_gold
3	20	ENSG00000277745	H2AB3	H2AB3:HGNC:14455	variant	lower esophagus	42.41	3.2526911934581197	2	present_gold
3	20	ENSG00000277745	H2AB3	H2AB3:HGNC:14455	variant	lower esophagus mucosa	0.0	0.0	0	observed_zero
3	20	ENSG00000277745	H2AB3	H2AB3:HGNC:14455	variant	lower esophagus muscularis layer	41.671	2.8229749870974365	10	present_gold
3	20	ENSG00000277745	H2AB3	H2AB3:HGNC:14455	variant	lung	31.98	4.14743294098892	3	present_gold
3	20	ENSG00000277745	H2AB3	H2AB3:HGNC:14455	variant	lymph node	0.0	0.0	0	observed_zero
3	20	ENSG00000277745	H2AB3	H2AB3:HGNC:14455	variant	metanephros cortex	0.0	0.0	0	observed_zero
3	20	ENSG00000277745	H2AB3	H2AB3:HGNC:14455	variant	minor salivary gland	40.152	7.917851349955998	5	present_gold
3	20	ENSG00000277745	H2AB3	H2AB3:HGNC:14455	variant	monocyte	0.0	0.0	0	observed_zero
3	20	ENSG00000277745	H2AB3	H2AB3:HGNC:14455	variant	mucosa of stomach	45.86	0.0	1	present_gold
3	20	ENSG00000277745	H2AB3	H2AB3:HGNC:14455	variant	mucosa of transverse colon	0.0	0.0	0	observed_zero
3	20	ENSG00000277745	H2AB3	H2AB3:HGNC:14455	variant	muscle layer of sigmoid colon	43.07	7.468980296309978	10	present_gold
3	20	ENSG00000277745	H2AB3	H2AB3:HGNC:14455	variant	muscle of leg	44.760000000000005	0.9899494936611656	2	present_gold
3	20	ENSG00000277745	H2AB3	H2AB3:HGNC:14455	variant	muscle tissue	39.02	0.0	1	present_gold
3	20	ENSG00000277745	H2AB3	H2AB3:HGNC:14455	variant	myometrium	40.554	6.940322759065316	5	present_gold
3	20	ENSG00000277745	H2AB3	H2AB3:HGNC:14455	variant	nucleus accumbens	30.948	5.563400039544164	5	present_gold
3	20	ENSG00000277745	H2AB3	H2AB3:HGNC:14455	variant	olfactory segment of nasal mucosa	0.0	0.0	0	observed_zero
3	20	ENSG00000277745	H2AB3	H2AB3:HGNC:14455	variant	omental fat pad	41.23636363636364	3.565479694872129	11	present_gold
3	20	ENSG00000277745	H2AB3	H2AB3:HGNC:14455	variant	ovary	41.086666666666666	0.4313158162336908	3	present_gold
3	20	ENSG00000277745	H2AB3	H2AB3:HGNC:14455	variant	pancreas	33.24	0.2121320343559622	2	present_gold
3	20	ENSG00000277745	H2AB3	H2AB3:HGNC:14455	variant	pituitary gland	36.858	4.471797177869318	5	present_gold
3	20	ENSG00000277745	H2AB3	H2AB3:HGNC:14455	variant	placenta	31.1	0.0	1	present_gold
3	20	ENSG00000277745	H2AB3	H2AB3:HGNC:14455	variant	popliteal artery	41.42	0.0	1	present_gold
3	20	ENSG00000277745	H2AB3	H2AB3:HGNC:14455	variant	prefrontal cortex	39.72	0.0	1	present_gold
3	20	ENSG00000277745	H2AB3	H2AB3:HGNC:14455	variant	primary visual cortex	0.0	0.0	0	observed_zero
3	20	ENSG00000277745	H2AB3	H2AB3:HGNC:14455	variant	primordial germ cell in gonad	84.74	0.0	1	present_gold
3	20	ENSG00000277745	H2AB3	H2AB3:HGNC:14455	variant	prostate gland	39.435	3.971786212056953	8	present_gold
3	20	ENSG00000277745	H2AB3	H2AB3:HGNC:14455	variant	putamen	37.1525	1.071397063028765	4	present_gold
3	20	ENSG00000277745	H2AB3	H2AB3:HGNC:14455	variant	rectum	0.0	0.0	0	observed_zero
3	20	ENSG00000277745	H2AB3	H2AB3:HGNC:14455	variant	right adrenal gland	42.74	3.068843430349613	2	present_gold
3	20	ENSG00000277745	H2AB3	H2AB3:HGNC:14455	variant	right adrenal gland cortex	43.86	0.0	1	present_gold
3	20	ENSG00000277745	H2AB3	H2AB3:HGNC:14455	variant	right atrium auricular region	40.488	8.070029120145724	5	present_gold
3	20	ENSG00000277745	H2AB3	H2AB3:HGNC:14455	variant	right coronary artery	53.39	5.996265504461926	2	present_gold
3	20	ENSG00000277745	H2AB3	H2AB3:HGNC:14455	variant	right frontal lobe	39.43	7.5462882708432675	4	present_gold
3	20	ENSG00000277745	H2AB3	H2AB3:HGNC:14455	variant	right hemisphere of cerebellum	41.845	10.97057427849609	4	present_gold
3	20	ENSG00000277745	H2AB3	H2AB3:HGNC:14455	variant	right lobe of liver	53.175	1.9586857838867389	2	present_gold
3	20	ENSG00000277745	H2AB3	H2AB3:HGNC:14455	variant	right lobe of thyroid gland	40.886	6.132371482550612	5	present_gold
3	20	ENSG00000277745	H2AB3	H2AB3:HGNC:14455	variant	right lung	60.81	0.0	1	present_gold
3	20	ENSG00000277745	H2AB3	H2AB3:HGNC:14455	variant	right ovary	51.164	7.038379074758621	5	present_gold
3	20	ENSG00000277745	H2AB3	H2AB3:HGNC:14455	variant	right testis	60.6825	23.029287693427836	4	present_gold
3	20	ENSG00000277745	H2AB3	H2AB3:HGNC:14455	variant	right uterine tube	0.0	0.0	0	observed_zero
3	20	ENSG00000277745	H2AB3	H2AB3:HGNC:14455	variant	saliva-secreting gland	34.74	0.0	1	present_gold
3	20	ENSG00000277745	H2AB3	H2AB3:HGNC:14455	variant	skeletal muscle tissue	41.925	1.8455486988968888	2	present_gold
3	20	ENSG00000277745	H2AB3	H2AB3:HGNC:14455	variant	skin of abdomen	36.724	3.784879860121793	10	present_gold
3	20	ENSG00000277745	H2AB3	H2AB3:HGNC:14455	variant	skin of leg	35.46909090909091	3.4500476940049825	11	present_gold
3	20	ENSG00000277745	H2AB3	H2AB3:HGNC:14455	variant	small intestine	39.045	0.1484924240491756	2	present_gold
3	20	ENSG00000277745	H2AB3	H2AB3:HGNC:14455	variant	small intestine Peyer's patch	41.803	8.827109820194703	10	present_gold
3	20	ENSG00000277745	H2AB3	H2AB3:HGNC:14455	variant	smooth muscle tissue	0.0	0.0	0	observed_zero
3	20	ENSG00000277745	H2AB3	H2AB3:HGNC:14455	variant	spleen	49.69272727272728	6.642556873537615	11	present_gold
3	20	ENSG00000277745	H2AB3	H2AB3:HGNC:14455	variant	stomach	36.71428571428572	3.431573289046182	7	present_gold
3	20	ENSG00000277745	H2AB3	H2AB3:HGNC:14455	variant	stromal cell of endometrium	0.0	0.0	0	observed_zero
3	20	ENSG00000277745	H2AB3	H2AB3:HGNC:14455	variant	subcutaneous adipose tissue	40.381	5.365592956773535	10	present_gold
3	20	ENSG00000277745	H2AB3	H2AB3:HGNC:14455	variant	substantia nigra	39.92333333333333	5.589645188501085	3	present_gold
3	20	ENSG00000277745	H2AB3	H2AB3:HGNC:14455	variant	superior frontal gyrus	0.0	0.0	0	observed_zero
3	20	ENSG00000277745	H2AB3	H2AB3:HGNC:14455	variant	sural nerve	0.0	0.0	0	observed_zero
3	20	ENSG00000277745	H2AB3	H2AB3:HGNC:14455	variant	temporal lobe	0.0	0.0	0	observed_zero
3	20	ENSG00000277745	H2AB3	H2AB3:HGNC:14455	variant	testis	46.428	4.464618684725496	5	present_gold
3	20	ENSG00000277745	H2AB3	H2AB3:HGNC:14455	variant	thoracic aorta	40.5	3.3558545856458086	6	present_gold
3	20	ENSG00000277745	H2AB3	H2AB3:HGNC:14455	variant	thoracic mammary gland	37.98125	9.204698237468577	8	present_gold
3	20	ENSG00000277745	H2AB3	H2AB3:HGNC:14455	variant	thyroid gland	39.82090909090909	3.2568434243772133	11	present_gold
3	20	ENSG00000277745	H2AB3	H2AB3:HGNC:14455	variant	tibial artery	41.332	4.3166262546370895	10	present_gold
3	20	ENSG00000277745	H2AB3	H2AB3:HGNC:14455	variant	tibial nerve	40.20111111111111	7.349104442795129	9	present_gold
3	20	ENSG00000277745	H2AB3	H2AB3:HGNC:14455	variant	tonsil	0.0	0.0	0	observed_zero
3	20	ENSG00000277745	H2AB3	H2AB3:HGNC:14455	variant	transverse colon	37.872	5.036082692816799	10	present_gold
3	20	ENSG00000277745	H2AB3	H2AB3:HGNC:14455	variant	upper lobe of left lung	36.86	3.6794836594283167	6	present_gold
3	20	ENSG00000277745	H2AB3	H2AB3:HGNC:14455	variant	urinary bladder	47.015	13.119770069123415	4	present_gold
3	20	ENSG00000277745	H2AB3	H2AB3:HGNC:14455	variant	uterine cervix	40.12	0.0	1	present_gold
3	20	ENSG00000277745	H2AB3	H2AB3:HGNC:14455	variant	vagina	39.472	4.710660250962703	5	present_gold
3	20	ENSG00000277745	H2AB3	H2AB3:HGNC:14455	variant	ventricular zone	0.0	0.0	0	observed_zero
3	20	ENSG00000277745	H2AB3	H2AB3:HGNC:14455	variant	vermiform appendix	0.0	0.0	0	observed_zero
3	20	ENSG00000277745	H2AB3	H2AB3:HGNC:14455	variant	zone of skin	35.120000000000005	0.0424264068711894	2	present_gold
4	1	ENSG00000164508	H2AC1	H2AC1:HGNC:18729	clustered	Ammon's horn	0.0	0.0	0	observed_zero
4	1	ENSG00000164508	H2AC1	H2AC1:HGNC:18729	clustered	Brodmann (1909) area 9	0.0	0.0	0	observed_zero
4	1	ENSG00000164508	H2AC1	H2AC1:HGNC:18729	clustered	C1 segment of cervical spinal cord	0.0	0.0	0	observed_zero
4	1	ENSG00000164508	H2AC1	H2AC1:HGNC:18729	clustered	adenohypophysis	0.0	0.0	0	observed_zero
4	1	ENSG00000164508	H2AC1	H2AC1:HGNC:18729	clustered	adipose tissue	0.0	0.0	0	observed_zero
4	1	ENSG00000164508	H2AC1	H2AC1:HGNC:18729	clustered	adrenal gland	0.0	0.0	0	observed_zero
4	1	ENSG00000164508	H2AC1	H2AC1:HGNC:18729	clustered	adrenal tissue	0.0	0.0	0	observed_zero
4	1	ENSG00000164508	H2AC1	H2AC1:HGNC:18729	clustered	adult mammalian kidney	46.895	9.356721113723546	6	present_gold
4	1	ENSG00000164508	H2AC1	H2AC1:HGNC:18729	clustered	amygdala	0.0	0.0	0	observed_zero
4	1	ENSG00000164508	H2AC1	H2AC1:HGNC:18729	clustered	anterior cingulate cortex	0.0	0.0	0	observed_zero
4	1	ENSG00000164508	H2AC1	H2AC1:HGNC:18729	clustered	apex of heart	0.0	0.0	0	observed_zero
4	1	ENSG00000164508	H2AC1	H2AC1:HGNC:18729	clustered	ascending aorta	0.0	0.0	0	observed_zero
4	1	ENSG00000164508	H2AC1	H2AC1:HGNC:18729	clustered	blood	0.0	0.0	0	observed_zero
4	1	ENSG00000164508	H2AC1	H2AC1:HGNC:18729	clustered	body of pancreas	33.29	0.0	1	present_gold
4	1	ENSG00000164508	H2AC1	H2AC1:HGNC:18729	clustered	body of stomach	0.0	0.0	0	observed_zero
4	1	ENSG00000164508	H2AC1	H2AC1:HGNC:18729	clustered	body of uterus	0.0	0.0	0	observed_zero
4	1	ENSG00000164508	H2AC1	H2AC1:HGNC:18729	clustered	bone marrow	0.0	0.0	0	observed_zero
4	1	ENSG00000164508	H2AC1	H2AC1:HGNC:18729	clustered	bone marrow cell	0.0	0.0	0	observed_zero
4	1	ENSG00000164508	H2AC1	H2AC1:HGNC:18729	clustered	brain	0.0	0.0	0	observed_zero
4	1	ENSG00000164508	H2AC1	H2AC1:HGNC:18729	clustered	calcaneal tendon	0.0	0.0	0	observed_zero
4	1	ENSG00000164508	H2AC1	H2AC1:HGNC:18729	clustered	caudate nucleus	0.0	0.0	0	observed_zero
4	1	ENSG00000164508	H2AC1	H2AC1:HGNC:18729	clustered	cerebellar cortex	0.0	0.0	0	observed_zero
4	1	ENSG00000164508	H2AC1	H2AC1:HGNC:18729	clustered	cerebellar hemisphere	0.0	0.0	0	observed_zero
4	1	ENSG00000164508	H2AC1	H2AC1:HGNC:18729	clustered	cerebellum	0.0	0.0	0	observed_zero
4	1	ENSG00000164508	H2AC1	H2AC1:HGNC:18729	clustered	cerebral cortex	0.0	0.0	0	observed_zero
4	1	ENSG00000164508	H2AC1	H2AC1:HGNC:18729	clustered	colon	0.0	0.0	0	observed_zero
4	1	ENSG00000164508	H2AC1	H2AC1:HGNC:18729	clustered	colonic epithelium	0.0	0.0	0	observed_zero
4	1	ENSG00000164508	H2AC1	H2AC1:HGNC:18729	clustered	corpus callosum	0.0	0.0	0	observed_zero
4	1	ENSG00000164508	H2AC1	H2AC1:HGNC:18729	clustered	cortex of kidney	30.56	0.0	1	present_gold
4	1	ENSG00000164508	H2AC1	H2AC1:HGNC:18729	clustered	cortical plate	0.0	0.0	0	observed_zero
4	1	ENSG00000164508	H2AC1	H2AC1:HGNC:18729	clustered	descending thoracic aorta	0.0	0.0	0	observed_zero
4	1	ENSG00000164508	H2AC1	H2AC1:HGNC:18729	clustered	dorsolateral prefrontal cortex	0.0	0.0	0	observed_zero
4	1	ENSG00000164508	H2AC1	H2AC1:HGNC:18729	clustered	duodenum	0.0	0.0	0	observed_zero
4	1	ENSG00000164508	H2AC1	H2AC1:HGNC:18729	clustered	ectocervix	0.0	0.0	0	observed_zero
4	1	ENSG00000164508	H2AC1	H2AC1:HGNC:18729	clustered	endocervix	0.0	0.0	0	observed_zero
4	1	ENSG00000164508	H2AC1	H2AC1:HGNC:18729	clustered	endometrium	0.0	0.0	0	observed_zero
4	1	ENSG00000164508	H2AC1	H2AC1:HGNC:18729	clustered	esophagogastric junction muscularis propria	0.0	0.0	0	observed_zero
4	1	ENSG00000164508	H2AC1	H2AC1:HGNC:18729	clustered	esophagus	0.0	0.0	0	observed_zero
4	1	ENSG00000164508	H2AC1	H2AC1:HGNC:18729	clustered	esophagus mucosa	0.0	0.0	0	observed_zero
4	1	ENSG00000164508	H2AC1	H2AC1:HGNC:18729	clustered	fallopian tube	0.0	0.0	0	observed_zero
4	1	ENSG00000164508	H2AC1	H2AC1:HGNC:18729	clustered	frontal cortex	0.0	0.0	0	observed_zero
4	1	ENSG00000164508	H2AC1	H2AC1:HGNC:18729	clustered	fundus of stomach	0.0	0.0	0	observed_zero
4	1	ENSG00000164508	H2AC1	H2AC1:HGNC:18729	clustered	gall bladder	0.0	0.0	0	observed_zero
4	1	ENSG00000164508	H2AC1	H2AC1:HGNC:18729	clustered	ganglionic eminence	0.0	0.0	0	observed_zero
4	1	ENSG00000164508	H2AC1	H2AC1:HGNC:18729	clustered	gastrocnemius	0.0	0.0	0	observed_zero
4	1	ENSG00000164508	H2AC1	H2AC1:HGNC:18729	clustered	granulocyte	0.0	0.0	0	observed_zero
4	1	ENSG00000164508	H2AC1	H2AC1:HGNC:18729	clustered	heart	0.0	0.0	0	observed_zero
4	1	ENSG00000164508	H2AC1	H2AC1:HGNC:18729	clustered	heart left ventricle	22.92	0.0	1	present_gold
4	1	ENSG00000164508	H2AC1	H2AC1:HGNC:18729	clustered	hindlimb stylopod muscle	0.0	0.0	0	observed_zero
4	1	ENSG00000164508	H2AC1	H2AC1:HGNC:18729	clustered	hypothalamus	0.0	0.0	0	observed_zero
4	1	ENSG00000164508	H2AC1	H2AC1:HGNC:18729	clustered	intestine	0.0	0.0	0	observed_zero
4	1	ENSG00000164508	H2AC1	H2AC1:HGNC:18729	clustered	islet of Langerhans	0.0	0.0	0	observed_zero
4	1	ENSG00000164508	H2AC1	H2AC1:HGNC:18729	clustered	kidney	35.42	0.0	1	present_gold
4	1	ENSG00000164508	H2AC1	H2AC1:HGNC:18729	clustered	left adrenal gland	0.0	0.0	0	observed_zero
4	1	ENSG00000164508	H2AC1	H2AC1:HGNC:18729	clustered	left adrenal gland cortex	0.0	0.0	0	observed_zero
4	1	ENSG00000164508	H2AC1	H2AC1:HGNC:18729	clustered	left coronary artery	0.0	0.0	0	observed_zero
4	1	ENSG00000164508	H2AC1	H2AC1:HGNC:18729	clustered	left lobe of thyroid gland	0.0	0.0	0	observed_zero
4	1	ENSG00000164508	H2AC1	H2AC1:HGNC:18729	clustered	left ovary	0.0	0.0	0	observed_zero
4	1	ENSG00000164508	H2AC1	H2AC1:HGNC:18729	clustered	left testis	70.285	0.8516043682368019	6	present_gold
4	1	ENSG00000164508	H2AC1	H2AC1:HGNC:18729	clustered	left uterine tube	0.0	0.0	0	observed_zero
4	1	ENSG00000164508	H2AC1	H2AC1:HGNC:18729	clustered	leukocyte	0.0	0.0	0	observed_zero
4	1	ENSG00000164508	H2AC1	H2AC1:HGNC:18729	clustered	liver	40.521428571428565	6.265927514665934	7	present_gold
4	1	ENSG00000164508	H2AC1	H2AC1:HGNC:18729	clustered	lower esophagus	0.0	0.0	0	observed_zero
4	1	ENSG00000164508	H2AC1	H2AC1:HGNC:18729	clustered	lower esophagus mucosa	0.0	0.0	0	observed_zero
4	1	ENSG00000164508	H2AC1	H2AC1:HGNC:18729	clustered	lower esophagus muscularis layer	0.0	0.0	0	observed_zero
4	1	ENSG00000164508	H2AC1	H2AC1:HGNC:18729	clustered	lung	24.64333333333333	6.2677055876399725	3	present_gold
4	1	ENSG00000164508	H2AC1	H2AC1:HGNC:18729	clustered	lymph node	0.0	0.0	0	observed_zero
4	1	ENSG00000164508	H2AC1	H2AC1:HGNC:18729	clustered	male germ line stem cell (sensu Vertebrata) in testis	92.96	0.0	1	present_gold
4	1	ENSG00000164508	H2AC1	H2AC1:HGNC:18729	clustered	metanephros cortex	35.54	0.0	1	present_gold
4	1	ENSG00000164508	H2AC1	H2AC1:HGNC:18729	clustered	minor salivary gland	0.0	0.0	0	observed_zero
4	1	ENSG00000164508	H2AC1	H2AC1:HGNC:18729	clustered	monocyte	0.0	0.0	0	observed_zero
4	1	ENSG00000164508	H2AC1	H2AC1:HGNC:18729	clustered	mucosa of stomach	0.0	0.0	0	observed_zero
4	1	ENSG00000164508	H2AC1	H2AC1:HGNC:18729	clustered	mucosa of transverse colon	0.0	0.0	0	observed_zero
4	1	ENSG00000164508	H2AC1	H2AC1:HGNC:18729	clustered	muscle layer of sigmoid colon	0.0	0.0	0	observed_zero
4	1	ENSG00000164508	H2AC1	H2AC1:HGNC:18729	clustered	muscle of leg	0.0	0.0	0	observed_zero
4	1	ENSG00000164508	H2AC1	H2AC1:HGNC:18729	clustered	muscle tissue	0.0	0.0	0	observed_zero
4	1	ENSG00000164508	H2AC1	H2AC1:HGNC:18729	clustered	myometrium	0.0	0.0	0	observed_zero
4	1	ENSG00000164508	H2AC1	H2AC1:HGNC:18729	clustered	nucleus accumbens	0.0	0.0	0	observed_zero
4	1	ENSG00000164508	H2AC1	H2AC1:HGNC:18729	clustered	olfactory segment of nasal mucosa	0.0	0.0	0	observed_zero
4	1	ENSG00000164508	H2AC1	H2AC1:HGNC:18729	clustered	omental fat pad	0.0	0.0	0	observed_zero
4	1	ENSG00000164508	H2AC1	H2AC1:HGNC:18729	clustered	ovary	0.0	0.0	0	observed_zero
4	1	ENSG00000164508	H2AC1	H2AC1:HGNC:18729	clustered	pancreas	31.475	0.1909188309203675	2	present_gold
4	1	ENSG00000164508	H2AC1	H2AC1:HGNC:18729	clustered	pituitary gland	0.0	0.0	0	observed_zero
4	1	ENSG00000164508	H2AC1	H2AC1:HGNC:18729	clustered	placenta	0.0	0.0	0	observed_zero
4	1	ENSG00000164508	H2AC1	H2AC1:HGNC:18729	clustered	popliteal artery	0.0	0.0	0	observed_zero
4	1	ENSG00000164508	H2AC1	H2AC1:HGNC:18729	clustered	prefrontal cortex	0.0	0.0	0	observed_zero
4	1	ENSG00000164508	H2AC1	H2AC1:HGNC:18729	clustered	primary visual cortex	0.0	0.0	0	observed_zero
4	1	ENSG00000164508	H2AC1	H2AC1:HGNC:18729	clustered	primordial germ cell in gonad	81.3	0.0	1	present_gold
4	1	ENSG00000164508	H2AC1	H2AC1:HGNC:18729	clustered	prostate gland	0.0	0.0	0	observed_zero
4	1	ENSG00000164508	H2AC1	H2AC1:HGNC:18729	clustered	putamen	0.0	0.0	0	observed_zero
4	1	ENSG00000164508	H2AC1	H2AC1:HGNC:18729	clustered	rectum	0.0	0.0	0	observed_zero
4	1	ENSG00000164508	H2AC1	H2AC1:HGNC:18729	clustered	right adrenal gland	0.0	0.0	0	observed_zero
4	1	ENSG00000164508	H2AC1	H2AC1:HGNC:18729	clustered	right adrenal gland cortex	0.0	0.0	0	observed_zero
4	1	ENSG00000164508	H2AC1	H2AC1:HGNC:18729	clustered	right atrium auricular region	0.0	0.0	0	observed_zero
4	1	ENSG00000164508	H2AC1	H2AC1:HGNC:18729	clustered	right coronary artery	0.0	0.0	0	observed_zero
4	1	ENSG00000164508	H2AC1	H2AC1:HGNC:18729	clustered	right frontal lobe	0.0	0.0	0	observed_zero
4	1	ENSG00000164508	H2AC1	H2AC1:HGNC:18729	clustered	right hemisphere of cerebellum	0.0	0.0	0	observed_zero
4	1	ENSG00000164508	H2AC1	H2AC1:HGNC:18729	clustered	right lobe of liver	44.495	5.6677420548221855	4	present_gold
4	1	ENSG00000164508	H2AC1	H2AC1:HGNC:18729	clustered	right lobe of thyroid gland	0.0	0.0	0	observed_zero
4	1	ENSG00000164508	H2AC1	H2AC1:HGNC:18729	clustered	right lung	0.0	0.0	0	observed_zero
4	1	ENSG00000164508	H2AC1	H2AC1:HGNC:18729	clustered	right ovary	0.0	0.0	0	observed_zero
4	1	ENSG00000164508	H2AC1	H2AC1:HGNC:18729	clustered	right testis	68.348	2.6141671713951258	5	present_gold
4	1	ENSG00000164508	H2AC1	H2AC1:HGNC:18729	clustered	right uterine tube	0.0	0.0	0	observed_zero
4	1	ENSG00000164508	H2AC1	H2AC1:HGNC:18729	clustered	saliva-secreting gland	0.0	0.0	0	observed_zero
4	1	ENSG00000164508	H2AC1	H2AC1:HGNC:18729	clustered	skeletal muscle tissue	0.0	0.0	0	observed_zero
4	1	ENSG00000164508	H2AC1	H2AC1:HGNC:18729	clustered	skin of abdomen	0.0	0.0	0	observed_zero
4	1	ENSG00000164508	H2AC1	H2AC1:HGNC:18729	clustered	skin of leg	0.0	0.0	0	observed_zero
4	1	ENSG00000164508	H2AC1	H2AC1:HGNC:18729	clustered	small intestine	0.0	0.0	0	observed_zero
4	1	ENSG00000164508	H2AC1	H2AC1:HGNC:18729	clustered	small intestine Peyer's patch	0.0	0.0	0	observed_zero
4	1	ENSG00000164508	H2AC1	H2AC1:HGNC:18729	clustered	smooth muscle tissue	0.0	0.0	0	observed_zero
4	1	ENSG00000164508	H2AC1	H2AC1:HGNC:18729	clustered	spleen	0.0	0.0	0	observed_zero
4	1	ENSG00000164508	H2AC1	H2AC1:HGNC:18729	clustered	stomach	0.0	0.0	0	observed_zero
4	1	ENSG00000164508	H2AC1	H2AC1:HGNC:18729	clustered	stromal cell of endometrium	0.0	0.0	0	observed_zero
4	1	ENSG00000164508	H2AC1	H2AC1:HGNC:18729	clustered	subcutaneous adipose tissue	0.0	0.0	0	observed_zero
4	1	ENSG00000164508	H2AC1	H2AC1:HGNC:18729	clustered	substantia nigra	0.0	0.0	0	observed_zero
4	1	ENSG00000164508	H2AC1	H2AC1:HGNC:18729	clustered	superior frontal gyrus	0.0	0.0	0	observed_zero
4	1	ENSG00000164508	H2AC1	H2AC1:HGNC:18729	clustered	sural nerve	0.0	0.0	0	observed_zero
4	1	ENSG00000164508	H2AC1	H2AC1:HGNC:18729	clustered	temporal lobe	0.0	0.0	0	observed_zero
4	1	ENSG00000164508	H2AC1	H2AC1:HGNC:18729	clustered	testis	74.38	5.548029251133105	8	present_gold
4	1	ENSG00000164508	H2AC1	H2AC1:HGNC:18729	clustered	thoracic aorta	0.0	0.0	0	observed_zero
4	1	ENSG00000164508	H2AC1	H2AC1:HGNC:18729	clustered	thoracic mammary gland	0.0	0.0	0	observed_zero
4	1	ENSG00000164508	H2AC1	H2AC1:HGNC:18729	clustered	thyroid gland	0.0	0.0	0	observed_zero
4	1	ENSG00000164508	H2AC1	H2AC1:HGNC:18729	clustered	tibial artery	0.0	0.0	0	observed_zero
4	1	ENSG00000164508	H2AC1	H2AC1:HGNC:18729	clustered	tibial nerve	0.0	0.0	0	observed_zero
4	1	ENSG00000164508	H2AC1	H2AC1:HGNC:18729	clustered	tonsil	0.0	0.0	0	observed_zero
4	1	ENSG00000164508	H2AC1	H2AC1:HGNC:18729	clustered	transverse colon	0.0	0.0	0	observed_zero
4	1	ENSG00000164508	H2AC1	H2AC1:HGNC:18729	clustered	upper lobe of left lung	0.0	0.0	0	observed_zero
4	1	ENSG00000164508	H2AC1	H2AC1:HGNC:18729	clustered	urinary bladder	0.0	0.0	0	observed_zero
4	1	ENSG00000164508	H2AC1	H2AC1:HGNC:18729	clustered	vagina	0.0	0.0	0	observed_zero
4	1	ENSG00000164508	H2AC1	H2AC1:HGNC:18729	clustered	ventricular zone	0.0	0.0	0	observed_zero
4	1	ENSG00000164508	H2AC1	H2AC1:HGNC:18729	clustered	vermiform appendix	0.0	0.0	0	observed_zero
4	1	ENSG00000164508	H2AC1	H2AC1:HGNC:18729	clustered	zone of skin	0.0	0.0	0	observed_zero
5	6	ENSG00000196787	H2AC11	H2AC11:HGNC:4737	clustered	Ammon's horn	43.752	1.3597683626265191	5	present_gold
5	6	ENSG00000196787	H2AC11	H2AC11:HGNC:4737	clustered	Brodmann (1909) area 10	0.0	0.0	0	observed_zero
5	6	ENSG00000196787	H2AC11	H2AC11:HGNC:4737	clustered	Brodmann (1909) area 23	0.0	0.0	0	observed_zero
5	6	ENSG00000196787	H2AC11	H2AC11:HGNC:4737	clustered	Brodmann (1909) area 46	0.0	0.0	0	observed_zero
5	6	ENSG00000196787	H2AC11	H2AC11:HGNC:4737	clustered	Brodmann (1909) area 9	46.705	0.5868986283848332	2	present_gold
5	6	ENSG00000196787	H2AC11	H2AC11:HGNC:4737	clustered	C1 segment of cervical spinal cord	52.333333333333336	4.808788828800865	9	present_gold
5	6	ENSG00000196787	H2AC11	H2AC11:HGNC:4737	clustered	CA1 field of hippocampus	0.0	0.0	0	observed_zero
5	6	ENSG00000196787	H2AC11	H2AC11:HGNC:4737	clustered	adenohypophysis	51.03	0.0	1	present_gold
5	6	ENSG00000196787	H2AC11	H2AC11:HGNC:4737	clustered	adipose tissue	42.38375	0.8846458129023808	8	present_gold
5	6	ENSG00000196787	H2AC11	H2AC11:HGNC:4737	clustered	adipose tissue of abdominal region	45.33	0.4234383071948024	5	present_gold
5	6	ENSG00000196787	H2AC11	H2AC11:HGNC:4737	clustered	adrenal cortex	48.33	0.0	1	present_gold
5	6	ENSG00000196787	H2AC11	H2AC11:HGNC:4737	clustered	adrenal gland	51.1	2.022893966573634	3	present_gold
5	6	ENSG00000196787	H2AC11	H2AC11:HGNC:4737	clustered	adrenal tissue	80.61666666666667	1.6696207154121387	3	present_gold
5	6	ENSG00000196787	H2AC11	H2AC11:HGNC:4737	clustered	adult mammalian kidney	47.9775	7.696511655722135	4	present_gold
5	6	ENSG00000196787	H2AC11	H2AC11:HGNC:4737	clustered	adult organism	0.0	0.0	0	observed_zero
5	6	ENSG00000196787	H2AC11	H2AC11:HGNC:4737	clustered	amniotic fluid	81.58	0.0	1	present_gold
5	6	ENSG00000196787	H2AC11	H2AC11:HGNC:4737	clustered	amygdala	40.27	2.4071975407099453	4	present_gold
5	6	ENSG00000196787	H2AC11	H2AC11:HGNC:4737	clustered	anterior cingulate cortex	37.45	0.0	1	present_gold
5	6	ENSG00000196787	H2AC11	H2AC11:HGNC:4737	clustered	aorta	54.32	0.7212489168102756	2	present_gold
5	6	ENSG00000196787	H2AC11	H2AC11:HGNC:4737	clustered	apex of heart	0.0	0.0	0	observed_zero
5	6	ENSG00000196787	H2AC11	H2AC11:HGNC:4737	clustered	ascending aorta	54.702	2.238143079529199	10	present_gold
5	6	ENSG00000196787	H2AC11	H2AC11:HGNC:4737	clustered	biceps brachii	0.0	0.0	0	observed_zero
5	6	ENSG00000196787	H2AC11	H2AC11:HGNC:4737	clustered	blood	69.79942857142858	5.125160509886578	35	present_gold
5	6	ENSG00000196787	H2AC11	H2AC11:HGNC:4737	clustered	blood vessel layer	0.0	0.0	0	observed_zero
5	6	ENSG00000196787	H2AC11	H2AC11:HGNC:4737	clustered	body of pancreas	48.9	0.0	1	present_gold
5	6	ENSG00000196787	H2AC11	H2AC11:HGNC:4737	clustered	body of stomach	47.32272727272727	2.8723408255605425	11	present_gold
5	6	ENSG00000196787	H2AC11	H2AC11:HGNC:4737	clustered	body of tongue	0.0	0.0	0	observed_zero
5	6	ENSG00000196787	H2AC11	H2AC11:HGNC:4737	clustered	body of uterus	39.88	0.0	1	present_gold
5	6	ENSG00000196787	H2AC11	H2AC11:HGNC:4737	clustered	bone marrow	63.36	3.747665940288705	2	present_gold
5	6	ENSG00000196787	H2AC11	H2AC11:HGNC:4737	clustered	bone marrow cell	83.9	0.0	1	present_gold
5	6	ENSG00000196787	H2AC11	H2AC11:HGNC:4737	clustered	brain	42.25875	7.749915091700775	8	present_gold
5	6	ENSG00000196787	H2AC11	H2AC11:HGNC:4737	clustered	bronchial epithelial cell	0.0	0.0	0	observed_zero
5	6	ENSG00000196787	H2AC11	H2AC11:HGNC:4737	clustered	bronchus	0.0	0.0	0	observed_zero
5	6	ENSG00000196787	H2AC11	H2AC11:HGNC:4737	clustered	buccal mucosa cell	0.0	0.0	0	observed_zero
5	6	ENSG00000196787	H2AC11	H2AC11:HGNC:4737	clustered	caecum	0.0	0.0	0	observed_zero
5	6	ENSG00000196787	H2AC11	H2AC11:HGNC:4737	clustered	calcaneal tendon	65.9125	6.21772935510491	4	present_gold
5	6	ENSG00000196787	H2AC11	H2AC11:HGNC:4737	clustered	caput epididymis	0.0	0.0	0	observed_zero
5	6	ENSG00000196787	H2AC11	H2AC11:HGNC:4737	clustered	cardia of stomach	0.0	0.0	0	observed_zero
5	6	ENSG00000196787	H2AC11	H2AC11:HGNC:4737	clustered	cardiac atrium	45.09	0.0	1	present_gold
5	6	ENSG00000196787	H2AC11	H2AC11:HGNC:4737	clustered	cardiac muscle of right atrium	0.0	0.0	0	observed_zero
5	6	ENSG00000196787	H2AC11	H2AC11:HGNC:4737	clustered	cardiac ventricle	47.405	1.7606958851545047	2	present_gold
5	6	ENSG00000196787	H2AC11	H2AC11:HGNC:4737	clustered	cartilage tissue	0.0	0.0	0	observed_zero
5	6	ENSG00000196787	H2AC11	H2AC11:HGNC:4737	clustered	cauda epididymis	0.0	0.0	0	observed_zero
5	6	ENSG00000196787	H2AC11	H2AC11:HGNC:4737	clustered	caudate nucleus	39.72	0.0	1	present_gold
5	6	ENSG00000196787	H2AC11	H2AC11:HGNC:4737	clustered	central nervous system	40.64	0.0	1	present_gold
5	6	ENSG00000196787	H2AC11	H2AC11:HGNC:4737	clustered	cerebellar cortex	0.0	0.0	0	observed_zero
5	6	ENSG00000196787	H2AC11	H2AC11:HGNC:4737	clustered	cerebellar hemisphere	0.0	0.0	0	observed_zero
5	6	ENSG00000196787	H2AC11	H2AC11:HGNC:4737	clustered	cerebellar vermis	0.0	0.0	0	observed_zero
5	6	ENSG00000196787	H2AC11	H2AC11:HGNC:4737	clustered	cerebellum	0.0	0.0	0	observed_zero
5	6	ENSG00000196787	H2AC11	H2AC11:HGNC:4737	clustered	cerebral cortex	50.21333333333334	12.894387668025706	3	present_gold
5	6	ENSG00000196787	H2AC11	H2AC11:HGNC:4737	clustered	cervix epithelium	0.0	0.0	0	observed_zero
5	6	ENSG00000196787	H2AC11	H2AC11:HGNC:4737	clustered	cervix squamous epithelium	0.0	0.0	0	observed_zero
5	6	ENSG00000196787	H2AC11	H2AC11:HGNC:4737	clustered	choroid plexus epithelium	0.0	0.0	0	observed_zero
5	6	ENSG00000196787	H2AC11	H2AC11:HGNC:4737	clustered	cingulate cortex	0.0	0.0	0	observed_zero
5	6	ENSG00000196787	H2AC11	H2AC11:HGNC:4737	clustered	colon	59.79764705882353	14.828200130752451	17	present_gold
5	6	ENSG00000196787	H2AC11	H2AC11:HGNC:4737	clustered	colonic epithelium	72.52	0.0	1	present_gold
5	6	ENSG00000196787	H2AC11	H2AC11:HGNC:4737	clustered	colonic mucosa	57.74333333333334	6.042932511068885	3	present_gold
5	6	ENSG00000196787	H2AC11	H2AC11:HGNC:4737	clustered	connective tissue	42.24	0.0	1	present_gold
5	6	ENSG00000196787	H2AC11	H2AC11:HGNC:4737	clustered	coronary artery	49.095	5.267945519839781	2	present_gold
5	6	ENSG00000196787	H2AC11	H2AC11:HGNC:4737	clustered	corpus callosum	0.0	0.0	0	observed_zero
5	6	ENSG00000196787	H2AC11	H2AC11:HGNC:4737	clustered	corpus epididymis	0.0	0.0	0	observed_zero
5	6	ENSG00000196787	H2AC11	H2AC11:HGNC:4737	clustered	cortex of kidney	52.42	0.0	1	present_gold
5	6	ENSG00000196787	H2AC11	H2AC11:HGNC:4737	clustered	cortical plate	56.3	3.4365389565666207	2	present_gold
5	6	ENSG00000196787	H2AC11	H2AC11:HGNC:4737	clustered	cranial nerve II	0.0	0.0	0	observed_zero
5	6	ENSG00000196787	H2AC11	H2AC11:HGNC:4737	clustered	decidua	0.0	0.0	0	observed_zero
5	6	ENSG00000196787	H2AC11	H2AC11:HGNC:4737	clustered	deltoid	0.0	0.0	0	observed_zero
5	6	ENSG00000196787	H2AC11	H2AC11:HGNC:4737	clustered	descending thoracic aorta	58.86333333333334	4.84545491500368	3	present_gold
5	6	ENSG00000196787	H2AC11	H2AC11:HGNC:4737	clustered	diaphragm	0.0	0.0	0	observed_zero
5	6	ENSG00000196787	H2AC11	H2AC11:HGNC:4737	clustered	dorsal motor nucleus of vagus nerve	0.0	0.0	0	observed_zero
5	6	ENSG00000196787	H2AC11	H2AC11:HGNC:4737	clustered	dorsal plus ventral thalamus	0.0	0.0	0	observed_zero
5	6	ENSG00000196787	H2AC11	H2AC11:HGNC:4737	clustered	dorsal root ganglion	0.0	0.0	0	observed_zero
5	6	ENSG00000196787	H2AC11	H2AC11:HGNC:4737	clustered	dorsolateral prefrontal cortex	42.35333333333333	3.600837865460391	3	present_gold
5	6	ENSG00000196787	H2AC11	H2AC11:HGNC:4737	clustered	duodenum	62.415	1.025304832720496	2	present_gold
5	6	ENSG00000196787	H2AC11	H2AC11:HGNC:4737	clustered	ectocervix	50.376666666666665	9.586533958284056	3	present_gold
5	6	ENSG00000196787	H2AC11	H2AC11:HGNC:4737	clustered	embryo	0.0	0.0	0	observed_zero
5	6	ENSG00000196787	H2AC11	H2AC11:HGNC:4737	clustered	endocervix	43.2	0.0	1	present_gold
5	6	ENSG00000196787	H2AC11	H2AC11:HGNC:4737	clustered	endometrium	56.905	1.8538338652640909	4	present_gold
5	6	ENSG00000196787	H2AC11	H2AC11:HGNC:4737	clustered	endometrium epithelium	0.0	0.0	0	observed_zero
5	6	ENSG00000196787	H2AC11	H2AC11:HGNC:4737	clustered	endothelial cell	0.0	0.0	0	observed_zero
5	6	ENSG00000196787	H2AC11	H2AC11:HGNC:4737	clustered	entorhinal cortex	0.0	0.0	0	observed_zero
5	6	ENSG00000196787	H2AC11	H2AC11:HGNC:4737	clustered	epithelial cell of pancreas	0.0	0.0	0	observed_zero
5	6	ENSG00000196787	H2AC11	H2AC11:HGNC:4737	clustered	epithelium of bronchus	0.0	0.0	0	observed_zero
5	6	ENSG00000196787	H2AC11	H2AC11:HGNC:4737	clustered	epithelium of esophagus	0.0	0.0	0	observed_zero
5	6	ENSG00000196787	H2AC11	H2AC11:HGNC:4737	clustered	epithelium of mammary gland	0.0	0.0	0	observed_zero
5	6	ENSG00000196787	H2AC11	H2AC11:HGNC:4737	clustered	epithelium of nasopharynx	0.0	0.0	0	observed_zero
5	6	ENSG00000196787	H2AC11	H2AC11:HGNC:4737	clustered	esophagogastric junction muscularis propria	48.351	2.274908789380356	10	present_gold
5	6	ENSG00000196787	H2AC11	H2AC11:HGNC:4737	clustered	esophagus	51.70857142857143	1.0735987545234411	7	present_gold
5	6	ENSG00000196787	H2AC11	H2AC11:HGNC:4737	clustered	esophagus mucosa	54.27727272727272	1.5351878771609089	11	present_gold
5	6	ENSG00000196787	H2AC11	H2AC11:HGNC:4737	clustered	esophagus squamous epithelium	0.0	0.0	0	observed_zero
5	6	ENSG00000196787	H2AC11	H2AC11:HGNC:4737	clustered	fallopian tube	46.23	0.0	1	present_gold
5	6	ENSG00000196787	H2AC11	H2AC11:HGNC:4737	clustered	female reproductive system	48.53	0.0	1	present_gold
5	6	ENSG00000196787	H2AC11	H2AC11:HGNC:4737	clustered	forebrain	59.53	7.99030662740799	2	present_gold
5	6	ENSG00000196787	H2AC11	H2AC11:HGNC:4737	clustered	frontal cortex	43.68833333333333	1.4533191895336215	6	present_gold
5	6	ENSG00000196787	H2AC11	H2AC11:HGNC:4737	clustered	frontal pole	0.0	0.0	0	observed_zero
5	6	ENSG00000196787	H2AC11	H2AC11:HGNC:4737	clustered	fundus of stomach	45.725	0.6400781202322103	4	present_gold
5	6	ENSG00000196787	H2AC11	H2AC11:HGNC:4737	clustered	gall bladder	51.1	0.0	1	present_gold
5	6	ENSG00000196787	H2AC11	H2AC11:HGNC:4737	clustered	ganglionic eminence	65.935	1.3930003589374975	2	present_gold
5	6	ENSG00000196787	H2AC11	H2AC11:HGNC:4737	clustered	gastrocnemius	46.516666666666666	3.0065553379241163	9	present_gold
5	6	ENSG00000196787	H2AC11	H2AC11:HGNC:4737	clustered	germinal epithelium of ovary	0.0	0.0	0	observed_zero
5	6	ENSG00000196787	H2AC11	H2AC11:HGNC:4737	clustered	gingiva	0.0	0.0	0	observed_zero
5	6	ENSG00000196787	H2AC11	H2AC11:HGNC:4737	clustered	gingival epithelium	0.0	0.0	0	observed_zero
5	6	ENSG00000196787	H2AC11	H2AC11:HGNC:4737	clustered	globus pallidus	0.0	0.0	0	observed_zero
5	6	ENSG00000196787	H2AC11	H2AC11:HGNC:4737	clustered	gluteal muscle	0.0	0.0	0	observed_zero
5	6	ENSG00000196787	H2AC11	H2AC11:HGNC:4737	clustered	granulocyte	65.7	0.0	1	present_gold
5	6	ENSG00000196787	H2AC11	H2AC11:HGNC:4737	clustered	hair follicle	0.0	0.0	0	observed_zero
5	6	ENSG00000196787	H2AC11	H2AC11:HGNC:4737	clustered	heart	53.513333333333335	13.929386545135774	15	present_gold
5	6	ENSG00000196787	H2AC11	H2AC11:HGNC:4737	clustered	heart left ventricle	49.85999999999999	3.647614413433924	12	present_gold
5	6	ENSG00000196787	H2AC11	H2AC11:HGNC:4737	clustered	heart right ventricle	0.0	0.0	0	observed_zero
5	6	ENSG00000196787	H2AC11	H2AC11:HGNC:4737	clustered	hindlimb stylopod muscle	54.66	0.0	1	present_gold
5	6	ENSG00000196787	H2AC11	H2AC11:HGNC:4737	clustered	hypothalamus	44.334	2.774820114289693	10	present_gold
5	6	ENSG00000196787	H2AC11	H2AC11:HGNC:4737	clustered	ileal mucosa	0.0	0.0	0	observed_zero
5	6	ENSG00000196787	H2AC11	H2AC11:HGNC:4737	clustered	inferior olivary complex	0.0	0.0	0	observed_zero
5	6	ENSG00000196787	H2AC11	H2AC11:HGNC:4737	clustered	inferior vagus X ganglion	0.0	0.0	0	observed_zero
5	6	ENSG00000196787	H2AC11	H2AC11:HGNC:4737	clustered	intestine	77.6675	15.978613571479432	4	present_gold
5	6	ENSG00000196787	H2AC11	H2AC11:HGNC:4737	clustered	islet of Langerhans	48.59333333333333	3.856539899962141	9	present_gold
5	6	ENSG00000196787	H2AC11	H2AC11:HGNC:4737	clustered	jejunal mucosa	71.51	0.0	1	present_gold
5	6	ENSG00000196787	H2AC11	H2AC11:HGNC:4737	clustered	jejunum	0.0	0.0	0	observed_zero
5	6	ENSG00000196787	H2AC11	H2AC11:HGNC:4737	clustered	kidney	63.52	15.83398560059974	5	present_gold
5	6	ENSG00000196787	H2AC11	H2AC11:HGNC:4737	clustered	kidney epithelium	0.0	0.0	0	observed_zero
5	6	ENSG00000196787	H2AC11	H2AC11:HGNC:4737	clustered	large intestine	53.09	0.848528137423854	2	present_gold
5	6	ENSG00000196787	H2AC11	H2AC11:HGNC:4737	clustered	lateral globus pallidus	0.0	0.0	0	observed_zero
5	6	ENSG00000196787	H2AC11	H2AC11:HGNC:4737	clustered	lateral nuclear group of thalamus	0.0	0.0	0	observed_zero
5	6	ENSG00000196787	H2AC11	H2AC11:HGNC:4737	clustered	layer of synovial tissue	0.0	0.0	0	observed_zero
5	6	ENSG00000196787	H2AC11	H2AC11:HGNC:4737	clustered	left adrenal gland	48.655	2.7380702276290454	8	present_gold
5	6	ENSG00000196787	H2AC11	H2AC11:HGNC:4737	clustered	left adrenal gland cortex	50.085	4.846736751965918	8	present_gold
5	6	ENSG00000196787	H2AC11	H2AC11:HGNC:4737	clustered	left coronary artery	53.2425	2.345906769551716	8	present_gold
5	6	ENSG00000196787	H2AC11	H2AC11:HGNC:4737	clustered	left lobe of thyroid gland	43.33714285714286	2.7155522107895136	7	present_gold
5	6	ENSG00000196787	H2AC11	H2AC11:HGNC:4737	clustered	left ovary	0.0	0.0	0	observed_zero
5	6	ENSG00000196787	H2AC11	H2AC11:HGNC:4737	clustered	left testis	61.83166666666667	1.1423732606581214	6	present_gold
5	6	ENSG00000196787	H2AC11	H2AC11:HGNC:4737	clustered	left uterine tube	39.98	0.0	1	present_gold
5	6	ENSG00000196787	H2AC11	H2AC11:HGNC:4737	clustered	left ventricle myocardium	0.0	0.0	0	observed_zero
5	6	ENSG00000196787	H2AC11	H2AC11:HGNC:4737	clustered	leukocyte	76.08	0.0	1	present_gold
5	6	ENSG00000196787	H2AC11	H2AC11:HGNC:4737	clustered	liver	57.458	8.674316934820533	15	present_gold
5	6	ENSG00000196787	H2AC11	H2AC11:HGNC:4737	clustered	lower esophagus	47.05	1.5132085117392122	2	present_gold
5	6	ENSG00000196787	H2AC11	H2AC11:HGNC:4737	clustered	lower esophagus mucosa	52.86	0.0	1	present_gold
5	6	ENSG00000196787	H2AC11	H2AC11:HGNC:4737	clustered	lower esophagus muscularis layer	49.20454545454545	1.900675478014928	11	present_gold
5	6	ENSG00000196787	H2AC11	H2AC11:HGNC:4737	clustered	lower lobe of lung	0.0	0.0	0	observed_zero
5	6	ENSG00000196787	H2AC11	H2AC11:HGNC:4737	clustered	lung	61.1390909090909	17.52817244012932	11	present_gold
5	6	ENSG00000196787	H2AC11	H2AC11:HGNC:4737	clustered	lymph node	62.18000000000001	3.8003552465526176	3	present_gold
5	6	ENSG00000196787	H2AC11	H2AC11:HGNC:4737	clustered	male germ cell	0.0	0.0	0	observed_zero
5	6	ENSG00000196787	H2AC11	H2AC11:HGNC:4737	clustered	male germ line stem cell (sensu Vertebrata) in testis	79.02	0.0	1	present_gold
5	6	ENSG00000196787	H2AC11	H2AC11:HGNC:4737	clustered	mammalian vulva	0.0	0.0	0	observed_zero
5	6	ENSG00000196787	H2AC11	H2AC11:HGNC:4737	clustered	mammary duct	0.0	0.0	0	observed_zero
5	6	ENSG00000196787	H2AC11	H2AC11:HGNC:4737	clustered	mammary gland	42.82	0.0	1	present_gold
5	6	ENSG00000196787	H2AC11	H2AC11:HGNC:4737	clustered	medial globus pallidus	0.0	0.0	0	observed_zero
5	6	ENSG00000196787	H2AC11	H2AC11:HGNC:4737	clustered	medulla oblongata	0.0	0.0	0	observed_zero
5	6	ENSG00000196787	H2AC11	H2AC11:HGNC:4737	clustered	metanephric glomerulus	0.0	0.0	0	observed_zero
5	6	ENSG00000196787	H2AC11	H2AC11:HGNC:4737	clustered	metanephros	0.0	0.0	0	observed_zero
5	6	ENSG00000196787	H2AC11	H2AC11:HGNC:4737	clustered	metanephros cortex	0.0	0.0	0	observed_zero
5	6	ENSG00000196787	H2AC11	H2AC11:HGNC:4737	clustered	midbrain	45.5	3.266833329081853	2	present_gold
5	6	ENSG00000196787	H2AC11	H2AC11:HGNC:4737	clustered	middle frontal gyrus	0.0	0.0	0	observed_zero
5	6	ENSG00000196787	H2AC11	H2AC11:HGNC:4737	clustered	middle temporal gyrus	0.0	0.0	0	observed_zero
5	6	ENSG00000196787	H2AC11	H2AC11:HGNC:4737	clustered	minor salivary gland	44.43666666666667	3.608342186286292	3	present_gold
5	6	ENSG00000196787	H2AC11	H2AC11:HGNC:4737	clustered	monocyte	82.8	0.0	1	present_gold
5	6	ENSG00000196787	H2AC11	H2AC11:HGNC:4737	clustered	mononuclear cell	82.35	0.0	1	present_gold
5	6	ENSG00000196787	H2AC11	H2AC11:HGNC:4737	clustered	mouth mucosa	0.0	0.0	0	observed_zero
5	6	ENSG00000196787	H2AC11	H2AC11:HGNC:4737	clustered	mucosa of paranasal sinus	0.0	0.0	0	observed_zero
5	6	ENSG00000196787	H2AC11	H2AC11:HGNC:4737	clustered	mucosa of sigmoid colon	0.0	0.0	0	observed_zero
5	6	ENSG00000196787	H2AC11	H2AC11:HGNC:4737	clustered	mucosa of stomach	0.0	0.0	0	observed_zero
5	6	ENSG00000196787	H2AC11	H2AC11:HGNC:4737	clustered	mucosa of transverse colon	65.72	0.0	1	present_gold
5	6	ENSG00000196787	H2AC11	H2AC11:HGNC:4737	clustered	mucosa of urinary bladder	0.0	0.0	0	observed_zero
5	6	ENSG00000196787	H2AC11	H2AC11:HGNC:4737	clustered	muscle layer of sigmoid colon	48.03363636363636	2.831668316478019	11	present_gold
5	6	ENSG00000196787	H2AC11	H2AC11:HGNC:4737	clustered	muscle of leg	46.125	5.847773080412746	2	present_gold
5	6	ENSG00000196787	H2AC11	H2AC11:HGNC:4737	clustered	muscle organ	0.0	0.0	0	observed_zero
5	6	ENSG00000196787	H2AC11	H2AC11:HGNC:4737	clustered	muscle tissue	49.31	0.0	1	present_gold
5	6	ENSG00000196787	H2AC11	H2AC11:HGNC:4737	clustered	myocardium	0.0	0.0	0	observed_zero
5	6	ENSG00000196787	H2AC11	H2AC11:HGNC:4737	clustered	myometrium	48.6375	9.643620948585648	4	present_gold
5	6	ENSG00000196787	H2AC11	H2AC11:HGNC:4737	clustered	nasal cavity epithelium	0.0	0.0	0	observed_zero
5	6	ENSG00000196787	H2AC11	H2AC11:HGNC:4737	clustered	nasal cavity mucosa	0.0	0.0	0	observed_zero
5	6	ENSG00000196787	H2AC11	H2AC11:HGNC:4737	clustered	neocortex	51.17	0.0	1	present_gold
5	6	ENSG00000196787	H2AC11	H2AC11:HGNC:4737	clustered	nephron tubule	0.0	0.0	0	observed_zero
5	6	ENSG00000196787	H2AC11	H2AC11:HGNC:4737	clustered	nipple	0.0	0.0	0	observed_zero
5	6	ENSG00000196787	H2AC11	H2AC11:HGNC:4737	clustered	nucleus accumbens	40.295	2.69178379518118	4	present_gold
5	6	ENSG00000196787	H2AC11	H2AC11:HGNC:4737	clustered	occipital lobe	0.0	0.0	0	observed_zero
5	6	ENSG00000196787	H2AC11	H2AC11:HGNC:4737	clustered	olfactory bulb	0.0	0.0	0	observed_zero
5	6	ENSG00000196787	H2AC11	H2AC11:HGNC:4737	clustered	olfactory segment of nasal mucosa	48.1	0.0	1	present_gold
5	6	ENSG00000196787	H2AC11	H2AC11:HGNC:4737	clustered	omental fat pad	43.51555555555555	1.7433524536873712	9	present_gold
5	6	ENSG00000196787	H2AC11	H2AC11:HGNC:4737	clustered	oocyte	0.0	0.0	0	observed_zero
5	6	ENSG00000196787	H2AC11	H2AC11:HGNC:4737	clustered	oral cavity	0.0	0.0	0	observed_zero
5	6	ENSG00000196787	H2AC11	H2AC11:HGNC:4737	clustered	orbitofrontal cortex	0.0	0.0	0	observed_zero
5	6	ENSG00000196787	H2AC11	H2AC11:HGNC:4737	clustered	ovary	75.20599999999999	18.06650713336698	5	present_gold
5	6	ENSG00000196787	H2AC11	H2AC11:HGNC:4737	clustered	oviduct epithelium	0.0	0.0	0	observed_zero
5	6	ENSG00000196787	H2AC11	H2AC11:HGNC:4737	clustered	palpebral conjunctiva	67.1375	2.9509249962229305	4	present_gold
5	6	ENSG00000196787	H2AC11	H2AC11:HGNC:4737	clustered	pancreas	41.935	0.7424621202458779	2	present_gold
5	6	ENSG00000196787	H2AC11	H2AC11:HGNC:4737	clustered	pancreatic ductal cell	0.0	0.0	0	observed_zero
5	6	ENSG00000196787	H2AC11	H2AC11:HGNC:4737	clustered	paraflocculus	0.0	0.0	0	observed_zero
5	6	ENSG00000196787	H2AC11	H2AC11:HGNC:4737	clustered	parietal lobe	0.0	0.0	0	observed_zero
5	6	ENSG00000196787	H2AC11	H2AC11:HGNC:4737	clustered	parietal pleura	0.0	0.0	0	observed_zero
5	6	ENSG00000196787	H2AC11	H2AC11:HGNC:4737	clustered	parotid gland	0.0	0.0	0	observed_zero
5	6	ENSG00000196787	H2AC11	H2AC11:HGNC:4737	clustered	penis	0.0	0.0	0	observed_zero
5	6	ENSG00000196787	H2AC11	H2AC11:HGNC:4737	clustered	pericardium	0.0	0.0	0	observed_zero
5	6	ENSG00000196787	H2AC11	H2AC11:HGNC:4737	clustered	periodontal ligament	0.0	0.0	0	observed_zero
5	6	ENSG00000196787	H2AC11	H2AC11:HGNC:4737	clustered	peritoneum	42.82	0.0	1	present_gold
5	6	ENSG00000196787	H2AC11	H2AC11:HGNC:4737	clustered	pharyngeal mucosa	0.0	0.0	0	observed_zero
5	6	ENSG00000196787	H2AC11	H2AC11:HGNC:4737	clustered	pigmented layer of retina	0.0	0.0	0	observed_zero
5	6	ENSG00000196787	H2AC11	H2AC11:HGNC:4737	clustered	pituitary gland	34.19	2.5534290669607422	3	present_gold
5	6	ENSG00000196787	H2AC11	H2AC11:HGNC:4737	clustered	placenta	60.27	2.714019159843939	3	present_gold
5	6	ENSG00000196787	H2AC11	H2AC11:HGNC:4737	clustered	pleura	0.0	0.0	0	observed_zero
5	6	ENSG00000196787	H2AC11	H2AC11:HGNC:4737	clustered	pons	0.0	0.0	0	observed_zero
5	6	ENSG00000196787	H2AC11	H2AC11:HGNC:4737	clustered	popliteal artery	53.99	0.0	1	present_gold
5	6	ENSG00000196787	H2AC11	H2AC11:HGNC:4737	clustered	postcentral gyrus	0.0	0.0	0	observed_zero
5	6	ENSG00000196787	H2AC11	H2AC11:HGNC:4737	clustered	prefrontal cortex	45.4925	0.504603804979706	4	present_gold
5	6	ENSG00000196787	H2AC11	H2AC11:HGNC:4737	clustered	primary visual cortex	0.0	0.0	0	observed_zero
5	6	ENSG00000196787	H2AC11	H2AC11:HGNC:4737	clustered	primordial germ cell in gonad	75.62	0.0	1	present_gold
5	6	ENSG00000196787	H2AC11	H2AC11:HGNC:4737	clustered	prostate gland	49.52125	2.1149024800212426	8	present_gold
5	6	ENSG00000196787	H2AC11	H2AC11:HGNC:4737	clustered	putamen	43.94	0.0	1	present_gold
5	6	ENSG00000196787	H2AC11	H2AC11:HGNC:4737	clustered	pylorus	0.0	0.0	0	observed_zero
5	6	ENSG00000196787	H2AC11	H2AC11:HGNC:4737	clustered	quadriceps femoris	0.0	0.0	0	observed_zero
5	6	ENSG00000196787	H2AC11	H2AC11:HGNC:4737	clustered	rectum	57.9	0.0	1	present_gold
5	6	ENSG00000196787	H2AC11	H2AC11:HGNC:4737	clustered	renal glomerulus	0.0	0.0	0	observed_zero
5	6	ENSG00000196787	H2AC11	H2AC11:HGNC:4737	clustered	renal medulla	0.0	0.0	0	observed_zero
5	6	ENSG00000196787	H2AC11	H2AC11:HGNC:4737	clustered	right adrenal gland	49.956	3.17446530930801	5	present_gold
5	6	ENSG00000196787	H2AC11	H2AC11:HGNC:4737	clustered	right adrenal gland cortex	52.02	1.661445154075213	3	present_gold
5	6	ENSG00000196787	H2AC11	H2AC11:HGNC:4737	clustered	right atrium auricular region	46.98125	3.005706180393743	8	present_gold
5	6	ENSG00000196787	H2AC11	H2AC11:HGNC:4737	clustered	right coronary artery	52.47	2.1354624791833707	2	present_gold
5	6	ENSG00000196787	H2AC11	H2AC11:HGNC:4737	clustered	right frontal lobe	36.12	1.7111984104714462	2	present_gold
5	6	ENSG00000196787	H2AC11	H2AC11:HGNC:4737	clustered	right hemisphere of cerebellum	0.0	0.0	0	observed_zero
5	6	ENSG00000196787	H2AC11	H2AC11:HGNC:4737	clustered	right lobe of liver	51.26833333333334	6.157884106303615	6	present_gold
5	6	ENSG00000196787	H2AC11	H2AC11:HGNC:4737	clustered	right lobe of thyroid gland	46.39166666666667	3.586945311357097	6	present_gold
5	6	ENSG00000196787	H2AC11	H2AC11:HGNC:4737	clustered	right lung	51.35	0.0	1	present_gold
5	6	ENSG00000196787	H2AC11	H2AC11:HGNC:4737	clustered	right ovary	46.585	3.514320702497141	2	present_gold
5	6	ENSG00000196787	H2AC11	H2AC11:HGNC:4737	clustered	right testis	63.294	1.805846062099425	5	present_gold
5	6	ENSG00000196787	H2AC11	H2AC11:HGNC:4737	clustered	right uterine tube	0.0	0.0	0	observed_zero
5	6	ENSG00000196787	H2AC11	H2AC11:HGNC:4737	clustered	saliva-secreting gland	0.0	0.0	0	observed_zero
5	6	ENSG00000196787	H2AC11	H2AC11:HGNC:4737	clustered	saphenous vein	0.0	0.0	0	observed_zero
5	6	ENSG00000196787	H2AC11	H2AC11:HGNC:4737	clustered	secondary oocyte	0.0	0.0	0	observed_zero
5	6	ENSG00000196787	H2AC11	H2AC11:HGNC:4737	clustered	seminal vesicle	0.0	0.0	0	observed_zero
5	6	ENSG00000196787	H2AC11	H2AC11:HGNC:4737	clustered	sigmoid colon	46.7725	0.604172988472672	4	present_gold
5	6	ENSG00000196787	H2AC11	H2AC11:HGNC:4737	clustered	skeletal muscle tissue	0.0	0.0	0	observed_zero
5	6	ENSG00000196787	H2AC11	H2AC11:HGNC:4737	clustered	skeletal muscle tissue of biceps brachii	0.0	0.0	0	observed_zero
5	6	ENSG00000196787	H2AC11	H2AC11:HGNC:4737	clustered	skeletal muscle tissue of rectus abdominis	0.0	0.0	0	observed_zero
5	6	ENSG00000196787	H2AC11	H2AC11:HGNC:4737	clustered	skin of abdomen	42.45428571428572	1.721190064488883	7	present_gold
5	6	ENSG00000196787	H2AC11	H2AC11:HGNC:4737	clustered	skin of hip	0.0	0.0	0	observed_zero
5	6	ENSG00000196787	H2AC11	H2AC11:HGNC:4737	clustered	skin of leg	38.89	3.196122650963192	2	present_gold
5	6	ENSG00000196787	H2AC11	H2AC11:HGNC:4737	clustered	small intestine	51.445	0.558614357137377	2	present_gold
5	6	ENSG00000196787	H2AC11	H2AC11:HGNC:4737	clustered	small intestine Peyer's patch	49.81	2.3757104200638595	9	present_gold
5	6	ENSG00000196787	H2AC11	H2AC11:HGNC:4737	clustered	smooth muscle tissue	50.47	0.0	1	present_gold
5	6	ENSG00000196787	H2AC11	H2AC11:HGNC:4737	clustered	sperm	0.0	0.0	0	observed_zero
5	6	ENSG00000196787	H2AC11	H2AC11:HGNC:4737	clustered	spinal cord	48.915	2.6780421953359883	6	present_gold
5	6	ENSG00000196787	H2AC11	H2AC11:HGNC:4737	clustered	spleen	54.814166666666665	2.099612337955978	12	present_gold
5	6	ENSG00000196787	H2AC11	H2AC11:HGNC:4737	clustered	squamous epithelium	0.0	0.0	0	observed_zero
5	6	ENSG00000196787	H2AC11	H2AC11:HGNC:4737	clustered	stomach	66.73583333333333	22.767335636162983	12	present_gold
5	6	ENSG00000196787	H2AC11	H2AC11:HGNC:4737	clustered	stromal cell of endometrium	65.1	0.0	1	present_gold
5	6	ENSG00000196787	H2AC11	H2AC11:HGNC:4737	clustered	subcutaneous adipose tissue	40.9825	1.957249345382443	4	present_gold
5	6	ENSG00000196787	H2AC11	H2AC11:HGNC:4737	clustered	substantia nigra	49.35545454545454	2.1895586936018123	11	present_gold
5	6	ENSG00000196787	H2AC11	H2AC11:HGNC:4737	clustered	substantia nigra pars compacta	0.0	0.0	0	observed_zero
5	6	ENSG00000196787	H2AC11	H2AC11:HGNC:4737	clustered	substantia nigra pars reticulata	0.0	0.0	0	observed_zero
5	6	ENSG00000196787	H2AC11	H2AC11:HGNC:4737	clustered	subthalamic nucleus	0.0	0.0	0	observed_zero
5	6	ENSG00000196787	H2AC11	H2AC11:HGNC:4737	clustered	superficial temporal artery	0.0	0.0	0	observed_zero
5	6	ENSG00000196787	H2AC11	H2AC11:HGNC:4737	clustered	superior frontal gyrus	0.0	0.0	0	observed_zero
5	6	ENSG00000196787	H2AC11	H2AC11:HGNC:4737	clustered	superior surface of tongue	0.0	0.0	0	observed_zero
5	6	ENSG00000196787	H2AC11	H2AC11:HGNC:4737	clustered	superior vestibular nucleus	0.0	0.0	0	observed_zero
5	6	ENSG00000196787	H2AC11	H2AC11:HGNC:4737	clustered	sural nerve	0.0	0.0	0	observed_zero
5	6	ENSG00000196787	H2AC11	H2AC11:HGNC:4737	clustered	synovial joint	0.0	0.0	0	observed_zero
5	6	ENSG00000196787	H2AC11	H2AC11:HGNC:4737	clustered	telencephalon	0.0	0.0	0	observed_zero
5	6	ENSG00000196787	H2AC11	H2AC11:HGNC:4737	clustered	temporal lobe	41.92	0.0	1	present_gold
5	6	ENSG00000196787	H2AC11	H2AC11:HGNC:4737	clustered	tendon	0.0	0.0	0	observed_zero
5	6	ENSG00000196787	H2AC11	H2AC11:HGNC:4737	clustered	tendon of biceps brachii	0.0	0.0	0	observed_zero
5	6	ENSG00000196787	H2AC11	H2AC11:HGNC:4737	clustered	testis	66.72461538461538	7.676446243091717	13	present_gold
5	6	ENSG00000196787	H2AC11	H2AC11:HGNC:4737	clustered	thoracic aorta	55.745	1.5889210175461836	6	present_gold
5	6	ENSG00000196787	H2AC11	H2AC11:HGNC:4737	clustered	thoracic mammary gland	44.50714285714286	3.534325556999121	7	present_gold
5	6	ENSG00000196787	H2AC11	H2AC11:HGNC:4737	clustered	thymus	76.51	0.0	1	present_gold
5	6	ENSG00000196787	H2AC11	H2AC11:HGNC:4737	clustered	thyroid gland	45.45066666666666	5.838765117320451	15	present_gold
5	6	ENSG00000196787	H2AC11	H2AC11:HGNC:4737	clustered	tibia	0.0	0.0	0	observed_zero
5	6	ENSG00000196787	H2AC11	H2AC11:HGNC:4737	clustered	tibial artery	55.08818181818182	3.563155394258909	11	present_gold
5	6	ENSG00000196787	H2AC11	H2AC11:HGNC:4737	clustered	tibial nerve	36.56	0.0	1	present_gold
5	6	ENSG00000196787	H2AC11	H2AC11:HGNC:4737	clustered	tibialis anterior	0.0	0.0	0	observed_zero
5	6	ENSG00000196787	H2AC11	H2AC11:HGNC:4737	clustered	tongue	0.0	0.0	0	observed_zero
5	6	ENSG00000196787	H2AC11	H2AC11:HGNC:4737	clustered	tongue squamous epithelium	0.0	0.0	0	observed_zero
5	6	ENSG00000196787	H2AC11	H2AC11:HGNC:4737	clustered	tonsil	51.68	4.367264590106719	4	present_gold
5	6	ENSG00000196787	H2AC11	H2AC11:HGNC:4737	clustered	trabecular bone tissue	0.0	0.0	0	observed_zero
5	6	ENSG00000196787	H2AC11	H2AC11:HGNC:4737	clustered	trachea	0.0	0.0	0	observed_zero
5	6	ENSG00000196787	H2AC11	H2AC11:HGNC:4737	clustered	transverse colon	53.535	3.1066997494661983	10	present_gold
5	6	ENSG00000196787	H2AC11	H2AC11:HGNC:4737	clustered	triceps brachii	0.0	0.0	0	observed_zero
5	6	ENSG00000196787	H2AC11	H2AC11:HGNC:4737	clustered	trigeminal ganglion	0.0	0.0	0	observed_zero
5	6	ENSG00000196787	H2AC11	H2AC11:HGNC:4737	clustered	type B pancreatic cell	0.0	0.0	0	observed_zero
5	6	ENSG00000196787	H2AC11	H2AC11:HGNC:4737	clustered	upper arm skin	0.0	0.0	0	observed_zero
5	6	ENSG00000196787	H2AC11	H2AC11:HGNC:4737	clustered	upper leg skin	0.0	0.0	0	observed_zero
5	6	ENSG00000196787	H2AC11	H2AC11:HGNC:4737	clustered	upper lobe of left lung	46.42166666666666	5.558713580197008	6	present_gold
5	6	ENSG00000196787	H2AC11	H2AC11:HGNC:4737	clustered	upper lobe of lung	0.0	0.0	0	observed_zero
5	6	ENSG00000196787	H2AC11	H2AC11:HGNC:4737	clustered	urethra	0.0	0.0	0	observed_zero
5	6	ENSG00000196787	H2AC11	H2AC11:HGNC:4737	clustered	urinary bladder	46.5025	2.6982309019059136	8	present_gold
5	6	ENSG00000196787	H2AC11	H2AC11:HGNC:4737	clustered	uterine cervix	51.93	3.1536962440919973	2	present_gold
5	6	ENSG00000196787	H2AC11	H2AC11:HGNC:4737	clustered	uterus	49.615	0.2616295090390207	2	present_gold
5	6	ENSG00000196787	H2AC11	H2AC11:HGNC:4737	clustered	vagina	59.892727272727264	10.5147135870732	11	present_gold
5	6	ENSG00000196787	H2AC11	H2AC11:HGNC:4737	clustered	vastus lateralis	0.0	0.0	0	observed_zero
5	6	ENSG00000196787	H2AC11	H2AC11:HGNC:4737	clustered	vena cava	0.0	0.0	0	observed_zero
5	6	ENSG00000196787	H2AC11	H2AC11:HGNC:4737	clustered	ventral tegmental area	0.0	0.0	0	observed_zero
5	6	ENSG00000196787	H2AC11	H2AC11:HGNC:4737	clustered	ventricular zone	68.965	2.8496403281817875	2	present_gold
5	6	ENSG00000196787	H2AC11	H2AC11:HGNC:4737	clustered	vermiform appendix	50.76	0.0	1	present_gold
5	6	ENSG00000196787	H2AC11	H2AC11:HGNC:4737	clustered	visceral pleura	0.0	0.0	0	observed_zero
5	6	ENSG00000196787	H2AC11	H2AC11:HGNC:4737	clustered	zone of skin	40.53428571428572	0.3557085484333641	7	present_gold
6	7	ENSG00000274997	H2AC12	H2AC12:HGNC:13671	clustered	Ammon's horn	48.785	7.431692270270613	2	present_gold
6	7	ENSG00000274997	H2AC12	H2AC12:HGNC:13671	clustered	Brodmann (1909) area 9	0.0	0.0	0	observed_zero
6	7	ENSG00000274997	H2AC12	H2AC12:HGNC:13671	clustered	C1 segment of cervical spinal cord	47.47428571428571	12.962230848562626	7	present_gold
6	7	ENSG00000274997	H2AC12	H2AC12:HGNC:13671	clustered	adenohypophysis	0.0	0.0	0	observed_zero
6	7	ENSG00000274997	H2AC12	H2AC12:HGNC:13671	clustered	adipose tissue	34.585	0.4313351365237935	2	present_gold
6	7	ENSG00000274997	H2AC12	H2AC12:HGNC:13671	clustered	adrenal gland	43.06	15.672144077949255	3	present_gold
6	7	ENSG00000274997	H2AC12	H2AC12:HGNC:13671	clustered	adrenal tissue	90.05	2.5104780421266355	3	present_gold
6	7	ENSG00000274997	H2AC12	H2AC12:HGNC:13671	clustered	adult mammalian kidney	46.03666666666667	16.87923675209674	3	present_gold
6	7	ENSG00000274997	H2AC12	H2AC12:HGNC:13671	clustered	amygdala	0.0	0.0	0	observed_zero
6	7	ENSG00000274997	H2AC12	H2AC12:HGNC:13671	clustered	anterior cingulate cortex	27.67	4.963889603929563	2	present_gold
6	7	ENSG00000274997	H2AC12	H2AC12:HGNC:13671	clustered	apex of heart	0.0	0.0	0	observed_zero
6	7	ENSG00000274997	H2AC12	H2AC12:HGNC:13671	clustered	ascending aorta	32.61	2.116135291381099	8	present_gold
6	7	ENSG00000274997	H2AC12	H2AC12:HGNC:13671	clustered	blood	53.89666666666667	5.13464516323971	15	present_gold
6	7	ENSG00000274997	H2AC12	H2AC12:HGNC:13671	clustered	body of pancreas	37.98	14.547229976871884	3	present_gold
6	7	ENSG00000274997	H2AC12	H2AC12:HGNC:13671	clustered	body of stomach	33.175	4.150328902629284	6	present_gold
6	7	ENSG00000274997	H2AC12	H2AC12:HGNC:13671	clustered	body of uterus	32.23	0.0	1	present_gold
6	7	ENSG00000274997	H2AC12	H2AC12:HGNC:13671	clustered	bone marrow	77.07	0.0	1	present_gold
6	7	ENSG00000274997	H2AC12	H2AC12:HGNC:13671	clustered	bone marrow cell	98.6	0.0	1	present_gold
6	7	ENSG00000274997	H2AC12	H2AC12:HGNC:13671	clustered	brain	24.10333333333333	0.4416257842714045	3	present_gold
6	7	ENSG00000274997	H2AC12	H2AC12:HGNC:13671	clustered	calcaneal tendon	83.856	4.559948464621065	5	present_gold
6	7	ENSG00000274997	H2AC12	H2AC12:HGNC:13671	clustered	caudate nucleus	28.57	0.0	1	present_gold
6	7	ENSG00000274997	H2AC12	H2AC12:HGNC:13671	clustered	cerebellar cortex	0.0	0.0	0	observed_zero
6	7	ENSG00000274997	H2AC12	H2AC12:HGNC:13671	clustered	cerebellar hemisphere	0.0	0.0	0	observed_zero
6	7	ENSG00000274997	H2AC12	H2AC12:HGNC:13671	clustered	cerebellum	0.0	0.0	0	observed_zero
6	7	ENSG00000274997	H2AC12	H2AC12:HGNC:13671	clustered	cerebral cortex	24.97	0.0	1	present_gold
6	7	ENSG00000274997	H2AC12	H2AC12:HGNC:13671	clustered	colon	62.0488888888889	27.472064649587423	9	present_gold
6	7	ENSG00000274997	H2AC12	H2AC12:HGNC:13671	clustered	colonic epithelium	82.27	0.0	1	present_gold
6	7	ENSG00000274997	H2AC12	H2AC12:HGNC:13671	clustered	corpus callosum	73.10249999999999	2.116654199438348	4	present_gold
6	7	ENSG00000274997	H2AC12	H2AC12:HGNC:13671	clustered	cortex of kidney	0.0	0.0	0	observed_zero
6	7	ENSG00000274997	H2AC12	H2AC12:HGNC:13671	clustered	cortical plate	45.26	0.0	1	present_gold
6	7	ENSG00000274997	H2AC12	H2AC12:HGNC:13671	clustered	descending thoracic aorta	0.0	0.0	0	observed_zero
6	7	ENSG00000274997	H2AC12	H2AC12:HGNC:13671	clustered	dorsolateral prefrontal cortex	36.31	0.0	1	present_gold
6	7	ENSG00000274997	H2AC12	H2AC12:HGNC:13671	clustered	duodenum	41.8	0.0	1	present_gold
6	7	ENSG00000274997	H2AC12	H2AC12:HGNC:13671	clustered	ectocervix	49.105	2.694076836320743	2	present_gold
6	7	ENSG00000274997	H2AC12	H2AC12:HGNC:13671	clustered	endocervix	43.305	3.7547370081005687	2	present_gold
6	7	ENSG00000274997	H2AC12	H2AC12:HGNC:13671	clustered	endometrium	0.0	0.0	0	observed_zero
6	7	ENSG00000274997	H2AC12	H2AC12:HGNC:13671	clustered	esophagogastric junction muscularis propria	35.564	2.3637956764492145	5	present_gold
6	7	ENSG00000274997	H2AC12	H2AC12:HGNC:13671	clustered	esophagus	36.89	0.9314504817756012	3	present_gold
6	7	ENSG00000274997	H2AC12	H2AC12:HGNC:13671	clustered	esophagus mucosa	37.46727272727273	3.256397060891349	11	present_gold
6	7	ENSG00000274997	H2AC12	H2AC12:HGNC:13671	clustered	fallopian tube	29.0	0.0	1	present_gold
6	7	ENSG00000274997	H2AC12	H2AC12:HGNC:13671	clustered	frontal cortex	28.43	0.0	1	present_gold
6	7	ENSG00000274997	H2AC12	H2AC12:HGNC:13671	clustered	fundus of stomach	49.7775	2.8856238493608264	4	present_gold
6	7	ENSG00000274997	H2AC12	H2AC12:HGNC:13671	clustered	gall bladder	34.95	0.0	1	present_gold
6	7	ENSG00000274997	H2AC12	H2AC12:HGNC:13671	clustered	ganglionic eminence	54.645	3.4436100243784846	2	present_gold
6	7	ENSG00000274997	H2AC12	H2AC12:HGNC:13671	clustered	gastrocnemius	31.776666666666667	6.157810758161812	3	present_gold
6	7	ENSG00000274997	H2AC12	H2AC12:HGNC:13671	clustered	granulocyte	61.78	0.0	1	present_gold
6	7	ENSG00000274997	H2AC12	H2AC12:HGNC:13671	clustered	heart	60.04571428571428	27.046149976871543	7	present_gold
6	7	ENSG00000274997	H2AC12	H2AC12:HGNC:13671	clustered	heart left ventricle	32.195	3.245073188696981	4	present_gold
6	7	ENSG00000274997	H2AC12	H2AC12:HGNC:13671	clustered	hindlimb stylopod muscle	40.26	0.0	1	present_gold
6	7	ENSG00000274997	H2AC12	H2AC12:HGNC:13671	clustered	hypothalamus	36.465	16.567511883200808	2	present_gold
6	7	ENSG00000274997	H2AC12	H2AC12:HGNC:13671	clustered	intestine	80.1	24.074200575166216	4	present_gold
6	7	ENSG00000274997	H2AC12	H2AC12:HGNC:13671	clustered	islet of Langerhans	36.395	10.21769298814561	2	present_gold
6	7	ENSG00000274997	H2AC12	H2AC12:HGNC:13671	clustered	kidney	79.3925	28.541884281408848	4	present_gold
6	7	ENSG00000274997	H2AC12	H2AC12:HGNC:13671	clustered	left adrenal gland	38.906666666666666	9.497548806578113	3	present_gold
6	7	ENSG00000274997	H2AC12	H2AC12:HGNC:13671	clustered	left adrenal gland cortex	41.602	4.925314203175264	5	present_gold
6	7	ENSG00000274997	H2AC12	H2AC12:HGNC:13671	clustered	left coronary artery	40.0825	5.066217359463896	4	present_gold
6	7	ENSG00000274997	H2AC12	H2AC12:HGNC:13671	clustered	left lobe of thyroid gland	35.45	0.0	1	present_gold
6	7	ENSG00000274997	H2AC12	H2AC12:HGNC:13671	clustered	left ovary	30.59	0.0	1	present_gold
6	7	ENSG00000274997	H2AC12	H2AC12:HGNC:13671	clustered	left testis	52.96833333333333	1.8594129898079848	6	present_gold
6	7	ENSG00000274997	H2AC12	H2AC12:HGNC:13671	clustered	left uterine tube	27.6	0.0	1	present_gold
6	7	ENSG00000274997	H2AC12	H2AC12:HGNC:13671	clustered	leukocyte	0.0	0.0	0	observed_zero
6	7	ENSG00000274997	H2AC12	H2AC12:HGNC:13671	clustered	liver	36.705	6.965043431307517	6	present_gold
6	7	ENSG00000274997	H2AC12	H2AC12:HGNC:13671	clustered	lower esophagus	34.34	4.002224381515859	2	present_gold
6	7	ENSG00000274997	H2AC12	H2AC12:HGNC:13671	clustered	lower esophagus mucosa	0.0	0.0	0	observed_zero
6	7	ENSG00000274997	H2AC12	H2AC12:HGNC:13671	clustered	lower esophagus muscularis layer	34.40833333333333	2.5363865373137964	6	present_gold
6	7	ENSG00000274997	H2AC12	H2AC12:HGNC:13671	clustered	lung	63.09666666666666	26.973810755372824	6	present_gold
6	7	ENSG00000274997	H2AC12	H2AC12:HGNC:13671	clustered	lymph node	54.265	4.065863991822648	2	present_gold
6	7	ENSG00000274997	H2AC12	H2AC12:HGNC:13671	clustered	metanephros cortex	0.0	0.0	0	observed_zero
6	7	ENSG00000274997	H2AC12	H2AC12:HGNC:13671	clustered	minor salivary gland	36.6475	11.63422071591676	4	present_gold
6	7	ENSG00000274997	H2AC12	H2AC12:HGNC:13671	clustered	monocyte	43.08	0.0	1	present_gold
6	7	ENSG00000274997	H2AC12	H2AC12:HGNC:13671	clustered	mucosa of stomach	0.0	0.0	0	observed_zero
6	7	ENSG00000274997	H2AC12	H2AC12:HGNC:13671	clustered	mucosa of transverse colon	58.4	0.0	1	present_gold
6	7	ENSG00000274997	H2AC12	H2AC12:HGNC:13671	clustered	muscle layer of sigmoid colon	36.45333333333333	4.574743162189545	9	present_gold
6	7	ENSG00000274997	H2AC12	H2AC12:HGNC:13671	clustered	muscle of leg	33.19	0.0	1	present_gold
6	7	ENSG00000274997	H2AC12	H2AC12:HGNC:13671	clustered	muscle tissue	45.52	0.0	1	present_gold
6	7	ENSG00000274997	H2AC12	H2AC12:HGNC:13671	clustered	myometrium	38.98333333333333	10.8230787363547	3	present_gold
6	7	ENSG00000274997	H2AC12	H2AC12:HGNC:13671	clustered	nucleus accumbens	0.0	0.0	0	observed_zero
6	7	ENSG00000274997	H2AC12	H2AC12:HGNC:13671	clustered	olfactory segment of nasal mucosa	30.53	0.0	1	present_gold
6	7	ENSG00000274997	H2AC12	H2AC12:HGNC:13671	clustered	omental fat pad	38.4	3.863861051101891	10	present_gold
6	7	ENSG00000274997	H2AC12	H2AC12:HGNC:13671	clustered	ovary	31.425	1.1101576464628795	2	present_gold
6	7	ENSG00000274997	H2AC12	H2AC12:HGNC:13671	clustered	pancreas	28.975	1.180868324581533	2	present_gold
6	7	ENSG00000274997	H2AC12	H2AC12:HGNC:13671	clustered	pituitary gland	48.86	0.0	1	present_gold
6	7	ENSG00000274997	H2AC12	H2AC12:HGNC:13671	clustered	placenta	52.92	0.0	1	present_gold
6	7	ENSG00000274997	H2AC12	H2AC12:HGNC:13671	clustered	popliteal artery	37.31	0.0	1	present_gold
6	7	ENSG00000274997	H2AC12	H2AC12:HGNC:13671	clustered	prefrontal cortex	37.154	8.611209554992842	5	present_gold
6	7	ENSG00000274997	H2AC12	H2AC12:HGNC:13671	clustered	primary visual cortex	0.0	0.0	0	observed_zero
6	7	ENSG00000274997	H2AC12	H2AC12:HGNC:13671	clustered	prostate gland	31.65	1.3817742217887834	5	present_gold
6	7	ENSG00000274997	H2AC12	H2AC12:HGNC:13671	clustered	putamen	27.48	0.0	1	present_gold
6	7	ENSG00000274997	H2AC12	H2AC12:HGNC:13671	clustered	rectum	40.27	0.0	1	present_gold
6	7	ENSG00000274997	H2AC12	H2AC12:HGNC:13671	clustered	right adrenal gland	0.0	0.0	0	observed_zero
6	7	ENSG00000274997	H2AC12	H2AC12:HGNC:13671	clustered	right adrenal gland cortex	44.99	0.0	1	present_gold
6	7	ENSG00000274997	H2AC12	H2AC12:HGNC:13671	clustered	right atrium auricular region	33.19	0.0	1	present_gold
6	7	ENSG00000274997	H2AC12	H2AC12:HGNC:13671	clustered	right coronary artery	0.0	0.0	0	observed_zero
6	7	ENSG00000274997	H2AC12	H2AC12:HGNC:13671	clustered	right frontal lobe	0.0	0.0	0	observed_zero
6	7	ENSG00000274997	H2AC12	H2AC12:HGNC:13671	clustered	right hemisphere of cerebellum	0.0	0.0	0	observed_zero
6	7	ENSG00000274997	H2AC12	H2AC12:HGNC:13671	clustered	right lobe of liver	41.36	0.0	1	present_gold
6	7	ENSG00000274997	H2AC12	H2AC12:HGNC:13671	clustered	right lobe of thyroid gland	35.05	0.0	1	present_gold
6	7	ENSG00000274997	H2AC12	H2AC12:HGNC:13671	clustered	right lung	0.0	0.0	0	observed_zero
6	7	ENSG00000274997	H2AC12	H2AC12:HGNC:13671	clustered	right ovary	33.85	0.0	1	present_gold
6	7	ENSG00000274997	H2AC12	H2AC12:HGNC:13671	clustered	right testis	55.112	3.6103420890547215	5	present_gold
6	7	ENSG00000274997	H2AC12	H2AC12:HGNC:13671	clustered	right uterine tube	50.83	0.0	1	present_gold
6	7	ENSG00000274997	H2AC12	H2AC12:HGNC:13671	clustered	saliva-secreting gland	0.0	0.0	0	observed_zero
6	7	ENSG00000274997	H2AC12	H2AC12:HGNC:13671	clustered	skeletal muscle tissue	45.35	0.0	1	present_gold
6	7	ENSG00000274997	H2AC12	H2AC12:HGNC:13671	clustered	skin of abdomen	33.5	4.874450396369489	7	present_gold
6	7	ENSG00000274997	H2AC12	H2AC12:HGNC:13671	clustered	skin of leg	29.28	2.359720322411112	6	present_gold
6	7	ENSG00000274997	H2AC12	H2AC12:HGNC:13671	clustered	small intestine	43.370000000000005	1.329360748630711	2	present_gold
6	7	ENSG00000274997	H2AC12	H2AC12:HGNC:13671	clustered	small intestine Peyer's patch	45.11555555555555	8.036121749810526	9	present_gold
6	7	ENSG00000274997	H2AC12	H2AC12:HGNC:13671	clustered	smooth muscle tissue	40.45	0.0	1	present_gold
6	7	ENSG00000274997	H2AC12	H2AC12:HGNC:13671	clustered	spleen	47.16375	5.270494521389809	8	present_gold
6	7	ENSG00000274997	H2AC12	H2AC12:HGNC:13671	clustered	stomach	62.51916666666667	31.3765515975149	12	present_gold
6	7	ENSG00000274997	H2AC12	H2AC12:HGNC:13671	clustered	stromal cell of endometrium	0.0	0.0	0	observed_zero
6	7	ENSG00000274997	H2AC12	H2AC12:HGNC:13671	clustered	subcutaneous adipose tissue	34.7525	1.558247642156314	8	present_gold
6	7	ENSG00000274997	H2AC12	H2AC12:HGNC:13671	clustered	substantia nigra	36.97	10.309616869699862	2	present_gold
6	7	ENSG00000274997	H2AC12	H2AC12:HGNC:13671	clustered	superior frontal gyrus	37.61	4.398204178980325	2	present_gold
6	7	ENSG00000274997	H2AC12	H2AC12:HGNC:13671	clustered	sural nerve	76.89500000000001	10.17526658127442	2	present_gold
6	7	ENSG00000274997	H2AC12	H2AC12:HGNC:13671	clustered	temporal lobe	60.41	0.0	1	present_gold
6	7	ENSG00000274997	H2AC12	H2AC12:HGNC:13671	clustered	testis	53.8325	3.438661492084217	8	present_gold
6	7	ENSG00000274997	H2AC12	H2AC12:HGNC:13671	clustered	thoracic aorta	31.883333333333336	2.2905094047685823	3	present_gold
6	7	ENSG00000274997	H2AC12	H2AC12:HGNC:13671	clustered	thoracic mammary gland	42.17	5.500399985455603	5	present_gold
6	7	ENSG00000274997	H2AC12	H2AC12:HGNC:13671	clustered	thyroid gland	30.406666666666663	3.722020060845098	3	present_gold
6	7	ENSG00000274997	H2AC12	H2AC12:HGNC:13671	clustered	tibial artery	33.61142857142857	3.414266288049936	7	present_gold
6	7	ENSG00000274997	H2AC12	H2AC12:HGNC:13671	clustered	tibial nerve	36.64857142857142	6.253461517622136	7	present_gold
6	7	ENSG00000274997	H2AC12	H2AC12:HGNC:13671	clustered	tonsil	58.89000000000001	12.292583129676206	3	present_gold
6	7	ENSG00000274997	H2AC12	H2AC12:HGNC:13671	clustered	transverse colon	45.436	5.624427279485638	10	present_gold
6	7	ENSG00000274997	H2AC12	H2AC12:HGNC:13671	clustered	upper lobe of left lung	40.292	4.758342148269709	5	present_gold
6	7	ENSG00000274997	H2AC12	H2AC12:HGNC:13671	clustered	urinary bladder	49.11666666666667	5.853429194355503	3	present_gold
6	7	ENSG00000274997	H2AC12	H2AC12:HGNC:13671	clustered	uterine cervix	45.39	0.0	1	present_gold
6	7	ENSG00000274997	H2AC12	H2AC12:HGNC:13671	clustered	vagina	35.95333333333333	3.336844817088942	3	present_gold
6	7	ENSG00000274997	H2AC12	H2AC12:HGNC:13671	clustered	ventricular zone	58.61	14.410836200581835	2	present_gold
6	7	ENSG00000274997	H2AC12	H2AC12:HGNC:13671	clustered	vermiform appendix	30.88	0.0	1	present_gold
6	7	ENSG00000274997	H2AC12	H2AC12:HGNC:13671	clustered	zone of skin	30.66	0.4384062043356577	2	present_gold
7	8	ENSG00000196747	H2AC13	H2AC13:HGNC:4725	clustered	Ammon's horn	32.76	11.20252650074973	4	present_gold
7	8	ENSG00000196747	H2AC13	H2AC13:HGNC:4725	clustered	Brodmann (1909) area 10	0.0	0.0	0	observed_zero
7	8	ENSG00000196747	H2AC13	H2AC13:HGNC:4725	clustered	Brodmann (1909) area 9	0.0	0.0	0	observed_zero
7	8	ENSG00000196747	H2AC13	H2AC13:HGNC:4725	clustered	C1 segment of cervical spinal cord	50.00375	15.9864495633914	8	present_gold
7	8	ENSG00000196747	H2AC13	H2AC13:HGNC:4725	clustered	adenohypophysis	0.0	0.0	0	observed_zero
7	8	ENSG00000196747	H2AC13	H2AC13:HGNC:4725	clustered	adipose tissue	30.805	1.5485638507985375	2	present_gold
7	8	ENSG00000196747	H2AC13	H2AC13:HGNC:4725	clustered	adrenal gland	50.03	3.650164379860172	3	present_gold
7	8	ENSG00000196747	H2AC13	H2AC13:HGNC:4725	clustered	adrenal tissue	90.16	4.877202066759178	3	present_gold
7	8	ENSG00000196747	H2AC13	H2AC13:HGNC:4725	clustered	adult mammalian kidney	50.1375	18.42100680382771	4	present_gold
7	8	ENSG00000196747	H2AC13	H2AC13:HGNC:4725	clustered	amygdala	0.0	0.0	0	observed_zero
7	8	ENSG00000196747	H2AC13	H2AC13:HGNC:4725	clustered	anterior cingulate cortex	26.858	4.616640553476088	5	present_gold
7	8	ENSG00000196747	H2AC13	H2AC13:HGNC:4725	clustered	apex of heart	0.0	0.0	0	observed_zero
7	8	ENSG00000196747	H2AC13	H2AC13:HGNC:4725	clustered	ascending aorta	36.23375	4.040650363139932	8	present_gold
7	8	ENSG00000196747	H2AC13	H2AC13:HGNC:4725	clustered	blood	73.05470588235295	3.711280300730227	17	present_gold
7	8	ENSG00000196747	H2AC13	H2AC13:HGNC:4725	clustered	body of pancreas	0.0	0.0	0	observed_zero
7	8	ENSG00000196747	H2AC13	H2AC13:HGNC:4725	clustered	body of stomach	38.40875	4.59932429043348	8	present_gold
7	8	ENSG00000196747	H2AC13	H2AC13:HGNC:4725	clustered	body of uterus	0.0	0.0	0	observed_zero
7	8	ENSG00000196747	H2AC13	H2AC13:HGNC:4725	clustered	bone marrow	75.53999999999999	10.267190462828667	2	present_gold
7	8	ENSG00000196747	H2AC13	H2AC13:HGNC:4725	clustered	bone marrow cell	98.73	0.0	1	present_gold
7	8	ENSG00000196747	H2AC13	H2AC13:HGNC:4725	clustered	brain	31.9075	10.847452465901846	4	present_gold
7	8	ENSG00000196747	H2AC13	H2AC13:HGNC:4725	clustered	calcaneal tendon	62.1175	7.264233728802142	4	present_gold
7	8	ENSG00000196747	H2AC13	H2AC13:HGNC:4725	clustered	caudate nucleus	36.675	9.916136680515589	4	present_gold
7	8	ENSG00000196747	H2AC13	H2AC13:HGNC:4725	clustered	central nervous system	27.6	0.0	1	present_gold
7	8	ENSG00000196747	H2AC13	H2AC13:HGNC:4725	clustered	cerebellar cortex	27.17	0.0	1	present_gold
7	8	ENSG00000196747	H2AC13	H2AC13:HGNC:4725	clustered	cerebellar hemisphere	27.77	0.0	1	present_gold
7	8	ENSG00000196747	H2AC13	H2AC13:HGNC:4725	clustered	cerebellar vermis	0.0	0.0	0	observed_zero
7	8	ENSG00000196747	H2AC13	H2AC13:HGNC:4725	clustered	cerebellum	27.325	2.128391411371507	2	present_gold
7	8	ENSG00000196747	H2AC13	H2AC13:HGNC:4725	clustered	cerebral cortex	27.58	0.0	1	present_gold
7	8	ENSG00000196747	H2AC13	H2AC13:HGNC:4725	clustered	colon	60.782	26.20710624578337	10	present_gold
7	8	ENSG00000196747	H2AC13	H2AC13:HGNC:4725	clustered	colonic epithelium	76.91	0.0	1	present_gold
7	8	ENSG00000196747	H2AC13	H2AC13:HGNC:4725	clustered	corpus callosum	52.35	0.0	1	present_gold
7	8	ENSG00000196747	H2AC13	H2AC13:HGNC:4725	clustered	cortex of kidney	42.92	0.0	1	present_gold
7	8	ENSG00000196747	H2AC13	H2AC13:HGNC:4725	clustered	cortical plate	0.0	0.0	0	observed_zero
7	8	ENSG00000196747	H2AC13	H2AC13:HGNC:4725	clustered	descending thoracic aorta	32.64	0.0	1	present_gold
7	8	ENSG00000196747	H2AC13	H2AC13:HGNC:4725	clustered	dorsolateral prefrontal cortex	27.36	0.0	1	present_gold
7	8	ENSG00000196747	H2AC13	H2AC13:HGNC:4725	clustered	duodenum	45.88	0.0	1	present_gold
7	8	ENSG00000196747	H2AC13	H2AC13:HGNC:4725	clustered	ectocervix	60.535	19.02824348172999	2	present_gold
7	8	ENSG00000196747	H2AC13	H2AC13:HGNC:4725	clustered	endocervix	48.88	0.0	1	present_gold
7	8	ENSG00000196747	H2AC13	H2AC13:HGNC:4725	clustered	endometrium	49.83	2.446589462905455	2	present_gold
7	8	ENSG00000196747	H2AC13	H2AC13:HGNC:4725	clustered	endometrium epithelium	0.0	0.0	0	observed_zero
7	8	ENSG00000196747	H2AC13	H2AC13:HGNC:4725	clustered	epithelium of bronchus	0.0	0.0	0	observed_zero
7	8	ENSG00000196747	H2AC13	H2AC13:HGNC:4725	clustered	esophagogastric junction muscularis propria	28.05	2.5278647115698263	5	present_gold
7	8	ENSG00000196747	H2AC13	H2AC13:HGNC:4725	clustered	esophagus	42.785	1.029061060708579	4	present_gold
7	8	ENSG00000196747	H2AC13	H2AC13:HGNC:4725	clustered	esophagus mucosa	55.30545454545455	3.0106788724019173	11	present_gold
7	8	ENSG00000196747	H2AC13	H2AC13:HGNC:4725	clustered	fallopian tube	32.04	0.0	1	present_gold
7	8	ENSG00000196747	H2AC13	H2AC13:HGNC:4725	clustered	frontal cortex	29.8525	2.753450865126645	4	present_gold
7	8	ENSG00000196747	H2AC13	H2AC13:HGNC:4725	clustered	frontal pole	0.0	0.0	0	observed_zero
7	8	ENSG00000196747	H2AC13	H2AC13:HGNC:4725	clustered	fundus of stomach	46.94499999999999	0.657609306503489	2	present_gold
7	8	ENSG00000196747	H2AC13	H2AC13:HGNC:4725	clustered	gall bladder	47.82	0.0	1	present_gold
7	8	ENSG00000196747	H2AC13	H2AC13:HGNC:4725	clustered	ganglionic eminence	46.575	1.5627059864222703	2	present_gold
7	8	ENSG00000196747	H2AC13	H2AC13:HGNC:4725	clustered	gastrocnemius	29.355	3.2643988726869764	4	present_gold
7	8	ENSG00000196747	H2AC13	H2AC13:HGNC:4725	clustered	granulocyte	58.73	0.0	1	present_gold
7	8	ENSG00000196747	H2AC13	H2AC13:HGNC:4725	clustered	heart	61.625	30.559588184398034	6	present_gold
7	8	ENSG00000196747	H2AC13	H2AC13:HGNC:4725	clustered	heart left ventricle	28.846	2.429347649061368	5	present_gold
7	8	ENSG00000196747	H2AC13	H2AC13:HGNC:4725	clustered	hindlimb stylopod muscle	0.0	0.0	0	observed_zero
7	8	ENSG00000196747	H2AC13	H2AC13:HGNC:4725	clustered	hypothalamus	42.325	1.223294731452725	2	present_gold
7	8	ENSG00000196747	H2AC13	H2AC13:HGNC:4725	clustered	intestine	81.52000000000001	23.26072655787003	4	present_gold
7	8	ENSG00000196747	H2AC13	H2AC13:HGNC:4725	clustered	islet of Langerhans	35.3675	3.727075484433695	4	present_gold
7	8	ENSG00000196747	H2AC13	H2AC13:HGNC:4725	clustered	kidney	82.935	27.15872419683959	4	present_gold
7	8	ENSG00000196747	H2AC13	H2AC13:HGNC:4725	clustered	left adrenal gland	47.78125	6.772535793292536	8	present_gold
7	8	ENSG00000196747	H2AC13	H2AC13:HGNC:4725	clustered	left adrenal gland cortex	50.22	9.04669158153568	8	present_gold
7	8	ENSG00000196747	H2AC13	H2AC13:HGNC:4725	clustered	left coronary artery	46.73	12.327293566175287	7	present_gold
7	8	ENSG00000196747	H2AC13	H2AC13:HGNC:4725	clustered	left lobe of thyroid gland	30.96166666666667	5.483339918942346	6	present_gold
7	8	ENSG00000196747	H2AC13	H2AC13:HGNC:4725	clustered	left ovary	33.21333333333333	0.4411726797222763	3	present_gold
7	8	ENSG00000196747	H2AC13	H2AC13:HGNC:4725	clustered	left testis	30.0925	2.567818464507696	4	present_gold
7	8	ENSG00000196747	H2AC13	H2AC13:HGNC:4725	clustered	left uterine tube	27.87	0.0	1	present_gold
7	8	ENSG00000196747	H2AC13	H2AC13:HGNC:4725	clustered	leukocyte	69.39	0.0	1	present_gold
7	8	ENSG00000196747	H2AC13	H2AC13:HGNC:4725	clustered	liver	39.82	1.2029630085750769	6	present_gold
7	8	ENSG00000196747	H2AC13	H2AC13:HGNC:4725	clustered	lower esophagus	25.79	0.0	1	present_gold
7	8	ENSG00000196747	H2AC13	H2AC13:HGNC:4725	clustered	lower esophagus mucosa	59.98	0.0	1	present_gold
7	8	ENSG00000196747	H2AC13	H2AC13:HGNC:4725	clustered	lower esophagus muscularis layer	28.73	2.4367396249907376	3	present_gold
7	8	ENSG00000196747	H2AC13	H2AC13:HGNC:4725	clustered	lung	67.74666666666667	23.91073120309512	6	present_gold
7	8	ENSG00000196747	H2AC13	H2AC13:HGNC:4725	clustered	lymph node	60.045	1.2940054095713809	2	present_gold
7	8	ENSG00000196747	H2AC13	H2AC13:HGNC:4725	clustered	metanephric glomerulus	0.0	0.0	0	observed_zero
7	8	ENSG00000196747	H2AC13	H2AC13:HGNC:4725	clustered	metanephros cortex	0.0	0.0	0	observed_zero
7	8	ENSG00000196747	H2AC13	H2AC13:HGNC:4725	clustered	middle frontal gyrus	0.0	0.0	0	observed_zero
7	8	ENSG00000196747	H2AC13	H2AC13:HGNC:4725	clustered	minor salivary gland	39.89	6.392107633636969	6	present_gold
7	8	ENSG00000196747	H2AC13	H2AC13:HGNC:4725	clustered	monocyte	79.08	0.0	1	present_gold
7	8	ENSG00000196747	H2AC13	H2AC13:HGNC:4725	clustered	mucosa of stomach	44.35	0.0	1	present_gold
7	8	ENSG00000196747	H2AC13	H2AC13:HGNC:4725	clustered	mucosa of transverse colon	71.1	0.0	1	present_gold
7	8	ENSG00000196747	H2AC13	H2AC13:HGNC:4725	clustered	muscle layer of sigmoid colon	33.61714285714286	4.513984619253496	7	present_gold
7	8	ENSG00000196747	H2AC13	H2AC13:HGNC:4725	clustered	muscle of leg	32.69	2.3193102422918743	2	present_gold
7	8	ENSG00000196747	H2AC13	H2AC13:HGNC:4725	clustered	muscle tissue	40.94	0.0	1	present_gold
7	8	ENSG00000196747	H2AC13	H2AC13:HGNC:4725	clustered	myometrium	33.455	3.981011178080264	2	present_gold
7	8	ENSG00000196747	H2AC13	H2AC13:HGNC:4725	clustered	nucleus accumbens	32.8325	13.808551396387193	4	present_gold
7	8	ENSG00000196747	H2AC13	H2AC13:HGNC:4725	clustered	olfactory segment of nasal mucosa	38.79	0.0	1	present_gold
7	8	ENSG00000196747	H2AC13	H2AC13:HGNC:4725	clustered	omental fat pad	39.3	8.176101061718144	8	present_gold
7	8	ENSG00000196747	H2AC13	H2AC13:HGNC:4725	clustered	ovary	34.43	0.4877499359302886	3	present_gold
7	8	ENSG00000196747	H2AC13	H2AC13:HGNC:4725	clustered	pancreas	28.37	0.9899494936611656	2	present_gold
7	8	ENSG00000196747	H2AC13	H2AC13:HGNC:4725	clustered	paraflocculus	0.0	0.0	0	observed_zero
7	8	ENSG00000196747	H2AC13	H2AC13:HGNC:4725	clustered	pituitary gland	27.785	7.375123727775691	2	present_gold
7	8	ENSG00000196747	H2AC13	H2AC13:HGNC:4725	clustered	placenta	54.47	0.0	1	present_gold
7	8	ENSG00000196747	H2AC13	H2AC13:HGNC:4725	clustered	popliteal artery	34.42	0.0	1	present_gold
7	8	ENSG00000196747	H2AC13	H2AC13:HGNC:4725	clustered	prefrontal cortex	34.495000000000005	3.521983342758263	4	present_gold
7	8	ENSG00000196747	H2AC13	H2AC13:HGNC:4725	clustered	primary visual cortex	0.0	0.0	0	observed_zero
7	8	ENSG00000196747	H2AC13	H2AC13:HGNC:4725	clustered	primordial germ cell in gonad	88.75	0.0	1	present_gold
7	8	ENSG00000196747	H2AC13	H2AC13:HGNC:4725	clustered	prostate gland	37.83142857142857	2.2635033949715244	7	present_gold
7	8	ENSG00000196747	H2AC13	H2AC13:HGNC:4725	clustered	putamen	43.11	0.0	1	present_gold
7	8	ENSG00000196747	H2AC13	H2AC13:HGNC:4725	clustered	quadriceps femoris	0.0	0.0	0	observed_zero
7	8	ENSG00000196747	H2AC13	H2AC13:HGNC:4725	clustered	rectum	65.91	0.0	1	present_gold
7	8	ENSG00000196747	H2AC13	H2AC13:HGNC:4725	clustered	right adrenal gland	52.545	3.6023186977278945	4	present_gold
7	8	ENSG00000196747	H2AC13	H2AC13:HGNC:4725	clustered	right adrenal gland cortex	51.89333333333334	2.333459520397413	3	present_gold
7	8	ENSG00000196747	H2AC13	H2AC13:HGNC:4725	clustered	right atrium auricular region	32.222857142857144	3.3307542403371366	7	present_gold
7	8	ENSG00000196747	H2AC13	H2AC13:HGNC:4725	clustered	right coronary artery	0.0	0.0	0	observed_zero
7	8	ENSG00000196747	H2AC13	H2AC13:HGNC:4725	clustered	right frontal lobe	25.13	0.0	1	present_gold
7	8	ENSG00000196747	H2AC13	H2AC13:HGNC:4725	clustered	right hemisphere of cerebellum	0.0	0.0	0	observed_zero
7	8	ENSG00000196747	H2AC13	H2AC13:HGNC:4725	clustered	right lobe of liver	47.67666666666667	4.8760674045108665	3	present_gold
7	8	ENSG00000196747	H2AC13	H2AC13:HGNC:4725	clustered	right lobe of thyroid gland	50.15	0.0	1	present_gold
7	8	ENSG00000196747	H2AC13	H2AC13:HGNC:4725	clustered	right lung	52.6	8.711555544218266	2	present_gold
7	8	ENSG00000196747	H2AC13	H2AC13:HGNC:4725	clustered	right ovary	0.0	0.0	0	observed_zero
7	8	ENSG00000196747	H2AC13	H2AC13:HGNC:4725	clustered	right testis	29.465	1.223294731452725	2	present_gold
7	8	ENSG00000196747	H2AC13	H2AC13:HGNC:4725	clustered	right uterine tube	0.0	0.0	0	observed_zero
7	8	ENSG00000196747	H2AC13	H2AC13:HGNC:4725	clustered	saliva-secreting gland	31.96	0.0	1	present_gold
7	8	ENSG00000196747	H2AC13	H2AC13:HGNC:4725	clustered	sigmoid colon	35.6375	4.04043211385449	4	present_gold
7	8	ENSG00000196747	H2AC13	H2AC13:HGNC:4725	clustered	skeletal muscle tissue	0.0	0.0	0	observed_zero
7	8	ENSG00000196747	H2AC13	H2AC13:HGNC:4725	clustered	skin of abdomen	35.58571428571428	5.543364974281887	7	present_gold
7	8	ENSG00000196747	H2AC13	H2AC13:HGNC:4725	clustered	skin of leg	33.7025	2.1663118757134545	8	present_gold
7	8	ENSG00000196747	H2AC13	H2AC13:HGNC:4725	clustered	small intestine	45.705	1.039446968344224	2	present_gold
7	8	ENSG00000196747	H2AC13	H2AC13:HGNC:4725	clustered	small intestine Peyer's patch	45.979	4.946499211002104	10	present_gold
7	8	ENSG00000196747	H2AC13	H2AC13:HGNC:4725	clustered	smooth muscle tissue	33.95	0.0	1	present_gold
7	8	ENSG00000196747	H2AC13	H2AC13:HGNC:4725	clustered	spinal cord	43.87	0.0	1	present_gold
7	8	ENSG00000196747	H2AC13	H2AC13:HGNC:4725	clustered	spleen	55.259166666666665	4.076423250246657	12	present_gold
7	8	ENSG00000196747	H2AC13	H2AC13:HGNC:4725	clustered	stomach	65.09083333333334	29.53116642043648	12	present_gold
7	8	ENSG00000196747	H2AC13	H2AC13:HGNC:4725	clustered	stromal cell of endometrium	47.8	0.0	1	present_gold
7	8	ENSG00000196747	H2AC13	H2AC13:HGNC:4725	clustered	subcutaneous adipose tissue	55.09166666666667	31.12838666983348	6	present_gold
7	8	ENSG00000196747	H2AC13	H2AC13:HGNC:4725	clustered	substantia nigra	35.07	14.487570534772212	3	present_gold
7	8	ENSG00000196747	H2AC13	H2AC13:HGNC:4725	clustered	superior frontal gyrus	0.0	0.0	0	observed_zero
7	8	ENSG00000196747	H2AC13	H2AC13:HGNC:4725	clustered	sural nerve	0.0	0.0	0	observed_zero
7	8	ENSG00000196747	H2AC13	H2AC13:HGNC:4725	clustered	temporal lobe	0.0	0.0	0	observed_zero
7	8	ENSG00000196747	H2AC13	H2AC13:HGNC:4725	clustered	testis	34.802499999999995	13.12261248126048	4	present_gold
7	8	ENSG00000196747	H2AC13	H2AC13:HGNC:4725	clustered	thoracic aorta	34.894	4.597812523363691	5	present_gold
7	8	ENSG00000196747	H2AC13	H2AC13:HGNC:4725	clustered	thoracic mammary gland	35.04	7.813571526517178	3	present_gold
7	8	ENSG00000196747	H2AC13	H2AC13:HGNC:4725	clustered	thymus	0.0	0.0	0	observed_zero
7	8	ENSG00000196747	H2AC13	H2AC13:HGNC:4725	clustered	thyroid gland	31.367	4.697257000988271	10	present_gold
7	8	ENSG00000196747	H2AC13	H2AC13:HGNC:4725	clustered	tibial artery	36.15857142857143	6.795847821945958	7	present_gold
7	8	ENSG00000196747	H2AC13	H2AC13:HGNC:4725	clustered	tibial nerve	31.653333333333336	1.2809892010994226	3	present_gold
7	8	ENSG00000196747	H2AC13	H2AC13:HGNC:4725	clustered	tonsil	62.92333333333334	5.784741423204096	3	present_gold
7	8	ENSG00000196747	H2AC13	H2AC13:HGNC:4725	clustered	transverse colon	49.46	6.35741037425355	10	present_gold
7	8	ENSG00000196747	H2AC13	H2AC13:HGNC:4725	clustered	upper lobe of left lung	44.0	5.400518493626329	5	present_gold
7	8	ENSG00000196747	H2AC13	H2AC13:HGNC:4725	clustered	urinary bladder	38.84	3.832518754031084	2	present_gold
7	8	ENSG00000196747	H2AC13	H2AC13:HGNC:4725	clustered	uterine cervix	45.08	0.0	1	present_gold
7	8	ENSG00000196747	H2AC13	H2AC13:HGNC:4725	clustered	vagina	45.422	6.468660603247014	5	present_gold
7	8	ENSG00000196747	H2AC13	H2AC13:HGNC:4725	clustered	vastus lateralis	0.0	0.0	0	observed_zero
7	8	ENSG00000196747	H2AC13	H2AC13:HGNC:4725	clustered	ventricular zone	62.650000000000006	18.2292128189892	2	present_gold
7	8	ENSG00000196747	H2AC13	H2AC13:HGNC:4725	clustered	vermiform appendix	36.32	0.0	1	present_gold
7	8	ENSG00000196747	H2AC13	H2AC13:HGNC:4725	clustered	zone of skin	33.55	0.4384062043356577	2	present_gold
8	9	ENSG00000276368	H2AC14	H2AC14:HGNC:4727	clustered	Ammon's horn	29.730000000000004	10.408611819065982	2	present_gold
8	9	ENSG00000276368	H2AC14	H2AC14:HGNC:4727	clustered	Brodmann (1909) area 9	0.0	0.0	0	observed_zero
8	9	ENSG00000276368	H2AC14	H2AC14:HGNC:4727	clustered	C1 segment of cervical spinal cord	39.02	18.842932362029007	5	present_gold
8	9	ENSG00000276368	H2AC14	H2AC14:HGNC:4727	clustered	adenohypophysis	0.0	0.0	0	observed_zero
8	9	ENSG00000276368	H2AC14	H2AC14:HGNC:4727	clustered	adipose tissue	33.169999999999995	13.374763549311815	3	present_gold
8	9	ENSG00000276368	H2AC14	H2AC14:HGNC:4727	clustered	adrenal gland	40.39	15.08844922448957	3	present_gold
8	9	ENSG00000276368	H2AC14	H2AC14:HGNC:4727	clustered	adrenal tissue	91.45666666666666	3.067659259652763	3	present_gold
8	9	ENSG00000276368	H2AC14	H2AC14:HGNC:4727	clustered	adult mammalian kidney	46.945	27.38624563535499	2	present_gold
8	9	ENSG00000276368	H2AC14	H2AC14:HGNC:4727	clustered	amygdala	0.0	0.0	0	observed_zero
8	9	ENSG00000276368	H2AC14	H2AC14:HGNC:4727	clustered	anterior cingulate cortex	23.41	0.0	1	present_gold
8	9	ENSG00000276368	H2AC14	H2AC14:HGNC:4727	clustered	apex of heart	0.0	0.0	0	observed_zero
8	9	ENSG00000276368	H2AC14	H2AC14:HGNC:4727	clustered	ascending aorta	27.820000000000004	5.598044301360968	3	present_gold
8	9	ENSG00000276368	H2AC14	H2AC14:HGNC:4727	clustered	blood	51.14666666666667	4.366794618263519	15	present_gold
8	9	ENSG00000276368	H2AC14	H2AC14:HGNC:4727	clustered	body of pancreas	0.0	0.0	0	observed_zero
8	9	ENSG00000276368	H2AC14	H2AC14:HGNC:4727	clustered	body of stomach	34.78	5.115520501376181	5	present_gold
8	9	ENSG00000276368	H2AC14	H2AC14:HGNC:4727	clustered	body of uterus	26.12	0.0	1	present_gold
8	9	ENSG00000276368	H2AC14	H2AC14:HGNC:4727	clustered	bone marrow	75.65	0.0	1	present_gold
8	9	ENSG00000276368	H2AC14	H2AC14:HGNC:4727	clustered	bone marrow cell	98.35	0.0	1	present_gold
8	9	ENSG00000276368	H2AC14	H2AC14:HGNC:4727	clustered	brain	22.680000000000003	0.3994996871087632	3	present_gold
8	9	ENSG00000276368	H2AC14	H2AC14:HGNC:4727	clustered	calcaneal tendon	73.255	9.531311557178263	4	present_gold
8	9	ENSG00000276368	H2AC14	H2AC14:HGNC:4727	clustered	caudate nucleus	26.91	0.0	1	present_gold
8	9	ENSG00000276368	H2AC14	H2AC14:HGNC:4727	clustered	cerebellar cortex	0.0	0.0	0	observed_zero
8	9	ENSG00000276368	H2AC14	H2AC14:HGNC:4727	clustered	cerebellar hemisphere	0.0	0.0	0	observed_zero
8	9	ENSG00000276368	H2AC14	H2AC14:HGNC:4727	clustered	cerebellum	0.0	0.0	0	observed_zero
8	9	ENSG00000276368	H2AC14	H2AC14:HGNC:4727	clustered	cerebral cortex	23.27	0.0	1	present_gold
8	9	ENSG00000276368	H2AC14	H2AC14:HGNC:4727	clustered	colon	55.437777777777775	32.2785264447503	9	present_gold
8	9	ENSG00000276368	H2AC14	H2AC14:HGNC:4727	clustered	colonic epithelium	68.83	0.0	1	present_gold
8	9	ENSG00000276368	H2AC14	H2AC14:HGNC:4727	clustered	corpus callosum	52.97	9.008540392316617	2	present_gold
8	9	ENSG00000276368	H2AC14	H2AC14:HGNC:4727	clustered	cortex of kidney	25.76	0.0	1	present_gold
8	9	ENSG00000276368	H2AC14	H2AC14:HGNC:4727	clustered	cortical plate	45.1	0.0	1	present_gold
8	9	ENSG00000276368	H2AC14	H2AC14:HGNC:4727	clustered	descending thoracic aorta	39.435	8.803479425772514	2	present_gold
8	9	ENSG00000276368	H2AC14	H2AC14:HGNC:4727	clustered	dorsolateral prefrontal cortex	0.0	0.0	0	observed_zero
8	9	ENSG00000276368	H2AC14	H2AC14:HGNC:4727	clustered	duodenum	41.59	0.0	1	present_gold
8	9	ENSG00000276368	H2AC14	H2AC14:HGNC:4727	clustered	ectocervix	64.05	0.0	1	present_gold
8	9	ENSG00000276368	H2AC14	H2AC14:HGNC:4727	clustered	endocervix	0.0	0.0	0	observed_zero
8	9	ENSG00000276368	H2AC14	H2AC14:HGNC:4727	clustered	endometrium	37.37	1.315218613006978	2	present_gold
8	9	ENSG00000276368	H2AC14	H2AC14:HGNC:4727	clustered	esophagogastric junction muscularis propria	25.5225	2.425673446007658	4	present_gold
8	9	ENSG00000276368	H2AC14	H2AC14:HGNC:4727	clustered	esophagus	34.085	1.539318030817545	4	present_gold
8	9	ENSG00000276368	H2AC14	H2AC14:HGNC:4727	clustered	esophagus mucosa	45.76	5.030675898922529	11	present_gold
8	9	ENSG00000276368	H2AC14	H2AC14:HGNC:4727	clustered	fallopian tube	26.32	0.0	1	present_gold
8	9	ENSG00000276368	H2AC14	H2AC14:HGNC:4727	clustered	frontal cortex	27.15	0.0	1	present_gold
8	9	ENSG00000276368	H2AC14	H2AC14:HGNC:4727	clustered	fundus of stomach	0.0	0.0	0	observed_zero
8	9	ENSG00000276368	H2AC14	H2AC14:HGNC:4727	clustered	gall bladder	0.0	0.0	0	observed_zero
8	9	ENSG00000276368	H2AC14	H2AC14:HGNC:4727	clustered	ganglionic eminence	54.84	5.00631601080076	2	present_gold
8	9	ENSG00000276368	H2AC14	H2AC14:HGNC:4727	clustered	gastrocnemius	0.0	0.0	0	observed_zero
8	9	ENSG00000276368	H2AC14	H2AC14:HGNC:4727	clustered	granulocyte	0.0	0.0	0	observed_zero
8	9	ENSG00000276368	H2AC14	H2AC14:HGNC:4727	clustered	heart	66.356	32.28307420305569	5	present_gold
8	9	ENSG00000276368	H2AC14	H2AC14:HGNC:4727	clustered	heart left ventricle	38.065	15.011876964590405	2	present_gold
8	9	ENSG00000276368	H2AC14	H2AC14:HGNC:4727	clustered	hindlimb stylopod muscle	46.81	0.0	1	present_gold
8	9	ENSG00000276368	H2AC14	H2AC14:HGNC:4727	clustered	hypothalamus	39.28	0.0	1	present_gold
8	9	ENSG00000276368	H2AC14	H2AC14:HGNC:4727	clustered	intestine	79.6375	29.336855517704464	4	present_gold
8	9	ENSG00000276368	H2AC14	H2AC14:HGNC:4727	clustered	islet of Langerhans	0.0	0.0	0	observed_zero
8	9	ENSG00000276368	H2AC14	H2AC14:HGNC:4727	clustered	kidney	81.15	31.35636777434529	4	present_gold
8	9	ENSG00000276368	H2AC14	H2AC14:HGNC:4727	clustered	left adrenal gland	32.97	0.6383572667401853	3	present_gold
8	9	ENSG00000276368	H2AC14	H2AC14:HGNC:4727	clustered	left adrenal gland cortex	34.0	4.624478348960023	2	present_gold
8	9	ENSG00000276368	H2AC14	H2AC14:HGNC:4727	clustered	left coronary artery	36.370000000000005	0.8909545442950485	2	present_gold
8	9	ENSG00000276368	H2AC14	H2AC14:HGNC:4727	clustered	left lobe of thyroid gland	19.76	0.0	1	present_gold
8	9	ENSG00000276368	H2AC14	H2AC14:HGNC:4727	clustered	left ovary	29.46	10.040916292848976	2	present_gold
8	9	ENSG00000276368	H2AC14	H2AC14:HGNC:4727	clustered	left testis	0.0	0.0	0	observed_zero
8	9	ENSG00000276368	H2AC14	H2AC14:HGNC:4727	clustered	left uterine tube	0.0	0.0	0	observed_zero
8	9	ENSG00000276368	H2AC14	H2AC14:HGNC:4727	clustered	leukocyte	0.0	0.0	0	observed_zero
8	9	ENSG00000276368	H2AC14	H2AC14:HGNC:4727	clustered	liver	41.035714285714285	2.265250958450717	7	present_gold
8	9	ENSG00000276368	H2AC14	H2AC14:HGNC:4727	clustered	lower esophagus	0.0	0.0	0	observed_zero
8	9	ENSG00000276368	H2AC14	H2AC14:HGNC:4727	clustered	lower esophagus mucosa	0.0	0.0	0	observed_zero
8	9	ENSG00000276368	H2AC14	H2AC14:HGNC:4727	clustered	lower esophagus muscularis layer	25.036666666666665	1.8194596267390304	3	present_gold
8	9	ENSG00000276368	H2AC14	H2AC14:HGNC:4727	clustered	lung	59.012857142857136	27.508537895403624	7	present_gold
8	9	ENSG00000276368	H2AC14	H2AC14:HGNC:4727	clustered	lymph node	46.47	0.0	1	present_gold
8	9	ENSG00000276368	H2AC14	H2AC14:HGNC:4727	clustered	male germ line stem cell (sensu Vertebrata) in testis	89.57	0.0	1	present_gold
8	9	ENSG00000276368	H2AC14	H2AC14:HGNC:4727	clustered	metanephros cortex	0.0	0.0	0	observed_zero
8	9	ENSG00000276368	H2AC14	H2AC14:HGNC:4727	clustered	minor salivary gland	29.655	6.030420106979832	4	present_gold
8	9	ENSG00000276368	H2AC14	H2AC14:HGNC:4727	clustered	monocyte	47.31	0.0	1	present_gold
8	9	ENSG00000276368	H2AC14	H2AC14:HGNC:4727	clustered	mucosa of stomach	0.0	0.0	0	observed_zero
8	9	ENSG00000276368	H2AC14	H2AC14:HGNC:4727	clustered	mucosa of transverse colon	58.84	0.0	1	present_gold
8	9	ENSG00000276368	H2AC14	H2AC14:HGNC:4727	clustered	muscle layer of sigmoid colon	27.052	2.563624387463966	5	present_gold
8	9	ENSG00000276368	H2AC14	H2AC14:HGNC:4727	clustered	muscle of leg	32.95	0.0	1	present_gold
8	9	ENSG00000276368	H2AC14	H2AC14:HGNC:4727	clustered	muscle tissue	37.61	0.0	1	present_gold
8	9	ENSG00000276368	H2AC14	H2AC14:HGNC:4727	clustered	myometrium	30.665	5.593214639185589	2	present_gold
8	9	ENSG00000276368	H2AC14	H2AC14:HGNC:4727	clustered	nucleus accumbens	0.0	0.0	0	observed_zero
8	9	ENSG00000276368	H2AC14	H2AC14:HGNC:4727	clustered	olfactory segment of nasal mucosa	30.68	0.0	1	present_gold
8	9	ENSG00000276368	H2AC14	H2AC14:HGNC:4727	clustered	omental fat pad	31.785	5.61209408331685	8	present_gold
8	9	ENSG00000276368	H2AC14	H2AC14:HGNC:4727	clustered	ovary	23.1	0.0	1	present_gold
8	9	ENSG00000276368	H2AC14	H2AC14:HGNC:4727	clustered	pancreas	26.94	0.0	1	present_gold
8	9	ENSG00000276368	H2AC14	H2AC14:HGNC:4727	clustered	pituitary gland	0.0	0.0	0	observed_zero
8	9	ENSG00000276368	H2AC14	H2AC14:HGNC:4727	clustered	placenta	43.96	0.0	1	present_gold
8	9	ENSG00000276368	H2AC14	H2AC14:HGNC:4727	clustered	popliteal artery	0.0	0.0	0	observed_zero
8	9	ENSG00000276368	H2AC14	H2AC14:HGNC:4727	clustered	prefrontal cortex	32.925	3.047080569988262	4	present_gold
8	9	ENSG00000276368	H2AC14	H2AC14:HGNC:4727	clustered	primary visual cortex	0.0	0.0	0	observed_zero
8	9	ENSG00000276368	H2AC14	H2AC14:HGNC:4727	clustered	primordial germ cell in gonad	72.75	0.0	1	present_gold
8	9	ENSG00000276368	H2AC14	H2AC14:HGNC:4727	clustered	prostate gland	0.0	0.0	0	observed_zero
8	9	ENSG00000276368	H2AC14	H2AC14:HGNC:4727	clustered	putamen	0.0	0.0	0	observed_zero
8	9	ENSG00000276368	H2AC14	H2AC14:HGNC:4727	clustered	rectum	0.0	0.0	0	observed_zero
8	9	ENSG00000276368	H2AC14	H2AC14:HGNC:4727	clustered	right adrenal gland	41.81	0.0	1	present_gold
8	9	ENSG00000276368	H2AC14	H2AC14:HGNC:4727	clustered	right adrenal gland cortex	0.0	0.0	0	observed_zero
8	9	ENSG00000276368	H2AC14	H2AC14:HGNC:4727	clustered	right atrium auricular region	44.21	0.0	1	present_gold
8	9	ENSG00000276368	H2AC14	H2AC14:HGNC:4727	clustered	right coronary artery	0.0	0.0	0	observed_zero
8	9	ENSG00000276368	H2AC14	H2AC14:HGNC:4727	clustered	right frontal lobe	0.0	0.0	0	observed_zero
8	9	ENSG00000276368	H2AC14	H2AC14:HGNC:4727	clustered	right hemisphere of cerebellum	0.0	0.0	0	observed_zero
8	9	ENSG00000276368	H2AC14	H2AC14:HGNC:4727	clustered	right lobe of liver	41.165	7.736728421410866	4	present_gold
8	9	ENSG00000276368	H2AC14	H2AC14:HGNC:4727	clustered	right lobe of thyroid gland	0.0	0.0	0	observed_zero
8	9	ENSG00000276368	H2AC14	H2AC14:HGNC:4727	clustered	right lung	0.0	0.0	0	observed_zero
8	9	ENSG00000276368	H2AC14	H2AC14:HGNC:4727	clustered	right ovary	0.0	0.0	0	observed_zero
8	9	ENSG00000276368	H2AC14	H2AC14:HGNC:4727	clustered	right testis	0.0	0.0	0	observed_zero
8	9	ENSG00000276368	H2AC14	H2AC14:HGNC:4727	clustered	right uterine tube	0.0	0.0	0	observed_zero
8	9	ENSG00000276368	H2AC14	H2AC14:HGNC:4727	clustered	saliva-secreting gland	26.74	0.0	1	present_gold
8	9	ENSG00000276368	H2AC14	H2AC14:HGNC:4727	clustered	skeletal muscle tissue	0.0	0.0	0	observed_zero
8	9	ENSG00000276368	H2AC14	H2AC14:HGNC:4727	clustered	skin of abdomen	32.64666666666667	4.620923428637758	3	present_gold
8	9	ENSG00000276368	H2AC14	H2AC14:HGNC:4727	clustered	skin of leg	24.26	0.0848528137423864	2	present_gold
8	9	ENSG00000276368	H2AC14	H2AC14:HGNC:4727	clustered	small intestine	33.980000000000004	1.3010764773832448	2	present_gold
8	9	ENSG00000276368	H2AC14	H2AC14:HGNC:4727	clustered	small intestine Peyer's patch	35.44857142857143	4.862795590232121	7	present_gold
8	9	ENSG00000276368	H2AC14	H2AC14:HGNC:4727	clustered	smooth muscle tissue	0.0	0.0	0	observed_zero
8	9	ENSG00000276368	H2AC14	H2AC14:HGNC:4727	clustered	spleen	44.434000000000005	6.099931147152401	10	present_gold
8	9	ENSG00000276368	H2AC14	H2AC14:HGNC:4727	clustered	stomach	61.16166666666667	32.945759786029946	12	present_gold
8	9	ENSG00000276368	H2AC14	H2AC14:HGNC:4727	clustered	stromal cell of endometrium	0.0	0.0	0	observed_zero
8	9	ENSG00000276368	H2AC14	H2AC14:HGNC:4727	clustered	subcutaneous adipose tissue	26.98	1.7253405460951745	2	present_gold
8	9	ENSG00000276368	H2AC14	H2AC14:HGNC:4727	clustered	substantia nigra	32.52	0.0	1	present_gold
8	9	ENSG00000276368	H2AC14	H2AC14:HGNC:4727	clustered	superior frontal gyrus	0.0	0.0	0	observed_zero
8	9	ENSG00000276368	H2AC14	H2AC14:HGNC:4727	clustered	sural nerve	74.16	0.0	1	present_gold
8	9	ENSG00000276368	H2AC14	H2AC14:HGNC:4727	clustered	temporal lobe	0.0	0.0	0	observed_zero
8	9	ENSG00000276368	H2AC14	H2AC14:HGNC:4727	clustered	testis	31.56	13.845150775632602	2	present_gold
8	9	ENSG00000276368	H2AC14	H2AC14:HGNC:4727	clustered	thoracic aorta	26.93	3.818376618407356	2	present_gold
8	9	ENSG00000276368	H2AC14	H2AC14:HGNC:4727	clustered	thoracic mammary gland	0.0	0.0	0	observed_zero
8	9	ENSG00000276368	H2AC14	H2AC14:HGNC:4727	clustered	thyroid gland	0.0	0.0	0	observed_zero
8	9	ENSG00000276368	H2AC14	H2AC14:HGNC:4727	clustered	tibial artery	48.72	0.0	1	present_gold
8	9	ENSG00000276368	H2AC14	H2AC14:HGNC:4727	clustered	tibial nerve	0.0	0.0	0	observed_zero
8	9	ENSG00000276368	H2AC14	H2AC14:HGNC:4727	clustered	tonsil	57.095	7.375123727775691	2	present_gold
8	9	ENSG00000276368	H2AC14	H2AC14:HGNC:4727	clustered	transverse colon	38.12375	5.024516856659667	8	present_gold
8	9	ENSG00000276368	H2AC14	H2AC14:HGNC:4727	clustered	upper lobe of left lung	32.36	0.0	1	present_gold
8	9	ENSG00000276368	H2AC14	H2AC14:HGNC:4727	clustered	urinary bladder	33.965	1.8172644276494276	2	present_gold
8	9	ENSG00000276368	H2AC14	H2AC14:HGNC:4727	clustered	uterine cervix	34.67	0.0	1	present_gold
8	9	ENSG00000276368	H2AC14	H2AC14:HGNC:4727	clustered	vagina	33.012	4.23961908666333	5	present_gold
8	9	ENSG00000276368	H2AC14	H2AC14:HGNC:4727	clustered	ventricular zone	46.89	0.0	1	present_gold
8	9	ENSG00000276368	H2AC14	H2AC14:HGNC:4727	clustered	vermiform appendix	41.1	0.0	1	present_gold
8	9	ENSG00000276368	H2AC14	H2AC14:HGNC:4727	clustered	zone of skin	27.36	0.4525483399593908	2	present_gold
9	10	ENSG00000275221	H2AC15	H2AC15:HGNC:4726	clustered	Ammon's horn	50.43666666666667	17.605953538505094	9	present_gold
9	10	ENSG00000275221	H2AC15	H2AC15:HGNC:4726	clustered	Brodmann (1909) area 10	0.0	0.0	0	observed_zero
9	10	ENSG00000275221	H2AC15	H2AC15:HGNC:4726	clustered	Brodmann (1909) area 9	39.55571428571428	4.025497307343351	7	present_gold
9	10	ENSG00000275221	H2AC15	H2AC15:HGNC:4726	clustered	C1 segment of cervical spinal cord	55.17777777777778	7.263640233687544	9	present_gold
9	10	ENSG00000275221	H2AC15	H2AC15:HGNC:4726	clustered	adenohypophysis	51.444	5.238690676113642	5	present_gold
9	10	ENSG00000275221	H2AC15	H2AC15:HGNC:4726	clustered	adipose tissue	39.705	0.6434671708797558	2	present_gold
9	10	ENSG00000275221	H2AC15	H2AC15:HGNC:4726	clustered	adrenal gland	45.81	1.3576450198781724	2	present_gold
9	10	ENSG00000275221	H2AC15	H2AC15:HGNC:4726	clustered	adrenal tissue	75.39333333333333	4.099760155586341	3	present_gold
9	10	ENSG00000275221	H2AC15	H2AC15:HGNC:4726	clustered	adult mammalian kidney	55.50909090909091	18.78644269389256	11	present_gold
9	10	ENSG00000275221	H2AC15	H2AC15:HGNC:4726	clustered	amygdala	37.26833333333334	4.404821978998321	6	present_gold
9	10	ENSG00000275221	H2AC15	H2AC15:HGNC:4726	clustered	anterior cingulate cortex	42.38555555555556	4.884805807581073	9	present_gold
9	10	ENSG00000275221	H2AC15	H2AC15:HGNC:4726	clustered	apex of heart	55.85	0.0	1	present_gold
9	10	ENSG00000275221	H2AC15	H2AC15:HGNC:4726	clustered	ascending aorta	52.45700000000001	3.75863465163142	10	present_gold
9	10	ENSG00000275221	H2AC15	H2AC15:HGNC:4726	clustered	blood	59.37529411764706	4.744889510893613	17	present_gold
9	10	ENSG00000275221	H2AC15	H2AC15:HGNC:4726	clustered	body of pancreas	40.82833333333333	5.387271727569221	6	present_gold
9	10	ENSG00000275221	H2AC15	H2AC15:HGNC:4726	clustered	body of stomach	41.31363636363636	8.182842137946048	11	present_gold
9	10	ENSG00000275221	H2AC15	H2AC15:HGNC:4726	clustered	body of uterus	50.186	5.063509652405137	5	present_gold
9	10	ENSG00000275221	H2AC15	H2AC15:HGNC:4726	clustered	bone marrow	66.41	8.980256121069155	2	present_gold
9	10	ENSG00000275221	H2AC15	H2AC15:HGNC:4726	clustered	bone marrow cell	84.77	0.0	1	present_gold
9	10	ENSG00000275221	H2AC15	H2AC15:HGNC:4726	clustered	brain	46.702	3.689548752896484	5	present_gold
9	10	ENSG00000275221	H2AC15	H2AC15:HGNC:4726	clustered	calcaneal tendon	71.148	3.582606592971096	5	present_gold
9	10	ENSG00000275221	H2AC15	H2AC15:HGNC:4726	clustered	caudate nucleus	50.0875	17.72291635949666	8	present_gold
9	10	ENSG00000275221	H2AC15	H2AC15:HGNC:4726	clustered	central nervous system	45.02	0.0	1	present_gold
9	10	ENSG00000275221	H2AC15	H2AC15:HGNC:4726	clustered	cerebellar cortex	51.535	2.2698127676088182	2	present_gold
9	10	ENSG00000275221	H2AC15	H2AC15:HGNC:4726	clustered	cerebellar hemisphere	52.455	3.5255330566218395	10	present_gold
9	10	ENSG00000275221	H2AC15	H2AC15:HGNC:4726	clustered	cerebellar vermis	78.695	1.5485638507985475	2	present_gold
9	10	ENSG00000275221	H2AC15	H2AC15:HGNC:4726	clustered	cerebellum	58.595	12.54907281720162	8	present_gold
9	10	ENSG00000275221	H2AC15	H2AC15:HGNC:4726	clustered	cerebral cortex	43.635	0.1767766952966369	2	present_gold
9	10	ENSG00000275221	H2AC15	H2AC15:HGNC:4726	clustered	colon	58.612	21.08667920749969	10	present_gold
9	10	ENSG00000275221	H2AC15	H2AC15:HGNC:4726	clustered	colonic epithelium	0.0	0.0	0	observed_zero
9	10	ENSG00000275221	H2AC15	H2AC15:HGNC:4726	clustered	corpus callosum	54.68	7.023225754594536	3	present_gold
9	10	ENSG00000275221	H2AC15	H2AC15:HGNC:4726	clustered	cortex of kidney	45.11	1.1596551211459385	2	present_gold
9	10	ENSG00000275221	H2AC15	H2AC15:HGNC:4726	clustered	cortical plate	46.975	2.3970919882223964	2	present_gold
9	10	ENSG00000275221	H2AC15	H2AC15:HGNC:4726	clustered	descending thoracic aorta	51.31666666666666	3.675354858150888	3	present_gold
9	10	ENSG00000275221	H2AC15	H2AC15:HGNC:4726	clustered	dorsal plus ventral thalamus	91.35	0.0	1	present_gold
9	10	ENSG00000275221	H2AC15	H2AC15:HGNC:4726	clustered	dorsal root ganglion	89.74	0.0	1	present_gold
9	10	ENSG00000275221	H2AC15	H2AC15:HGNC:4726	clustered	dorsolateral prefrontal cortex	39.965	9.756409004683368	10	present_gold
9	10	ENSG00000275221	H2AC15	H2AC15:HGNC:4726	clustered	duodenum	42.82	0.0	1	present_gold
9	10	ENSG00000275221	H2AC15	H2AC15:HGNC:4726	clustered	ectocervix	53.1275	7.070183283810022	4	present_gold
9	10	ENSG00000275221	H2AC15	H2AC15:HGNC:4726	clustered	endocervix	50.71333333333333	8.610716191661025	3	present_gold
9	10	ENSG00000275221	H2AC15	H2AC15:HGNC:4726	clustered	endometrium	40.935	1.3364318164425752	2	present_gold
9	10	ENSG00000275221	H2AC15	H2AC15:HGNC:4726	clustered	endometrium epithelium	88.31	0.0	1	present_gold
9	10	ENSG00000275221	H2AC15	H2AC15:HGNC:4726	clustered	epithelium of bronchus	88.61	0.0	1	present_gold
9	10	ENSG00000275221	H2AC15	H2AC15:HGNC:4726	clustered	esophagogastric junction muscularis propria	43.02	5.6612248380246015	10	present_gold
9	10	ENSG00000275221	H2AC15	H2AC15:HGNC:4726	clustered	esophagus	43.307500000000005	0.9103982644974687	4	present_gold
9	10	ENSG00000275221	H2AC15	H2AC15:HGNC:4726	clustered	esophagus mucosa	41.42111111111111	2.1056260615577287	9	present_gold
9	10	ENSG00000275221	H2AC15	H2AC15:HGNC:4726	clustered	fallopian tube	48.27	0.0	1	present_gold
9	10	ENSG00000275221	H2AC15	H2AC15:HGNC:4726	clustered	frontal cortex	49.66090909090909	14.535007020669411	11	present_gold
9	10	ENSG00000275221	H2AC15	H2AC15:HGNC:4726	clustered	frontal pole	85.315	2.5950818869546306	2	present_gold
9	10	ENSG00000275221	H2AC15	H2AC15:HGNC:4726	clustered	fundus of stomach	46.31	14.608826099314074	2	present_gold
9	10	ENSG00000275221	H2AC15	H2AC15:HGNC:4726	clustered	gall bladder	54.96	0.0	1	present_gold
9	10	ENSG00000275221	H2AC15	H2AC15:HGNC:4726	clustered	ganglionic eminence	52.66	2.6587214972614173	2	present_gold
9	10	ENSG00000275221	H2AC15	H2AC15:HGNC:4726	clustered	gastrocnemius	53.179	3.0338624080717804	10	present_gold
9	10	ENSG00000275221	H2AC15	H2AC15:HGNC:4726	clustered	granulocyte	0.0	0.0	0	observed_zero
9	10	ENSG00000275221	H2AC15	H2AC15:HGNC:4726	clustered	heart	64.24454545454546	9.573862714324209	11	present_gold
9	10	ENSG00000275221	H2AC15	H2AC15:HGNC:4726	clustered	heart left ventricle	59.62352941176471	9.320413712100224	17	present_gold
9	10	ENSG00000275221	H2AC15	H2AC15:HGNC:4726	clustered	hindlimb stylopod muscle	38.41	0.0	1	present_gold
9	10	ENSG00000275221	H2AC15	H2AC15:HGNC:4726	clustered	hypothalamus	43.7	8.770251991818707	6	present_gold
9	10	ENSG00000275221	H2AC15	H2AC15:HGNC:4726	clustered	intestine	66.745	16.254596273054585	4	present_gold
9	10	ENSG00000275221	H2AC15	H2AC15:HGNC:4726	clustered	islet of Langerhans	43.22	9.130958328675035	8	present_gold
9	10	ENSG00000275221	H2AC15	H2AC15:HGNC:4726	clustered	kidney	72.77	16.458065905000296	4	present_gold
9	10	ENSG00000275221	H2AC15	H2AC15:HGNC:4726	clustered	layer of synovial tissue	84.04	0.0	1	present_gold
9	10	ENSG00000275221	H2AC15	H2AC15:HGNC:4726	clustered	left adrenal gland	47.08375	9.69590773397284	8	present_gold
9	10	ENSG00000275221	H2AC15	H2AC15:HGNC:4726	clustered	left adrenal gland cortex	50.238	6.49218915312855	5	present_gold
9	10	ENSG00000275221	H2AC15	H2AC15:HGNC:4726	clustered	left coronary artery	55.52	7.801823504796808	9	present_gold
9	10	ENSG00000275221	H2AC15	H2AC15:HGNC:4726	clustered	left lobe of thyroid gland	50.61363636363637	7.239120489019744	11	present_gold
9	10	ENSG00000275221	H2AC15	H2AC15:HGNC:4726	clustered	left ovary	58.904	4.779155783190163	5	present_gold
9	10	ENSG00000275221	H2AC15	H2AC15:HGNC:4726	clustered	left testis	53.27	2.480475760816864	6	present_gold
9	10	ENSG00000275221	H2AC15	H2AC15:HGNC:4726	clustered	left uterine tube	50.91	0.0	1	present_gold
9	10	ENSG00000275221	H2AC15	H2AC15:HGNC:4726	clustered	leukocyte	0.0	0.0	0	observed_zero
9	10	ENSG00000275221	H2AC15	H2AC15:HGNC:4726	clustered	liver	53.1625	17.93215766636655	8	present_gold
9	10	ENSG00000275221	H2AC15	H2AC15:HGNC:4726	clustered	lower esophagus	43.775000000000006	4.235569619307421	2	present_gold
9	10	ENSG00000275221	H2AC15	H2AC15:HGNC:4726	clustered	lower esophagus mucosa	0.0	0.0	0	observed_zero
9	10	ENSG00000275221	H2AC15	H2AC15:HGNC:4726	clustered	lower esophagus muscularis layer	46.98363636363637	4.867400276795145	11	present_gold
9	10	ENSG00000275221	H2AC15	H2AC15:HGNC:4726	clustered	lung	62.97428571428571	16.077687289266095	7	present_gold
9	10	ENSG00000275221	H2AC15	H2AC15:HGNC:4726	clustered	lymph node	53.88	0.0	1	present_gold
9	10	ENSG00000275221	H2AC15	H2AC15:HGNC:4726	clustered	male germ line stem cell (sensu Vertebrata) in testis	93.63	0.0	1	present_gold
9	10	ENSG00000275221	H2AC15	H2AC15:HGNC:4726	clustered	metanephric glomerulus	0.0	0.0	0	observed_zero
9	10	ENSG00000275221	H2AC15	H2AC15:HGNC:4726	clustered	metanephros cortex	32.11	0.0	1	present_gold
9	10	ENSG00000275221	H2AC15	H2AC15:HGNC:4726	clustered	middle frontal gyrus	86.59	0.0	1	present_gold
9	10	ENSG00000275221	H2AC15	H2AC15:HGNC:4726	clustered	minor salivary gland	45.92375	7.274797861698388	8	present_gold
9	10	ENSG00000275221	H2AC15	H2AC15:HGNC:4726	clustered	monocyte	62.25	0.0	1	present_gold
9	10	ENSG00000275221	H2AC15	H2AC15:HGNC:4726	clustered	mucosa of stomach	46.66	0.0	1	present_gold
9	10	ENSG00000275221	H2AC15	H2AC15:HGNC:4726	clustered	mucosa of transverse colon	53.75	0.0	1	present_gold
9	10	ENSG00000275221	H2AC15	H2AC15:HGNC:4726	clustered	muscle layer of sigmoid colon	46.18285714285714	2.1017113208503395	7	present_gold
9	10	ENSG00000275221	H2AC15	H2AC15:HGNC:4726	clustered	muscle of leg	51.385	1.5485638507985375	2	present_gold
9	10	ENSG00000275221	H2AC15	H2AC15:HGNC:4726	clustered	muscle tissue	0.0	0.0	0	observed_zero
9	10	ENSG00000275221	H2AC15	H2AC15:HGNC:4726	clustered	myometrium	51.64428571428572	5.483866814401607	7	present_gold
9	10	ENSG00000275221	H2AC15	H2AC15:HGNC:4726	clustered	nucleus accumbens	49.42555555555556	8.78576421136931	9	present_gold
9	10	ENSG00000275221	H2AC15	H2AC15:HGNC:4726	clustered	olfactory segment of nasal mucosa	36.51	0.0	1	present_gold
9	10	ENSG00000275221	H2AC15	H2AC15:HGNC:4726	clustered	omental fat pad	41.96888888888889	7.101157378280748	9	present_gold
9	10	ENSG00000275221	H2AC15	H2AC15:HGNC:4726	clustered	ovary	55.086666666666666	2.0568017243607475	3	present_gold
9	10	ENSG00000275221	H2AC15	H2AC15:HGNC:4726	clustered	pancreas	38.545	0.2616295090390207	2	present_gold
9	10	ENSG00000275221	H2AC15	H2AC15:HGNC:4726	clustered	paraflocculus	87.37	1.4707821048680176	2	present_gold
9	10	ENSG00000275221	H2AC15	H2AC15:HGNC:4726	clustered	pituitary gland	55.083000000000006	2.943105125165898	10	present_gold
9	10	ENSG00000275221	H2AC15	H2AC15:HGNC:4726	clustered	placenta	47.91	0.0	1	present_gold
9	10	ENSG00000275221	H2AC15	H2AC15:HGNC:4726	clustered	popliteal artery	61.16	0.0	1	present_gold
9	10	ENSG00000275221	H2AC15	H2AC15:HGNC:4726	clustered	prefrontal cortex	53.565	15.929635454532086	8	present_gold
9	10	ENSG00000275221	H2AC15	H2AC15:HGNC:4726	clustered	primary visual cortex	79.42500000000001	3.3728993462598287	2	present_gold
9	10	ENSG00000275221	H2AC15	H2AC15:HGNC:4726	clustered	prostate gland	70.20764705882353	20.06881023174137	17	present_gold
9	10	ENSG00000275221	H2AC15	H2AC15:HGNC:4726	clustered	putamen	41.274	5.737881142024466	5	present_gold
9	10	ENSG00000275221	H2AC15	H2AC15:HGNC:4726	clustered	quadriceps femoris	85.99428571428572	0.7585261398013287	7	present_gold
9	10	ENSG00000275221	H2AC15	H2AC15:HGNC:4726	clustered	rectum	36.44	0.0	1	present_gold
9	10	ENSG00000275221	H2AC15	H2AC15:HGNC:4726	clustered	right adrenal gland	49.9725	11.097679562262853	4	present_gold
9	10	ENSG00000275221	H2AC15	H2AC15:HGNC:4726	clustered	right adrenal gland cortex	45.94333333333333	11.153785605494368	3	present_gold
9	10	ENSG00000275221	H2AC15	H2AC15:HGNC:4726	clustered	right atrium auricular region	50.61272727272728	7.758171293428743	11	present_gold
9	10	ENSG00000275221	H2AC15	H2AC15:HGNC:4726	clustered	right coronary artery	54.42	0.0	1	present_gold
9	10	ENSG00000275221	H2AC15	H2AC15:HGNC:4726	clustered	right frontal lobe	39.8975	8.707366134486364	4	present_gold
9	10	ENSG00000275221	H2AC15	H2AC15:HGNC:4726	clustered	right hemisphere of cerebellum	53.83	4.604647109171342	9	present_gold
9	10	ENSG00000275221	H2AC15	H2AC15:HGNC:4726	clustered	right lobe of liver	46.675	7.541841066123487	4	present_gold
9	10	ENSG00000275221	H2AC15	H2AC15:HGNC:4726	clustered	right lobe of thyroid gland	54.97375	6.831186756340366	8	present_gold
9	10	ENSG00000275221	H2AC15	H2AC15:HGNC:4726	clustered	right lung	51.575	0.5444722215136438	2	present_gold
9	10	ENSG00000275221	H2AC15	H2AC15:HGNC:4726	clustered	right ovary	58.854	6.25295770016078	5	present_gold
9	10	ENSG00000275221	H2AC15	H2AC15:HGNC:4726	clustered	right testis	55.048	5.86410436469202	5	present_gold
9	10	ENSG00000275221	H2AC15	H2AC15:HGNC:4726	clustered	right uterine tube	62.39	0.0	1	present_gold
9	10	ENSG00000275221	H2AC15	H2AC15:HGNC:4726	clustered	saliva-secreting gland	42.345	0.1060660171779811	2	present_gold
9	10	ENSG00000275221	H2AC15	H2AC15:HGNC:4726	clustered	sigmoid colon	44.7175	4.774588114870923	4	present_gold
9	10	ENSG00000275221	H2AC15	H2AC15:HGNC:4726	clustered	skeletal muscle tissue	0.0	0.0	0	observed_zero
9	10	ENSG00000275221	H2AC15	H2AC15:HGNC:4726	clustered	skin of abdomen	32.615	3.3003282665011766	4	present_gold
9	10	ENSG00000275221	H2AC15	H2AC15:HGNC:4726	clustered	skin of leg	31.256	5.376237531954851	5	present_gold
9	10	ENSG00000275221	H2AC15	H2AC15:HGNC:4726	clustered	small intestine	41.5	0.2545584412271567	2	present_gold
9	10	ENSG00000275221	H2AC15	H2AC15:HGNC:4726	clustered	small intestine Peyer's patch	40.827777777777776	3.7713882648760064	9	present_gold
9	10	ENSG00000275221	H2AC15	H2AC15:HGNC:4726	clustered	smooth muscle tissue	0.0	0.0	0	observed_zero
9	10	ENSG00000275221	H2AC15	H2AC15:HGNC:4726	clustered	spinal cord	54.79	0.0	1	present_gold
9	10	ENSG00000275221	H2AC15	H2AC15:HGNC:4726	clustered	spleen	47.8125	5.260885036154693	12	present_gold
9	10	ENSG00000275221	H2AC15	H2AC15:HGNC:4726	clustered	stomach	61.49	23.88828240714757	12	present_gold
9	10	ENSG00000275221	H2AC15	H2AC15:HGNC:4726	clustered	stromal cell of endometrium	66.75	0.0	1	present_gold
9	10	ENSG00000275221	H2AC15	H2AC15:HGNC:4726	clustered	subcutaneous adipose tissue	40.97727272727273	6.439063737701453	11	present_gold
9	10	ENSG00000275221	H2AC15	H2AC15:HGNC:4726	clustered	substantia nigra	46.76875	10.029830418022316	8	present_gold
9	10	ENSG00000275221	H2AC15	H2AC15:HGNC:4726	clustered	superior frontal gyrus	55.64333333333334	19.58358836713367	3	present_gold
9	10	ENSG00000275221	H2AC15	H2AC15:HGNC:4726	clustered	sural nerve	60.47	0.0	1	present_gold
9	10	ENSG00000275221	H2AC15	H2AC15:HGNC:4726	clustered	temporal lobe	47.1875	7.966000146455768	4	present_gold
9	10	ENSG00000275221	H2AC15	H2AC15:HGNC:4726	clustered	testis	54.56166666666667	5.588035134702239	6	present_gold
9	10	ENSG00000275221	H2AC15	H2AC15:HGNC:4726	clustered	thoracic aorta	52.18666666666667	5.388542165249026	6	present_gold
9	10	ENSG00000275221	H2AC15	H2AC15:HGNC:4726	clustered	thoracic mammary gland	42.71111111111111	5.807584361084314	9	present_gold
9	10	ENSG00000275221	H2AC15	H2AC15:HGNC:4726	clustered	thymus	80.59	0.0	1	present_gold
9	10	ENSG00000275221	H2AC15	H2AC15:HGNC:4726	clustered	thyroid gland	52.52076923076923	4.60004431416782	13	present_gold
9	10	ENSG00000275221	H2AC15	H2AC15:HGNC:4726	clustered	tibial artery	59.15909090909091	4.203585266282711	11	present_gold
9	10	ENSG00000275221	H2AC15	H2AC15:HGNC:4726	clustered	tibial nerve	48.303636363636365	4.083398762617417	11	present_gold
9	10	ENSG00000275221	H2AC15	H2AC15:HGNC:4726	clustered	tonsil	0.0	0.0	0	observed_zero
9	10	ENSG00000275221	H2AC15	H2AC15:HGNC:4726	clustered	trachea	92.67	0.0	1	present_gold
9	10	ENSG00000275221	H2AC15	H2AC15:HGNC:4726	clustered	transverse colon	41.445	3.1242643578573457	10	present_gold
9	10	ENSG00000275221	H2AC15	H2AC15:HGNC:4726	clustered	upper lobe of left lung	47.69375	8.549786860334173	8	present_gold
9	10	ENSG00000275221	H2AC15	H2AC15:HGNC:4726	clustered	urinary bladder	45.808	5.902653640524744	5	present_gold
9	10	ENSG00000275221	H2AC15	H2AC15:HGNC:4726	clustered	uterine cervix	46.79	0.0	1	present_gold
9	10	ENSG00000275221	H2AC15	H2AC15:HGNC:4726	clustered	uterus	47.0	0.0	1	present_gold
9	10	ENSG00000275221	H2AC15	H2AC15:HGNC:4726	clustered	vagina	47.584	2.52068046368436	5	present_gold
9	10	ENSG00000275221	H2AC15	H2AC15:HGNC:4726	clustered	vastus lateralis	94.34166666666664	1.3359852793600215	6	present_gold
9	10	ENSG00000275221	H2AC15	H2AC15:HGNC:4726	clustered	ventricular zone	52.94	4.949747468305833	2	present_gold
9	10	ENSG00000275221	H2AC15	H2AC15:HGNC:4726	clustered	vermiform appendix	50.43	0.0	1	present_gold
9	10	ENSG00000275221	H2AC15	H2AC15:HGNC:4726	clustered	zone of skin	31.975	0.1343502884254449	2	present_gold
10	11	ENSG00000276903	H2AC16	H2AC16:HGNC:4730	clustered	Ammon's horn	37.49	15.443212101114195	2	present_gold
10	11	ENSG00000276903	H2AC16	H2AC16:HGNC:4730	clustered	Brodmann (1909) area 10	0.0	0.0	0	observed_zero
10	11	ENSG00000276903	H2AC16	H2AC16:HGNC:4730	clustered	Brodmann (1909) area 9	24.27	0.0	1	present_gold
10	11	ENSG00000276903	H2AC16	H2AC16:HGNC:4730	clustered	C1 segment of cervical spinal cord	46.35	12.688857879482862	8	present_gold
10	11	ENSG00000276903	H2AC16	H2AC16:HGNC:4730	clustered	adenohypophysis	0.0	0.0	0	observed_zero
10	11	ENSG00000276903	H2AC16	H2AC16:HGNC:4730	clustered	adipose tissue	29.055	0.9263098833543788	2	present_gold
10	11	ENSG00000276903	H2AC16	H2AC16:HGNC:4730	clustered	adrenal gland	39.07	3.012274887854696	2	present_gold
10	11	ENSG00000276903	H2AC16	H2AC16:HGNC:4730	clustered	adrenal tissue	88.45333333333333	1.9825824909277647	3	present_gold
10	11	ENSG00000276903	H2AC16	H2AC16:HGNC:4730	clustered	adult mammalian kidney	46.96	24.310331137193508	2	present_gold
10	11	ENSG00000276903	H2AC16	H2AC16:HGNC:4730	clustered	amygdala	24.565	3.2031937187750583	2	present_gold
10	11	ENSG00000276903	H2AC16	H2AC16:HGNC:4730	clustered	anterior cingulate cortex	25.19666666666667	2.4857661461475686	3	present_gold
10	11	ENSG00000276903	H2AC16	H2AC16:HGNC:4730	clustered	apex of heart	0.0	0.0	0	observed_zero
10	11	ENSG00000276903	H2AC16	H2AC16:HGNC:4730	clustered	ascending aorta	33.12666666666667	2.3987983102656494	3	present_gold
10	11	ENSG00000276903	H2AC16	H2AC16:HGNC:4730	clustered	blood	63.15111111111111	4.266910838601524	18	present_gold
10	11	ENSG00000276903	H2AC16	H2AC16:HGNC:4730	clustered	body of pancreas	0.0	0.0	0	observed_zero
10	11	ENSG00000276903	H2AC16	H2AC16:HGNC:4730	clustered	body of stomach	34.14222222222222	6.864739211684916	9	present_gold
10	11	ENSG00000276903	H2AC16	H2AC16:HGNC:4730	clustered	body of uterus	0.0	0.0	0	observed_zero
10	11	ENSG00000276903	H2AC16	H2AC16:HGNC:4730	clustered	bone marrow	80.67500000000001	8.87419010389117	2	present_gold
10	11	ENSG00000276903	H2AC16	H2AC16:HGNC:4730	clustered	bone marrow cell	98.29	0.0	1	present_gold
10	11	ENSG00000276903	H2AC16	H2AC16:HGNC:4730	clustered	brain	32.307500000000005	13.276368416601482	4	present_gold
10	11	ENSG00000276903	H2AC16	H2AC16:HGNC:4730	clustered	calcaneal tendon	66.438	10.04000846613189	5	present_gold
10	11	ENSG00000276903	H2AC16	H2AC16:HGNC:4730	clustered	caudate nucleus	31.473333333333333	2.78072532504261	3	present_gold
10	11	ENSG00000276903	H2AC16	H2AC16:HGNC:4730	clustered	central nervous system	27.07	0.0	1	present_gold
10	11	ENSG00000276903	H2AC16	H2AC16:HGNC:4730	clustered	cerebellar cortex	25.56	0.0	1	present_gold
10	11	ENSG00000276903	H2AC16	H2AC16:HGNC:4730	clustered	cerebellar hemisphere	29.1	0.0	1	present_gold
10	11	ENSG00000276903	H2AC16	H2AC16:HGNC:4730	clustered	cerebellar vermis	0.0	0.0	0	observed_zero
10	11	ENSG00000276903	H2AC16	H2AC16:HGNC:4730	clustered	cerebellum	28.92	0.0	1	present_gold
10	11	ENSG00000276903	H2AC16	H2AC16:HGNC:4730	clustered	cerebral cortex	27.595	0.2757716446627539	2	present_gold
10	11	ENSG00000276903	H2AC16	H2AC16:HGNC:4730	clustered	colon	54.05111111111111	32.10706520551374	9	present_gold
10	11	ENSG00000276903	H2AC16	H2AC16:HGNC:4730	clustered	colonic epithelium	71.58	0.0	1	present_gold
10	11	ENSG00000276903	H2AC16	H2AC16:HGNC:4730	clustered	corpus callosum	54.935	3.528252636457128	4	present_gold
10	11	ENSG00000276903	H2AC16	H2AC16:HGNC:4730	clustered	cortex of kidney	0.0	0.0	0	observed_zero
10	11	ENSG00000276903	H2AC16	H2AC16:HGNC:4730	clustered	cortical plate	48.79	0.0	1	present_gold
10	11	ENSG00000276903	H2AC16	H2AC16:HGNC:4730	clustered	descending thoracic aorta	0.0	0.0	0	observed_zero
10	11	ENSG00000276903	H2AC16	H2AC16:HGNC:4730	clustered	dorsal plus ventral thalamus	0.0	0.0	0	observed_zero
10	11	ENSG00000276903	H2AC16	H2AC16:HGNC:4730	clustered	dorsal root ganglion	0.0	0.0	0	observed_zero
10	11	ENSG00000276903	H2AC16	H2AC16:HGNC:4730	clustered	dorsolateral prefrontal cortex	25.21	0.0	1	present_gold
10	11	ENSG00000276903	H2AC16	H2AC16:HGNC:4730	clustered	duodenum	36.32	0.0	1	present_gold
10	11	ENSG00000276903	H2AC16	H2AC16:HGNC:4730	clustered	ectocervix	50.1	0.0424264068711944	2	present_gold
10	11	ENSG00000276903	H2AC16	H2AC16:HGNC:4730	clustered	endocervix	0.0	0.0	0	observed_zero
10	11	ENSG00000276903	H2AC16	H2AC16:HGNC:4730	clustered	endometrium	32.4	0.0	1	present_gold
10	11	ENSG00000276903	H2AC16	H2AC16:HGNC:4730	clustered	endometrium epithelium	91.16	0.0	1	present_gold
10	11	ENSG00000276903	H2AC16	H2AC16:HGNC:4730	clustered	epithelium of bronchus	88.4	0.0	1	present_gold
10	11	ENSG00000276903	H2AC16	H2AC16:HGNC:4730	clustered	esophagogastric junction muscularis propria	20.57	0.0	1	present_gold
10	11	ENSG00000276903	H2AC16	H2AC16:HGNC:4730	clustered	esophagus	32.76	0.4495182606598608	4	present_gold
10	11	ENSG00000276903	H2AC16	H2AC16:HGNC:4730	clustered	esophagus mucosa	42.894	5.031364294768038	10	present_gold
10	11	ENSG00000276903	H2AC16	H2AC16:HGNC:4730	clustered	frontal cortex	0.0	0.0	0	observed_zero
10	11	ENSG00000276903	H2AC16	H2AC16:HGNC:4730	clustered	frontal pole	0.0	0.0	0	observed_zero
10	11	ENSG00000276903	H2AC16	H2AC16:HGNC:4730	clustered	fundus of stomach	0.0	0.0	0	observed_zero
10	11	ENSG00000276903	H2AC16	H2AC16:HGNC:4730	clustered	gall bladder	34.66	0.0	1	present_gold
10	11	ENSG00000276903	H2AC16	H2AC16:HGNC:4730	clustered	ganglionic eminence	50.83	1.0606601717798212	2	present_gold
10	11	ENSG00000276903	H2AC16	H2AC16:HGNC:4730	clustered	gastrocnemius	26.17	0.0	1	present_gold
10	11	ENSG00000276903	H2AC16	H2AC16:HGNC:4730	clustered	granulocyte	58.21	0.0	1	present_gold
10	11	ENSG00000276903	H2AC16	H2AC16:HGNC:4730	clustered	heart	61.928	32.43043740068888	5	present_gold
10	11	ENSG00000276903	H2AC16	H2AC16:HGNC:4730	clustered	heart left ventricle	32.938	11.504328315899196	5	present_gold
10	11	ENSG00000276903	H2AC16	H2AC16:HGNC:4730	clustered	hindlimb stylopod muscle	0.0	0.0	0	observed_zero
10	11	ENSG00000276903	H2AC16	H2AC16:HGNC:4730	clustered	hypothalamus	37.285	1.4778531726798816	2	present_gold
10	11	ENSG00000276903	H2AC16	H2AC16:HGNC:4730	clustered	intestine	76.5075	27.67848306898339	4	present_gold
10	11	ENSG00000276903	H2AC16	H2AC16:HGNC:4730	clustered	islet of Langerhans	30.0	1.994041122946064	2	present_gold
10	11	ENSG00000276903	H2AC16	H2AC16:HGNC:4730	clustered	kidney	79.455	27.29668416981569	4	present_gold
10	11	ENSG00000276903	H2AC16	H2AC16:HGNC:4730	clustered	layer of synovial tissue	0.0	0.0	0	observed_zero
10	11	ENSG00000276903	H2AC16	H2AC16:HGNC:4730	clustered	left adrenal gland	41.6075	5.013790149843398	4	present_gold
10	11	ENSG00000276903	H2AC16	H2AC16:HGNC:4730	clustered	left adrenal gland cortex	47.53	4.217570390639616	3	present_gold
10	11	ENSG00000276903	H2AC16	H2AC16:HGNC:4730	clustered	left coronary artery	41.945	17.93929903870271	2	present_gold
10	11	ENSG00000276903	H2AC16	H2AC16:HGNC:4730	clustered	left lobe of thyroid gland	29.605	0.6434671708797584	2	present_gold
10	11	ENSG00000276903	H2AC16	H2AC16:HGNC:4730	clustered	left ovary	0.0	0.0	0	observed_zero
10	11	ENSG00000276903	H2AC16	H2AC16:HGNC:4730	clustered	left testis	25.3925	0.922943660252348	4	present_gold
10	11	ENSG00000276903	H2AC16	H2AC16:HGNC:4730	clustered	left uterine tube	0.0	0.0	0	observed_zero
10	11	ENSG00000276903	H2AC16	H2AC16:HGNC:4730	clustered	leukocyte	0.0	0.0	0	observed_zero
10	11	ENSG00000276903	H2AC16	H2AC16:HGNC:4730	clustered	liver	47.1025	19.07106915124133	8	present_gold
10	11	ENSG00000276903	H2AC16	H2AC16:HGNC:4730	clustered	lower esophagus	0.0	0.0	0	observed_zero
10	11	ENSG00000276903	H2AC16	H2AC16:HGNC:4730	clustered	lower esophagus mucosa	48.79	0.0	1	present_gold
10	11	ENSG00000276903	H2AC16	H2AC16:HGNC:4730	clustered	lower esophagus muscularis layer	22.16	0.0	1	present_gold
10	11	ENSG00000276903	H2AC16	H2AC16:HGNC:4730	clustered	lung	59.970000000000006	24.64959364100485	7	present_gold
10	11	ENSG00000276903	H2AC16	H2AC16:HGNC:4730	clustered	lymph node	40.64	0.0	1	present_gold
10	11	ENSG00000276903	H2AC16	H2AC16:HGNC:4730	clustered	male germ line stem cell (sensu Vertebrata) in testis	0.0	0.0	0	observed_zero
10	11	ENSG00000276903	H2AC16	H2AC16:HGNC:4730	clustered	metanephric glomerulus	0.0	0.0	0	observed_zero
10	11	ENSG00000276903	H2AC16	H2AC16:HGNC:4730	clustered	metanephros cortex	0.0	0.0	0	observed_zero
10	11	ENSG00000276903	H2AC16	H2AC16:HGNC:4730	clustered	middle frontal gyrus	0.0	0.0	0	observed_zero
10	11	ENSG00000276903	H2AC16	H2AC16:HGNC:4730	clustered	minor salivary gland	41.465	10.090413767532036	2	present_gold
10	11	ENSG00000276903	H2AC16	H2AC16:HGNC:4730	clustered	monocyte	58.27	0.0	1	present_gold
10	11	ENSG00000276903	H2AC16	H2AC16:HGNC:4730	clustered	mucosa of stomach	0.0	0.0	0	observed_zero
10	11	ENSG00000276903	H2AC16	H2AC16:HGNC:4730	clustered	mucosa of transverse colon	55.49	0.0	1	present_gold
10	11	ENSG00000276903	H2AC16	H2AC16:HGNC:4730	clustered	muscle layer of sigmoid colon	31.613333333333333	3.525469235907944	3	present_gold
10	11	ENSG00000276903	H2AC16	H2AC16:HGNC:4730	clustered	muscle of leg	34.73	0.0	1	present_gold
10	11	ENSG00000276903	H2AC16	H2AC16:HGNC:4730	clustered	muscle tissue	0.0	0.0	0	observed_zero
10	11	ENSG00000276903	H2AC16	H2AC16:HGNC:4730	clustered	myometrium	31.24	7.693321779309636	2	present_gold
10	11	ENSG00000276903	H2AC16	H2AC16:HGNC:4730	clustered	nucleus accumbens	55.17	0.0	1	present_gold
10	11	ENSG00000276903	H2AC16	H2AC16:HGNC:4730	clustered	olfactory segment of nasal mucosa	52.21	0.0	1	present_gold
10	11	ENSG00000276903	H2AC16	H2AC16:HGNC:4730	clustered	omental fat pad	33.825714285714284	7.266383458876126	7	present_gold
10	11	ENSG00000276903	H2AC16	H2AC16:HGNC:4730	clustered	ovary	0.0	0.0	0	observed_zero
10	11	ENSG00000276903	H2AC16	H2AC16:HGNC:4730	clustered	pancreas	0.0	0.0	0	observed_zero
10	11	ENSG00000276903	H2AC16	H2AC16:HGNC:4730	clustered	paraflocculus	0.0	0.0	0	observed_zero
10	11	ENSG00000276903	H2AC16	H2AC16:HGNC:4730	clustered	pituitary gland	0.0	0.0	0	observed_zero
10	11	ENSG00000276903	H2AC16	H2AC16:HGNC:4730	clustered	placenta	35.36	0.0	1	present_gold
10	11	ENSG00000276903	H2AC16	H2AC16:HGNC:4730	clustered	popliteal artery	0.0	0.0	0	observed_zero
10	11	ENSG00000276903	H2AC16	H2AC16:HGNC:4730	clustered	prefrontal cortex	34.04	0.0	1	present_gold
10	11	ENSG00000276903	H2AC16	H2AC16:HGNC:4730	clustered	primary visual cortex	0.0	0.0	0	observed_zero
10	11	ENSG00000276903	H2AC16	H2AC16:HGNC:4730	clustered	primordial germ cell in gonad	86.33	0.0	1	present_gold
10	11	ENSG00000276903	H2AC16	H2AC16:HGNC:4730	clustered	prostate gland	71.229	32.41303971140833	10	present_gold
10	11	ENSG00000276903	H2AC16	H2AC16:HGNC:4730	clustered	putamen	0.0	0.0	0	observed_zero
10	11	ENSG00000276903	H2AC16	H2AC16:HGNC:4730	clustered	quadriceps femoris	0.0	0.0	0	observed_zero
10	11	ENSG00000276903	H2AC16	H2AC16:HGNC:4730	clustered	rectum	0.0	0.0	0	observed_zero
10	11	ENSG00000276903	H2AC16	H2AC16:HGNC:4730	clustered	right adrenal gland	37.77333333333333	8.272643672571263	3	present_gold
10	11	ENSG00000276903	H2AC16	H2AC16:HGNC:4730	clustered	right adrenal gland cortex	35.72	0.0	1	present_gold
10	11	ENSG00000276903	H2AC16	H2AC16:HGNC:4730	clustered	right atrium auricular region	26.67	0.0	1	present_gold
10	11	ENSG00000276903	H2AC16	H2AC16:HGNC:4730	clustered	right coronary artery	0.0	0.0	0	observed_zero
10	11	ENSG00000276903	H2AC16	H2AC16:HGNC:4730	clustered	right frontal lobe	0.0	0.0	0	observed_zero
10	11	ENSG00000276903	H2AC16	H2AC16:HGNC:4730	clustered	right hemisphere of cerebellum	0.0	0.0	0	observed_zero
10	11	ENSG00000276903	H2AC16	H2AC16:HGNC:4730	clustered	right lobe of liver	44.85999999999999	15.705760089852388	3	present_gold
10	11	ENSG00000276903	H2AC16	H2AC16:HGNC:4730	clustered	right lobe of thyroid gland	0.0	0.0	0	observed_zero
10	11	ENSG00000276903	H2AC16	H2AC16:HGNC:4730	clustered	right lung	59.22	0.0	1	present_gold
10	11	ENSG00000276903	H2AC16	H2AC16:HGNC:4730	clustered	right ovary	38.82	0.0	1	present_gold
10	11	ENSG00000276903	H2AC16	H2AC16:HGNC:4730	clustered	right testis	34.24	0.0	1	present_gold
10	11	ENSG00000276903	H2AC16	H2AC16:HGNC:4730	clustered	right uterine tube	0.0	0.0	0	observed_zero
10	11	ENSG00000276903	H2AC16	H2AC16:HGNC:4730	clustered	saliva-secreting gland	32.385000000000005	0.1060660171779811	2	present_gold
10	11	ENSG00000276903	H2AC16	H2AC16:HGNC:4730	clustered	sigmoid colon	32.7	6.08111831820431	2	present_gold
10	11	ENSG00000276903	H2AC16	H2AC16:HGNC:4730	clustered	skeletal muscle tissue	0.0	0.0	0	observed_zero
10	11	ENSG00000276903	H2AC16	H2AC16:HGNC:4730	clustered	skin of abdomen	30.73	4.322707484898788	7	present_gold
10	11	ENSG00000276903	H2AC16	H2AC16:HGNC:4730	clustered	skin of leg	27.706666666666667	2.59946789426862	3	present_gold
10	11	ENSG00000276903	H2AC16	H2AC16:HGNC:4730	clustered	small intestine	33.81	1.244507934888322	2	present_gold
10	11	ENSG00000276903	H2AC16	H2AC16:HGNC:4730	clustered	small intestine Peyer's patch	34.4575	4.748960412553467	4	present_gold
10	11	ENSG00000276903	H2AC16	H2AC16:HGNC:4730	clustered	smooth muscle tissue	0.0	0.0	0	observed_zero
10	11	ENSG00000276903	H2AC16	H2AC16:HGNC:4730	clustered	spinal cord	42.49	0.0	1	present_gold
10	11	ENSG00000276903	H2AC16	H2AC16:HGNC:4730	clustered	spleen	48.31727272727273	6.654580514065617	11	present_gold
10	11	ENSG00000276903	H2AC16	H2AC16:HGNC:4730	clustered	stomach	61.88666666666666	31.505776478530912	12	present_gold
10	11	ENSG00000276903	H2AC16	H2AC16:HGNC:4730	clustered	stromal cell of endometrium	0.0	0.0	0	observed_zero
10	11	ENSG00000276903	H2AC16	H2AC16:HGNC:4730	clustered	subcutaneous adipose tissue	28.07333333333333	1.396328519129123	3	present_gold
10	11	ENSG00000276903	H2AC16	H2AC16:HGNC:4730	clustered	substantia nigra	39.0675	11.74167612963896	4	present_gold
10	11	ENSG00000276903	H2AC16	H2AC16:HGNC:4730	clustered	superior frontal gyrus	0.0	0.0	0	observed_zero
10	11	ENSG00000276903	H2AC16	H2AC16:HGNC:4730	clustered	sural nerve	0.0	0.0	0	observed_zero
10	11	ENSG00000276903	H2AC16	H2AC16:HGNC:4730	clustered	temporal lobe	0.0	0.0	0	observed_zero
10	11	ENSG00000276903	H2AC16	H2AC16:HGNC:4730	clustered	testis	28.0	4.337979560425183	4	present_gold
10	11	ENSG00000276903	H2AC16	H2AC16:HGNC:4730	clustered	thoracic aorta	30.915	0.0494974746830585	2	present_gold
10	11	ENSG00000276903	H2AC16	H2AC16:HGNC:4730	clustered	thoracic mammary gland	34.105000000000004	5.941495322447596	4	present_gold
10	11	ENSG00000276903	H2AC16	H2AC16:HGNC:4730	clustered	thymus	0.0	0.0	0	observed_zero
10	11	ENSG00000276903	H2AC16	H2AC16:HGNC:4730	clustered	thyroid gland	27.75	0.9782637681116484	4	present_gold
10	11	ENSG00000276903	H2AC16	H2AC16:HGNC:4730	clustered	tibial artery	0.0	0.0	0	observed_zero
10	11	ENSG00000276903	H2AC16	H2AC16:HGNC:4730	clustered	tibial nerve	27.95	2.4041630560342604	2	present_gold
10	11	ENSG00000276903	H2AC16	H2AC16:HGNC:4730	clustered	tonsil	56.53333333333333	7.321627778939142	3	present_gold
10	11	ENSG00000276903	H2AC16	H2AC16:HGNC:4730	clustered	trachea	0.0	0.0	0	observed_zero
10	11	ENSG00000276903	H2AC16	H2AC16:HGNC:4730	clustered	transverse colon	36.957142857142856	2.901296918538985	7	present_gold
10	11	ENSG00000276903	H2AC16	H2AC16:HGNC:4730	clustered	upper lobe of left lung	37.4675	10.341145568391669	4	present_gold
10	11	ENSG00000276903	H2AC16	H2AC16:HGNC:4730	clustered	urinary bladder	44.67	0.0	1	present_gold
10	11	ENSG00000276903	H2AC16	H2AC16:HGNC:4730	clustered	uterine cervix	35.52	0.0	1	present_gold
10	11	ENSG00000276903	H2AC16	H2AC16:HGNC:4730	clustered	uterus	28.68	0.0	1	present_gold
10	11	ENSG00000276903	H2AC16	H2AC16:HGNC:4730	clustered	vagina	34.388	4.867609269446348	5	present_gold
10	11	ENSG00000276903	H2AC16	H2AC16:HGNC:4730	clustered	vastus lateralis	0.0	0.0	0	observed_zero
10	11	ENSG00000276903	H2AC16	H2AC16:HGNC:4730	clustered	ventricular zone	62.565	8.5206367132979	2	present_gold
10	11	ENSG00000276903	H2AC16	H2AC16:HGNC:4730	clustered	vermiform appendix	35.08	0.0	1	present_gold
10	11	ENSG00000276903	H2AC16	H2AC16:HGNC:4730	clustered	zone of skin	28.43	0.4242640687119295	2	present_gold
11	12	ENSG00000278677	H2AC17	H2AC17:HGNC:4735	clustered	Ammon's horn	39.42	12.700564291925511	4	present_gold
11	12	ENSG00000278677	H2AC17	H2AC17:HGNC:4735	clustered	Brodmann (1909) area 9	36.125	6.611837112331187	6	present_gold
11	12	ENSG00000278677	H2AC17	H2AC17:HGNC:4735	clustered	C1 segment of cervical spinal cord	56.26	12.837362880057794	8	present_gold
11	12	ENSG00000278677	H2AC17	H2AC17:HGNC:4735	clustered	adenohypophysis	0.0	0.0	0	observed_zero
11	12	ENSG00000278677	H2AC17	H2AC17:HGNC:4735	clustered	adipose tissue	40.403333333333336	12.417287680219594	3	present_gold
11	12	ENSG00000278677	H2AC17	H2AC17:HGNC:4735	clustered	adrenal gland	50.78	2.6728636328851505	2	present_gold
11	12	ENSG00000278677	H2AC17	H2AC17:HGNC:4735	clustered	adrenal tissue	93.33	2.070821093189845	3	present_gold
11	12	ENSG00000278677	H2AC17	H2AC17:HGNC:4735	clustered	adult mammalian kidney	52.96666666666666	20.3157582514986	3	present_gold
11	12	ENSG00000278677	H2AC17	H2AC17:HGNC:4735	clustered	amygdala	41.46	0.0	1	present_gold
11	12	ENSG00000278677	H2AC17	H2AC17:HGNC:4735	clustered	anterior cingulate cortex	34.86	9.405057150278248	3	present_gold
11	12	ENSG00000278677	H2AC17	H2AC17:HGNC:4735	clustered	apex of heart	51.09	0.0	1	present_gold
11	12	ENSG00000278677	H2AC17	H2AC17:HGNC:4735	clustered	ascending aorta	36.40714285714286	3.2066010784303165	7	present_gold
11	12	ENSG00000278677	H2AC17	H2AC17:HGNC:4735	clustered	blood	68.775625	4.639502802025234	16	present_gold
11	12	ENSG00000278677	H2AC17	H2AC17:HGNC:4735	clustered	body of pancreas	40.09	0.0	1	present_gold
11	12	ENSG00000278677	H2AC17	H2AC17:HGNC:4735	clustered	body of stomach	40.943636363636365	5.606238084004768	11	present_gold
11	12	ENSG00000278677	H2AC17	H2AC17:HGNC:4735	clustered	body of uterus	0.0	0.0	0	observed_zero
11	12	ENSG00000278677	H2AC17	H2AC17:HGNC:4735	clustered	bone marrow	69.33	0.0	1	present_gold
11	12	ENSG00000278677	H2AC17	H2AC17:HGNC:4735	clustered	bone marrow cell	98.69	0.0	1	present_gold
11	12	ENSG00000278677	H2AC17	H2AC17:HGNC:4735	clustered	brain	31.930000000000003	0.3579106033634677	3	present_gold
11	12	ENSG00000278677	H2AC17	H2AC17:HGNC:4735	clustered	calcaneal tendon	78.334	9.434226518374464	5	present_gold
11	12	ENSG00000278677	H2AC17	H2AC17:HGNC:4735	clustered	caudate nucleus	38.064	5.363779451096027	5	present_gold
11	12	ENSG00000278677	H2AC17	H2AC17:HGNC:4735	clustered	cerebellar cortex	26.13	0.0	1	present_gold
11	12	ENSG00000278677	H2AC17	H2AC17:HGNC:4735	clustered	cerebellar hemisphere	31.36	0.0	1	present_gold
11	12	ENSG00000278677	H2AC17	H2AC17:HGNC:4735	clustered	cerebellum	0.0	0.0	0	observed_zero
11	12	ENSG00000278677	H2AC17	H2AC17:HGNC:4735	clustered	cerebral cortex	33.58	0.0	1	present_gold
11	12	ENSG00000278677	H2AC17	H2AC17:HGNC:4735	clustered	colon	61.63666666666667	27.25213386140616	9	present_gold
11	12	ENSG00000278677	H2AC17	H2AC17:HGNC:4735	clustered	colonic epithelium	63.01	0.0	1	present_gold
11	12	ENSG00000278677	H2AC17	H2AC17:HGNC:4735	clustered	corpus callosum	73.6375	5.5513504363052615	4	present_gold
11	12	ENSG00000278677	H2AC17	H2AC17:HGNC:4735	clustered	cortex of kidney	60.78	0.0	1	present_gold
11	12	ENSG00000278677	H2AC17	H2AC17:HGNC:4735	clustered	cortical plate	46.69	2.3900209204105325	2	present_gold
11	12	ENSG00000278677	H2AC17	H2AC17:HGNC:4735	clustered	descending thoracic aorta	0.0	0.0	0	observed_zero
11	12	ENSG00000278677	H2AC17	H2AC17:HGNC:4735	clustered	dorsolateral prefrontal cortex	36.2175	3.834304587101376	4	present_gold
11	12	ENSG00000278677	H2AC17	H2AC17:HGNC:4735	clustered	duodenum	51.07	0.0	1	present_gold
11	12	ENSG00000278677	H2AC17	H2AC17:HGNC:4735	clustered	ectocervix	59.875	17.387755749377206	2	present_gold
11	12	ENSG00000278677	H2AC17	H2AC17:HGNC:4735	clustered	endocervix	41.16	10.988439379638947	2	present_gold
11	12	ENSG00000278677	H2AC17	H2AC17:HGNC:4735	clustered	endometrium	45.755	0.3889087296526041	2	present_gold
11	12	ENSG00000278677	H2AC17	H2AC17:HGNC:4735	clustered	esophagogastric junction muscularis propria	28.7	1.5139682955729297	3	present_gold
11	12	ENSG00000278677	H2AC17	H2AC17:HGNC:4735	clustered	esophagus	42.8475	0.6991125326679066	4	present_gold
11	12	ENSG00000278677	H2AC17	H2AC17:HGNC:4735	clustered	esophagus mucosa	57.33454545454545	3.963781940612686	11	present_gold
11	12	ENSG00000278677	H2AC17	H2AC17:HGNC:4735	clustered	fallopian tube	0.0	0.0	0	observed_zero
11	12	ENSG00000278677	H2AC17	H2AC17:HGNC:4735	clustered	frontal cortex	43.045	9.43987552884041	2	present_gold
11	12	ENSG00000278677	H2AC17	H2AC17:HGNC:4735	clustered	fundus of stomach	42.88333333333333	7.357936757905257	3	present_gold
11	12	ENSG00000278677	H2AC17	H2AC17:HGNC:4735	clustered	gall bladder	30.2	0.0	1	present_gold
11	12	ENSG00000278677	H2AC17	H2AC17:HGNC:4735	clustered	ganglionic eminence	54.85	3.832518754031089	2	present_gold
11	12	ENSG00000278677	H2AC17	H2AC17:HGNC:4735	clustered	gastrocnemius	37.36333333333333	3.052748761362454	9	present_gold
11	12	ENSG00000278677	H2AC17	H2AC17:HGNC:4735	clustered	granulocyte	68.17	0.0	1	present_gold
11	12	ENSG00000278677	H2AC17	H2AC17:HGNC:4735	clustered	heart	61.99375	25.450658109649847	8	present_gold
11	12	ENSG00000278677	H2AC17	H2AC17:HGNC:4735	clustered	heart left ventricle	46.49166666666667	8.63385601553383	12	present_gold
11	12	ENSG00000278677	H2AC17	H2AC17:HGNC:4735	clustered	hindlimb stylopod muscle	45.9	0.0	1	present_gold
11	12	ENSG00000278677	H2AC17	H2AC17:HGNC:4735	clustered	hypothalamus	38.3425	8.36138096648315	4	present_gold
11	12	ENSG00000278677	H2AC17	H2AC17:HGNC:4735	clustered	intestine	82.6	24.864431088069026	4	present_gold
11	12	ENSG00000278677	H2AC17	H2AC17:HGNC:4735	clustered	islet of Langerhans	30.195	1.8031222920256944	2	present_gold
11	12	ENSG00000278677	H2AC17	H2AC17:HGNC:4735	clustered	kidney	82.89	27.59105289763332	4	present_gold
11	12	ENSG00000278677	H2AC17	H2AC17:HGNC:4735	clustered	left adrenal gland	48.93875	3.890473483854045	8	present_gold
11	12	ENSG00000278677	H2AC17	H2AC17:HGNC:4735	clustered	left adrenal gland cortex	49.871428571428574	9.484407253612687	7	present_gold
11	12	ENSG00000278677	H2AC17	H2AC17:HGNC:4735	clustered	left coronary artery	43.45	6.070804449713949	4	present_gold
11	12	ENSG00000278677	H2AC17	H2AC17:HGNC:4735	clustered	left lobe of thyroid gland	52.74545454545455	3.149524928100629	11	present_gold
11	12	ENSG00000278677	H2AC17	H2AC17:HGNC:4735	clustered	left ovary	29.27	0.0	1	present_gold
11	12	ENSG00000278677	H2AC17	H2AC17:HGNC:4735	clustered	left testis	45.21666666666667	1.478562364821541	6	present_gold
11	12	ENSG00000278677	H2AC17	H2AC17:HGNC:4735	clustered	left uterine tube	0.0	0.0	0	observed_zero
11	12	ENSG00000278677	H2AC17	H2AC17:HGNC:4735	clustered	leukocyte	0.0	0.0	0	observed_zero
11	12	ENSG00000278677	H2AC17	H2AC17:HGNC:4735	clustered	liver	56.566	5.12079464319531	10	present_gold
11	12	ENSG00000278677	H2AC17	H2AC17:HGNC:4735	clustered	lower esophagus	0.0	0.0	0	observed_zero
11	12	ENSG00000278677	H2AC17	H2AC17:HGNC:4735	clustered	lower esophagus mucosa	65.8	0.0	1	present_gold
11	12	ENSG00000278677	H2AC17	H2AC17:HGNC:4735	clustered	lower esophagus muscularis layer	32.82	4.075733062898011	3	present_gold
11	12	ENSG00000278677	H2AC17	H2AC17:HGNC:4735	clustered	lung	65.72428571428571	22.86320322931067	7	present_gold
11	12	ENSG00000278677	H2AC17	H2AC17:HGNC:4735	clustered	lymph node	56.44	0.9616652224137042	2	present_gold
11	12	ENSG00000278677	H2AC17	H2AC17:HGNC:4735	clustered	male germ line stem cell (sensu Vertebrata) in testis	82.2	0.0	1	present_gold
11	12	ENSG00000278677	H2AC17	H2AC17:HGNC:4735	clustered	metanephros cortex	46.25	0.0	1	present_gold
11	12	ENSG00000278677	H2AC17	H2AC17:HGNC:4735	clustered	minor salivary gland	41.3825	6.718577124021765	8	present_gold
11	12	ENSG00000278677	H2AC17	H2AC17:HGNC:4735	clustered	monocyte	77.8	0.0	1	present_gold
11	12	ENSG00000278677	H2AC17	H2AC17:HGNC:4735	clustered	mucosa of stomach	0.0	0.0	0	observed_zero
11	12	ENSG00000278677	H2AC17	H2AC17:HGNC:4735	clustered	mucosa of transverse colon	68.92	0.0	1	present_gold
11	12	ENSG00000278677	H2AC17	H2AC17:HGNC:4735	clustered	muscle layer of sigmoid colon	35.75666666666667	6.249904532604212	6	present_gold
11	12	ENSG00000278677	H2AC17	H2AC17:HGNC:4735	clustered	muscle of leg	40.525000000000006	6.668016946589143	2	present_gold
11	12	ENSG00000278677	H2AC17	H2AC17:HGNC:4735	clustered	muscle tissue	42.38	0.0	1	present_gold
11	12	ENSG00000278677	H2AC17	H2AC17:HGNC:4735	clustered	myometrium	0.0	0.0	0	observed_zero
11	12	ENSG00000278677	H2AC17	H2AC17:HGNC:4735	clustered	nucleus accumbens	36.4025	11.228289792602732	4	present_gold
11	12	ENSG00000278677	H2AC17	H2AC17:HGNC:4735	clustered	olfactory segment of nasal mucosa	52.64	0.0	1	present_gold
11	12	ENSG00000278677	H2AC17	H2AC17:HGNC:4735	clustered	omental fat pad	39.98636363636364	7.92223740205666	11	present_gold
11	12	ENSG00000278677	H2AC17	H2AC17:HGNC:4735	clustered	ovary	27.396666666666665	1.4382744290758058	3	present_gold
11	12	ENSG00000278677	H2AC17	H2AC17:HGNC:4735	clustered	pancreas	29.64	0.9475230867899735	2	present_gold
11	12	ENSG00000278677	H2AC17	H2AC17:HGNC:4735	clustered	pituitary gland	37.13	0.0	1	present_gold
11	12	ENSG00000278677	H2AC17	H2AC17:HGNC:4735	clustered	placenta	57.43	0.0	1	present_gold
11	12	ENSG00000278677	H2AC17	H2AC17:HGNC:4735	clustered	popliteal artery	28.48	0.0	1	present_gold
11	12	ENSG00000278677	H2AC17	H2AC17:HGNC:4735	clustered	prefrontal cortex	36.2625	2.333257736870633	4	present_gold
11	12	ENSG00000278677	H2AC17	H2AC17:HGNC:4735	clustered	primary visual cortex	43.74	0.0	1	present_gold
11	12	ENSG00000278677	H2AC17	H2AC17:HGNC:4735	clustered	primordial germ cell in gonad	89.77	0.0	1	present_gold
11	12	ENSG00000278677	H2AC17	H2AC17:HGNC:4735	clustered	prostate gland	48.11222222222222	5.537711119627352	9	present_gold
11	12	ENSG00000278677	H2AC17	H2AC17:HGNC:4735	clustered	putamen	52.33	0.0	1	present_gold
11	12	ENSG00000278677	H2AC17	H2AC17:HGNC:4735	clustered	rectum	53.34	0.0	1	present_gold
11	12	ENSG00000278677	H2AC17	H2AC17:HGNC:4735	clustered	right adrenal gland	53.292	5.630783249246945	5	present_gold
11	12	ENSG00000278677	H2AC17	H2AC17:HGNC:4735	clustered	right adrenal gland cortex	51.31666666666666	10.338434762251648	3	present_gold
11	12	ENSG00000278677	H2AC17	H2AC17:HGNC:4735	clustered	right atrium auricular region	45.288	5.862837386643281	10	present_gold
11	12	ENSG00000278677	H2AC17	H2AC17:HGNC:4735	clustered	right coronary artery	0.0	0.0	0	observed_zero
11	12	ENSG00000278677	H2AC17	H2AC17:HGNC:4735	clustered	right frontal lobe	40.565	5.416610563812024	6	present_gold
11	12	ENSG00000278677	H2AC17	H2AC17:HGNC:4735	clustered	right hemisphere of cerebellum	0.0	0.0	0	observed_zero
11	12	ENSG00000278677	H2AC17	H2AC17:HGNC:4735	clustered	right lobe of liver	54.63166666666667	7.311356691248667	6	present_gold
11	12	ENSG00000278677	H2AC17	H2AC17:HGNC:4735	clustered	right lobe of thyroid gland	54.5025	3.17562929646573	8	present_gold
11	12	ENSG00000278677	H2AC17	H2AC17:HGNC:4735	clustered	right lung	56.19	0.0	1	present_gold
11	12	ENSG00000278677	H2AC17	H2AC17:HGNC:4735	clustered	right ovary	0.0	0.0	0	observed_zero
11	12	ENSG00000278677	H2AC17	H2AC17:HGNC:4735	clustered	right testis	46.664	2.1925624278455573	5	present_gold
11	12	ENSG00000278677	H2AC17	H2AC17:HGNC:4735	clustered	right uterine tube	0.0	0.0	0	observed_zero
11	12	ENSG00000278677	H2AC17	H2AC17:HGNC:4735	clustered	saliva-secreting gland	38.96	0.0	1	present_gold
11	12	ENSG00000278677	H2AC17	H2AC17:HGNC:4735	clustered	skeletal muscle tissue	44.625	5.876057351660212	2	present_gold
11	12	ENSG00000278677	H2AC17	H2AC17:HGNC:4735	clustered	skin of abdomen	42.76777777777777	4.058832275968601	9	present_gold
11	12	ENSG00000278677	H2AC17	H2AC17:HGNC:4735	clustered	skin of leg	41.73875	2.730721712556696	8	present_gold
11	12	ENSG00000278677	H2AC17	H2AC17:HGNC:4735	clustered	small intestine	44.77	1.03237590053236	2	present_gold
11	12	ENSG00000278677	H2AC17	H2AC17:HGNC:4735	clustered	small intestine Peyer's patch	45.621	6.295339457796449	10	present_gold
11	12	ENSG00000278677	H2AC17	H2AC17:HGNC:4735	clustered	smooth muscle tissue	0.0	0.0	0	observed_zero
11	12	ENSG00000278677	H2AC17	H2AC17:HGNC:4735	clustered	spleen	53.60454545454545	7.925118754487359	11	present_gold
11	12	ENSG00000278677	H2AC17	H2AC17:HGNC:4735	clustered	stomach	67.05333333333333	27.75721800748684	12	present_gold
11	12	ENSG00000278677	H2AC17	H2AC17:HGNC:4735	clustered	stromal cell of endometrium	0.0	0.0	0	observed_zero
11	12	ENSG00000278677	H2AC17	H2AC17:HGNC:4735	clustered	subcutaneous adipose tissue	30.744	1.6198857984438286	5	present_gold
11	12	ENSG00000278677	H2AC17	H2AC17:HGNC:4735	clustered	substantia nigra	41.355714285714285	7.1157943036198406	7	present_gold
11	12	ENSG00000278677	H2AC17	H2AC17:HGNC:4735	clustered	superior frontal gyrus	0.0	0.0	0	observed_zero
11	12	ENSG00000278677	H2AC17	H2AC17:HGNC:4735	clustered	sural nerve	0.0	0.0	0	observed_zero
11	12	ENSG00000278677	H2AC17	H2AC17:HGNC:4735	clustered	temporal lobe	0.0	0.0	0	observed_zero
11	12	ENSG00000278677	H2AC17	H2AC17:HGNC:4735	clustered	testis	44.59285714285714	2.410565039471828	7	present_gold
11	12	ENSG00000278677	H2AC17	H2AC17:HGNC:4735	clustered	thoracic aorta	37.14	2.768477319153376	4	present_gold
11	12	ENSG00000278677	H2AC17	H2AC17:HGNC:4735	clustered	thoracic mammary gland	38.04714285714285	7.977977425984848	7	present_gold
11	12	ENSG00000278677	H2AC17	H2AC17:HGNC:4735	clustered	thyroid gland	54.78923076923077	3.065747493240057	13	present_gold
11	12	ENSG00000278677	H2AC17	H2AC17:HGNC:4735	clustered	tibial artery	31.8275	2.507407359538266	4	present_gold
11	12	ENSG00000278677	H2AC17	H2AC17:HGNC:4735	clustered	tibial nerve	36.134	4.167886754699555	5	present_gold
11	12	ENSG00000278677	H2AC17	H2AC17:HGNC:4735	clustered	tonsil	61.69	7.859904579573466	3	present_gold
11	12	ENSG00000278677	H2AC17	H2AC17:HGNC:4735	clustered	transverse colon	47.05	6.716915628140312	10	present_gold
11	12	ENSG00000278677	H2AC17	H2AC17:HGNC:4735	clustered	upper lobe of left lung	45.96571428571429	3.3930068137413496	7	present_gold
11	12	ENSG00000278677	H2AC17	H2AC17:HGNC:4735	clustered	urinary bladder	38.95	3.0264170234784245	2	present_gold
11	12	ENSG00000278677	H2AC17	H2AC17:HGNC:4735	clustered	uterine cervix	44.15	0.0	1	present_gold
11	12	ENSG00000278677	H2AC17	H2AC17:HGNC:4735	clustered	vagina	49.692	5.981456344403091	5	present_gold
11	12	ENSG00000278677	H2AC17	H2AC17:HGNC:4735	clustered	ventricular zone	54.07	7.000357133746824	2	present_gold
11	12	ENSG00000278677	H2AC17	H2AC17:HGNC:4735	clustered	vermiform appendix	43.91	0.0	1	present_gold
11	12	ENSG00000278677	H2AC17	H2AC17:HGNC:4735	clustered	zone of skin	41.44	0.3818376618407351	2	present_gold
12	13	ENSG00000203812	H2AC18	H2AC18:HGNC:4736	clustered	Ammon's horn	62.05	14.77851932141151	7	present_gold
12	13	ENSG00000203812	H2AC18	H2AC18:HGNC:4736	clustered	Brodmann (1909) area 9	56.42428571428572	8.266234243682463	7	present_gold
12	13	ENSG00000203812	H2AC18	H2AC18:HGNC:4736	clustered	C1 segment of cervical spinal cord	87.7811111111111	6.169624065622728	9	present_gold
12	13	ENSG00000203812	H2AC18	H2AC18:HGNC:4736	clustered	adenohypophysis	84.505	7.033575904189846	6	present_gold
12	13	ENSG00000203812	H2AC18	H2AC18:HGNC:4736	clustered	adipose tissue	85.16000000000001	3.534671130388231	3	present_gold
12	13	ENSG00000203812	H2AC18	H2AC18:HGNC:4736	clustered	adrenal gland	85.22	10.702340865436865	3	present_gold
12	13	ENSG00000203812	H2AC18	H2AC18:HGNC:4736	clustered	adrenal tissue	89.72	4.582051942088821	2	present_gold
12	13	ENSG00000203812	H2AC18	H2AC18:HGNC:4736	clustered	adult mammalian kidney	84.57090909090908	11.689179145299686	11	present_gold
12	13	ENSG00000203812	H2AC18	H2AC18:HGNC:4736	clustered	amygdala	62.621428571428574	12.07273709447783	7	present_gold
12	13	ENSG00000203812	H2AC18	H2AC18:HGNC:4736	clustered	anterior cingulate cortex	53.25375	16.076782671648846	8	present_gold
12	13	ENSG00000203812	H2AC18	H2AC18:HGNC:4736	clustered	apex of heart	0.0	0.0	0	observed_zero
12	13	ENSG00000203812	H2AC18	H2AC18:HGNC:4736	clustered	ascending aorta	80.583	5.836898053665909	10	present_gold
12	13	ENSG00000203812	H2AC18	H2AC18:HGNC:4736	clustered	blood	95.326875	4.218397355631638	16	present_gold
12	13	ENSG00000203812	H2AC18	H2AC18:HGNC:4736	clustered	body of pancreas	61.203	9.764914575492538	10	present_gold
12	13	ENSG00000203812	H2AC18	H2AC18:HGNC:4736	clustered	body of stomach	83.90181818181819	7.1362914993458855	11	present_gold
12	13	ENSG00000203812	H2AC18	H2AC18:HGNC:4736	clustered	body of uterus	78.942	3.161893420088665	5	present_gold
12	13	ENSG00000203812	H2AC18	H2AC18:HGNC:4736	clustered	bone marrow	97.28	0.0	1	present_gold
12	13	ENSG00000203812	H2AC18	H2AC18:HGNC:4736	clustered	bone marrow cell	99.26	0.0	1	present_gold
12	13	ENSG00000203812	H2AC18	H2AC18:HGNC:4736	clustered	brain	61.34	12.087729315301532	4	present_gold
12	13	ENSG00000203812	H2AC18	H2AC18:HGNC:4736	clustered	calcaneal tendon	84.566	13.634549130792696	5	present_gold
12	13	ENSG00000203812	H2AC18	H2AC18:HGNC:4736	clustered	caudate nucleus	54.3625	18.282627780804063	8	present_gold
12	13	ENSG00000203812	H2AC18	H2AC18:HGNC:4736	clustered	cerebellar cortex	36.92	0.8061017305526645	2	present_gold
12	13	ENSG00000203812	H2AC18	H2AC18:HGNC:4736	clustered	cerebellar hemisphere	35.0625	6.278952938189616	8	present_gold
12	13	ENSG00000203812	H2AC18	H2AC18:HGNC:4736	clustered	cerebellum	56.31666666666666	35.00120331264817	3	present_gold
12	13	ENSG00000203812	H2AC18	H2AC18:HGNC:4736	clustered	cerebral cortex	54.67	0.0	1	present_gold
12	13	ENSG00000203812	H2AC18	H2AC18:HGNC:4736	clustered	colon	84.9	9.559082940673058	10	present_gold
12	13	ENSG00000203812	H2AC18	H2AC18:HGNC:4736	clustered	colonic epithelium	69.71	0.0	1	present_gold
12	13	ENSG00000203812	H2AC18	H2AC18:HGNC:4736	clustered	corpus callosum	98.0625	0.4211393276972995	4	present_gold
12	13	ENSG00000203812	H2AC18	H2AC18:HGNC:4736	clustered	cortex of kidney	88.59	3.224406922210658	2	present_gold
12	13	ENSG00000203812	H2AC18	H2AC18:HGNC:4736	clustered	cortical plate	75.895	3.4718942956259458	2	present_gold
12	13	ENSG00000203812	H2AC18	H2AC18:HGNC:4736	clustered	descending thoracic aorta	81.61333333333333	3.2844228310820944	3	present_gold
12	13	ENSG00000203812	H2AC18	H2AC18:HGNC:4736	clustered	dorsolateral prefrontal cortex	65.135	13.714640393065766	10	present_gold
12	13	ENSG00000203812	H2AC18	H2AC18:HGNC:4736	clustered	duodenum	71.23	0.0	1	present_gold
12	13	ENSG00000203812	H2AC18	H2AC18:HGNC:4736	clustered	ectocervix	92.884	9.32604846652643	5	present_gold
12	13	ENSG00000203812	H2AC18	H2AC18:HGNC:4736	clustered	endocervix	91.46333333333332	7.573059707498245	3	present_gold
12	13	ENSG00000203812	H2AC18	H2AC18:HGNC:4736	clustered	endometrium	42.985	4.857823586751585	2	present_gold
12	13	ENSG00000203812	H2AC18	H2AC18:HGNC:4736	clustered	esophagogastric junction muscularis propria	74.39	9.020070214065225	10	present_gold
12	13	ENSG00000203812	H2AC18	H2AC18:HGNC:4736	clustered	esophagus	85.495	1.0807559083036902	4	present_gold
12	13	ENSG00000203812	H2AC18	H2AC18:HGNC:4736	clustered	esophagus mucosa	91.14272727272729	2.6663349036049118	11	present_gold
12	13	ENSG00000203812	H2AC18	H2AC18:HGNC:4736	clustered	fallopian tube	80.28	0.0	1	present_gold
12	13	ENSG00000203812	H2AC18	H2AC18:HGNC:4736	clustered	frontal cortex	48.26333333333333	6.216376221990858	3	present_gold
12	13	ENSG00000203812	H2AC18	H2AC18:HGNC:4736	clustered	fundus of stomach	86.9175	8.393042257330373	4	present_gold
12	13	ENSG00000203812	H2AC18	H2AC18:HGNC:4736	clustered	gall bladder	67.23	0.0	1	present_gold
12	13	ENSG00000203812	H2AC18	H2AC18:HGNC:4736	clustered	ganglionic eminence	57.545	14.927024150848013	2	present_gold
12	13	ENSG00000203812	H2AC18	H2AC18:HGNC:4736	clustered	gastrocnemius	79.82181818181817	7.955973627635799	11	present_gold
12	13	ENSG00000203812	H2AC18	H2AC18:HGNC:4736	clustered	granulocyte	96.29	0.0	1	present_gold
12	13	ENSG00000203812	H2AC18	H2AC18:HGNC:4736	clustered	heart	70.90555555555555	12.01578764699917	9	present_gold
12	13	ENSG00000203812	H2AC18	H2AC18:HGNC:4736	clustered	heart left ventricle	73.595	11.308514491302562	12	present_gold
12	13	ENSG00000203812	H2AC18	H2AC18:HGNC:4736	clustered	hindlimb stylopod muscle	85.005	0.9828784258493014	2	present_gold
12	13	ENSG00000203812	H2AC18	H2AC18:HGNC:4736	clustered	hypothalamus	63.46571428571429	8.935054294076519	7	present_gold
12	13	ENSG00000203812	H2AC18	H2AC18:HGNC:4736	clustered	intestine	77.05250000000001	12.57776444100196	4	present_gold
12	13	ENSG00000203812	H2AC18	H2AC18:HGNC:4736	clustered	islet of Langerhans	63.415	12.297238946783366	8	present_gold
12	13	ENSG00000203812	H2AC18	H2AC18:HGNC:4736	clustered	kidney	87.52	7.361243101542018	3	present_gold
12	13	ENSG00000203812	H2AC18	H2AC18:HGNC:4736	clustered	left adrenal gland	80.91	7.722889910611737	8	present_gold
12	13	ENSG00000203812	H2AC18	H2AC18:HGNC:4736	clustered	left adrenal gland cortex	85.27	9.944283354197598	8	present_gold
12	13	ENSG00000203812	H2AC18	H2AC18:HGNC:4736	clustered	left coronary artery	86.54375	6.908421232710945	8	present_gold
12	13	ENSG00000203812	H2AC18	H2AC18:HGNC:4736	clustered	left lobe of thyroid gland	72.22272727272728	10.609515625992632	11	present_gold
12	13	ENSG00000203812	H2AC18	H2AC18:HGNC:4736	clustered	left ovary	84.888	5.548663803115122	5	present_gold
12	13	ENSG00000203812	H2AC18	H2AC18:HGNC:4736	clustered	left testis	60.27333333333333	6.407834787716257	6	present_gold
12	13	ENSG00000203812	H2AC18	H2AC18:HGNC:4736	clustered	left uterine tube	85.14500000000001	3.486036431249674	2	present_gold
12	13	ENSG00000203812	H2AC18	H2AC18:HGNC:4736	clustered	leukocyte	90.9	0.0	1	present_gold
12	13	ENSG00000203812	H2AC18	H2AC18:HGNC:4736	clustered	liver	80.5190909090909	10.48659950083482	11	present_gold
12	13	ENSG00000203812	H2AC18	H2AC18:HGNC:4736	clustered	lower esophagus	80.97	2.6728636328851505	2	present_gold
12	13	ENSG00000203812	H2AC18	H2AC18:HGNC:4736	clustered	lower esophagus mucosa	97.04	0.0	1	present_gold
12	13	ENSG00000203812	H2AC18	H2AC18:HGNC:4736	clustered	lower esophagus muscularis layer	80.06272727272727	5.042933850268297	11	present_gold
12	13	ENSG00000203812	H2AC18	H2AC18:HGNC:4736	clustered	lung	81.32571428571428	14.043451447967788	7	present_gold
12	13	ENSG00000203812	H2AC18	H2AC18:HGNC:4736	clustered	lymph node	79.235	3.8961583643378703	2	present_gold
12	13	ENSG00000203812	H2AC18	H2AC18:HGNC:4736	clustered	male germ line stem cell (sensu Vertebrata) in testis	91.48	0.0	1	present_gold
12	13	ENSG00000203812	H2AC18	H2AC18:HGNC:4736	clustered	metanephros cortex	90.67	6.137686860699237	2	present_gold
12	13	ENSG00000203812	H2AC18	H2AC18:HGNC:4736	clustered	minor salivary gland	91.585	3.4985814585660613	10	present_gold
12	13	ENSG00000203812	H2AC18	H2AC18:HGNC:4736	clustered	monocyte	29.79	0.0	1	present_gold
12	13	ENSG00000203812	H2AC18	H2AC18:HGNC:4736	clustered	mucosa of stomach	83.49	0.0	1	present_gold
12	13	ENSG00000203812	H2AC18	H2AC18:HGNC:4736	clustered	mucosa of transverse colon	91.89	0.0	1	present_gold
12	13	ENSG00000203812	H2AC18	H2AC18:HGNC:4736	clustered	muscle layer of sigmoid colon	81.54727272727273	8.217191845039387	11	present_gold
12	13	ENSG00000203812	H2AC18	H2AC18:HGNC:4736	clustered	muscle of leg	79.945	3.5991735162395195	2	present_gold
12	13	ENSG00000203812	H2AC18	H2AC18:HGNC:4736	clustered	muscle tissue	74.09	0.0	1	present_gold
12	13	ENSG00000203812	H2AC18	H2AC18:HGNC:4736	clustered	myometrium	76.82142857142857	4.735079825344128	7	present_gold
12	13	ENSG00000203812	H2AC18	H2AC18:HGNC:4736	clustered	nucleus accumbens	66.66857142857143	20.822111187046197	7	present_gold
12	13	ENSG00000203812	H2AC18	H2AC18:HGNC:4736	clustered	olfactory segment of nasal mucosa	85.01	0.0	1	present_gold
12	13	ENSG00000203812	H2AC18	H2AC18:HGNC:4736	clustered	omental fat pad	87.47181818181818	5.848248999797833	11	present_gold
12	13	ENSG00000203812	H2AC18	H2AC18:HGNC:4736	clustered	ovary	80.2725	3.057170532807532	4	present_gold
12	13	ENSG00000203812	H2AC18	H2AC18:HGNC:4736	clustered	pancreas	62.03	0.0565685424949225	2	present_gold
12	13	ENSG00000203812	H2AC18	H2AC18:HGNC:4736	clustered	pituitary gland	79.87111111111112	10.232898470673454	9	present_gold
12	13	ENSG00000203812	H2AC18	H2AC18:HGNC:4736	clustered	placenta	81.79	0.0	1	present_gold
12	13	ENSG00000203812	H2AC18	H2AC18:HGNC:4736	clustered	popliteal artery	80.27	0.0	1	present_gold
12	13	ENSG00000203812	H2AC18	H2AC18:HGNC:4736	clustered	prefrontal cortex	68.072	13.521012166254415	5	present_gold
12	13	ENSG00000203812	H2AC18	H2AC18:HGNC:4736	clustered	primary visual cortex	49.88	11.97838887330012	2	present_gold
12	13	ENSG00000203812	H2AC18	H2AC18:HGNC:4736	clustered	primordial germ cell in gonad	83.58	0.0	1	present_gold
12	13	ENSG00000203812	H2AC18	H2AC18:HGNC:4736	clustered	prostate gland	95.15777777777777	3.178646637241147	9	present_gold
12	13	ENSG00000203812	H2AC18	H2AC18:HGNC:4736	clustered	putamen	60.597142857142856	11.429484844450505	7	present_gold
12	13	ENSG00000203812	H2AC18	H2AC18:HGNC:4736	clustered	rectum	54.51	0.0	1	present_gold
12	13	ENSG00000203812	H2AC18	H2AC18:HGNC:4736	clustered	right adrenal gland	88.276	9.696165737032343	5	present_gold
12	13	ENSG00000203812	H2AC18	H2AC18:HGNC:4736	clustered	right adrenal gland cortex	83.67	9.899494936611664	2	present_gold
12	13	ENSG00000203812	H2AC18	H2AC18:HGNC:4736	clustered	right atrium auricular region	61.98909090909091	13.132051214144312	11	present_gold
12	13	ENSG00000203812	H2AC18	H2AC18:HGNC:4736	clustered	right coronary artery	84.195	0.7000357133746784	2	present_gold
12	13	ENSG00000203812	H2AC18	H2AC18:HGNC:4736	clustered	right frontal lobe	54.7925	12.460300099573386	8	present_gold
12	13	ENSG00000203812	H2AC18	H2AC18:HGNC:4736	clustered	right hemisphere of cerebellum	35.545	6.356909626540241	4	present_gold
12	13	ENSG00000203812	H2AC18	H2AC18:HGNC:4736	clustered	right lobe of liver	86.58	9.53361028152504	9	present_gold
12	13	ENSG00000203812	H2AC18	H2AC18:HGNC:4736	clustered	right lobe of thyroid gland	76.93857142857144	9.182598449551971	7	present_gold
12	13	ENSG00000203812	H2AC18	H2AC18:HGNC:4736	clustered	right lung	92.455	8.42164176393178	2	present_gold
12	13	ENSG00000203812	H2AC18	H2AC18:HGNC:4736	clustered	right ovary	78.13199999999999	19.77511871013673	5	present_gold
12	13	ENSG00000203812	H2AC18	H2AC18:HGNC:4736	clustered	right testis	64.348	21.929626535807675	5	present_gold
12	13	ENSG00000203812	H2AC18	H2AC18:HGNC:4736	clustered	right uterine tube	96.47	0.0	1	present_gold
12	13	ENSG00000203812	H2AC18	H2AC18:HGNC:4736	clustered	saliva-secreting gland	89.07	0.0	1	present_gold
12	13	ENSG00000203812	H2AC18	H2AC18:HGNC:4736	clustered	skeletal muscle tissue	82.6375	4.951695837454749	4	present_gold
12	13	ENSG00000203812	H2AC18	H2AC18:HGNC:4736	clustered	skin of abdomen	86.435	7.42777856727329	10	present_gold
12	13	ENSG00000203812	H2AC18	H2AC18:HGNC:4736	clustered	skin of leg	82.9825	9.744362589350176	12	present_gold
12	13	ENSG00000203812	H2AC18	H2AC18:HGNC:4736	clustered	small intestine	75.5	0.38183766184073	2	present_gold
12	13	ENSG00000203812	H2AC18	H2AC18:HGNC:4736	clustered	small intestine Peyer's patch	76.61727272727272	8.186067542977021	11	present_gold
12	13	ENSG00000203812	H2AC18	H2AC18:HGNC:4736	clustered	smooth muscle tissue	60.47	0.0	1	present_gold
12	13	ENSG00000203812	H2AC18	H2AC18:HGNC:4736	clustered	spleen	92.08272727272728	4.158103151460027	11	present_gold
12	13	ENSG00000203812	H2AC18	H2AC18:HGNC:4736	clustered	stomach	84.53090909090909	12.316004591218254	11	present_gold
12	13	ENSG00000203812	H2AC18	H2AC18:HGNC:4736	clustered	stromal cell of endometrium	78.12	0.0	1	present_gold
12	13	ENSG00000203812	H2AC18	H2AC18:HGNC:4736	clustered	subcutaneous adipose tissue	78.93249999999999	6.091756165656845	12	present_gold
12	13	ENSG00000203812	H2AC18	H2AC18:HGNC:4736	clustered	substantia nigra	79.74875	11.01502537121778	8	present_gold
12	13	ENSG00000203812	H2AC18	H2AC18:HGNC:4736	clustered	superior frontal gyrus	65.235	15.252293270193826	2	present_gold
12	13	ENSG00000203812	H2AC18	H2AC18:HGNC:4736	clustered	sural nerve	58.68	0.0	1	present_gold
12	13	ENSG00000203812	H2AC18	H2AC18:HGNC:4736	clustered	temporal lobe	0.0	0.0	0	observed_zero
12	13	ENSG00000203812	H2AC18	H2AC18:HGNC:4736	clustered	testis	66.31800000000001	16.921311119413886	5	present_gold
12	13	ENSG00000203812	H2AC18	H2AC18:HGNC:4736	clustered	thoracic aorta	83.07833333333333	3.461730299527486	6	present_gold
12	13	ENSG00000203812	H2AC18	H2AC18:HGNC:4736	clustered	thoracic mammary gland	84.54083333333334	8.009434730177263	12	present_gold
12	13	ENSG00000203812	H2AC18	H2AC18:HGNC:4736	clustered	thyroid gland	73.75846153846155	8.88045686339189	13	present_gold
12	13	ENSG00000203812	H2AC18	H2AC18:HGNC:4736	clustered	tibial artery	81.76636363636364	6.261102574989924	11	present_gold
12	13	ENSG00000203812	H2AC18	H2AC18:HGNC:4736	clustered	tibial nerve	80.15181818181817	7.88281779338051	11	present_gold
12	13	ENSG00000203812	H2AC18	H2AC18:HGNC:4736	clustered	tonsil	64.625	10.076271631908302	2	present_gold
12	13	ENSG00000203812	H2AC18	H2AC18:HGNC:4736	clustered	transverse colon	78.854	6.393389294158982	10	present_gold
12	13	ENSG00000203812	H2AC18	H2AC18:HGNC:4736	clustered	upper lobe of left lung	87.3225	9.13992302249548	8	present_gold
12	13	ENSG00000203812	H2AC18	H2AC18:HGNC:4736	clustered	urinary bladder	85.28166666666667	8.092765699479173	6	present_gold
12	13	ENSG00000203812	H2AC18	H2AC18:HGNC:4736	clustered	uterine cervix	87.54	0.0	1	present_gold
12	13	ENSG00000203812	H2AC18	H2AC18:HGNC:4736	clustered	vagina	93.362	1.6466238186058155	5	present_gold
12	13	ENSG00000203812	H2AC18	H2AC18:HGNC:4736	clustered	ventricular zone	76.26	10.762165209659251	2	present_gold
12	13	ENSG00000203812	H2AC18	H2AC18:HGNC:4736	clustered	vermiform appendix	82.64	0.0	1	present_gold
12	13	ENSG00000203812	H2AC18	H2AC18:HGNC:4736	clustered	zone of skin	86.55	0.0707106781186507	2	present_gold
13	14	ENSG00000272196	H2AC19	H2AC19:HGNC:29668	clustered	Ammon's horn	85.05625	5.988634324403903	8	present_gold
13	14	ENSG00000272196	H2AC19	H2AC19:HGNC:29668	clustered	Brodmann (1909) area 9	83.81125	5.138183218387049	8	present_gold
13	14	ENSG00000272196	H2AC19	H2AC19:HGNC:29668	clustered	C1 segment of cervical spinal cord	92.38333333333334	2.2173012876016656	9	present_gold
13	14	ENSG00000272196	H2AC19	H2AC19:HGNC:29668	clustered	adenohypophysis	86.815	3.790127966177395	6	present_gold
13	14	ENSG00000272196	H2AC19	H2AC19:HGNC:29668	clustered	adipose tissue	81.55666666666667	4.390675726278736	3	present_gold
13	14	ENSG00000272196	H2AC19	H2AC19:HGNC:29668	clustered	adrenal gland	87.64666666666666	0.94495149787348	3	present_gold
13	14	ENSG00000272196	H2AC19	H2AC19:HGNC:29668	clustered	adrenal tissue	92.50333333333332	7.357644550624425	3	present_gold
13	14	ENSG00000272196	H2AC19	H2AC19:HGNC:29668	clustered	adult mammalian kidney	87.00181818181818	6.974412976275232	11	present_gold
13	14	ENSG00000272196	H2AC19	H2AC19:HGNC:29668	clustered	amygdala	85.22	4.256960686418689	8	present_gold
13	14	ENSG00000272196	H2AC19	H2AC19:HGNC:29668	clustered	anterior cingulate cortex	81.83444444444444	3.167826980404353	9	present_gold
13	14	ENSG00000272196	H2AC19	H2AC19:HGNC:29668	clustered	apex of heart	94.17	0.0	1	present_gold
13	14	ENSG00000272196	H2AC19	H2AC19:HGNC:29668	clustered	ascending aorta	87.283	2.00401291856559	10	present_gold
13	14	ENSG00000272196	H2AC19	H2AC19:HGNC:29668	clustered	blood	97.985625	0.7194717390789801	16	present_gold
13	14	ENSG00000272196	H2AC19	H2AC19:HGNC:29668	clustered	body of pancreas	78.46700000000001	4.578151130945524	10	present_gold
13	14	ENSG00000272196	H2AC19	H2AC19:HGNC:29668	clustered	body of stomach	89.14818181818181	3.312798871594283	11	present_gold
13	14	ENSG00000272196	H2AC19	H2AC19:HGNC:29668	clustered	body of uterus	76.396	6.651310397207452	5	present_gold
13	14	ENSG00000272196	H2AC19	H2AC19:HGNC:29668	clustered	bone marrow	82.56	0.0	1	present_gold
13	14	ENSG00000272196	H2AC19	H2AC19:HGNC:29668	clustered	bone marrow cell	99.25	0.0	1	present_gold
13	14	ENSG00000272196	H2AC19	H2AC19:HGNC:29668	clustered	brain	74.5025	15.85822263054722	4	present_gold
13	14	ENSG00000272196	H2AC19	H2AC19:HGNC:29668	clustered	calcaneal tendon	97.256	1.2189667755931657	5	present_gold
13	14	ENSG00000272196	H2AC19	H2AC19:HGNC:29668	clustered	caudate nucleus	85.13111111111112	6.780553894123336	9	present_gold
13	14	ENSG00000272196	H2AC19	H2AC19:HGNC:29668	clustered	cerebellar cortex	84.755	0.1767766952966369	2	present_gold
13	14	ENSG00000272196	H2AC19	H2AC19:HGNC:29668	clustered	cerebellar hemisphere	84.78999999999999	2.55874100986316	10	present_gold
13	14	ENSG00000272196	H2AC19	H2AC19:HGNC:29668	clustered	cerebellum	87.59666666666668	5.036728435535639	3	present_gold
13	14	ENSG00000272196	H2AC19	H2AC19:HGNC:29668	clustered	cerebral cortex	78.57	0.0	1	present_gold
13	14	ENSG00000272196	H2AC19	H2AC19:HGNC:29668	clustered	colon	87.725	6.089724040454453	10	present_gold
13	14	ENSG00000272196	H2AC19	H2AC19:HGNC:29668	clustered	colonic epithelium	91.56	0.0	1	present_gold
13	14	ENSG00000272196	H2AC19	H2AC19:HGNC:29668	clustered	corpus callosum	84.785	4.764763023138365	4	present_gold
13	14	ENSG00000272196	H2AC19	H2AC19:HGNC:29668	clustered	cortex of kidney	72.36	23.54665581351204	2	present_gold
13	14	ENSG00000272196	H2AC19	H2AC19:HGNC:29668	clustered	cortical plate	51.6	0.0	1	present_gold
13	14	ENSG00000272196	H2AC19	H2AC19:HGNC:29668	clustered	descending thoracic aorta	90.7	1.7303467860518629	3	present_gold
13	14	ENSG00000272196	H2AC19	H2AC19:HGNC:29668	clustered	dorsolateral prefrontal cortex	78.56666666666666	4.984084670227825	9	present_gold
13	14	ENSG00000272196	H2AC19	H2AC19:HGNC:29668	clustered	duodenum	55.39	0.0	1	present_gold
13	14	ENSG00000272196	H2AC19	H2AC19:HGNC:29668	clustered	ectocervix	89.668	8.800503962842127	5	present_gold
13	14	ENSG00000272196	H2AC19	H2AC19:HGNC:29668	clustered	endocervix	88.49666666666667	9.128583314695296	3	present_gold
13	14	ENSG00000272196	H2AC19	H2AC19:HGNC:29668	clustered	endometrium	62.09	0.466690475583124	2	present_gold
13	14	ENSG00000272196	H2AC19	H2AC19:HGNC:29668	clustered	esophagogastric junction muscularis propria	88.70545454545454	2.5089255215584365	11	present_gold
13	14	ENSG00000272196	H2AC19	H2AC19:HGNC:29668	clustered	esophagus	87.97749999999999	0.2208128921357003	4	present_gold
13	14	ENSG00000272196	H2AC19	H2AC19:HGNC:29668	clustered	esophagus mucosa	88.30545454545455	2.065780063977593	11	present_gold
13	14	ENSG00000272196	H2AC19	H2AC19:HGNC:29668	clustered	fallopian tube	80.95	0.0	1	present_gold
13	14	ENSG00000272196	H2AC19	H2AC19:HGNC:29668	clustered	frontal cortex	78.866	6.3116424169941725	5	present_gold
13	14	ENSG00000272196	H2AC19	H2AC19:HGNC:29668	clustered	fundus of stomach	87.52250000000001	3.307732103219164	4	present_gold
13	14	ENSG00000272196	H2AC19	H2AC19:HGNC:29668	clustered	gall bladder	65.97	0.0	1	present_gold
13	14	ENSG00000272196	H2AC19	H2AC19:HGNC:29668	clustered	ganglionic eminence	70.33	12.61478497636801	2	present_gold
13	14	ENSG00000272196	H2AC19	H2AC19:HGNC:29668	clustered	gastrocnemius	85.95363636363636	5.228120642692312	11	present_gold
13	14	ENSG00000272196	H2AC19	H2AC19:HGNC:29668	clustered	granulocyte	91.35	0.0	1	present_gold
13	14	ENSG00000272196	H2AC19	H2AC19:HGNC:29668	clustered	heart	85.498	11.796811998728018	10	present_gold
13	14	ENSG00000272196	H2AC19	H2AC19:HGNC:29668	clustered	heart left ventricle	88.57285714285715	4.05998944403976	14	present_gold
13	14	ENSG00000272196	H2AC19	H2AC19:HGNC:29668	clustered	hindlimb stylopod muscle	74.53999999999999	19.13430949890797	2	present_gold
13	14	ENSG00000272196	H2AC19	H2AC19:HGNC:29668	clustered	hypothalamus	85.76125	3.626211866397217	8	present_gold
13	14	ENSG00000272196	H2AC19	H2AC19:HGNC:29668	clustered	intestine	87.4125	5.016880670961452	4	present_gold
13	14	ENSG00000272196	H2AC19	H2AC19:HGNC:29668	clustered	islet of Langerhans	63.395555555555546	8.51507503066049	9	present_gold
13	14	ENSG00000272196	H2AC19	H2AC19:HGNC:29668	clustered	kidney	90.165	6.039616433737051	4	present_gold
13	14	ENSG00000272196	H2AC19	H2AC19:HGNC:29668	clustered	left adrenal gland	88.775	1.34555352391285	8	present_gold
13	14	ENSG00000272196	H2AC19	H2AC19:HGNC:29668	clustered	left adrenal gland cortex	87.56125	2.835723326721826	8	present_gold
13	14	ENSG00000272196	H2AC19	H2AC19:HGNC:29668	clustered	left coronary artery	89.26	3.711142007522751	9	present_gold
13	14	ENSG00000272196	H2AC19	H2AC19:HGNC:29668	clustered	left lobe of thyroid gland	82.36	3.160072783971916	11	present_gold
13	14	ENSG00000272196	H2AC19	H2AC19:HGNC:29668	clustered	left ovary	83.884	2.1980514097718475	5	present_gold
13	14	ENSG00000272196	H2AC19	H2AC19:HGNC:29668	clustered	left testis	98.34166666666664	0.282801461570955	6	present_gold
13	14	ENSG00000272196	H2AC19	H2AC19:HGNC:29668	clustered	left uterine tube	76.31	0.1697056274847778	2	present_gold
13	14	ENSG00000272196	H2AC19	H2AC19:HGNC:29668	clustered	leukocyte	81.85	0.0	1	present_gold
13	14	ENSG00000272196	H2AC19	H2AC19:HGNC:29668	clustered	liver	86.9809090909091	4.130131849095025	11	present_gold
13	14	ENSG00000272196	H2AC19	H2AC19:HGNC:29668	clustered	lower esophagus	86.87	0.7495331880577419	2	present_gold
13	14	ENSG00000272196	H2AC19	H2AC19:HGNC:29668	clustered	lower esophagus mucosa	84.89	0.0	1	present_gold
13	14	ENSG00000272196	H2AC19	H2AC19:HGNC:29668	clustered	lower esophagus muscularis layer	87.95181818181818	1.8940370544517784	11	present_gold
13	14	ENSG00000272196	H2AC19	H2AC19:HGNC:29668	clustered	lung	90.57	5.730267591192116	7	present_gold
13	14	ENSG00000272196	H2AC19	H2AC19:HGNC:29668	clustered	lymph node	67.18	20.47781238316241	2	present_gold
13	14	ENSG00000272196	H2AC19	H2AC19:HGNC:29668	clustered	male germ line stem cell (sensu Vertebrata) in testis	92.83	0.0	1	present_gold
13	14	ENSG00000272196	H2AC19	H2AC19:HGNC:29668	clustered	metanephros cortex	86.45	4.171930009000635	2	present_gold
13	14	ENSG00000272196	H2AC19	H2AC19:HGNC:29668	clustered	minor salivary gland	86.708	2.014639752743237	10	present_gold
13	14	ENSG00000272196	H2AC19	H2AC19:HGNC:29668	clustered	monocyte	98.1	0.0	1	present_gold
13	14	ENSG00000272196	H2AC19	H2AC19:HGNC:29668	clustered	mucosa of stomach	90.11	0.0	1	present_gold
13	14	ENSG00000272196	H2AC19	H2AC19:HGNC:29668	clustered	mucosa of transverse colon	85.35	0.0	1	present_gold
13	14	ENSG00000272196	H2AC19	H2AC19:HGNC:29668	clustered	muscle layer of sigmoid colon	88.83727272727273	1.7819376583320243	11	present_gold
13	14	ENSG00000272196	H2AC19	H2AC19:HGNC:29668	clustered	muscle of leg	72.27000000000001	7.749890321804556	2	present_gold
13	14	ENSG00000272196	H2AC19	H2AC19:HGNC:29668	clustered	muscle tissue	63.79	0.0	1	present_gold
13	14	ENSG00000272196	H2AC19	H2AC19:HGNC:29668	clustered	myometrium	79.17999999999999	9.73796522209166	7	present_gold
13	14	ENSG00000272196	H2AC19	H2AC19:HGNC:29668	clustered	nucleus accumbens	87.09777777777778	3.3060315250227776	9	present_gold
13	14	ENSG00000272196	H2AC19	H2AC19:HGNC:29668	clustered	olfactory segment of nasal mucosa	96.09	0.0	1	present_gold
13	14	ENSG00000272196	H2AC19	H2AC19:HGNC:29668	clustered	omental fat pad	87.84181818181818	2.7574184237500776	11	present_gold
13	14	ENSG00000272196	H2AC19	H2AC19:HGNC:29668	clustered	ovary	77.37	6.333887695036386	4	present_gold
13	14	ENSG00000272196	H2AC19	H2AC19:HGNC:29668	clustered	pancreas	71.33000000000001	0.6081118318204305	2	present_gold
13	14	ENSG00000272196	H2AC19	H2AC19:HGNC:29668	clustered	pituitary gland	86.366	3.601932197523372	10	present_gold
13	14	ENSG00000272196	H2AC19	H2AC19:HGNC:29668	clustered	placenta	81.94	0.0	1	present_gold
13	14	ENSG00000272196	H2AC19	H2AC19:HGNC:29668	clustered	popliteal artery	89.15	0.0	1	present_gold
13	14	ENSG00000272196	H2AC19	H2AC19:HGNC:29668	clustered	prefrontal cortex	75.37142857142858	12.217781343287369	7	present_gold
13	14	ENSG00000272196	H2AC19	H2AC19:HGNC:29668	clustered	primary visual cortex	63.475	2.382949852598664	2	present_gold
13	14	ENSG00000272196	H2AC19	H2AC19:HGNC:29668	clustered	primordial germ cell in gonad	92.14	0.0	1	present_gold
13	14	ENSG00000272196	H2AC19	H2AC19:HGNC:29668	clustered	prostate gland	92.78555555555556	3.183948457148417	9	present_gold
13	14	ENSG00000272196	H2AC19	H2AC19:HGNC:29668	clustered	putamen	87.315	4.279258947862016	8	present_gold
13	14	ENSG00000272196	H2AC19	H2AC19:HGNC:29668	clustered	rectum	59.49	0.0	1	present_gold
13	14	ENSG00000272196	H2AC19	H2AC19:HGNC:29668	clustered	right adrenal gland	88.536	3.3426232213637257	5	present_gold
13	14	ENSG00000272196	H2AC19	H2AC19:HGNC:29668	clustered	right adrenal gland cortex	92.04333333333334	0.4864497233356491	3	present_gold
13	14	ENSG00000272196	H2AC19	H2AC19:HGNC:29668	clustered	right atrium auricular region	89.875	2.7334115842457547	10	present_gold
13	14	ENSG00000272196	H2AC19	H2AC19:HGNC:29668	clustered	right coronary artery	85.88499999999999	5.140666299226198	2	present_gold
13	14	ENSG00000272196	H2AC19	H2AC19:HGNC:29668	clustered	right frontal lobe	81.02	3.010249159122881	9	present_gold
13	14	ENSG00000272196	H2AC19	H2AC19:HGNC:29668	clustered	right hemisphere of cerebellum	84.31888888888889	3.5033143037859324	9	present_gold
13	14	ENSG00000272196	H2AC19	H2AC19:HGNC:29668	clustered	right lobe of liver	82.85333333333332	9.801978116686444	9	present_gold
13	14	ENSG00000272196	H2AC19	H2AC19:HGNC:29668	clustered	right lobe of thyroid gland	83.495	3.179896673972736	8	present_gold
13	14	ENSG00000272196	H2AC19	H2AC19:HGNC:29668	clustered	right lung	89.62	12.529932162625622	2	present_gold
13	14	ENSG00000272196	H2AC19	H2AC19:HGNC:29668	clustered	right ovary	78.78	18.02881998357075	5	present_gold
13	14	ENSG00000272196	H2AC19	H2AC19:HGNC:29668	clustered	right testis	98.036	0.8398095022086852	5	present_gold
13	14	ENSG00000272196	H2AC19	H2AC19:HGNC:29668	clustered	right uterine tube	96.36	0.0	1	present_gold
13	14	ENSG00000272196	H2AC19	H2AC19:HGNC:29668	clustered	saliva-secreting gland	85.43	0.0	1	present_gold
13	14	ENSG00000272196	H2AC19	H2AC19:HGNC:29668	clustered	skeletal muscle tissue	67.02333333333333	6.865801725460274	3	present_gold
13	14	ENSG00000272196	H2AC19	H2AC19:HGNC:29668	clustered	skin of abdomen	91.095	2.7574958446629303	10	present_gold
13	14	ENSG00000272196	H2AC19	H2AC19:HGNC:29668	clustered	skin of leg	89.2375	2.69554556798636	12	present_gold
13	14	ENSG00000272196	H2AC19	H2AC19:HGNC:29668	clustered	small intestine	83.67	0.0848528137423889	2	present_gold
13	14	ENSG00000272196	H2AC19	H2AC19:HGNC:29668	clustered	small intestine Peyer's patch	87.62818181818182	2.592816299631808	11	present_gold
13	14	ENSG00000272196	H2AC19	H2AC19:HGNC:29668	clustered	smooth muscle tissue	53.04	0.0	1	present_gold
13	14	ENSG00000272196	H2AC19	H2AC19:HGNC:29668	clustered	spleen	91.1590909090909	1.696870381292893	11	present_gold
13	14	ENSG00000272196	H2AC19	H2AC19:HGNC:29668	clustered	stomach	89.63666666666667	10.578352967979068	12	present_gold
13	14	ENSG00000272196	H2AC19	H2AC19:HGNC:29668	clustered	stromal cell of endometrium	77.56	0.0	1	present_gold
13	14	ENSG00000272196	H2AC19	H2AC19:HGNC:29668	clustered	subcutaneous adipose tissue	82.64999999999999	3.18497609524353	12	present_gold
13	14	ENSG00000272196	H2AC19	H2AC19:HGNC:29668	clustered	substantia nigra	88.32222222222222	5.350677008047154	9	present_gold
13	14	ENSG00000272196	H2AC19	H2AC19:HGNC:29668	clustered	superior frontal gyrus	60.650000000000006	26.700352057604032	2	present_gold
13	14	ENSG00000272196	H2AC19	H2AC19:HGNC:29668	clustered	sural nerve	75.81	12.632580892280084	3	present_gold
13	14	ENSG00000272196	H2AC19	H2AC19:HGNC:29668	clustered	temporal lobe	88.79	0.0	1	present_gold
13	14	ENSG00000272196	H2AC19	H2AC19:HGNC:29668	clustered	testis	96.25	3.8101143589886393	8	present_gold
13	14	ENSG00000272196	H2AC19	H2AC19:HGNC:29668	clustered	thoracic aorta	87.08166666666666	1.284763272617432	6	present_gold
13	14	ENSG00000272196	H2AC19	H2AC19:HGNC:29668	clustered	thoracic mammary gland	82.94083333333333	4.798642721613788	12	present_gold
13	14	ENSG00000272196	H2AC19	H2AC19:HGNC:29668	clustered	thyroid gland	82.77461538461537	1.5075566069229116	13	present_gold
13	14	ENSG00000272196	H2AC19	H2AC19:HGNC:29668	clustered	tibial artery	89.47272727272728	1.7316298155731258	11	present_gold
13	14	ENSG00000272196	H2AC19	H2AC19:HGNC:29668	clustered	tibial nerve	83.16	3.855933090705802	11	present_gold
13	14	ENSG00000272196	H2AC19	H2AC19:HGNC:29668	clustered	tonsil	76.07666666666667	7.44449013252979	3	present_gold
13	14	ENSG00000272196	H2AC19	H2AC19:HGNC:29668	clustered	transverse colon	84.16	4.702833661149887	10	present_gold
13	14	ENSG00000272196	H2AC19	H2AC19:HGNC:29668	clustered	upper lobe of left lung	86.605	3.603026505592209	8	present_gold
13	14	ENSG00000272196	H2AC19	H2AC19:HGNC:29668	clustered	urinary bladder	82.35833333333333	10.239442204859923	6	present_gold
13	14	ENSG00000272196	H2AC19	H2AC19:HGNC:29668	clustered	uterine cervix	88.6	0.0	1	present_gold
13	14	ENSG00000272196	H2AC19	H2AC19:HGNC:29668	clustered	vagina	89.124	2.971099123220228	5	present_gold
13	14	ENSG00000272196	H2AC19	H2AC19:HGNC:29668	clustered	ventricular zone	50.58	0.0	1	present_gold
13	14	ENSG00000272196	H2AC19	H2AC19:HGNC:29668	clustered	vermiform appendix	62.61	0.0	1	present_gold
13	14	ENSG00000272196	H2AC19	H2AC19:HGNC:29668	clustered	zone of skin	90.175	0.0494974746830535	2	present_gold
14	15	ENSG00000184260	H2AC20	H2AC20:HGNC:4738	clustered	Ammon's horn	55.035	5.950750252819267	8	present_gold
14	15	ENSG00000184260	H2AC20	H2AC20:HGNC:4738	clustered	Brodmann (1909) area 9	52.06625	6.044870168758205	8	present_gold
14	15	ENSG00000184260	H2AC20	H2AC20:HGNC:4738	clustered	C1 segment of cervical spinal cord	63.68222222222222	5.758625655870021	9	present_gold
14	15	ENSG00000184260	H2AC20	H2AC20:HGNC:4738	clustered	adenohypophysis	67.59833333333334	4.338457867337965	6	present_gold
14	15	ENSG00000184260	H2AC20	H2AC20:HGNC:4738	clustered	adipose tissue	64.89999999999999	2.0788458336298064	3	present_gold
14	15	ENSG00000184260	H2AC20	H2AC20:HGNC:4738	clustered	adrenal gland	72.58333333333333	4.267251262034298	3	present_gold
14	15	ENSG00000184260	H2AC20	H2AC20:HGNC:4738	clustered	adrenal tissue	94.41	0.3616628264005087	3	present_gold
14	15	ENSG00000184260	H2AC20	H2AC20:HGNC:4738	clustered	adult mammalian kidney	66.4709090909091	13.426639530832318	11	present_gold
14	15	ENSG00000184260	H2AC20	H2AC20:HGNC:4738	clustered	amygdala	55.83428571428571	4.533761709452234	7	present_gold
14	15	ENSG00000184260	H2AC20	H2AC20:HGNC:4738	clustered	anterior cingulate cortex	52.69428571428572	5.447139485218693	7	present_gold
14	15	ENSG00000184260	H2AC20	H2AC20:HGNC:4738	clustered	apex of heart	55.56	0.0	1	present_gold
14	15	ENSG00000184260	H2AC20	H2AC20:HGNC:4738	clustered	ascending aorta	62.405	2.2874354878577687	10	present_gold
14	15	ENSG00000184260	H2AC20	H2AC20:HGNC:4738	clustered	blood	83.72625000000001	3.692018192443439	16	present_gold
14	15	ENSG00000184260	H2AC20	H2AC20:HGNC:4738	clustered	body of pancreas	59.760000000000005	3.644819763871886	10	present_gold
14	15	ENSG00000184260	H2AC20	H2AC20:HGNC:4738	clustered	body of stomach	61.36181818181819	2.6435234751438017	11	present_gold
14	15	ENSG00000184260	H2AC20	H2AC20:HGNC:4738	clustered	body of uterus	63.688	1.5039182158614897	5	present_gold
14	15	ENSG00000184260	H2AC20	H2AC20:HGNC:4738	clustered	bone marrow	83.8	0.0	1	present_gold
14	15	ENSG00000184260	H2AC20	H2AC20:HGNC:4738	clustered	bone marrow cell	99.21	0.0	1	present_gold
14	15	ENSG00000184260	H2AC20	H2AC20:HGNC:4738	clustered	brain	51.86333333333334	0.5870547958524253	3	present_gold
14	15	ENSG00000184260	H2AC20	H2AC20:HGNC:4738	clustered	calcaneal tendon	99.582	0.1269645619848314	5	present_gold
14	15	ENSG00000184260	H2AC20	H2AC20:HGNC:4738	clustered	caudate nucleus	53.43888888888889	5.401734546524026	9	present_gold
14	15	ENSG00000184260	H2AC20	H2AC20:HGNC:4738	clustered	cerebellar cortex	52.55	2.630437226013956	2	present_gold
14	15	ENSG00000184260	H2AC20	H2AC20:HGNC:4738	clustered	cerebellar hemisphere	51.833333333333336	2.37056955181661	9	present_gold
14	15	ENSG00000184260	H2AC20	H2AC20:HGNC:4738	clustered	cerebellum	56.04	9.006014656883476	3	present_gold
14	15	ENSG00000184260	H2AC20	H2AC20:HGNC:4738	clustered	cerebral cortex	48.25	0.0	1	present_gold
14	15	ENSG00000184260	H2AC20	H2AC20:HGNC:4738	clustered	colon	75.327	16.433204901458915	10	present_gold
14	15	ENSG00000184260	H2AC20	H2AC20:HGNC:4738	clustered	colonic epithelium	97.04	0.0	1	present_gold
14	15	ENSG00000184260	H2AC20	H2AC20:HGNC:4738	clustered	corpus callosum	97.0825	1.0597916461896313	4	present_gold
14	15	ENSG00000184260	H2AC20	H2AC20:HGNC:4738	clustered	cortex of kidney	62.19	1.5414927829866734	2	present_gold
14	15	ENSG00000184260	H2AC20	H2AC20:HGNC:4738	clustered	cortical plate	0.0	0.0	0	observed_zero
14	15	ENSG00000184260	H2AC20	H2AC20:HGNC:4738	clustered	descending thoracic aorta	61.15	1.9315278926280108	3	present_gold
14	15	ENSG00000184260	H2AC20	H2AC20:HGNC:4738	clustered	dorsolateral prefrontal cortex	50.6975	4.136875114659096	8	present_gold
14	15	ENSG00000184260	H2AC20	H2AC20:HGNC:4738	clustered	duodenum	41.72	0.0	1	present_gold
14	15	ENSG00000184260	H2AC20	H2AC20:HGNC:4738	clustered	ectocervix	73.144	3.678237349601031	5	present_gold
14	15	ENSG00000184260	H2AC20	H2AC20:HGNC:4738	clustered	endocervix	69.17333333333333	4.94057014253753	3	present_gold
14	15	ENSG00000184260	H2AC20	H2AC20:HGNC:4738	clustered	endometrium	52.605	0.19091883092037	2	present_gold
14	15	ENSG00000184260	H2AC20	H2AC20:HGNC:4738	clustered	esophagogastric junction muscularis propria	64.77454545454545	1.6362173672001163	11	present_gold
14	15	ENSG00000184260	H2AC20	H2AC20:HGNC:4738	clustered	esophagus	63.4125	0.2751211854195654	4	present_gold
14	15	ENSG00000184260	H2AC20	H2AC20:HGNC:4738	clustered	esophagus mucosa	63.3	1.3393804537919751	11	present_gold
14	15	ENSG00000184260	H2AC20	H2AC20:HGNC:4738	clustered	fallopian tube	54.78	0.0	1	present_gold
14	15	ENSG00000184260	H2AC20	H2AC20:HGNC:4738	clustered	frontal cortex	47.02	6.75194416446108	5	present_gold
14	15	ENSG00000184260	H2AC20	H2AC20:HGNC:4738	clustered	fundus of stomach	62.95	6.518026286128852	4	present_gold
14	15	ENSG00000184260	H2AC20	H2AC20:HGNC:4738	clustered	gall bladder	41.34	0.0	1	present_gold
14	15	ENSG00000184260	H2AC20	H2AC20:HGNC:4738	clustered	ganglionic eminence	65.775	0.4171930009000554	2	present_gold
14	15	ENSG00000184260	H2AC20	H2AC20:HGNC:4738	clustered	gastrocnemius	58.73090909090909	2.832156261739293	11	present_gold
14	15	ENSG00000184260	H2AC20	H2AC20:HGNC:4738	clustered	granulocyte	75.45	0.0	1	present_gold
14	15	ENSG00000184260	H2AC20	H2AC20:HGNC:4738	clustered	heart	72.94800000000001	17.88670940484396	10	present_gold
14	15	ENSG00000184260	H2AC20	H2AC20:HGNC:4738	clustered	heart left ventricle	64.06	3.024072648699992	14	present_gold
14	15	ENSG00000184260	H2AC20	H2AC20:HGNC:4738	clustered	hindlimb stylopod muscle	67.44500000000001	14.474475810888633	2	present_gold
14	15	ENSG00000184260	H2AC20	H2AC20:HGNC:4738	clustered	hypothalamus	52.8125	5.154043488923457	8	present_gold
14	15	ENSG00000184260	H2AC20	H2AC20:HGNC:4738	clustered	intestine	89.3475	16.192307587246482	4	present_gold
14	15	ENSG00000184260	H2AC20	H2AC20:HGNC:4738	clustered	islet of Langerhans	55.12	8.456343772576892	9	present_gold
14	15	ENSG00000184260	H2AC20	H2AC20:HGNC:4738	clustered	kidney	90.8075	14.775604612558729	4	present_gold
14	15	ENSG00000184260	H2AC20	H2AC20:HGNC:4738	clustered	left adrenal gland	69.74875	1.5116919329016745	8	present_gold
14	15	ENSG00000184260	H2AC20	H2AC20:HGNC:4738	clustered	left adrenal gland cortex	70.67125	2.688804500676304	8	present_gold
14	15	ENSG00000184260	H2AC20	H2AC20:HGNC:4738	clustered	left coronary artery	64.58777777777777	2.226324200210842	9	present_gold
14	15	ENSG00000184260	H2AC20	H2AC20:HGNC:4738	clustered	left lobe of thyroid gland	59.58818181818182	2.8066414740105943	11	present_gold
14	15	ENSG00000184260	H2AC20	H2AC20:HGNC:4738	clustered	left ovary	70.468	1.0746022519983838	5	present_gold
14	15	ENSG00000184260	H2AC20	H2AC20:HGNC:4738	clustered	left testis	47.04833333333334	1.3230633645697658	6	present_gold
14	15	ENSG00000184260	H2AC20	H2AC20:HGNC:4738	clustered	left uterine tube	67.56	8.51356564548603	2	present_gold
14	15	ENSG00000184260	H2AC20	H2AC20:HGNC:4738	clustered	leukocyte	66.59	0.0	1	present_gold
14	15	ENSG00000184260	H2AC20	H2AC20:HGNC:4738	clustered	liver	66.07636363636364	4.931120101411589	11	present_gold
14	15	ENSG00000184260	H2AC20	H2AC20:HGNC:4738	clustered	lower esophagus	62.585	0.4879036790187162	2	present_gold
14	15	ENSG00000184260	H2AC20	H2AC20:HGNC:4738	clustered	lower esophagus mucosa	69.74	0.0	1	present_gold
14	15	ENSG00000184260	H2AC20	H2AC20:HGNC:4738	clustered	lower esophagus muscularis layer	63.21272727272728	1.471129436243399	11	present_gold
14	15	ENSG00000184260	H2AC20	H2AC20:HGNC:4738	clustered	lung	78.79285714285713	14.439628012620586	7	present_gold
14	15	ENSG00000184260	H2AC20	H2AC20:HGNC:4738	clustered	lymph node	50.565	5.635641046056783	2	present_gold
14	15	ENSG00000184260	H2AC20	H2AC20:HGNC:4738	clustered	male germ line stem cell (sensu Vertebrata) in testis	0.0	0.0	0	observed_zero
14	15	ENSG00000184260	H2AC20	H2AC20:HGNC:4738	clustered	metanephros cortex	54.815	1.1525840533340743	2	present_gold
14	15	ENSG00000184260	H2AC20	H2AC20:HGNC:4738	clustered	minor salivary gland	58.24499999999999	2.20191961706144	10	present_gold
14	15	ENSG00000184260	H2AC20	H2AC20:HGNC:4738	clustered	monocyte	75.1	0.0	1	present_gold
14	15	ENSG00000184260	H2AC20	H2AC20:HGNC:4738	clustered	mucosa of stomach	69.95	0.0	1	present_gold
14	15	ENSG00000184260	H2AC20	H2AC20:HGNC:4738	clustered	mucosa of transverse colon	72.7	0.0	1	present_gold
14	15	ENSG00000184260	H2AC20	H2AC20:HGNC:4738	clustered	muscle layer of sigmoid colon	65.4890909090909	2.128339514952699	11	present_gold
14	15	ENSG00000184260	H2AC20	H2AC20:HGNC:4738	clustered	muscle of leg	54.205	5.536646096690666	2	present_gold
14	15	ENSG00000184260	H2AC20	H2AC20:HGNC:4738	clustered	muscle tissue	64.74	0.0	1	present_gold
14	15	ENSG00000184260	H2AC20	H2AC20:HGNC:4738	clustered	myometrium	63.34142857142857	2.712301781214796	7	present_gold
14	15	ENSG00000184260	H2AC20	H2AC20:HGNC:4738	clustered	nucleus accumbens	53.49222222222223	3.5232789336702317	9	present_gold
14	15	ENSG00000184260	H2AC20	H2AC20:HGNC:4738	clustered	olfactory segment of nasal mucosa	65.4	0.0	1	present_gold
14	15	ENSG00000184260	H2AC20	H2AC20:HGNC:4738	clustered	omental fat pad	68.49909090909091	2.2002520516770545	11	present_gold
14	15	ENSG00000184260	H2AC20	H2AC20:HGNC:4738	clustered	ovary	68.4475	0.890594370818353	4	present_gold
14	15	ENSG00000184260	H2AC20	H2AC20:HGNC:4738	clustered	pancreas	58.03	1.03237590053236	2	present_gold
14	15	ENSG00000184260	H2AC20	H2AC20:HGNC:4738	clustered	pituitary gland	65.47	2.068681813243507	10	present_gold
14	15	ENSG00000184260	H2AC20	H2AC20:HGNC:4738	clustered	placenta	59.84	0.0	1	present_gold
14	15	ENSG00000184260	H2AC20	H2AC20:HGNC:4738	clustered	popliteal artery	63.65	0.0	1	present_gold
14	15	ENSG00000184260	H2AC20	H2AC20:HGNC:4738	clustered	prefrontal cortex	44.974	4.354047542230102	5	present_gold
14	15	ENSG00000184260	H2AC20	H2AC20:HGNC:4738	clustered	primary visual cortex	61.18	1.4707821048680176	2	present_gold
14	15	ENSG00000184260	H2AC20	H2AC20:HGNC:4738	clustered	primordial germ cell in gonad	85.69	0.0	1	present_gold
14	15	ENSG00000184260	H2AC20	H2AC20:HGNC:4738	clustered	prostate gland	65.37	1.1700747839347725	9	present_gold
14	15	ENSG00000184260	H2AC20	H2AC20:HGNC:4738	clustered	putamen	53.58625	5.869494837109675	8	present_gold
14	15	ENSG00000184260	H2AC20	H2AC20:HGNC:4738	clustered	rectum	41.57	0.0	1	present_gold
14	15	ENSG00000184260	H2AC20	H2AC20:HGNC:4738	clustered	right adrenal gland	71.47200000000001	3.445674099505061	5	present_gold
14	15	ENSG00000184260	H2AC20	H2AC20:HGNC:4738	clustered	right adrenal gland cortex	69.75666666666666	1.7653989162037378	3	present_gold
14	15	ENSG00000184260	H2AC20	H2AC20:HGNC:4738	clustered	right atrium auricular region	64.56727272727272	2.163761035369161	11	present_gold
14	15	ENSG00000184260	H2AC20	H2AC20:HGNC:4738	clustered	right coronary artery	52.96	6.972072862499358	2	present_gold
14	15	ENSG00000184260	H2AC20	H2AC20:HGNC:4738	clustered	right frontal lobe	46.73625	7.12978047648433	8	present_gold
14	15	ENSG00000184260	H2AC20	H2AC20:HGNC:4738	clustered	right hemisphere of cerebellum	51.95625	2.848508068144746	8	present_gold
14	15	ENSG00000184260	H2AC20	H2AC20:HGNC:4738	clustered	right lobe of liver	66.19	3.477304990937666	9	present_gold
14	15	ENSG00000184260	H2AC20	H2AC20:HGNC:4738	clustered	right lobe of thyroid gland	58.31	2.072734563669109	8	present_gold
14	15	ENSG00000184260	H2AC20	H2AC20:HGNC:4738	clustered	right lung	69.775	6.851864709697644	2	present_gold
14	15	ENSG00000184260	H2AC20	H2AC20:HGNC:4738	clustered	right ovary	68.184	2.23776227513112	5	present_gold
14	15	ENSG00000184260	H2AC20	H2AC20:HGNC:4738	clustered	right testis	45.546	1.7999805554505293	5	present_gold
14	15	ENSG00000184260	H2AC20	H2AC20:HGNC:4738	clustered	right uterine tube	56.74	0.0	1	present_gold
14	15	ENSG00000184260	H2AC20	H2AC20:HGNC:4738	clustered	saliva-secreting gland	57.03	0.0	1	present_gold
14	15	ENSG00000184260	H2AC20	H2AC20:HGNC:4738	clustered	skeletal muscle tissue	56.27	14.009421829611671	3	present_gold
14	15	ENSG00000184260	H2AC20	H2AC20:HGNC:4738	clustered	skin of abdomen	66.564	5.65705302157306	10	present_gold
14	15	ENSG00000184260	H2AC20	H2AC20:HGNC:4738	clustered	skin of leg	59.9925	4.714093232001251	12	present_gold
14	15	ENSG00000184260	H2AC20	H2AC20:HGNC:4738	clustered	small intestine	62.505	1.3505739520663085	2	present_gold
14	15	ENSG00000184260	H2AC20	H2AC20:HGNC:4738	clustered	small intestine Peyer's patch	63.821000000000005	1.807290482708548	10	present_gold
14	15	ENSG00000184260	H2AC20	H2AC20:HGNC:4738	clustered	smooth muscle tissue	49.06	0.0	1	present_gold
14	15	ENSG00000184260	H2AC20	H2AC20:HGNC:4738	clustered	spleen	68.82090909090908	3.5150887742572148	11	present_gold
14	15	ENSG00000184260	H2AC20	H2AC20:HGNC:4738	clustered	stomach	80.34083333333334	16.927454009461204	12	present_gold
14	15	ENSG00000184260	H2AC20	H2AC20:HGNC:4738	clustered	stromal cell of endometrium	48.92	0.0	1	present_gold
14	15	ENSG00000184260	H2AC20	H2AC20:HGNC:4738	clustered	subcutaneous adipose tissue	63.93	2.987187792739337	12	present_gold
14	15	ENSG00000184260	H2AC20	H2AC20:HGNC:4738	clustered	substantia nigra	56.87875	4.612701215123303	8	present_gold
14	15	ENSG00000184260	H2AC20	H2AC20:HGNC:4738	clustered	superior frontal gyrus	47.94	16.41901945915163	2	present_gold
14	15	ENSG00000184260	H2AC20	H2AC20:HGNC:4738	clustered	sural nerve	95.11333333333334	3.5222483349890776	3	present_gold
14	15	ENSG00000184260	H2AC20	H2AC20:HGNC:4738	clustered	temporal lobe	0.0	0.0	0	observed_zero
14	15	ENSG00000184260	H2AC20	H2AC20:HGNC:4738	clustered	testis	47.2325	7.472832222696521	8	present_gold
14	15	ENSG00000184260	H2AC20	H2AC20:HGNC:4738	clustered	thoracic aorta	62.41333333333333	1.6647482292126523	6	present_gold
14	15	ENSG00000184260	H2AC20	H2AC20:HGNC:4738	clustered	thoracic mammary gland	65.89916666666666	4.246075103890509	12	present_gold
14	15	ENSG00000184260	H2AC20	H2AC20:HGNC:4738	clustered	thyroid gland	59.6576923076923	1.688713286529886	13	present_gold
14	15	ENSG00000184260	H2AC20	H2AC20:HGNC:4738	clustered	tibial artery	64.935	3.99959789645576	10	present_gold
14	15	ENSG00000184260	H2AC20	H2AC20:HGNC:4738	clustered	tibial nerve	65.54636363636364	4.648032428301836	11	present_gold
14	15	ENSG00000184260	H2AC20	H2AC20:HGNC:4738	clustered	tonsil	59.81666666666666	17.805651724475954	3	present_gold
14	15	ENSG00000184260	H2AC20	H2AC20:HGNC:4738	clustered	transverse colon	63.859	1.0078850243069477	10	present_gold
14	15	ENSG00000184260	H2AC20	H2AC20:HGNC:4738	clustered	upper lobe of left lung	63.37125	2.6906156358722084	8	present_gold
14	15	ENSG00000184260	H2AC20	H2AC20:HGNC:4738	clustered	urinary bladder	66.06833333333333	5.4136250947647495	6	present_gold
14	15	ENSG00000184260	H2AC20	H2AC20:HGNC:4738	clustered	uterine cervix	75.66	0.0	1	present_gold
14	15	ENSG00000184260	H2AC20	H2AC20:HGNC:4738	clustered	vagina	66.766	0.8677153911277565	5	present_gold
14	15	ENSG00000184260	H2AC20	H2AC20:HGNC:4738	clustered	ventricular zone	55.165	6.993286065934956	2	present_gold
14	15	ENSG00000184260	H2AC20	H2AC20:HGNC:4738	clustered	vermiform appendix	43.81	0.0	1	present_gold
14	15	ENSG00000184260	H2AC20	H2AC20:HGNC:4738	clustered	zone of skin	63.715	0.2757716446627489	2	present_gold
15	16	ENSG00000184270	H2AC21	H2AC21:HGNC:20508	clustered	Ammon's horn	44.63	0.0	1	present_gold
15	16	ENSG00000184270	H2AC21	H2AC21:HGNC:20508	clustered	Brodmann (1909) area 9	35.14	10.967346990042763	3	present_gold
15	16	ENSG00000184270	H2AC21	H2AC21:HGNC:20508	clustered	C1 segment of cervical spinal cord	43.75	11.719475244224888	7	present_gold
15	16	ENSG00000184270	H2AC21	H2AC21:HGNC:20508	clustered	adenohypophysis	41.25	0.0	1	present_gold
15	16	ENSG00000184270	H2AC21	H2AC21:HGNC:20508	clustered	adipose tissue	39.895	0.2050609665440982	2	present_gold
15	16	ENSG00000184270	H2AC21	H2AC21:HGNC:20508	clustered	adrenal gland	44.41	14.466723886215563	3	present_gold
15	16	ENSG00000184270	H2AC21	H2AC21:HGNC:20508	clustered	adrenal tissue	87.48	3.073694844970792	3	present_gold
15	16	ENSG00000184270	H2AC21	H2AC21:HGNC:20508	clustered	adult mammalian kidney	55.052	19.175994628701797	5	present_gold
15	16	ENSG00000184270	H2AC21	H2AC21:HGNC:20508	clustered	amygdala	29.64	0.0	1	present_gold
15	16	ENSG00000184270	H2AC21	H2AC21:HGNC:20508	clustered	anterior cingulate cortex	32.98	5.773482484601472	3	present_gold
15	16	ENSG00000184270	H2AC21	H2AC21:HGNC:20508	clustered	apex of heart	0.0	0.0	0	observed_zero
15	16	ENSG00000184270	H2AC21	H2AC21:HGNC:20508	clustered	ascending aorta	39.96142857142858	2.982417523706948	7	present_gold
15	16	ENSG00000184270	H2AC21	H2AC21:HGNC:20508	clustered	blood	57.580000000000005	5.130264543443573	15	present_gold
15	16	ENSG00000184270	H2AC21	H2AC21:HGNC:20508	clustered	body of pancreas	36.29	13.896200919675854	3	present_gold
15	16	ENSG00000184270	H2AC21	H2AC21:HGNC:20508	clustered	body of stomach	34.77	3.513228063842629	8	present_gold
15	16	ENSG00000184270	H2AC21	H2AC21:HGNC:20508	clustered	body of uterus	34.07	0.0	1	present_gold
15	16	ENSG00000184270	H2AC21	H2AC21:HGNC:20508	clustered	bone marrow	68.21	0.0	1	present_gold
15	16	ENSG00000184270	H2AC21	H2AC21:HGNC:20508	clustered	bone marrow cell	97.24	0.0	1	present_gold
15	16	ENSG00000184270	H2AC21	H2AC21:HGNC:20508	clustered	brain	30.16	0.6000833275471	3	present_gold
15	16	ENSG00000184270	H2AC21	H2AC21:HGNC:20508	clustered	calcaneal tendon	97.718	0.96227334993753	5	present_gold
15	16	ENSG00000184270	H2AC21	H2AC21:HGNC:20508	clustered	caudate nucleus	38.0375	7.899355986408008	4	present_gold
15	16	ENSG00000184270	H2AC21	H2AC21:HGNC:20508	clustered	cerebellar cortex	36.06	1.0465180361560882	2	present_gold
15	16	ENSG00000184270	H2AC21	H2AC21:HGNC:20508	clustered	cerebellar hemisphere	36.20333333333333	2.6950386515471974	3	present_gold
15	16	ENSG00000184270	H2AC21	H2AC21:HGNC:20508	clustered	cerebellum	34.765	1.5768481220460038	2	present_gold
15	16	ENSG00000184270	H2AC21	H2AC21:HGNC:20508	clustered	cerebral cortex	28.97	0.0	1	present_gold
15	16	ENSG00000184270	H2AC21	H2AC21:HGNC:20508	clustered	colon	58.90444444444445	28.552324384851364	9	present_gold
15	16	ENSG00000184270	H2AC21	H2AC21:HGNC:20508	clustered	colonic epithelium	86.13	0.0	1	present_gold
15	16	ENSG00000184270	H2AC21	H2AC21:HGNC:20508	clustered	corpus callosum	89.115	2.234942206560761	4	present_gold
15	16	ENSG00000184270	H2AC21	H2AC21:HGNC:20508	clustered	cortex of kidney	44.31	0.0	1	present_gold
15	16	ENSG00000184270	H2AC21	H2AC21:HGNC:20508	clustered	cortical plate	0.0	0.0	0	observed_zero
15	16	ENSG00000184270	H2AC21	H2AC21:HGNC:20508	clustered	descending thoracic aorta	48.535	3.754737008100564	2	present_gold
15	16	ENSG00000184270	H2AC21	H2AC21:HGNC:20508	clustered	dorsolateral prefrontal cortex	38.29	8.800460215238747	3	present_gold
15	16	ENSG00000184270	H2AC21	H2AC21:HGNC:20508	clustered	duodenum	0.0	0.0	0	observed_zero
15	16	ENSG00000184270	H2AC21	H2AC21:HGNC:20508	clustered	ectocervix	52.193333333333335	10.25078696165974	3	present_gold
15	16	ENSG00000184270	H2AC21	H2AC21:HGNC:20508	clustered	endocervix	50.185	11.165216074935586	2	present_gold
15	16	ENSG00000184270	H2AC21	H2AC21:HGNC:20508	clustered	endometrium	31.15	0.0	1	present_gold
15	16	ENSG00000184270	H2AC21	H2AC21:HGNC:20508	clustered	esophagogastric junction muscularis propria	37.02625	3.011999513849325	8	present_gold
15	16	ENSG00000184270	H2AC21	H2AC21:HGNC:20508	clustered	esophagus	34.58	1.6848936662788765	4	present_gold
15	16	ENSG00000184270	H2AC21	H2AC21:HGNC:20508	clustered	esophagus mucosa	35.809999999999995	3.64476336680449	7	present_gold
15	16	ENSG00000184270	H2AC21	H2AC21:HGNC:20508	clustered	fallopian tube	30.57	0.0	1	present_gold
15	16	ENSG00000184270	H2AC21	H2AC21:HGNC:20508	clustered	frontal cortex	37.56	9.248956697920043	2	present_gold
15	16	ENSG00000184270	H2AC21	H2AC21:HGNC:20508	clustered	fundus of stomach	53.89	0.0	1	present_gold
15	16	ENSG00000184270	H2AC21	H2AC21:HGNC:20508	clustered	gall bladder	0.0	0.0	0	observed_zero
15	16	ENSG00000184270	H2AC21	H2AC21:HGNC:20508	clustered	ganglionic eminence	45.71	1.0889444430272823	2	present_gold
15	16	ENSG00000184270	H2AC21	H2AC21:HGNC:20508	clustered	gastrocnemius	42.59222222222223	4.670384828303171	9	present_gold
15	16	ENSG00000184270	H2AC21	H2AC21:HGNC:20508	clustered	granulocyte	68.06	0.0	1	present_gold
15	16	ENSG00000184270	H2AC21	H2AC21:HGNC:20508	clustered	heart	67.00399999999999	31.983775261841743	5	present_gold
15	16	ENSG00000184270	H2AC21	H2AC21:HGNC:20508	clustered	heart left ventricle	31.7	0.0	1	present_gold
15	16	ENSG00000184270	H2AC21	H2AC21:HGNC:20508	clustered	hindlimb stylopod muscle	60.59	0.0	1	present_gold
15	16	ENSG00000184270	H2AC21	H2AC21:HGNC:20508	clustered	hypothalamus	36.696666666666665	7.733158043990395	3	present_gold
15	16	ENSG00000184270	H2AC21	H2AC21:HGNC:20508	clustered	intestine	81.23	26.95225531688706	4	present_gold
15	16	ENSG00000184270	H2AC21	H2AC21:HGNC:20508	clustered	islet of Langerhans	40.24857142857143	7.535350972961663	7	present_gold
15	16	ENSG00000184270	H2AC21	H2AC21:HGNC:20508	clustered	kidney	83.64	24.704732340181305	4	present_gold
15	16	ENSG00000184270	H2AC21	H2AC21:HGNC:20508	clustered	left adrenal gland	30.68	2.6250142856754133	3	present_gold
15	16	ENSG00000184270	H2AC21	H2AC21:HGNC:20508	clustered	left adrenal gland cortex	42.4975	7.345753308318122	4	present_gold
15	16	ENSG00000184270	H2AC21	H2AC21:HGNC:20508	clustered	left coronary artery	41.815	11.076842209462647	4	present_gold
15	16	ENSG00000184270	H2AC21	H2AC21:HGNC:20508	clustered	left lobe of thyroid gland	30.9825	3.4832779102448894	4	present_gold
15	16	ENSG00000184270	H2AC21	H2AC21:HGNC:20508	clustered	left ovary	43.518	3.3761768318617444	5	present_gold
15	16	ENSG00000184270	H2AC21	H2AC21:HGNC:20508	clustered	left testis	0.0	0.0	0	observed_zero
15	16	ENSG00000184270	H2AC21	H2AC21:HGNC:20508	clustered	left uterine tube	47.32	0.0	1	present_gold
15	16	ENSG00000184270	H2AC21	H2AC21:HGNC:20508	clustered	leukocyte	0.0	0.0	0	observed_zero
15	16	ENSG00000184270	H2AC21	H2AC21:HGNC:20508	clustered	liver	45.3125	7.045729709750235	8	present_gold
15	16	ENSG00000184270	H2AC21	H2AC21:HGNC:20508	clustered	lower esophagus	33.510000000000005	1.0889444430272823	2	present_gold
15	16	ENSG00000184270	H2AC21	H2AC21:HGNC:20508	clustered	lower esophagus mucosa	0.0	0.0	0	observed_zero
15	16	ENSG00000184270	H2AC21	H2AC21:HGNC:20508	clustered	lower esophagus muscularis layer	37.21909090909091	5.818000437513656	11	present_gold
15	16	ENSG00000184270	H2AC21	H2AC21:HGNC:20508	clustered	lung	63.71428571428572	23.98771828606107	7	present_gold
15	16	ENSG00000184270	H2AC21	H2AC21:HGNC:20508	clustered	lymph node	53.25	0.0	1	present_gold
15	16	ENSG00000184270	H2AC21	H2AC21:HGNC:20508	clustered	male germ line stem cell (sensu Vertebrata) in testis	0.0	0.0	0	observed_zero
15	16	ENSG00000184270	H2AC21	H2AC21:HGNC:20508	clustered	metanephros cortex	0.0	0.0	0	observed_zero
15	16	ENSG00000184270	H2AC21	H2AC21:HGNC:20508	clustered	minor salivary gland	34.775	0.0212132034355972	2	present_gold
15	16	ENSG00000184270	H2AC21	H2AC21:HGNC:20508	clustered	monocyte	51.23	0.0	1	present_gold
15	16	ENSG00000184270	H2AC21	H2AC21:HGNC:20508	clustered	mucosa of stomach	49.44	0.0	1	present_gold
15	16	ENSG00000184270	H2AC21	H2AC21:HGNC:20508	clustered	mucosa of transverse colon	0.0	0.0	0	observed_zero
15	16	ENSG00000184270	H2AC21	H2AC21:HGNC:20508	clustered	muscle layer of sigmoid colon	40.92888888888889	7.358416005575596	9	present_gold
15	16	ENSG00000184270	H2AC21	H2AC21:HGNC:20508	clustered	muscle of leg	42.08	6.123544725075499	2	present_gold
15	16	ENSG00000184270	H2AC21	H2AC21:HGNC:20508	clustered	muscle tissue	45.97	0.0	1	present_gold
15	16	ENSG00000184270	H2AC21	H2AC21:HGNC:20508	clustered	myometrium	35.25	1.9938154377975896	3	present_gold
15	16	ENSG00000184270	H2AC21	H2AC21:HGNC:20508	clustered	nucleus accumbens	39.8	0.0	1	present_gold
15	16	ENSG00000184270	H2AC21	H2AC21:HGNC:20508	clustered	olfactory segment of nasal mucosa	46.04	0.0	1	present_gold
15	16	ENSG00000184270	H2AC21	H2AC21:HGNC:20508	clustered	omental fat pad	40.743	4.228737794346362	10	present_gold
15	16	ENSG00000184270	H2AC21	H2AC21:HGNC:20508	clustered	ovary	43.875	5.082843692265186	4	present_gold
15	16	ENSG00000184270	H2AC21	H2AC21:HGNC:20508	clustered	pancreas	33.375	1.2940054095713809	2	present_gold
15	16	ENSG00000184270	H2AC21	H2AC21:HGNC:20508	clustered	pituitary gland	30.615	1.1950104602052662	2	present_gold
15	16	ENSG00000184270	H2AC21	H2AC21:HGNC:20508	clustered	placenta	36.91	0.0	1	present_gold
15	16	ENSG00000184270	H2AC21	H2AC21:HGNC:20508	clustered	popliteal artery	40.43	0.0	1	present_gold
15	16	ENSG00000184270	H2AC21	H2AC21:HGNC:20508	clustered	prefrontal cortex	34.7625	1.6287495203376092	4	present_gold
15	16	ENSG00000184270	H2AC21	H2AC21:HGNC:20508	clustered	primary visual cortex	53.3	0.0	1	present_gold
15	16	ENSG00000184270	H2AC21	H2AC21:HGNC:20508	clustered	prostate gland	34.84285714285714	3.064950865760136	7	present_gold
15	16	ENSG00000184270	H2AC21	H2AC21:HGNC:20508	clustered	putamen	36.42	9.609250751229252	3	present_gold
15	16	ENSG00000184270	H2AC21	H2AC21:HGNC:20508	clustered	rectum	38.43	0.0	1	present_gold
15	16	ENSG00000184270	H2AC21	H2AC21:HGNC:20508	clustered	right adrenal gland	46.38	1.0465180361560882	2	present_gold
15	16	ENSG00000184270	H2AC21	H2AC21:HGNC:20508	clustered	right adrenal gland cortex	45.79	0.0	1	present_gold
15	16	ENSG00000184270	H2AC21	H2AC21:HGNC:20508	clustered	right atrium auricular region	37.19199999999999	10.550818451665254	5	present_gold
15	16	ENSG00000184270	H2AC21	H2AC21:HGNC:20508	clustered	right coronary artery	51.86	0.0	1	present_gold
15	16	ENSG00000184270	H2AC21	H2AC21:HGNC:20508	clustered	right frontal lobe	28.835	3.669884194358182	2	present_gold
15	16	ENSG00000184270	H2AC21	H2AC21:HGNC:20508	clustered	right hemisphere of cerebellum	0.0	0.0	0	observed_zero
15	16	ENSG00000184270	H2AC21	H2AC21:HGNC:20508	clustered	right lobe of liver	40.12	11.957945754462454	4	present_gold
15	16	ENSG00000184270	H2AC21	H2AC21:HGNC:20508	clustered	right lobe of thyroid gland	35.605000000000004	1.421284630184959	2	present_gold
15	16	ENSG00000184270	H2AC21	H2AC21:HGNC:20508	clustered	right lung	0.0	0.0	0	observed_zero
15	16	ENSG00000184270	H2AC21	H2AC21:HGNC:20508	clustered	right ovary	42.056666666666665	5.835703328077372	3	present_gold
15	16	ENSG00000184270	H2AC21	H2AC21:HGNC:20508	clustered	right testis	0.0	0.0	0	observed_zero
15	16	ENSG00000184270	H2AC21	H2AC21:HGNC:20508	clustered	right uterine tube	0.0	0.0	0	observed_zero
15	16	ENSG00000184270	H2AC21	H2AC21:HGNC:20508	clustered	saliva-secreting gland	29.47	0.0	1	present_gold
15	16	ENSG00000184270	H2AC21	H2AC21:HGNC:20508	clustered	skeletal muscle tissue	47.91	8.117585848021562	2	present_gold
15	16	ENSG00000184270	H2AC21	H2AC21:HGNC:20508	clustered	skin of abdomen	49.602	5.547341305125868	10	present_gold
15	16	ENSG00000184270	H2AC21	H2AC21:HGNC:20508	clustered	skin of leg	45.764545454545456	2.547612072652992	11	present_gold
15	16	ENSG00000184270	H2AC21	H2AC21:HGNC:20508	clustered	small intestine	36.895	1.9304015126392728	2	present_gold
15	16	ENSG00000184270	H2AC21	H2AC21:HGNC:20508	clustered	small intestine Peyer's patch	38.53111111111111	5.375719590074533	9	present_gold
15	16	ENSG00000184270	H2AC21	H2AC21:HGNC:20508	clustered	smooth muscle tissue	0.0	0.0	0	observed_zero
15	16	ENSG00000184270	H2AC21	H2AC21:HGNC:20508	clustered	spleen	37.798	5.516141767576317	5	present_gold
15	16	ENSG00000184270	H2AC21	H2AC21:HGNC:20508	clustered	stomach	64.11749999999999	29.242042002133594	12	present_gold
15	16	ENSG00000184270	H2AC21	H2AC21:HGNC:20508	clustered	stromal cell of endometrium	0.0	0.0	0	observed_zero
15	16	ENSG00000184270	H2AC21	H2AC21:HGNC:20508	clustered	subcutaneous adipose tissue	40.051	5.073233573263593	10	present_gold
15	16	ENSG00000184270	H2AC21	H2AC21:HGNC:20508	clustered	substantia nigra	36.71	12.33194226389339	2	present_gold
15	16	ENSG00000184270	H2AC21	H2AC21:HGNC:20508	clustered	superior frontal gyrus	34.23	0.0	1	present_gold
15	16	ENSG00000184270	H2AC21	H2AC21:HGNC:20508	clustered	sural nerve	90.28	0.0	1	present_gold
15	16	ENSG00000184270	H2AC21	H2AC21:HGNC:20508	clustered	temporal lobe	0.0	0.0	0	observed_zero
15	16	ENSG00000184270	H2AC21	H2AC21:HGNC:20508	clustered	testis	0.0	0.0	0	observed_zero
15	16	ENSG00000184270	H2AC21	H2AC21:HGNC:20508	clustered	thoracic aorta	41.52	3.5429084097673207	4	present_gold
15	16	ENSG00000184270	H2AC21	H2AC21:HGNC:20508	clustered	thoracic mammary gland	44.3275	3.404898781797444	8	present_gold
15	16	ENSG00000184270	H2AC21	H2AC21:HGNC:20508	clustered	thyroid gland	33.52	10.34386170634546	9	present_gold
15	16	ENSG00000184270	H2AC21	H2AC21:HGNC:20508	clustered	tibial artery	42.76363636363636	6.61857427657539	11	present_gold
15	16	ENSG00000184270	H2AC21	H2AC21:HGNC:20508	clustered	tibial nerve	39.5775	6.917201643108908	8	present_gold
15	16	ENSG00000184270	H2AC21	H2AC21:HGNC:20508	clustered	tonsil	64.77	0.0	1	present_gold
15	16	ENSG00000184270	H2AC21	H2AC21:HGNC:20508	clustered	transverse colon	38.558	2.6907033363870574	10	present_gold
15	16	ENSG00000184270	H2AC21	H2AC21:HGNC:20508	clustered	upper lobe of left lung	38.22	1.9516147160748696	2	present_gold
15	16	ENSG00000184270	H2AC21	H2AC21:HGNC:20508	clustered	urinary bladder	47.3575	6.049878097945445	4	present_gold
15	16	ENSG00000184270	H2AC21	H2AC21:HGNC:20508	clustered	uterine cervix	53.21	0.0	1	present_gold
15	16	ENSG00000184270	H2AC21	H2AC21:HGNC:20508	clustered	vagina	38.31	3.557189902155914	5	present_gold
15	16	ENSG00000184270	H2AC21	H2AC21:HGNC:20508	clustered	ventricular zone	69.42	0.0	1	present_gold
15	16	ENSG00000184270	H2AC21	H2AC21:HGNC:20508	clustered	vermiform appendix	0.0	0.0	0	observed_zero
15	16	ENSG00000184270	H2AC21	H2AC21:HGNC:20508	clustered	zone of skin	47.370000000000005	0.3394112549695406	2	present_gold
16	17	ENSG00000181218	H2AC25	H2AC25:HGNC:20507	clustered	Ammon's horn	82.97125	2.158150249635087	8	present_gold
16	17	ENSG00000181218	H2AC25	H2AC25:HGNC:20507	clustered	Brodmann (1909) area 9	83.3725	1.2513963629253742	8	present_gold
16	17	ENSG00000181218	H2AC25	H2AC25:HGNC:20507	clustered	C1 segment of cervical spinal cord	81.20666666666666	3.1630286119477296	9	present_gold
16	17	ENSG00000181218	H2AC25	H2AC25:HGNC:20507	clustered	adenohypophysis	76.87	6.028024552040244	6	present_gold
16	17	ENSG00000181218	H2AC25	H2AC25:HGNC:20507	clustered	adipose tissue	64.93666666666667	5.657352148605682	3	present_gold
16	17	ENSG00000181218	H2AC25	H2AC25:HGNC:20507	clustered	adrenal gland	77.53333333333335	17.018067849592484	3	present_gold
16	17	ENSG00000181218	H2AC25	H2AC25:HGNC:20507	clustered	adrenal tissue	68.45333333333333	10.75654839311074	3	present_gold
16	17	ENSG00000181218	H2AC25	H2AC25:HGNC:20507	clustered	adult mammalian kidney	63.73181818181818	4.362276511597627	11	present_gold
16	17	ENSG00000181218	H2AC25	H2AC25:HGNC:20507	clustered	amygdala	80.12125	3.023609184401978	8	present_gold
16	17	ENSG00000181218	H2AC25	H2AC25:HGNC:20507	clustered	anterior cingulate cortex	82.75777777777779	1.4977214175020803	9	present_gold
16	17	ENSG00000181218	H2AC25	H2AC25:HGNC:20507	clustered	apex of heart	89.81	0.0	1	present_gold
16	17	ENSG00000181218	H2AC25	H2AC25:HGNC:20507	clustered	ascending aorta	67.44300000000001	1.4889970524558565	10	present_gold
16	17	ENSG00000181218	H2AC25	H2AC25:HGNC:20507	clustered	blood	81.006875	2.594549977035196	16	present_gold
16	17	ENSG00000181218	H2AC25	H2AC25:HGNC:20507	clustered	body of pancreas	65.702	3.258594789169098	10	present_gold
16	17	ENSG00000181218	H2AC25	H2AC25:HGNC:20507	clustered	body of stomach	73.79272727272728	2.196679725900391	11	present_gold
16	17	ENSG00000181218	H2AC25	H2AC25:HGNC:20507	clustered	body of uterus	74.07000000000001	3.598805357337348	5	present_gold
16	17	ENSG00000181218	H2AC25	H2AC25:HGNC:20507	clustered	bone marrow	78.26	0.0	1	present_gold
16	17	ENSG00000181218	H2AC25	H2AC25:HGNC:20507	clustered	bone marrow cell	76.9	0.0	1	present_gold
16	17	ENSG00000181218	H2AC25	H2AC25:HGNC:20507	clustered	brain	81.9825	4.049562733596475	4	present_gold
16	17	ENSG00000181218	H2AC25	H2AC25:HGNC:20507	clustered	calcaneal tendon	73.506	3.827490039177112	5	present_gold
16	17	ENSG00000181218	H2AC25	H2AC25:HGNC:20507	clustered	caudate nucleus	83.61444444444444	1.3080434923112385	9	present_gold
16	17	ENSG00000181218	H2AC25	H2AC25:HGNC:20507	clustered	cerebellar cortex	94.02	0.3535533905932738	2	present_gold
16	17	ENSG00000181218	H2AC25	H2AC25:HGNC:20507	clustered	cerebellar hemisphere	94.088	0.542008610017712	10	present_gold
16	17	ENSG00000181218	H2AC25	H2AC25:HGNC:20507	clustered	cerebellum	95.21999999999998	1.6992939710362134	3	present_gold
16	17	ENSG00000181218	H2AC25	H2AC25:HGNC:20507	clustered	cerebral cortex	83.08	0.0	1	present_gold
16	17	ENSG00000181218	H2AC25	H2AC25:HGNC:20507	clustered	colon	72.10499999999999	2.2596226331944123	10	present_gold
16	17	ENSG00000181218	H2AC25	H2AC25:HGNC:20507	clustered	colonic epithelium	0.0	0.0	0	observed_zero
16	17	ENSG00000181218	H2AC25	H2AC25:HGNC:20507	clustered	corpus callosum	75.555	3.76047426087012	4	present_gold
16	17	ENSG00000181218	H2AC25	H2AC25:HGNC:20507	clustered	cortex of kidney	71.345	5.7346359954229005	2	present_gold
16	17	ENSG00000181218	H2AC25	H2AC25:HGNC:20507	clustered	cortical plate	91.54	0.2121320343559622	2	present_gold
16	17	ENSG00000181218	H2AC25	H2AC25:HGNC:20507	clustered	descending thoracic aorta	66.7	1.5258767971235463	3	present_gold
16	17	ENSG00000181218	H2AC25	H2AC25:HGNC:20507	clustered	dorsolateral prefrontal cortex	83.06727272727272	2.2075601505240607	11	present_gold
16	17	ENSG00000181218	H2AC25	H2AC25:HGNC:20507	clustered	duodenum	75.71	0.0	1	present_gold
16	17	ENSG00000181218	H2AC25	H2AC25:HGNC:20507	clustered	ectocervix	82.194	10.351612434785215	5	present_gold
16	17	ENSG00000181218	H2AC25	H2AC25:HGNC:20507	clustered	endocervix	77.96333333333332	5.040082671279643	3	present_gold
16	17	ENSG00000181218	H2AC25	H2AC25:HGNC:20507	clustered	endometrium	67.07	0.848528137423859	2	present_gold
16	17	ENSG00000181218	H2AC25	H2AC25:HGNC:20507	clustered	esophagogastric junction muscularis propria	72.30727272727273	1.4699938156950951	11	present_gold
16	17	ENSG00000181218	H2AC25	H2AC25:HGNC:20507	clustered	esophagus	76.0475	0.2296918225216802	4	present_gold
16	17	ENSG00000181218	H2AC25	H2AC25:HGNC:20507	clustered	esophagus mucosa	81.64454545454545	1.6224016989411958	11	present_gold
16	17	ENSG00000181218	H2AC25	H2AC25:HGNC:20507	clustered	fallopian tube	70.92	0.0	1	present_gold
16	17	ENSG00000181218	H2AC25	H2AC25:HGNC:20507	clustered	frontal cortex	82.81800000000001	1.433185263669703	5	present_gold
16	17	ENSG00000181218	H2AC25	H2AC25:HGNC:20507	clustered	fundus of stomach	70.515	4.738878207621152	4	present_gold
16	17	ENSG00000181218	H2AC25	H2AC25:HGNC:20507	clustered	gall bladder	67.23	0.0	1	present_gold
16	17	ENSG00000181218	H2AC25	H2AC25:HGNC:20507	clustered	ganglionic eminence	91.76	1.6263455967290572	2	present_gold
16	17	ENSG00000181218	H2AC25	H2AC25:HGNC:20507	clustered	gastrocnemius	60.31727272727273	1.7294686519800873	11	present_gold
16	17	ENSG00000181218	H2AC25	H2AC25:HGNC:20507	clustered	granulocyte	79.33	0.0	1	present_gold
16	17	ENSG00000181218	H2AC25	H2AC25:HGNC:20507	clustered	heart	77.623	5.574395931399204	10	present_gold
16	17	ENSG00000181218	H2AC25	H2AC25:HGNC:20507	clustered	heart left ventricle	82.88357142857144	3.223107929510693	14	present_gold
16	17	ENSG00000181218	H2AC25	H2AC25:HGNC:20507	clustered	hindlimb stylopod muscle	64.64	5.642712113868647	2	present_gold
16	17	ENSG00000181218	H2AC25	H2AC25:HGNC:20507	clustered	hypothalamus	81.35125	2.7568171994944786	8	present_gold
16	17	ENSG00000181218	H2AC25	H2AC25:HGNC:20507	clustered	intestine	67.3975	5.535957460096671	4	present_gold
16	17	ENSG00000181218	H2AC25	H2AC25:HGNC:20507	clustered	islet of Langerhans	70.321	2.589467770282793	10	present_gold
16	17	ENSG00000181218	H2AC25	H2AC25:HGNC:20507	clustered	kidney	66.07	5.635707586452656	4	present_gold
16	17	ENSG00000181218	H2AC25	H2AC25:HGNC:20507	clustered	left adrenal gland	89.3225	1.3011176514278584	8	present_gold
16	17	ENSG00000181218	H2AC25	H2AC25:HGNC:20507	clustered	left adrenal gland cortex	90.0725	1.0495134927329766	8	present_gold
16	17	ENSG00000181218	H2AC25	H2AC25:HGNC:20507	clustered	left coronary artery	71.22666666666666	0.8411004696229808	9	present_gold
16	17	ENSG00000181218	H2AC25	H2AC25:HGNC:20507	clustered	left lobe of thyroid gland	60.18181818181818	1.636751772150059	11	present_gold
16	17	ENSG00000181218	H2AC25	H2AC25:HGNC:20507	clustered	left ovary	77.384	5.40771023631999	5	present_gold
16	17	ENSG00000181218	H2AC25	H2AC25:HGNC:20507	clustered	left testis	66.67666666666666	1.8209631151307453	6	present_gold
16	17	ENSG00000181218	H2AC25	H2AC25:HGNC:20507	clustered	left uterine tube	69.17500000000001	5.89019948728394	2	present_gold
16	17	ENSG00000181218	H2AC25	H2AC25:HGNC:20507	clustered	leukocyte	77.47	0.0	1	present_gold
16	17	ENSG00000181218	H2AC25	H2AC25:HGNC:20507	clustered	liver	53.722	4.950162286901982	10	present_gold
16	17	ENSG00000181218	H2AC25	H2AC25:HGNC:20507	clustered	lower esophagus	70.31	0.8343860018001309	2	present_gold
16	17	ENSG00000181218	H2AC25	H2AC25:HGNC:20507	clustered	lower esophagus mucosa	81.65	0.0	1	present_gold
16	17	ENSG00000181218	H2AC25	H2AC25:HGNC:20507	clustered	lower esophagus muscularis layer	69.27636363636363	2.525534686862458	11	present_gold
16	17	ENSG00000181218	H2AC25	H2AC25:HGNC:20507	clustered	lung	67.73857142857143	4.330301870044892	7	present_gold
16	17	ENSG00000181218	H2AC25	H2AC25:HGNC:20507	clustered	lymph node	74.685	7.785245660863882	2	present_gold
16	17	ENSG00000181218	H2AC25	H2AC25:HGNC:20507	clustered	male germ line stem cell (sensu Vertebrata) in testis	92.27	0.0	1	present_gold
16	17	ENSG00000181218	H2AC25	H2AC25:HGNC:20507	clustered	metanephros cortex	61.645	6.498311319104371	2	present_gold
16	17	ENSG00000181218	H2AC25	H2AC25:HGNC:20507	clustered	minor salivary gland	76.551	3.7145523133870215	10	present_gold
16	17	ENSG00000181218	H2AC25	H2AC25:HGNC:20507	clustered	monocyte	75.67	0.0	1	present_gold
16	17	ENSG00000181218	H2AC25	H2AC25:HGNC:20507	clustered	mucosa of stomach	78.28	0.0	1	present_gold
16	17	ENSG00000181218	H2AC25	H2AC25:HGNC:20507	clustered	mucosa of transverse colon	76.51	0.0	1	present_gold
16	17	ENSG00000181218	H2AC25	H2AC25:HGNC:20507	clustered	muscle layer of sigmoid colon	70.88909090909091	2.783596431041881	11	present_gold
16	17	ENSG00000181218	H2AC25	H2AC25:HGNC:20507	clustered	muscle of leg	55.075	0.5868986283848383	2	present_gold
16	17	ENSG00000181218	H2AC25	H2AC25:HGNC:20507	clustered	muscle tissue	52.13	0.0	1	present_gold
16	17	ENSG00000181218	H2AC25	H2AC25:HGNC:20507	clustered	myometrium	72.36428571428571	2.7770599389933803	7	present_gold
16	17	ENSG00000181218	H2AC25	H2AC25:HGNC:20507	clustered	nucleus accumbens	85.35333333333334	1.874726646740798	9	present_gold
16	17	ENSG00000181218	H2AC25	H2AC25:HGNC:20507	clustered	olfactory segment of nasal mucosa	82.49	0.0	1	present_gold
16	17	ENSG00000181218	H2AC25	H2AC25:HGNC:20507	clustered	omental fat pad	72.72090909090909	1.442313797656075	11	present_gold
16	17	ENSG00000181218	H2AC25	H2AC25:HGNC:20507	clustered	ovary	77.035	2.597864507629293	4	present_gold
16	17	ENSG00000181218	H2AC25	H2AC25:HGNC:20507	clustered	pancreas	67.335	0.3323401871576765	2	present_gold
16	17	ENSG00000181218	H2AC25	H2AC25:HGNC:20507	clustered	pituitary gland	80.308	3.1818226782075025	10	present_gold
16	17	ENSG00000181218	H2AC25	H2AC25:HGNC:20507	clustered	placenta	71.82	0.0	1	present_gold
16	17	ENSG00000181218	H2AC25	H2AC25:HGNC:20507	clustered	popliteal artery	67.8	0.0	1	present_gold
16	17	ENSG00000181218	H2AC25	H2AC25:HGNC:20507	clustered	prefrontal cortex	84.11285714285714	2.5823420525156013	7	present_gold
16	17	ENSG00000181218	H2AC25	H2AC25:HGNC:20507	clustered	primary visual cortex	81.9	0.2969848480983512	2	present_gold
16	17	ENSG00000181218	H2AC25	H2AC25:HGNC:20507	clustered	primordial germ cell in gonad	87.57	0.0	1	present_gold
16	17	ENSG00000181218	H2AC25	H2AC25:HGNC:20507	clustered	prostate gland	76.13555555555556	1.5077724555707264	9	present_gold
16	17	ENSG00000181218	H2AC25	H2AC25:HGNC:20507	clustered	putamen	84.64375	2.4380140483598565	8	present_gold
16	17	ENSG00000181218	H2AC25	H2AC25:HGNC:20507	clustered	rectum	65.8	0.0	1	present_gold
16	17	ENSG00000181218	H2AC25	H2AC25:HGNC:20507	clustered	right adrenal gland	90.36	2.8918851982746454	5	present_gold
16	17	ENSG00000181218	H2AC25	H2AC25:HGNC:20507	clustered	right adrenal gland cortex	88.76333333333334	2.224911983277845	3	present_gold
16	17	ENSG00000181218	H2AC25	H2AC25:HGNC:20507	clustered	right atrium auricular region	78.41090909090909	1.1904071114157078	11	present_gold
16	17	ENSG00000181218	H2AC25	H2AC25:HGNC:20507	clustered	right coronary artery	69.66999999999999	3.832518754031089	2	present_gold
16	17	ENSG00000181218	H2AC25	H2AC25:HGNC:20507	clustered	right frontal lobe	82.72111111111111	0.7003828318220776	9	present_gold
16	17	ENSG00000181218	H2AC25	H2AC25:HGNC:20507	clustered	right hemisphere of cerebellum	93.55222222222224	0.9816411994432848	9	present_gold
16	17	ENSG00000181218	H2AC25	H2AC25:HGNC:20507	clustered	right lobe of liver	56.77375	2.635623740217864	8	present_gold
16	17	ENSG00000181218	H2AC25	H2AC25:HGNC:20507	clustered	right lobe of thyroid gland	59.1375	4.12979331893775	8	present_gold
16	17	ENSG00000181218	H2AC25	H2AC25:HGNC:20507	clustered	right lung	65.35	2.8708535316173798	2	present_gold
16	17	ENSG00000181218	H2AC25	H2AC25:HGNC:20507	clustered	right ovary	80.92	1.9300906714452568	5	present_gold
16	17	ENSG00000181218	H2AC25	H2AC25:HGNC:20507	clustered	right testis	67.02799999999999	2.369603342333905	5	present_gold
16	17	ENSG00000181218	H2AC25	H2AC25:HGNC:20507	clustered	right uterine tube	75.31	0.0	1	present_gold
16	17	ENSG00000181218	H2AC25	H2AC25:HGNC:20507	clustered	saliva-secreting gland	76.51	0.0	1	present_gold
16	17	ENSG00000181218	H2AC25	H2AC25:HGNC:20507	clustered	skeletal muscle tissue	48.925	1.2374368670764582	2	present_gold
16	17	ENSG00000181218	H2AC25	H2AC25:HGNC:20507	clustered	skin of abdomen	82.726	0.6601548639860529	10	present_gold
16	17	ENSG00000181218	H2AC25	H2AC25:HGNC:20507	clustered	skin of leg	81.7625	2.035539352246832	12	present_gold
16	17	ENSG00000181218	H2AC25	H2AC25:HGNC:20507	clustered	small intestine	70.11500000000001	0.3040559159102102	2	present_gold
16	17	ENSG00000181218	H2AC25	H2AC25:HGNC:20507	clustered	small intestine Peyer's patch	70.89636363636363	2.343118745293429	11	present_gold
16	17	ENSG00000181218	H2AC25	H2AC25:HGNC:20507	clustered	smooth muscle tissue	60.84	0.0	1	present_gold
16	17	ENSG00000181218	H2AC25	H2AC25:HGNC:20507	clustered	spleen	79.5390909090909	1.2605669720046988	11	present_gold
16	17	ENSG00000181218	H2AC25	H2AC25:HGNC:20507	clustered	stomach	70.94833333333334	4.124846737281349	12	present_gold
16	17	ENSG00000181218	H2AC25	H2AC25:HGNC:20507	clustered	stromal cell of endometrium	73.74	0.0	1	present_gold
16	17	ENSG00000181218	H2AC25	H2AC25:HGNC:20507	clustered	subcutaneous adipose tissue	65.52	3.2726358573091283	12	present_gold
16	17	ENSG00000181218	H2AC25	H2AC25:HGNC:20507	clustered	substantia nigra	77.14444444444445	1.98210816500457	9	present_gold
16	17	ENSG00000181218	H2AC25	H2AC25:HGNC:20507	clustered	superior frontal gyrus	78.625	0.1626345596728987	2	present_gold
16	17	ENSG00000181218	H2AC25	H2AC25:HGNC:20507	clustered	sural nerve	0.0	0.0	0	observed_zero
16	17	ENSG00000181218	H2AC25	H2AC25:HGNC:20507	clustered	temporal lobe	90.06	0.0	1	present_gold
16	17	ENSG00000181218	H2AC25	H2AC25:HGNC:20507	clustered	testis	65.33375	2.7398171862892067	8	present_gold
16	17	ENSG00000181218	H2AC25	H2AC25:HGNC:20507	clustered	thoracic aorta	67.15333333333334	1.42645948651431	6	present_gold
16	17	ENSG00000181218	H2AC25	H2AC25:HGNC:20507	clustered	thoracic mammary gland	72.41166666666666	4.815720154458791	12	present_gold
16	17	ENSG00000181218	H2AC25	H2AC25:HGNC:20507	clustered	thyroid gland	59.91692307692308	1.493303857309828	13	present_gold
16	17	ENSG00000181218	H2AC25	H2AC25:HGNC:20507	clustered	tibial artery	70.47090909090909	2.687312615031805	11	present_gold
16	17	ENSG00000181218	H2AC25	H2AC25:HGNC:20507	clustered	tibial nerve	73.72545454545455	3.323008768078604	11	present_gold
16	17	ENSG00000181218	H2AC25	H2AC25:HGNC:20507	clustered	tonsil	66.62666666666667	1.3465635274034926	3	present_gold
16	17	ENSG00000181218	H2AC25	H2AC25:HGNC:20507	clustered	transverse colon	72.975	2.0495162030749263	10	present_gold
16	17	ENSG00000181218	H2AC25	H2AC25:HGNC:20507	clustered	upper lobe of left lung	67.32000000000001	2.0483442790981896	8	present_gold
16	17	ENSG00000181218	H2AC25	H2AC25:HGNC:20507	clustered	urinary bladder	69.31833333333334	1.9023082470164152	6	present_gold
16	17	ENSG00000181218	H2AC25	H2AC25:HGNC:20507	clustered	uterine cervix	76.69	0.0	1	present_gold
16	17	ENSG00000181218	H2AC25	H2AC25:HGNC:20507	clustered	vagina	83.386	1.8676536081404391	5	present_gold
16	17	ENSG00000181218	H2AC25	H2AC25:HGNC:20507	clustered	ventricular zone	85.96000000000001	0.098994949366117	2	present_gold
16	17	ENSG00000181218	H2AC25	H2AC25:HGNC:20507	clustered	vermiform appendix	64.69	0.0	1	present_gold
16	17	ENSG00000181218	H2AC25	H2AC25:HGNC:20507	clustered	zone of skin	81.97	0.0565685424949225	2	present_gold
17	2	ENSG00000278463	H2AC4	H2AC4:HGNC:4734	clustered	Ammon's horn	38.2	0.0	1	present_gold
17	2	ENSG00000278463	H2AC4	H2AC4:HGNC:4734	clustered	Brodmann (1909) area 23	0.0	0.0	0	observed_zero
17	2	ENSG00000278463	H2AC4	H2AC4:HGNC:4734	clustered	Brodmann (1909) area 46	0.0	0.0	0	observed_zero
17	2	ENSG00000278463	H2AC4	H2AC4:HGNC:4734	clustered	Brodmann (1909) area 9	0.0	0.0	0	observed_zero
17	2	ENSG00000278463	H2AC4	H2AC4:HGNC:4734	clustered	C1 segment of cervical spinal cord	40.845	19.640051765037008	4	present_gold
17	2	ENSG00000278463	H2AC4	H2AC4:HGNC:4734	clustered	adenohypophysis	0.0	0.0	0	observed_zero
17	2	ENSG00000278463	H2AC4	H2AC4:HGNC:4734	clustered	adipose tissue	30.45	1.8593367993274743	7	present_gold
17	2	ENSG00000278463	H2AC4	H2AC4:HGNC:4734	clustered	adipose tissue of abdominal region	31.29	0.5105389309347516	5	present_gold
17	2	ENSG00000278463	H2AC4	H2AC4:HGNC:4734	clustered	adrenal cortex	0.0	0.0	0	observed_zero
17	2	ENSG00000278463	H2AC4	H2AC4:HGNC:4734	clustered	adrenal gland	33.97	0.0	1	present_gold
17	2	ENSG00000278463	H2AC4	H2AC4:HGNC:4734	clustered	adrenal tissue	86.81	3.408944118051807	3	present_gold
17	2	ENSG00000278463	H2AC4	H2AC4:HGNC:4734	clustered	adult mammalian kidney	46.385	23.015111702241786	4	present_gold
17	2	ENSG00000278463	H2AC4	H2AC4:HGNC:4734	clustered	adult organism	0.0	0.0	0	observed_zero
17	2	ENSG00000278463	H2AC4	H2AC4:HGNC:4734	clustered	amniotic fluid	0.0	0.0	0	observed_zero
17	2	ENSG00000278463	H2AC4	H2AC4:HGNC:4734	clustered	amygdala	25.64	0.0	1	present_gold
17	2	ENSG00000278463	H2AC4	H2AC4:HGNC:4734	clustered	anterior cingulate cortex	0.0	0.0	0	observed_zero
17	2	ENSG00000278463	H2AC4	H2AC4:HGNC:4734	clustered	aorta	0.0	0.0	0	observed_zero
17	2	ENSG00000278463	H2AC4	H2AC4:HGNC:4734	clustered	apex of heart	0.0	0.0	0	observed_zero
17	2	ENSG00000278463	H2AC4	H2AC4:HGNC:4734	clustered	ascending aorta	26.6	0.0	1	present_gold
17	2	ENSG00000278463	H2AC4	H2AC4:HGNC:4734	clustered	biceps brachii	0.0	0.0	0	observed_zero
17	2	ENSG00000278463	H2AC4	H2AC4:HGNC:4734	clustered	blood	45.19823529411765	3.234020785520166	17	present_gold
17	2	ENSG00000278463	H2AC4	H2AC4:HGNC:4734	clustered	blood vessel layer	0.0	0.0	0	observed_zero
17	2	ENSG00000278463	H2AC4	H2AC4:HGNC:4734	clustered	body of pancreas	0.0	0.0	0	observed_zero
17	2	ENSG00000278463	H2AC4	H2AC4:HGNC:4734	clustered	body of stomach	25.425	0.4313351365237935	2	present_gold
17	2	ENSG00000278463	H2AC4	H2AC4:HGNC:4734	clustered	body of tongue	0.0	0.0	0	observed_zero
17	2	ENSG00000278463	H2AC4	H2AC4:HGNC:4734	clustered	body of uterus	0.0	0.0	0	observed_zero
17	2	ENSG00000278463	H2AC4	H2AC4:HGNC:4734	clustered	bone marrow	57.81	3.563818177180199	2	present_gold
17	2	ENSG00000278463	H2AC4	H2AC4:HGNC:4734	clustered	bone marrow cell	93.17	0.0	1	present_gold
17	2	ENSG00000278463	H2AC4	H2AC4:HGNC:4734	clustered	brain	36.35	8.528516869890097	3	present_gold
17	2	ENSG00000278463	H2AC4	H2AC4:HGNC:4734	clustered	bronchial epithelial cell	0.0	0.0	0	observed_zero
17	2	ENSG00000278463	H2AC4	H2AC4:HGNC:4734	clustered	bronchus	0.0	0.0	0	observed_zero
17	2	ENSG00000278463	H2AC4	H2AC4:HGNC:4734	clustered	buccal mucosa cell	0.0	0.0	0	observed_zero
17	2	ENSG00000278463	H2AC4	H2AC4:HGNC:4734	clustered	caecum	0.0	0.0	0	observed_zero
17	2	ENSG00000278463	H2AC4	H2AC4:HGNC:4734	clustered	calcaneal tendon	73.69	3.518614784258141	5	present_gold
17	2	ENSG00000278463	H2AC4	H2AC4:HGNC:4734	clustered	caput epididymis	0.0	0.0	0	observed_zero
17	2	ENSG00000278463	H2AC4	H2AC4:HGNC:4734	clustered	cardia of stomach	0.0	0.0	0	observed_zero
17	2	ENSG00000278463	H2AC4	H2AC4:HGNC:4734	clustered	cardiac atrium	0.0	0.0	0	observed_zero
17	2	ENSG00000278463	H2AC4	H2AC4:HGNC:4734	clustered	cardiac ventricle	0.0	0.0	0	observed_zero
17	2	ENSG00000278463	H2AC4	H2AC4:HGNC:4734	clustered	cartilage tissue	0.0	0.0	0	observed_zero
17	2	ENSG00000278463	H2AC4	H2AC4:HGNC:4734	clustered	cauda epididymis	0.0	0.0	0	observed_zero
17	2	ENSG00000278463	H2AC4	H2AC4:HGNC:4734	clustered	caudate nucleus	29.42	0.0	1	present_gold
17	2	ENSG00000278463	H2AC4	H2AC4:HGNC:4734	clustered	cerebellar cortex	0.0	0.0	0	observed_zero
17	2	ENSG00000278463	H2AC4	H2AC4:HGNC:4734	clustered	cerebellar hemisphere	33.12	0.7636753236814702	2	present_gold
17	2	ENSG00000278463	H2AC4	H2AC4:HGNC:4734	clustered	cerebellar vermis	0.0	0.0	0	observed_zero
17	2	ENSG00000278463	H2AC4	H2AC4:HGNC:4734	clustered	cerebellum	34.3	0.0	1	present_gold
17	2	ENSG00000278463	H2AC4	H2AC4:HGNC:4734	clustered	cerebral cortex	37.44	9.489373003523466	2	present_gold
17	2	ENSG00000278463	H2AC4	H2AC4:HGNC:4734	clustered	choroid plexus epithelium	0.0	0.0	0	observed_zero
17	2	ENSG00000278463	H2AC4	H2AC4:HGNC:4734	clustered	colon	56.26875	32.76109602104301	8	present_gold
17	2	ENSG00000278463	H2AC4	H2AC4:HGNC:4734	clustered	colonic epithelium	75.11	0.0	1	present_gold
17	2	ENSG00000278463	H2AC4	H2AC4:HGNC:4734	clustered	colonic mucosa	0.0	0.0	0	observed_zero
17	2	ENSG00000278463	H2AC4	H2AC4:HGNC:4734	clustered	coronary artery	0.0	0.0	0	observed_zero
17	2	ENSG00000278463	H2AC4	H2AC4:HGNC:4734	clustered	corpus callosum	52.620000000000005	0.0282842712474612	2	present_gold
17	2	ENSG00000278463	H2AC4	H2AC4:HGNC:4734	clustered	corpus epididymis	0.0	0.0	0	observed_zero
17	2	ENSG00000278463	H2AC4	H2AC4:HGNC:4734	clustered	cortex of kidney	0.0	0.0	0	observed_zero
17	2	ENSG00000278463	H2AC4	H2AC4:HGNC:4734	clustered	cortical plate	0.0	0.0	0	observed_zero
17	2	ENSG00000278463	H2AC4	H2AC4:HGNC:4734	clustered	cranial nerve II	0.0	0.0	0	observed_zero
17	2	ENSG00000278463	H2AC4	H2AC4:HGNC:4734	clustered	decidua	0.0	0.0	0	observed_zero
17	2	ENSG00000278463	H2AC4	H2AC4:HGNC:4734	clustered	deltoid	0.0	0.0	0	observed_zero
17	2	ENSG00000278463	H2AC4	H2AC4:HGNC:4734	clustered	descending thoracic aorta	0.0	0.0	0	observed_zero
17	2	ENSG00000278463	H2AC4	H2AC4:HGNC:4734	clustered	dorsal motor nucleus of vagus nerve	0.0	0.0	0	observed_zero
17	2	ENSG00000278463	H2AC4	H2AC4:HGNC:4734	clustered	dorsal plus ventral thalamus	0.0	0.0	0	observed_zero
17	2	ENSG00000278463	H2AC4	H2AC4:HGNC:4734	clustered	dorsal root ganglion	0.0	0.0	0	observed_zero
17	2	ENSG00000278463	H2AC4	H2AC4:HGNC:4734	clustered	dorsolateral prefrontal cortex	36.81	0.0	1	present_gold
17	2	ENSG00000278463	H2AC4	H2AC4:HGNC:4734	clustered	duodenum	0.0	0.0	0	observed_zero
17	2	ENSG00000278463	H2AC4	H2AC4:HGNC:4734	clustered	ectocervix	49.745000000000005	4.815397179880385	2	present_gold
17	2	ENSG00000278463	H2AC4	H2AC4:HGNC:4734	clustered	endocervix	47.92	0.0	1	present_gold
17	2	ENSG00000278463	H2AC4	H2AC4:HGNC:4734	clustered	endometrium	0.0	0.0	0	observed_zero
17	2	ENSG00000278463	H2AC4	H2AC4:HGNC:4734	clustered	endothelial cell	0.0	0.0	0	observed_zero
17	2	ENSG00000278463	H2AC4	H2AC4:HGNC:4734	clustered	entorhinal cortex	0.0	0.0	0	observed_zero
17	2	ENSG00000278463	H2AC4	H2AC4:HGNC:4734	clustered	epithelium of mammary gland	0.0	0.0	0	observed_zero
17	2	ENSG00000278463	H2AC4	H2AC4:HGNC:4734	clustered	epithelium of nasopharynx	0.0	0.0	0	observed_zero
17	2	ENSG00000278463	H2AC4	H2AC4:HGNC:4734	clustered	esophagogastric junction muscularis propria	24.22	0.0	1	present_gold
17	2	ENSG00000278463	H2AC4	H2AC4:HGNC:4734	clustered	esophagus	27.5	0.6222539674441636	2	present_gold
17	2	ENSG00000278463	H2AC4	H2AC4:HGNC:4734	clustered	esophagus mucosa	30.8525	3.705413832039096	4	present_gold
17	2	ENSG00000278463	H2AC4	H2AC4:HGNC:4734	clustered	esophagus squamous epithelium	0.0	0.0	0	observed_zero
17	2	ENSG00000278463	H2AC4	H2AC4:HGNC:4734	clustered	female reproductive system	32.27	0.0	1	present_gold
17	2	ENSG00000278463	H2AC4	H2AC4:HGNC:4734	clustered	forebrain	46.215	1.4495689014324251	2	present_gold
17	2	ENSG00000278463	H2AC4	H2AC4:HGNC:4734	clustered	frontal cortex	32.26	2.2347035597591023	3	present_gold
17	2	ENSG00000278463	H2AC4	H2AC4:HGNC:4734	clustered	fundus of stomach	45.03	0.0	1	present_gold
17	2	ENSG00000278463	H2AC4	H2AC4:HGNC:4734	clustered	gall bladder	0.0	0.0	0	observed_zero
17	2	ENSG00000278463	H2AC4	H2AC4:HGNC:4734	clustered	ganglionic eminence	48.745000000000005	4.532554467405772	2	present_gold
17	2	ENSG00000278463	H2AC4	H2AC4:HGNC:4734	clustered	gastrocnemius	32.745999999999995	3.2865300850593164	5	present_gold
17	2	ENSG00000278463	H2AC4	H2AC4:HGNC:4734	clustered	germinal epithelium of ovary	0.0	0.0	0	observed_zero
17	2	ENSG00000278463	H2AC4	H2AC4:HGNC:4734	clustered	gingiva	0.0	0.0	0	observed_zero
17	2	ENSG00000278463	H2AC4	H2AC4:HGNC:4734	clustered	gingival epithelium	0.0	0.0	0	observed_zero
17	2	ENSG00000278463	H2AC4	H2AC4:HGNC:4734	clustered	granulocyte	58.55	0.0	1	present_gold
17	2	ENSG00000278463	H2AC4	H2AC4:HGNC:4734	clustered	heart	62.734	33.71901659301469	5	present_gold
17	2	ENSG00000278463	H2AC4	H2AC4:HGNC:4734	clustered	heart left ventricle	56.63	0.0	1	present_gold
17	2	ENSG00000278463	H2AC4	H2AC4:HGNC:4734	clustered	heart right ventricle	0.0	0.0	0	observed_zero
17	2	ENSG00000278463	H2AC4	H2AC4:HGNC:4734	clustered	hindlimb stylopod muscle	0.0	0.0	0	observed_zero
17	2	ENSG00000278463	H2AC4	H2AC4:HGNC:4734	clustered	hypothalamus	0.0	0.0	0	observed_zero
17	2	ENSG00000278463	H2AC4	H2AC4:HGNC:4734	clustered	inferior olivary complex	0.0	0.0	0	observed_zero
17	2	ENSG00000278463	H2AC4	H2AC4:HGNC:4734	clustered	inferior vagus X ganglion	0.0	0.0	0	observed_zero
17	2	ENSG00000278463	H2AC4	H2AC4:HGNC:4734	clustered	intestine	77.605	30.24877352885568	4	present_gold
17	2	ENSG00000278463	H2AC4	H2AC4:HGNC:4734	clustered	islet of Langerhans	34.012	3.030019801915492	5	present_gold
17	2	ENSG00000278463	H2AC4	H2AC4:HGNC:4734	clustered	jejunal mucosa	0.0	0.0	0	observed_zero
17	2	ENSG00000278463	H2AC4	H2AC4:HGNC:4734	clustered	jejunum	0.0	0.0	0	observed_zero
17	2	ENSG00000278463	H2AC4	H2AC4:HGNC:4734	clustered	kidney	64.16333333333334	28.63063301197979	6	present_gold
17	2	ENSG00000278463	H2AC4	H2AC4:HGNC:4734	clustered	large intestine	29.795	3.07591449816148	2	present_gold
17	2	ENSG00000278463	H2AC4	H2AC4:HGNC:4734	clustered	lateral globus pallidus	0.0	0.0	0	observed_zero
17	2	ENSG00000278463	H2AC4	H2AC4:HGNC:4734	clustered	lateral nuclear group of thalamus	0.0	0.0	0	observed_zero
17	2	ENSG00000278463	H2AC4	H2AC4:HGNC:4734	clustered	layer of synovial tissue	0.0	0.0	0	observed_zero
17	2	ENSG00000278463	H2AC4	H2AC4:HGNC:4734	clustered	left adrenal gland	33.715	6.554879861599298	2	present_gold
17	2	ENSG00000278463	H2AC4	H2AC4:HGNC:4734	clustered	left adrenal gland cortex	38.85	7.707463914933367	2	present_gold
17	2	ENSG00000278463	H2AC4	H2AC4:HGNC:4734	clustered	left coronary artery	30.31	0.0	1	present_gold
17	2	ENSG00000278463	H2AC4	H2AC4:HGNC:4734	clustered	left lobe of thyroid gland	0.0	0.0	0	observed_zero
17	2	ENSG00000278463	H2AC4	H2AC4:HGNC:4734	clustered	left ovary	0.0	0.0	0	observed_zero
17	2	ENSG00000278463	H2AC4	H2AC4:HGNC:4734	clustered	left testis	39.215	2.5139828957254258	6	present_gold
17	2	ENSG00000278463	H2AC4	H2AC4:HGNC:4734	clustered	left uterine tube	0.0	0.0	0	observed_zero
17	2	ENSG00000278463	H2AC4	H2AC4:HGNC:4734	clustered	leukocyte	0.0	0.0	0	observed_zero
17	2	ENSG00000278463	H2AC4	H2AC4:HGNC:4734	clustered	liver	39.51714285714286	4.094881822819451	7	present_gold
17	2	ENSG00000278463	H2AC4	H2AC4:HGNC:4734	clustered	lower esophagus	24.52	0.0	1	present_gold
17	2	ENSG00000278463	H2AC4	H2AC4:HGNC:4734	clustered	lower esophagus mucosa	0.0	0.0	0	observed_zero
17	2	ENSG00000278463	H2AC4	H2AC4:HGNC:4734	clustered	lower esophagus muscularis layer	24.63	0.0	1	present_gold
17	2	ENSG00000278463	H2AC4	H2AC4:HGNC:4734	clustered	lower lobe of lung	0.0	0.0	0	observed_zero
17	2	ENSG00000278463	H2AC4	H2AC4:HGNC:4734	clustered	lung	52.93285714285714	30.133166508177062	7	present_gold
17	2	ENSG00000278463	H2AC4	H2AC4:HGNC:4734	clustered	lymph node	38.26	0.0	1	present_gold
17	2	ENSG00000278463	H2AC4	H2AC4:HGNC:4734	clustered	male germ line stem cell (sensu Vertebrata) in testis	87.02	0.0	1	present_gold
17	2	ENSG00000278463	H2AC4	H2AC4:HGNC:4734	clustered	mammalian vulva	0.0	0.0	0	observed_zero
17	2	ENSG00000278463	H2AC4	H2AC4:HGNC:4734	clustered	mammary duct	0.0	0.0	0	observed_zero
17	2	ENSG00000278463	H2AC4	H2AC4:HGNC:4734	clustered	medial globus pallidus	0.0	0.0	0	observed_zero
17	2	ENSG00000278463	H2AC4	H2AC4:HGNC:4734	clustered	medulla oblongata	0.0	0.0	0	observed_zero
17	2	ENSG00000278463	H2AC4	H2AC4:HGNC:4734	clustered	metanephric glomerulus	0.0	0.0	0	observed_zero
17	2	ENSG00000278463	H2AC4	H2AC4:HGNC:4734	clustered	metanephros	0.0	0.0	0	observed_zero
17	2	ENSG00000278463	H2AC4	H2AC4:HGNC:4734	clustered	metanephros cortex	0.0	0.0	0	observed_zero
17	2	ENSG00000278463	H2AC4	H2AC4:HGNC:4734	clustered	midbrain	0.0	0.0	0	observed_zero
17	2	ENSG00000278463	H2AC4	H2AC4:HGNC:4734	clustered	middle temporal gyrus	0.0	0.0	0	observed_zero
17	2	ENSG00000278463	H2AC4	H2AC4:HGNC:4734	clustered	minor salivary gland	0.0	0.0	0	observed_zero
17	2	ENSG00000278463	H2AC4	H2AC4:HGNC:4734	clustered	monocyte	34.61	0.0	1	present_gold
17	2	ENSG00000278463	H2AC4	H2AC4:HGNC:4734	clustered	mouth mucosa	0.0	0.0	0	observed_zero
17	2	ENSG00000278463	H2AC4	H2AC4:HGNC:4734	clustered	mucosa of paranasal sinus	0.0	0.0	0	observed_zero
17	2	ENSG00000278463	H2AC4	H2AC4:HGNC:4734	clustered	mucosa of sigmoid colon	0.0	0.0	0	observed_zero
17	2	ENSG00000278463	H2AC4	H2AC4:HGNC:4734	clustered	mucosa of stomach	48.31	0.0	1	present_gold
17	2	ENSG00000278463	H2AC4	H2AC4:HGNC:4734	clustered	mucosa of transverse colon	0.0	0.0	0	observed_zero
17	2	ENSG00000278463	H2AC4	H2AC4:HGNC:4734	clustered	muscle layer of sigmoid colon	28.47666666666667	0.7059981114233475	3	present_gold
17	2	ENSG00000278463	H2AC4	H2AC4:HGNC:4734	clustered	muscle of leg	35.1	0.0	1	present_gold
17	2	ENSG00000278463	H2AC4	H2AC4:HGNC:4734	clustered	muscle tissue	0.0	0.0	0	observed_zero
17	2	ENSG00000278463	H2AC4	H2AC4:HGNC:4734	clustered	myocardium	0.0	0.0	0	observed_zero
17	2	ENSG00000278463	H2AC4	H2AC4:HGNC:4734	clustered	myometrium	33.83	3.790092347159894	2	present_gold
17	2	ENSG00000278463	H2AC4	H2AC4:HGNC:4734	clustered	nasal cavity epithelium	0.0	0.0	0	observed_zero
17	2	ENSG00000278463	H2AC4	H2AC4:HGNC:4734	clustered	nasal cavity mucosa	0.0	0.0	0	observed_zero
17	2	ENSG00000278463	H2AC4	H2AC4:HGNC:4734	clustered	neocortex	45.37	0.0	1	present_gold
17	2	ENSG00000278463	H2AC4	H2AC4:HGNC:4734	clustered	nephron tubule	0.0	0.0	0	observed_zero
17	2	ENSG00000278463	H2AC4	H2AC4:HGNC:4734	clustered	nipple	0.0	0.0	0	observed_zero
17	2	ENSG00000278463	H2AC4	H2AC4:HGNC:4734	clustered	nucleus accumbens	0.0	0.0	0	observed_zero
17	2	ENSG00000278463	H2AC4	H2AC4:HGNC:4734	clustered	occipital lobe	0.0	0.0	0	observed_zero
17	2	ENSG00000278463	H2AC4	H2AC4:HGNC:4734	clustered	olfactory segment of nasal mucosa	0.0	0.0	0	observed_zero
17	2	ENSG00000278463	H2AC4	H2AC4:HGNC:4734	clustered	omental fat pad	30.93333333333333	1.997316950311091	9	present_gold
17	2	ENSG00000278463	H2AC4	H2AC4:HGNC:4734	clustered	oocyte	0.0	0.0	0	observed_zero
17	2	ENSG00000278463	H2AC4	H2AC4:HGNC:4734	clustered	oral cavity	0.0	0.0	0	observed_zero
17	2	ENSG00000278463	H2AC4	H2AC4:HGNC:4734	clustered	ovary	59.99	1.3952419145080173	3	present_gold
17	2	ENSG00000278463	H2AC4	H2AC4:HGNC:4734	clustered	oviduct epithelium	0.0	0.0	0	observed_zero
17	2	ENSG00000278463	H2AC4	H2AC4:HGNC:4734	clustered	palpebral conjunctiva	0.0	0.0	0	observed_zero
17	2	ENSG00000278463	H2AC4	H2AC4:HGNC:4734	clustered	pancreas	0.0	0.0	0	observed_zero
17	2	ENSG00000278463	H2AC4	H2AC4:HGNC:4734	clustered	parietal lobe	0.0	0.0	0	observed_zero
17	2	ENSG00000278463	H2AC4	H2AC4:HGNC:4734	clustered	parietal pleura	0.0	0.0	0	observed_zero
17	2	ENSG00000278463	H2AC4	H2AC4:HGNC:4734	clustered	parotid gland	0.0	0.0	0	observed_zero
17	2	ENSG00000278463	H2AC4	H2AC4:HGNC:4734	clustered	penis	0.0	0.0	0	observed_zero
17	2	ENSG00000278463	H2AC4	H2AC4:HGNC:4734	clustered	pericardium	0.0	0.0	0	observed_zero
17	2	ENSG00000278463	H2AC4	H2AC4:HGNC:4734	clustered	periodontal ligament	0.0	0.0	0	observed_zero
17	2	ENSG00000278463	H2AC4	H2AC4:HGNC:4734	clustered	peritoneum	30.06	0.0	1	present_gold
17	2	ENSG00000278463	H2AC4	H2AC4:HGNC:4734	clustered	pharyngeal mucosa	0.0	0.0	0	observed_zero
17	2	ENSG00000278463	H2AC4	H2AC4:HGNC:4734	clustered	pigmented layer of retina	0.0	0.0	0	observed_zero
17	2	ENSG00000278463	H2AC4	H2AC4:HGNC:4734	clustered	pituitary gland	29.57	0.0	1	present_gold
17	2	ENSG00000278463	H2AC4	H2AC4:HGNC:4734	clustered	placenta	0.0	0.0	0	observed_zero
17	2	ENSG00000278463	H2AC4	H2AC4:HGNC:4734	clustered	pons	0.0	0.0	0	observed_zero
17	2	ENSG00000278463	H2AC4	H2AC4:HGNC:4734	clustered	popliteal artery	0.0	0.0	0	observed_zero
17	2	ENSG00000278463	H2AC4	H2AC4:HGNC:4734	clustered	postcentral gyrus	0.0	0.0	0	observed_zero
17	2	ENSG00000278463	H2AC4	H2AC4:HGNC:4734	clustered	prefrontal cortex	32.53333333333333	2.2700073421320304	3	present_gold
17	2	ENSG00000278463	H2AC4	H2AC4:HGNC:4734	clustered	primary visual cortex	37.07	0.0	1	present_gold
17	2	ENSG00000278463	H2AC4	H2AC4:HGNC:4734	clustered	primordial germ cell in gonad	69.55	0.0	1	present_gold
17	2	ENSG00000278463	H2AC4	H2AC4:HGNC:4734	clustered	prostate gland	0.0	0.0	0	observed_zero
17	2	ENSG00000278463	H2AC4	H2AC4:HGNC:4734	clustered	putamen	0.0	0.0	0	observed_zero
17	2	ENSG00000278463	H2AC4	H2AC4:HGNC:4734	clustered	pylorus	0.0	0.0	0	observed_zero
17	2	ENSG00000278463	H2AC4	H2AC4:HGNC:4734	clustered	quadriceps femoris	0.0	0.0	0	observed_zero
17	2	ENSG00000278463	H2AC4	H2AC4:HGNC:4734	clustered	rectum	0.0	0.0	0	observed_zero
17	2	ENSG00000278463	H2AC4	H2AC4:HGNC:4734	clustered	renal glomerulus	0.0	0.0	0	observed_zero
17	2	ENSG00000278463	H2AC4	H2AC4:HGNC:4734	clustered	renal medulla	0.0	0.0	0	observed_zero
17	2	ENSG00000278463	H2AC4	H2AC4:HGNC:4734	clustered	right adrenal gland	39.165	4.4759859249108445	2	present_gold
17	2	ENSG00000278463	H2AC4	H2AC4:HGNC:4734	clustered	right adrenal gland cortex	37.513333333333335	4.891322247954365	3	present_gold
17	2	ENSG00000278463	H2AC4	H2AC4:HGNC:4734	clustered	right atrium auricular region	34.72	0.0	1	present_gold
17	2	ENSG00000278463	H2AC4	H2AC4:HGNC:4734	clustered	right coronary artery	0.0	0.0	0	observed_zero
17	2	ENSG00000278463	H2AC4	H2AC4:HGNC:4734	clustered	right frontal lobe	32.33	0.0	1	present_gold
17	2	ENSG00000278463	H2AC4	H2AC4:HGNC:4734	clustered	right hemisphere of cerebellum	37.13	7.495331880577405	2	present_gold
17	2	ENSG00000278463	H2AC4	H2AC4:HGNC:4734	clustered	right lobe of liver	45.60666666666666	10.92186949809113	3	present_gold
17	2	ENSG00000278463	H2AC4	H2AC4:HGNC:4734	clustered	right lobe of thyroid gland	0.0	0.0	0	observed_zero
17	2	ENSG00000278463	H2AC4	H2AC4:HGNC:4734	clustered	right lung	48.39	0.0	1	present_gold
17	2	ENSG00000278463	H2AC4	H2AC4:HGNC:4734	clustered	right ovary	0.0	0.0	0	observed_zero
17	2	ENSG00000278463	H2AC4	H2AC4:HGNC:4734	clustered	right testis	40.7775	4.044587947698341	4	present_gold
17	2	ENSG00000278463	H2AC4	H2AC4:HGNC:4734	clustered	right uterine tube	0.0	0.0	0	observed_zero
17	2	ENSG00000278463	H2AC4	H2AC4:HGNC:4734	clustered	saliva-secreting gland	0.0	0.0	0	observed_zero
17	2	ENSG00000278463	H2AC4	H2AC4:HGNC:4734	clustered	saphenous vein	0.0	0.0	0	observed_zero
17	2	ENSG00000278463	H2AC4	H2AC4:HGNC:4734	clustered	secondary oocyte	0.0	0.0	0	observed_zero
17	2	ENSG00000278463	H2AC4	H2AC4:HGNC:4734	clustered	seminal vesicle	0.0	0.0	0	observed_zero
17	2	ENSG00000278463	H2AC4	H2AC4:HGNC:4734	clustered	skeletal muscle tissue	0.0	0.0	0	observed_zero
17	2	ENSG00000278463	H2AC4	H2AC4:HGNC:4734	clustered	skeletal muscle tissue of biceps brachii	0.0	0.0	0	observed_zero
17	2	ENSG00000278463	H2AC4	H2AC4:HGNC:4734	clustered	skeletal muscle tissue of rectus abdominis	0.0	0.0	0	observed_zero
17	2	ENSG00000278463	H2AC4	H2AC4:HGNC:4734	clustered	skin of abdomen	32.56	3.775738338391578	4	present_gold
17	2	ENSG00000278463	H2AC4	H2AC4:HGNC:4734	clustered	skin of hip	0.0	0.0	0	observed_zero
17	2	ENSG00000278463	H2AC4	H2AC4:HGNC:4734	clustered	skin of leg	26.405	0.4879036790187187	2	present_gold
17	2	ENSG00000278463	H2AC4	H2AC4:HGNC:4734	clustered	small intestine	28.695	1.689985207035849	2	present_gold
17	2	ENSG00000278463	H2AC4	H2AC4:HGNC:4734	clustered	small intestine Peyer's patch	32.735	1.1950104602052638	2	present_gold
17	2	ENSG00000278463	H2AC4	H2AC4:HGNC:4734	clustered	smooth muscle tissue	0.0	0.0	0	observed_zero
17	2	ENSG00000278463	H2AC4	H2AC4:HGNC:4734	clustered	sperm	0.0	0.0	0	observed_zero
17	2	ENSG00000278463	H2AC4	H2AC4:HGNC:4734	clustered	spinal cord	29.6	0.0	1	present_gold
17	2	ENSG00000278463	H2AC4	H2AC4:HGNC:4734	clustered	spleen	40.47571428571428	5.161094383761572	7	present_gold
17	2	ENSG00000278463	H2AC4	H2AC4:HGNC:4734	clustered	stomach	58.10583333333333	33.43649597189855	12	present_gold
17	2	ENSG00000278463	H2AC4	H2AC4:HGNC:4734	clustered	stromal cell of endometrium	0.0	0.0	0	observed_zero
17	2	ENSG00000278463	H2AC4	H2AC4:HGNC:4734	clustered	subcutaneous adipose tissue	0.0	0.0	0	observed_zero
17	2	ENSG00000278463	H2AC4	H2AC4:HGNC:4734	clustered	substantia nigra	30.4275	3.727817726230724	4	present_gold
17	2	ENSG00000278463	H2AC4	H2AC4:HGNC:4734	clustered	substantia nigra pars compacta	0.0	0.0	0	observed_zero
17	2	ENSG00000278463	H2AC4	H2AC4:HGNC:4734	clustered	substantia nigra pars reticulata	0.0	0.0	0	observed_zero
17	2	ENSG00000278463	H2AC4	H2AC4:HGNC:4734	clustered	subthalamic nucleus	0.0	0.0	0	observed_zero
17	2	ENSG00000278463	H2AC4	H2AC4:HGNC:4734	clustered	superficial temporal artery	0.0	0.0	0	observed_zero
17	2	ENSG00000278463	H2AC4	H2AC4:HGNC:4734	clustered	superior frontal gyrus	0.0	0.0	0	observed_zero
17	2	ENSG00000278463	H2AC4	H2AC4:HGNC:4734	clustered	superior surface of tongue	0.0	0.0	0	observed_zero
17	2	ENSG00000278463	H2AC4	H2AC4:HGNC:4734	clustered	superior vestibular nucleus	0.0	0.0	0	observed_zero
17	2	ENSG00000278463	H2AC4	H2AC4:HGNC:4734	clustered	sural nerve	0.0	0.0	0	observed_zero
17	2	ENSG00000278463	H2AC4	H2AC4:HGNC:4734	clustered	synovial joint	0.0	0.0	0	observed_zero
17	2	ENSG00000278463	H2AC4	H2AC4:HGNC:4734	clustered	temporal lobe	0.0	0.0	0	observed_zero
17	2	ENSG00000278463	H2AC4	H2AC4:HGNC:4734	clustered	tendon	0.0	0.0	0	observed_zero
17	2	ENSG00000278463	H2AC4	H2AC4:HGNC:4734	clustered	tendon of biceps brachii	0.0	0.0	0	observed_zero
17	2	ENSG00000278463	H2AC4	H2AC4:HGNC:4734	clustered	testis	46.26222222222222	10.513592128499395	9	present_gold
17	2	ENSG00000278463	H2AC4	H2AC4:HGNC:4734	clustered	thoracic aorta	31.75	0.0	1	present_gold
17	2	ENSG00000278463	H2AC4	H2AC4:HGNC:4734	clustered	thoracic mammary gland	0.0	0.0	0	observed_zero
17	2	ENSG00000278463	H2AC4	H2AC4:HGNC:4734	clustered	thymus	0.0	0.0	0	observed_zero
17	2	ENSG00000278463	H2AC4	H2AC4:HGNC:4734	clustered	thyroid gland	0.0	0.0	0	observed_zero
17	2	ENSG00000278463	H2AC4	H2AC4:HGNC:4734	clustered	tibia	0.0	0.0	0	observed_zero
17	2	ENSG00000278463	H2AC4	H2AC4:HGNC:4734	clustered	tibial artery	28.933333333333334	4.277736940642017	3	present_gold
17	2	ENSG00000278463	H2AC4	H2AC4:HGNC:4734	clustered	tibial nerve	0.0	0.0	0	observed_zero
17	2	ENSG00000278463	H2AC4	H2AC4:HGNC:4734	clustered	tongue	0.0	0.0	0	observed_zero
17	2	ENSG00000278463	H2AC4	H2AC4:HGNC:4734	clustered	tonsil	43.96	9.94192134348286	2	present_gold
17	2	ENSG00000278463	H2AC4	H2AC4:HGNC:4734	clustered	trabecular bone tissue	0.0	0.0	0	observed_zero
17	2	ENSG00000278463	H2AC4	H2AC4:HGNC:4734	clustered	trachea	0.0	0.0	0	observed_zero
17	2	ENSG00000278463	H2AC4	H2AC4:HGNC:4734	clustered	transverse colon	32.576	2.587263032627336	5	present_gold
17	2	ENSG00000278463	H2AC4	H2AC4:HGNC:4734	clustered	trigeminal ganglion	0.0	0.0	0	observed_zero
17	2	ENSG00000278463	H2AC4	H2AC4:HGNC:4734	clustered	upper leg skin	0.0	0.0	0	observed_zero
17	2	ENSG00000278463	H2AC4	H2AC4:HGNC:4734	clustered	upper lobe of left lung	31.2	0.0	1	present_gold
17	2	ENSG00000278463	H2AC4	H2AC4:HGNC:4734	clustered	upper lobe of lung	0.0	0.0	0	observed_zero
17	2	ENSG00000278463	H2AC4	H2AC4:HGNC:4734	clustered	urethra	0.0	0.0	0	observed_zero
17	2	ENSG00000278463	H2AC4	H2AC4:HGNC:4734	clustered	urinary bladder	0.0	0.0	0	observed_zero
17	2	ENSG00000278463	H2AC4	H2AC4:HGNC:4734	clustered	uterine cervix	39.11	7.283199846221438	2	present_gold
17	2	ENSG00000278463	H2AC4	H2AC4:HGNC:4734	clustered	uterus	0.0	0.0	0	observed_zero
17	2	ENSG00000278463	H2AC4	H2AC4:HGNC:4734	clustered	vagina	51.72	23.41937659289846	2	present_gold
17	2	ENSG00000278463	H2AC4	H2AC4:HGNC:4734	clustered	vastus lateralis	0.0	0.0	0	observed_zero
17	2	ENSG00000278463	H2AC4	H2AC4:HGNC:4734	clustered	vena cava	0.0	0.0	0	observed_zero
17	2	ENSG00000278463	H2AC4	H2AC4:HGNC:4734	clustered	ventral tegmental area	0.0	0.0	0	observed_zero
17	2	ENSG00000278463	H2AC4	H2AC4:HGNC:4734	clustered	ventricular zone	58.31	3.0264170234784245	2	present_gold
17	2	ENSG00000278463	H2AC4	H2AC4:HGNC:4734	clustered	vermiform appendix	31.41	0.0	1	present_gold
17	2	ENSG00000278463	H2AC4	H2AC4:HGNC:4734	clustered	visceral pleura	0.0	0.0	0	observed_zero
17	2	ENSG00000278463	H2AC4	H2AC4:HGNC:4734	clustered	zone of skin	27.141666666666666	0.7144345083117598	6	present_gold
18	3	ENSG00000180573	H2AC6	H2AC6:HGNC:4733	clustered	Ammon's horn	83.75625000000001	3.545755346644897	24	present_gold
18	3	ENSG00000180573	H2AC6	H2AC6:HGNC:4733	clustered	Brodmann (1909) area 10	0.0	0.0	0	observed_zero
18	3	ENSG00000180573	H2AC6	H2AC6:HGNC:4733	clustered	Brodmann (1909) area 23	74.4825	5.504691181165389	4	present_gold
18	3	ENSG00000180573	H2AC6	H2AC6:HGNC:4733	clustered	Brodmann (1909) area 46	84.262	9.679283031299375	5	present_gold
18	3	ENSG00000180573	H2AC6	H2AC6:HGNC:4733	clustered	Brodmann (1909) area 9	81.034	7.657635550365545	10	present_gold
18	3	ENSG00000180573	H2AC6	H2AC6:HGNC:4733	clustered	C1 segment of cervical spinal cord	93.70555555555556	0.9696147574051136	9	present_gold
18	3	ENSG00000180573	H2AC6	H2AC6:HGNC:4733	clustered	CA1 field of hippocampus	85.17	7.129240258727903	4	present_gold
18	3	ENSG00000180573	H2AC6	H2AC6:HGNC:4733	clustered	adenohypophysis	85.62	4.947864185686592	6	present_gold
18	3	ENSG00000180573	H2AC6	H2AC6:HGNC:4733	clustered	adipose tissue	84.59705882352942	2.0137240523029782	17	present_gold
18	3	ENSG00000180573	H2AC6	H2AC6:HGNC:4733	clustered	adipose tissue of abdominal region	86.63333333333333	3.083405044211133	6	present_gold
18	3	ENSG00000180573	H2AC6	H2AC6:HGNC:4733	clustered	adrenal cortex	80.10499999999999	7.785245660863892	2	present_gold
18	3	ENSG00000180573	H2AC6	H2AC6:HGNC:4733	clustered	adrenal gland	84.4875	3.2141082226127176	4	present_gold
18	3	ENSG00000180573	H2AC6	H2AC6:HGNC:4733	clustered	adrenal tissue	88.96999999999998	3.0507703945069315	3	present_gold
18	3	ENSG00000180573	H2AC6	H2AC6:HGNC:4733	clustered	adult mammalian kidney	90.2846153846154	3.153964741360244	13	present_gold
18	3	ENSG00000180573	H2AC6	H2AC6:HGNC:4733	clustered	adult organism	80.87	0.0	1	present_gold
18	3	ENSG00000180573	H2AC6	H2AC6:HGNC:4733	clustered	amniotic fluid	98.43	0.0	1	present_gold
18	3	ENSG00000180573	H2AC6	H2AC6:HGNC:4733	clustered	amygdala	82.92090909090909	6.590539362670487	11	present_gold
18	3	ENSG00000180573	H2AC6	H2AC6:HGNC:4733	clustered	anterior cingulate cortex	80.80636363636364	3.732394064745237	11	present_gold
18	3	ENSG00000180573	H2AC6	H2AC6:HGNC:4733	clustered	aorta	81.83000000000001	0.565685424949236	2	present_gold
18	3	ENSG00000180573	H2AC6	H2AC6:HGNC:4733	clustered	apex of heart	86.14	0.0	1	present_gold
18	3	ENSG00000180573	H2AC6	H2AC6:HGNC:4733	clustered	ascending aorta	81.438	1.969053918340818	10	present_gold
18	3	ENSG00000180573	H2AC6	H2AC6:HGNC:4733	clustered	biceps brachii	88.626	2.626324427788769	5	present_gold
18	3	ENSG00000180573	H2AC6	H2AC6:HGNC:4733	clustered	blood	98.34589743589744	0.6391430033079161	39	present_gold
18	3	ENSG00000180573	H2AC6	H2AC6:HGNC:4733	clustered	blood vessel layer	72.74	0.0	1	present_gold
18	3	ENSG00000180573	H2AC6	H2AC6:HGNC:4733	clustered	body of pancreas	80.563	2.6948059093168264	10	present_gold
18	3	ENSG00000180573	H2AC6	H2AC6:HGNC:4733	clustered	body of stomach	82.42818181818183	3.114263374160312	11	present_gold
18	3	ENSG00000180573	H2AC6	H2AC6:HGNC:4733	clustered	body of tongue	78.2	1.2150308638055285	3	present_gold
18	3	ENSG00000180573	H2AC6	H2AC6:HGNC:4733	clustered	body of uterus	76.952	4.548661341537749	5	present_gold
18	3	ENSG00000180573	H2AC6	H2AC6:HGNC:4733	clustered	bone marrow	94.80857142857144	3.920861085061756	14	present_gold
18	3	ENSG00000180573	H2AC6	H2AC6:HGNC:4733	clustered	bone marrow cell	87.31666666666666	5.721086726604771	3	present_gold
18	3	ENSG00000180573	H2AC6	H2AC6:HGNC:4733	clustered	brain	79.80428571428573	3.521598460115194	21	present_gold
18	3	ENSG00000180573	H2AC6	H2AC6:HGNC:4733	clustered	bronchial epithelial cell	92.5990476190476	1.4506719296998365	21	present_gold
18	3	ENSG00000180573	H2AC6	H2AC6:HGNC:4733	clustered	bronchus	91.145	1.3222896808188471	2	present_gold
18	3	ENSG00000180573	H2AC6	H2AC6:HGNC:4733	clustered	buccal mucosa cell	97.57	0.0	1	present_gold
18	3	ENSG00000180573	H2AC6	H2AC6:HGNC:4733	clustered	caecum	82.43	0.0	1	present_gold
18	3	ENSG00000180573	H2AC6	H2AC6:HGNC:4733	clustered	calcaneal tendon	90.784	2.06284512264009	5	present_gold
18	3	ENSG00000180573	H2AC6	H2AC6:HGNC:4733	clustered	caput epididymis	76.41000000000001	18.600776865496773	3	present_gold
18	3	ENSG00000180573	H2AC6	H2AC6:HGNC:4733	clustered	cardia of stomach	77.39	0.1555634918610396	2	present_gold
18	3	ENSG00000180573	H2AC6	H2AC6:HGNC:4733	clustered	cardiac atrium	78.94333333333333	3.532709064348961	3	present_gold
18	3	ENSG00000180573	H2AC6	H2AC6:HGNC:4733	clustered	cardiac muscle of right atrium	0.0	0.0	0	observed_zero
18	3	ENSG00000180573	H2AC6	H2AC6:HGNC:4733	clustered	cardiac ventricle	83.06	5.157450920755333	3	present_gold
18	3	ENSG00000180573	H2AC6	H2AC6:HGNC:4733	clustered	cartilage tissue	82.31	0.0	1	present_gold
18	3	ENSG00000180573	H2AC6	H2AC6:HGNC:4733	clustered	cauda epididymis	73.76499999999999	1.3364318164425752	2	present_gold
18	3	ENSG00000180573	H2AC6	H2AC6:HGNC:4733	clustered	caudate nucleus	84.35470588235295	4.5695761806307855	17	present_gold
18	3	ENSG00000180573	H2AC6	H2AC6:HGNC:4733	clustered	central nervous system	81.81	0.0	1	present_gold
18	3	ENSG00000180573	H2AC6	H2AC6:HGNC:4733	clustered	cerebellar cortex	76.26499999999999	1.138441917710341	2	present_gold
18	3	ENSG00000180573	H2AC6	H2AC6:HGNC:4733	clustered	cerebellar hemisphere	76.44818181818182	2.333678719026329	11	present_gold
18	3	ENSG00000180573	H2AC6	H2AC6:HGNC:4733	clustered	cerebellar vermis	0.0	0.0	0	observed_zero
18	3	ENSG00000180573	H2AC6	H2AC6:HGNC:4733	clustered	cerebellum	75.08500000000001	3.968170960181878	14	present_gold
18	3	ENSG00000180573	H2AC6	H2AC6:HGNC:4733	clustered	cerebral cortex	78.676	2.7080628582890105	10	present_gold
18	3	ENSG00000180573	H2AC6	H2AC6:HGNC:4733	clustered	cervix epithelium	85.975	2.606792409584365	4	present_gold
18	3	ENSG00000180573	H2AC6	H2AC6:HGNC:4733	clustered	cervix squamous epithelium	0.0	0.0	0	observed_zero
18	3	ENSG00000180573	H2AC6	H2AC6:HGNC:4733	clustered	choroid plexus epithelium	93.18	0.0	1	present_gold
18	3	ENSG00000180573	H2AC6	H2AC6:HGNC:4733	clustered	cingulate cortex	0.0	0.0	0	observed_zero
18	3	ENSG00000180573	H2AC6	H2AC6:HGNC:4733	clustered	colon	88.48333333333333	4.139805337850333	18	present_gold
18	3	ENSG00000180573	H2AC6	H2AC6:HGNC:4733	clustered	colonic epithelium	89.32	0.0	1	present_gold
18	3	ENSG00000180573	H2AC6	H2AC6:HGNC:4733	clustered	colonic mucosa	94.15666666666668	2.6562053133496017	6	present_gold
18	3	ENSG00000180573	H2AC6	H2AC6:HGNC:4733	clustered	connective tissue	83.41	0.0	1	present_gold
18	3	ENSG00000180573	H2AC6	H2AC6:HGNC:4733	clustered	coronary artery	80.88	2.2203152929257595	2	present_gold
18	3	ENSG00000180573	H2AC6	H2AC6:HGNC:4733	clustered	corpus callosum	92.17833333333334	4.616804942683618	12	present_gold
18	3	ENSG00000180573	H2AC6	H2AC6:HGNC:4733	clustered	corpus epididymis	92.57	2.672246246138257	3	present_gold
18	3	ENSG00000180573	H2AC6	H2AC6:HGNC:4733	clustered	cortex of kidney	84.89	2.363401503483201	4	present_gold
18	3	ENSG00000180573	H2AC6	H2AC6:HGNC:4733	clustered	cortical plate	74.87	4.850752518939715	2	present_gold
18	3	ENSG00000180573	H2AC6	H2AC6:HGNC:4733	clustered	cranial nerve II	94.25	0.0	1	present_gold
18	3	ENSG00000180573	H2AC6	H2AC6:HGNC:4733	clustered	decidua	91.03	3.3516861428242417	2	present_gold
18	3	ENSG00000180573	H2AC6	H2AC6:HGNC:4733	clustered	deltoid	84.5075	3.787720290623372	4	present_gold
18	3	ENSG00000180573	H2AC6	H2AC6:HGNC:4733	clustered	descending thoracic aorta	82.00999999999999	5.130994055736177	3	present_gold
18	3	ENSG00000180573	H2AC6	H2AC6:HGNC:4733	clustered	diaphragm	0.0	0.0	0	observed_zero
18	3	ENSG00000180573	H2AC6	H2AC6:HGNC:4733	clustered	dorsal motor nucleus of vagus nerve	87.91999999999999	8.428712831743647	2	present_gold
18	3	ENSG00000180573	H2AC6	H2AC6:HGNC:4733	clustered	dorsal plus ventral thalamus	81.38	4.044644607378997	5	present_gold
18	3	ENSG00000180573	H2AC6	H2AC6:HGNC:4733	clustered	dorsal root ganglion	78.53142857142858	1.2303038726459468	7	present_gold
18	3	ENSG00000180573	H2AC6	H2AC6:HGNC:4733	clustered	dorsolateral prefrontal cortex	76.8804347826087	4.920394919720155	23	present_gold
18	3	ENSG00000180573	H2AC6	H2AC6:HGNC:4733	clustered	duodenum	91.1325	3.731356991765865	4	present_gold
18	3	ENSG00000180573	H2AC6	H2AC6:HGNC:4733	clustered	ectocervix	86.372	10.680995740098387	5	present_gold
18	3	ENSG00000180573	H2AC6	H2AC6:HGNC:4733	clustered	embryo	78.35714285714286	5.092830628395549	7	present_gold
18	3	ENSG00000180573	H2AC6	H2AC6:HGNC:4733	clustered	endocervix	86.32666666666667	8.766951199438342	3	present_gold
18	3	ENSG00000180573	H2AC6	H2AC6:HGNC:4733	clustered	endometrium	90.00466666666667	3.9955973389767534	15	present_gold
18	3	ENSG00000180573	H2AC6	H2AC6:HGNC:4733	clustered	endometrium epithelium	78.41	0.0	1	present_gold
18	3	ENSG00000180573	H2AC6	H2AC6:HGNC:4733	clustered	endothelial cell	0.0	0.0	0	observed_zero
18	3	ENSG00000180573	H2AC6	H2AC6:HGNC:4733	clustered	entorhinal cortex	71.96352941176471	5.001598420975627	17	present_gold
18	3	ENSG00000180573	H2AC6	H2AC6:HGNC:4733	clustered	epithelial cell of pancreas	0.0	0.0	0	observed_zero
18	3	ENSG00000180573	H2AC6	H2AC6:HGNC:4733	clustered	epithelium of bronchus	90.63714285714286	1.5503767709392866	14	present_gold
18	3	ENSG00000180573	H2AC6	H2AC6:HGNC:4733	clustered	epithelium of esophagus	93.26	0.0	1	present_gold
18	3	ENSG00000180573	H2AC6	H2AC6:HGNC:4733	clustered	epithelium of mammary gland	81.50333333333333	5.330409615279738	6	present_gold
18	3	ENSG00000180573	H2AC6	H2AC6:HGNC:4733	clustered	epithelium of nasopharynx	85.8	0.0	1	present_gold
18	3	ENSG00000180573	H2AC6	H2AC6:HGNC:4733	clustered	esophagogastric junction muscularis propria	81.83181818181818	1.6049350029320084	11	present_gold
18	3	ENSG00000180573	H2AC6	H2AC6:HGNC:4733	clustered	esophagus	87.89285714285714	0.6489662108747591	7	present_gold
18	3	ENSG00000180573	H2AC6	H2AC6:HGNC:4733	clustered	esophagus mucosa	91.39727272727272	0.9661479276911056	11	present_gold
18	3	ENSG00000180573	H2AC6	H2AC6:HGNC:4733	clustered	esophagus squamous epithelium	94.03	0.0	1	present_gold
18	3	ENSG00000180573	H2AC6	H2AC6:HGNC:4733	clustered	eye	77.56666666666666	8.898456795047856	3	present_gold
18	3	ENSG00000180573	H2AC6	H2AC6:HGNC:4733	clustered	fallopian tube	87.38499999999999	0.8980256121069126	2	present_gold
18	3	ENSG00000180573	H2AC6	H2AC6:HGNC:4733	clustered	female reproductive system	85.81	0.0	1	present_gold
18	3	ENSG00000180573	H2AC6	H2AC6:HGNC:4733	clustered	forebrain	74.265	4.815397179880391	2	present_gold
18	3	ENSG00000180573	H2AC6	H2AC6:HGNC:4733	clustered	frontal cortex	76.0392	4.822818954373744	25	present_gold
18	3	ENSG00000180573	H2AC6	H2AC6:HGNC:4733	clustered	frontal pole	0.0	0.0	0	observed_zero
18	3	ENSG00000180573	H2AC6	H2AC6:HGNC:4733	clustered	fundus of stomach	81.11142857142856	5.741775069817779	7	present_gold
18	3	ENSG00000180573	H2AC6	H2AC6:HGNC:4733	clustered	gall bladder	89.29	0.0	1	present_gold
18	3	ENSG00000180573	H2AC6	H2AC6:HGNC:4733	clustered	ganglionic eminence	82.14	0.4808326112068571	2	present_gold
18	3	ENSG00000180573	H2AC6	H2AC6:HGNC:4733	clustered	gastrocnemius	89.58615384615383	0.710581199459737	13	present_gold
18	3	ENSG00000180573	H2AC6	H2AC6:HGNC:4733	clustered	germinal epithelium of ovary	85.12	0.0	1	present_gold
18	3	ENSG00000180573	H2AC6	H2AC6:HGNC:4733	clustered	gingiva	90.96	1.0889444430272877	2	present_gold
18	3	ENSG00000180573	H2AC6	H2AC6:HGNC:4733	clustered	gingival epithelium	84.81	0.0	1	present_gold
18	3	ENSG00000180573	H2AC6	H2AC6:HGNC:4733	clustered	globus pallidus	87.53	0.0	1	present_gold
18	3	ENSG00000180573	H2AC6	H2AC6:HGNC:4733	clustered	gluteal muscle	82.53	0.0	1	present_gold
18	3	ENSG00000180573	H2AC6	H2AC6:HGNC:4733	clustered	granulocyte	93.95	0.0	1	present_gold
18	3	ENSG00000180573	H2AC6	H2AC6:HGNC:4733	clustered	hair follicle	87.61666666666667	1.0042078138181008	3	present_gold
18	3	ENSG00000180573	H2AC6	H2AC6:HGNC:4733	clustered	heart	85.49266666666668	3.5774900751917174	15	present_gold
18	3	ENSG00000180573	H2AC6	H2AC6:HGNC:4733	clustered	heart left ventricle	84.98823529411764	3.197374382391976	17	present_gold
18	3	ENSG00000180573	H2AC6	H2AC6:HGNC:4733	clustered	heart right ventricle	82.81166666666667	2.558221387344469	6	present_gold
18	3	ENSG00000180573	H2AC6	H2AC6:HGNC:4733	clustered	hindlimb stylopod muscle	86.44	0.3394112549695456	2	present_gold
18	3	ENSG00000180573	H2AC6	H2AC6:HGNC:4733	clustered	hypothalamus	85.02600000000001	2.4885015571624622	15	present_gold
18	3	ENSG00000180573	H2AC6	H2AC6:HGNC:4733	clustered	ileal mucosa	90.3	0.0	1	present_gold
18	3	ENSG00000180573	H2AC6	H2AC6:HGNC:4733	clustered	inferior olivary complex	79.20333333333333	4.801294964208444	3	present_gold
18	3	ENSG00000180573	H2AC6	H2AC6:HGNC:4733	clustered	inferior vagus X ganglion	88.594	3.02074990689398	5	present_gold
18	3	ENSG00000180573	H2AC6	H2AC6:HGNC:4733	clustered	intestine	92.1525	4.415520920570981	4	present_gold
18	3	ENSG00000180573	H2AC6	H2AC6:HGNC:4733	clustered	islet of Langerhans	88.968	1.4171611461953486	15	present_gold
18	3	ENSG00000180573	H2AC6	H2AC6:HGNC:4733	clustered	jejunal mucosa	95.03	0.0	1	present_gold
18	3	ENSG00000180573	H2AC6	H2AC6:HGNC:4733	clustered	jejunum	83.1	2.8567113959936568	2	present_gold
18	3	ENSG00000180573	H2AC6	H2AC6:HGNC:4733	clustered	kidney	89.57166666666666	2.096295939667556	6	present_gold
18	3	ENSG00000180573	H2AC6	H2AC6:HGNC:4733	clustered	kidney epithelium	85.67	0.0	1	present_gold
18	3	ENSG00000180573	H2AC6	H2AC6:HGNC:4733	clustered	large intestine	86.545	0.5303300858899106	2	present_gold
18	3	ENSG00000180573	H2AC6	H2AC6:HGNC:4733	clustered	lateral globus pallidus	86.28999999999999	2.644579361637684	2	present_gold
18	3	ENSG00000180573	H2AC6	H2AC6:HGNC:4733	clustered	lateral nuclear group of thalamus	77.25	0.0	1	present_gold
18	3	ENSG00000180573	H2AC6	H2AC6:HGNC:4733	clustered	layer of synovial tissue	65.965	10.78337841309485	2	present_gold
18	3	ENSG00000180573	H2AC6	H2AC6:HGNC:4733	clustered	left adrenal gland	87.99625	3.476796298318326	8	present_gold
18	3	ENSG00000180573	H2AC6	H2AC6:HGNC:4733	clustered	left adrenal gland cortex	87.81	5.202515874898552	8	present_gold
18	3	ENSG00000180573	H2AC6	H2AC6:HGNC:4733	clustered	left coronary artery	83.63444444444445	3.207012282137033	9	present_gold
18	3	ENSG00000180573	H2AC6	H2AC6:HGNC:4733	clustered	left lobe of thyroid gland	84.27	5.024316868988259	11	present_gold
18	3	ENSG00000180573	H2AC6	H2AC6:HGNC:4733	clustered	left ovary	83.59200000000001	6.569837897543589	5	present_gold
18	3	ENSG00000180573	H2AC6	H2AC6:HGNC:4733	clustered	left testis	74.685	1.679747004759944	6	present_gold
18	3	ENSG00000180573	H2AC6	H2AC6:HGNC:4733	clustered	left uterine tube	73.055	6.342747827243341	2	present_gold
18	3	ENSG00000180573	H2AC6	H2AC6:HGNC:4733	clustered	left ventricle myocardium	78.13	0.0	1	present_gold
18	3	ENSG00000180573	H2AC6	H2AC6:HGNC:4733	clustered	leukocyte	97.76	0.0	1	present_gold
18	3	ENSG00000180573	H2AC6	H2AC6:HGNC:4733	clustered	liver	90.51190476190476	3.9024308053412287	21	present_gold
18	3	ENSG00000180573	H2AC6	H2AC6:HGNC:4733	clustered	lower esophagus	83.815	1.6758430714121209	2	present_gold
18	3	ENSG00000180573	H2AC6	H2AC6:HGNC:4733	clustered	lower esophagus mucosa	96.21	0.0	1	present_gold
18	3	ENSG00000180573	H2AC6	H2AC6:HGNC:4733	clustered	lower esophagus muscularis layer	83.33090909090909	3.770926821208428	11	present_gold
18	3	ENSG00000180573	H2AC6	H2AC6:HGNC:4733	clustered	lower lobe of lung	74.84125	4.6839008086972	8	present_gold
18	3	ENSG00000180573	H2AC6	H2AC6:HGNC:4733	clustered	lung	85.08947368421053	5.850555029400782	19	present_gold
18	3	ENSG00000180573	H2AC6	H2AC6:HGNC:4733	clustered	lymph node	84.04666666666667	7.981638094192614	6	present_gold
18	3	ENSG00000180573	H2AC6	H2AC6:HGNC:4733	clustered	male germ cell	0.0	0.0	0	observed_zero
18	3	ENSG00000180573	H2AC6	H2AC6:HGNC:4733	clustered	male germ line stem cell (sensu Vertebrata) in testis	82.12	0.0	1	present_gold
18	3	ENSG00000180573	H2AC6	H2AC6:HGNC:4733	clustered	mammalian vulva	83.702	3.173597327954507	5	present_gold
18	3	ENSG00000180573	H2AC6	H2AC6:HGNC:4733	clustered	mammary duct	79.41	0.0	1	present_gold
18	3	ENSG00000180573	H2AC6	H2AC6:HGNC:4733	clustered	mammary gland	83.35499999999999	1.1808683245815357	2	present_gold
18	3	ENSG00000180573	H2AC6	H2AC6:HGNC:4733	clustered	medial globus pallidus	88.0	2.994344669539561	3	present_gold
18	3	ENSG00000180573	H2AC6	H2AC6:HGNC:4733	clustered	medulla oblongata	79.56	1.6147693333724156	6	present_gold
18	3	ENSG00000180573	H2AC6	H2AC6:HGNC:4733	clustered	metanephric glomerulus	84.39714285714285	2.880374479621904	7	present_gold
18	3	ENSG00000180573	H2AC6	H2AC6:HGNC:4733	clustered	metanephros	82.5375	5.102348315563466	4	present_gold
18	3	ENSG00000180573	H2AC6	H2AC6:HGNC:4733	clustered	metanephros cortex	83.56	1.8526197667087576	2	present_gold
18	3	ENSG00000180573	H2AC6	H2AC6:HGNC:4733	clustered	midbrain	82.80199999999999	4.382364658492036	5	present_gold
18	3	ENSG00000180573	H2AC6	H2AC6:HGNC:4733	clustered	middle frontal gyrus	76.51	0.0	1	present_gold
18	3	ENSG00000180573	H2AC6	H2AC6:HGNC:4733	clustered	middle temporal gyrus	73.91499999999999	0.2757716446627539	2	present_gold
18	3	ENSG00000180573	H2AC6	H2AC6:HGNC:4733	clustered	minor salivary gland	83.686	5.12047133247191	10	present_gold
18	3	ENSG00000180573	H2AC6	H2AC6:HGNC:4733	clustered	monocyte	99.19	0.0	1	present_gold
18	3	ENSG00000180573	H2AC6	H2AC6:HGNC:4733	clustered	mononuclear cell	98.575	0.657609306503494	2	present_gold
18	3	ENSG00000180573	H2AC6	H2AC6:HGNC:4733	clustered	mouth mucosa	83.9925	5.817401338513043	4	present_gold
18	3	ENSG00000180573	H2AC6	H2AC6:HGNC:4733	clustered	mucosa of paranasal sinus	79.14	0.0	1	present_gold
18	3	ENSG00000180573	H2AC6	H2AC6:HGNC:4733	clustered	mucosa of sigmoid colon	89.54	0.0	1	present_gold
18	3	ENSG00000180573	H2AC6	H2AC6:HGNC:4733	clustered	mucosa of stomach	67.11	0.0	1	present_gold
18	3	ENSG00000180573	H2AC6	H2AC6:HGNC:4733	clustered	mucosa of transverse colon	94.27	0.0	1	present_gold
18	3	ENSG00000180573	H2AC6	H2AC6:HGNC:4733	clustered	mucosa of urinary bladder	0.0	0.0	0	observed_zero
18	3	ENSG00000180573	H2AC6	H2AC6:HGNC:4733	clustered	muscle layer of sigmoid colon	83.59363636363636	1.903219759918821	11	present_gold
18	3	ENSG00000180573	H2AC6	H2AC6:HGNC:4733	clustered	muscle of leg	89.00999999999999	1.9091883092036803	2	present_gold
18	3	ENSG00000180573	H2AC6	H2AC6:HGNC:4733	clustered	muscle organ	0.0	0.0	0	observed_zero
18	3	ENSG00000180573	H2AC6	H2AC6:HGNC:4733	clustered	muscle tissue	80.4	0.0	1	present_gold
18	3	ENSG00000180573	H2AC6	H2AC6:HGNC:4733	clustered	myocardium	83.56	3.137323700226037	5	present_gold
18	3	ENSG00000180573	H2AC6	H2AC6:HGNC:4733	clustered	myometrium	79.4	9.972835604781622	9	present_gold
18	3	ENSG00000180573	H2AC6	H2AC6:HGNC:4733	clustered	nasal cavity epithelium	80.41000000000001	3.258849490234247	3	present_gold
18	3	ENSG00000180573	H2AC6	H2AC6:HGNC:4733	clustered	nasal cavity mucosa	0.0	0.0	0	observed_zero
18	3	ENSG00000180573	H2AC6	H2AC6:HGNC:4733	clustered	nasopharynx	85.78	0.0	1	present_gold
18	3	ENSG00000180573	H2AC6	H2AC6:HGNC:4733	clustered	neocortex	68.03	0.0	1	present_gold
18	3	ENSG00000180573	H2AC6	H2AC6:HGNC:4733	clustered	nephron tubule	86.66375	2.161540042919136	8	present_gold
18	3	ENSG00000180573	H2AC6	H2AC6:HGNC:4733	clustered	nipple	77.10499999999999	3.8537319574666857	2	present_gold
18	3	ENSG00000180573	H2AC6	H2AC6:HGNC:4733	clustered	nucleus accumbens	82.89461538461539	5.70612188119715	13	present_gold
18	3	ENSG00000180573	H2AC6	H2AC6:HGNC:4733	clustered	occipital lobe	74.79666666666667	5.100356196711494	3	present_gold
18	3	ENSG00000180573	H2AC6	H2AC6:HGNC:4733	clustered	olfactory bulb	0.0	0.0	0	observed_zero
18	3	ENSG00000180573	H2AC6	H2AC6:HGNC:4733	clustered	olfactory segment of nasal mucosa	77.16	0.0	1	present_gold
18	3	ENSG00000180573	H2AC6	H2AC6:HGNC:4733	clustered	omental fat pad	86.50272727272727	1.9608370197907372	11	present_gold
18	3	ENSG00000180573	H2AC6	H2AC6:HGNC:4733	clustered	oocyte	0.0	0.0	0	observed_zero
18	3	ENSG00000180573	H2AC6	H2AC6:HGNC:4733	clustered	oral cavity	91.15833333333336	2.215702296489007	6	present_gold
18	3	ENSG00000180573	H2AC6	H2AC6:HGNC:4733	clustered	orbitofrontal cortex	0.0	0.0	0	observed_zero
18	3	ENSG00000180573	H2AC6	H2AC6:HGNC:4733	clustered	ovary	86.89	6.895452124407796	11	present_gold
18	3	ENSG00000180573	H2AC6	H2AC6:HGNC:4733	clustered	oviduct epithelium	90.86	3.00604391185491	3	present_gold
18	3	ENSG00000180573	H2AC6	H2AC6:HGNC:4733	clustered	palpebral conjunctiva	89.16166666666668	3.019857060634937	6	present_gold
18	3	ENSG00000180573	H2AC6	H2AC6:HGNC:4733	clustered	pancreas	83.45500000000001	0.0353553390593253	2	present_gold
18	3	ENSG00000180573	H2AC6	H2AC6:HGNC:4733	clustered	pancreatic ductal cell	0.0	0.0	0	observed_zero
18	3	ENSG00000180573	H2AC6	H2AC6:HGNC:4733	clustered	paraflocculus	71.0	0.0	1	present_gold
18	3	ENSG00000180573	H2AC6	H2AC6:HGNC:4733	clustered	parietal lobe	71.75	4.599739123037303	4	present_gold
18	3	ENSG00000180573	H2AC6	H2AC6:HGNC:4733	clustered	parietal pleura	87.0775	3.443412793532995	4	present_gold
18	3	ENSG00000180573	H2AC6	H2AC6:HGNC:4733	clustered	parotid gland	68.708	1.9649860050392176	5	present_gold
18	3	ENSG00000180573	H2AC6	H2AC6:HGNC:4733	clustered	penis	76.85	0.0	1	present_gold
18	3	ENSG00000180573	H2AC6	H2AC6:HGNC:4733	clustered	pericardium	95.89	0.0	1	present_gold
18	3	ENSG00000180573	H2AC6	H2AC6:HGNC:4733	clustered	periodontal ligament	93.01	0.0	1	present_gold
18	3	ENSG00000180573	H2AC6	H2AC6:HGNC:4733	clustered	peritoneum	86.03	0.0	1	present_gold
18	3	ENSG00000180573	H2AC6	H2AC6:HGNC:4733	clustered	pharyngeal mucosa	87.23333333333333	6.611099253023908	3	present_gold
18	3	ENSG00000180573	H2AC6	H2AC6:HGNC:4733	clustered	pigmented layer of retina	73.1925	8.173181245186395	4	present_gold
18	3	ENSG00000180573	H2AC6	H2AC6:HGNC:4733	clustered	pituitary gland	87.45357142857144	2.752969325998765	14	present_gold
18	3	ENSG00000180573	H2AC6	H2AC6:HGNC:4733	clustered	placenta	90.858	2.9709964658343164	5	present_gold
18	3	ENSG00000180573	H2AC6	H2AC6:HGNC:4733	clustered	pleura	85.01	0.0	1	present_gold
18	3	ENSG00000180573	H2AC6	H2AC6:HGNC:4733	clustered	pons	0.0	0.0	0	observed_zero
18	3	ENSG00000180573	H2AC6	H2AC6:HGNC:4733	clustered	popliteal artery	82.63	0.0	1	present_gold
18	3	ENSG00000180573	H2AC6	H2AC6:HGNC:4733	clustered	postcentral gyrus	72.94533333333334	5.919051404051964	15	present_gold
18	3	ENSG00000180573	H2AC6	H2AC6:HGNC:4733	clustered	prefrontal cortex	81.88111111111112	4.267418553541604	9	present_gold
18	3	ENSG00000180573	H2AC6	H2AC6:HGNC:4733	clustered	primary visual cortex	76.16166666666668	5.297721837419052	6	present_gold
18	3	ENSG00000180573	H2AC6	H2AC6:HGNC:4733	clustered	primordial germ cell in gonad	81.09	0.0	1	present_gold
18	3	ENSG00000180573	H2AC6	H2AC6:HGNC:4733	clustered	prostate gland	91.685	3.713262716264498	16	present_gold
18	3	ENSG00000180573	H2AC6	H2AC6:HGNC:4733	clustered	putamen	84.70928571428571	5.921512883982002	14	present_gold
18	3	ENSG00000180573	H2AC6	H2AC6:HGNC:4733	clustered	pylorus	88.52	7.847362614280039	3	present_gold
18	3	ENSG00000180573	H2AC6	H2AC6:HGNC:4733	clustered	quadriceps femoris	83.89399999999999	2.9025902225426186	5	present_gold
18	3	ENSG00000180573	H2AC6	H2AC6:HGNC:4733	clustered	rectum	90.135	0.007071067811869	2	present_gold
18	3	ENSG00000180573	H2AC6	H2AC6:HGNC:4733	clustered	renal glomerulus	87.05	0.0	1	present_gold
18	3	ENSG00000180573	H2AC6	H2AC6:HGNC:4733	clustered	renal medulla	90.31666666666666	3.849757568124697	3	present_gold
18	3	ENSG00000180573	H2AC6	H2AC6:HGNC:4733	clustered	retina	73.98	0.0	1	present_gold
18	3	ENSG00000180573	H2AC6	H2AC6:HGNC:4733	clustered	right adrenal gland	91.044	2.558579684121642	5	present_gold
18	3	ENSG00000180573	H2AC6	H2AC6:HGNC:4733	clustered	right adrenal gland cortex	92.02333333333333	1.7307898004475697	3	present_gold
18	3	ENSG00000180573	H2AC6	H2AC6:HGNC:4733	clustered	right atrium auricular region	84.16727272727273	3.249812582008662	11	present_gold
18	3	ENSG00000180573	H2AC6	H2AC6:HGNC:4733	clustered	right coronary artery	82.505	0.8273149339882618	2	present_gold
18	3	ENSG00000180573	H2AC6	H2AC6:HGNC:4733	clustered	right frontal lobe	79.03333333333333	3.299537846426376	9	present_gold
18	3	ENSG00000180573	H2AC6	H2AC6:HGNC:4733	clustered	right hemisphere of cerebellum	76.0311111111111	4.584379577555843	9	present_gold
18	3	ENSG00000180573	H2AC6	H2AC6:HGNC:4733	clustered	right lobe of liver	91.31	3.8510777712219735	9	present_gold
18	3	ENSG00000180573	H2AC6	H2AC6:HGNC:4733	clustered	right lobe of thyroid gland	87.3675	4.384237187275083	8	present_gold
18	3	ENSG00000180573	H2AC6	H2AC6:HGNC:4733	clustered	right lung	90.645	3.3446150750123724	2	present_gold
18	3	ENSG00000180573	H2AC6	H2AC6:HGNC:4733	clustered	right ovary	80.248	6.897363264320647	5	present_gold
18	3	ENSG00000180573	H2AC6	H2AC6:HGNC:4733	clustered	right testis	74.488	3.760534536472176	5	present_gold
18	3	ENSG00000180573	H2AC6	H2AC6:HGNC:4733	clustered	right uterine tube	90.54	0.0	1	present_gold
18	3	ENSG00000180573	H2AC6	H2AC6:HGNC:4733	clustered	saliva-secreting gland	78.862	4.652361765813146	5	present_gold
18	3	ENSG00000180573	H2AC6	H2AC6:HGNC:4733	clustered	saphenous vein	0.0	0.0	0	observed_zero
18	3	ENSG00000180573	H2AC6	H2AC6:HGNC:4733	clustered	secondary oocyte	0.0	0.0	0	observed_zero
18	3	ENSG00000180573	H2AC6	H2AC6:HGNC:4733	clustered	seminal vesicle	83.27	0.0	1	present_gold
18	3	ENSG00000180573	H2AC6	H2AC6:HGNC:4733	clustered	sigmoid colon	84.1075	1.0690611145611169	4	present_gold
18	3	ENSG00000180573	H2AC6	H2AC6:HGNC:4733	clustered	skeletal muscle tissue	81.73333333333333	1.0821390853305302	9	present_gold
18	3	ENSG00000180573	H2AC6	H2AC6:HGNC:4733	clustered	skeletal muscle tissue of biceps brachii	85.085	1.3930003589374975	2	present_gold
18	3	ENSG00000180573	H2AC6	H2AC6:HGNC:4733	clustered	skeletal muscle tissue of rectus abdominis	0.0	0.0	0	observed_zero
18	3	ENSG00000180573	H2AC6	H2AC6:HGNC:4733	clustered	skin of abdomen	87.78999999999999	1.4403317519084142	10	present_gold
18	3	ENSG00000180573	H2AC6	H2AC6:HGNC:4733	clustered	skin of hip	77.45	0.0	1	present_gold
18	3	ENSG00000180573	H2AC6	H2AC6:HGNC:4733	clustered	skin of leg	86.67166666666667	2.008789021608127	12	present_gold
18	3	ENSG00000180573	H2AC6	H2AC6:HGNC:4733	clustered	small intestine	86.075	0.0919238815542479	2	present_gold
18	3	ENSG00000180573	H2AC6	H2AC6:HGNC:4733	clustered	small intestine Peyer's patch	83.69636363636363	4.611906921713129	11	present_gold
18	3	ENSG00000180573	H2AC6	H2AC6:HGNC:4733	clustered	smooth muscle tissue	80.83	0.0	1	present_gold
18	3	ENSG00000180573	H2AC6	H2AC6:HGNC:4733	clustered	sperm	83.88	0.0	1	present_gold
18	3	ENSG00000180573	H2AC6	H2AC6:HGNC:4733	clustered	spinal cord	88.273	4.575004675164582	10	present_gold
18	3	ENSG00000180573	H2AC6	H2AC6:HGNC:4733	clustered	spleen	90.17416666666666	1.725653806708072	12	present_gold
18	3	ENSG00000180573	H2AC6	H2AC6:HGNC:4733	clustered	squamous epithelium	0.0	0.0	0	observed_zero
18	3	ENSG00000180573	H2AC6	H2AC6:HGNC:4733	clustered	stomach	88.92	7.510120444500812	12	present_gold
18	3	ENSG00000180573	H2AC6	H2AC6:HGNC:4733	clustered	stromal cell of endometrium	81.26	0.0	1	present_gold
18	3	ENSG00000180573	H2AC6	H2AC6:HGNC:4733	clustered	subcutaneous adipose tissue	77.82894736842105	3.309372036331636	19	present_gold
18	3	ENSG00000180573	H2AC6	H2AC6:HGNC:4733	clustered	substantia nigra	87.208	3.390237687677276	20	present_gold
18	3	ENSG00000180573	H2AC6	H2AC6:HGNC:4733	clustered	substantia nigra pars compacta	81.225	0.5444722215136388	2	present_gold
18	3	ENSG00000180573	H2AC6	H2AC6:HGNC:4733	clustered	substantia nigra pars reticulata	84.5	1.5414927829866785	2	present_gold
18	3	ENSG00000180573	H2AC6	H2AC6:HGNC:4733	clustered	subthalamic nucleus	83.605	3.640835853795897	8	present_gold
18	3	ENSG00000180573	H2AC6	H2AC6:HGNC:4733	clustered	superficial temporal artery	0.0	0.0	0	observed_zero
18	3	ENSG00000180573	H2AC6	H2AC6:HGNC:4733	clustered	superior frontal gyrus	72.13904761904762	4.377960603707971	21	present_gold
18	3	ENSG00000180573	H2AC6	H2AC6:HGNC:4733	clustered	superior surface of tongue	82.345	10.062129496284564	2	present_gold
18	3	ENSG00000180573	H2AC6	H2AC6:HGNC:4733	clustered	superior vestibular nucleus	78.038	1.5605351646150083	5	present_gold
18	3	ENSG00000180573	H2AC6	H2AC6:HGNC:4733	clustered	sural nerve	0.0	0.0	0	observed_zero
18	3	ENSG00000180573	H2AC6	H2AC6:HGNC:4733	clustered	synovial joint	70.41	0.0	1	present_gold
18	3	ENSG00000180573	H2AC6	H2AC6:HGNC:4733	clustered	telencephalon	81.91499999999999	0.2474873734152976	2	present_gold
18	3	ENSG00000180573	H2AC6	H2AC6:HGNC:4733	clustered	temporal lobe	75.73571428571428	6.785629072146656	7	present_gold
18	3	ENSG00000180573	H2AC6	H2AC6:HGNC:4733	clustered	tendon	65.15666666666667	6.336642118135864	3	present_gold
18	3	ENSG00000180573	H2AC6	H2AC6:HGNC:4733	clustered	tendon of biceps brachii	0.0	0.0	0	observed_zero
18	3	ENSG00000180573	H2AC6	H2AC6:HGNC:4733	clustered	testis	81.27	11.643835994493683	13	present_gold
18	3	ENSG00000180573	H2AC6	H2AC6:HGNC:4733	clustered	thoracic aorta	81.93666666666667	0.8325543025332718	6	present_gold
18	3	ENSG00000180573	H2AC6	H2AC6:HGNC:4733	clustered	thoracic mammary gland	84.146	3.441245206524605	15	present_gold
18	3	ENSG00000180573	H2AC6	H2AC6:HGNC:4733	clustered	thymus	93.245	5.231739672422549	4	present_gold
18	3	ENSG00000180573	H2AC6	H2AC6:HGNC:4733	clustered	thyroid gland	86.93235294117646	2.368864520745553	17	present_gold
18	3	ENSG00000180573	H2AC6	H2AC6:HGNC:4733	clustered	tibia	84.62	0.0	1	present_gold
18	3	ENSG00000180573	H2AC6	H2AC6:HGNC:4733	clustered	tibial artery	82.70636363636363	2.531944994375955	11	present_gold
18	3	ENSG00000180573	H2AC6	H2AC6:HGNC:4733	clustered	tibial nerve	77.24727272727273	4.063001577427926	11	present_gold
18	3	ENSG00000180573	H2AC6	H2AC6:HGNC:4733	clustered	tibialis anterior	85.53	0.0	1	present_gold
18	3	ENSG00000180573	H2AC6	H2AC6:HGNC:4733	clustered	tongue	79.69	0.0	1	present_gold
18	3	ENSG00000180573	H2AC6	H2AC6:HGNC:4733	clustered	tongue squamous epithelium	81.33	0.0	1	present_gold
18	3	ENSG00000180573	H2AC6	H2AC6:HGNC:4733	clustered	tonsil	80.47	3.9798793951576	6	present_gold
18	3	ENSG00000180573	H2AC6	H2AC6:HGNC:4733	clustered	trabecular bone tissue	91.035	1.4793129035693116	4	present_gold
18	3	ENSG00000180573	H2AC6	H2AC6:HGNC:4733	clustered	trachea	89.2	0.0	1	present_gold
18	3	ENSG00000180573	H2AC6	H2AC6:HGNC:4733	clustered	transverse colon	85.977	2.3973598904721087	10	present_gold
18	3	ENSG00000180573	H2AC6	H2AC6:HGNC:4733	clustered	triceps brachii	83.91	0.0	1	present_gold
18	3	ENSG00000180573	H2AC6	H2AC6:HGNC:4733	clustered	trigeminal ganglion	76.99600000000001	2.7041505135624377	5	present_gold
18	3	ENSG00000180573	H2AC6	H2AC6:HGNC:4733	clustered	type B pancreatic cell	0.0	0.0	0	observed_zero
18	3	ENSG00000180573	H2AC6	H2AC6:HGNC:4733	clustered	upper arm skin	67.83	0.0	1	present_gold
18	3	ENSG00000180573	H2AC6	H2AC6:HGNC:4733	clustered	upper leg skin	89.46	0.0	1	present_gold
18	3	ENSG00000180573	H2AC6	H2AC6:HGNC:4733	clustered	upper lobe of left lung	87.39	3.2116262013414403	8	present_gold
18	3	ENSG00000180573	H2AC6	H2AC6:HGNC:4733	clustered	upper lobe of lung	78.33	5.398042855208422	4	present_gold
18	3	ENSG00000180573	H2AC6	H2AC6:HGNC:4733	clustered	urethra	74.26333333333334	7.107857154820522	3	present_gold
18	3	ENSG00000180573	H2AC6	H2AC6:HGNC:4733	clustered	urinary bladder	81.1525	2.4465938421755733	8	present_gold
18	3	ENSG00000180573	H2AC6	H2AC6:HGNC:4733	clustered	uterine cervix	84.4	5.701170932361179	5	present_gold
18	3	ENSG00000180573	H2AC6	H2AC6:HGNC:4733	clustered	uterus	84.70500000000001	0.473761543394988	2	present_gold
18	3	ENSG00000180573	H2AC6	H2AC6:HGNC:4733	clustered	vagina	95.305	3.5699388841216373	12	present_gold
18	3	ENSG00000180573	H2AC6	H2AC6:HGNC:4733	clustered	vastus lateralis	82.30666666666667	3.24771458105542	9	present_gold
18	3	ENSG00000180573	H2AC6	H2AC6:HGNC:4733	clustered	vena cava	0.0	0.0	0	observed_zero
18	3	ENSG00000180573	H2AC6	H2AC6:HGNC:4733	clustered	ventral tegmental area	80.1275	5.120334461731964	4	present_gold
18	3	ENSG00000180573	H2AC6	H2AC6:HGNC:4733	clustered	ventricular zone	76.505	0.0636396103067916	2	present_gold
18	3	ENSG00000180573	H2AC6	H2AC6:HGNC:4733	clustered	vermiform appendix	78.6125	5.396284987532321	4	present_gold
18	3	ENSG00000180573	H2AC6	H2AC6:HGNC:4733	clustered	visceral pleura	81.605	5.429785140009383	4	present_gold
18	3	ENSG00000180573	H2AC6	H2AC6:HGNC:4733	clustered	zone of skin	84.56857142857143	4.404284377639672	14	present_gold
19	4	ENSG00000196866	H2AC7	H2AC7:HGNC:4729	clustered	Ammon's horn	37.446	11.930898122102962	5	present_gold
19	4	ENSG00000196866	H2AC7	H2AC7:HGNC:4729	clustered	Brodmann (1909) area 9	39.235	8.899417583939599	4	present_gold
19	4	ENSG00000196866	H2AC7	H2AC7:HGNC:4729	clustered	C1 segment of cervical spinal cord	54.98125	11.004768365836435	8	present_gold
19	4	ENSG00000196866	H2AC7	H2AC7:HGNC:4729	clustered	adenohypophysis	33.68	0.0	1	present_gold
19	4	ENSG00000196866	H2AC7	H2AC7:HGNC:4729	clustered	adipose tissue	40.02	8.047912772887141	3	present_gold
19	4	ENSG00000196866	H2AC7	H2AC7:HGNC:4729	clustered	adrenal gland	42.080000000000005	10.020663650677037	3	present_gold
19	4	ENSG00000196866	H2AC7	H2AC7:HGNC:4729	clustered	adrenal tissue	91.91	3.065632071857288	3	present_gold
19	4	ENSG00000196866	H2AC7	H2AC7:HGNC:4729	clustered	adult mammalian kidney	51.8725	18.54206857777355	8	present_gold
19	4	ENSG00000196866	H2AC7	H2AC7:HGNC:4729	clustered	amygdala	30.68	0.0707106781186557	2	present_gold
19	4	ENSG00000196866	H2AC7	H2AC7:HGNC:4729	clustered	anterior cingulate cortex	29.63	1.4369759914487092	3	present_gold
19	4	ENSG00000196866	H2AC7	H2AC7:HGNC:4729	clustered	apex of heart	0.0	0.0	0	observed_zero
19	4	ENSG00000196866	H2AC7	H2AC7:HGNC:4729	clustered	ascending aorta	34.964	5.408555362674131	10	present_gold
19	4	ENSG00000196866	H2AC7	H2AC7:HGNC:4729	clustered	blood	71.580625	5.941550267677059	16	present_gold
19	4	ENSG00000196866	H2AC7	H2AC7:HGNC:4729	clustered	body of pancreas	34.50333333333333	3.409550312480127	3	present_gold
19	4	ENSG00000196866	H2AC7	H2AC7:HGNC:4729	clustered	body of stomach	37.561	9.890463925755284	10	present_gold
19	4	ENSG00000196866	H2AC7	H2AC7:HGNC:4729	clustered	body of uterus	38.24	9.135819612930195	2	present_gold
19	4	ENSG00000196866	H2AC7	H2AC7:HGNC:4729	clustered	bone marrow	64.32	0.0	1	present_gold
19	4	ENSG00000196866	H2AC7	H2AC7:HGNC:4729	clustered	bone marrow cell	97.24	0.0	1	present_gold
19	4	ENSG00000196866	H2AC7	H2AC7:HGNC:4729	clustered	brain	30.096666666666664	0.4718403684863494	3	present_gold
19	4	ENSG00000196866	H2AC7	H2AC7:HGNC:4729	clustered	calcaneal tendon	85.762	3.65838352281441	5	present_gold
19	4	ENSG00000196866	H2AC7	H2AC7:HGNC:4729	clustered	caudate nucleus	34.02	5.539801440485029	4	present_gold
19	4	ENSG00000196866	H2AC7	H2AC7:HGNC:4729	clustered	cerebellar cortex	0.0	0.0	0	observed_zero
19	4	ENSG00000196866	H2AC7	H2AC7:HGNC:4729	clustered	cerebellar hemisphere	0.0	0.0	0	observed_zero
19	4	ENSG00000196866	H2AC7	H2AC7:HGNC:4729	clustered	cerebellum	0.0	0.0	0	observed_zero
19	4	ENSG00000196866	H2AC7	H2AC7:HGNC:4729	clustered	cerebral cortex	29.26	0.0	1	present_gold
19	4	ENSG00000196866	H2AC7	H2AC7:HGNC:4729	clustered	colon	59.18333333333333	29.67057591284672	9	present_gold
19	4	ENSG00000196866	H2AC7	H2AC7:HGNC:4729	clustered	colonic epithelium	73.21	0.0	1	present_gold
19	4	ENSG00000196866	H2AC7	H2AC7:HGNC:4729	clustered	corpus callosum	86.745	1.933054577605089	4	present_gold
19	4	ENSG00000196866	H2AC7	H2AC7:HGNC:4729	clustered	cortex of kidney	43.39	0.0	1	present_gold
19	4	ENSG00000196866	H2AC7	H2AC7:HGNC:4729	clustered	cortical plate	0.0	0.0	0	observed_zero
19	4	ENSG00000196866	H2AC7	H2AC7:HGNC:4729	clustered	descending thoracic aorta	44.26	0.0	1	present_gold
19	4	ENSG00000196866	H2AC7	H2AC7:HGNC:4729	clustered	dorsolateral prefrontal cortex	34.123333333333335	8.04898958462075	3	present_gold
19	4	ENSG00000196866	H2AC7	H2AC7:HGNC:4729	clustered	duodenum	34.62	0.0	1	present_gold
19	4	ENSG00000196866	H2AC7	H2AC7:HGNC:4729	clustered	ectocervix	71.45	13.19746945440678	3	present_gold
19	4	ENSG00000196866	H2AC7	H2AC7:HGNC:4729	clustered	endocervix	56.665	21.09299528279471	2	present_gold
19	4	ENSG00000196866	H2AC7	H2AC7:HGNC:4729	clustered	endometrium	31.16	0.0	1	present_gold
19	4	ENSG00000196866	H2AC7	H2AC7:HGNC:4729	clustered	esophagogastric junction muscularis propria	32.982	5.606636246449382	5	present_gold
19	4	ENSG00000196866	H2AC7	H2AC7:HGNC:4729	clustered	esophagus	44.975	0.9982818573262084	4	present_gold
19	4	ENSG00000196866	H2AC7	H2AC7:HGNC:4729	clustered	esophagus mucosa	54.6109090909091	8.159808152824985	11	present_gold
19	4	ENSG00000196866	H2AC7	H2AC7:HGNC:4729	clustered	fallopian tube	26.66	0.0	1	present_gold
19	4	ENSG00000196866	H2AC7	H2AC7:HGNC:4729	clustered	frontal cortex	29.57333333333333	4.120440914918371	3	present_gold
19	4	ENSG00000196866	H2AC7	H2AC7:HGNC:4729	clustered	fundus of stomach	50.01	3.120913327857726	3	present_gold
19	4	ENSG00000196866	H2AC7	H2AC7:HGNC:4729	clustered	gall bladder	44.46	0.0	1	present_gold
19	4	ENSG00000196866	H2AC7	H2AC7:HGNC:4729	clustered	ganglionic eminence	57.155	0.2474873734152926	2	present_gold
19	4	ENSG00000196866	H2AC7	H2AC7:HGNC:4729	clustered	gastrocnemius	29.52	0.0	1	present_gold
19	4	ENSG00000196866	H2AC7	H2AC7:HGNC:4729	clustered	granulocyte	66.43	0.0	1	present_gold
19	4	ENSG00000196866	H2AC7	H2AC7:HGNC:4729	clustered	heart	58.95875	28.512064332489157	8	present_gold
19	4	ENSG00000196866	H2AC7	H2AC7:HGNC:4729	clustered	heart left ventricle	34.845	3.1768492927067595	8	present_gold
19	4	ENSG00000196866	H2AC7	H2AC7:HGNC:4729	clustered	hindlimb stylopod muscle	49.01	0.0	1	present_gold
19	4	ENSG00000196866	H2AC7	H2AC7:HGNC:4729	clustered	hypothalamus	36.92	5.378890839816948	4	present_gold
19	4	ENSG00000196866	H2AC7	H2AC7:HGNC:4729	clustered	intestine	81.9225	27.26357444772543	4	present_gold
19	4	ENSG00000196866	H2AC7	H2AC7:HGNC:4729	clustered	islet of Langerhans	37.2075	2.9608712118789184	4	present_gold
19	4	ENSG00000196866	H2AC7	H2AC7:HGNC:4729	clustered	kidney	84.3325	24.6338417290794	4	present_gold
19	4	ENSG00000196866	H2AC7	H2AC7:HGNC:4729	clustered	left adrenal gland	41.9525	12.473869688272362	4	present_gold
19	4	ENSG00000196866	H2AC7	H2AC7:HGNC:4729	clustered	left adrenal gland cortex	52.345	4.292138161802344	2	present_gold
19	4	ENSG00000196866	H2AC7	H2AC7:HGNC:4729	clustered	left coronary artery	47.49666666666667	11.289498955519091	6	present_gold
19	4	ENSG00000196866	H2AC7	H2AC7:HGNC:4729	clustered	left lobe of thyroid gland	34.3725	10.664754702155266	8	present_gold
19	4	ENSG00000196866	H2AC7	H2AC7:HGNC:4729	clustered	left ovary	44.362	11.395346418604392	5	present_gold
19	4	ENSG00000196866	H2AC7	H2AC7:HGNC:4729	clustered	left testis	27.444	4.564102321377118	5	present_gold
19	4	ENSG00000196866	H2AC7	H2AC7:HGNC:4729	clustered	left uterine tube	0.0	0.0	0	observed_zero
19	4	ENSG00000196866	H2AC7	H2AC7:HGNC:4729	clustered	leukocyte	68.51	0.0	1	present_gold
19	4	ENSG00000196866	H2AC7	H2AC7:HGNC:4729	clustered	liver	49.57125	3.537628089553792	8	present_gold
19	4	ENSG00000196866	H2AC7	H2AC7:HGNC:4729	clustered	lower esophagus	31.48	0.8202438661763978	2	present_gold
19	4	ENSG00000196866	H2AC7	H2AC7:HGNC:4729	clustered	lower esophagus mucosa	73.05	0.0	1	present_gold
19	4	ENSG00000196866	H2AC7	H2AC7:HGNC:4729	clustered	lower esophagus muscularis layer	32.107777777777784	1.3921007307104056	9	present_gold
19	4	ENSG00000196866	H2AC7	H2AC7:HGNC:4729	clustered	lung	64.38714285714285	23.140062456186037	7	present_gold
19	4	ENSG00000196866	H2AC7	H2AC7:HGNC:4729	clustered	lymph node	45.645	0.7141778489984116	2	present_gold
19	4	ENSG00000196866	H2AC7	H2AC7:HGNC:4729	clustered	male germ line stem cell (sensu Vertebrata) in testis	88.5	0.0	1	present_gold
19	4	ENSG00000196866	H2AC7	H2AC7:HGNC:4729	clustered	metanephros cortex	42.74	7.665037508062173	2	present_gold
19	4	ENSG00000196866	H2AC7	H2AC7:HGNC:4729	clustered	minor salivary gland	49.06	5.819752081121177	8	present_gold
19	4	ENSG00000196866	H2AC7	H2AC7:HGNC:4729	clustered	monocyte	48.98	0.0	1	present_gold
19	4	ENSG00000196866	H2AC7	H2AC7:HGNC:4729	clustered	mucosa of stomach	0.0	0.0	0	observed_zero
19	4	ENSG00000196866	H2AC7	H2AC7:HGNC:4729	clustered	mucosa of transverse colon	54.22	0.0	1	present_gold
19	4	ENSG00000196866	H2AC7	H2AC7:HGNC:4729	clustered	muscle layer of sigmoid colon	39.06777777777778	7.8334519494565376	9	present_gold
19	4	ENSG00000196866	H2AC7	H2AC7:HGNC:4729	clustered	muscle of leg	33.61	0.0	1	present_gold
19	4	ENSG00000196866	H2AC7	H2AC7:HGNC:4729	clustered	muscle tissue	0.0	0.0	0	observed_zero
19	4	ENSG00000196866	H2AC7	H2AC7:HGNC:4729	clustered	myometrium	38.7125	10.654577654698477	4	present_gold
19	4	ENSG00000196866	H2AC7	H2AC7:HGNC:4729	clustered	nucleus accumbens	28.763333333333332	0.8467782078757894	3	present_gold
19	4	ENSG00000196866	H2AC7	H2AC7:HGNC:4729	clustered	olfactory segment of nasal mucosa	45.33	0.0	1	present_gold
19	4	ENSG00000196866	H2AC7	H2AC7:HGNC:4729	clustered	omental fat pad	40.899	7.324489288225721	10	present_gold
19	4	ENSG00000196866	H2AC7	H2AC7:HGNC:4729	clustered	ovary	38.10333333333333	1.040016025517555	3	present_gold
19	4	ENSG00000196866	H2AC7	H2AC7:HGNC:4729	clustered	pancreas	31.26	1.0889444430272852	2	present_gold
19	4	ENSG00000196866	H2AC7	H2AC7:HGNC:4729	clustered	pituitary gland	38.04375	6.338778470651898	8	present_gold
19	4	ENSG00000196866	H2AC7	H2AC7:HGNC:4729	clustered	placenta	43.99	0.0	1	present_gold
19	4	ENSG00000196866	H2AC7	H2AC7:HGNC:4729	clustered	popliteal artery	30.59	0.0	1	present_gold
19	4	ENSG00000196866	H2AC7	H2AC7:HGNC:4729	clustered	prefrontal cortex	38.86	7.646920948983321	5	present_gold
19	4	ENSG00000196866	H2AC7	H2AC7:HGNC:4729	clustered	primary visual cortex	49.75	0.0	1	present_gold
19	4	ENSG00000196866	H2AC7	H2AC7:HGNC:4729	clustered	primordial germ cell in gonad	85.55	0.0	1	present_gold
19	4	ENSG00000196866	H2AC7	H2AC7:HGNC:4729	clustered	prostate gland	50.80125	6.091728437573598	8	present_gold
19	4	ENSG00000196866	H2AC7	H2AC7:HGNC:4729	clustered	putamen	37.53666666666666	4.801253308599052	3	present_gold
19	4	ENSG00000196866	H2AC7	H2AC7:HGNC:4729	clustered	rectum	33.32	0.0	1	present_gold
19	4	ENSG00000196866	H2AC7	H2AC7:HGNC:4729	clustered	right adrenal gland	50.010000000000005	13.859292911256333	2	present_gold
19	4	ENSG00000196866	H2AC7	H2AC7:HGNC:4729	clustered	right adrenal gland cortex	42.445	4.74468650176173	2	present_gold
19	4	ENSG00000196866	H2AC7	H2AC7:HGNC:4729	clustered	right atrium auricular region	43.2575	3.443892108812767	8	present_gold
19	4	ENSG00000196866	H2AC7	H2AC7:HGNC:4729	clustered	right coronary artery	0.0	0.0	0	observed_zero
19	4	ENSG00000196866	H2AC7	H2AC7:HGNC:4729	clustered	right frontal lobe	29.9	4.675567701716373	4	present_gold
19	4	ENSG00000196866	H2AC7	H2AC7:HGNC:4729	clustered	right hemisphere of cerebellum	23.74	0.0	1	present_gold
19	4	ENSG00000196866	H2AC7	H2AC7:HGNC:4729	clustered	right lobe of liver	49.27285714285714	8.92444155915972	7	present_gold
19	4	ENSG00000196866	H2AC7	H2AC7:HGNC:4729	clustered	right lobe of thyroid gland	34.53	3.3941125496954263	2	present_gold
19	4	ENSG00000196866	H2AC7	H2AC7:HGNC:4729	clustered	right lung	68.98	0.0	1	present_gold
19	4	ENSG00000196866	H2AC7	H2AC7:HGNC:4729	clustered	right ovary	45.06	8.456997102991108	2	present_gold
19	4	ENSG00000196866	H2AC7	H2AC7:HGNC:4729	clustered	right testis	37.49	8.37214428924872	2	present_gold
19	4	ENSG00000196866	H2AC7	H2AC7:HGNC:4729	clustered	right uterine tube	47.46	0.0	1	present_gold
19	4	ENSG00000196866	H2AC7	H2AC7:HGNC:4729	clustered	saliva-secreting gland	44.55	0.0	1	present_gold
19	4	ENSG00000196866	H2AC7	H2AC7:HGNC:4729	clustered	skeletal muscle tissue	0.0	0.0	0	observed_zero
19	4	ENSG00000196866	H2AC7	H2AC7:HGNC:4729	clustered	skin of abdomen	47.63666666666667	9.700552819298496	9	present_gold
19	4	ENSG00000196866	H2AC7	H2AC7:HGNC:4729	clustered	skin of leg	40.94555555555556	4.662076015872949	9	present_gold
19	4	ENSG00000196866	H2AC7	H2AC7:HGNC:4729	clustered	small intestine	39.725	1.5344217151748092	2	present_gold
19	4	ENSG00000196866	H2AC7	H2AC7:HGNC:4729	clustered	small intestine Peyer's patch	42.03333333333333	7.329824349873604	9	present_gold
19	4	ENSG00000196866	H2AC7	H2AC7:HGNC:4729	clustered	smooth muscle tissue	0.0	0.0	0	observed_zero
19	4	ENSG00000196866	H2AC7	H2AC7:HGNC:4729	clustered	spleen	48.408181818181816	7.856846464303369	11	present_gold
19	4	ENSG00000196866	H2AC7	H2AC7:HGNC:4729	clustered	stomach	66.8625	28.26486033125681	12	present_gold
19	4	ENSG00000196866	H2AC7	H2AC7:HGNC:4729	clustered	stromal cell of endometrium	0.0	0.0	0	observed_zero
19	4	ENSG00000196866	H2AC7	H2AC7:HGNC:4729	clustered	subcutaneous adipose tissue	33.11714285714286	4.98809821570544	7	present_gold
19	4	ENSG00000196866	H2AC7	H2AC7:HGNC:4729	clustered	substantia nigra	41.16571428571428	7.698404287346085	7	present_gold
19	4	ENSG00000196866	H2AC7	H2AC7:HGNC:4729	clustered	superior frontal gyrus	0.0	0.0	0	observed_zero
19	4	ENSG00000196866	H2AC7	H2AC7:HGNC:4729	clustered	sural nerve	0.0	0.0	0	observed_zero
19	4	ENSG00000196866	H2AC7	H2AC7:HGNC:4729	clustered	temporal lobe	0.0	0.0	0	observed_zero
19	4	ENSG00000196866	H2AC7	H2AC7:HGNC:4729	clustered	testis	32.8	10.582694993872463	7	present_gold
19	4	ENSG00000196866	H2AC7	H2AC7:HGNC:4729	clustered	thoracic aorta	33.73666666666667	1.896213771352446	6	present_gold
19	4	ENSG00000196866	H2AC7	H2AC7:HGNC:4729	clustered	thoracic mammary gland	41.66857142857143	7.142155203604927	7	present_gold
19	4	ENSG00000196866	H2AC7	H2AC7:HGNC:4729	clustered	thyroid gland	35.367777777777775	3.8342658286097535	9	present_gold
19	4	ENSG00000196866	H2AC7	H2AC7:HGNC:4729	clustered	tibial artery	38.26166666666666	8.64437254325996	6	present_gold
19	4	ENSG00000196866	H2AC7	H2AC7:HGNC:4729	clustered	tibial nerve	37.27	5.656149308496021	9	present_gold
19	4	ENSG00000196866	H2AC7	H2AC7:HGNC:4729	clustered	tonsil	55.24666666666667	13.67154831514461	3	present_gold
19	4	ENSG00000196866	H2AC7	H2AC7:HGNC:4729	clustered	transverse colon	37.197	3.3290407360412733	10	present_gold
19	4	ENSG00000196866	H2AC7	H2AC7:HGNC:4729	clustered	upper lobe of left lung	45.27333333333333	8.90120141703729	6	present_gold
19	4	ENSG00000196866	H2AC7	H2AC7:HGNC:4729	clustered	urinary bladder	41.42	6.029129290370214	3	present_gold
19	4	ENSG00000196866	H2AC7	H2AC7:HGNC:4729	clustered	uterine cervix	53.7	0.0	1	present_gold
19	4	ENSG00000196866	H2AC7	H2AC7:HGNC:4729	clustered	vagina	61.592	4.756424076972109	5	present_gold
19	4	ENSG00000196866	H2AC7	H2AC7:HGNC:4729	clustered	ventricular zone	57.355	13.866363979068195	2	present_gold
19	4	ENSG00000196866	H2AC7	H2AC7:HGNC:4729	clustered	vermiform appendix	37.26	0.0	1	present_gold
19	4	ENSG00000196866	H2AC7	H2AC7:HGNC:4729	clustered	zone of skin	42.93	0.3535533905932738	2	present_gold
20	5	ENSG00000277075	H2AC8	H2AC8:HGNC:4724	clustered	Ammon's horn	57.642	4.959815856796835	10	present_gold
20	5	ENSG00000277075	H2AC8	H2AC8:HGNC:4724	clustered	Brodmann (1909) area 10	0.0	0.0	0	observed_zero
20	5	ENSG00000277075	H2AC8	H2AC8:HGNC:4724	clustered	Brodmann (1909) area 23	0.0	0.0	0	observed_zero
20	5	ENSG00000277075	H2AC8	H2AC8:HGNC:4724	clustered	Brodmann (1909) area 46	0.0	0.0	0	observed_zero
20	5	ENSG00000277075	H2AC8	H2AC8:HGNC:4724	clustered	Brodmann (1909) area 9	60.97625	5.796151278465491	8	present_gold
20	5	ENSG00000277075	H2AC8	H2AC8:HGNC:4724	clustered	C1 segment of cervical spinal cord	79.9388888888889	4.815852584030278	9	present_gold
20	5	ENSG00000277075	H2AC8	H2AC8:HGNC:4724	clustered	CA1 field of hippocampus	0.0	0.0	0	observed_zero
20	5	ENSG00000277075	H2AC8	H2AC8:HGNC:4724	clustered	adenohypophysis	65.43666666666667	2.248027283345705	6	present_gold
20	5	ENSG00000277075	H2AC8	H2AC8:HGNC:4724	clustered	adipose tissue	52.031000000000006	2.8967623689599087	10	present_gold
20	5	ENSG00000277075	H2AC8	H2AC8:HGNC:4724	clustered	adipose tissue of abdominal region	59.674	3.5720624294656447	5	present_gold
20	5	ENSG00000277075	H2AC8	H2AC8:HGNC:4724	clustered	adrenal cortex	63.79	0.0	1	present_gold
20	5	ENSG00000277075	H2AC8	H2AC8:HGNC:4724	clustered	adrenal gland	74.29249999999999	6.810787399412786	4	present_gold
20	5	ENSG00000277075	H2AC8	H2AC8:HGNC:4724	clustered	adrenal tissue	96.38666666666668	0.7726793211503261	3	present_gold
20	5	ENSG00000277075	H2AC8	H2AC8:HGNC:4724	clustered	adult mammalian kidney	67.27333333333333	6.481931997810718	12	present_gold
20	5	ENSG00000277075	H2AC8	H2AC8:HGNC:4724	clustered	adult organism	0.0	0.0	0	observed_zero
20	5	ENSG00000277075	H2AC8	H2AC8:HGNC:4724	clustered	amniotic fluid	81.27	0.0	1	present_gold
20	5	ENSG00000277075	H2AC8	H2AC8:HGNC:4724	clustered	amygdala	57.315	6.526908831053862	10	present_gold
20	5	ENSG00000277075	H2AC8	H2AC8:HGNC:4724	clustered	anterior cingulate cortex	56.64818181818182	3.740165285603882	11	present_gold
20	5	ENSG00000277075	H2AC8	H2AC8:HGNC:4724	clustered	aorta	61.33	0.3959797974644682	2	present_gold
20	5	ENSG00000277075	H2AC8	H2AC8:HGNC:4724	clustered	apex of heart	72.62	0.0	1	present_gold
20	5	ENSG00000277075	H2AC8	H2AC8:HGNC:4724	clustered	ascending aorta	63.227	2.5307049961972625	10	present_gold
20	5	ENSG00000277075	H2AC8	H2AC8:HGNC:4724	clustered	biceps brachii	0.0	0.0	0	observed_zero
20	5	ENSG00000277075	H2AC8	H2AC8:HGNC:4724	clustered	blood	76.65064516129033	5.256702981580673	31	present_gold
20	5	ENSG00000277075	H2AC8	H2AC8:HGNC:4724	clustered	blood vessel layer	0.0	0.0	0	observed_zero
20	5	ENSG00000277075	H2AC8	H2AC8:HGNC:4724	clustered	body of pancreas	45.53777777777778	5.2547021270900265	9	present_gold
20	5	ENSG00000277075	H2AC8	H2AC8:HGNC:4724	clustered	body of stomach	66.13818181818182	5.300188332845951	11	present_gold
20	5	ENSG00000277075	H2AC8	H2AC8:HGNC:4724	clustered	body of tongue	0.0	0.0	0	observed_zero
20	5	ENSG00000277075	H2AC8	H2AC8:HGNC:4724	clustered	body of uterus	56.574	6.842658839953957	5	present_gold
20	5	ENSG00000277075	H2AC8	H2AC8:HGNC:4724	clustered	bone marrow	74.065	2.156675682618968	2	present_gold
20	5	ENSG00000277075	H2AC8	H2AC8:HGNC:4724	clustered	bone marrow cell	85.7	0.0	1	present_gold
20	5	ENSG00000277075	H2AC8	H2AC8:HGNC:4724	clustered	brain	54.24578947368421	6.076043409059215	19	present_gold
20	5	ENSG00000277075	H2AC8	H2AC8:HGNC:4724	clustered	bronchial epithelial cell	55.49	3.139554108468269	2	present_gold
20	5	ENSG00000277075	H2AC8	H2AC8:HGNC:4724	clustered	bronchus	0.0	0.0	0	observed_zero
20	5	ENSG00000277075	H2AC8	H2AC8:HGNC:4724	clustered	buccal mucosa cell	0.0	0.0	0	observed_zero
20	5	ENSG00000277075	H2AC8	H2AC8:HGNC:4724	clustered	caecum	0.0	0.0	0	observed_zero
20	5	ENSG00000277075	H2AC8	H2AC8:HGNC:4724	clustered	calcaneal tendon	96.9	0.5931273050534772	5	present_gold
20	5	ENSG00000277075	H2AC8	H2AC8:HGNC:4724	clustered	caput epididymis	89.62	0.0	1	present_gold
20	5	ENSG00000277075	H2AC8	H2AC8:HGNC:4724	clustered	cardia of stomach	0.0	0.0	0	observed_zero
20	5	ENSG00000277075	H2AC8	H2AC8:HGNC:4724	clustered	cardiac atrium	60.81	4.081629576529455	3	present_gold
20	5	ENSG00000277075	H2AC8	H2AC8:HGNC:4724	clustered	cardiac muscle of right atrium	0.0	0.0	0	observed_zero
20	5	ENSG00000277075	H2AC8	H2AC8:HGNC:4724	clustered	cardiac ventricle	63.296666666666674	7.473803137180785	3	present_gold
20	5	ENSG00000277075	H2AC8	H2AC8:HGNC:4724	clustered	cartilage tissue	0.0	0.0	0	observed_zero
20	5	ENSG00000277075	H2AC8	H2AC8:HGNC:4724	clustered	cauda epididymis	0.0	0.0	0	observed_zero
20	5	ENSG00000277075	H2AC8	H2AC8:HGNC:4724	clustered	caudate nucleus	60.42	5.120182288421641	10	present_gold
20	5	ENSG00000277075	H2AC8	H2AC8:HGNC:4724	clustered	central nervous system	57.1	0.0	1	present_gold
20	5	ENSG00000277075	H2AC8	H2AC8:HGNC:4724	clustered	cerebellar cortex	58.275	0.6717514421272222	2	present_gold
20	5	ENSG00000277075	H2AC8	H2AC8:HGNC:4724	clustered	cerebellar hemisphere	58.361	3.788542522454307	10	present_gold
20	5	ENSG00000277075	H2AC8	H2AC8:HGNC:4724	clustered	cerebellar vermis	0.0	0.0	0	observed_zero
20	5	ENSG00000277075	H2AC8	H2AC8:HGNC:4724	clustered	cerebellum	57.72166666666666	5.109102097475078	12	present_gold
20	5	ENSG00000277075	H2AC8	H2AC8:HGNC:4724	clustered	cerebral cortex	54.215555555555554	8.411311002321682	9	present_gold
20	5	ENSG00000277075	H2AC8	H2AC8:HGNC:4724	clustered	cervix epithelium	0.0	0.0	0	observed_zero
20	5	ENSG00000277075	H2AC8	H2AC8:HGNC:4724	clustered	cervix squamous epithelium	0.0	0.0	0	observed_zero
20	5	ENSG00000277075	H2AC8	H2AC8:HGNC:4724	clustered	choroid plexus epithelium	0.0	0.0	0	observed_zero
20	5	ENSG00000277075	H2AC8	H2AC8:HGNC:4724	clustered	cingulate cortex	0.0	0.0	0	observed_zero
20	5	ENSG00000277075	H2AC8	H2AC8:HGNC:4724	clustered	colon	73.280625	10.670917779179073	16	present_gold
20	5	ENSG00000277075	H2AC8	H2AC8:HGNC:4724	clustered	colonic epithelium	79.61	0.0	1	present_gold
20	5	ENSG00000277075	H2AC8	H2AC8:HGNC:4724	clustered	colonic mucosa	61.24666666666667	11.032326741595964	3	present_gold
20	5	ENSG00000277075	H2AC8	H2AC8:HGNC:4724	clustered	connective tissue	51.83	0.0	1	present_gold
20	5	ENSG00000277075	H2AC8	H2AC8:HGNC:4724	clustered	coronary artery	58.905	0.5020458146424494	2	present_gold
20	5	ENSG00000277075	H2AC8	H2AC8:HGNC:4724	clustered	corpus callosum	91.51666666666668	7.774393009532429	6	present_gold
20	5	ENSG00000277075	H2AC8	H2AC8:HGNC:4724	clustered	corpus epididymis	78.07000000000001	4.985970316798932	3	present_gold
20	5	ENSG00000277075	H2AC8	H2AC8:HGNC:4724	clustered	cortex of kidney	59.08	3.125411972844541	2	present_gold
20	5	ENSG00000277075	H2AC8	H2AC8:HGNC:4724	clustered	cortical plate	61.435	13.710800487207152	2	present_gold
20	5	ENSG00000277075	H2AC8	H2AC8:HGNC:4724	clustered	cranial nerve II	0.0	0.0	0	observed_zero
20	5	ENSG00000277075	H2AC8	H2AC8:HGNC:4724	clustered	decidua	0.0	0.0	0	observed_zero
20	5	ENSG00000277075	H2AC8	H2AC8:HGNC:4724	clustered	deltoid	0.0	0.0	0	observed_zero
20	5	ENSG00000277075	H2AC8	H2AC8:HGNC:4724	clustered	descending thoracic aorta	61.18666666666667	5.167749348926799	3	present_gold
20	5	ENSG00000277075	H2AC8	H2AC8:HGNC:4724	clustered	diaphragm	0.0	0.0	0	observed_zero
20	5	ENSG00000277075	H2AC8	H2AC8:HGNC:4724	clustered	dorsal motor nucleus of vagus nerve	0.0	0.0	0	observed_zero
20	5	ENSG00000277075	H2AC8	H2AC8:HGNC:4724	clustered	dorsal plus ventral thalamus	0.0	0.0	0	observed_zero
20	5	ENSG00000277075	H2AC8	H2AC8:HGNC:4724	clustered	dorsal root ganglion	0.0	0.0	0	observed_zero
20	5	ENSG00000277075	H2AC8	H2AC8:HGNC:4724	clustered	dorsolateral prefrontal cortex	55.75214285714286	4.957706011967521	14	present_gold
20	5	ENSG00000277075	H2AC8	H2AC8:HGNC:4724	clustered	duodenum	66.95333333333333	1.2044224065224496	3	present_gold
20	5	ENSG00000277075	H2AC8	H2AC8:HGNC:4724	clustered	ectocervix	71.65799999999999	24.24655274466868	5	present_gold
20	5	ENSG00000277075	H2AC8	H2AC8:HGNC:4724	clustered	embryo	0.0	0.0	0	observed_zero
20	5	ENSG00000277075	H2AC8	H2AC8:HGNC:4724	clustered	endocervix	66.1	23.432037896862493	3	present_gold
20	5	ENSG00000277075	H2AC8	H2AC8:HGNC:4724	clustered	endometrium	57.74400000000001	1.418936221258729	5	present_gold
20	5	ENSG00000277075	H2AC8	H2AC8:HGNC:4724	clustered	endometrium epithelium	0.0	0.0	0	observed_zero
20	5	ENSG00000277075	H2AC8	H2AC8:HGNC:4724	clustered	endothelial cell	0.0	0.0	0	observed_zero
20	5	ENSG00000277075	H2AC8	H2AC8:HGNC:4724	clustered	entorhinal cortex	0.0	0.0	0	observed_zero
20	5	ENSG00000277075	H2AC8	H2AC8:HGNC:4724	clustered	epithelial cell of pancreas	0.0	0.0	0	observed_zero
20	5	ENSG00000277075	H2AC8	H2AC8:HGNC:4724	clustered	epithelium of bronchus	0.0	0.0	0	observed_zero
20	5	ENSG00000277075	H2AC8	H2AC8:HGNC:4724	clustered	epithelium of esophagus	0.0	0.0	0	observed_zero
20	5	ENSG00000277075	H2AC8	H2AC8:HGNC:4724	clustered	epithelium of mammary gland	0.0	0.0	0	observed_zero
20	5	ENSG00000277075	H2AC8	H2AC8:HGNC:4724	clustered	epithelium of nasopharynx	0.0	0.0	0	observed_zero
20	5	ENSG00000277075	H2AC8	H2AC8:HGNC:4724	clustered	esophagogastric junction muscularis propria	61.36000000000001	1.9182335624214264	11	present_gold
20	5	ENSG00000277075	H2AC8	H2AC8:HGNC:4724	clustered	esophagus	66.75428571428571	1.8084141961292788	7	present_gold
20	5	ENSG00000277075	H2AC8	H2AC8:HGNC:4724	clustered	esophagus mucosa	73.85000000000001	2.237900802091102	11	present_gold
20	5	ENSG00000277075	H2AC8	H2AC8:HGNC:4724	clustered	esophagus squamous epithelium	0.0	0.0	0	observed_zero
20	5	ENSG00000277075	H2AC8	H2AC8:HGNC:4724	clustered	fallopian tube	64.695	2.001112190757928	2	present_gold
20	5	ENSG00000277075	H2AC8	H2AC8:HGNC:4724	clustered	female reproductive system	61.96	0.0	1	present_gold
20	5	ENSG00000277075	H2AC8	H2AC8:HGNC:4724	clustered	forebrain	65.705	6.639732675341687	2	present_gold
20	5	ENSG00000277075	H2AC8	H2AC8:HGNC:4724	clustered	frontal cortex	55.65	3.977574637891789	15	present_gold
20	5	ENSG00000277075	H2AC8	H2AC8:HGNC:4724	clustered	frontal pole	0.0	0.0	0	observed_zero
20	5	ENSG00000277075	H2AC8	H2AC8:HGNC:4724	clustered	fundus of stomach	63.675	9.094007184221194	4	present_gold
20	5	ENSG00000277075	H2AC8	H2AC8:HGNC:4724	clustered	gall bladder	58.84	0.0	1	present_gold
20	5	ENSG00000277075	H2AC8	H2AC8:HGNC:4724	clustered	ganglionic eminence	71.905	1.7324116139070334	2	present_gold
20	5	ENSG00000277075	H2AC8	H2AC8:HGNC:4724	clustered	gastrocnemius	44.308461538461536	5.578660003611748	13	present_gold
20	5	ENSG00000277075	H2AC8	H2AC8:HGNC:4724	clustered	germinal epithelium of ovary	0.0	0.0	0	observed_zero
20	5	ENSG00000277075	H2AC8	H2AC8:HGNC:4724	clustered	gingiva	0.0	0.0	0	observed_zero
20	5	ENSG00000277075	H2AC8	H2AC8:HGNC:4724	clustered	gingival epithelium	0.0	0.0	0	observed_zero
20	5	ENSG00000277075	H2AC8	H2AC8:HGNC:4724	clustered	globus pallidus	61.63	0.0	1	present_gold
20	5	ENSG00000277075	H2AC8	H2AC8:HGNC:4724	clustered	gluteal muscle	0.0	0.0	0	observed_zero
20	5	ENSG00000277075	H2AC8	H2AC8:HGNC:4724	clustered	granulocyte	75.58	0.0	1	present_gold
20	5	ENSG00000277075	H2AC8	H2AC8:HGNC:4724	clustered	hair follicle	0.0	0.0	0	observed_zero
20	5	ENSG00000277075	H2AC8	H2AC8:HGNC:4724	clustered	heart	70.76266666666668	11.677018618188626	15	present_gold
20	5	ENSG00000277075	H2AC8	H2AC8:HGNC:4724	clustered	heart left ventricle	69.77882352941177	4.294685498312043	17	present_gold
20	5	ENSG00000277075	H2AC8	H2AC8:HGNC:4724	clustered	heart right ventricle	0.0	0.0	0	observed_zero
20	5	ENSG00000277075	H2AC8	H2AC8:HGNC:4724	clustered	hindlimb stylopod muscle	49.6	0.0	1	present_gold
20	5	ENSG00000277075	H2AC8	H2AC8:HGNC:4724	clustered	hypothalamus	61.2375	5.6574795624907015	12	present_gold
20	5	ENSG00000277075	H2AC8	H2AC8:HGNC:4724	clustered	ileal mucosa	0.0	0.0	0	observed_zero
20	5	ENSG00000277075	H2AC8	H2AC8:HGNC:4724	clustered	inferior olivary complex	0.0	0.0	0	observed_zero
20	5	ENSG00000277075	H2AC8	H2AC8:HGNC:4724	clustered	inferior vagus X ganglion	0.0	0.0	0	observed_zero
20	5	ENSG00000277075	H2AC8	H2AC8:HGNC:4724	clustered	intestine	90.125	14.696467829606767	4	present_gold
20	5	ENSG00000277075	H2AC8	H2AC8:HGNC:4724	clustered	islet of Langerhans	61.824	4.226296513760273	10	present_gold
20	5	ENSG00000277075	H2AC8	H2AC8:HGNC:4724	clustered	jejunal mucosa	62.28	0.0	1	present_gold
20	5	ENSG00000277075	H2AC8	H2AC8:HGNC:4724	clustered	jejunum	0.0	0.0	0	observed_zero
20	5	ENSG00000277075	H2AC8	H2AC8:HGNC:4724	clustered	kidney	70.64333333333333	13.285126520536668	6	present_gold
20	5	ENSG00000277075	H2AC8	H2AC8:HGNC:4724	clustered	kidney epithelium	0.0	0.0	0	observed_zero
20	5	ENSG00000277075	H2AC8	H2AC8:HGNC:4724	clustered	large intestine	68.565	0.8838834764831844	2	present_gold
20	5	ENSG00000277075	H2AC8	H2AC8:HGNC:4724	clustered	lateral globus pallidus	0.0	0.0	0	observed_zero
20	5	ENSG00000277075	H2AC8	H2AC8:HGNC:4724	clustered	lateral nuclear group of thalamus	0.0	0.0	0	observed_zero
20	5	ENSG00000277075	H2AC8	H2AC8:HGNC:4724	clustered	layer of synovial tissue	0.0	0.0	0	observed_zero
20	5	ENSG00000277075	H2AC8	H2AC8:HGNC:4724	clustered	left adrenal gland	69.25	3.1082333061908805	8	present_gold
20	5	ENSG00000277075	H2AC8	H2AC8:HGNC:4724	clustered	left adrenal gland cortex	71.17375	4.815210832055318	8	present_gold
20	5	ENSG00000277075	H2AC8	H2AC8:HGNC:4724	clustered	left coronary artery	64.53888888888889	5.40137353930564	9	present_gold
20	5	ENSG00000277075	H2AC8	H2AC8:HGNC:4724	clustered	left lobe of thyroid gland	69.99545454545455	2.971828944055709	11	present_gold
20	5	ENSG00000277075	H2AC8	H2AC8:HGNC:4724	clustered	left ovary	66.182	2.4877439578863423	5	present_gold
20	5	ENSG00000277075	H2AC8	H2AC8:HGNC:4724	clustered	left testis	63.833333333333336	1.5686384754514544	6	present_gold
20	5	ENSG00000277075	H2AC8	H2AC8:HGNC:4724	clustered	left uterine tube	49.92	7.9620223561605235	2	present_gold
20	5	ENSG00000277075	H2AC8	H2AC8:HGNC:4724	clustered	left ventricle myocardium	0.0	0.0	0	observed_zero
20	5	ENSG00000277075	H2AC8	H2AC8:HGNC:4724	clustered	leukocyte	75.54	0.0	1	present_gold
20	5	ENSG00000277075	H2AC8	H2AC8:HGNC:4724	clustered	liver	65.455	5.659746668618762	18	present_gold
20	5	ENSG00000277075	H2AC8	H2AC8:HGNC:4724	clustered	lower esophagus	61.82	0.5232590180780415	2	present_gold
20	5	ENSG00000277075	H2AC8	H2AC8:HGNC:4724	clustered	lower esophagus mucosa	87.2	0.0	1	present_gold
20	5	ENSG00000277075	H2AC8	H2AC8:HGNC:4724	clustered	lower esophagus muscularis layer	60.5390909090909	2.406056751389935	11	present_gold
20	5	ENSG00000277075	H2AC8	H2AC8:HGNC:4724	clustered	lower lobe of lung	0.0	0.0	0	observed_zero
20	5	ENSG00000277075	H2AC8	H2AC8:HGNC:4724	clustered	lung	67.78714285714285	16.475347284105066	14	present_gold
20	5	ENSG00000277075	H2AC8	H2AC8:HGNC:4724	clustered	lymph node	63.67	2.4505305547982874	3	present_gold
20	5	ENSG00000277075	H2AC8	H2AC8:HGNC:4724	clustered	male germ cell	0.0	0.0	0	observed_zero
20	5	ENSG00000277075	H2AC8	H2AC8:HGNC:4724	clustered	male germ line stem cell (sensu Vertebrata) in testis	92.19	0.0	1	present_gold
20	5	ENSG00000277075	H2AC8	H2AC8:HGNC:4724	clustered	mammalian vulva	0.0	0.0	0	observed_zero
20	5	ENSG00000277075	H2AC8	H2AC8:HGNC:4724	clustered	mammary duct	0.0	0.0	0	observed_zero
20	5	ENSG00000277075	H2AC8	H2AC8:HGNC:4724	clustered	mammary gland	46.98	0.0	1	present_gold
20	5	ENSG00000277075	H2AC8	H2AC8:HGNC:4724	clustered	medial globus pallidus	72.71333333333332	8.086806126854613	3	present_gold
20	5	ENSG00000277075	H2AC8	H2AC8:HGNC:4724	clustered	medulla oblongata	0.0	0.0	0	observed_zero
20	5	ENSG00000277075	H2AC8	H2AC8:HGNC:4724	clustered	metanephric glomerulus	0.0	0.0	0	observed_zero
20	5	ENSG00000277075	H2AC8	H2AC8:HGNC:4724	clustered	metanephros	0.0	0.0	0	observed_zero
20	5	ENSG00000277075	H2AC8	H2AC8:HGNC:4724	clustered	metanephros cortex	72.92	9.362093782909897	2	present_gold
20	5	ENSG00000277075	H2AC8	H2AC8:HGNC:4724	clustered	midbrain	53.68333333333334	7.48374460636741	3	present_gold
20	5	ENSG00000277075	H2AC8	H2AC8:HGNC:4724	clustered	middle frontal gyrus	0.0	0.0	0	observed_zero
20	5	ENSG00000277075	H2AC8	H2AC8:HGNC:4724	clustered	middle temporal gyrus	0.0	0.0	0	observed_zero
20	5	ENSG00000277075	H2AC8	H2AC8:HGNC:4724	clustered	minor salivary gland	71.134	3.4090246242714195	10	present_gold
20	5	ENSG00000277075	H2AC8	H2AC8:HGNC:4724	clustered	monocyte	90.1	0.0	1	present_gold
20	5	ENSG00000277075	H2AC8	H2AC8:HGNC:4724	clustered	mononuclear cell	89.16	0.0	1	present_gold
20	5	ENSG00000277075	H2AC8	H2AC8:HGNC:4724	clustered	mouth mucosa	69.39	2.656150096160481	4	present_gold
20	5	ENSG00000277075	H2AC8	H2AC8:HGNC:4724	clustered	mucosa of paranasal sinus	0.0	0.0	0	observed_zero
20	5	ENSG00000277075	H2AC8	H2AC8:HGNC:4724	clustered	mucosa of sigmoid colon	0.0	0.0	0	observed_zero
20	5	ENSG00000277075	H2AC8	H2AC8:HGNC:4724	clustered	mucosa of stomach	60.01	0.0	1	present_gold
20	5	ENSG00000277075	H2AC8	H2AC8:HGNC:4724	clustered	mucosa of transverse colon	82.35	0.0	1	present_gold
20	5	ENSG00000277075	H2AC8	H2AC8:HGNC:4724	clustered	mucosa of urinary bladder	0.0	0.0	0	observed_zero
20	5	ENSG00000277075	H2AC8	H2AC8:HGNC:4724	clustered	muscle layer of sigmoid colon	66.72818181818182	4.60364598591555	11	present_gold
20	5	ENSG00000277075	H2AC8	H2AC8:HGNC:4724	clustered	muscle of leg	49.205	9.043895731375942	2	present_gold
20	5	ENSG00000277075	H2AC8	H2AC8:HGNC:4724	clustered	muscle organ	0.0	0.0	0	observed_zero
20	5	ENSG00000277075	H2AC8	H2AC8:HGNC:4724	clustered	muscle tissue	48.92	0.0	1	present_gold
20	5	ENSG00000277075	H2AC8	H2AC8:HGNC:4724	clustered	myocardium	0.0	0.0	0	observed_zero
20	5	ENSG00000277075	H2AC8	H2AC8:HGNC:4724	clustered	myometrium	53.58875	5.035064015765555	8	present_gold
20	5	ENSG00000277075	H2AC8	H2AC8:HGNC:4724	clustered	nasal cavity epithelium	0.0	0.0	0	observed_zero
20	5	ENSG00000277075	H2AC8	H2AC8:HGNC:4724	clustered	nasal cavity mucosa	0.0	0.0	0	observed_zero
20	5	ENSG00000277075	H2AC8	H2AC8:HGNC:4724	clustered	neocortex	58.46	0.0	1	present_gold
20	5	ENSG00000277075	H2AC8	H2AC8:HGNC:4724	clustered	nephron tubule	0.0	0.0	0	observed_zero
20	5	ENSG00000277075	H2AC8	H2AC8:HGNC:4724	clustered	nipple	0.0	0.0	0	observed_zero
20	5	ENSG00000277075	H2AC8	H2AC8:HGNC:4724	clustered	nucleus accumbens	57.64545454545455	6.410540326113492	11	present_gold
20	5	ENSG00000277075	H2AC8	H2AC8:HGNC:4724	clustered	occipital lobe	0.0	0.0	0	observed_zero
20	5	ENSG00000277075	H2AC8	H2AC8:HGNC:4724	clustered	olfactory bulb	0.0	0.0	0	observed_zero
20	5	ENSG00000277075	H2AC8	H2AC8:HGNC:4724	clustered	olfactory segment of nasal mucosa	72.23	0.0	1	present_gold
20	5	ENSG00000277075	H2AC8	H2AC8:HGNC:4724	clustered	omental fat pad	62.39454545454546	5.379128858163492	11	present_gold
20	5	ENSG00000277075	H2AC8	H2AC8:HGNC:4724	clustered	oocyte	0.0	0.0	0	observed_zero
20	5	ENSG00000277075	H2AC8	H2AC8:HGNC:4724	clustered	oral cavity	0.0	0.0	0	observed_zero
20	5	ENSG00000277075	H2AC8	H2AC8:HGNC:4724	clustered	orbitofrontal cortex	0.0	0.0	0	observed_zero
20	5	ENSG00000277075	H2AC8	H2AC8:HGNC:4724	clustered	ovary	71.80636363636364	11.489478902654614	11	present_gold
20	5	ENSG00000277075	H2AC8	H2AC8:HGNC:4724	clustered	oviduct epithelium	71.705	2.14253354699524	2	present_gold
20	5	ENSG00000277075	H2AC8	H2AC8:HGNC:4724	clustered	palpebral conjunctiva	0.0	0.0	0	observed_zero
20	5	ENSG00000277075	H2AC8	H2AC8:HGNC:4724	clustered	pancreas	51.075	0.6151828996322946	2	present_gold
20	5	ENSG00000277075	H2AC8	H2AC8:HGNC:4724	clustered	pancreatic ductal cell	0.0	0.0	0	observed_zero
20	5	ENSG00000277075	H2AC8	H2AC8:HGNC:4724	clustered	paraflocculus	0.0	0.0	0	observed_zero
20	5	ENSG00000277075	H2AC8	H2AC8:HGNC:4724	clustered	parietal lobe	0.0	0.0	0	observed_zero
20	5	ENSG00000277075	H2AC8	H2AC8:HGNC:4724	clustered	parietal pleura	0.0	0.0	0	observed_zero
20	5	ENSG00000277075	H2AC8	H2AC8:HGNC:4724	clustered	parotid gland	0.0	0.0	0	observed_zero
20	5	ENSG00000277075	H2AC8	H2AC8:HGNC:4724	clustered	penis	61.97	0.0	1	present_gold
20	5	ENSG00000277075	H2AC8	H2AC8:HGNC:4724	clustered	pericardium	0.0	0.0	0	observed_zero
20	5	ENSG00000277075	H2AC8	H2AC8:HGNC:4724	clustered	periodontal ligament	0.0	0.0	0	observed_zero
20	5	ENSG00000277075	H2AC8	H2AC8:HGNC:4724	clustered	peritoneum	59.48	0.0	1	present_gold
20	5	ENSG00000277075	H2AC8	H2AC8:HGNC:4724	clustered	pharyngeal mucosa	0.0	0.0	0	observed_zero
20	5	ENSG00000277075	H2AC8	H2AC8:HGNC:4724	clustered	pigmented layer of retina	0.0	0.0	0	observed_zero
20	5	ENSG00000277075	H2AC8	H2AC8:HGNC:4724	clustered	pituitary gland	63.474545454545456	5.302330362465853	11	present_gold
20	5	ENSG00000277075	H2AC8	H2AC8:HGNC:4724	clustered	placenta	57.08	0.0	1	present_gold
20	5	ENSG00000277075	H2AC8	H2AC8:HGNC:4724	clustered	pleura	0.0	0.0	0	observed_zero
20	5	ENSG00000277075	H2AC8	H2AC8:HGNC:4724	clustered	pons	0.0	0.0	0	observed_zero
20	5	ENSG00000277075	H2AC8	H2AC8:HGNC:4724	clustered	popliteal artery	59.37	0.0	1	present_gold
20	5	ENSG00000277075	H2AC8	H2AC8:HGNC:4724	clustered	postcentral gyrus	0.0	0.0	0	observed_zero
20	5	ENSG00000277075	H2AC8	H2AC8:HGNC:4724	clustered	prefrontal cortex	59.29571428571428	5.780942417815216	7	present_gold
20	5	ENSG00000277075	H2AC8	H2AC8:HGNC:4724	clustered	primary visual cortex	54.61	5.176021638285528	2	present_gold
20	5	ENSG00000277075	H2AC8	H2AC8:HGNC:4724	clustered	primordial germ cell in gonad	88.19	0.0	1	present_gold
20	5	ENSG00000277075	H2AC8	H2AC8:HGNC:4724	clustered	prostate gland	81.388125	6.087308347428003	16	present_gold
20	5	ENSG00000277075	H2AC8	H2AC8:HGNC:4724	clustered	putamen	58.475	5.5913688445277465	10	present_gold
20	5	ENSG00000277075	H2AC8	H2AC8:HGNC:4724	clustered	pylorus	73.84	0.0	1	present_gold
20	5	ENSG00000277075	H2AC8	H2AC8:HGNC:4724	clustered	quadriceps femoris	0.0	0.0	0	observed_zero
20	5	ENSG00000277075	H2AC8	H2AC8:HGNC:4724	clustered	rectum	64.0	0.0	2	present_gold
20	5	ENSG00000277075	H2AC8	H2AC8:HGNC:4724	clustered	renal glomerulus	0.0	0.0	0	observed_zero
20	5	ENSG00000277075	H2AC8	H2AC8:HGNC:4724	clustered	renal medulla	0.0	0.0	0	observed_zero
20	5	ENSG00000277075	H2AC8	H2AC8:HGNC:4724	clustered	right adrenal gland	71.646	2.773477960972471	5	present_gold
20	5	ENSG00000277075	H2AC8	H2AC8:HGNC:4724	clustered	right adrenal gland cortex	69.58	2.729010809799038	3	present_gold
20	5	ENSG00000277075	H2AC8	H2AC8:HGNC:4724	clustered	right atrium auricular region	67.32272727272726	4.191734941307933	11	present_gold
20	5	ENSG00000277075	H2AC8	H2AC8:HGNC:4724	clustered	right coronary artery	60.88	2.687005768508884	2	present_gold
20	5	ENSG00000277075	H2AC8	H2AC8:HGNC:4724	clustered	right frontal lobe	56.89375	3.868543238185957	8	present_gold
20	5	ENSG00000277075	H2AC8	H2AC8:HGNC:4724	clustered	right hemisphere of cerebellum	57.91555555555556	6.137911108657226	9	present_gold
20	5	ENSG00000277075	H2AC8	H2AC8:HGNC:4724	clustered	right lobe of liver	67.58777777777777	9.493006343853589	9	present_gold
20	5	ENSG00000277075	H2AC8	H2AC8:HGNC:4724	clustered	right lobe of thyroid gland	69.48625	3.741347875909353	8	present_gold
20	5	ENSG00000277075	H2AC8	H2AC8:HGNC:4724	clustered	right lung	67.995	14.276485912156398	2	present_gold
20	5	ENSG00000277075	H2AC8	H2AC8:HGNC:4724	clustered	right ovary	60.604	9.693071236713369	5	present_gold
20	5	ENSG00000277075	H2AC8	H2AC8:HGNC:4724	clustered	right testis	64.33	3.0117851849028003	5	present_gold
20	5	ENSG00000277075	H2AC8	H2AC8:HGNC:4724	clustered	right uterine tube	84.28	0.0	1	present_gold
20	5	ENSG00000277075	H2AC8	H2AC8:HGNC:4724	clustered	saliva-secreting gland	63.612	5.48009762686761	5	present_gold
20	5	ENSG00000277075	H2AC8	H2AC8:HGNC:4724	clustered	saphenous vein	0.0	0.0	0	observed_zero
20	5	ENSG00000277075	H2AC8	H2AC8:HGNC:4724	clustered	secondary oocyte	0.0	0.0	0	observed_zero
20	5	ENSG00000277075	H2AC8	H2AC8:HGNC:4724	clustered	seminal vesicle	0.0	0.0	0	observed_zero
20	5	ENSG00000277075	H2AC8	H2AC8:HGNC:4724	clustered	sigmoid colon	65.6375	2.486448270123472	4	present_gold
20	5	ENSG00000277075	H2AC8	H2AC8:HGNC:4724	clustered	skeletal muscle tissue	0.0	0.0	0	observed_zero
20	5	ENSG00000277075	H2AC8	H2AC8:HGNC:4724	clustered	skeletal muscle tissue of biceps brachii	0.0	0.0	0	observed_zero
20	5	ENSG00000277075	H2AC8	H2AC8:HGNC:4724	clustered	skeletal muscle tissue of rectus abdominis	0.0	0.0	0	observed_zero
20	5	ENSG00000277075	H2AC8	H2AC8:HGNC:4724	clustered	skin of abdomen	75.929	5.344682611925819	10	present_gold
20	5	ENSG00000277075	H2AC8	H2AC8:HGNC:4724	clustered	skin of hip	0.0	0.0	0	observed_zero
20	5	ENSG00000277075	H2AC8	H2AC8:HGNC:4724	clustered	skin of leg	71.69333333333334	3.3538155566278225	12	present_gold
20	5	ENSG00000277075	H2AC8	H2AC8:HGNC:4724	clustered	small intestine	69.31	0.1838477631084959	2	present_gold
20	5	ENSG00000277075	H2AC8	H2AC8:HGNC:4724	clustered	small intestine Peyer's patch	70.60454545454546	3.780691374964012	11	present_gold
20	5	ENSG00000277075	H2AC8	H2AC8:HGNC:4724	clustered	smooth muscle tissue	48.45	0.0	1	present_gold
20	5	ENSG00000277075	H2AC8	H2AC8:HGNC:4724	clustered	sperm	0.0	0.0	0	observed_zero
20	5	ENSG00000277075	H2AC8	H2AC8:HGNC:4724	clustered	spinal cord	70.505	8.147178039051312	6	present_gold
20	5	ENSG00000277075	H2AC8	H2AC8:HGNC:4724	clustered	spleen	71.3575	3.1612975615603256	12	present_gold
20	5	ENSG00000277075	H2AC8	H2AC8:HGNC:4724	clustered	squamous epithelium	0.0	0.0	0	observed_zero
20	5	ENSG00000277075	H2AC8	H2AC8:HGNC:4724	clustered	stomach	80.13666666666667	16.901618713943204	12	present_gold
20	5	ENSG00000277075	H2AC8	H2AC8:HGNC:4724	clustered	stromal cell of endometrium	64.05	0.0	1	present_gold
20	5	ENSG00000277075	H2AC8	H2AC8:HGNC:4724	clustered	subcutaneous adipose tissue	46.63384615384616	3.933608475817801	13	present_gold
20	5	ENSG00000277075	H2AC8	H2AC8:HGNC:4724	clustered	substantia nigra	62.596	6.247483836370789	15	present_gold
20	5	ENSG00000277075	H2AC8	H2AC8:HGNC:4724	clustered	substantia nigra pars compacta	0.0	0.0	0	observed_zero
20	5	ENSG00000277075	H2AC8	H2AC8:HGNC:4724	clustered	substantia nigra pars reticulata	0.0	0.0	0	observed_zero
20	5	ENSG00000277075	H2AC8	H2AC8:HGNC:4724	clustered	subthalamic nucleus	0.0	0.0	0	observed_zero
20	5	ENSG00000277075	H2AC8	H2AC8:HGNC:4724	clustered	superficial temporal artery	0.0	0.0	0	observed_zero
20	5	ENSG00000277075	H2AC8	H2AC8:HGNC:4724	clustered	superior frontal gyrus	44.345	0.190918830920365	2	present_gold
20	5	ENSG00000277075	H2AC8	H2AC8:HGNC:4724	clustered	superior surface of tongue	0.0	0.0	0	observed_zero
20	5	ENSG00000277075	H2AC8	H2AC8:HGNC:4724	clustered	superior vestibular nucleus	0.0	0.0	0	observed_zero
20	5	ENSG00000277075	H2AC8	H2AC8:HGNC:4724	clustered	sural nerve	69.89	0.0	1	present_gold
20	5	ENSG00000277075	H2AC8	H2AC8:HGNC:4724	clustered	synovial joint	0.0	0.0	0	observed_zero
20	5	ENSG00000277075	H2AC8	H2AC8:HGNC:4724	clustered	telencephalon	55.41	0.0	1	present_gold
20	5	ENSG00000277075	H2AC8	H2AC8:HGNC:4724	clustered	temporal lobe	50.042	6.025638555373199	5	present_gold
20	5	ENSG00000277075	H2AC8	H2AC8:HGNC:4724	clustered	tendon	0.0	0.0	0	observed_zero
20	5	ENSG00000277075	H2AC8	H2AC8:HGNC:4724	clustered	tendon of biceps brachii	0.0	0.0	0	observed_zero
20	5	ENSG00000277075	H2AC8	H2AC8:HGNC:4724	clustered	testis	67.59538461538462	8.443866230766384	13	present_gold
20	5	ENSG00000277075	H2AC8	H2AC8:HGNC:4724	clustered	thoracic aorta	62.78666666666667	1.781265467769099	6	present_gold
20	5	ENSG00000277075	H2AC8	H2AC8:HGNC:4724	clustered	thoracic mammary gland	58.552307692307686	5.228221740142872	13	present_gold
20	5	ENSG00000277075	H2AC8	H2AC8:HGNC:4724	clustered	thymus	81.03	0.0	1	present_gold
20	5	ENSG00000277075	H2AC8	H2AC8:HGNC:4724	clustered	thyroid gland	70.20058823529412	4.263712394422604	17	present_gold
20	5	ENSG00000277075	H2AC8	H2AC8:HGNC:4724	clustered	tibia	0.0	0.0	0	observed_zero
20	5	ENSG00000277075	H2AC8	H2AC8:HGNC:4724	clustered	tibial artery	61.474545454545456	2.906920582459604	11	present_gold
20	5	ENSG00000277075	H2AC8	H2AC8:HGNC:4724	clustered	tibial nerve	57.83272727272727	2.7598010468477288	11	present_gold
20	5	ENSG00000277075	H2AC8	H2AC8:HGNC:4724	clustered	tibialis anterior	0.0	0.0	0	observed_zero
20	5	ENSG00000277075	H2AC8	H2AC8:HGNC:4724	clustered	tongue squamous epithelium	0.0	0.0	0	observed_zero
20	5	ENSG00000277075	H2AC8	H2AC8:HGNC:4724	clustered	tonsil	61.837500000000006	7.056081892003993	4	present_gold
20	5	ENSG00000277075	H2AC8	H2AC8:HGNC:4724	clustered	trabecular bone tissue	0.0	0.0	0	observed_zero
20	5	ENSG00000277075	H2AC8	H2AC8:HGNC:4724	clustered	trachea	0.0	0.0	0	observed_zero
20	5	ENSG00000277075	H2AC8	H2AC8:HGNC:4724	clustered	transverse colon	70.314	3.442793439442261	10	present_gold
20	5	ENSG00000277075	H2AC8	H2AC8:HGNC:4724	clustered	triceps brachii	0.0	0.0	0	observed_zero
20	5	ENSG00000277075	H2AC8	H2AC8:HGNC:4724	clustered	trigeminal ganglion	0.0	0.0	0	observed_zero
20	5	ENSG00000277075	H2AC8	H2AC8:HGNC:4724	clustered	type B pancreatic cell	0.0	0.0	0	observed_zero
20	5	ENSG00000277075	H2AC8	H2AC8:HGNC:4724	clustered	upper arm skin	0.0	0.0	0	observed_zero
20	5	ENSG00000277075	H2AC8	H2AC8:HGNC:4724	clustered	upper leg skin	0.0	0.0	0	observed_zero
20	5	ENSG00000277075	H2AC8	H2AC8:HGNC:4724	clustered	upper lobe of left lung	62.60875	5.901531126992142	8	present_gold
20	5	ENSG00000277075	H2AC8	H2AC8:HGNC:4724	clustered	upper lobe of lung	0.0	0.0	0	observed_zero
20	5	ENSG00000277075	H2AC8	H2AC8:HGNC:4724	clustered	urethra	0.0	0.0	0	observed_zero
20	5	ENSG00000277075	H2AC8	H2AC8:HGNC:4724	clustered	urinary bladder	59.75625	4.567509285313887	8	present_gold
20	5	ENSG00000277075	H2AC8	H2AC8:HGNC:4724	clustered	uterine cervix	62.782	9.838921180698623	5	present_gold
20	5	ENSG00000277075	H2AC8	H2AC8:HGNC:4724	clustered	uterus	56.31	0.0282842712474612	2	present_gold
20	5	ENSG00000277075	H2AC8	H2AC8:HGNC:4724	clustered	vagina	72.46916666666667	4.658916101672602	12	present_gold
20	5	ENSG00000277075	H2AC8	H2AC8:HGNC:4724	clustered	vastus lateralis	0.0	0.0	0	observed_zero
20	5	ENSG00000277075	H2AC8	H2AC8:HGNC:4724	clustered	vena cava	0.0	0.0	0	observed_zero
20	5	ENSG00000277075	H2AC8	H2AC8:HGNC:4724	clustered	ventral tegmental area	0.0	0.0	0	observed_zero
20	5	ENSG00000277075	H2AC8	H2AC8:HGNC:4724	clustered	ventricular zone	71.995	1.8314065632731604	2	present_gold
20	5	ENSG00000277075	H2AC8	H2AC8:HGNC:4724	clustered	vermiform appendix	62.59	0.0	1	present_gold
20	5	ENSG00000277075	H2AC8	H2AC8:HGNC:4724	clustered	visceral pleura	0.0	0.0	0	observed_zero
20	5	ENSG00000277075	H2AC8	H2AC8:HGNC:4724	clustered	zone of skin	67.9809090909091	10.365399610767984	11	present_gold
21	21	ENSG00000246705	H2AJ	H2AJ:HGNC:14456	variant	Ammon's horn	81.31454545454545	5.169861126690357	22	present_gold
21	21	ENSG00000246705	H2AJ	H2AJ:HGNC:14456	variant	Brodmann (1909) area 23	72.96	1.8455893367702367	4	present_gold
21	21	ENSG00000246705	H2AJ	H2AJ:HGNC:14456	variant	Brodmann (1909) area 46	83.9575	3.5421497709724195	4	present_gold
21	21	ENSG00000246705	H2AJ	H2AJ:HGNC:14456	variant	Brodmann (1909) area 9	83.9125	3.852864426075008	8	present_gold
21	21	ENSG00000246705	H2AJ	H2AJ:HGNC:14456	variant	C1 segment of cervical spinal cord	96.23777777777778	0.7307492349940866	9	present_gold
21	21	ENSG00000246705	H2AJ	H2AJ:HGNC:14456	variant	CA1 field of hippocampus	0.0	0.0	0	observed_zero
21	21	ENSG00000246705	H2AJ	H2AJ:HGNC:14456	variant	adenohypophysis	91.25833333333333	2.743037853670025	6	present_gold
21	21	ENSG00000246705	H2AJ	H2AJ:HGNC:14456	variant	adipose tissue	98.433125	0.1097098445901731	16	present_gold
21	21	ENSG00000246705	H2AJ	H2AJ:HGNC:14456	variant	adipose tissue of abdominal region	98.41833333333334	0.2362555113995581	6	present_gold
21	21	ENSG00000246705	H2AJ	H2AJ:HGNC:14456	variant	adrenal cortex	96.69333333333331	1.5742405576446483	3	present_gold
21	21	ENSG00000246705	H2AJ	H2AJ:HGNC:14456	variant	adrenal gland	97.28	0.6447221623821088	4	present_gold
21	21	ENSG00000246705	H2AJ	H2AJ:HGNC:14456	variant	adrenal tissue	78.96333333333332	15.341373254481924	3	present_gold
21	21	ENSG00000246705	H2AJ	H2AJ:HGNC:14456	variant	adult mammalian kidney	93.00166666666668	4.784713980875752	12	present_gold
21	21	ENSG00000246705	H2AJ	H2AJ:HGNC:14456	variant	adult organism	99.06	0.0	1	present_gold
21	21	ENSG00000246705	H2AJ	H2AJ:HGNC:14456	variant	amniotic fluid	98.41	0.0	1	present_gold
21	21	ENSG00000246705	H2AJ	H2AJ:HGNC:14456	variant	amygdala	87.194	2.812164844227857	10	present_gold
21	21	ENSG00000246705	H2AJ	H2AJ:HGNC:14456	variant	anterior cingulate cortex	82.49111111111111	4.087974573197723	9	present_gold
21	21	ENSG00000246705	H2AJ	H2AJ:HGNC:14456	variant	aorta	98.735	0.007071067811859	2	present_gold
21	21	ENSG00000246705	H2AJ	H2AJ:HGNC:14456	variant	apex of heart	95.13	0.0	1	present_gold
21	21	ENSG00000246705	H2AJ	H2AJ:HGNC:14456	variant	ascending aorta	98.679	0.0949210198006747	10	present_gold
21	21	ENSG00000246705	H2AJ	H2AJ:HGNC:14456	variant	biceps brachii	90.906	1.2225710613293566	5	present_gold
21	21	ENSG00000246705	H2AJ	H2AJ:HGNC:14456	variant	blood	90.41916666666668	4.567106852264353	36	present_gold
21	21	ENSG00000246705	H2AJ	H2AJ:HGNC:14456	variant	blood vessel layer	79.47	0.0	1	present_gold
21	21	ENSG00000246705	H2AJ	H2AJ:HGNC:14456	variant	body of pancreas	97.588	0.6457863423764858	10	present_gold
21	21	ENSG00000246705	H2AJ	H2AJ:HGNC:14456	variant	body of stomach	97.17545454545456	0.2841958351687657	11	present_gold
21	21	ENSG00000246705	H2AJ	H2AJ:HGNC:14456	variant	body of tongue	95.37333333333332	1.0862933919219706	3	present_gold
21	21	ENSG00000246705	H2AJ	H2AJ:HGNC:14456	variant	body of uterus	96.744	0.6026026883444854	5	present_gold
21	21	ENSG00000246705	H2AJ	H2AJ:HGNC:14456	variant	bone marrow	90.56230769230768	6.437741780373706	13	present_gold
21	21	ENSG00000246705	H2AJ	H2AJ:HGNC:14456	variant	bone marrow cell	76.3	0.0	1	present_gold
21	21	ENSG00000246705	H2AJ	H2AJ:HGNC:14456	variant	brain	81.9045	4.434336685695536	20	present_gold
21	21	ENSG00000246705	H2AJ	H2AJ:HGNC:14456	variant	bronchial epithelial cell	97.44761904761906	0.9173598245067476	21	present_gold
21	21	ENSG00000246705	H2AJ	H2AJ:HGNC:14456	variant	bronchus	95.97	2.0223253941935257	2	present_gold
21	21	ENSG00000246705	H2AJ	H2AJ:HGNC:14456	variant	buccal mucosa cell	91.6	0.0	1	present_gold
21	21	ENSG00000246705	H2AJ	H2AJ:HGNC:14456	variant	caecum	94.48666666666666	1.278840620770757	3	present_gold
21	21	ENSG00000246705	H2AJ	H2AJ:HGNC:14456	variant	calcaneal tendon	96.488	1.692149520580261	5	present_gold
21	21	ENSG00000246705	H2AJ	H2AJ:HGNC:14456	variant	caput epididymis	94.87666666666668	1.8341846508280832	3	present_gold
21	21	ENSG00000246705	H2AJ	H2AJ:HGNC:14456	variant	cardia of stomach	93.19	1.1596551211459385	2	present_gold
21	21	ENSG00000246705	H2AJ	H2AJ:HGNC:14456	variant	cardiac atrium	95.50666666666666	1.2478114173757695	3	present_gold
21	21	ENSG00000246705	H2AJ	H2AJ:HGNC:14456	variant	cardiac muscle of right atrium	0.0	0.0	0	observed_zero
21	21	ENSG00000246705	H2AJ	H2AJ:HGNC:14456	variant	cardiac ventricle	92.66666666666669	2.559713525637848	3	present_gold
21	21	ENSG00000246705	H2AJ	H2AJ:HGNC:14456	variant	cartilage tissue	87.7	0.0	1	present_gold
21	21	ENSG00000246705	H2AJ	H2AJ:HGNC:14456	variant	cauda epididymis	93.30666666666669	0.1778576209593876	3	present_gold
21	21	ENSG00000246705	H2AJ	H2AJ:HGNC:14456	variant	caudate nucleus	85.55529411764707	6.242442548441134	17	present_gold
21	21	ENSG00000246705	H2AJ	H2AJ:HGNC:14456	variant	cerebellar cortex	81.36	0.0141421356237381	2	present_gold
21	21	ENSG00000246705	H2AJ	H2AJ:HGNC:14456	variant	cerebellar hemisphere	81.38090909090909	1.0570000430033542	11	present_gold
21	21	ENSG00000246705	H2AJ	H2AJ:HGNC:14456	variant	cerebellar vermis	0.0	0.0	0	observed_zero
21	21	ENSG00000246705	H2AJ	H2AJ:HGNC:14456	variant	cerebellum	80.753	1.4366322501678082	10	present_gold
21	21	ENSG00000246705	H2AJ	H2AJ:HGNC:14456	variant	cerebral cortex	79.38333333333334	4.786076159026306	9	present_gold
21	21	ENSG00000246705	H2AJ	H2AJ:HGNC:14456	variant	cervix epithelium	0.0	0.0	0	observed_zero
21	21	ENSG00000246705	H2AJ	H2AJ:HGNC:14456	variant	cervix squamous epithelium	0.0	0.0	0	observed_zero
21	21	ENSG00000246705	H2AJ	H2AJ:HGNC:14456	variant	choroid plexus epithelium	0.0	0.0	0	observed_zero
21	21	ENSG00000246705	H2AJ	H2AJ:HGNC:14456	variant	cingulate cortex	0.0	0.0	0	observed_zero
21	21	ENSG00000246705	H2AJ	H2AJ:HGNC:14456	variant	colon	94.08176470588236	5.216568837960107	17	present_gold
21	21	ENSG00000246705	H2AJ	H2AJ:HGNC:14456	variant	colonic epithelium	83.94	0.0	1	present_gold
21	21	ENSG00000246705	H2AJ	H2AJ:HGNC:14456	variant	colonic mucosa	96.83666666666666	1.1724959132835662	6	present_gold
21	21	ENSG00000246705	H2AJ	H2AJ:HGNC:14456	variant	connective tissue	97.95	0.0	1	present_gold
21	21	ENSG00000246705	H2AJ	H2AJ:HGNC:14456	variant	coronary artery	98.375	0.1060660171779861	2	present_gold
21	21	ENSG00000246705	H2AJ	H2AJ:HGNC:14456	variant	corpus callosum	85.43545454545455	5.30828666075291	11	present_gold
21	21	ENSG00000246705	H2AJ	H2AJ:HGNC:14456	variant	corpus epididymis	95.75	1.413117121826775	3	present_gold
21	21	ENSG00000246705	H2AJ	H2AJ:HGNC:14456	variant	cortex of kidney	89.958	2.7823497264003327	5	present_gold
21	21	ENSG00000246705	H2AJ	H2AJ:HGNC:14456	variant	cortical plate	79.29	0.0	2	present_gold
21	21	ENSG00000246705	H2AJ	H2AJ:HGNC:14456	variant	cranial nerve II	59.58	0.0	1	present_gold
21	21	ENSG00000246705	H2AJ	H2AJ:HGNC:14456	variant	decidua	97.98	0.0	1	present_gold
21	21	ENSG00000246705	H2AJ	H2AJ:HGNC:14456	variant	deltoid	76.01	12.49039230768994	3	present_gold
21	21	ENSG00000246705	H2AJ	H2AJ:HGNC:14456	variant	descending thoracic aorta	98.71666666666664	0.350047615808663	3	present_gold
21	21	ENSG00000246705	H2AJ	H2AJ:HGNC:14456	variant	diaphragm	0.0	0.0	0	observed_zero
21	21	ENSG00000246705	H2AJ	H2AJ:HGNC:14456	variant	dorsal motor nucleus of vagus nerve	0.0	0.0	0	observed_zero
21	21	ENSG00000246705	H2AJ	H2AJ:HGNC:14456	variant	dorsal plus ventral thalamus	86.35249999999999	2.8321178765486943	4	present_gold
21	21	ENSG00000246705	H2AJ	H2AJ:HGNC:14456	variant	dorsal root ganglion	92.435	2.255009977804976	6	present_gold
21	21	ENSG00000246705	H2AJ	H2AJ:HGNC:14456	variant	dorsolateral prefrontal cortex	76.4305	6.5217526502910985	20	present_gold
21	21	ENSG00000246705	H2AJ	H2AJ:HGNC:14456	variant	duodenum	91.64333333333332	1.30791182169645	3	present_gold
21	21	ENSG00000246705	H2AJ	H2AJ:HGNC:14456	variant	ectocervix	97.716	0.7626467071980312	5	present_gold
21	21	ENSG00000246705	H2AJ	H2AJ:HGNC:14456	variant	embryo	0.0	0.0	0	observed_zero
21	21	ENSG00000246705	H2AJ	H2AJ:HGNC:14456	variant	endocervix	97.75	0.546168472176855	3	present_gold
21	21	ENSG00000246705	H2AJ	H2AJ:HGNC:14456	variant	endometrium	91.746875	2.702366169982646	16	present_gold
21	21	ENSG00000246705	H2AJ	H2AJ:HGNC:14456	variant	endothelial cell	82.88	0.0	1	present_gold
21	21	ENSG00000246705	H2AJ	H2AJ:HGNC:14456	variant	entorhinal cortex	75.70769230769231	3.3829822983233635	13	present_gold
21	21	ENSG00000246705	H2AJ	H2AJ:HGNC:14456	variant	epithelium of bronchus	90.89307692307692	4.113211204187843	13	present_gold
21	21	ENSG00000246705	H2AJ	H2AJ:HGNC:14456	variant	epithelium of esophagus	90.54	0.0	1	present_gold
21	21	ENSG00000246705	H2AJ	H2AJ:HGNC:14456	variant	epithelium of mammary gland	86.83	10.564175310927018	2	present_gold
21	21	ENSG00000246705	H2AJ	H2AJ:HGNC:14456	variant	epithelium of nasopharynx	97.35	0.0	1	present_gold
21	21	ENSG00000246705	H2AJ	H2AJ:HGNC:14456	variant	esophagogastric junction muscularis propria	97.35363636363635	0.4884930445210577	11	present_gold
21	21	ENSG00000246705	H2AJ	H2AJ:HGNC:14456	variant	esophagus	97.31285714285715	0.134872073426919	7	present_gold
21	21	ENSG00000246705	H2AJ	H2AJ:HGNC:14456	variant	esophagus mucosa	97.64363636363636	0.184568292362081	11	present_gold
21	21	ENSG00000246705	H2AJ	H2AJ:HGNC:14456	variant	esophagus squamous epithelium	98.39	0.0	1	present_gold
21	21	ENSG00000246705	H2AJ	H2AJ:HGNC:14456	variant	fallopian tube	80.195	0.7424621202458729	2	present_gold
21	21	ENSG00000246705	H2AJ	H2AJ:HGNC:14456	variant	female reproductive system	92.01	0.0	1	present_gold
21	21	ENSG00000246705	H2AJ	H2AJ:HGNC:14456	variant	forebrain	74.245	2.694076836320748	2	present_gold
21	21	ENSG00000246705	H2AJ	H2AJ:HGNC:14456	variant	frontal cortex	79.24166666666666	4.694839783020853	18	present_gold
21	21	ENSG00000246705	H2AJ	H2AJ:HGNC:14456	variant	fundus of stomach	95.26857142857143	3.087282670199522	7	present_gold
21	21	ENSG00000246705	H2AJ	H2AJ:HGNC:14456	variant	gall bladder	91.8	0.0	1	present_gold
21	21	ENSG00000246705	H2AJ	H2AJ:HGNC:14456	variant	ganglionic eminence	73.405	1.873832970144355	2	present_gold
21	21	ENSG00000246705	H2AJ	H2AJ:HGNC:14456	variant	gastrocnemius	94.63230769230768	0.6516537148689954	13	present_gold
21	21	ENSG00000246705	H2AJ	H2AJ:HGNC:14456	variant	germinal epithelium of ovary	91.28	0.0	1	present_gold
21	21	ENSG00000246705	H2AJ	H2AJ:HGNC:14456	variant	gingiva	97.33	0.282842712474623	2	present_gold
21	21	ENSG00000246705	H2AJ	H2AJ:HGNC:14456	variant	gingival epithelium	97.95	0.0	1	present_gold
21	21	ENSG00000246705	H2AJ	H2AJ:HGNC:14456	variant	globus pallidus	85.37	0.0	1	present_gold
21	21	ENSG00000246705	H2AJ	H2AJ:HGNC:14456	variant	gluteal muscle	0.0	0.0	0	observed_zero
21	21	ENSG00000246705	H2AJ	H2AJ:HGNC:14456	variant	granulocyte	92.98	0.0	1	present_gold
21	21	ENSG00000246705	H2AJ	H2AJ:HGNC:14456	variant	hair follicle	0.0	0.0	0	observed_zero
21	21	ENSG00000246705	H2AJ	H2AJ:HGNC:14456	variant	heart	91.80333333333331	5.969623901370129	15	present_gold
21	21	ENSG00000246705	H2AJ	H2AJ:HGNC:14456	variant	heart left ventricle	93.63058823529413	2.234453150628347	17	present_gold
21	21	ENSG00000246705	H2AJ	H2AJ:HGNC:14456	variant	heart right ventricle	94.28833333333334	0.7352935921566748	6	present_gold
21	21	ENSG00000246705	H2AJ	H2AJ:HGNC:14456	variant	hindlimb stylopod muscle	93.425	1.3505739520663034	2	present_gold
21	21	ENSG00000246705	H2AJ	H2AJ:HGNC:14456	variant	hypothalamus	86.48333333333333	2.8342891945063124	15	present_gold
21	21	ENSG00000246705	H2AJ	H2AJ:HGNC:14456	variant	ileal mucosa	0.0	0.0	0	observed_zero
21	21	ENSG00000246705	H2AJ	H2AJ:HGNC:14456	variant	inferior olivary complex	0.0	0.0	0	observed_zero
21	21	ENSG00000246705	H2AJ	H2AJ:HGNC:14456	variant	inferior vagus X ganglion	90.21	2.045238372415302	5	present_gold
21	21	ENSG00000246705	H2AJ	H2AJ:HGNC:14456	variant	intestine	79.28999999999999	11.46554548782278	4	present_gold
21	21	ENSG00000246705	H2AJ	H2AJ:HGNC:14456	variant	islet of Langerhans	83.24083333333333	6.37770043815072	12	present_gold
21	21	ENSG00000246705	H2AJ	H2AJ:HGNC:14456	variant	jejunal mucosa	92.46	0.0	1	present_gold
21	21	ENSG00000246705	H2AJ	H2AJ:HGNC:14456	variant	jejunum	91.005	0.3606244584051428	2	present_gold
21	21	ENSG00000246705	H2AJ	H2AJ:HGNC:14456	variant	kidney	80.67833333333333	9.622744757431049	6	present_gold
21	21	ENSG00000246705	H2AJ	H2AJ:HGNC:14456	variant	kidney epithelium	0.0	0.0	0	observed_zero
21	21	ENSG00000246705	H2AJ	H2AJ:HGNC:14456	variant	large intestine	95.97	0.2687005768508848	2	present_gold
21	21	ENSG00000246705	H2AJ	H2AJ:HGNC:14456	variant	lateral globus pallidus	0.0	0.0	0	observed_zero
21	21	ENSG00000246705	H2AJ	H2AJ:HGNC:14456	variant	lateral nuclear group of thalamus	0.0	0.0	0	observed_zero
21	21	ENSG00000246705	H2AJ	H2AJ:HGNC:14456	variant	layer of synovial tissue	69.912	6.609649763792333	5	present_gold
21	21	ENSG00000246705	H2AJ	H2AJ:HGNC:14456	variant	left adrenal gland	98.2725	0.2019016733815899	8	present_gold
21	21	ENSG00000246705	H2AJ	H2AJ:HGNC:14456	variant	left adrenal gland cortex	98.4525	0.2703833257749866	8	present_gold
21	21	ENSG00000246705	H2AJ	H2AJ:HGNC:14456	variant	left coronary artery	98.81222222222222	0.2208946455766737	9	present_gold
21	21	ENSG00000246705	H2AJ	H2AJ:HGNC:14456	variant	left lobe of thyroid gland	96.10454545454546	0.693892839512899	11	present_gold
21	21	ENSG00000246705	H2AJ	H2AJ:HGNC:14456	variant	left ovary	93.394	1.8463558703565237	5	present_gold
21	21	ENSG00000246705	H2AJ	H2AJ:HGNC:14456	variant	left testis	99.66	0.0957078889120461	6	present_gold
21	21	ENSG00000246705	H2AJ	H2AJ:HGNC:14456	variant	left uterine tube	97.215	0.3747665940288709	2	present_gold
21	21	ENSG00000246705	H2AJ	H2AJ:HGNC:14456	variant	left ventricle myocardium	0.0	0.0	0	observed_zero
21	21	ENSG00000246705	H2AJ	H2AJ:HGNC:14456	variant	leukocyte	90.0	0.0	1	present_gold
21	21	ENSG00000246705	H2AJ	H2AJ:HGNC:14456	variant	liver	93.1590476190476	3.027084248516887	21	present_gold
21	21	ENSG00000246705	H2AJ	H2AJ:HGNC:14456	variant	lower esophagus	97.16	0.1979898987322341	2	present_gold
21	21	ENSG00000246705	H2AJ	H2AJ:HGNC:14456	variant	lower esophagus mucosa	97.47	0.0	1	present_gold
21	21	ENSG00000246705	H2AJ	H2AJ:HGNC:14456	variant	lower esophagus muscularis layer	97.30272727272728	0.2730600999447121	11	present_gold
21	21	ENSG00000246705	H2AJ	H2AJ:HGNC:14456	variant	lower lobe of lung	94.335	1.5011329055083675	8	present_gold
21	21	ENSG00000246705	H2AJ	H2AJ:HGNC:14456	variant	lung	89.01866666666666	6.437956493292248	15	present_gold
21	21	ENSG00000246705	H2AJ	H2AJ:HGNC:14456	variant	lymph node	92.42166666666668	4.271830599013342	6	present_gold
21	21	ENSG00000246705	H2AJ	H2AJ:HGNC:14456	variant	male germ cell	0.0	0.0	0	observed_zero
21	21	ENSG00000246705	H2AJ	H2AJ:HGNC:14456	variant	male germ line stem cell (sensu Vertebrata) in testis	82.78	0.0	1	present_gold
21	21	ENSG00000246705	H2AJ	H2AJ:HGNC:14456	variant	mammalian vulva	97.494	0.3663741257239669	5	present_gold
21	21	ENSG00000246705	H2AJ	H2AJ:HGNC:14456	variant	mammary duct	96.29	0.0	1	present_gold
21	21	ENSG00000246705	H2AJ	H2AJ:HGNC:14456	variant	mammary gland	96.07	0.0	1	present_gold
21	21	ENSG00000246705	H2AJ	H2AJ:HGNC:14456	variant	medial globus pallidus	83.48	1.4967965793654157	3	present_gold
21	21	ENSG00000246705	H2AJ	H2AJ:HGNC:14456	variant	medulla oblongata	87.312	2.592039737349722	5	present_gold
21	21	ENSG00000246705	H2AJ	H2AJ:HGNC:14456	variant	metanephric glomerulus	83.2	3.4571838250229043	6	present_gold
21	21	ENSG00000246705	H2AJ	H2AJ:HGNC:14456	variant	metanephros	85.2675	11.95882205737672	4	present_gold
21	21	ENSG00000246705	H2AJ	H2AJ:HGNC:14456	variant	metanephros cortex	97.705	0.7424621202458729	2	present_gold
21	21	ENSG00000246705	H2AJ	H2AJ:HGNC:14456	variant	midbrain	88.144	2.344062712471666	5	present_gold
21	21	ENSG00000246705	H2AJ	H2AJ:HGNC:14456	variant	middle temporal gyrus	75.59	0.0	1	present_gold
21	21	ENSG00000246705	H2AJ	H2AJ:HGNC:14456	variant	minor salivary gland	97.686	0.3835564568033707	10	present_gold
21	21	ENSG00000246705	H2AJ	H2AJ:HGNC:14456	variant	monocyte	96.6	0.0	1	present_gold
21	21	ENSG00000246705	H2AJ	H2AJ:HGNC:14456	variant	mononuclear cell	0.0	0.0	0	observed_zero
21	21	ENSG00000246705	H2AJ	H2AJ:HGNC:14456	variant	mouth mucosa	97.88	0.2842534080710394	4	present_gold
21	21	ENSG00000246705	H2AJ	H2AJ:HGNC:14456	variant	mucosa of paranasal sinus	95.57	0.0	1	present_gold
21	21	ENSG00000246705	H2AJ	H2AJ:HGNC:14456	variant	mucosa of sigmoid colon	94.8	0.0	1	present_gold
21	21	ENSG00000246705	H2AJ	H2AJ:HGNC:14456	variant	mucosa of stomach	98.49	0.0	1	present_gold
21	21	ENSG00000246705	H2AJ	H2AJ:HGNC:14456	variant	mucosa of transverse colon	98.82	0.0	1	present_gold
21	21	ENSG00000246705	H2AJ	H2AJ:HGNC:14456	variant	mucosa of urinary bladder	0.0	0.0	0	observed_zero
21	21	ENSG00000246705	H2AJ	H2AJ:HGNC:14456	variant	muscle layer of sigmoid colon	96.9718181818182	0.544128995401241	11	present_gold
21	21	ENSG00000246705	H2AJ	H2AJ:HGNC:14456	variant	muscle of leg	94.61	0.6222539674441586	2	present_gold
21	21	ENSG00000246705	H2AJ	H2AJ:HGNC:14456	variant	muscle organ	0.0	0.0	0	observed_zero
21	21	ENSG00000246705	H2AJ	H2AJ:HGNC:14456	variant	muscle tissue	79.78	0.0	1	present_gold
21	21	ENSG00000246705	H2AJ	H2AJ:HGNC:14456	variant	myocardium	90.59833333333334	4.374381861093824	6	present_gold
21	21	ENSG00000246705	H2AJ	H2AJ:HGNC:14456	variant	myometrium	88.298	15.572795224721574	10	present_gold
21	21	ENSG00000246705	H2AJ	H2AJ:HGNC:14456	variant	nasal cavity epithelium	89.75571428571428	8.576224610598102	7	present_gold
21	21	ENSG00000246705	H2AJ	H2AJ:HGNC:14456	variant	nasal cavity mucosa	95.43	0.0	1	present_gold
21	21	ENSG00000246705	H2AJ	H2AJ:HGNC:14456	variant	neocortex	72.88	0.0	1	present_gold
21	21	ENSG00000246705	H2AJ	H2AJ:HGNC:14456	variant	nephron tubule	0.0	0.0	0	observed_zero
21	21	ENSG00000246705	H2AJ	H2AJ:HGNC:14456	variant	nipple	97.70666666666666	0.646554973171916	3	present_gold
21	21	ENSG00000246705	H2AJ	H2AJ:HGNC:14456	variant	nucleus accumbens	91.14	2.0674885951098	12	present_gold
21	21	ENSG00000246705	H2AJ	H2AJ:HGNC:14456	variant	occipital lobe	81.01	4.781506038896116	3	present_gold
21	21	ENSG00000246705	H2AJ	H2AJ:HGNC:14456	variant	olfactory bulb	0.0	0.0	0	observed_zero
21	21	ENSG00000246705	H2AJ	H2AJ:HGNC:14456	variant	olfactory segment of nasal mucosa	99.01	0.0	1	present_gold
21	21	ENSG00000246705	H2AJ	H2AJ:HGNC:14456	variant	omental fat pad	98.37272727272726	0.2004041371374792	11	present_gold
21	21	ENSG00000246705	H2AJ	H2AJ:HGNC:14456	variant	oocyte	0.0	0.0	0	observed_zero
21	21	ENSG00000246705	H2AJ	H2AJ:HGNC:14456	variant	oral cavity	97.35333333333334	0.5361964814008622	6	present_gold
21	21	ENSG00000246705	H2AJ	H2AJ:HGNC:14456	variant	orbitofrontal cortex	0.0	0.0	0	observed_zero
21	21	ENSG00000246705	H2AJ	H2AJ:HGNC:14456	variant	ovary	85.0281818181818	10.856731384889116	11	present_gold
21	21	ENSG00000246705	H2AJ	H2AJ:HGNC:14456	variant	oviduct epithelium	70.0	0.0	1	present_gold
21	21	ENSG00000246705	H2AJ	H2AJ:HGNC:14456	variant	palpebral conjunctiva	97.606	0.3811561359862896	5	present_gold
21	21	ENSG00000246705	H2AJ	H2AJ:HGNC:14456	variant	pancreas	92.75	0.2404163056034285	2	present_gold
21	21	ENSG00000246705	H2AJ	H2AJ:HGNC:14456	variant	pancreatic ductal cell	0.0	0.0	0	observed_zero
21	21	ENSG00000246705	H2AJ	H2AJ:HGNC:14456	variant	parietal lobe	78.128	4.493063542840227	5	present_gold
21	21	ENSG00000246705	H2AJ	H2AJ:HGNC:14456	variant	parietal pleura	93.96	3.467573599315045	4	present_gold
21	21	ENSG00000246705	H2AJ	H2AJ:HGNC:14456	variant	parotid gland	98.53	0.1477449539868328	8	present_gold
21	21	ENSG00000246705	H2AJ	H2AJ:HGNC:14456	variant	penis	97.56	0.0	1	present_gold
21	21	ENSG00000246705	H2AJ	H2AJ:HGNC:14456	variant	pericardium	97.67	0.0	1	present_gold
21	21	ENSG00000246705	H2AJ	H2AJ:HGNC:14456	variant	periodontal ligament	0.0	0.0	0	observed_zero
21	21	ENSG00000246705	H2AJ	H2AJ:HGNC:14456	variant	peritoneum	98.32	0.0	1	present_gold
21	21	ENSG00000246705	H2AJ	H2AJ:HGNC:14456	variant	pharyngeal mucosa	97.28333333333336	0.9176237427907638	3	present_gold
21	21	ENSG00000246705	H2AJ	H2AJ:HGNC:14456	variant	pigmented layer of retina	90.8875	1.3184934584593162	4	present_gold
21	21	ENSG00000246705	H2AJ	H2AJ:HGNC:14456	variant	pituitary gland	88.48461538461538	2.524762745898499	13	present_gold
21	21	ENSG00000246705	H2AJ	H2AJ:HGNC:14456	variant	placenta	88.935	4.616279165446274	4	present_gold
21	21	ENSG00000246705	H2AJ	H2AJ:HGNC:14456	variant	pleura	91.65	0.0	1	present_gold
21	21	ENSG00000246705	H2AJ	H2AJ:HGNC:14456	variant	pons	89.42	0.0	1	present_gold
21	21	ENSG00000246705	H2AJ	H2AJ:HGNC:14456	variant	popliteal artery	98.76	0.0	1	present_gold
21	21	ENSG00000246705	H2AJ	H2AJ:HGNC:14456	variant	postcentral gyrus	75.38933333333334	3.05616582073184	15	present_gold
21	21	ENSG00000246705	H2AJ	H2AJ:HGNC:14456	variant	prefrontal cortex	84.36625	3.5915414020803302	8	present_gold
21	21	ENSG00000246705	H2AJ	H2AJ:HGNC:14456	variant	primary visual cortex	74.94833333333334	2.8670920227063994	6	present_gold
21	21	ENSG00000246705	H2AJ	H2AJ:HGNC:14456	variant	primordial germ cell in gonad	88.94	0.0	1	present_gold
21	21	ENSG00000246705	H2AJ	H2AJ:HGNC:14456	variant	prostate gland	93.51153846153846	5.499739154653682	13	present_gold
21	21	ENSG00000246705	H2AJ	H2AJ:HGNC:14456	variant	putamen	89.52	2.8481924092308075	13	present_gold
21	21	ENSG00000246705	H2AJ	H2AJ:HGNC:14456	variant	pylorus	95.22333333333334	1.017660716218002	3	present_gold
21	21	ENSG00000246705	H2AJ	H2AJ:HGNC:14456	variant	quadriceps femoris	78.2	4.949582473973607	7	present_gold
21	21	ENSG00000246705	H2AJ	H2AJ:HGNC:14456	variant	rectum	91.66	0.0	1	present_gold
21	21	ENSG00000246705	H2AJ	H2AJ:HGNC:14456	variant	renal glomerulus	0.0	0.0	0	observed_zero
21	21	ENSG00000246705	H2AJ	H2AJ:HGNC:14456	variant	renal medulla	92.09333333333332	0.8038863933002832	3	present_gold
21	21	ENSG00000246705	H2AJ	H2AJ:HGNC:14456	variant	right adrenal gland	98.322	0.1544991909363925	5	present_gold
21	21	ENSG00000246705	H2AJ	H2AJ:HGNC:14456	variant	right adrenal gland cortex	98.08333333333331	0.2967041174863169	3	present_gold
21	21	ENSG00000246705	H2AJ	H2AJ:HGNC:14456	variant	right atrium auricular region	97.15454545454546	0.4978827901497245	11	present_gold
21	21	ENSG00000246705	H2AJ	H2AJ:HGNC:14456	variant	right coronary artery	98.685	0.1343502884254424	2	present_gold
21	21	ENSG00000246705	H2AJ	H2AJ:HGNC:14456	variant	right frontal lobe	81.55000000000001	3.2905508657366185	9	present_gold
21	21	ENSG00000246705	H2AJ	H2AJ:HGNC:14456	variant	right hemisphere of cerebellum	81.74777777777778	1.4019341797832203	9	present_gold
21	21	ENSG00000246705	H2AJ	H2AJ:HGNC:14456	variant	right lobe of liver	93.4111111111111	1.192596373930052	9	present_gold
21	21	ENSG00000246705	H2AJ	H2AJ:HGNC:14456	variant	right lobe of thyroid gland	96.33625	0.7865646372494951	8	present_gold
21	21	ENSG00000246705	H2AJ	H2AJ:HGNC:14456	variant	right lung	97.725	1.1101576464628848	2	present_gold
21	21	ENSG00000246705	H2AJ	H2AJ:HGNC:14456	variant	right ovary	94.284	1.5388892097873703	5	present_gold
21	21	ENSG00000246705	H2AJ	H2AJ:HGNC:14456	variant	right testis	99.338	0.79402141029068	5	present_gold
21	21	ENSG00000246705	H2AJ	H2AJ:HGNC:14456	variant	right uterine tube	97.2	0.0	1	present_gold
21	21	ENSG00000246705	H2AJ	H2AJ:HGNC:14456	variant	saliva-secreting gland	97.94	0.1798610574860494	5	present_gold
21	21	ENSG00000246705	H2AJ	H2AJ:HGNC:14456	variant	saphenous vein	98.01	0.530188645672458	3	present_gold
21	21	ENSG00000246705	H2AJ	H2AJ:HGNC:14456	variant	secondary oocyte	0.0	0.0	0	observed_zero
21	21	ENSG00000246705	H2AJ	H2AJ:HGNC:14456	variant	seminal vesicle	97.08	0.0	1	present_gold
21	21	ENSG00000246705	H2AJ	H2AJ:HGNC:14456	variant	skeletal muscle tissue	81.93083333333333	6.782065196776963	12	present_gold
21	21	ENSG00000246705	H2AJ	H2AJ:HGNC:14456	variant	skeletal muscle tissue of biceps brachii	93.4	0.480832611206847	2	present_gold
21	21	ENSG00000246705	H2AJ	H2AJ:HGNC:14456	variant	skeletal muscle tissue of rectus abdominis	92.625	0.3181980515339384	2	present_gold
21	21	ENSG00000246705	H2AJ	H2AJ:HGNC:14456	variant	skin of abdomen	98.143	0.1622104257506954	10	present_gold
21	21	ENSG00000246705	H2AJ	H2AJ:HGNC:14456	variant	skin of hip	94.88	0.0	1	present_gold
21	21	ENSG00000246705	H2AJ	H2AJ:HGNC:14456	variant	skin of leg	98.42083333333332	0.2927132737100597	12	present_gold
21	21	ENSG00000246705	H2AJ	H2AJ:HGNC:14456	variant	small intestine	94.86	0.4808326112068571	2	present_gold
21	21	ENSG00000246705	H2AJ	H2AJ:HGNC:14456	variant	small intestine Peyer's patch	95.88454545454546	0.6120190133707225	11	present_gold
21	21	ENSG00000246705	H2AJ	H2AJ:HGNC:14456	variant	smooth muscle tissue	90.33	0.0	1	present_gold
21	21	ENSG00000246705	H2AJ	H2AJ:HGNC:14456	variant	sperm	97.97	0.0	1	present_gold
21	21	ENSG00000246705	H2AJ	H2AJ:HGNC:14456	variant	spinal cord	85.31555555555556	16.42437526293703	9	present_gold
21	21	ENSG00000246705	H2AJ	H2AJ:HGNC:14456	variant	spleen	95.63666666666668	0.6135490398023803	12	present_gold
21	21	ENSG00000246705	H2AJ	H2AJ:HGNC:14456	variant	squamous epithelium	0.0	0.0	0	observed_zero
21	21	ENSG00000246705	H2AJ	H2AJ:HGNC:14456	variant	stomach	91.18666666666668	6.587600381616874	12	present_gold
21	21	ENSG00000246705	H2AJ	H2AJ:HGNC:14456	variant	stromal cell of endometrium	91.7	0.0	1	present_gold
21	21	ENSG00000246705	H2AJ	H2AJ:HGNC:14456	variant	subcutaneous adipose tissue	98.32684210526315	1.0303130734101	19	present_gold
21	21	ENSG00000246705	H2AJ	H2AJ:HGNC:14456	variant	substantia nigra	87.73705882352941	6.825261684274348	17	present_gold
21	21	ENSG00000246705	H2AJ	H2AJ:HGNC:14456	variant	substantia nigra pars compacta	88.33500000000001	0.9970205614730396	2	present_gold
21	21	ENSG00000246705	H2AJ	H2AJ:HGNC:14456	variant	substantia nigra pars reticulata	90.295	1.5627059864222757	2	present_gold
21	21	ENSG00000246705	H2AJ	H2AJ:HGNC:14456	variant	subthalamic nucleus	89.96857142857142	1.6974532744814017	7	present_gold
21	21	ENSG00000246705	H2AJ	H2AJ:HGNC:14456	variant	superficial temporal artery	94.39	0.0	1	present_gold
21	21	ENSG00000246705	H2AJ	H2AJ:HGNC:14456	variant	superior frontal gyrus	74.79	3.338852722118781	17	present_gold
21	21	ENSG00000246705	H2AJ	H2AJ:HGNC:14456	variant	superior surface of tongue	95.14	1.4697959041989457	3	present_gold
21	21	ENSG00000246705	H2AJ	H2AJ:HGNC:14456	variant	superior vestibular nucleus	85.7875	2.585657556599485	4	present_gold
21	21	ENSG00000246705	H2AJ	H2AJ:HGNC:14456	variant	sural nerve	95.44333333333331	1.815002295682667	3	present_gold
21	21	ENSG00000246705	H2AJ	H2AJ:HGNC:14456	variant	synovial joint	96.745	0.3181980515339484	2	present_gold
21	21	ENSG00000246705	H2AJ	H2AJ:HGNC:14456	variant	telencephalon	84.23	0.0	1	present_gold
21	21	ENSG00000246705	H2AJ	H2AJ:HGNC:14456	variant	temporal lobe	81.02166666666666	4.407781376913633	6	present_gold
21	21	ENSG00000246705	H2AJ	H2AJ:HGNC:14456	variant	tendon	93.696	1.943972736434337	5	present_gold
21	21	ENSG00000246705	H2AJ	H2AJ:HGNC:14456	variant	tendon of biceps brachii	95.06	0.0	1	present_gold
21	21	ENSG00000246705	H2AJ	H2AJ:HGNC:14456	variant	testis	91.1946153846154	12.702982993103507	13	present_gold
21	21	ENSG00000246705	H2AJ	H2AJ:HGNC:14456	variant	thoracic aorta	98.68	0.0379473319220204	6	present_gold
21	21	ENSG00000246705	H2AJ	H2AJ:HGNC:14456	variant	thoracic mammary gland	96.335	2.8905090049491817	14	present_gold
21	21	ENSG00000246705	H2AJ	H2AJ:HGNC:14456	variant	thymus	92.905	2.4678026663410573	2	present_gold
21	21	ENSG00000246705	H2AJ	H2AJ:HGNC:14456	variant	thyroid gland	95.49764705882352	2.0889097916489976	17	present_gold
21	21	ENSG00000246705	H2AJ	H2AJ:HGNC:14456	variant	tibia	89.05	0.0	1	present_gold
21	21	ENSG00000246705	H2AJ	H2AJ:HGNC:14456	variant	tibial artery	98.88636363636364	0.1770464756651595	11	present_gold
21	21	ENSG00000246705	H2AJ	H2AJ:HGNC:14456	variant	tibial nerve	98.56272727272729	0.2790373060754024	11	present_gold
21	21	ENSG00000246705	H2AJ	H2AJ:HGNC:14456	variant	tibialis anterior	0.0	0.0	0	observed_zero
21	21	ENSG00000246705	H2AJ	H2AJ:HGNC:14456	variant	tongue	93.15	0.0	1	present_gold
21	21	ENSG00000246705	H2AJ	H2AJ:HGNC:14456	variant	tongue squamous epithelium	0.0	0.0	0	observed_zero
21	21	ENSG00000246705	H2AJ	H2AJ:HGNC:14456	variant	tonsil	91.67	2.543674507479288	6	present_gold
21	21	ENSG00000246705	H2AJ	H2AJ:HGNC:14456	variant	trabecular bone tissue	94.7875	0.2527680095792708	4	present_gold
21	21	ENSG00000246705	H2AJ	H2AJ:HGNC:14456	variant	trachea	95.75666666666666	2.9869940296782214	3	present_gold
21	21	ENSG00000246705	H2AJ	H2AJ:HGNC:14456	variant	transverse colon	97.488	0.250812014597919	10	present_gold
21	21	ENSG00000246705	H2AJ	H2AJ:HGNC:14456	variant	triceps brachii	0.0	0.0	0	observed_zero
21	21	ENSG00000246705	H2AJ	H2AJ:HGNC:14456	variant	trigeminal ganglion	93.985	1.5876366082954894	6	present_gold
21	21	ENSG00000246705	H2AJ	H2AJ:HGNC:14456	variant	type B pancreatic cell	0.0	0.0	0	observed_zero
21	21	ENSG00000246705	H2AJ	H2AJ:HGNC:14456	variant	upper arm skin	75.7525	3.510274205813559	4	present_gold
21	21	ENSG00000246705	H2AJ	H2AJ:HGNC:14456	variant	upper leg skin	96.33	0.0	1	present_gold
21	21	ENSG00000246705	H2AJ	H2AJ:HGNC:14456	variant	upper lobe of left lung	96.6725	0.4945921840986059	8	present_gold
21	21	ENSG00000246705	H2AJ	H2AJ:HGNC:14456	variant	upper lobe of lung	96.45	0.9280445391610642	4	present_gold
21	21	ENSG00000246705	H2AJ	H2AJ:HGNC:14456	variant	urethra	95.79333333333334	0.3118225991382504	3	present_gold
21	21	ENSG00000246705	H2AJ	H2AJ:HGNC:14456	variant	urinary bladder	96.39875	2.515900506209032	8	present_gold
21	21	ENSG00000246705	H2AJ	H2AJ:HGNC:14456	variant	uterine cervix	85.044	4.531504165285521	5	present_gold
21	21	ENSG00000246705	H2AJ	H2AJ:HGNC:14456	variant	uterus	91.555	0.6717514421272222	2	present_gold
21	21	ENSG00000246705	H2AJ	H2AJ:HGNC:14456	variant	vagina	88.33666666666666	7.068192945523735	12	present_gold
21	21	ENSG00000246705	H2AJ	H2AJ:HGNC:14456	variant	vastus lateralis	84.7011111111111	6.640471452473169	9	present_gold
21	21	ENSG00000246705	H2AJ	H2AJ:HGNC:14456	variant	vena cava	97.07	0.0	1	present_gold
21	21	ENSG00000246705	H2AJ	H2AJ:HGNC:14456	variant	ventral tegmental area	86.34	4.326597970692449	5	present_gold
21	21	ENSG00000246705	H2AJ	H2AJ:HGNC:14456	variant	ventricular zone	76.655	1.1525840533340692	2	present_gold
21	21	ENSG00000246705	H2AJ	H2AJ:HGNC:14456	variant	vermiform appendix	73.26	23.91435133972904	2	present_gold
21	21	ENSG00000246705	H2AJ	H2AJ:HGNC:14456	variant	visceral pleura	93.2925	1.6761538314446784	4	present_gold
21	21	ENSG00000246705	H2AJ	H2AJ:HGNC:14456	variant	zone of skin	85.81428571428572	14.295311073261704	14	present_gold
22	22	ENSG00000249467	H2AL1Q	H2AL1Q:HGNC:53959	variant	Ammon's horn	25.28	0.0	1	present_gold
22	22	ENSG00000249467	H2AL1Q	H2AL1Q:HGNC:53959	variant	Brodmann (1909) area 9	0.0	0.0	0	observed_zero
22	22	ENSG00000249467	H2AL1Q	H2AL1Q:HGNC:53959	variant	C1 segment of cervical spinal cord	42.58857142857143	10.87199679386056	7	present_gold
22	22	ENSG00000249467	H2AL1Q	H2AL1Q:HGNC:53959	variant	adenohypophysis	52.995000000000005	2.6799347006970144	2	present_gold
22	22	ENSG00000249467	H2AL1Q	H2AL1Q:HGNC:53959	variant	adipose tissue	22.7	0.0	1	present_gold
22	22	ENSG00000249467	H2AL1Q	H2AL1Q:HGNC:53959	variant	adrenal gland	0.0	0.0	0	observed_zero
22	22	ENSG00000249467	H2AL1Q	H2AL1Q:HGNC:53959	variant	adrenal tissue	0.0	0.0	0	observed_zero
22	22	ENSG00000249467	H2AL1Q	H2AL1Q:HGNC:53959	variant	adult mammalian kidney	0.0	0.0	0	observed_zero
22	22	ENSG00000249467	H2AL1Q	H2AL1Q:HGNC:53959	variant	amygdala	26.09	0.0	1	present_gold
22	22	ENSG00000249467	H2AL1Q	H2AL1Q:HGNC:53959	variant	anterior cingulate cortex	0.0	0.0	0	observed_zero
22	22	ENSG00000249467	H2AL1Q	H2AL1Q:HGNC:53959	variant	apex of heart	0.0	0.0	0	observed_zero
22	22	ENSG00000249467	H2AL1Q	H2AL1Q:HGNC:53959	variant	ascending aorta	29.83285714285714	6.529208002725686	7	present_gold
22	22	ENSG00000249467	H2AL1Q	H2AL1Q:HGNC:53959	variant	blood	0.0	0.0	0	observed_zero
22	22	ENSG00000249467	H2AL1Q	H2AL1Q:HGNC:53959	variant	body of pancreas	25.17	0.0	1	present_gold
22	22	ENSG00000249467	H2AL1Q	H2AL1Q:HGNC:53959	variant	body of stomach	24.36	2.644579361637689	2	present_gold
22	22	ENSG00000249467	H2AL1Q	H2AL1Q:HGNC:53959	variant	body of uterus	0.0	0.0	0	observed_zero
22	22	ENSG00000249467	H2AL1Q	H2AL1Q:HGNC:53959	variant	bone marrow	0.0	0.0	0	observed_zero
22	22	ENSG00000249467	H2AL1Q	H2AL1Q:HGNC:53959	variant	bone marrow cell	0.0	0.0	0	observed_zero
22	22	ENSG00000249467	H2AL1Q	H2AL1Q:HGNC:53959	variant	brain	22.21666666666667	0.2059935274064049	3	present_gold
22	22	ENSG00000249467	H2AL1Q	H2AL1Q:HGNC:53959	variant	calcaneal tendon	0.0	0.0	0	observed_zero
22	22	ENSG00000249467	H2AL1Q	H2AL1Q:HGNC:53959	variant	caudate nucleus	19.83	0.424264068711927	2	present_gold
22	22	ENSG00000249467	H2AL1Q	H2AL1Q:HGNC:53959	variant	cerebellar cortex	0.0	0.0	0	observed_zero
22	22	ENSG00000249467	H2AL1Q	H2AL1Q:HGNC:53959	variant	cerebellar hemisphere	0.0	0.0	0	observed_zero
22	22	ENSG00000249467	H2AL1Q	H2AL1Q:HGNC:53959	variant	cerebellum	0.0	0.0	0	observed_zero
22	22	ENSG00000249467	H2AL1Q	H2AL1Q:HGNC:53959	variant	cerebral cortex	21.59	0.0	1	present_gold
22	22	ENSG00000249467	H2AL1Q	H2AL1Q:HGNC:53959	variant	colon	0.0	0.0	0	observed_zero
22	22	ENSG00000249467	H2AL1Q	H2AL1Q:HGNC:53959	variant	colonic epithelium	0.0	0.0	0	observed_zero
22	22	ENSG00000249467	H2AL1Q	H2AL1Q:HGNC:53959	variant	corpus callosum	51.96	0.0	1	present_gold
22	22	ENSG00000249467	H2AL1Q	H2AL1Q:HGNC:53959	variant	cortex of kidney	0.0	0.0	0	observed_zero
22	22	ENSG00000249467	H2AL1Q	H2AL1Q:HGNC:53959	variant	cortical plate	0.0	0.0	0	observed_zero
22	22	ENSG00000249467	H2AL1Q	H2AL1Q:HGNC:53959	variant	descending thoracic aorta	36.55	0.0	1	present_gold
22	22	ENSG00000249467	H2AL1Q	H2AL1Q:HGNC:53959	variant	dorsolateral prefrontal cortex	0.0	0.0	0	observed_zero
22	22	ENSG00000249467	H2AL1Q	H2AL1Q:HGNC:53959	variant	duodenum	0.0	0.0	0	observed_zero
22	22	ENSG00000249467	H2AL1Q	H2AL1Q:HGNC:53959	variant	ectocervix	30.72	0.0	1	present_gold
22	22	ENSG00000249467	H2AL1Q	H2AL1Q:HGNC:53959	variant	endocervix	48.1	0.0	1	present_gold
22	22	ENSG00000249467	H2AL1Q	H2AL1Q:HGNC:53959	variant	endometrium	0.0	0.0	0	observed_zero
22	22	ENSG00000249467	H2AL1Q	H2AL1Q:HGNC:53959	variant	esophagogastric junction muscularis propria	23.7	3.606244584051393	2	present_gold
22	22	ENSG00000249467	H2AL1Q	H2AL1Q:HGNC:53959	variant	esophagus	0.0	0.0	0	observed_zero
22	22	ENSG00000249467	H2AL1Q	H2AL1Q:HGNC:53959	variant	esophagus mucosa	28.62	0.0	1	present_gold
22	22	ENSG00000249467	H2AL1Q	H2AL1Q:HGNC:53959	variant	fallopian tube	0.0	0.0	0	observed_zero
22	22	ENSG00000249467	H2AL1Q	H2AL1Q:HGNC:53959	variant	frontal cortex	31.116666666666664	11.343016941419656	3	present_gold
22	22	ENSG00000249467	H2AL1Q	H2AL1Q:HGNC:53959	variant	fundus of stomach	34.61	0.0	1	present_gold
22	22	ENSG00000249467	H2AL1Q	H2AL1Q:HGNC:53959	variant	gall bladder	0.0	0.0	0	observed_zero
22	22	ENSG00000249467	H2AL1Q	H2AL1Q:HGNC:53959	variant	ganglionic eminence	0.0	0.0	0	observed_zero
22	22	ENSG00000249467	H2AL1Q	H2AL1Q:HGNC:53959	variant	gastrocnemius	26.6425	1.927543773822011	4	present_gold
22	22	ENSG00000249467	H2AL1Q	H2AL1Q:HGNC:53959	variant	granulocyte	0.0	0.0	0	observed_zero
22	22	ENSG00000249467	H2AL1Q	H2AL1Q:HGNC:53959	variant	heart	25.045	4.037579720575184	2	present_gold
22	22	ENSG00000249467	H2AL1Q	H2AL1Q:HGNC:53959	variant	heart left ventricle	29.03	0.0	1	present_gold
22	22	ENSG00000249467	H2AL1Q	H2AL1Q:HGNC:53959	variant	hindlimb stylopod muscle	0.0	0.0	0	observed_zero
22	22	ENSG00000249467	H2AL1Q	H2AL1Q:HGNC:53959	variant	hypothalamus	27.81	0.0	1	present_gold
22	22	ENSG00000249467	H2AL1Q	H2AL1Q:HGNC:53959	variant	intestine	0.0	0.0	0	observed_zero
22	22	ENSG00000249467	H2AL1Q	H2AL1Q:HGNC:53959	variant	islet of Langerhans	0.0	0.0	0	observed_zero
22	22	ENSG00000249467	H2AL1Q	H2AL1Q:HGNC:53959	variant	kidney	0.0	0.0	0	observed_zero
22	22	ENSG00000249467	H2AL1Q	H2AL1Q:HGNC:53959	variant	left adrenal gland	23.13	0.0	1	present_gold
22	22	ENSG00000249467	H2AL1Q	H2AL1Q:HGNC:53959	variant	left adrenal gland cortex	0.0	0.0	0	observed_zero
22	22	ENSG00000249467	H2AL1Q	H2AL1Q:HGNC:53959	variant	left coronary artery	48.97	17.5928167159213	2	present_gold
22	22	ENSG00000249467	H2AL1Q	H2AL1Q:HGNC:53959	variant	left lobe of thyroid gland	0.0	0.0	0	observed_zero
22	22	ENSG00000249467	H2AL1Q	H2AL1Q:HGNC:53959	variant	left ovary	0.0	0.0	0	observed_zero
22	22	ENSG00000249467	H2AL1Q	H2AL1Q:HGNC:53959	variant	left testis	92.35833333333332	1.5493923540106485	6	present_gold
22	22	ENSG00000249467	H2AL1Q	H2AL1Q:HGNC:53959	variant	left uterine tube	0.0	0.0	0	observed_zero
22	22	ENSG00000249467	H2AL1Q	H2AL1Q:HGNC:53959	variant	leukocyte	0.0	0.0	0	observed_zero
22	22	ENSG00000249467	H2AL1Q	H2AL1Q:HGNC:53959	variant	liver	43.49	0.0	1	present_gold
22	22	ENSG00000249467	H2AL1Q	H2AL1Q:HGNC:53959	variant	lower esophagus	0.0	0.0	0	observed_zero
22	22	ENSG00000249467	H2AL1Q	H2AL1Q:HGNC:53959	variant	lower esophagus mucosa	0.0	0.0	0	observed_zero
22	22	ENSG00000249467	H2AL1Q	H2AL1Q:HGNC:53959	variant	lower esophagus muscularis layer	23.98	0.0	1	present_gold
22	22	ENSG00000249467	H2AL1Q	H2AL1Q:HGNC:53959	variant	lung	0.0	0.0	0	observed_zero
22	22	ENSG00000249467	H2AL1Q	H2AL1Q:HGNC:53959	variant	lymph node	0.0	0.0	0	observed_zero
22	22	ENSG00000249467	H2AL1Q	H2AL1Q:HGNC:53959	variant	metanephros cortex	0.0	0.0	0	observed_zero
22	22	ENSG00000249467	H2AL1Q	H2AL1Q:HGNC:53959	variant	minor salivary gland	0.0	0.0	0	observed_zero
22	22	ENSG00000249467	H2AL1Q	H2AL1Q:HGNC:53959	variant	monocyte	0.0	0.0	0	observed_zero
22	22	ENSG00000249467	H2AL1Q	H2AL1Q:HGNC:53959	variant	mucosa of stomach	0.0	0.0	0	observed_zero
22	22	ENSG00000249467	H2AL1Q	H2AL1Q:HGNC:53959	variant	mucosa of transverse colon	0.0	0.0	0	observed_zero
22	22	ENSG00000249467	H2AL1Q	H2AL1Q:HGNC:53959	variant	muscle layer of sigmoid colon	0.0	0.0	0	observed_zero
22	22	ENSG00000249467	H2AL1Q	H2AL1Q:HGNC:53959	variant	muscle of leg	0.0	0.0	0	observed_zero
22	22	ENSG00000249467	H2AL1Q	H2AL1Q:HGNC:53959	variant	muscle tissue	0.0	0.0	0	observed_zero
22	22	ENSG00000249467	H2AL1Q	H2AL1Q:HGNC:53959	variant	myometrium	0.0	0.0	0	observed_zero
22	22	ENSG00000249467	H2AL1Q	H2AL1Q:HGNC:53959	variant	nucleus accumbens	0.0	0.0	0	observed_zero
22	22	ENSG00000249467	H2AL1Q	H2AL1Q:HGNC:53959	variant	olfactory segment of nasal mucosa	0.0	0.0	0	observed_zero
22	22	ENSG00000249467	H2AL1Q	H2AL1Q:HGNC:53959	variant	omental fat pad	0.0	0.0	0	observed_zero
22	22	ENSG00000249467	H2AL1Q	H2AL1Q:HGNC:53959	variant	ovary	0.0	0.0	0	observed_zero
22	22	ENSG00000249467	H2AL1Q	H2AL1Q:HGNC:53959	variant	pancreas	0.0	0.0	0	observed_zero
22	22	ENSG00000249467	H2AL1Q	H2AL1Q:HGNC:53959	variant	pituitary gland	41.018	11.658353990927614	10	present_gold
22	22	ENSG00000249467	H2AL1Q	H2AL1Q:HGNC:53959	variant	placenta	0.0	0.0	0	observed_zero
22	22	ENSG00000249467	H2AL1Q	H2AL1Q:HGNC:53959	variant	popliteal artery	0.0	0.0	0	observed_zero
22	22	ENSG00000249467	H2AL1Q	H2AL1Q:HGNC:53959	variant	prefrontal cortex	30.265	0.4879036790187162	2	present_gold
22	22	ENSG00000249467	H2AL1Q	H2AL1Q:HGNC:53959	variant	primary visual cortex	0.0	0.0	0	observed_zero
22	22	ENSG00000249467	H2AL1Q	H2AL1Q:HGNC:53959	variant	prostate gland	22.186666666666667	0.7778388864882841	3	present_gold
22	22	ENSG00000249467	H2AL1Q	H2AL1Q:HGNC:53959	variant	putamen	0.0	0.0	0	observed_zero
22	22	ENSG00000249467	H2AL1Q	H2AL1Q:HGNC:53959	variant	rectum	0.0	0.0	0	observed_zero
22	22	ENSG00000249467	H2AL1Q	H2AL1Q:HGNC:53959	variant	right adrenal gland	0.0	0.0	0	observed_zero
22	22	ENSG00000249467	H2AL1Q	H2AL1Q:HGNC:53959	variant	right adrenal gland cortex	0.0	0.0	0	observed_zero
22	22	ENSG00000249467	H2AL1Q	H2AL1Q:HGNC:53959	variant	right atrium auricular region	0.0	0.0	0	observed_zero
22	22	ENSG00000249467	H2AL1Q	H2AL1Q:HGNC:53959	variant	right coronary artery	0.0	0.0	0	observed_zero
22	22	ENSG00000249467	H2AL1Q	H2AL1Q:HGNC:53959	variant	right frontal lobe	22.15	1.725340546095177	2	present_gold
22	22	ENSG00000249467	H2AL1Q	H2AL1Q:HGNC:53959	variant	right hemisphere of cerebellum	0.0	0.0	0	observed_zero
22	22	ENSG00000249467	H2AL1Q	H2AL1Q:HGNC:53959	variant	right lobe of liver	44.645	16.39780625571604	2	present_gold
22	22	ENSG00000249467	H2AL1Q	H2AL1Q:HGNC:53959	variant	right lobe of thyroid gland	32.81	0.0	1	present_gold
22	22	ENSG00000249467	H2AL1Q	H2AL1Q:HGNC:53959	variant	right lung	0.0	0.0	0	observed_zero
22	22	ENSG00000249467	H2AL1Q	H2AL1Q:HGNC:53959	variant	right ovary	35.62	7.764032457428292	2	present_gold
22	22	ENSG00000249467	H2AL1Q	H2AL1Q:HGNC:53959	variant	right testis	88.322	7.925406614174445	5	present_gold
22	22	ENSG00000249467	H2AL1Q	H2AL1Q:HGNC:53959	variant	right uterine tube	0.0	0.0	0	observed_zero
22	22	ENSG00000249467	H2AL1Q	H2AL1Q:HGNC:53959	variant	skeletal muscle tissue	0.0	0.0	0	observed_zero
22	22	ENSG00000249467	H2AL1Q	H2AL1Q:HGNC:53959	variant	skin of abdomen	20.605	3.4294678887547567	2	present_gold
22	22	ENSG00000249467	H2AL1Q	H2AL1Q:HGNC:53959	variant	skin of leg	21.886666666666667	2.1023161830070496	3	present_gold
22	22	ENSG00000249467	H2AL1Q	H2AL1Q:HGNC:53959	variant	small intestine Peyer's patch	0.0	0.0	0	observed_zero
22	22	ENSG00000249467	H2AL1Q	H2AL1Q:HGNC:53959	variant	smooth muscle tissue	0.0	0.0	0	observed_zero
22	22	ENSG00000249467	H2AL1Q	H2AL1Q:HGNC:53959	variant	spleen	35.06	5.487221519129695	5	present_gold
22	22	ENSG00000249467	H2AL1Q	H2AL1Q:HGNC:53959	variant	stomach	0.0	0.0	0	observed_zero
22	22	ENSG00000249467	H2AL1Q	H2AL1Q:HGNC:53959	variant	stromal cell of endometrium	0.0	0.0	0	observed_zero
22	22	ENSG00000249467	H2AL1Q	H2AL1Q:HGNC:53959	variant	subcutaneous adipose tissue	27.12	5.860366882713061	7	present_gold
22	22	ENSG00000249467	H2AL1Q	H2AL1Q:HGNC:53959	variant	substantia nigra	32.416666666666664	12.739585288906907	3	present_gold
22	22	ENSG00000249467	H2AL1Q	H2AL1Q:HGNC:53959	variant	superior frontal gyrus	0.0	0.0	0	observed_zero
22	22	ENSG00000249467	H2AL1Q	H2AL1Q:HGNC:53959	variant	sural nerve	0.0	0.0	0	observed_zero
22	22	ENSG00000249467	H2AL1Q	H2AL1Q:HGNC:53959	variant	temporal lobe	0.0	0.0	0	observed_zero
22	22	ENSG00000249467	H2AL1Q	H2AL1Q:HGNC:53959	variant	testis	89.1825	3.269096642368172	8	present_gold
22	22	ENSG00000249467	H2AL1Q	H2AL1Q:HGNC:53959	variant	thoracic aorta	28.062	6.343084423212418	5	present_gold
22	22	ENSG00000249467	H2AL1Q	H2AL1Q:HGNC:53959	variant	thoracic mammary gland	29.2325	4.8268234896254505	4	present_gold
22	22	ENSG00000249467	H2AL1Q	H2AL1Q:HGNC:53959	variant	thyroid gland	27.11	0.0	1	present_gold
22	22	ENSG00000249467	H2AL1Q	H2AL1Q:HGNC:53959	variant	tibial artery	29.863333333333333	10.51821214212124	6	present_gold
22	22	ENSG00000249467	H2AL1Q	H2AL1Q:HGNC:53959	variant	tibial nerve	20.4	3.040559159102155	2	present_gold
22	22	ENSG00000249467	H2AL1Q	H2AL1Q:HGNC:53959	variant	tonsil	0.0	0.0	0	observed_zero
22	22	ENSG00000249467	H2AL1Q	H2AL1Q:HGNC:53959	variant	transverse colon	0.0	0.0	0	observed_zero
22	22	ENSG00000249467	H2AL1Q	H2AL1Q:HGNC:53959	variant	upper lobe of left lung	23.45	1.0606601717798212	2	present_gold
22	22	ENSG00000249467	H2AL1Q	H2AL1Q:HGNC:53959	variant	urinary bladder	30.85	6.561950929411162	2	present_gold
22	22	ENSG00000249467	H2AL1Q	H2AL1Q:HGNC:53959	variant	uterine cervix	0.0	0.0	0	observed_zero
22	22	ENSG00000249467	H2AL1Q	H2AL1Q:HGNC:53959	variant	vagina	21.77	0.0	1	present_gold
22	22	ENSG00000249467	H2AL1Q	H2AL1Q:HGNC:53959	variant	ventricular zone	0.0	0.0	0	observed_zero
22	22	ENSG00000249467	H2AL1Q	H2AL1Q:HGNC:53959	variant	vermiform appendix	0.0	0.0	0	observed_zero
22	22	ENSG00000249467	H2AL1Q	H2AL1Q:HGNC:53959	variant	zone of skin	20.855	0.0777817459305198	2	present_gold
23	23	ENSG00000229674	H2AL3	H2AL3:HGNC:53960	variant	Ammon's horn	0.0	0.0	0	observed_zero
23	23	ENSG00000229674	H2AL3	H2AL3:HGNC:53960	variant	Brodmann (1909) area 9	0.0	0.0	0	observed_zero
23	23	ENSG00000229674	H2AL3	H2AL3:HGNC:53960	variant	C1 segment of cervical spinal cord	0.0	0.0	0	observed_zero
23	23	ENSG00000229674	H2AL3	H2AL3:HGNC:53960	variant	adenohypophysis	47.245000000000005	6.017478707897518	2	present_gold
23	23	ENSG00000229674	H2AL3	H2AL3:HGNC:53960	variant	adipose tissue	0.0	0.0	0	observed_zero
23	23	ENSG00000229674	H2AL3	H2AL3:HGNC:53960	variant	adrenal gland	0.0	0.0	0	observed_zero
23	23	ENSG00000229674	H2AL3	H2AL3:HGNC:53960	variant	adrenal tissue	0.0	0.0	0	observed_zero
23	23	ENSG00000229674	H2AL3	H2AL3:HGNC:53960	variant	adult mammalian kidney	0.0	0.0	0	observed_zero
23	23	ENSG00000229674	H2AL3	H2AL3:HGNC:53960	variant	amygdala	26.02	0.0	1	present_gold
23	23	ENSG00000229674	H2AL3	H2AL3:HGNC:53960	variant	anterior cingulate cortex	0.0	0.0	0	observed_zero
23	23	ENSG00000229674	H2AL3	H2AL3:HGNC:53960	variant	apex of heart	0.0	0.0	0	observed_zero
23	23	ENSG00000229674	H2AL3	H2AL3:HGNC:53960	variant	ascending aorta	0.0	0.0	0	observed_zero
23	23	ENSG00000229674	H2AL3	H2AL3:HGNC:53960	variant	blood	0.0	0.0	0	observed_zero
23	23	ENSG00000229674	H2AL3	H2AL3:HGNC:53960	variant	body of pancreas	0.0	0.0	0	observed_zero
23	23	ENSG00000229674	H2AL3	H2AL3:HGNC:53960	variant	body of stomach	0.0	0.0	0	observed_zero
23	23	ENSG00000229674	H2AL3	H2AL3:HGNC:53960	variant	body of uterus	0.0	0.0	0	observed_zero
23	23	ENSG00000229674	H2AL3	H2AL3:HGNC:53960	variant	bone marrow	0.0	0.0	0	observed_zero
23	23	ENSG00000229674	H2AL3	H2AL3:HGNC:53960	variant	bone marrow cell	0.0	0.0	0	observed_zero
23	23	ENSG00000229674	H2AL3	H2AL3:HGNC:53960	variant	brain	26.536666666666665	0.1274100990241096	3	present_gold
23	23	ENSG00000229674	H2AL3	H2AL3:HGNC:53960	variant	calcaneal tendon	0.0	0.0	0	observed_zero
23	23	ENSG00000229674	H2AL3	H2AL3:HGNC:53960	variant	caudate nucleus	33.21	0.0	1	present_gold
23	23	ENSG00000229674	H2AL3	H2AL3:HGNC:53960	variant	cerebellar cortex	0.0	0.0	0	observed_zero
23	23	ENSG00000229674	H2AL3	H2AL3:HGNC:53960	variant	cerebellar hemisphere	0.0	0.0	0	observed_zero
23	23	ENSG00000229674	H2AL3	H2AL3:HGNC:53960	variant	cerebellum	0.0	0.0	0	observed_zero
23	23	ENSG00000229674	H2AL3	H2AL3:HGNC:53960	variant	colon	25.275	0.0353553390593278	2	present_gold
23	23	ENSG00000229674	H2AL3	H2AL3:HGNC:53960	variant	colonic epithelium	0.0	0.0	0	observed_zero
23	23	ENSG00000229674	H2AL3	H2AL3:HGNC:53960	variant	corpus callosum	0.0	0.0	0	observed_zero
23	23	ENSG00000229674	H2AL3	H2AL3:HGNC:53960	variant	cortex of kidney	0.0	0.0	0	observed_zero
23	23	ENSG00000229674	H2AL3	H2AL3:HGNC:53960	variant	cortical plate	0.0	0.0	0	observed_zero
23	23	ENSG00000229674	H2AL3	H2AL3:HGNC:53960	variant	descending thoracic aorta	0.0	0.0	0	observed_zero
23	23	ENSG00000229674	H2AL3	H2AL3:HGNC:53960	variant	dorsolateral prefrontal cortex	0.0	0.0	0	observed_zero
23	23	ENSG00000229674	H2AL3	H2AL3:HGNC:53960	variant	duodenum	0.0	0.0	0	observed_zero
23	23	ENSG00000229674	H2AL3	H2AL3:HGNC:53960	variant	ectocervix	0.0	0.0	0	observed_zero
23	23	ENSG00000229674	H2AL3	H2AL3:HGNC:53960	variant	endocervix	0.0	0.0	0	observed_zero
23	23	ENSG00000229674	H2AL3	H2AL3:HGNC:53960	variant	endometrium	0.0	0.0	0	observed_zero
23	23	ENSG00000229674	H2AL3	H2AL3:HGNC:53960	variant	esophagogastric junction muscularis propria	0.0	0.0	0	observed_zero
23	23	ENSG00000229674	H2AL3	H2AL3:HGNC:53960	variant	esophagus	0.0	0.0	0	observed_zero
23	23	ENSG00000229674	H2AL3	H2AL3:HGNC:53960	variant	esophagus mucosa	35.88	0.0	1	present_gold
23	23	ENSG00000229674	H2AL3	H2AL3:HGNC:53960	variant	fallopian tube	0.0	0.0	0	observed_zero
23	23	ENSG00000229674	H2AL3	H2AL3:HGNC:53960	variant	frontal cortex	0.0	0.0	0	observed_zero
23	23	ENSG00000229674	H2AL3	H2AL3:HGNC:53960	variant	fundus of stomach	0.0	0.0	0	observed_zero
23	23	ENSG00000229674	H2AL3	H2AL3:HGNC:53960	variant	gall bladder	33.08	0.0	1	present_gold
23	23	ENSG00000229674	H2AL3	H2AL3:HGNC:53960	variant	ganglionic eminence	0.0	0.0	0	observed_zero
23	23	ENSG00000229674	H2AL3	H2AL3:HGNC:53960	variant	gastrocnemius	26.59	0.0	1	present_gold
23	23	ENSG00000229674	H2AL3	H2AL3:HGNC:53960	variant	granulocyte	0.0	0.0	0	observed_zero
23	23	ENSG00000229674	H2AL3	H2AL3:HGNC:53960	variant	heart	0.0	0.0	0	observed_zero
23	23	ENSG00000229674	H2AL3	H2AL3:HGNC:53960	variant	heart left ventricle	0.0	0.0	0	observed_zero
23	23	ENSG00000229674	H2AL3	H2AL3:HGNC:53960	variant	hindlimb stylopod muscle	0.0	0.0	0	observed_zero
23	23	ENSG00000229674	H2AL3	H2AL3:HGNC:53960	variant	hypothalamus	45.458	15.138677947561998	5	present_gold
23	23	ENSG00000229674	H2AL3	H2AL3:HGNC:53960	variant	intestine	0.0	0.0	0	observed_zero
23	23	ENSG00000229674	H2AL3	H2AL3:HGNC:53960	variant	islet of Langerhans	36.25857142857143	6.725611319355856	7	present_gold
23	23	ENSG00000229674	H2AL3	H2AL3:HGNC:53960	variant	kidney	0.0	0.0	0	observed_zero
23	23	ENSG00000229674	H2AL3	H2AL3:HGNC:53960	variant	left adrenal gland	33.34	0.0	1	present_gold
23	23	ENSG00000229674	H2AL3	H2AL3:HGNC:53960	variant	left adrenal gland cortex	37.92	0.0	1	present_gold
23	23	ENSG00000229674	H2AL3	H2AL3:HGNC:53960	variant	left coronary artery	0.0	0.0	0	observed_zero
23	23	ENSG00000229674	H2AL3	H2AL3:HGNC:53960	variant	left lobe of thyroid gland	24.48	0.0	1	present_gold
23	23	ENSG00000229674	H2AL3	H2AL3:HGNC:53960	variant	left ovary	0.0	0.0	0	observed_zero
23	23	ENSG00000229674	H2AL3	H2AL3:HGNC:53960	variant	left testis	63.68833333333333	2.413822003932078	6	present_gold
23	23	ENSG00000229674	H2AL3	H2AL3:HGNC:53960	variant	left uterine tube	0.0	0.0	0	observed_zero
23	23	ENSG00000229674	H2AL3	H2AL3:HGNC:53960	variant	leukocyte	0.0	0.0	0	observed_zero
23	23	ENSG00000229674	H2AL3	H2AL3:HGNC:53960	variant	liver	0.0	0.0	0	observed_zero
23	23	ENSG00000229674	H2AL3	H2AL3:HGNC:53960	variant	lower esophagus	0.0	0.0	0	observed_zero
23	23	ENSG00000229674	H2AL3	H2AL3:HGNC:53960	variant	lower esophagus mucosa	0.0	0.0	0	observed_zero
23	23	ENSG00000229674	H2AL3	H2AL3:HGNC:53960	variant	lower esophagus muscularis layer	0.0	0.0	0	observed_zero
23	23	ENSG00000229674	H2AL3	H2AL3:HGNC:53960	variant	lung	0.0	0.0	0	observed_zero
23	23	ENSG00000229674	H2AL3	H2AL3:HGNC:53960	variant	lymph node	0.0	0.0	0	observed_zero
23	23	ENSG00000229674	H2AL3	H2AL3:HGNC:53960	variant	metanephros cortex	0.0	0.0	0	observed_zero
23	23	ENSG00000229674	H2AL3	H2AL3:HGNC:53960	variant	minor salivary gland	0.0	0.0	0	observed_zero
23	23	ENSG00000229674	H2AL3	H2AL3:HGNC:53960	variant	monocyte	0.0	0.0	0	observed_zero
23	23	ENSG00000229674	H2AL3	H2AL3:HGNC:53960	variant	mucosa of stomach	0.0	0.0	0	observed_zero
23	23	ENSG00000229674	H2AL3	H2AL3:HGNC:53960	variant	mucosa of transverse colon	47.98	0.0	1	present_gold
23	23	ENSG00000229674	H2AL3	H2AL3:HGNC:53960	variant	muscle layer of sigmoid colon	0.0	0.0	0	observed_zero
23	23	ENSG00000229674	H2AL3	H2AL3:HGNC:53960	variant	muscle of leg	0.0	0.0	0	observed_zero
23	23	ENSG00000229674	H2AL3	H2AL3:HGNC:53960	variant	muscle tissue	0.0	0.0	0	observed_zero
23	23	ENSG00000229674	H2AL3	H2AL3:HGNC:53960	variant	myometrium	0.0	0.0	0	observed_zero
23	23	ENSG00000229674	H2AL3	H2AL3:HGNC:53960	variant	nucleus accumbens	0.0	0.0	0	observed_zero
23	23	ENSG00000229674	H2AL3	H2AL3:HGNC:53960	variant	olfactory segment of nasal mucosa	0.0	0.0	0	observed_zero
23	23	ENSG00000229674	H2AL3	H2AL3:HGNC:53960	variant	omental fat pad	0.0	0.0	0	observed_zero
23	23	ENSG00000229674	H2AL3	H2AL3:HGNC:53960	variant	ovary	0.0	0.0	0	observed_zero
23	23	ENSG00000229674	H2AL3	H2AL3:HGNC:53960	variant	pancreas	28.215	0.3889087296525991	2	present_gold
23	23	ENSG00000229674	H2AL3	H2AL3:HGNC:53960	variant	pituitary gland	33.42	0.0	1	present_gold
23	23	ENSG00000229674	H2AL3	H2AL3:HGNC:53960	variant	placenta	0.0	0.0	0	observed_zero
23	23	ENSG00000229674	H2AL3	H2AL3:HGNC:53960	variant	popliteal artery	0.0	0.0	0	observed_zero
23	23	ENSG00000229674	H2AL3	H2AL3:HGNC:53960	variant	prefrontal cortex	0.0	0.0	0	observed_zero
23	23	ENSG00000229674	H2AL3	H2AL3:HGNC:53960	variant	primary visual cortex	0.0	0.0	0	observed_zero
23	23	ENSG00000229674	H2AL3	H2AL3:HGNC:53960	variant	prostate gland	0.0	0.0	0	observed_zero
23	23	ENSG00000229674	H2AL3	H2AL3:HGNC:53960	variant	putamen	32.83	1.8384776310850248	2	present_gold
23	23	ENSG00000229674	H2AL3	H2AL3:HGNC:53960	variant	rectum	0.0	0.0	0	observed_zero
23	23	ENSG00000229674	H2AL3	H2AL3:HGNC:53960	variant	right adrenal gland	0.0	0.0	0	observed_zero
23	23	ENSG00000229674	H2AL3	H2AL3:HGNC:53960	variant	right adrenal gland cortex	0.0	0.0	0	observed_zero
23	23	ENSG00000229674	H2AL3	H2AL3:HGNC:53960	variant	right atrium auricular region	0.0	0.0	0	observed_zero
23	23	ENSG00000229674	H2AL3	H2AL3:HGNC:53960	variant	right coronary artery	0.0	0.0	0	observed_zero
23	23	ENSG00000229674	H2AL3	H2AL3:HGNC:53960	variant	right frontal lobe	0.0	0.0	0	observed_zero
23	23	ENSG00000229674	H2AL3	H2AL3:HGNC:53960	variant	right hemisphere of cerebellum	0.0	0.0	0	observed_zero
23	23	ENSG00000229674	H2AL3	H2AL3:HGNC:53960	variant	right lobe of liver	33.98	0.0	1	present_gold
23	23	ENSG00000229674	H2AL3	H2AL3:HGNC:53960	variant	right lobe of thyroid gland	0.0	0.0	0	observed_zero
23	23	ENSG00000229674	H2AL3	H2AL3:HGNC:53960	variant	right lung	0.0	0.0	0	observed_zero
23	23	ENSG00000229674	H2AL3	H2AL3:HGNC:53960	variant	right ovary	0.0	0.0	0	observed_zero
23	23	ENSG00000229674	H2AL3	H2AL3:HGNC:53960	variant	right testis	61.066	4.7989613459581015	5	present_gold
23	23	ENSG00000229674	H2AL3	H2AL3:HGNC:53960	variant	right uterine tube	0.0	0.0	0	observed_zero
23	23	ENSG00000229674	H2AL3	H2AL3:HGNC:53960	variant	skeletal muscle tissue	0.0	0.0	0	observed_zero
23	23	ENSG00000229674	H2AL3	H2AL3:HGNC:53960	variant	skin of abdomen	0.0	0.0	0	observed_zero
23	23	ENSG00000229674	H2AL3	H2AL3:HGNC:53960	variant	skin of leg	0.0	0.0	0	observed_zero
23	23	ENSG00000229674	H2AL3	H2AL3:HGNC:53960	variant	small intestine	0.0	0.0	0	observed_zero
23	23	ENSG00000229674	H2AL3	H2AL3:HGNC:53960	variant	small intestine Peyer's patch	0.0	0.0	0	observed_zero
23	23	ENSG00000229674	H2AL3	H2AL3:HGNC:53960	variant	smooth muscle tissue	0.0	0.0	0	observed_zero
23	23	ENSG00000229674	H2AL3	H2AL3:HGNC:53960	variant	spleen	0.0	0.0	0	observed_zero
23	23	ENSG00000229674	H2AL3	H2AL3:HGNC:53960	variant	stomach	0.0	0.0	0	observed_zero
23	23	ENSG00000229674	H2AL3	H2AL3:HGNC:53960	variant	stromal cell of endometrium	0.0	0.0	0	observed_zero
23	23	ENSG00000229674	H2AL3	H2AL3:HGNC:53960	variant	subcutaneous adipose tissue	0.0	0.0	0	observed_zero
23	23	ENSG00000229674	H2AL3	H2AL3:HGNC:53960	variant	substantia nigra	0.0	0.0	0	observed_zero
23	23	ENSG00000229674	H2AL3	H2AL3:HGNC:53960	variant	superior frontal gyrus	0.0	0.0	0	observed_zero
23	23	ENSG00000229674	H2AL3	H2AL3:HGNC:53960	variant	sural nerve	0.0	0.0	0	observed_zero
23	23	ENSG00000229674	H2AL3	H2AL3:HGNC:53960	variant	temporal lobe	0.0	0.0	0	observed_zero
23	23	ENSG00000229674	H2AL3	H2AL3:HGNC:53960	variant	testis	65.77	7.337997001907263	8	present_gold
23	23	ENSG00000229674	H2AL3	H2AL3:HGNC:53960	variant	thoracic aorta	0.0	0.0	0	observed_zero
23	23	ENSG00000229674	H2AL3	H2AL3:HGNC:53960	variant	thoracic mammary gland	0.0	0.0	0	observed_zero
23	23	ENSG00000229674	H2AL3	H2AL3:HGNC:53960	variant	thyroid gland	23.19	0.0	1	present_gold
23	23	ENSG00000229674	H2AL3	H2AL3:HGNC:53960	variant	tibial artery	0.0	0.0	0	observed_zero
23	23	ENSG00000229674	H2AL3	H2AL3:HGNC:53960	variant	tibial nerve	0.0	0.0	0	observed_zero
23	23	ENSG00000229674	H2AL3	H2AL3:HGNC:53960	variant	tonsil	0.0	0.0	0	observed_zero
23	23	ENSG00000229674	H2AL3	H2AL3:HGNC:53960	variant	transverse colon	29.94	2.473216529137714	3	present_gold
23	23	ENSG00000229674	H2AL3	H2AL3:HGNC:53960	variant	upper lobe of left lung	0.0	0.0	0	observed_zero
23	23	ENSG00000229674	H2AL3	H2AL3:HGNC:53960	variant	urinary bladder	0.0	0.0	0	observed_zero
23	23	ENSG00000229674	H2AL3	H2AL3:HGNC:53960	variant	uterine cervix	0.0	0.0	0	observed_zero
23	23	ENSG00000229674	H2AL3	H2AL3:HGNC:53960	variant	vagina	0.0	0.0	0	observed_zero
23	23	ENSG00000229674	H2AL3	H2AL3:HGNC:53960	variant	ventricular zone	0.0	0.0	0	observed_zero
23	23	ENSG00000229674	H2AL3	H2AL3:HGNC:53960	variant	vermiform appendix	0.0	0.0	0	observed_zero
23	23	ENSG00000229674	H2AL3	H2AL3:HGNC:53960	variant	zone of skin	0.0	0.0	0	observed_zero
24	24	ENSG00000187516	H2AP	H2AP:HGNC:18417	variant	Ammon's horn	30.275	0.0777817459305198	2	present_gold
24	24	ENSG00000187516	H2AP	H2AP:HGNC:18417	variant	Brodmann (1909) area 10	0.0	0.0	0	observed_zero
24	24	ENSG00000187516	H2AP	H2AP:HGNC:18417	variant	Brodmann (1909) area 23	0.0	0.0	0	observed_zero
24	24	ENSG00000187516	H2AP	H2AP:HGNC:18417	variant	Brodmann (1909) area 46	0.0	0.0	0	observed_zero
24	24	ENSG00000187516	H2AP	H2AP:HGNC:18417	variant	Brodmann (1909) area 9	25.42	0.0	1	present_gold
24	24	ENSG00000187516	H2AP	H2AP:HGNC:18417	variant	C1 segment of cervical spinal cord	0.0	0.0	0	observed_zero
24	24	ENSG00000187516	H2AP	H2AP:HGNC:18417	variant	CA1 field of hippocampus	0.0	0.0	0	observed_zero
24	24	ENSG00000187516	H2AP	H2AP:HGNC:18417	variant	adenohypophysis	0.0	0.0	0	observed_zero
24	24	ENSG00000187516	H2AP	H2AP:HGNC:18417	variant	adipose tissue	0.0	0.0	0	observed_zero
24	24	ENSG00000187516	H2AP	H2AP:HGNC:18417	variant	adipose tissue of abdominal region	0.0	0.0	0	observed_zero
24	24	ENSG00000187516	H2AP	H2AP:HGNC:18417	variant	adrenal cortex	44.25	0.0	1	present_gold
24	24	ENSG00000187516	H2AP	H2AP:HGNC:18417	variant	adrenal gland	30.02	0.1272792206135783	2	present_gold
24	24	ENSG00000187516	H2AP	H2AP:HGNC:18417	variant	adrenal tissue	0.0	0.0	0	observed_zero
24	24	ENSG00000187516	H2AP	H2AP:HGNC:18417	variant	adult mammalian kidney	0.0	0.0	0	observed_zero
24	24	ENSG00000187516	H2AP	H2AP:HGNC:18417	variant	adult organism	60.36	0.0	1	present_gold
24	24	ENSG00000187516	H2AP	H2AP:HGNC:18417	variant	amniotic fluid	0.0	0.0	0	observed_zero
24	24	ENSG00000187516	H2AP	H2AP:HGNC:18417	variant	amygdala	0.0	0.0	0	observed_zero
24	24	ENSG00000187516	H2AP	H2AP:HGNC:18417	variant	anterior cingulate cortex	0.0	0.0	0	observed_zero
24	24	ENSG00000187516	H2AP	H2AP:HGNC:18417	variant	aorta	0.0	0.0	0	observed_zero
24	24	ENSG00000187516	H2AP	H2AP:HGNC:18417	variant	apex of heart	0.0	0.0	0	observed_zero
24	24	ENSG00000187516	H2AP	H2AP:HGNC:18417	variant	ascending aorta	0.0	0.0	0	observed_zero
24	24	ENSG00000187516	H2AP	H2AP:HGNC:18417	variant	biceps brachii	0.0	0.0	0	observed_zero
24	24	ENSG00000187516	H2AP	H2AP:HGNC:18417	variant	blood	0.0	0.0	0	observed_zero
24	24	ENSG00000187516	H2AP	H2AP:HGNC:18417	variant	body of pancreas	28.653333333333336	4.676123750857471	3	present_gold
24	24	ENSG00000187516	H2AP	H2AP:HGNC:18417	variant	body of stomach	0.0	0.0	0	observed_zero
24	24	ENSG00000187516	H2AP	H2AP:HGNC:18417	variant	body of tongue	0.0	0.0	0	observed_zero
24	24	ENSG00000187516	H2AP	H2AP:HGNC:18417	variant	body of uterus	0.0	0.0	0	observed_zero
24	24	ENSG00000187516	H2AP	H2AP:HGNC:18417	variant	bone marrow	0.0	0.0	0	observed_zero
24	24	ENSG00000187516	H2AP	H2AP:HGNC:18417	variant	bone marrow cell	0.0	0.0	0	observed_zero
24	24	ENSG00000187516	H2AP	H2AP:HGNC:18417	variant	brain	27.07333333333333	2.0236188705715628	3	present_gold
24	24	ENSG00000187516	H2AP	H2AP:HGNC:18417	variant	bronchial epithelial cell	0.0	0.0	0	observed_zero
24	24	ENSG00000187516	H2AP	H2AP:HGNC:18417	variant	bronchus	0.0	0.0	0	observed_zero
24	24	ENSG00000187516	H2AP	H2AP:HGNC:18417	variant	buccal mucosa cell	0.0	0.0	0	observed_zero
24	24	ENSG00000187516	H2AP	H2AP:HGNC:18417	variant	caecum	0.0	0.0	0	observed_zero
24	24	ENSG00000187516	H2AP	H2AP:HGNC:18417	variant	calcaneal tendon	0.0	0.0	0	observed_zero
24	24	ENSG00000187516	H2AP	H2AP:HGNC:18417	variant	caput epididymis	0.0	0.0	0	observed_zero
24	24	ENSG00000187516	H2AP	H2AP:HGNC:18417	variant	cardia of stomach	0.0	0.0	0	observed_zero
24	24	ENSG00000187516	H2AP	H2AP:HGNC:18417	variant	cardiac atrium	0.0	0.0	0	observed_zero
24	24	ENSG00000187516	H2AP	H2AP:HGNC:18417	variant	cardiac muscle of right atrium	0.0	0.0	0	observed_zero
24	24	ENSG00000187516	H2AP	H2AP:HGNC:18417	variant	cardiac ventricle	0.0	0.0	0	observed_zero
24	24	ENSG00000187516	H2AP	H2AP:HGNC:18417	variant	cartilage tissue	0.0	0.0	0	observed_zero
24	24	ENSG00000187516	H2AP	H2AP:HGNC:18417	variant	cauda epididymis	0.0	0.0	0	observed_zero
24	24	ENSG00000187516	H2AP	H2AP:HGNC:18417	variant	caudate nucleus	35.651428571428575	2.415832696824767	7	present_gold
24	24	ENSG00000187516	H2AP	H2AP:HGNC:18417	variant	central nervous system	0.0	0.0	0	observed_zero
24	24	ENSG00000187516	H2AP	H2AP:HGNC:18417	variant	cerebellar cortex	0.0	0.0	0	observed_zero
24	24	ENSG00000187516	H2AP	H2AP:HGNC:18417	variant	cerebellar hemisphere	0.0	0.0	0	observed_zero
24	24	ENSG00000187516	H2AP	H2AP:HGNC:18417	variant	cerebellar vermis	0.0	0.0	0	observed_zero
24	24	ENSG00000187516	H2AP	H2AP:HGNC:18417	variant	cerebellum	0.0	0.0	0	observed_zero
24	24	ENSG00000187516	H2AP	H2AP:HGNC:18417	variant	cerebral cortex	29.04	6.561950929411162	2	present_gold
24	24	ENSG00000187516	H2AP	H2AP:HGNC:18417	variant	cervix epithelium	0.0	0.0	0	observed_zero
24	24	ENSG00000187516	H2AP	H2AP:HGNC:18417	variant	cervix squamous epithelium	0.0	0.0	0	observed_zero
24	24	ENSG00000187516	H2AP	H2AP:HGNC:18417	variant	cingulate cortex	0.0	0.0	0	observed_zero
24	24	ENSG00000187516	H2AP	H2AP:HGNC:18417	variant	colon	0.0	0.0	0	observed_zero
24	24	ENSG00000187516	H2AP	H2AP:HGNC:18417	variant	colonic epithelium	0.0	0.0	0	observed_zero
24	24	ENSG00000187516	H2AP	H2AP:HGNC:18417	variant	colonic mucosa	0.0	0.0	0	observed_zero
24	24	ENSG00000187516	H2AP	H2AP:HGNC:18417	variant	coronary artery	0.0	0.0	0	observed_zero
24	24	ENSG00000187516	H2AP	H2AP:HGNC:18417	variant	corpus callosum	0.0	0.0	0	observed_zero
24	24	ENSG00000187516	H2AP	H2AP:HGNC:18417	variant	corpus epididymis	0.0	0.0	0	observed_zero
24	24	ENSG00000187516	H2AP	H2AP:HGNC:18417	variant	cortex of kidney	0.0	0.0	0	observed_zero
24	24	ENSG00000187516	H2AP	H2AP:HGNC:18417	variant	cortical plate	0.0	0.0	0	observed_zero
24	24	ENSG00000187516	H2AP	H2AP:HGNC:18417	variant	decidua	0.0	0.0	0	observed_zero
24	24	ENSG00000187516	H2AP	H2AP:HGNC:18417	variant	deltoid	0.0	0.0	0	observed_zero
24	24	ENSG00000187516	H2AP	H2AP:HGNC:18417	variant	descending thoracic aorta	0.0	0.0	0	observed_zero
24	24	ENSG00000187516	H2AP	H2AP:HGNC:18417	variant	diaphragm	0.0	0.0	0	observed_zero
24	24	ENSG00000187516	H2AP	H2AP:HGNC:18417	variant	dorsal plus ventral thalamus	0.0	0.0	0	observed_zero
24	24	ENSG00000187516	H2AP	H2AP:HGNC:18417	variant	dorsal root ganglion	0.0	0.0	0	observed_zero
24	24	ENSG00000187516	H2AP	H2AP:HGNC:18417	variant	dorsolateral prefrontal cortex	26.56	0.0	1	present_gold
24	24	ENSG00000187516	H2AP	H2AP:HGNC:18417	variant	duodenum	0.0	0.0	0	observed_zero
24	24	ENSG00000187516	H2AP	H2AP:HGNC:18417	variant	ectocervix	0.0	0.0	0	observed_zero
24	24	ENSG00000187516	H2AP	H2AP:HGNC:18417	variant	embryo	0.0	0.0	0	observed_zero
24	24	ENSG00000187516	H2AP	H2AP:HGNC:18417	variant	endocervix	0.0	0.0	0	observed_zero
24	24	ENSG00000187516	H2AP	H2AP:HGNC:18417	variant	endometrium	36.7075	0.4638516285767836	4	present_gold
24	24	ENSG00000187516	H2AP	H2AP:HGNC:18417	variant	endometrium epithelium	0.0	0.0	0	observed_zero
24	24	ENSG00000187516	H2AP	H2AP:HGNC:18417	variant	endothelial cell	0.0	0.0	0	observed_zero
24	24	ENSG00000187516	H2AP	H2AP:HGNC:18417	variant	entorhinal cortex	0.0	0.0	0	observed_zero
24	24	ENSG00000187516	H2AP	H2AP:HGNC:18417	variant	epithelial cell of pancreas	0.0	0.0	0	observed_zero
24	24	ENSG00000187516	H2AP	H2AP:HGNC:18417	variant	epithelium of bronchus	0.0	0.0	0	observed_zero
24	24	ENSG00000187516	H2AP	H2AP:HGNC:18417	variant	epithelium of esophagus	0.0	0.0	0	observed_zero
24	24	ENSG00000187516	H2AP	H2AP:HGNC:18417	variant	epithelium of mammary gland	0.0	0.0	0	observed_zero
24	24	ENSG00000187516	H2AP	H2AP:HGNC:18417	variant	epithelium of nasopharynx	0.0	0.0	0	observed_zero
24	24	ENSG00000187516	H2AP	H2AP:HGNC:18417	variant	esophagogastric junction muscularis propria	0.0	0.0	0	observed_zero
24	24	ENSG00000187516	H2AP	H2AP:HGNC:18417	variant	esophagus	0.0	0.0	0	observed_zero
24	24	ENSG00000187516	H2AP	H2AP:HGNC:18417	variant	esophagus mucosa	0.0	0.0	0	observed_zero
24	24	ENSG00000187516	H2AP	H2AP:HGNC:18417	variant	esophagus squamous epithelium	0.0	0.0	0	observed_zero
24	24	ENSG00000187516	H2AP	H2AP:HGNC:18417	variant	fallopian tube	0.0	0.0	0	observed_zero
24	24	ENSG00000187516	H2AP	H2AP:HGNC:18417	variant	female reproductive system	30.21	0.0	1	present_gold
24	24	ENSG00000187516	H2AP	H2AP:HGNC:18417	variant	forebrain	0.0	0.0	0	observed_zero
24	24	ENSG00000187516	H2AP	H2AP:HGNC:18417	variant	frontal cortex	32.76	0.0	1	present_gold
24	24	ENSG00000187516	H2AP	H2AP:HGNC:18417	variant	frontal pole	0.0	0.0	0	observed_zero
24	24	ENSG00000187516	H2AP	H2AP:HGNC:18417	variant	fundus of stomach	0.0	0.0	0	observed_zero
24	24	ENSG00000187516	H2AP	H2AP:HGNC:18417	variant	gall bladder	0.0	0.0	0	observed_zero
24	24	ENSG00000187516	H2AP	H2AP:HGNC:18417	variant	ganglionic eminence	0.0	0.0	0	observed_zero
24	24	ENSG00000187516	H2AP	H2AP:HGNC:18417	variant	gastrocnemius	25.75333333333333	0.6448514040717699	3	present_gold
24	24	ENSG00000187516	H2AP	H2AP:HGNC:18417	variant	germinal epithelium of ovary	0.0	0.0	0	observed_zero
24	24	ENSG00000187516	H2AP	H2AP:HGNC:18417	variant	gingiva	0.0	0.0	0	observed_zero
24	24	ENSG00000187516	H2AP	H2AP:HGNC:18417	variant	gingival epithelium	0.0	0.0	0	observed_zero
24	24	ENSG00000187516	H2AP	H2AP:HGNC:18417	variant	globus pallidus	0.0	0.0	0	observed_zero
24	24	ENSG00000187516	H2AP	H2AP:HGNC:18417	variant	gluteal muscle	0.0	0.0	0	observed_zero
24	24	ENSG00000187516	H2AP	H2AP:HGNC:18417	variant	granulocyte	0.0	0.0	0	observed_zero
24	24	ENSG00000187516	H2AP	H2AP:HGNC:18417	variant	hair follicle	0.0	0.0	0	observed_zero
24	24	ENSG00000187516	H2AP	H2AP:HGNC:18417	variant	heart	31.94	0.0	1	present_gold
24	24	ENSG00000187516	H2AP	H2AP:HGNC:18417	variant	heart left ventricle	0.0	0.0	0	observed_zero
24	24	ENSG00000187516	H2AP	H2AP:HGNC:18417	variant	heart right ventricle	0.0	0.0	0	observed_zero
24	24	ENSG00000187516	H2AP	H2AP:HGNC:18417	variant	hindlimb stylopod muscle	0.0	0.0	0	observed_zero
24	24	ENSG00000187516	H2AP	H2AP:HGNC:18417	variant	hypothalamus	35.54	7.189634900326997	5	present_gold
24	24	ENSG00000187516	H2AP	H2AP:HGNC:18417	variant	ileal mucosa	0.0	0.0	0	observed_zero
24	24	ENSG00000187516	H2AP	H2AP:HGNC:18417	variant	inferior vagus X ganglion	0.0	0.0	0	observed_zero
24	24	ENSG00000187516	H2AP	H2AP:HGNC:18417	variant	intestine	0.0	0.0	0	observed_zero
24	24	ENSG00000187516	H2AP	H2AP:HGNC:18417	variant	islet of Langerhans	0.0	0.0	0	observed_zero
24	24	ENSG00000187516	H2AP	H2AP:HGNC:18417	variant	jejunal mucosa	0.0	0.0	0	observed_zero
24	24	ENSG00000187516	H2AP	H2AP:HGNC:18417	variant	jejunum	0.0	0.0	0	observed_zero
24	24	ENSG00000187516	H2AP	H2AP:HGNC:18417	variant	kidney	0.0	0.0	0	observed_zero
24	24	ENSG00000187516	H2AP	H2AP:HGNC:18417	variant	kidney epithelium	0.0	0.0	0	observed_zero
24	24	ENSG00000187516	H2AP	H2AP:HGNC:18417	variant	large intestine	0.0	0.0	0	observed_zero
24	24	ENSG00000187516	H2AP	H2AP:HGNC:18417	variant	lateral globus pallidus	0.0	0.0	0	observed_zero
24	24	ENSG00000187516	H2AP	H2AP:HGNC:18417	variant	lateral nuclear group of thalamus	0.0	0.0	0	observed_zero
24	24	ENSG00000187516	H2AP	H2AP:HGNC:18417	variant	layer of synovial tissue	0.0	0.0	0	observed_zero
24	24	ENSG00000187516	H2AP	H2AP:HGNC:18417	variant	left adrenal gland	35.718	10.406162597230548	5	present_gold
24	24	ENSG00000187516	H2AP	H2AP:HGNC:18417	variant	left adrenal gland cortex	41.185	5.225519112968587	2	present_gold
24	24	ENSG00000187516	H2AP	H2AP:HGNC:18417	variant	left coronary artery	29.17	0.0	1	present_gold
24	24	ENSG00000187516	H2AP	H2AP:HGNC:18417	variant	left lobe of thyroid gland	18.96	0.0	1	present_gold
24	24	ENSG00000187516	H2AP	H2AP:HGNC:18417	variant	left ovary	0.0	0.0	0	observed_zero
24	24	ENSG00000187516	H2AP	H2AP:HGNC:18417	variant	left testis	91.31166666666668	1.668477349761349	6	present_gold
24	24	ENSG00000187516	H2AP	H2AP:HGNC:18417	variant	left uterine tube	0.0	0.0	0	observed_zero
24	24	ENSG00000187516	H2AP	H2AP:HGNC:18417	variant	left ventricle myocardium	0.0	0.0	0	observed_zero
24	24	ENSG00000187516	H2AP	H2AP:HGNC:18417	variant	leukocyte	0.0	0.0	0	observed_zero
24	24	ENSG00000187516	H2AP	H2AP:HGNC:18417	variant	liver	46.99	3.3092597359530425	2	present_gold
24	24	ENSG00000187516	H2AP	H2AP:HGNC:18417	variant	lower esophagus	0.0	0.0	0	observed_zero
24	24	ENSG00000187516	H2AP	H2AP:HGNC:18417	variant	lower esophagus mucosa	0.0	0.0	0	observed_zero
24	24	ENSG00000187516	H2AP	H2AP:HGNC:18417	variant	lower esophagus muscularis layer	0.0	0.0	0	observed_zero
24	24	ENSG00000187516	H2AP	H2AP:HGNC:18417	variant	lower lobe of lung	0.0	0.0	0	observed_zero
24	24	ENSG00000187516	H2AP	H2AP:HGNC:18417	variant	lung	0.0	0.0	0	observed_zero
24	24	ENSG00000187516	H2AP	H2AP:HGNC:18417	variant	lymph node	0.0	0.0	0	observed_zero
24	24	ENSG00000187516	H2AP	H2AP:HGNC:18417	variant	male germ cell	0.0	0.0	0	observed_zero
24	24	ENSG00000187516	H2AP	H2AP:HGNC:18417	variant	male germ line stem cell (sensu Vertebrata) in testis	95.5	0.0	1	present_gold
24	24	ENSG00000187516	H2AP	H2AP:HGNC:18417	variant	mammalian vulva	0.0	0.0	0	observed_zero
24	24	ENSG00000187516	H2AP	H2AP:HGNC:18417	variant	mammary duct	0.0	0.0	0	observed_zero
24	24	ENSG00000187516	H2AP	H2AP:HGNC:18417	variant	medial globus pallidus	0.0	0.0	0	observed_zero
24	24	ENSG00000187516	H2AP	H2AP:HGNC:18417	variant	medulla oblongata	0.0	0.0	0	observed_zero
24	24	ENSG00000187516	H2AP	H2AP:HGNC:18417	variant	metanephric glomerulus	0.0	0.0	0	observed_zero
24	24	ENSG00000187516	H2AP	H2AP:HGNC:18417	variant	metanephros	0.0	0.0	0	observed_zero
24	24	ENSG00000187516	H2AP	H2AP:HGNC:18417	variant	metanephros cortex	0.0	0.0	0	observed_zero
24	24	ENSG00000187516	H2AP	H2AP:HGNC:18417	variant	midbrain	0.0	0.0	0	observed_zero
24	24	ENSG00000187516	H2AP	H2AP:HGNC:18417	variant	middle frontal gyrus	0.0	0.0	0	observed_zero
24	24	ENSG00000187516	H2AP	H2AP:HGNC:18417	variant	middle temporal gyrus	0.0	0.0	0	observed_zero
24	24	ENSG00000187516	H2AP	H2AP:HGNC:18417	variant	minor salivary gland	0.0	0.0	0	observed_zero
24	24	ENSG00000187516	H2AP	H2AP:HGNC:18417	variant	monocyte	0.0	0.0	0	observed_zero
24	24	ENSG00000187516	H2AP	H2AP:HGNC:18417	variant	mononuclear cell	0.0	0.0	0	observed_zero
24	24	ENSG00000187516	H2AP	H2AP:HGNC:18417	variant	mouth mucosa	0.0	0.0	0	observed_zero
24	24	ENSG00000187516	H2AP	H2AP:HGNC:18417	variant	mucosa of paranasal sinus	0.0	0.0	0	observed_zero
24	24	ENSG00000187516	H2AP	H2AP:HGNC:18417	variant	mucosa of sigmoid colon	0.0	0.0	0	observed_zero
24	24	ENSG00000187516	H2AP	H2AP:HGNC:18417	variant	mucosa of stomach	0.0	0.0	0	observed_zero
24	24	ENSG00000187516	H2AP	H2AP:HGNC:18417	variant	mucosa of transverse colon	0.0	0.0	0	observed_zero
24	24	ENSG00000187516	H2AP	H2AP:HGNC:18417	variant	mucosa of urinary bladder	0.0	0.0	0	observed_zero
24	24	ENSG00000187516	H2AP	H2AP:HGNC:18417	variant	muscle layer of sigmoid colon	0.0	0.0	0	observed_zero
24	24	ENSG00000187516	H2AP	H2AP:HGNC:18417	variant	muscle of leg	0.0	0.0	0	observed_zero
24	24	ENSG00000187516	H2AP	H2AP:HGNC:18417	variant	muscle organ	0.0	0.0	0	observed_zero
24	24	ENSG00000187516	H2AP	H2AP:HGNC:18417	variant	myocardium	0.0	0.0	0	observed_zero
24	24	ENSG00000187516	H2AP	H2AP:HGNC:18417	variant	myometrium	0.0	0.0	0	observed_zero
24	24	ENSG00000187516	H2AP	H2AP:HGNC:18417	variant	nasal cavity epithelium	0.0	0.0	0	observed_zero
24	24	ENSG00000187516	H2AP	H2AP:HGNC:18417	variant	nasal cavity mucosa	0.0	0.0	0	observed_zero
24	24	ENSG00000187516	H2AP	H2AP:HGNC:18417	variant	neocortex	0.0	0.0	0	observed_zero
24	24	ENSG00000187516	H2AP	H2AP:HGNC:18417	variant	nephron tubule	0.0	0.0	0	observed_zero
24	24	ENSG00000187516	H2AP	H2AP:HGNC:18417	variant	nipple	0.0	0.0	0	observed_zero
24	24	ENSG00000187516	H2AP	H2AP:HGNC:18417	variant	nucleus accumbens	36.69833333333333	4.528149364438707	6	present_gold
24	24	ENSG00000187516	H2AP	H2AP:HGNC:18417	variant	occipital lobe	0.0	0.0	0	observed_zero
24	24	ENSG00000187516	H2AP	H2AP:HGNC:18417	variant	olfactory bulb	0.0	0.0	0	observed_zero
24	24	ENSG00000187516	H2AP	H2AP:HGNC:18417	variant	olfactory segment of nasal mucosa	0.0	0.0	0	observed_zero
24	24	ENSG00000187516	H2AP	H2AP:HGNC:18417	variant	omental fat pad	0.0	0.0	0	observed_zero
24	24	ENSG00000187516	H2AP	H2AP:HGNC:18417	variant	oocyte	0.0	0.0	0	observed_zero
24	24	ENSG00000187516	H2AP	H2AP:HGNC:18417	variant	oral cavity	0.0	0.0	0	observed_zero
24	24	ENSG00000187516	H2AP	H2AP:HGNC:18417	variant	orbitofrontal cortex	0.0	0.0	0	observed_zero
24	24	ENSG00000187516	H2AP	H2AP:HGNC:18417	variant	ovary	0.0	0.0	0	observed_zero
24	24	ENSG00000187516	H2AP	H2AP:HGNC:18417	variant	oviduct epithelium	0.0	0.0	0	observed_zero
24	24	ENSG00000187516	H2AP	H2AP:HGNC:18417	variant	palpebral conjunctiva	0.0	0.0	0	observed_zero
24	24	ENSG00000187516	H2AP	H2AP:HGNC:18417	variant	pancreas	0.0	0.0	0	observed_zero
24	24	ENSG00000187516	H2AP	H2AP:HGNC:18417	variant	pancreatic ductal cell	0.0	0.0	0	observed_zero
24	24	ENSG00000187516	H2AP	H2AP:HGNC:18417	variant	paraflocculus	0.0	0.0	0	observed_zero
24	24	ENSG00000187516	H2AP	H2AP:HGNC:18417	variant	parietal lobe	0.0	0.0	0	observed_zero
24	24	ENSG00000187516	H2AP	H2AP:HGNC:18417	variant	parietal pleura	0.0	0.0	0	observed_zero
24	24	ENSG00000187516	H2AP	H2AP:HGNC:18417	variant	parotid gland	0.0	0.0	0	observed_zero
24	24	ENSG00000187516	H2AP	H2AP:HGNC:18417	variant	penis	0.0	0.0	0	observed_zero
24	24	ENSG00000187516	H2AP	H2AP:HGNC:18417	variant	pericardium	0.0	0.0	0	observed_zero
24	24	ENSG00000187516	H2AP	H2AP:HGNC:18417	variant	peritoneum	0.0	0.0	0	observed_zero
24	24	ENSG00000187516	H2AP	H2AP:HGNC:18417	variant	pharyngeal mucosa	0.0	0.0	0	observed_zero
24	24	ENSG00000187516	H2AP	H2AP:HGNC:18417	variant	pigmented layer of retina	0.0	0.0	0	observed_zero
24	24	ENSG00000187516	H2AP	H2AP:HGNC:18417	variant	pituitary gland	0.0	0.0	0	observed_zero
24	24	ENSG00000187516	H2AP	H2AP:HGNC:18417	variant	placenta	0.0	0.0	0	observed_zero
24	24	ENSG00000187516	H2AP	H2AP:HGNC:18417	variant	pleura	0.0	0.0	0	observed_zero
24	24	ENSG00000187516	H2AP	H2AP:HGNC:18417	variant	pons	0.0	0.0	0	observed_zero
24	24	ENSG00000187516	H2AP	H2AP:HGNC:18417	variant	popliteal artery	0.0	0.0	0	observed_zero
24	24	ENSG00000187516	H2AP	H2AP:HGNC:18417	variant	postcentral gyrus	0.0	0.0	0	observed_zero
24	24	ENSG00000187516	H2AP	H2AP:HGNC:18417	variant	prefrontal cortex	31.61	0.0	1	present_gold
24	24	ENSG00000187516	H2AP	H2AP:HGNC:18417	variant	primary visual cortex	0.0	0.0	0	observed_zero
24	24	ENSG00000187516	H2AP	H2AP:HGNC:18417	variant	prostate gland	25.015	2.043338771064	4	present_gold
24	24	ENSG00000187516	H2AP	H2AP:HGNC:18417	variant	putamen	35.234	9.636715207994891	5	present_gold
24	24	ENSG00000187516	H2AP	H2AP:HGNC:18417	variant	pylorus	0.0	0.0	0	observed_zero
24	24	ENSG00000187516	H2AP	H2AP:HGNC:18417	variant	quadriceps femoris	0.0	0.0	0	observed_zero
24	24	ENSG00000187516	H2AP	H2AP:HGNC:18417	variant	rectum	0.0	0.0	0	observed_zero
24	24	ENSG00000187516	H2AP	H2AP:HGNC:18417	variant	renal medulla	0.0	0.0	0	observed_zero
24	24	ENSG00000187516	H2AP	H2AP:HGNC:18417	variant	right adrenal gland	44.07333333333333	12.64084780911998	3	present_gold
24	24	ENSG00000187516	H2AP	H2AP:HGNC:18417	variant	right adrenal gland cortex	0.0	0.0	0	observed_zero
24	24	ENSG00000187516	H2AP	H2AP:HGNC:18417	variant	right atrium auricular region	0.0	0.0	0	observed_zero
24	24	ENSG00000187516	H2AP	H2AP:HGNC:18417	variant	right coronary artery	0.0	0.0	0	observed_zero
24	24	ENSG00000187516	H2AP	H2AP:HGNC:18417	variant	right frontal lobe	0.0	0.0	0	observed_zero
24	24	ENSG00000187516	H2AP	H2AP:HGNC:18417	variant	right hemisphere of cerebellum	0.0	0.0	0	observed_zero
24	24	ENSG00000187516	H2AP	H2AP:HGNC:18417	variant	right lobe of liver	50.24333333333334	11.055389334317146	3	present_gold
24	24	ENSG00000187516	H2AP	H2AP:HGNC:18417	variant	right lobe of thyroid gland	0.0	0.0	0	observed_zero
24	24	ENSG00000187516	H2AP	H2AP:HGNC:18417	variant	right lung	0.0	0.0	0	observed_zero
24	24	ENSG00000187516	H2AP	H2AP:HGNC:18417	variant	right ovary	0.0	0.0	0	observed_zero
24	24	ENSG00000187516	H2AP	H2AP:HGNC:18417	variant	right testis	87.76	5.856607379703714	5	present_gold
24	24	ENSG00000187516	H2AP	H2AP:HGNC:18417	variant	right uterine tube	0.0	0.0	0	observed_zero
24	24	ENSG00000187516	H2AP	H2AP:HGNC:18417	variant	saliva-secreting gland	0.0	0.0	0	observed_zero
24	24	ENSG00000187516	H2AP	H2AP:HGNC:18417	variant	saphenous vein	0.0	0.0	0	observed_zero
24	24	ENSG00000187516	H2AP	H2AP:HGNC:18417	variant	secondary oocyte	0.0	0.0	0	observed_zero
24	24	ENSG00000187516	H2AP	H2AP:HGNC:18417	variant	seminal vesicle	0.0	0.0	0	observed_zero
24	24	ENSG00000187516	H2AP	H2AP:HGNC:18417	variant	sigmoid colon	0.0	0.0	0	observed_zero
24	24	ENSG00000187516	H2AP	H2AP:HGNC:18417	variant	skeletal muscle tissue	0.0	0.0	0	observed_zero
24	24	ENSG00000187516	H2AP	H2AP:HGNC:18417	variant	skeletal muscle tissue of biceps brachii	0.0	0.0	0	observed_zero
24	24	ENSG00000187516	H2AP	H2AP:HGNC:18417	variant	skeletal muscle tissue of rectus abdominis	0.0	0.0	0	observed_zero
24	24	ENSG00000187516	H2AP	H2AP:HGNC:18417	variant	skin of abdomen	0.0	0.0	0	observed_zero
24	24	ENSG00000187516	H2AP	H2AP:HGNC:18417	variant	skin of hip	0.0	0.0	0	observed_zero
24	24	ENSG00000187516	H2AP	H2AP:HGNC:18417	variant	skin of leg	21.875	1.8031222920256944	2	present_gold
24	24	ENSG00000187516	H2AP	H2AP:HGNC:18417	variant	small intestine	0.0	0.0	0	observed_zero
24	24	ENSG00000187516	H2AP	H2AP:HGNC:18417	variant	small intestine Peyer's patch	0.0	0.0	0	observed_zero
24	24	ENSG00000187516	H2AP	H2AP:HGNC:18417	variant	smooth muscle tissue	0.0	0.0	0	observed_zero
24	24	ENSG00000187516	H2AP	H2AP:HGNC:18417	variant	sperm	91.14	0.0	1	present_gold
24	24	ENSG00000187516	H2AP	H2AP:HGNC:18417	variant	spinal cord	0.0	0.0	0	observed_zero
24	24	ENSG00000187516	H2AP	H2AP:HGNC:18417	variant	spleen	0.0	0.0	0	observed_zero
24	24	ENSG00000187516	H2AP	H2AP:HGNC:18417	variant	squamous epithelium	0.0	0.0	0	observed_zero
24	24	ENSG00000187516	H2AP	H2AP:HGNC:18417	variant	stomach	0.0	0.0	0	observed_zero
24	24	ENSG00000187516	H2AP	H2AP:HGNC:18417	variant	stromal cell of endometrium	0.0	0.0	0	observed_zero
24	24	ENSG00000187516	H2AP	H2AP:HGNC:18417	variant	subcutaneous adipose tissue	0.0	0.0	0	observed_zero
24	24	ENSG00000187516	H2AP	H2AP:HGNC:18417	variant	substantia nigra	0.0	0.0	0	observed_zero
24	24	ENSG00000187516	H2AP	H2AP:HGNC:18417	variant	substantia nigra pars compacta	0.0	0.0	0	observed_zero
24	24	ENSG00000187516	H2AP	H2AP:HGNC:18417	variant	substantia nigra pars reticulata	0.0	0.0	0	observed_zero
24	24	ENSG00000187516	H2AP	H2AP:HGNC:18417	variant	subthalamic nucleus	0.0	0.0	0	observed_zero
24	24	ENSG00000187516	H2AP	H2AP:HGNC:18417	variant	superficial temporal artery	0.0	0.0	0	observed_zero
24	24	ENSG00000187516	H2AP	H2AP:HGNC:18417	variant	superior frontal gyrus	0.0	0.0	0	observed_zero
24	24	ENSG00000187516	H2AP	H2AP:HGNC:18417	variant	superior surface of tongue	0.0	0.0	0	observed_zero
24	24	ENSG00000187516	H2AP	H2AP:HGNC:18417	variant	superior vestibular nucleus	0.0	0.0	0	observed_zero
24	24	ENSG00000187516	H2AP	H2AP:HGNC:18417	variant	sural nerve	0.0	0.0	0	observed_zero
24	24	ENSG00000187516	H2AP	H2AP:HGNC:18417	variant	synovial joint	0.0	0.0	0	observed_zero
24	24	ENSG00000187516	H2AP	H2AP:HGNC:18417	variant	telencephalon	0.0	0.0	0	observed_zero
24	24	ENSG00000187516	H2AP	H2AP:HGNC:18417	variant	temporal lobe	0.0	0.0	0	observed_zero
24	24	ENSG00000187516	H2AP	H2AP:HGNC:18417	variant	tendon	0.0	0.0	0	observed_zero
24	24	ENSG00000187516	H2AP	H2AP:HGNC:18417	variant	tendon of biceps brachii	0.0	0.0	0	observed_zero
24	24	ENSG00000187516	H2AP	H2AP:HGNC:18417	variant	testis	89.9088888888889	3.505190595546996	9	present_gold
24	24	ENSG00000187516	H2AP	H2AP:HGNC:18417	variant	thoracic aorta	0.0	0.0	0	observed_zero
24	24	ENSG00000187516	H2AP	H2AP:HGNC:18417	variant	thoracic mammary gland	28.49	0.0	1	present_gold
24	24	ENSG00000187516	H2AP	H2AP:HGNC:18417	variant	thymus	0.0	0.0	0	observed_zero
24	24	ENSG00000187516	H2AP	H2AP:HGNC:18417	variant	thyroid gland	18.72	0.141421356237309	2	present_gold
24	24	ENSG00000187516	H2AP	H2AP:HGNC:18417	variant	tibia	0.0	0.0	0	observed_zero
24	24	ENSG00000187516	H2AP	H2AP:HGNC:18417	variant	tibial artery	22.62	0.0	1	present_gold
24	24	ENSG00000187516	H2AP	H2AP:HGNC:18417	variant	tibial nerve	21.12	0.0	1	present_gold
24	24	ENSG00000187516	H2AP	H2AP:HGNC:18417	variant	tibialis anterior	0.0	0.0	0	observed_zero
24	24	ENSG00000187516	H2AP	H2AP:HGNC:18417	variant	tongue	0.0	0.0	0	observed_zero
24	24	ENSG00000187516	H2AP	H2AP:HGNC:18417	variant	tongue squamous epithelium	0.0	0.0	0	observed_zero
24	24	ENSG00000187516	H2AP	H2AP:HGNC:18417	variant	tonsil	0.0	0.0	0	observed_zero
24	24	ENSG00000187516	H2AP	H2AP:HGNC:18417	variant	trabecular bone tissue	0.0	0.0	0	observed_zero
24	24	ENSG00000187516	H2AP	H2AP:HGNC:18417	variant	trachea	0.0	0.0	0	observed_zero
24	24	ENSG00000187516	H2AP	H2AP:HGNC:18417	variant	transverse colon	0.0	0.0	0	observed_zero
24	24	ENSG00000187516	H2AP	H2AP:HGNC:18417	variant	triceps brachii	0.0	0.0	0	observed_zero
24	24	ENSG00000187516	H2AP	H2AP:HGNC:18417	variant	trigeminal ganglion	0.0	0.0	0	observed_zero
24	24	ENSG00000187516	H2AP	H2AP:HGNC:18417	variant	type B pancreatic cell	0.0	0.0	0	observed_zero
24	24	ENSG00000187516	H2AP	H2AP:HGNC:18417	variant	upper arm skin	0.0	0.0	0	observed_zero
24	24	ENSG00000187516	H2AP	H2AP:HGNC:18417	variant	upper leg skin	0.0	0.0	0	observed_zero
24	24	ENSG00000187516	H2AP	H2AP:HGNC:18417	variant	upper lobe of left lung	0.0	0.0	0	observed_zero
24	24	ENSG00000187516	H2AP	H2AP:HGNC:18417	variant	upper lobe of lung	0.0	0.0	0	observed_zero
24	24	ENSG00000187516	H2AP	H2AP:HGNC:18417	variant	urethra	0.0	0.0	0	observed_zero
24	24	ENSG00000187516	H2AP	H2AP:HGNC:18417	variant	urinary bladder	0.0	0.0	0	observed_zero
24	24	ENSG00000187516	H2AP	H2AP:HGNC:18417	variant	uterine cervix	0.0	0.0	0	observed_zero
24	24	ENSG00000187516	H2AP	H2AP:HGNC:18417	variant	uterus	32.565	1.407142494561231	2	present_gold
24	24	ENSG00000187516	H2AP	H2AP:HGNC:18417	variant	vagina	0.0	0.0	0	observed_zero
24	24	ENSG00000187516	H2AP	H2AP:HGNC:18417	variant	vastus lateralis	0.0	0.0	0	observed_zero
24	24	ENSG00000187516	H2AP	H2AP:HGNC:18417	variant	vena cava	0.0	0.0	0	observed_zero
24	24	ENSG00000187516	H2AP	H2AP:HGNC:18417	variant	ventral tegmental area	0.0	0.0	0	observed_zero
24	24	ENSG00000187516	H2AP	H2AP:HGNC:18417	variant	ventricular zone	0.0	0.0	0	observed_zero
24	24	ENSG00000187516	H2AP	H2AP:HGNC:18417	variant	vermiform appendix	0.0	0.0	0	observed_zero
24	24	ENSG00000187516	H2AP	H2AP:HGNC:18417	variant	visceral pleura	0.0	0.0	0	observed_zero
24	24	ENSG00000187516	H2AP	H2AP:HGNC:18417	variant	zone of skin	20.6575	1.2500766643157	4	present_gold
25	25	ENSG00000188486	H2AX	H2AX:HGNC:4739	variant	Ammon's horn	86.13208333333334	5.207929555362975	24	present_gold
25	25	ENSG00000188486	H2AX	H2AX:HGNC:4739	variant	Brodmann (1909) area 10	84.47	0.0	1	present_gold
25	25	ENSG00000188486	H2AX	H2AX:HGNC:4739	variant	Brodmann (1909) area 23	73.87	2.995438198327586	5	present_gold
25	25	ENSG00000188486	H2AX	H2AX:HGNC:4739	variant	Brodmann (1909) area 46	83.194	2.932111866897307	5	present_gold
25	25	ENSG00000188486	H2AX	H2AX:HGNC:4739	variant	Brodmann (1909) area 9	89.19999999999999	2.390794846907613	9	present_gold
25	25	ENSG00000188486	H2AX	H2AX:HGNC:4739	variant	C1 segment of cervical spinal cord	92.4588888888889	1.57524953931468	9	present_gold
25	25	ENSG00000188486	H2AX	H2AX:HGNC:4739	variant	CA1 field of hippocampus	90.0175	2.3727392749028877	4	present_gold
25	25	ENSG00000188486	H2AX	H2AX:HGNC:4739	variant	adenohypophysis	89.33166666666666	2.9631160400272343	6	present_gold
25	25	ENSG00000188486	H2AX	H2AX:HGNC:4739	variant	adipose tissue	74.88	4.127991844307188	13	present_gold
25	25	ENSG00000188486	H2AX	H2AX:HGNC:4739	variant	adipose tissue of abdominal region	80.37	1.036011582946833	6	present_gold
25	25	ENSG00000188486	H2AX	H2AX:HGNC:4739	variant	adrenal cortex	86.28000000000002	1.096676798332123	3	present_gold
25	25	ENSG00000188486	H2AX	H2AX:HGNC:4739	variant	adrenal gland	83.215	2.037539365672888	4	present_gold
25	25	ENSG00000188486	H2AX	H2AX:HGNC:4739	variant	adrenal tissue	75.03333333333333	6.642547202190836	3	present_gold
25	25	ENSG00000188486	H2AX	H2AX:HGNC:4739	variant	adult mammalian kidney	80.815	3.565354757307404	12	present_gold
25	25	ENSG00000188486	H2AX	H2AX:HGNC:4739	variant	adult organism	79.67	0.0	1	present_gold
25	25	ENSG00000188486	H2AX	H2AX:HGNC:4739	variant	amniotic fluid	80.21	0.0	1	present_gold
25	25	ENSG00000188486	H2AX	H2AX:HGNC:4739	variant	amygdala	89.91384615384617	1.108629322343124	13	present_gold
25	25	ENSG00000188486	H2AX	H2AX:HGNC:4739	variant	anterior cingulate cortex	88.10363636363637	2.602442209645674	11	present_gold
25	25	ENSG00000188486	H2AX	H2AX:HGNC:4739	variant	aorta	79.35499999999999	0.1626345596729087	2	present_gold
25	25	ENSG00000188486	H2AX	H2AX:HGNC:4739	variant	apex of heart	82.25	0.0	1	present_gold
25	25	ENSG00000188486	H2AX	H2AX:HGNC:4739	variant	ascending aorta	80.85	1.0159068198740815	10	present_gold
25	25	ENSG00000188486	H2AX	H2AX:HGNC:4739	variant	biceps brachii	76.62	0.0	1	present_gold
25	25	ENSG00000188486	H2AX	H2AX:HGNC:4739	variant	blood	79.90176470588234	4.63635924993676	34	present_gold
25	25	ENSG00000188486	H2AX	H2AX:HGNC:4739	variant	blood vessel layer	0.0	0.0	0	observed_zero
25	25	ENSG00000188486	H2AX	H2AX:HGNC:4739	variant	body of pancreas	78.31800000000001	1.4599528150670544	10	present_gold
25	25	ENSG00000188486	H2AX	H2AX:HGNC:4739	variant	body of stomach	83.7990909090909	1.9103321938629132	11	present_gold
25	25	ENSG00000188486	H2AX	H2AX:HGNC:4739	variant	body of tongue	86.59333333333332	0.3350124375800615	3	present_gold
25	25	ENSG00000188486	H2AX	H2AX:HGNC:4739	variant	body of uterus	79.762	2.588343099359124	5	present_gold
25	25	ENSG00000188486	H2AX	H2AX:HGNC:4739	variant	bone marrow	90.37428571428572	2.8298728274924683	14	present_gold
25	25	ENSG00000188486	H2AX	H2AX:HGNC:4739	variant	bone marrow cell	93.29	1.7599431809010222	6	present_gold
25	25	ENSG00000188486	H2AX	H2AX:HGNC:4739	variant	brain	87.9659090909091	3.2797817277706423	22	present_gold
25	25	ENSG00000188486	H2AX	H2AX:HGNC:4739	variant	bronchial epithelial cell	74.5895238095238	1.760589322330668	21	present_gold
25	25	ENSG00000188486	H2AX	H2AX:HGNC:4739	variant	bronchus	77.61500000000001	0.6010407640085714	2	present_gold
25	25	ENSG00000188486	H2AX	H2AX:HGNC:4739	variant	buccal mucosa cell	0.0	0.0	0	observed_zero
25	25	ENSG00000188486	H2AX	H2AX:HGNC:4739	variant	caecum	92.855	3.061772362537749	2	present_gold
25	25	ENSG00000188486	H2AX	H2AX:HGNC:4739	variant	calcaneal tendon	60.83	5.067647383155225	5	present_gold
25	25	ENSG00000188486	H2AX	H2AX:HGNC:4739	variant	caput epididymis	73.08	1.5273506473629404	2	present_gold
25	25	ENSG00000188486	H2AX	H2AX:HGNC:4739	variant	cardia of stomach	82.195	7.785245660863892	2	present_gold
25	25	ENSG00000188486	H2AX	H2AX:HGNC:4739	variant	cardiac atrium	80.67666666666666	0.9525929525948298	3	present_gold
25	25	ENSG00000188486	H2AX	H2AX:HGNC:4739	variant	cardiac muscle of right atrium	0.0	0.0	0	observed_zero
25	25	ENSG00000188486	H2AX	H2AX:HGNC:4739	variant	cardiac ventricle	79.76666666666667	2.396295752475756	3	present_gold
25	25	ENSG00000188486	H2AX	H2AX:HGNC:4739	variant	cartilage tissue	88.2	0.0	1	present_gold
25	25	ENSG00000188486	H2AX	H2AX:HGNC:4739	variant	cauda epididymis	72.83	1.928419041598587	3	present_gold
25	25	ENSG00000188486	H2AX	H2AX:HGNC:4739	variant	caudate nucleus	84.1370588235294	5.26513742069697	17	present_gold
25	25	ENSG00000188486	H2AX	H2AX:HGNC:4739	variant	central nervous system	87.37	0.0	1	present_gold
25	25	ENSG00000188486	H2AX	H2AX:HGNC:4739	variant	cerebellar cortex	87.13	0.0141421356237281	2	present_gold
25	25	ENSG00000188486	H2AX	H2AX:HGNC:4739	variant	cerebellar hemisphere	86.95	1.739166467018039	11	present_gold
25	25	ENSG00000188486	H2AX	H2AX:HGNC:4739	variant	cerebellar vermis	83.97999999999999	3.196122650963192	2	present_gold
25	25	ENSG00000188486	H2AX	H2AX:HGNC:4739	variant	cerebellum	86.90411764705881	1.8441870120175203	17	present_gold
25	25	ENSG00000188486	H2AX	H2AX:HGNC:4739	variant	cerebral cortex	86.787	5.116952326445022	10	present_gold
25	25	ENSG00000188486	H2AX	H2AX:HGNC:4739	variant	cervix epithelium	91.59	0.5726255320888138	3	present_gold
25	25	ENSG00000188486	H2AX	H2AX:HGNC:4739	variant	cervix squamous epithelium	0.0	0.0	0	observed_zero
25	25	ENSG00000188486	H2AX	H2AX:HGNC:4739	variant	choroid plexus epithelium	0.0	0.0	0	observed_zero
25	25	ENSG00000188486	H2AX	H2AX:HGNC:4739	variant	cingulate cortex	0.0	0.0	0	observed_zero
25	25	ENSG00000188486	H2AX	H2AX:HGNC:4739	variant	colon	83.82666666666667	3.6440136243046135	18	present_gold
25	25	ENSG00000188486	H2AX	H2AX:HGNC:4739	variant	colonic epithelium	0.0	0.0	0	observed_zero
25	25	ENSG00000188486	H2AX	H2AX:HGNC:4739	variant	colonic mucosa	83.76666666666667	2.9069342384489314	6	present_gold
25	25	ENSG00000188486	H2AX	H2AX:HGNC:4739	variant	connective tissue	75.23	0.0	1	present_gold
25	25	ENSG00000188486	H2AX	H2AX:HGNC:4739	variant	coronary artery	82.39	3.2385490578343967	2	present_gold
25	25	ENSG00000188486	H2AX	H2AX:HGNC:4739	variant	corpus callosum	81.60000000000001	10.87903989747758	12	present_gold
25	25	ENSG00000188486	H2AX	H2AX:HGNC:4739	variant	corpus epididymis	70.94333333333333	1.9171941303199656	3	present_gold
25	25	ENSG00000188486	H2AX	H2AX:HGNC:4739	variant	cortex of kidney	79.0025	1.6252666447899136	4	present_gold
25	25	ENSG00000188486	H2AX	H2AX:HGNC:4739	variant	cortical plate	81.22	1.5697770542341347	2	present_gold
25	25	ENSG00000188486	H2AX	H2AX:HGNC:4739	variant	cranial nerve II	85.23	0.0	1	present_gold
25	25	ENSG00000188486	H2AX	H2AX:HGNC:4739	variant	decidua	86.62	0.0	1	present_gold
25	25	ENSG00000188486	H2AX	H2AX:HGNC:4739	variant	deltoid	0.0	0.0	0	observed_zero
25	25	ENSG00000188486	H2AX	H2AX:HGNC:4739	variant	descending thoracic aorta	80.73333333333333	1.789869641435749	3	present_gold
25	25	ENSG00000188486	H2AX	H2AX:HGNC:4739	variant	diaphragm	0.0	0.0	0	observed_zero
25	25	ENSG00000188486	H2AX	H2AX:HGNC:4739	variant	dorsal motor nucleus of vagus nerve	86.275	4.716402230514273	2	present_gold
25	25	ENSG00000188486	H2AX	H2AX:HGNC:4739	variant	dorsal plus ventral thalamus	91.35833333333332	0.9532348433972916	6	present_gold
25	25	ENSG00000188486	H2AX	H2AX:HGNC:4739	variant	dorsal root ganglion	82.25142857142858	1.4165501352632333	7	present_gold
25	25	ENSG00000188486	H2AX	H2AX:HGNC:4739	variant	dorsolateral prefrontal cortex	83.53750000000001	5.080778141361727	24	present_gold
25	25	ENSG00000188486	H2AX	H2AX:HGNC:4739	variant	duodenum	83.3575	0.6025708810311632	4	present_gold
25	25	ENSG00000188486	H2AX	H2AX:HGNC:4739	variant	ectocervix	81.512	6.754218681683323	5	present_gold
25	25	ENSG00000188486	H2AX	H2AX:HGNC:4739	variant	embryo	98.81833333333331	0.3374858021705026	6	present_gold
25	25	ENSG00000188486	H2AX	H2AX:HGNC:4739	variant	endocervix	79.31333333333333	4.106389330462148	3	present_gold
25	25	ENSG00000188486	H2AX	H2AX:HGNC:4739	variant	endometrium	84.468125	6.203180064826965	16	present_gold
25	25	ENSG00000188486	H2AX	H2AX:HGNC:4739	variant	endometrium epithelium	98.57	0.0	1	present_gold
25	25	ENSG00000188486	H2AX	H2AX:HGNC:4739	variant	endothelial cell	0.0	0.0	0	observed_zero
25	25	ENSG00000188486	H2AX	H2AX:HGNC:4739	variant	entorhinal cortex	87.9935	4.360755940020153	20	present_gold
25	25	ENSG00000188486	H2AX	H2AX:HGNC:4739	variant	epithelial cell of pancreas	0.0	0.0	0	observed_zero
25	25	ENSG00000188486	H2AX	H2AX:HGNC:4739	variant	epithelium of bronchus	76.99357142857143	1.3461489638843978	14	present_gold
25	25	ENSG00000188486	H2AX	H2AX:HGNC:4739	variant	epithelium of esophagus	80.05	0.0	1	present_gold
25	25	ENSG00000188486	H2AX	H2AX:HGNC:4739	variant	epithelium of mammary gland	79.03	0.0	1	present_gold
25	25	ENSG00000188486	H2AX	H2AX:HGNC:4739	variant	epithelium of nasopharynx	0.0	0.0	0	observed_zero
25	25	ENSG00000188486	H2AX	H2AX:HGNC:4739	variant	esophagogastric junction muscularis propria	81.34	1.6226768008448251	11	present_gold
25	25	ENSG00000188486	H2AX	H2AX:HGNC:4739	variant	esophagus	85.63285714285715	0.525696816479942	7	present_gold
25	25	ENSG00000188486	H2AX	H2AX:HGNC:4739	variant	esophagus mucosa	90.68636363636364	1.289312008222001	11	present_gold
25	25	ENSG00000188486	H2AX	H2AX:HGNC:4739	variant	esophagus squamous epithelium	77.6	0.0	1	present_gold
25	25	ENSG00000188486	H2AX	H2AX:HGNC:4739	variant	fallopian tube	73.23500000000001	0.7848885271170674	2	present_gold
25	25	ENSG00000188486	H2AX	H2AX:HGNC:4739	variant	female reproductive system	80.21	0.0	1	present_gold
25	25	ENSG00000188486	H2AX	H2AX:HGNC:4739	variant	forebrain	85.49000000000001	4.369919907732858	2	present_gold
25	25	ENSG00000188486	H2AX	H2AX:HGNC:4739	variant	frontal cortex	84.3096153846154	4.354681601007569	26	present_gold
25	25	ENSG00000188486	H2AX	H2AX:HGNC:4739	variant	frontal pole	0.0	0.0	0	observed_zero
25	25	ENSG00000188486	H2AX	H2AX:HGNC:4739	variant	fundus of stomach	79.97142857142856	1.5815122359251426	7	present_gold
25	25	ENSG00000188486	H2AX	H2AX:HGNC:4739	variant	gall bladder	69.85	0.0	1	present_gold
25	25	ENSG00000188486	H2AX	H2AX:HGNC:4739	variant	ganglionic eminence	97.705	0.4313351365237935	2	present_gold
25	25	ENSG00000188486	H2AX	H2AX:HGNC:4739	variant	gastrocnemius	82.35307692307691	0.5037754892705131	13	present_gold
25	25	ENSG00000188486	H2AX	H2AX:HGNC:4739	variant	germinal epithelium of ovary	0.0	0.0	0	observed_zero
25	25	ENSG00000188486	H2AX	H2AX:HGNC:4739	variant	gingiva	82.82499999999999	0.0777817459305198	2	present_gold
25	25	ENSG00000188486	H2AX	H2AX:HGNC:4739	variant	gingival epithelium	85.52	0.0	1	present_gold
25	25	ENSG00000188486	H2AX	H2AX:HGNC:4739	variant	globus pallidus	0.0	0.0	0	observed_zero
25	25	ENSG00000188486	H2AX	H2AX:HGNC:4739	variant	gluteal muscle	0.0	0.0	0	observed_zero
25	25	ENSG00000188486	H2AX	H2AX:HGNC:4739	variant	granulocyte	91.38	0.0	1	present_gold
25	25	ENSG00000188486	H2AX	H2AX:HGNC:4739	variant	hair follicle	0.0	0.0	0	observed_zero
25	25	ENSG00000188486	H2AX	H2AX:HGNC:4739	variant	heart	79.20333333333333	1.9122524738667548	15	present_gold
25	25	ENSG00000188486	H2AX	H2AX:HGNC:4739	variant	heart left ventricle	80.92882352941176	1.7676887535456456	17	present_gold
25	25	ENSG00000188486	H2AX	H2AX:HGNC:4739	variant	heart right ventricle	82.15	0.0	1	present_gold
25	25	ENSG00000188486	H2AX	H2AX:HGNC:4739	variant	hindlimb stylopod muscle	83.29499999999999	1.8455486988968888	2	present_gold
25	25	ENSG00000188486	H2AX	H2AX:HGNC:4739	variant	hypothalamus	90.06733333333334	2.112393587063421	15	present_gold
25	25	ENSG00000188486	H2AX	H2AX:HGNC:4739	variant	ileal mucosa	90.94	0.0	1	present_gold
25	25	ENSG00000188486	H2AX	H2AX:HGNC:4739	variant	inferior olivary complex	88.12333333333333	1.6385766180845311	3	present_gold
25	25	ENSG00000188486	H2AX	H2AX:HGNC:4739	variant	inferior vagus X ganglion	93.505	0.6919176251548987	6	present_gold
25	25	ENSG00000188486	H2AX	H2AX:HGNC:4739	variant	intestine	72.065	8.237291221431144	4	present_gold
25	25	ENSG00000188486	H2AX	H2AX:HGNC:4739	variant	islet of Langerhans	70.83166666666666	4.059482352430782	12	present_gold
25	25	ENSG00000188486	H2AX	H2AX:HGNC:4739	variant	jejunal mucosa	78.98	0.0	1	present_gold
25	25	ENSG00000188486	H2AX	H2AX:HGNC:4739	variant	jejunum	84.27	0.0	1	present_gold
25	25	ENSG00000188486	H2AX	H2AX:HGNC:4739	variant	kidney	75.78666666666668	3.827692080962973	6	present_gold
25	25	ENSG00000188486	H2AX	H2AX:HGNC:4739	variant	kidney epithelium	0.0	0.0	0	observed_zero
25	25	ENSG00000188486	H2AX	H2AX:HGNC:4739	variant	large intestine	82.49	0.3535533905932738	2	present_gold
25	25	ENSG00000188486	H2AX	H2AX:HGNC:4739	variant	lateral globus pallidus	0.0	0.0	0	observed_zero
25	25	ENSG00000188486	H2AX	H2AX:HGNC:4739	variant	lateral nuclear group of thalamus	87.94999999999999	1.400071426749367	2	present_gold
25	25	ENSG00000188486	H2AX	H2AX:HGNC:4739	variant	layer of synovial tissue	83.61333333333333	1.6793054119684907	6	present_gold
25	25	ENSG00000188486	H2AX	H2AX:HGNC:4739	variant	left adrenal gland	86.11375	0.6400655658379305	8	present_gold
25	25	ENSG00000188486	H2AX	H2AX:HGNC:4739	variant	left adrenal gland cortex	86.0475	3.021190635683698	8	present_gold
25	25	ENSG00000188486	H2AX	H2AX:HGNC:4739	variant	left coronary artery	81.12111111111112	2.09335522812329	9	present_gold
25	25	ENSG00000188486	H2AX	H2AX:HGNC:4739	variant	left lobe of thyroid gland	78.22545454545455	2.295684488932934	11	present_gold
25	25	ENSG00000188486	H2AX	H2AX:HGNC:4739	variant	left ovary	84.19	1.3856226037417283	5	present_gold
25	25	ENSG00000188486	H2AX	H2AX:HGNC:4739	variant	left testis	85.75833333333333	0.6064459305384646	6	present_gold
25	25	ENSG00000188486	H2AX	H2AX:HGNC:4739	variant	left uterine tube	82.05	4.115361466505702	2	present_gold
25	25	ENSG00000188486	H2AX	H2AX:HGNC:4739	variant	left ventricle myocardium	0.0	0.0	0	observed_zero
25	25	ENSG00000188486	H2AX	H2AX:HGNC:4739	variant	leukocyte	82.55	0.0	1	present_gold
25	25	ENSG00000188486	H2AX	H2AX:HGNC:4739	variant	liver	81.16799999999999	7.5020275154191	20	present_gold
25	25	ENSG00000188486	H2AX	H2AX:HGNC:4739	variant	lower esophagus	81.15	0.0565685424949225	2	present_gold
25	25	ENSG00000188486	H2AX	H2AX:HGNC:4739	variant	lower esophagus mucosa	91.89	0.0	1	present_gold
25	25	ENSG00000188486	H2AX	H2AX:HGNC:4739	variant	lower esophagus muscularis layer	81.35818181818182	0.4452149634012356	11	present_gold
25	25	ENSG00000188486	H2AX	H2AX:HGNC:4739	variant	lower lobe of lung	80.27000000000001	3.9511770398199086	4	present_gold
25	25	ENSG00000188486	H2AX	H2AX:HGNC:4739	variant	lung	80.99944444444445	2.6455411371771804	18	present_gold
25	25	ENSG00000188486	H2AX	H2AX:HGNC:4739	variant	lymph node	83.59166666666667	2.8785164002775203	6	present_gold
25	25	ENSG00000188486	H2AX	H2AX:HGNC:4739	variant	male germ cell	0.0	0.0	0	observed_zero
25	25	ENSG00000188486	H2AX	H2AX:HGNC:4739	variant	male germ line stem cell (sensu Vertebrata) in testis	81.64	0.0	1	present_gold
25	25	ENSG00000188486	H2AX	H2AX:HGNC:4739	variant	mammalian vulva	83.056	1.7642363787202695	5	present_gold
25	25	ENSG00000188486	H2AX	H2AX:HGNC:4739	variant	mammary duct	80.93	0.0	1	present_gold
25	25	ENSG00000188486	H2AX	H2AX:HGNC:4739	variant	mammary gland	74.4	0.0	1	present_gold
25	25	ENSG00000188486	H2AX	H2AX:HGNC:4739	variant	medial globus pallidus	0.0	0.0	0	observed_zero
25	25	ENSG00000188486	H2AX	H2AX:HGNC:4739	variant	medulla oblongata	90.395	0.9207551248839184	6	present_gold
25	25	ENSG00000188486	H2AX	H2AX:HGNC:4739	variant	metanephric glomerulus	75.615	0.709577338984271	4	present_gold
25	25	ENSG00000188486	H2AX	H2AX:HGNC:4739	variant	metanephros	82.62333333333333	3.671734376739871	3	present_gold
25	25	ENSG00000188486	H2AX	H2AX:HGNC:4739	variant	metanephros cortex	82.46000000000001	1.1596551211459385	2	present_gold
25	25	ENSG00000188486	H2AX	H2AX:HGNC:4739	variant	midbrain	91.65	1.5763565586503594	5	present_gold
25	25	ENSG00000188486	H2AX	H2AX:HGNC:4739	variant	middle frontal gyrus	82.86	0.0	1	present_gold
25	25	ENSG00000188486	H2AX	H2AX:HGNC:4739	variant	middle temporal gyrus	79.605	4.348706704297271	2	present_gold
25	25	ENSG00000188486	H2AX	H2AX:HGNC:4739	variant	minor salivary gland	79.124	2.729962148699743	10	present_gold
25	25	ENSG00000188486	H2AX	H2AX:HGNC:4739	variant	monocyte	78.0	0.0	1	present_gold
25	25	ENSG00000188486	H2AX	H2AX:HGNC:4739	variant	mononuclear cell	0.0	0.0	0	observed_zero
25	25	ENSG00000188486	H2AX	H2AX:HGNC:4739	variant	mouth mucosa	81.19	1.4713259326199608	4	present_gold
25	25	ENSG00000188486	H2AX	H2AX:HGNC:4739	variant	mucosa of paranasal sinus	0.0	0.0	0	observed_zero
25	25	ENSG00000188486	H2AX	H2AX:HGNC:4739	variant	mucosa of sigmoid colon	82.81	0.0	1	present_gold
25	25	ENSG00000188486	H2AX	H2AX:HGNC:4739	variant	mucosa of stomach	80.16	0.0	1	present_gold
25	25	ENSG00000188486	H2AX	H2AX:HGNC:4739	variant	mucosa of transverse colon	94.76	0.0	1	present_gold
25	25	ENSG00000188486	H2AX	H2AX:HGNC:4739	variant	mucosa of urinary bladder	0.0	0.0	0	observed_zero
25	25	ENSG00000188486	H2AX	H2AX:HGNC:4739	variant	muscle layer of sigmoid colon	80.39181818181818	1.4283474239961251	11	present_gold
25	25	ENSG00000188486	H2AX	H2AX:HGNC:4739	variant	muscle of leg	79.005	0.2474873734152976	2	present_gold
25	25	ENSG00000188486	H2AX	H2AX:HGNC:4739	variant	muscle organ	0.0	0.0	0	observed_zero
25	25	ENSG00000188486	H2AX	H2AX:HGNC:4739	variant	muscle tissue	76.83	0.0	1	present_gold
25	25	ENSG00000188486	H2AX	H2AX:HGNC:4739	variant	myocardium	0.0	0.0	0	observed_zero
25	25	ENSG00000188486	H2AX	H2AX:HGNC:4739	variant	myometrium	79.05363636363637	3.5506852091597003	11	present_gold
25	25	ENSG00000188486	H2AX	H2AX:HGNC:4739	variant	nasal cavity epithelium	84.8325	1.2146981792472824	4	present_gold
25	25	ENSG00000188486	H2AX	H2AX:HGNC:4739	variant	nasal cavity mucosa	76.94	0.0	1	present_gold
25	25	ENSG00000188486	H2AX	H2AX:HGNC:4739	variant	neocortex	83.5	0.0	1	present_gold
25	25	ENSG00000188486	H2AX	H2AX:HGNC:4739	variant	nephron tubule	0.0	0.0	0	observed_zero
25	25	ENSG00000188486	H2AX	H2AX:HGNC:4739	variant	nipple	85.75999999999999	1.365173981586229	3	present_gold
25	25	ENSG00000188486	H2AX	H2AX:HGNC:4739	variant	nucleus accumbens	88.3153846153846	1.4927581596082231	13	present_gold
25	25	ENSG00000188486	H2AX	H2AX:HGNC:4739	variant	occipital lobe	88.55666666666667	1.237346623491843	6	present_gold
25	25	ENSG00000188486	H2AX	H2AX:HGNC:4739	variant	olfactory bulb	0.0	0.0	0	observed_zero
25	25	ENSG00000188486	H2AX	H2AX:HGNC:4739	variant	olfactory segment of nasal mucosa	87.95	0.0	1	present_gold
25	25	ENSG00000188486	H2AX	H2AX:HGNC:4739	variant	omental fat pad	82.56363636363636	1.9242779047074925	11	present_gold
25	25	ENSG00000188486	H2AX	H2AX:HGNC:4739	variant	oocyte	95.94	0.0	1	present_gold
25	25	ENSG00000188486	H2AX	H2AX:HGNC:4739	variant	oral cavity	81.64666666666666	1.7388233569476423	6	present_gold
25	25	ENSG00000188486	H2AX	H2AX:HGNC:4739	variant	orbitofrontal cortex	84.745	1.087248821567538	6	present_gold
25	25	ENSG00000188486	H2AX	H2AX:HGNC:4739	variant	ovary	81.89272727272727	3.54247679148104	11	present_gold
25	25	ENSG00000188486	H2AX	H2AX:HGNC:4739	variant	oviduct epithelium	77.61	0.0	1	present_gold
25	25	ENSG00000188486	H2AX	H2AX:HGNC:4739	variant	palpebral conjunctiva	77.22999999999999	1.4817219712213203	5	present_gold
25	25	ENSG00000188486	H2AX	H2AX:HGNC:4739	variant	pancreas	75.22	0.2262741699796903	2	present_gold
25	25	ENSG00000188486	H2AX	H2AX:HGNC:4739	variant	pancreatic ductal cell	83.37	0.0	1	present_gold
25	25	ENSG00000188486	H2AX	H2AX:HGNC:4739	variant	paraflocculus	85.66	0.0	1	present_gold
25	25	ENSG00000188486	H2AX	H2AX:HGNC:4739	variant	parietal lobe	89.19500000000001	0.6716472288337066	6	present_gold
25	25	ENSG00000188486	H2AX	H2AX:HGNC:4739	variant	parietal pleura	72.45	2.2422533309151294	3	present_gold
25	25	ENSG00000188486	H2AX	H2AX:HGNC:4739	variant	parotid gland	78.7825	4.475178767379016	4	present_gold
25	25	ENSG00000188486	H2AX	H2AX:HGNC:4739	variant	penis	84.15	0.0	1	present_gold
25	25	ENSG00000188486	H2AX	H2AX:HGNC:4739	variant	pericardium	0.0	0.0	0	observed_zero
25	25	ENSG00000188486	H2AX	H2AX:HGNC:4739	variant	periodontal ligament	83.39	0.0	1	present_gold
25	25	ENSG00000188486	H2AX	H2AX:HGNC:4739	variant	peritoneum	81.9	0.0	1	present_gold
25	25	ENSG00000188486	H2AX	H2AX:HGNC:4739	variant	pharyngeal mucosa	90.69	5.27201100150597	3	present_gold
25	25	ENSG00000188486	H2AX	H2AX:HGNC:4739	variant	pigmented layer of retina	81.7175	3.469508850927845	4	present_gold
25	25	ENSG00000188486	H2AX	H2AX:HGNC:4739	variant	pituitary gland	87.08461538461538	2.1645539008635444	13	present_gold
25	25	ENSG00000188486	H2AX	H2AX:HGNC:4739	variant	placenta	82.9075	7.49612511012634	4	present_gold
25	25	ENSG00000188486	H2AX	H2AX:HGNC:4739	variant	pleura	0.0	0.0	0	observed_zero
25	25	ENSG00000188486	H2AX	H2AX:HGNC:4739	variant	pons	90.73	0.0	1	present_gold
25	25	ENSG00000188486	H2AX	H2AX:HGNC:4739	variant	popliteal artery	77.93	0.0	1	present_gold
25	25	ENSG00000188486	H2AX	H2AX:HGNC:4739	variant	postcentral gyrus	89.69266666666667	1.6163338881849982	15	present_gold
25	25	ENSG00000188486	H2AX	H2AX:HGNC:4739	variant	prefrontal cortex	84.535	7.039757334832879	10	present_gold
25	25	ENSG00000188486	H2AX	H2AX:HGNC:4739	variant	primary visual cortex	79.1425	3.763056318624908	8	present_gold
25	25	ENSG00000188486	H2AX	H2AX:HGNC:4739	variant	primordial germ cell in gonad	85.5	0.0	1	present_gold
25	25	ENSG00000188486	H2AX	H2AX:HGNC:4739	variant	prostate gland	81.69222222222223	2.6312914024190555	9	present_gold
25	25	ENSG00000188486	H2AX	H2AX:HGNC:4739	variant	putamen	88.38142857142857	1.5343495597250876	14	present_gold
25	25	ENSG00000188486	H2AX	H2AX:HGNC:4739	variant	pylorus	87.66333333333334	3.6951635056291297	3	present_gold
25	25	ENSG00000188486	H2AX	H2AX:HGNC:4739	variant	quadriceps femoris	0.0	0.0	0	observed_zero
25	25	ENSG00000188486	H2AX	H2AX:HGNC:4739	variant	rectum	73.4	0.0	1	present_gold
25	25	ENSG00000188486	H2AX	H2AX:HGNC:4739	variant	renal glomerulus	0.0	0.0	0	observed_zero
25	25	ENSG00000188486	H2AX	H2AX:HGNC:4739	variant	renal medulla	77.925	1.590990257669732	2	present_gold
25	25	ENSG00000188486	H2AX	H2AX:HGNC:4739	variant	right adrenal gland	86.808	1.6100527941654603	5	present_gold
25	25	ENSG00000188486	H2AX	H2AX:HGNC:4739	variant	right adrenal gland cortex	85.50666666666666	1.6850618188462203	3	present_gold
25	25	ENSG00000188486	H2AX	H2AX:HGNC:4739	variant	right atrium auricular region	80.98818181818181	1.3523003969667269	11	present_gold
25	25	ENSG00000188486	H2AX	H2AX:HGNC:4739	variant	right coronary artery	81.28999999999999	4.5396255352176365	2	present_gold
25	25	ENSG00000188486	H2AX	H2AX:HGNC:4739	variant	right frontal lobe	89.03	1.7239997099767748	9	present_gold
25	25	ENSG00000188486	H2AX	H2AX:HGNC:4739	variant	right hemisphere of cerebellum	87.91555555555556	0.5901294584900676	9	present_gold
25	25	ENSG00000188486	H2AX	H2AX:HGNC:4739	variant	right lobe of liver	82.52	4.951297809665664	9	present_gold
25	25	ENSG00000188486	H2AX	H2AX:HGNC:4739	variant	right lobe of thyroid gland	78.18375	2.077381163869548	8	present_gold
25	25	ENSG00000188486	H2AX	H2AX:HGNC:4739	variant	right lung	77.66499999999999	2.892066735052972	2	present_gold
25	25	ENSG00000188486	H2AX	H2AX:HGNC:4739	variant	right ovary	84.716	1.8255629268803677	5	present_gold
25	25	ENSG00000188486	H2AX	H2AX:HGNC:4739	variant	right testis	87.2	1.9839984879026489	5	present_gold
25	25	ENSG00000188486	H2AX	H2AX:HGNC:4739	variant	right uterine tube	82.2	0.0	1	present_gold
25	25	ENSG00000188486	H2AX	H2AX:HGNC:4739	variant	saliva-secreting gland	79.03399999999999	0.8266075247661365	5	present_gold
25	25	ENSG00000188486	H2AX	H2AX:HGNC:4739	variant	saphenous vein	77.58	2.432447327281722	2	present_gold
25	25	ENSG00000188486	H2AX	H2AX:HGNC:4739	variant	secondary oocyte	88.25	0.0	1	present_gold
25	25	ENSG00000188486	H2AX	H2AX:HGNC:4739	variant	seminal vesicle	71.0	0.0	1	present_gold
25	25	ENSG00000188486	H2AX	H2AX:HGNC:4739	variant	sigmoid colon	80.765	1.3269137123415398	4	present_gold
25	25	ENSG00000188486	H2AX	H2AX:HGNC:4739	variant	skeletal muscle tissue	78.33875	1.517652675303919	8	present_gold
25	25	ENSG00000188486	H2AX	H2AX:HGNC:4739	variant	skeletal muscle tissue of biceps brachii	0.0	0.0	0	observed_zero
25	25	ENSG00000188486	H2AX	H2AX:HGNC:4739	variant	skeletal muscle tissue of rectus abdominis	0.0	0.0	0	observed_zero
25	25	ENSG00000188486	H2AX	H2AX:HGNC:4739	variant	skin of abdomen	82.782	1.9374599637440533	10	present_gold
25	25	ENSG00000188486	H2AX	H2AX:HGNC:4739	variant	skin of hip	74.7	0.0	1	present_gold
25	25	ENSG00000188486	H2AX	H2AX:HGNC:4739	variant	skin of leg	80.645	1.2961446327825104	12	present_gold
25	25	ENSG00000188486	H2AX	H2AX:HGNC:4739	variant	small intestine	83.53	0.2687005768508848	2	present_gold
25	25	ENSG00000188486	H2AX	H2AX:HGNC:4739	variant	small intestine Peyer's patch	83.71181818181817	2.6513876298339243	11	present_gold
25	25	ENSG00000188486	H2AX	H2AX:HGNC:4739	variant	smooth muscle tissue	82.24	13.831008640008871	2	present_gold
25	25	ENSG00000188486	H2AX	H2AX:HGNC:4739	variant	sperm	0.0	0.0	0	observed_zero
25	25	ENSG00000188486	H2AX	H2AX:HGNC:4739	variant	spinal cord	92.792	1.5168446781980636	10	present_gold
25	25	ENSG00000188486	H2AX	H2AX:HGNC:4739	variant	spleen	86.57916666666667	1.912297325367072	12	present_gold
25	25	ENSG00000188486	H2AX	H2AX:HGNC:4739	variant	squamous epithelium	87.39500000000001	3.839589821842948	2	present_gold
25	25	ENSG00000188486	H2AX	H2AX:HGNC:4739	variant	stomach	79.34666666666666	5.133576342142587	12	present_gold
25	25	ENSG00000188486	H2AX	H2AX:HGNC:4739	variant	stromal cell of endometrium	88.03	0.0	1	present_gold
25	25	ENSG00000188486	H2AX	H2AX:HGNC:4739	variant	subcutaneous adipose tissue	75.69714285714285	2.041520657109939	14	present_gold
25	25	ENSG00000188486	H2AX	H2AX:HGNC:4739	variant	substantia nigra	90.3221052631579	1.948955785791652	19	present_gold
25	25	ENSG00000188486	H2AX	H2AX:HGNC:4739	variant	substantia nigra pars compacta	88.44999999999999	0.2969848480983512	2	present_gold
25	25	ENSG00000188486	H2AX	H2AX:HGNC:4739	variant	substantia nigra pars reticulata	0.0	0.0	0	observed_zero
25	25	ENSG00000188486	H2AX	H2AX:HGNC:4739	variant	subthalamic nucleus	92.91	1.8515630462627284	8	present_gold
25	25	ENSG00000188486	H2AX	H2AX:HGNC:4739	variant	superficial temporal artery	0.0	0.0	0	observed_zero
25	25	ENSG00000188486	H2AX	H2AX:HGNC:4739	variant	superior frontal gyrus	84.00391304347826	5.995585299451919	23	present_gold
25	25	ENSG00000188486	H2AX	H2AX:HGNC:4739	variant	superior surface of tongue	86.79	2.5524693925687	3	present_gold
25	25	ENSG00000188486	H2AX	H2AX:HGNC:4739	variant	superior vestibular nucleus	90.206	1.0458393758125542	5	present_gold
25	25	ENSG00000188486	H2AX	H2AX:HGNC:4739	variant	sural nerve	71.66	9.842926394116745	2	present_gold
25	25	ENSG00000188486	H2AX	H2AX:HGNC:4739	variant	synovial joint	0.0	0.0	0	observed_zero
25	25	ENSG00000188486	H2AX	H2AX:HGNC:4739	variant	telencephalon	87.14	0.0	1	present_gold
25	25	ENSG00000188486	H2AX	H2AX:HGNC:4739	variant	temporal lobe	88.92875	1.0704263169410555	8	present_gold
25	25	ENSG00000188486	H2AX	H2AX:HGNC:4739	variant	tendon	79.86	0.0	1	present_gold
25	25	ENSG00000188486	H2AX	H2AX:HGNC:4739	variant	tendon of biceps brachii	0.0	0.0	0	observed_zero
25	25	ENSG00000188486	H2AX	H2AX:HGNC:4739	variant	testis	80.59307692307692	5.457487799063146	13	present_gold
25	25	ENSG00000188486	H2AX	H2AX:HGNC:4739	variant	thoracic aorta	80.72666666666667	0.783777179220388	6	present_gold
25	25	ENSG00000188486	H2AX	H2AX:HGNC:4739	variant	thoracic mammary gland	75.09357142857142	2.984615958139743	14	present_gold
25	25	ENSG00000188486	H2AX	H2AX:HGNC:4739	variant	thymus	96.0675	2.0765737004338005	4	present_gold
25	25	ENSG00000188486	H2AX	H2AX:HGNC:4739	variant	thyroid gland	78.63529411764705	1.2829123004275231	17	present_gold
25	25	ENSG00000188486	H2AX	H2AX:HGNC:4739	variant	tibia	0.0	0.0	0	observed_zero
25	25	ENSG00000188486	H2AX	H2AX:HGNC:4739	variant	tibial artery	78.78	1.5921369287847071	11	present_gold
25	25	ENSG00000188486	H2AX	H2AX:HGNC:4739	variant	tibial nerve	79.64272727272727	2.4023242533392133	11	present_gold
25	25	ENSG00000188486	H2AX	H2AX:HGNC:4739	variant	tibialis anterior	0.0	0.0	0	observed_zero
25	25	ENSG00000188486	H2AX	H2AX:HGNC:4739	variant	tongue	87.25	0.0	1	present_gold
25	25	ENSG00000188486	H2AX	H2AX:HGNC:4739	variant	tongue squamous epithelium	0.0	0.0	0	observed_zero
25	25	ENSG00000188486	H2AX	H2AX:HGNC:4739	variant	tonsil	87.16166666666668	4.097284059797008	6	present_gold
25	25	ENSG00000188486	H2AX	H2AX:HGNC:4739	variant	trabecular bone tissue	93.2875	1.924878784062348	4	present_gold
25	25	ENSG00000188486	H2AX	H2AX:HGNC:4739	variant	trachea	82.625	0.9545941546018352	2	present_gold
25	25	ENSG00000188486	H2AX	H2AX:HGNC:4739	variant	transverse colon	84.551	2.2169922066720145	10	present_gold
25	25	ENSG00000188486	H2AX	H2AX:HGNC:4739	variant	triceps brachii	0.0	0.0	0	observed_zero
25	25	ENSG00000188486	H2AX	H2AX:HGNC:4739	variant	trigeminal ganglion	82.24166666666666	2.391555281959141	6	present_gold
25	25	ENSG00000188486	H2AX	H2AX:HGNC:4739	variant	type B pancreatic cell	0.0	0.0	0	observed_zero
25	25	ENSG00000188486	H2AX	H2AX:HGNC:4739	variant	upper arm skin	0.0	0.0	0	observed_zero
25	25	ENSG00000188486	H2AX	H2AX:HGNC:4739	variant	upper leg skin	74.46	0.0	1	present_gold
25	25	ENSG00000188486	H2AX	H2AX:HGNC:4739	variant	upper lobe of left lung	81.01875	3.4762559395336297	8	present_gold
25	25	ENSG00000188486	H2AX	H2AX:HGNC:4739	variant	upper lobe of lung	94.16	0.0	1	present_gold
25	25	ENSG00000188486	H2AX	H2AX:HGNC:4739	variant	urethra	77.89333333333333	1.1881217670480342	3	present_gold
25	25	ENSG00000188486	H2AX	H2AX:HGNC:4739	variant	urinary bladder	78.7825	2.333756934338157	8	present_gold
25	25	ENSG00000188486	H2AX	H2AX:HGNC:4739	variant	uterine cervix	83.508	3.8697700190062942	5	present_gold
25	25	ENSG00000188486	H2AX	H2AX:HGNC:4739	variant	uterus	79.28999999999999	0.282842712474613	2	present_gold
25	25	ENSG00000188486	H2AX	H2AX:HGNC:4739	variant	vagina	73.38555555555556	9.164796930525943	9	present_gold
25	25	ENSG00000188486	H2AX	H2AX:HGNC:4739	variant	vastus lateralis	0.0	0.0	0	observed_zero
25	25	ENSG00000188486	H2AX	H2AX:HGNC:4739	variant	vena cava	0.0	0.0	0	observed_zero
25	25	ENSG00000188486	H2AX	H2AX:HGNC:4739	variant	ventral tegmental area	90.60833333333332	2.762552563602484	6	present_gold
25	25	ENSG00000188486	H2AX	H2AX:HGNC:4739	variant	ventricular zone	98.905	0.1202081528017142	2	present_gold
25	25	ENSG00000188486	H2AX	H2AX:HGNC:4739	variant	vermiform appendix	87.3275	3.815760081556486	4	present_gold
25	25	ENSG00000188486	H2AX	H2AX:HGNC:4739	variant	visceral pleura	0.0	0.0	0	observed_zero
25	25	ENSG00000188486	H2AX	H2AX:HGNC:4739	variant	zone of skin	77.75384615384615	5.3869031586827	13	present_gold
26	26	ENSG00000164032	H2AZ1	H2AZ1:HGNC:4741	variant	Ammon's horn	97.32541666666668	1.1198407463123714	24	present_gold
26	26	ENSG00000164032	H2AZ1	H2AZ1:HGNC:4741	variant	Brodmann (1909) area 10	88.93	0.0	1	present_gold
26	26	ENSG00000164032	H2AZ1	H2AZ1:HGNC:4741	variant	Brodmann (1909) area 23	98.205	0.7157303961688354	6	present_gold
26	26	ENSG00000164032	H2AZ1	H2AZ1:HGNC:4741	variant	Brodmann (1909) area 46	97.69	0.7309924760214668	5	present_gold
26	26	ENSG00000164032	H2AZ1	H2AZ1:HGNC:4741	variant	Brodmann (1909) area 9	98.24	0.8570621655140068	10	present_gold
26	26	ENSG00000164032	H2AZ1	H2AZ1:HGNC:4741	variant	C1 segment of cervical spinal cord	97.57333333333332	0.4054935264588069	9	present_gold
26	26	ENSG00000164032	H2AZ1	H2AZ1:HGNC:4741	variant	CA1 field of hippocampus	93.605	1.5902515524281042	4	present_gold
26	26	ENSG00000164032	H2AZ1	H2AZ1:HGNC:4741	variant	adenohypophysis	98.56166666666668	0.4644746135868674	6	present_gold
26	26	ENSG00000164032	H2AZ1	H2AZ1:HGNC:4741	variant	adipose tissue	97.64	0.2576561015514012	16	present_gold
26	26	ENSG00000164032	H2AZ1	H2AZ1:HGNC:4741	variant	adipose tissue of abdominal region	97.49333333333334	1.2897855118843051	6	present_gold
26	26	ENSG00000164032	H2AZ1	H2AZ1:HGNC:4741	variant	adrenal cortex	96.25	0.9459915433025816	3	present_gold
26	26	ENSG00000164032	H2AZ1	H2AZ1:HGNC:4741	variant	adrenal gland	97.805	0.6365270352991024	4	present_gold
26	26	ENSG00000164032	H2AZ1	H2AZ1:HGNC:4741	variant	adrenal tissue	97.59333333333332	0.8769454563046314	3	present_gold
26	26	ENSG00000164032	H2AZ1	H2AZ1:HGNC:4741	variant	adult mammalian kidney	96.835	1.9303277920123785	14	present_gold
26	26	ENSG00000164032	H2AZ1	H2AZ1:HGNC:4741	variant	adult organism	99.42	0.0	1	present_gold
26	26	ENSG00000164032	H2AZ1	H2AZ1:HGNC:4741	variant	amniotic fluid	96.32	4.8366103833159775	2	present_gold
26	26	ENSG00000164032	H2AZ1	H2AZ1:HGNC:4741	variant	amygdala	97.42846153846152	1.103810416646551	13	present_gold
26	26	ENSG00000164032	H2AZ1	H2AZ1:HGNC:4741	variant	anterior cingulate cortex	98.12272727272726	0.7847558971946712	11	present_gold
26	26	ENSG00000164032	H2AZ1	H2AZ1:HGNC:4741	variant	aorta	98.4	0.009999999999998	3	present_gold
26	26	ENSG00000164032	H2AZ1	H2AZ1:HGNC:4741	variant	apex of heart	95.65	0.0	1	present_gold
26	26	ENSG00000164032	H2AZ1	H2AZ1:HGNC:4741	variant	artery	98.36	0.0	1	present_gold
26	26	ENSG00000164032	H2AZ1	H2AZ1:HGNC:4741	variant	ascending aorta	98.393	0.0826034704678523	10	present_gold
26	26	ENSG00000164032	H2AZ1	H2AZ1:HGNC:4741	variant	biceps brachii	97.606	0.6031003233293795	5	present_gold
26	26	ENSG00000164032	H2AZ1	H2AZ1:HGNC:4741	variant	blood	98.18538461538462	0.8344485924497052	39	present_gold
26	26	ENSG00000164032	H2AZ1	H2AZ1:HGNC:4741	variant	blood vessel layer	97.28	0.0	1	present_gold
26	26	ENSG00000164032	H2AZ1	H2AZ1:HGNC:4741	variant	body of pancreas	97.454	0.217265838190095	10	present_gold
26	26	ENSG00000164032	H2AZ1	H2AZ1:HGNC:4741	variant	body of stomach	98.50090909090908	0.41862762798111	11	present_gold
26	26	ENSG00000164032	H2AZ1	H2AZ1:HGNC:4741	variant	body of tongue	98.24333333333334	0.220529665426977	3	present_gold
26	26	ENSG00000164032	H2AZ1	H2AZ1:HGNC:4741	variant	body of uterus	98.608	0.2428373941550177	5	present_gold
26	26	ENSG00000164032	H2AZ1	H2AZ1:HGNC:4741	variant	bone element	99.24	0.2121320343559622	2	present_gold
26	26	ENSG00000164032	H2AZ1	H2AZ1:HGNC:4741	variant	bone marrow	99.54785714285715	0.1594788904009458	14	present_gold
26	26	ENSG00000164032	H2AZ1	H2AZ1:HGNC:4741	variant	bone marrow cell	99.21333333333332	0.5444140581089583	6	present_gold
26	26	ENSG00000164032	H2AZ1	H2AZ1:HGNC:4741	variant	brain	97.805	0.6921987651208156	24	present_gold
26	26	ENSG00000164032	H2AZ1	H2AZ1:HGNC:4741	variant	bronchial epithelial cell	98.03714285714288	0.2873002411614516	21	present_gold
26	26	ENSG00000164032	H2AZ1	H2AZ1:HGNC:4741	variant	bronchus	97.96	0.0141421356237281	2	present_gold
26	26	ENSG00000164032	H2AZ1	H2AZ1:HGNC:4741	variant	buccal mucosa cell	83.83	0.0	1	present_gold
26	26	ENSG00000164032	H2AZ1	H2AZ1:HGNC:4741	variant	caecum	98.78333333333336	0.6046762219017177	3	present_gold
26	26	ENSG00000164032	H2AZ1	H2AZ1:HGNC:4741	variant	calcaneal tendon	95.398	0.5457746787823755	5	present_gold
26	26	ENSG00000164032	H2AZ1	H2AZ1:HGNC:4741	variant	caput epididymis	97.74	0.3315116890850156	3	present_gold
26	26	ENSG00000164032	H2AZ1	H2AZ1:HGNC:4741	variant	cardia of stomach	97.96333333333332	0.4100406483915146	3	present_gold
26	26	ENSG00000164032	H2AZ1	H2AZ1:HGNC:4741	variant	cardiac atrium	97.00333333333332	0.1887679351302327	3	present_gold
26	26	ENSG00000164032	H2AZ1	H2AZ1:HGNC:4741	variant	cardiac muscle of right atrium	94.50375	0.7737466824299978	8	present_gold
26	26	ENSG00000164032	H2AZ1	H2AZ1:HGNC:4741	variant	cardiac ventricle	96.72333333333334	0.3723349746308225	3	present_gold
26	26	ENSG00000164032	H2AZ1	H2AZ1:HGNC:4741	variant	cartilage tissue	98.77	0.0	1	present_gold
26	26	ENSG00000164032	H2AZ1	H2AZ1:HGNC:4741	variant	cauda epididymis	97.66333333333334	0.2657693235370357	3	present_gold
26	26	ENSG00000164032	H2AZ1	H2AZ1:HGNC:4741	variant	caudate nucleus	98.20947368421052	1.2731826860457949	19	present_gold
26	26	ENSG00000164032	H2AZ1	H2AZ1:HGNC:4741	variant	central nervous system	97.84	0.0	1	present_gold
26	26	ENSG00000164032	H2AZ1	H2AZ1:HGNC:4741	variant	cerebellar cortex	98.58	0.1777638883463139	3	present_gold
26	26	ENSG00000164032	H2AZ1	H2AZ1:HGNC:4741	variant	cerebellar hemisphere	98.58545454545455	0.3222844593325483	11	present_gold
26	26	ENSG00000164032	H2AZ1	H2AZ1:HGNC:4741	variant	cerebellar vermis	97.04	0.6757958271549152	3	present_gold
26	26	ENSG00000164032	H2AZ1	H2AZ1:HGNC:4741	variant	cerebellum	98.07235294117648	0.8528154065488371	17	present_gold
26	26	ENSG00000164032	H2AZ1	H2AZ1:HGNC:4741	variant	cerebral cortex	98.171	0.7585138979170578	10	present_gold
26	26	ENSG00000164032	H2AZ1	H2AZ1:HGNC:4741	variant	cervix epithelium	97.955	0.6504690615240684	6	present_gold
26	26	ENSG00000164032	H2AZ1	H2AZ1:HGNC:4741	variant	cervix squamous epithelium	97.75	0.0	1	present_gold
26	26	ENSG00000164032	H2AZ1	H2AZ1:HGNC:4741	variant	choroid plexus epithelium	95.74	0.0	1	present_gold
26	26	ENSG00000164032	H2AZ1	H2AZ1:HGNC:4741	variant	cingulate cortex	96.35	0.0	1	present_gold
26	26	ENSG00000164032	H2AZ1	H2AZ1:HGNC:4741	variant	colon	98.65944444444445	0.4462717745186506	18	present_gold
26	26	ENSG00000164032	H2AZ1	H2AZ1:HGNC:4741	variant	colonic epithelium	93.26	0.0	1	present_gold
26	26	ENSG00000164032	H2AZ1	H2AZ1:HGNC:4741	variant	colonic mucosa	98.865	0.2843765109849944	6	present_gold
26	26	ENSG00000164032	H2AZ1	H2AZ1:HGNC:4741	variant	connective tissue	97.53	0.0	1	present_gold
26	26	ENSG00000164032	H2AZ1	H2AZ1:HGNC:4741	variant	coronary artery	97.64	0.4525483399593908	2	present_gold
26	26	ENSG00000164032	H2AZ1	H2AZ1:HGNC:4741	variant	corpus callosum	93.52333333333333	1.30002330981433	12	present_gold
26	26	ENSG00000164032	H2AZ1	H2AZ1:HGNC:4741	variant	corpus epididymis	97.66666666666669	0.2369247419188897	3	present_gold
26	26	ENSG00000164032	H2AZ1	H2AZ1:HGNC:4741	variant	cortex of kidney	96.036	2.726752647381132	5	present_gold
26	26	ENSG00000164032	H2AZ1	H2AZ1:HGNC:4741	variant	cortical plate	98.915	0.0353553390593253	2	present_gold
26	26	ENSG00000164032	H2AZ1	H2AZ1:HGNC:4741	variant	cranial nerve II	94.29	0.0	1	present_gold
26	26	ENSG00000164032	H2AZ1	H2AZ1:HGNC:4741	variant	decidua	97.99	0.6363961030678867	2	present_gold
26	26	ENSG00000164032	H2AZ1	H2AZ1:HGNC:4741	variant	deltoid	96.165	1.0190752110194237	8	present_gold
26	26	ENSG00000164032	H2AZ1	H2AZ1:HGNC:4741	variant	descending thoracic aorta	98.74	0.0624499799839863	3	present_gold
26	26	ENSG00000164032	H2AZ1	H2AZ1:HGNC:4741	variant	diaphragm	94.23	0.0	1	present_gold
26	26	ENSG00000164032	H2AZ1	H2AZ1:HGNC:4741	variant	dorsal motor nucleus of vagus nerve	87.515	11.84403858487467	2	present_gold
26	26	ENSG00000164032	H2AZ1	H2AZ1:HGNC:4741	variant	dorsal plus ventral thalamus	95.37714285714286	0.7595550075694374	7	present_gold
26	26	ENSG00000164032	H2AZ1	H2AZ1:HGNC:4741	variant	dorsal root ganglion	94.64714285714284	2.0100390898828686	7	present_gold
26	26	ENSG00000164032	H2AZ1	H2AZ1:HGNC:4741	variant	dorsolateral prefrontal cortex	98.31166666666668	0.3909927906225905	24	present_gold
26	26	ENSG00000164032	H2AZ1	H2AZ1:HGNC:4741	variant	duodenum	95.9825	3.747028822947586	4	present_gold
26	26	ENSG00000164032	H2AZ1	H2AZ1:HGNC:4741	variant	ectocervix	98.52	0.3565108693995155	5	present_gold
26	26	ENSG00000164032	H2AZ1	H2AZ1:HGNC:4741	variant	embryo	99.66875	0.0235660166947464	8	present_gold
26	26	ENSG00000164032	H2AZ1	H2AZ1:HGNC:4741	variant	endocervix	98.26666666666668	0.414769012021552	3	present_gold
26	26	ENSG00000164032	H2AZ1	H2AZ1:HGNC:4741	variant	endometrium	98.31375	0.3197055937369036	16	present_gold
26	26	ENSG00000164032	H2AZ1	H2AZ1:HGNC:4741	variant	endometrium epithelium	98.79	0.0	1	present_gold
26	26	ENSG00000164032	H2AZ1	H2AZ1:HGNC:4741	variant	endothelial cell	98.82	0.0	1	present_gold
26	26	ENSG00000164032	H2AZ1	H2AZ1:HGNC:4741	variant	entorhinal cortex	95.19761904761906	3.684619254091126	21	present_gold
26	26	ENSG00000164032	H2AZ1	H2AZ1:HGNC:4741	variant	epithelial cell of pancreas	95.11	0.0	1	present_gold
26	26	ENSG00000164032	H2AZ1	H2AZ1:HGNC:4741	variant	epithelium of bronchus	97.77785714285712	0.2550166984405469	14	present_gold
26	26	ENSG00000164032	H2AZ1	H2AZ1:HGNC:4741	variant	epithelium of esophagus	99.14	0.0	1	present_gold
26	26	ENSG00000164032	H2AZ1	H2AZ1:HGNC:4741	variant	epithelium of mammary gland	95.21285714285716	0.863533714565031	7	present_gold
26	26	ENSG00000164032	H2AZ1	H2AZ1:HGNC:4741	variant	epithelium of nasopharynx	99.13	0.0	1	present_gold
26	26	ENSG00000164032	H2AZ1	H2AZ1:HGNC:4741	variant	esophagogastric junction muscularis propria	98.80727272727272	0.2410016974666729	11	present_gold
26	26	ENSG00000164032	H2AZ1	H2AZ1:HGNC:4741	variant	esophagus	98.7757142857143	0.0395209408023706	7	present_gold
26	26	ENSG00000164032	H2AZ1	H2AZ1:HGNC:4741	variant	esophagus mucosa	98.86272727272728	0.1139377820646786	11	present_gold
26	26	ENSG00000164032	H2AZ1	H2AZ1:HGNC:4741	variant	esophagus squamous epithelium	99.29	0.0	1	present_gold
26	26	ENSG00000164032	H2AZ1	H2AZ1:HGNC:4741	variant	eye	98.57666666666668	0.5485739087245497	3	present_gold
26	26	ENSG00000164032	H2AZ1	H2AZ1:HGNC:4741	variant	fallopian tube	95.835	0.3181980515339484	2	present_gold
26	26	ENSG00000164032	H2AZ1	H2AZ1:HGNC:4741	variant	female reproductive system	98.22	0.0	1	present_gold
26	26	ENSG00000164032	H2AZ1	H2AZ1:HGNC:4741	variant	forebrain	98.98	0.1272792206135733	2	present_gold
26	26	ENSG00000164032	H2AZ1	H2AZ1:HGNC:4741	variant	frontal cortex	97.52807692307692	1.3104656248243032	26	present_gold
26	26	ENSG00000164032	H2AZ1	H2AZ1:HGNC:4741	variant	frontal lobe	97.945	0.007071067811869	2	present_gold
26	26	ENSG00000164032	H2AZ1	H2AZ1:HGNC:4741	variant	frontal pole	92.235	0.3747665940288709	2	present_gold
26	26	ENSG00000164032	H2AZ1	H2AZ1:HGNC:4741	variant	fundus of stomach	98.33857142857144	0.5604589955690642	7	present_gold
26	26	ENSG00000164032	H2AZ1	H2AZ1:HGNC:4741	variant	gall bladder	98.43	0.0	1	present_gold
26	26	ENSG00000164032	H2AZ1	H2AZ1:HGNC:4741	variant	ganglionic eminence	99.59	0.0282842712474663	2	present_gold
26	26	ENSG00000164032	H2AZ1	H2AZ1:HGNC:4741	variant	gastrocnemius	97.1953846153846	0.1707637444256123	13	present_gold
26	26	ENSG00000164032	H2AZ1	H2AZ1:HGNC:4741	variant	germinal epithelium of ovary	99.31	0.0	1	present_gold
26	26	ENSG00000164032	H2AZ1	H2AZ1:HGNC:4741	variant	gingiva	98.565	0.0494974746830535	2	present_gold
26	26	ENSG00000164032	H2AZ1	H2AZ1:HGNC:4741	variant	gingival epithelium	99.39	0.0	1	present_gold
26	26	ENSG00000164032	H2AZ1	H2AZ1:HGNC:4741	variant	globus pallidus	95.56	0.0	1	present_gold
26	26	ENSG00000164032	H2AZ1	H2AZ1:HGNC:4741	variant	gluteal muscle	94.44	0.0	1	present_gold
26	26	ENSG00000164032	H2AZ1	H2AZ1:HGNC:4741	variant	granulocyte	98.4	0.0	1	present_gold
26	26	ENSG00000164032	H2AZ1	H2AZ1:HGNC:4741	variant	hair follicle	97.6	0.565685424949236	2	present_gold
26	26	ENSG00000164032	H2AZ1	H2AZ1:HGNC:4741	variant	heart	97.57625	0.8249757572195701	16	present_gold
26	26	ENSG00000164032	H2AZ1	H2AZ1:HGNC:4741	variant	heart left ventricle	97.1635294117647	0.3823437781707498	17	present_gold
26	26	ENSG00000164032	H2AZ1	H2AZ1:HGNC:4741	variant	heart right ventricle	97.705	0.2094516650685788	6	present_gold
26	26	ENSG00000164032	H2AZ1	H2AZ1:HGNC:4741	variant	hindlimb stylopod muscle	96.49	0.2687005768508949	2	present_gold
26	26	ENSG00000164032	H2AZ1	H2AZ1:HGNC:4741	variant	hypothalamus	97.52111111111113	1.0477813472447337	18	present_gold
26	26	ENSG00000164032	H2AZ1	H2AZ1:HGNC:4741	variant	ileal mucosa	96.63	0.0	1	present_gold
26	26	ENSG00000164032	H2AZ1	H2AZ1:HGNC:4741	variant	inferior olivary complex	89.10000000000001	3.658045926447615	3	present_gold
26	26	ENSG00000164032	H2AZ1	H2AZ1:HGNC:4741	variant	inferior vagus X ganglion	93.98	2.037449385874406	6	present_gold
26	26	ENSG00000164032	H2AZ1	H2AZ1:HGNC:4741	variant	intestine	98.575	0.3431714828867179	4	present_gold
26	26	ENSG00000164032	H2AZ1	H2AZ1:HGNC:4741	variant	islet of Langerhans	98.63722222222222	0.6395936720758578	18	present_gold
26	26	ENSG00000164032	H2AZ1	H2AZ1:HGNC:4741	variant	jejunal mucosa	97.97	0.0	1	present_gold
26	26	ENSG00000164032	H2AZ1	H2AZ1:HGNC:4741	variant	jejunum	97.92	0.650538238691625	2	present_gold
26	26	ENSG00000164032	H2AZ1	H2AZ1:HGNC:4741	variant	kidney	98.24666666666668	1.1828214855449104	6	present_gold
26	26	ENSG00000164032	H2AZ1	H2AZ1:HGNC:4741	variant	kidney epithelium	96.4	0.0	1	present_gold
26	26	ENSG00000164032	H2AZ1	H2AZ1:HGNC:4741	variant	large intestine	98.835	0.007071067811869	2	present_gold
26	26	ENSG00000164032	H2AZ1	H2AZ1:HGNC:4741	variant	lateral globus pallidus	97.045	0.2192031021678313	2	present_gold
26	26	ENSG00000164032	H2AZ1	H2AZ1:HGNC:4741	variant	lateral nuclear group of thalamus	96.965	0.0777817459305198	2	present_gold
26	26	ENSG00000164032	H2AZ1	H2AZ1:HGNC:4741	variant	layer of synovial tissue	95.45444444444443	1.207063700795353	9	present_gold
26	26	ENSG00000164032	H2AZ1	H2AZ1:HGNC:4741	variant	left adrenal gland	97.45875	0.3731884816780146	8	present_gold
26	26	ENSG00000164032	H2AZ1	H2AZ1:HGNC:4741	variant	left adrenal gland cortex	97.43	0.430514642193337	8	present_gold
26	26	ENSG00000164032	H2AZ1	H2AZ1:HGNC:4741	variant	left coronary artery	98.32	0.3084234102658231	9	present_gold
26	26	ENSG00000164032	H2AZ1	H2AZ1:HGNC:4741	variant	left lobe of thyroid gland	97.46727272727274	0.4588265665606342	11	present_gold
26	26	ENSG00000164032	H2AZ1	H2AZ1:HGNC:4741	variant	left ovary	98.556	0.1329661611087591	5	present_gold
26	26	ENSG00000164032	H2AZ1	H2AZ1:HGNC:4741	variant	left testis	99.03833333333334	0.0503653319920222	6	present_gold
26	26	ENSG00000164032	H2AZ1	H2AZ1:HGNC:4741	variant	left uterine tube	98.6	0.1979898987322341	2	present_gold
26	26	ENSG00000164032	H2AZ1	H2AZ1:HGNC:4741	variant	left ventricle myocardium	94.9575	0.364268673737761	4	present_gold
26	26	ENSG00000164032	H2AZ1	H2AZ1:HGNC:4741	variant	leukocyte	98.77	0.0	1	present_gold
26	26	ENSG00000164032	H2AZ1	H2AZ1:HGNC:4741	variant	liver	95.57260869565218	2.0483257406772366	23	present_gold
26	26	ENSG00000164032	H2AZ1	H2AZ1:HGNC:4741	variant	lower esophagus	98.625	0.1202081528017042	2	present_gold
26	26	ENSG00000164032	H2AZ1	H2AZ1:HGNC:4741	variant	lower esophagus mucosa	98.63	0.0	1	present_gold
26	26	ENSG00000164032	H2AZ1	H2AZ1:HGNC:4741	variant	lower esophagus muscularis layer	98.7309090909091	0.0999454396612997	11	present_gold
26	26	ENSG00000164032	H2AZ1	H2AZ1:HGNC:4741	variant	lower lobe of lung	97.3525	0.5854607465187457	8	present_gold
26	26	ENSG00000164032	H2AZ1	H2AZ1:HGNC:4741	variant	lung	98.17636363636365	0.5853574036802559	22	present_gold
26	26	ENSG00000164032	H2AZ1	H2AZ1:HGNC:4741	variant	lymph node	98.35166666666667	0.85401209983622	6	present_gold
26	26	ENSG00000164032	H2AZ1	H2AZ1:HGNC:4741	variant	male germ cell	96.73	0.0	1	present_gold
26	26	ENSG00000164032	H2AZ1	H2AZ1:HGNC:4741	variant	male germ line stem cell (sensu Vertebrata) in testis	97.18	0.0	1	present_gold
26	26	ENSG00000164032	H2AZ1	H2AZ1:HGNC:4741	variant	mammalian vulva	98.722	0.1824006578935484	5	present_gold
26	26	ENSG00000164032	H2AZ1	H2AZ1:HGNC:4741	variant	mammary duct	96.97	0.0	1	present_gold
26	26	ENSG00000164032	H2AZ1	H2AZ1:HGNC:4741	variant	mammary gland	97.51	0.0	1	present_gold
26	26	ENSG00000164032	H2AZ1	H2AZ1:HGNC:4741	variant	medial globus pallidus	95.23	0.8770974860299169	3	present_gold
26	26	ENSG00000164032	H2AZ1	H2AZ1:HGNC:4741	variant	medulla oblongata	95.47428571428571	0.7288771534092062	7	present_gold
26	26	ENSG00000164032	H2AZ1	H2AZ1:HGNC:4741	variant	metanephric glomerulus	94.19333333333331	5.136538231143617	9	present_gold
26	26	ENSG00000164032	H2AZ1	H2AZ1:HGNC:4741	variant	metanephros	99.375	0.3682843104631708	4	present_gold
26	26	ENSG00000164032	H2AZ1	H2AZ1:HGNC:4741	variant	metanephros cortex	98.415	0.7707463914933291	2	present_gold
26	26	ENSG00000164032	H2AZ1	H2AZ1:HGNC:4741	variant	midbrain	95.762	1.1900084033316716	5	present_gold
26	26	ENSG00000164032	H2AZ1	H2AZ1:HGNC:4741	variant	middle frontal gyrus	90.82	0.0	1	present_gold
26	26	ENSG00000164032	H2AZ1	H2AZ1:HGNC:4741	variant	middle temporal gyrus	97.426	1.6281523270259446	5	present_gold
26	26	ENSG00000164032	H2AZ1	H2AZ1:HGNC:4741	variant	minor salivary gland	98.37	0.2463962481676844	10	present_gold
26	26	ENSG00000164032	H2AZ1	H2AZ1:HGNC:4741	variant	monocyte	98.98	0.0	1	present_gold
26	26	ENSG00000164032	H2AZ1	H2AZ1:HGNC:4741	variant	mononuclear cell	98.695	0.3040559159102102	2	present_gold
26	26	ENSG00000164032	H2AZ1	H2AZ1:HGNC:4741	variant	mouth mucosa	98.4325	0.2851169350751816	4	present_gold
26	26	ENSG00000164032	H2AZ1	H2AZ1:HGNC:4741	variant	mucosa of paranasal sinus	97.84	0.0	1	present_gold
26	26	ENSG00000164032	H2AZ1	H2AZ1:HGNC:4741	variant	mucosa of sigmoid colon	99.02	0.0	1	present_gold
26	26	ENSG00000164032	H2AZ1	H2AZ1:HGNC:4741	variant	mucosa of stomach	98.5	0.0	1	present_gold
26	26	ENSG00000164032	H2AZ1	H2AZ1:HGNC:4741	variant	mucosa of transverse colon	99.13	0.0	1	present_gold
26	26	ENSG00000164032	H2AZ1	H2AZ1:HGNC:4741	variant	mucosa of urinary bladder	97.73	0.0	1	present_gold
26	26	ENSG00000164032	H2AZ1	H2AZ1:HGNC:4741	variant	muscle layer of sigmoid colon	98.9809090909091	0.1420179246049265	11	present_gold
26	26	ENSG00000164032	H2AZ1	H2AZ1:HGNC:4741	variant	muscle of leg	96.84	0.1555634918610396	2	present_gold
26	26	ENSG00000164032	H2AZ1	H2AZ1:HGNC:4741	variant	muscle organ	95.38	0.0	1	present_gold
26	26	ENSG00000164032	H2AZ1	H2AZ1:HGNC:4741	variant	muscle tissue	96.2	0.0	1	present_gold
26	26	ENSG00000164032	H2AZ1	H2AZ1:HGNC:4741	variant	myocardium	97.31375	1.1090142018928333	8	present_gold
26	26	ENSG00000164032	H2AZ1	H2AZ1:HGNC:4741	variant	myometrium	98.21090909090908	1.158140358898302	11	present_gold
26	26	ENSG00000164032	H2AZ1	H2AZ1:HGNC:4741	variant	nasal cavity epithelium	98.52571428571429	0.1336484371846706	7	present_gold
26	26	ENSG00000164032	H2AZ1	H2AZ1:HGNC:4741	variant	nasal cavity mucosa	98.87	0.0	1	present_gold
26	26	ENSG00000164032	H2AZ1	H2AZ1:HGNC:4741	variant	nasopharynx	99.12	0.0	1	present_gold
26	26	ENSG00000164032	H2AZ1	H2AZ1:HGNC:4741	variant	neocortex	99.13	0.0	1	present_gold
26	26	ENSG00000164032	H2AZ1	H2AZ1:HGNC:4741	variant	nephron tubule	97.00625	0.4049669298667689	8	present_gold
26	26	ENSG00000164032	H2AZ1	H2AZ1:HGNC:4741	variant	nerve	97.42	0.0	1	present_gold
26	26	ENSG00000164032	H2AZ1	H2AZ1:HGNC:4741	variant	nipple	97.56333333333332	1.2178806728630442	3	present_gold
26	26	ENSG00000164032	H2AZ1	H2AZ1:HGNC:4741	variant	nucleus accumbens	98.13642857142858	1.1568565308485887	14	present_gold
26	26	ENSG00000164032	H2AZ1	H2AZ1:HGNC:4741	variant	occipital lobe	97.00166666666668	1.3442383221239704	6	present_gold
26	26	ENSG00000164032	H2AZ1	H2AZ1:HGNC:4741	variant	olfactory bulb	93.61	0.0	1	present_gold
26	26	ENSG00000164032	H2AZ1	H2AZ1:HGNC:4741	variant	olfactory segment of nasal mucosa	98.76	0.0	1	present_gold
26	26	ENSG00000164032	H2AZ1	H2AZ1:HGNC:4741	variant	omental fat pad	97.96	0.1558204094462593	11	present_gold
26	26	ENSG00000164032	H2AZ1	H2AZ1:HGNC:4741	variant	oocyte	81.52	0.0	1	present_gold
26	26	ENSG00000164032	H2AZ1	H2AZ1:HGNC:4741	variant	oral cavity	99.095	0.1256582667395986	6	present_gold
26	26	ENSG00000164032	H2AZ1	H2AZ1:HGNC:4741	variant	orbitofrontal cortex	97.01	0.3913055072446599	6	present_gold
26	26	ENSG00000164032	H2AZ1	H2AZ1:HGNC:4741	variant	ovary	98.31727272727272	0.4338914820341824	11	present_gold
26	26	ENSG00000164032	H2AZ1	H2AZ1:HGNC:4741	variant	oviduct epithelium	94.07666666666668	2.292604050710312	3	present_gold
26	26	ENSG00000164032	H2AZ1	H2AZ1:HGNC:4741	variant	palpebral conjunctiva	99.44166666666666	0.1364429062526404	6	present_gold
26	26	ENSG00000164032	H2AZ1	H2AZ1:HGNC:4741	variant	pancreas	97.845	0.2474873734152876	2	present_gold
26	26	ENSG00000164032	H2AZ1	H2AZ1:HGNC:4741	variant	pancreatic ductal cell	84.61	0.0	1	present_gold
26	26	ENSG00000164032	H2AZ1	H2AZ1:HGNC:4741	variant	paraflocculus	91.1	2.2627416997969543	2	present_gold
26	26	ENSG00000164032	H2AZ1	H2AZ1:HGNC:4741	variant	parietal lobe	96.99666666666668	0.844716915106279	6	present_gold
26	26	ENSG00000164032	H2AZ1	H2AZ1:HGNC:4741	variant	parietal pleura	98.8675	0.090691785736085	4	present_gold
26	26	ENSG00000164032	H2AZ1	H2AZ1:HGNC:4741	variant	parotid gland	97.46125	0.6575156163273115	8	present_gold
26	26	ENSG00000164032	H2AZ1	H2AZ1:HGNC:4741	variant	penis	99.24	0.0	1	present_gold
26	26	ENSG00000164032	H2AZ1	H2AZ1:HGNC:4741	variant	pericardium	97.03	0.0	1	present_gold
26	26	ENSG00000164032	H2AZ1	H2AZ1:HGNC:4741	variant	periodontal ligament	97.59	0.0	1	present_gold
26	26	ENSG00000164032	H2AZ1	H2AZ1:HGNC:4741	variant	peritoneum	97.92	0.0	1	present_gold
26	26	ENSG00000164032	H2AZ1	H2AZ1:HGNC:4741	variant	pharyngeal mucosa	98.77666666666666	0.3412232895529421	3	present_gold
26	26	ENSG00000164032	H2AZ1	H2AZ1:HGNC:4741	variant	pigmented layer of retina	98.72	0.639218272579875	4	present_gold
26	26	ENSG00000164032	H2AZ1	H2AZ1:HGNC:4741	variant	pituitary gland	98.4723076923077	0.2846387724278457	13	present_gold
26	26	ENSG00000164032	H2AZ1	H2AZ1:HGNC:4741	variant	placenta	98.008	0.5879795914825614	5	present_gold
26	26	ENSG00000164032	H2AZ1	H2AZ1:HGNC:4741	variant	pleura	98.77	0.0	1	present_gold
26	26	ENSG00000164032	H2AZ1	H2AZ1:HGNC:4741	variant	pons	97.7	0.0	1	present_gold
26	26	ENSG00000164032	H2AZ1	H2AZ1:HGNC:4741	variant	popliteal artery	98.38	0.0	1	present_gold
26	26	ENSG00000164032	H2AZ1	H2AZ1:HGNC:4741	variant	postcentral gyrus	97.35733333333332	0.7329438359565246	15	present_gold
26	26	ENSG00000164032	H2AZ1	H2AZ1:HGNC:4741	variant	prefrontal cortex	97.592	1.2618663426316856	10	present_gold
26	26	ENSG00000164032	H2AZ1	H2AZ1:HGNC:4741	variant	primary visual cortex	97.86333333333332	1.0070129095498217	9	present_gold
26	26	ENSG00000164032	H2AZ1	H2AZ1:HGNC:4741	variant	primordial germ cell in gonad	97.85	0.0	1	present_gold
26	26	ENSG00000164032	H2AZ1	H2AZ1:HGNC:4741	variant	prostate gland	96.19333333333331	2.33518106112466	18	present_gold
26	26	ENSG00000164032	H2AZ1	H2AZ1:HGNC:4741	variant	putamen	97.9375	1.1619724609473323	16	present_gold
26	26	ENSG00000164032	H2AZ1	H2AZ1:HGNC:4741	variant	pylorus	98.87333333333332	0.4082074635933757	3	present_gold
26	26	ENSG00000164032	H2AZ1	H2AZ1:HGNC:4741	variant	quadriceps femoris	95.147	2.5205870243592923	20	present_gold
26	26	ENSG00000164032	H2AZ1	H2AZ1:HGNC:4741	variant	rectum	98.89	0.0	1	present_gold
26	26	ENSG00000164032	H2AZ1	H2AZ1:HGNC:4741	variant	renal glomerulus	96.4	0.0	1	present_gold
26	26	ENSG00000164032	H2AZ1	H2AZ1:HGNC:4741	variant	renal medulla	97.35666666666668	0.248260615751543	3	present_gold
26	26	ENSG00000164032	H2AZ1	H2AZ1:HGNC:4741	variant	retina	98.29	0.450333209967911	3	present_gold
26	26	ENSG00000164032	H2AZ1	H2AZ1:HGNC:4741	variant	right adrenal gland	97.684	0.4244172475288905	5	present_gold
26	26	ENSG00000164032	H2AZ1	H2AZ1:HGNC:4741	variant	right adrenal gland cortex	97.76333333333332	0.2107921567168329	3	present_gold
26	26	ENSG00000164032	H2AZ1	H2AZ1:HGNC:4741	variant	right atrium auricular region	97.50363636363636	0.1697216973325854	11	present_gold
26	26	ENSG00000164032	H2AZ1	H2AZ1:HGNC:4741	variant	right coronary artery	97.92	0.1979898987322341	2	present_gold
26	26	ENSG00000164032	H2AZ1	H2AZ1:HGNC:4741	variant	right frontal lobe	98.58666666666666	0.2354251473398716	9	present_gold
26	26	ENSG00000164032	H2AZ1	H2AZ1:HGNC:4741	variant	right hemisphere of cerebellum	98.57555555555555	0.1352877591572046	9	present_gold
26	26	ENSG00000164032	H2AZ1	H2AZ1:HGNC:4741	variant	right lobe of liver	95.47888888888887	1.3622173509066418	9	present_gold
26	26	ENSG00000164032	H2AZ1	H2AZ1:HGNC:4741	variant	right lobe of thyroid gland	97.23125	0.4606342676912244	8	present_gold
26	26	ENSG00000164032	H2AZ1	H2AZ1:HGNC:4741	variant	right lung	98.64	0.0848528137423889	2	present_gold
26	26	ENSG00000164032	H2AZ1	H2AZ1:HGNC:4741	variant	right ovary	98.604	0.2330879662273466	5	present_gold
26	26	ENSG00000164032	H2AZ1	H2AZ1:HGNC:4741	variant	right testis	99.126	0.1892881401461801	5	present_gold
26	26	ENSG00000164032	H2AZ1	H2AZ1:HGNC:4741	variant	right uterine tube	97.13	0.0	1	present_gold
26	26	ENSG00000164032	H2AZ1	H2AZ1:HGNC:4741	variant	saliva-secreting gland	98.116	0.1900789309734273	5	present_gold
26	26	ENSG00000164032	H2AZ1	H2AZ1:HGNC:4741	variant	saphenous vein	96.63666666666668	0.6994521665799128	3	present_gold
26	26	ENSG00000164032	H2AZ1	H2AZ1:HGNC:4741	variant	secondary oocyte	75.75	0.0	1	present_gold
26	26	ENSG00000164032	H2AZ1	H2AZ1:HGNC:4741	variant	seminal vesicle	98.41	0.0	1	present_gold
26	26	ENSG00000164032	H2AZ1	H2AZ1:HGNC:4741	variant	sigmoid colon	98.9425	0.0655108133567772	4	present_gold
26	26	ENSG00000164032	H2AZ1	H2AZ1:HGNC:4741	variant	skeletal muscle organ	96.795	0.0777817459305198	2	present_gold
26	26	ENSG00000164032	H2AZ1	H2AZ1:HGNC:4741	variant	skeletal muscle tissue	96.186875	0.8768786974262742	16	present_gold
26	26	ENSG00000164032	H2AZ1	H2AZ1:HGNC:4741	variant	skeletal muscle tissue of biceps brachii	97.05	0.2969848480983512	2	present_gold
26	26	ENSG00000164032	H2AZ1	H2AZ1:HGNC:4741	variant	skeletal muscle tissue of rectus abdominis	96.54	0.0848528137423788	2	present_gold
26	26	ENSG00000164032	H2AZ1	H2AZ1:HGNC:4741	variant	skin of abdomen	98.371	0.1401150321065594	10	present_gold
26	26	ENSG00000164032	H2AZ1	H2AZ1:HGNC:4741	variant	skin of hip	97.97	0.0	1	present_gold
26	26	ENSG00000164032	H2AZ1	H2AZ1:HGNC:4741	variant	skin of leg	98.19416666666666	0.2338786916849048	12	present_gold
26	26	ENSG00000164032	H2AZ1	H2AZ1:HGNC:4741	variant	small intestine	98.345	0.2333452377915594	2	present_gold
26	26	ENSG00000164032	H2AZ1	H2AZ1:HGNC:4741	variant	small intestine Peyer's patch	98.57090909090908	0.209067192330818	11	present_gold
26	26	ENSG00000164032	H2AZ1	H2AZ1:HGNC:4741	variant	smooth muscle tissue	98.545	0.9263098833543788	2	present_gold
26	26	ENSG00000164032	H2AZ1	H2AZ1:HGNC:4741	variant	sperm	97.83	0.0	1	present_gold
26	26	ENSG00000164032	H2AZ1	H2AZ1:HGNC:4741	variant	spinal cord	96.851	0.6566658206424327	10	present_gold
26	26	ENSG00000164032	H2AZ1	H2AZ1:HGNC:4741	variant	spleen	98.73666666666666	0.1130835036063127	12	present_gold
26	26	ENSG00000164032	H2AZ1	H2AZ1:HGNC:4741	variant	squamous epithelium	98.56	0.1997498435543815	3	present_gold
26	26	ENSG00000164032	H2AZ1	H2AZ1:HGNC:4741	variant	stomach	98.00083333333332	0.7521539776273239	12	present_gold
26	26	ENSG00000164032	H2AZ1	H2AZ1:HGNC:4741	variant	stromal cell of endometrium	98.84	0.0	1	present_gold
26	26	ENSG00000164032	H2AZ1	H2AZ1:HGNC:4741	variant	subcutaneous adipose tissue	97.49789473684211	0.9501378785755736	19	present_gold
26	26	ENSG00000164032	H2AZ1	H2AZ1:HGNC:4741	variant	substantia nigra	96.50826086956522	0.9200427469017306	23	present_gold
26	26	ENSG00000164032	H2AZ1	H2AZ1:HGNC:4741	variant	substantia nigra pars compacta	95.105	0.8697413408594563	2	present_gold
26	26	ENSG00000164032	H2AZ1	H2AZ1:HGNC:4741	variant	substantia nigra pars reticulata	94.17	1.1030865786510158	2	present_gold
26	26	ENSG00000164032	H2AZ1	H2AZ1:HGNC:4741	variant	subthalamic nucleus	94.5975	1.120787350800449	8	present_gold
26	26	ENSG00000164032	H2AZ1	H2AZ1:HGNC:4741	variant	superficial temporal artery	98.64	0.0	1	present_gold
26	26	ENSG00000164032	H2AZ1	H2AZ1:HGNC:4741	variant	superior frontal gyrus	97.6476	0.8753155621450667	25	present_gold
26	26	ENSG00000164032	H2AZ1	H2AZ1:HGNC:4741	variant	superior surface of tongue	98.27333333333333	0.4324735059322517	3	present_gold
26	26	ENSG00000164032	H2AZ1	H2AZ1:HGNC:4741	variant	superior vestibular nucleus	96.024	0.608711754445403	5	present_gold
26	26	ENSG00000164032	H2AZ1	H2AZ1:HGNC:4741	variant	sural nerve	78.85666666666667	8.136131349316662	3	present_gold
26	26	ENSG00000164032	H2AZ1	H2AZ1:HGNC:4741	variant	synovial joint	98.065	0.3606244584051328	2	present_gold
26	26	ENSG00000164032	H2AZ1	H2AZ1:HGNC:4741	variant	telencephalon	97.925	0.007071067811869	2	present_gold
26	26	ENSG00000164032	H2AZ1	H2AZ1:HGNC:4741	variant	temporal lobe	96.77	1.1390095948423151	8	present_gold
26	26	ENSG00000164032	H2AZ1	H2AZ1:HGNC:4741	variant	tendon	95.238	0.8289571762159959	5	present_gold
26	26	ENSG00000164032	H2AZ1	H2AZ1:HGNC:4741	variant	tendon of biceps brachii	95.55	0.0	1	present_gold
26	26	ENSG00000164032	H2AZ1	H2AZ1:HGNC:4741	variant	testis	98.53307692307692	0.6403434575208379	13	present_gold
26	26	ENSG00000164032	H2AZ1	H2AZ1:HGNC:4741	variant	thoracic aorta	98.4	0.0689927532426412	6	present_gold
26	26	ENSG00000164032	H2AZ1	H2AZ1:HGNC:4741	variant	thoracic mammary gland	97.446	0.5846830643299715	15	present_gold
26	26	ENSG00000164032	H2AZ1	H2AZ1:HGNC:4741	variant	thymus	99.5725	0.3493207694941755	4	present_gold
26	26	ENSG00000164032	H2AZ1	H2AZ1:HGNC:4741	variant	thyroid gland	97.54588235294118	0.3737321705367599	17	present_gold
26	26	ENSG00000164032	H2AZ1	H2AZ1:HGNC:4741	variant	tibia	98.54	0.0	1	present_gold
26	26	ENSG00000164032	H2AZ1	H2AZ1:HGNC:4741	variant	tibial artery	98.40454545454546	0.0993341468341718	11	present_gold
26	26	ENSG00000164032	H2AZ1	H2AZ1:HGNC:4741	variant	tibial nerve	96.1809090909091	4.075670385459191	11	present_gold
26	26	ENSG00000164032	H2AZ1	H2AZ1:HGNC:4741	variant	tibialis anterior	93.65	0.3111269837220793	2	present_gold
26	26	ENSG00000164032	H2AZ1	H2AZ1:HGNC:4741	variant	tongue	98.38	0.0	1	present_gold
26	26	ENSG00000164032	H2AZ1	H2AZ1:HGNC:4741	variant	tongue squamous epithelium	99.05	0.0	1	present_gold
26	26	ENSG00000164032	H2AZ1	H2AZ1:HGNC:4741	variant	tonsil	99.15333333333332	0.6741414292762803	6	present_gold
26	26	ENSG00000164032	H2AZ1	H2AZ1:HGNC:4741	variant	trabecular bone tissue	99.355	0.1506651917331965	4	present_gold
26	26	ENSG00000164032	H2AZ1	H2AZ1:HGNC:4741	variant	trachea	97.72333333333331	0.4473626418615343	3	present_gold
26	26	ENSG00000164032	H2AZ1	H2AZ1:HGNC:4741	variant	transverse colon	98.688	0.1505397695701111	10	present_gold
26	26	ENSG00000164032	H2AZ1	H2AZ1:HGNC:4741	variant	triceps brachii	95.655	0.473761543394988	2	present_gold
26	26	ENSG00000164032	H2AZ1	H2AZ1:HGNC:4741	variant	trigeminal ganglion	96.02666666666666	0.8376315817032407	6	present_gold
26	26	ENSG00000164032	H2AZ1	H2AZ1:HGNC:4741	variant	type B pancreatic cell	97.42	0.0	1	present_gold
26	26	ENSG00000164032	H2AZ1	H2AZ1:HGNC:4741	variant	upper arm skin	97.94	0.1199999999999974	4	present_gold
26	26	ENSG00000164032	H2AZ1	H2AZ1:HGNC:4741	variant	upper leg skin	98.3	0.0	1	present_gold
26	26	ENSG00000164032	H2AZ1	H2AZ1:HGNC:4741	variant	upper lobe of left lung	98.3925	0.2328549517863589	8	present_gold
26	26	ENSG00000164032	H2AZ1	H2AZ1:HGNC:4741	variant	upper lobe of lung	97.7325	1.0644051546912654	4	present_gold
26	26	ENSG00000164032	H2AZ1	H2AZ1:HGNC:4741	variant	urethra	97.58333333333331	0.4318950489798802	3	present_gold
26	26	ENSG00000164032	H2AZ1	H2AZ1:HGNC:4741	variant	urinary bladder	98.7425	0.3719350941840693	8	present_gold
26	26	ENSG00000164032	H2AZ1	H2AZ1:HGNC:4741	variant	uterine cervix	98.064	0.4985779778530133	5	present_gold
26	26	ENSG00000164032	H2AZ1	H2AZ1:HGNC:4741	variant	uterus	98.58	0.0707106781186507	2	present_gold
26	26	ENSG00000164032	H2AZ1	H2AZ1:HGNC:4741	variant	vagina	95.50333333333332	2.500270288419137	12	present_gold
26	26	ENSG00000164032	H2AZ1	H2AZ1:HGNC:4741	variant	vastus lateralis	96.09478260869564	1.0059679624630085	23	present_gold
26	26	ENSG00000164032	H2AZ1	H2AZ1:HGNC:4741	variant	vena cava	97.73	0.0	1	present_gold
26	26	ENSG00000164032	H2AZ1	H2AZ1:HGNC:4741	variant	ventral tegmental area	95.11666666666667	2.599658951990948	6	present_gold
26	26	ENSG00000164032	H2AZ1	H2AZ1:HGNC:4741	variant	ventricular zone	99.66	0.0707106781186507	2	present_gold
26	26	ENSG00000164032	H2AZ1	H2AZ1:HGNC:4741	variant	vermiform appendix	99.1225	0.0793200268952716	4	present_gold
26	26	ENSG00000164032	H2AZ1	H2AZ1:HGNC:4741	variant	visceral pleura	99.055	0.18592113023179	4	present_gold
26	26	ENSG00000164032	H2AZ1	H2AZ1:HGNC:4741	variant	zone of skin	98.30571428571427	0.1811805001272878	14	present_gold
27	27	ENSG00000105968	H2AZ2	H2AZ2:HGNC:20664	variant	Ammon's horn	96.64833333333333	0.5796450688111662	24	present_gold
27	27	ENSG00000105968	H2AZ2	H2AZ2:HGNC:20664	variant	Brodmann (1909) area 10	93.72	0.0	1	present_gold
27	27	ENSG00000105968	H2AZ2	H2AZ2:HGNC:20664	variant	Brodmann (1909) area 23	96.77166666666666	1.079470549235444	6	present_gold
27	27	ENSG00000105968	H2AZ2	H2AZ2:HGNC:20664	variant	Brodmann (1909) area 46	97.378	0.7180320327116357	5	present_gold
27	27	ENSG00000105968	H2AZ2	H2AZ2:HGNC:20664	variant	Brodmann (1909) area 9	96.495	0.8478371174805786	10	present_gold
27	27	ENSG00000105968	H2AZ2	H2AZ2:HGNC:20664	variant	C1 segment of cervical spinal cord	97.00777777777778	0.5263976105991024	9	present_gold
27	27	ENSG00000105968	H2AZ2	H2AZ2:HGNC:20664	variant	CA1 field of hippocampus	96.4175	0.3200390601161028	4	present_gold
27	27	ENSG00000105968	H2AZ2	H2AZ2:HGNC:20664	variant	adenohypophysis	95.24333333333334	0.9460373495093471	6	present_gold
27	27	ENSG00000105968	H2AZ2	H2AZ2:HGNC:20664	variant	adipose tissue	96.25705882352942	0.9896007067618372	17	present_gold
27	27	ENSG00000105968	H2AZ2	H2AZ2:HGNC:20664	variant	adipose tissue of abdominal region	95.185	1.3864883699476147	6	present_gold
27	27	ENSG00000105968	H2AZ2	H2AZ2:HGNC:20664	variant	adrenal cortex	95.35666666666668	0.8649470118645007	3	present_gold
27	27	ENSG00000105968	H2AZ2	H2AZ2:HGNC:20664	variant	adrenal gland	96.545	0.2763451947594961	4	present_gold
27	27	ENSG00000105968	H2AZ2	H2AZ2:HGNC:20664	variant	adrenal tissue	96.48666666666666	0.7603507962337787	3	present_gold
27	27	ENSG00000105968	H2AZ2	H2AZ2:HGNC:20664	variant	adult mammalian kidney	94.76866666666666	2.2456811460053294	15	present_gold
27	27	ENSG00000105968	H2AZ2	H2AZ2:HGNC:20664	variant	adult organism	96.51	0.0	1	present_gold
27	27	ENSG00000105968	H2AZ2	H2AZ2:HGNC:20664	variant	amniotic fluid	92.74	1.2727922061357837	2	present_gold
27	27	ENSG00000105968	H2AZ2	H2AZ2:HGNC:20664	variant	amygdala	96.72923076923075	1.070058110092326	13	present_gold
27	27	ENSG00000105968	H2AZ2	H2AZ2:HGNC:20664	variant	anterior cingulate cortex	96.34	0.6406246951218804	11	present_gold
27	27	ENSG00000105968	H2AZ2	H2AZ2:HGNC:20664	variant	aorta	96.63	0.009999999999998	3	present_gold
27	27	ENSG00000105968	H2AZ2	H2AZ2:HGNC:20664	variant	apex of heart	96.73	0.0	1	present_gold
27	27	ENSG00000105968	H2AZ2	H2AZ2:HGNC:20664	variant	ascending aorta	96.535	0.227608338062459	10	present_gold
27	27	ENSG00000105968	H2AZ2	H2AZ2:HGNC:20664	variant	biceps brachii	96.44	0.2963950067055808	5	present_gold
27	27	ENSG00000105968	H2AZ2	H2AZ2:HGNC:20664	variant	blood	92.70025641025642	2.77549188355533	39	present_gold
27	27	ENSG00000105968	H2AZ2	H2AZ2:HGNC:20664	variant	blood vessel layer	98.21	0.0	1	present_gold
27	27	ENSG00000105968	H2AZ2	H2AZ2:HGNC:20664	variant	body of pancreas	95.983	0.2809527441482723	10	present_gold
27	27	ENSG00000105968	H2AZ2	H2AZ2:HGNC:20664	variant	body of stomach	96.63909090909092	0.3479498396451577	11	present_gold
27	27	ENSG00000105968	H2AZ2	H2AZ2:HGNC:20664	variant	body of tongue	91.56333333333332	1.5786175386499868	3	present_gold
27	27	ENSG00000105968	H2AZ2	H2AZ2:HGNC:20664	variant	body of uterus	96.244	0.429976743557137	5	present_gold
27	27	ENSG00000105968	H2AZ2	H2AZ2:HGNC:20664	variant	bone marrow	94.06714285714284	1.3374627446798633	14	present_gold
27	27	ENSG00000105968	H2AZ2	H2AZ2:HGNC:20664	variant	bone marrow cell	92.92333333333332	1.947004536889081	6	present_gold
27	27	ENSG00000105968	H2AZ2	H2AZ2:HGNC:20664	variant	brain	96.12958333333334	1.9974885953130743	24	present_gold
27	27	ENSG00000105968	H2AZ2	H2AZ2:HGNC:20664	variant	bronchial epithelial cell	93.45952380952382	1.148130986388208	21	present_gold
27	27	ENSG00000105968	H2AZ2	H2AZ2:HGNC:20664	variant	bronchus	92.255	0.1060660171779761	2	present_gold
27	27	ENSG00000105968	H2AZ2	H2AZ2:HGNC:20664	variant	buccal mucosa cell	0.0	0.0	0	observed_zero
27	27	ENSG00000105968	H2AZ2	H2AZ2:HGNC:20664	variant	caecum	95.06333333333332	0.2995552258488125	3	present_gold
27	27	ENSG00000105968	H2AZ2	H2AZ2:HGNC:20664	variant	calcaneal tendon	97.56	0.2105943968865307	5	present_gold
27	27	ENSG00000105968	H2AZ2	H2AZ2:HGNC:20664	variant	caput epididymis	93.40666666666668	2.961694334892332	3	present_gold
27	27	ENSG00000105968	H2AZ2	H2AZ2:HGNC:20664	variant	cardia of stomach	93.24	2.7762744821072656	3	present_gold
27	27	ENSG00000105968	H2AZ2	H2AZ2:HGNC:20664	variant	cardiac atrium	97.28666666666668	0.1474222959166401	3	present_gold
27	27	ENSG00000105968	H2AZ2	H2AZ2:HGNC:20664	variant	cardiac muscle of right atrium	96.1925	0.3901190294549329	8	present_gold
27	27	ENSG00000105968	H2AZ2	H2AZ2:HGNC:20664	variant	cardiac ventricle	97.65	0.1417744687875781	3	present_gold
27	27	ENSG00000105968	H2AZ2	H2AZ2:HGNC:20664	variant	cartilage tissue	89.4	0.0	1	present_gold
27	27	ENSG00000105968	H2AZ2	H2AZ2:HGNC:20664	variant	cauda epididymis	93.59333333333332	1.1369403385109254	3	present_gold
27	27	ENSG00000105968	H2AZ2	H2AZ2:HGNC:20664	variant	caudate nucleus	97.08631578947367	0.7119941520227682	19	present_gold
27	27	ENSG00000105968	H2AZ2	H2AZ2:HGNC:20664	variant	central nervous system	96.6	0.0	1	present_gold
27	27	ENSG00000105968	H2AZ2	H2AZ2:HGNC:20664	variant	cerebellar cortex	97.185	0.0494974746830535	2	present_gold
27	27	ENSG00000105968	H2AZ2	H2AZ2:HGNC:20664	variant	cerebellar hemisphere	97.3409090909091	0.2626958144110602	11	present_gold
27	27	ENSG00000105968	H2AZ2	H2AZ2:HGNC:20664	variant	cerebellar vermis	89.14333333333333	1.82226050095296	3	present_gold
27	27	ENSG00000105968	H2AZ2	H2AZ2:HGNC:20664	variant	cerebellum	97.36117647058823	0.7039432004158878	17	present_gold
27	27	ENSG00000105968	H2AZ2	H2AZ2:HGNC:20664	variant	cerebral cortex	96.916	0.801224063542779	10	present_gold
27	27	ENSG00000105968	H2AZ2	H2AZ2:HGNC:20664	variant	cervix epithelium	77.332	3.874928386435033	5	present_gold
27	27	ENSG00000105968	H2AZ2	H2AZ2:HGNC:20664	variant	cervix squamous epithelium	87.83	0.0	1	present_gold
27	27	ENSG00000105968	H2AZ2	H2AZ2:HGNC:20664	variant	choroid plexus epithelium	95.43	0.0	1	present_gold
27	27	ENSG00000105968	H2AZ2	H2AZ2:HGNC:20664	variant	cingulate cortex	86.92	0.0	1	present_gold
27	27	ENSG00000105968	H2AZ2	H2AZ2:HGNC:20664	variant	cochlea	57.32	0.0	1	present_gold
27	27	ENSG00000105968	H2AZ2	H2AZ2:HGNC:20664	variant	colon	96.73777777777778	1.1928983762029817	18	present_gold
27	27	ENSG00000105968	H2AZ2	H2AZ2:HGNC:20664	variant	colonic epithelium	97.77	0.0	1	present_gold
27	27	ENSG00000105968	H2AZ2	H2AZ2:HGNC:20664	variant	colonic mucosa	93.30833333333334	2.0193109385794608	6	present_gold
27	27	ENSG00000105968	H2AZ2	H2AZ2:HGNC:20664	variant	connective tissue	95.7	0.0	1	present_gold
27	27	ENSG00000105968	H2AZ2	H2AZ2:HGNC:20664	variant	coronary artery	96.12	0.8202438661763928	2	present_gold
27	27	ENSG00000105968	H2AZ2	H2AZ2:HGNC:20664	variant	corpus callosum	96.70166666666668	0.5171923034886337	12	present_gold
27	27	ENSG00000105968	H2AZ2	H2AZ2:HGNC:20664	variant	corpus epididymis	90.68666666666668	1.298319426540842	3	present_gold
27	27	ENSG00000105968	H2AZ2	H2AZ2:HGNC:20664	variant	cortex of kidney	96.016	0.5239561050317131	5	present_gold
27	27	ENSG00000105968	H2AZ2	H2AZ2:HGNC:20664	variant	cortical plate	96.905	1.0818733752154186	2	present_gold
27	27	ENSG00000105968	H2AZ2	H2AZ2:HGNC:20664	variant	cranial nerve II	98.78	0.0	1	present_gold
27	27	ENSG00000105968	H2AZ2	H2AZ2:HGNC:20664	variant	decidua	89.295	0.0494974746830535	2	present_gold
27	27	ENSG00000105968	H2AZ2	H2AZ2:HGNC:20664	variant	deltoid	91.71625	2.740093520301816	8	present_gold
27	27	ENSG00000105968	H2AZ2	H2AZ2:HGNC:20664	variant	descending thoracic aorta	96.78000000000002	0.1824828759089535	3	present_gold
27	27	ENSG00000105968	H2AZ2	H2AZ2:HGNC:20664	variant	diaphragm	94.87	0.0	1	present_gold
27	27	ENSG00000105968	H2AZ2	H2AZ2:HGNC:20664	variant	dorsal motor nucleus of vagus nerve	96.795	1.1101576464628748	2	present_gold
27	27	ENSG00000105968	H2AZ2	H2AZ2:HGNC:20664	variant	dorsal plus ventral thalamus	94.92142857142858	4.657289728913975	7	present_gold
27	27	ENSG00000105968	H2AZ2	H2AZ2:HGNC:20664	variant	dorsal root ganglion	94.79142857142855	0.8089175601058651	7	present_gold
27	27	ENSG00000105968	H2AZ2	H2AZ2:HGNC:20664	variant	dorsolateral prefrontal cortex	96.8725	0.4504225069671903	24	present_gold
27	27	ENSG00000105968	H2AZ2	H2AZ2:HGNC:20664	variant	duodenum	92.1775	6.837481870786445	4	present_gold
27	27	ENSG00000105968	H2AZ2	H2AZ2:HGNC:20664	variant	ectocervix	95.65	1.212332462652053	5	present_gold
27	27	ENSG00000105968	H2AZ2	H2AZ2:HGNC:20664	variant	embryo	94.36428571428571	1.4615272507763586	7	present_gold
27	27	ENSG00000105968	H2AZ2	H2AZ2:HGNC:20664	variant	endocervix	96.16333333333334	0.6929165413910467	3	present_gold
27	27	ENSG00000105968	H2AZ2	H2AZ2:HGNC:20664	variant	endometrium	92.220625	2.718314352069433	16	present_gold
27	27	ENSG00000105968	H2AZ2	H2AZ2:HGNC:20664	variant	endometrium epithelium	98.8	0.0	1	present_gold
27	27	ENSG00000105968	H2AZ2	H2AZ2:HGNC:20664	variant	endothelial cell	97.75	0.0	1	present_gold
27	27	ENSG00000105968	H2AZ2	H2AZ2:HGNC:20664	variant	entorhinal cortex	95.12714285714286	3.806447350032761	21	present_gold
27	27	ENSG00000105968	H2AZ2	H2AZ2:HGNC:20664	variant	epithelial cell of pancreas	87.16	0.0	1	present_gold
27	27	ENSG00000105968	H2AZ2	H2AZ2:HGNC:20664	variant	epithelium of bronchus	91.83142857142856	1.447511695942422	14	present_gold
27	27	ENSG00000105968	H2AZ2	H2AZ2:HGNC:20664	variant	epithelium of esophagus	83.56	0.0	1	present_gold
27	27	ENSG00000105968	H2AZ2	H2AZ2:HGNC:20664	variant	epithelium of mammary gland	95.95285714285714	1.042140654066014	7	present_gold
27	27	ENSG00000105968	H2AZ2	H2AZ2:HGNC:20664	variant	epithelium of nasopharynx	91.02	0.0	1	present_gold
27	27	ENSG00000105968	H2AZ2	H2AZ2:HGNC:20664	variant	esophagogastric junction muscularis propria	97.19272727272728	0.281676797379225	11	present_gold
27	27	ENSG00000105968	H2AZ2	H2AZ2:HGNC:20664	variant	esophagus	96.56142857142856	0.1934277273667991	7	present_gold
27	27	ENSG00000105968	H2AZ2	H2AZ2:HGNC:20664	variant	esophagus mucosa	96.08363636363636	0.2332926371436837	11	present_gold
27	27	ENSG00000105968	H2AZ2	H2AZ2:HGNC:20664	variant	esophagus squamous epithelium	83.76	0.0	1	present_gold
27	27	ENSG00000105968	H2AZ2	H2AZ2:HGNC:20664	variant	eye	95.27666666666669	3.668914462526119	3	present_gold
27	27	ENSG00000105968	H2AZ2	H2AZ2:HGNC:20664	variant	fallopian tube	89.86	0.1131370849898451	2	present_gold
27	27	ENSG00000105968	H2AZ2	H2AZ2:HGNC:20664	variant	female reproductive system	94.49	0.0	1	present_gold
27	27	ENSG00000105968	H2AZ2	H2AZ2:HGNC:20664	variant	forebrain	97.625	0.9828784258492914	2	present_gold
27	27	ENSG00000105968	H2AZ2	H2AZ2:HGNC:20664	variant	frontal cortex	96.39	0.5283710817219279	26	present_gold
27	27	ENSG00000105968	H2AZ2	H2AZ2:HGNC:20664	variant	frontal lobe	96.3	0.0	1	present_gold
27	27	ENSG00000105968	H2AZ2	H2AZ2:HGNC:20664	variant	frontal pole	93.775	0.0212132034355972	2	present_gold
27	27	ENSG00000105968	H2AZ2	H2AZ2:HGNC:20664	variant	fundus of stomach	96.01857142857143	1.149411857885423	7	present_gold
27	27	ENSG00000105968	H2AZ2	H2AZ2:HGNC:20664	variant	gall bladder	96.4	0.0	1	present_gold
27	27	ENSG00000105968	H2AZ2	H2AZ2:HGNC:20664	variant	ganglionic eminence	99.275	0.0494974746830635	2	present_gold
27	27	ENSG00000105968	H2AZ2	H2AZ2:HGNC:20664	variant	gastrocnemius	96.9923076923077	0.1890834844785854	13	present_gold
27	27	ENSG00000105968	H2AZ2	H2AZ2:HGNC:20664	variant	germinal epithelium of ovary	95.32	0.0	1	present_gold
27	27	ENSG00000105968	H2AZ2	H2AZ2:HGNC:20664	variant	gingiva	87.175	1.039446968344224	2	present_gold
27	27	ENSG00000105968	H2AZ2	H2AZ2:HGNC:20664	variant	gingival epithelium	83.12	0.0	1	present_gold
27	27	ENSG00000105968	H2AZ2	H2AZ2:HGNC:20664	variant	globus pallidus	95.22	0.0	1	present_gold
27	27	ENSG00000105968	H2AZ2	H2AZ2:HGNC:20664	variant	gluteal muscle	96.82	0.0	1	present_gold
27	27	ENSG00000105968	H2AZ2	H2AZ2:HGNC:20664	variant	granulocyte	96.87	0.0	1	present_gold
27	27	ENSG00000105968	H2AZ2	H2AZ2:HGNC:20664	variant	hair follicle	87.695	4.914392129246507	2	present_gold
27	27	ENSG00000105968	H2AZ2	H2AZ2:HGNC:20664	variant	heart	97.665625	0.6307135509352365	16	present_gold
27	27	ENSG00000105968	H2AZ2	H2AZ2:HGNC:20664	variant	heart left ventricle	97.52	0.2315437323703676	17	present_gold
27	27	ENSG00000105968	H2AZ2	H2AZ2:HGNC:20664	variant	heart right ventricle	97.85166666666667	0.1493206839880763	6	present_gold
27	27	ENSG00000105968	H2AZ2	H2AZ2:HGNC:20664	variant	hindlimb stylopod muscle	96.42	0.0424264068711944	2	present_gold
27	27	ENSG00000105968	H2AZ2	H2AZ2:HGNC:20664	variant	hypothalamus	96.380625	1.6178976842392296	16	present_gold
27	27	ENSG00000105968	H2AZ2	H2AZ2:HGNC:20664	variant	ileal mucosa	92.84	0.0	1	present_gold
27	27	ENSG00000105968	H2AZ2	H2AZ2:HGNC:20664	variant	inferior olivary complex	96.50666666666666	0.3219213154379988	3	present_gold
27	27	ENSG00000105968	H2AZ2	H2AZ2:HGNC:20664	variant	inferior vagus X ganglion	96.72333333333334	0.6429204201661858	6	present_gold
27	27	ENSG00000105968	H2AZ2	H2AZ2:HGNC:20664	variant	intestine	97.65	0.7566152699137553	4	present_gold
27	27	ENSG00000105968	H2AZ2	H2AZ2:HGNC:20664	variant	islet of Langerhans	94.55642857142855	6.378567004662336	14	present_gold
27	27	ENSG00000105968	H2AZ2	H2AZ2:HGNC:20664	variant	jejunal mucosa	95.09	0.0	1	present_gold
27	27	ENSG00000105968	H2AZ2	H2AZ2:HGNC:20664	variant	jejunum	96.08	1.230365799264599	2	present_gold
27	27	ENSG00000105968	H2AZ2	H2AZ2:HGNC:20664	variant	kidney	96.60333333333334	1.2307829486415034	6	present_gold
27	27	ENSG00000105968	H2AZ2	H2AZ2:HGNC:20664	variant	kidney epithelium	93.22	0.0	1	present_gold
27	27	ENSG00000105968	H2AZ2	H2AZ2:HGNC:20664	variant	large intestine	97.045	0.0494974746830535	2	present_gold
27	27	ENSG00000105968	H2AZ2	H2AZ2:HGNC:20664	variant	lateral globus pallidus	96.825	0.289913780286482	2	present_gold
27	27	ENSG00000105968	H2AZ2	H2AZ2:HGNC:20664	variant	lateral nuclear group of thalamus	95.805	0.8555992052357181	2	present_gold
27	27	ENSG00000105968	H2AZ2	H2AZ2:HGNC:20664	variant	layer of synovial tissue	90.47111111111111	2.9506543530395266	9	present_gold
27	27	ENSG00000105968	H2AZ2	H2AZ2:HGNC:20664	variant	left adrenal gland	96.46125	0.1305414548278482	8	present_gold
27	27	ENSG00000105968	H2AZ2	H2AZ2:HGNC:20664	variant	left adrenal gland cortex	96.48875	0.3879778160079339	8	present_gold
27	27	ENSG00000105968	H2AZ2	H2AZ2:HGNC:20664	variant	left coronary artery	96.44444444444444	0.4082925149666329	9	present_gold
27	27	ENSG00000105968	H2AZ2	H2AZ2:HGNC:20664	variant	left lobe of thyroid gland	95.84545454545454	0.3647290401479863	11	present_gold
27	27	ENSG00000105968	H2AZ2	H2AZ2:HGNC:20664	variant	left ovary	95.46	0.2633438816452728	5	present_gold
27	27	ENSG00000105968	H2AZ2	H2AZ2:HGNC:20664	variant	left testis	97.26666666666668	0.1574378184130705	6	present_gold
27	27	ENSG00000105968	H2AZ2	H2AZ2:HGNC:20664	variant	left uterine tube	96.045	0.0353553390593253	2	present_gold
27	27	ENSG00000105968	H2AZ2	H2AZ2:HGNC:20664	variant	left ventricle myocardium	96.565	0.500233278914286	4	present_gold
27	27	ENSG00000105968	H2AZ2	H2AZ2:HGNC:20664	variant	leukocyte	98.13	0.0	1	present_gold
27	27	ENSG00000105968	H2AZ2	H2AZ2:HGNC:20664	variant	liver	94.34	2.1571256127288696	23	present_gold
27	27	ENSG00000105968	H2AZ2	H2AZ2:HGNC:20664	variant	lower esophagus	97.08	0.2262741699796903	2	present_gold
27	27	ENSG00000105968	H2AZ2	H2AZ2:HGNC:20664	variant	lower esophagus mucosa	95.57	0.0	1	present_gold
27	27	ENSG00000105968	H2AZ2	H2AZ2:HGNC:20664	variant	lower esophagus muscularis layer	97.22636363636364	0.186186612154189	11	present_gold
27	27	ENSG00000105968	H2AZ2	H2AZ2:HGNC:20664	variant	lower lobe of lung	93.305	1.460430464916814	8	present_gold
27	27	ENSG00000105968	H2AZ2	H2AZ2:HGNC:20664	variant	lung	94.42571428571428	3.391434167765269	21	present_gold
27	27	ENSG00000105968	H2AZ2	H2AZ2:HGNC:20664	variant	lymph node	94.67	2.347449679971862	6	present_gold
27	27	ENSG00000105968	H2AZ2	H2AZ2:HGNC:20664	variant	male germ cell	0.0	0.0	0	observed_zero
27	27	ENSG00000105968	H2AZ2	H2AZ2:HGNC:20664	variant	male germ line stem cell (sensu Vertebrata) in testis	88.01	0.0	1	present_gold
27	27	ENSG00000105968	H2AZ2	H2AZ2:HGNC:20664	variant	mammalian vulva	92.948	1.2343500313930424	5	present_gold
27	27	ENSG00000105968	H2AZ2	H2AZ2:HGNC:20664	variant	mammary duct	94.41	0.0	1	present_gold
27	27	ENSG00000105968	H2AZ2	H2AZ2:HGNC:20664	variant	mammary gland	95.21333333333332	0.0907377172587777	3	present_gold
27	27	ENSG00000105968	H2AZ2	H2AZ2:HGNC:20664	variant	medial globus pallidus	94.46333333333332	0.9602256679204804	3	present_gold
27	27	ENSG00000105968	H2AZ2	H2AZ2:HGNC:20664	variant	medulla oblongata	96.73	0.4908360214980155	6	present_gold
27	27	ENSG00000105968	H2AZ2	H2AZ2:HGNC:20664	variant	metanephric glomerulus	95.92	1.5839191898578655	9	present_gold
27	27	ENSG00000105968	H2AZ2	H2AZ2:HGNC:20664	variant	metanephros	96.45	0.4977951385861434	4	present_gold
27	27	ENSG00000105968	H2AZ2	H2AZ2:HGNC:20664	variant	metanephros cortex	95.13	0.8626702730475871	2	present_gold
27	27	ENSG00000105968	H2AZ2	H2AZ2:HGNC:20664	variant	midbrain	96.432	0.6194110105576083	5	present_gold
27	27	ENSG00000105968	H2AZ2	H2AZ2:HGNC:20664	variant	middle frontal gyrus	92.39	0.0	1	present_gold
27	27	ENSG00000105968	H2AZ2	H2AZ2:HGNC:20664	variant	middle temporal gyrus	91.034	5.404995837186188	5	present_gold
27	27	ENSG00000105968	H2AZ2	H2AZ2:HGNC:20664	variant	minor salivary gland	95.714	0.376982168750136	10	present_gold
27	27	ENSG00000105968	H2AZ2	H2AZ2:HGNC:20664	variant	monocyte	96.87	0.0	1	present_gold
27	27	ENSG00000105968	H2AZ2	H2AZ2:HGNC:20664	variant	mononuclear cell	93.875	4.009295449327715	2	present_gold
27	27	ENSG00000105968	H2AZ2	H2AZ2:HGNC:20664	variant	mouth mucosa	93.9775	0.6703916765593078	4	present_gold
27	27	ENSG00000105968	H2AZ2	H2AZ2:HGNC:20664	variant	mucosa of paranasal sinus	95.85	0.0	1	present_gold
27	27	ENSG00000105968	H2AZ2	H2AZ2:HGNC:20664	variant	mucosa of sigmoid colon	94.99	0.0	1	present_gold
27	27	ENSG00000105968	H2AZ2	H2AZ2:HGNC:20664	variant	mucosa of stomach	96.72	0.0	1	present_gold
27	27	ENSG00000105968	H2AZ2	H2AZ2:HGNC:20664	variant	mucosa of transverse colon	97.84	0.0	1	present_gold
27	27	ENSG00000105968	H2AZ2	H2AZ2:HGNC:20664	variant	mucosa of urinary bladder	88.63	0.0	1	present_gold
27	27	ENSG00000105968	H2AZ2	H2AZ2:HGNC:20664	variant	muscle layer of sigmoid colon	97.4909090909091	0.2548903507571269	11	present_gold
27	27	ENSG00000105968	H2AZ2	H2AZ2:HGNC:20664	variant	muscle of leg	96.89	0.0424264068711944	2	present_gold
27	27	ENSG00000105968	H2AZ2	H2AZ2:HGNC:20664	variant	muscle organ	93.51	0.0	1	present_gold
27	27	ENSG00000105968	H2AZ2	H2AZ2:HGNC:20664	variant	muscle tissue	95.14	0.0	1	present_gold
27	27	ENSG00000105968	H2AZ2	H2AZ2:HGNC:20664	variant	myocardium	96.62	0.3269556544854363	9	present_gold
27	27	ENSG00000105968	H2AZ2	H2AZ2:HGNC:20664	variant	myometrium	95.10636363636364	1.9428858573126344	11	present_gold
27	27	ENSG00000105968	H2AZ2	H2AZ2:HGNC:20664	variant	nasal cavity epithelium	85.94857142857143	2.670832757595959	7	present_gold
27	27	ENSG00000105968	H2AZ2	H2AZ2:HGNC:20664	variant	nasal cavity mucosa	94.57	0.0	1	present_gold
27	27	ENSG00000105968	H2AZ2	H2AZ2:HGNC:20664	variant	nasopharynx	91.0	0.0	1	present_gold
27	27	ENSG00000105968	H2AZ2	H2AZ2:HGNC:20664	variant	neocortex	97.18	0.0	1	present_gold
27	27	ENSG00000105968	H2AZ2	H2AZ2:HGNC:20664	variant	nephron tubule	94.27625	0.7046972500909257	8	present_gold
27	27	ENSG00000105968	H2AZ2	H2AZ2:HGNC:20664	variant	nerve	96.21	0.0	1	present_gold
27	27	ENSG00000105968	H2AZ2	H2AZ2:HGNC:20664	variant	nipple	91.88666666666666	1.2915236479961691	3	present_gold
27	27	ENSG00000105968	H2AZ2	H2AZ2:HGNC:20664	variant	nucleus accumbens	96.60928571428572	0.6252564309110321	14	present_gold
27	27	ENSG00000105968	H2AZ2	H2AZ2:HGNC:20664	variant	occipital lobe	96.01333333333334	1.770239155217921	6	present_gold
27	27	ENSG00000105968	H2AZ2	H2AZ2:HGNC:20664	variant	olfactory bulb	88.33	0.0	1	present_gold
27	27	ENSG00000105968	H2AZ2	H2AZ2:HGNC:20664	variant	olfactory segment of nasal mucosa	96.21	0.0	1	present_gold
27	27	ENSG00000105968	H2AZ2	H2AZ2:HGNC:20664	variant	omental fat pad	95.55909090909093	0.2600943884613637	11	present_gold
27	27	ENSG00000105968	H2AZ2	H2AZ2:HGNC:20664	variant	oocyte	0.0	0.0	0	observed_zero
27	27	ENSG00000105968	H2AZ2	H2AZ2:HGNC:20664	variant	oral cavity	92.06	0.9022416527737992	6	present_gold
27	27	ENSG00000105968	H2AZ2	H2AZ2:HGNC:20664	variant	orbitofrontal cortex	95.47333333333334	0.738286303995047	6	present_gold
27	27	ENSG00000105968	H2AZ2	H2AZ2:HGNC:20664	variant	ovary	95.04636363636364	1.4375692868677508	11	present_gold
27	27	ENSG00000105968	H2AZ2	H2AZ2:HGNC:20664	variant	oviduct epithelium	82.41333333333334	3.249143476877152	3	present_gold
27	27	ENSG00000105968	H2AZ2	H2AZ2:HGNC:20664	variant	palpebral conjunctiva	89.71833333333332	0.5890472533393801	6	present_gold
27	27	ENSG00000105968	H2AZ2	H2AZ2:HGNC:20664	variant	pancreas	96.03	0.1414213562373014	2	present_gold
27	27	ENSG00000105968	H2AZ2	H2AZ2:HGNC:20664	variant	pancreatic ductal cell	0.0	0.0	0	observed_zero
27	27	ENSG00000105968	H2AZ2	H2AZ2:HGNC:20664	variant	paraflocculus	96.825	1.1101576464628748	2	present_gold
27	27	ENSG00000105968	H2AZ2	H2AZ2:HGNC:20664	variant	parietal lobe	96.555	0.750806233325217	6	present_gold
27	27	ENSG00000105968	H2AZ2	H2AZ2:HGNC:20664	variant	parietal pleura	95.715	0.5680668974689501	4	present_gold
27	27	ENSG00000105968	H2AZ2	H2AZ2:HGNC:20664	variant	parotid gland	96.13	1.0516110090169817	8	present_gold
27	27	ENSG00000105968	H2AZ2	H2AZ2:HGNC:20664	variant	penis	93.08	0.0	1	present_gold
27	27	ENSG00000105968	H2AZ2	H2AZ2:HGNC:20664	variant	pericardium	88.84	0.0	1	present_gold
27	27	ENSG00000105968	H2AZ2	H2AZ2:HGNC:20664	variant	periodontal ligament	90.69	0.0	1	present_gold
27	27	ENSG00000105968	H2AZ2	H2AZ2:HGNC:20664	variant	peritoneum	95.58	0.0	1	present_gold
27	27	ENSG00000105968	H2AZ2	H2AZ2:HGNC:20664	variant	pharyngeal mucosa	87.45666666666666	3.5682255160420184	3	present_gold
27	27	ENSG00000105968	H2AZ2	H2AZ2:HGNC:20664	variant	pigmented layer of retina	97.445	1.0053689206787093	4	present_gold
27	27	ENSG00000105968	H2AZ2	H2AZ2:HGNC:20664	variant	pituitary gland	93.9976923076923	1.940206835392188	13	present_gold
27	27	ENSG00000105968	H2AZ2	H2AZ2:HGNC:20664	variant	placenta	87.945	2.1058727406944606	4	present_gold
27	27	ENSG00000105968	H2AZ2	H2AZ2:HGNC:20664	variant	pleura	95.78	0.0	1	present_gold
27	27	ENSG00000105968	H2AZ2	H2AZ2:HGNC:20664	variant	pons	94.42	0.0	1	present_gold
27	27	ENSG00000105968	H2AZ2	H2AZ2:HGNC:20664	variant	popliteal artery	96.64	0.0	1	present_gold
27	27	ENSG00000105968	H2AZ2	H2AZ2:HGNC:20664	variant	postcentral gyrus	97.262	0.5954853962465045	15	present_gold
27	27	ENSG00000105968	H2AZ2	H2AZ2:HGNC:20664	variant	prefrontal cortex	96.373	0.9691353534637652	10	present_gold
27	27	ENSG00000105968	H2AZ2	H2AZ2:HGNC:20664	variant	primary visual cortex	97.56222222222222	0.5469181332196278	9	present_gold
27	27	ENSG00000105968	H2AZ2	H2AZ2:HGNC:20664	variant	primordial germ cell in gonad	96.81	0.0	1	present_gold
27	27	ENSG00000105968	H2AZ2	H2AZ2:HGNC:20664	variant	prostate gland	92.07777777777778	3.9443385422587287	18	present_gold
27	27	ENSG00000105968	H2AZ2	H2AZ2:HGNC:20664	variant	putamen	96.955	0.5167075252661479	16	present_gold
27	27	ENSG00000105968	H2AZ2	H2AZ2:HGNC:20664	variant	pylorus	93.88	1.5634577064954411	3	present_gold
27	27	ENSG00000105968	H2AZ2	H2AZ2:HGNC:20664	variant	quadriceps femoris	91.915	3.899065340093161	20	present_gold
27	27	ENSG00000105968	H2AZ2	H2AZ2:HGNC:20664	variant	rectum	97.89	0.0	1	present_gold
27	27	ENSG00000105968	H2AZ2	H2AZ2:HGNC:20664	variant	renal glomerulus	96.1	0.0	1	present_gold
27	27	ENSG00000105968	H2AZ2	H2AZ2:HGNC:20664	variant	renal medulla	96.03000000000002	0.2066397831977166	3	present_gold
27	27	ENSG00000105968	H2AZ2	H2AZ2:HGNC:20664	variant	retina	98.16	0.0	1	present_gold
27	27	ENSG00000105968	H2AZ2	H2AZ2:HGNC:20664	variant	right adrenal gland	96.538	0.1666433316997716	5	present_gold
27	27	ENSG00000105968	H2AZ2	H2AZ2:HGNC:20664	variant	right adrenal gland cortex	96.51666666666668	0.2676440422152766	3	present_gold
27	27	ENSG00000105968	H2AZ2	H2AZ2:HGNC:20664	variant	right atrium auricular region	97.28	0.2146159360345805	11	present_gold
27	27	ENSG00000105968	H2AZ2	H2AZ2:HGNC:20664	variant	right coronary artery	96.845	0.1202081528017142	2	present_gold
27	27	ENSG00000105968	H2AZ2	H2AZ2:HGNC:20664	variant	right frontal lobe	95.78444444444445	0.2290802867506884	9	present_gold
27	27	ENSG00000105968	H2AZ2	H2AZ2:HGNC:20664	variant	right hemisphere of cerebellum	96.42777777777776	0.2499388814179259	9	present_gold
27	27	ENSG00000105968	H2AZ2	H2AZ2:HGNC:20664	variant	right lobe of liver	94.77888888888889	0.7052383363878548	9	present_gold
27	27	ENSG00000105968	H2AZ2	H2AZ2:HGNC:20664	variant	right lobe of thyroid gland	95.86625	0.3751166485241597	8	present_gold
27	27	ENSG00000105968	H2AZ2	H2AZ2:HGNC:20664	variant	right lung	96.99	0.0848528137423788	2	present_gold
27	27	ENSG00000105968	H2AZ2	H2AZ2:HGNC:20664	variant	right ovary	95.15	0.4764451699828635	5	present_gold
27	27	ENSG00000105968	H2AZ2	H2AZ2:HGNC:20664	variant	right testis	97.08	0.539583172458149	5	present_gold
27	27	ENSG00000105968	H2AZ2	H2AZ2:HGNC:20664	variant	right uterine tube	95.03	0.0	1	present_gold
27	27	ENSG00000105968	H2AZ2	H2AZ2:HGNC:20664	variant	saliva-secreting gland	95.46	0.1812456896039201	5	present_gold
27	27	ENSG00000105968	H2AZ2	H2AZ2:HGNC:20664	variant	saphenous vein	95.66666666666669	1.1154072499913832	3	present_gold
27	27	ENSG00000105968	H2AZ2	H2AZ2:HGNC:20664	variant	secondary oocyte	0.0	0.0	0	observed_zero
27	27	ENSG00000105968	H2AZ2	H2AZ2:HGNC:20664	variant	seminal vesicle	97.23	0.0	1	present_gold
27	27	ENSG00000105968	H2AZ2	H2AZ2:HGNC:20664	variant	sigmoid colon	97.5275	0.0842120339777367	4	present_gold
27	27	ENSG00000105968	H2AZ2	H2AZ2:HGNC:20664	variant	skeletal muscle organ	96.5	0.0	1	present_gold
27	27	ENSG00000105968	H2AZ2	H2AZ2:HGNC:20664	variant	skeletal muscle tissue	94.86117647058823	1.6892227589669049	17	present_gold
27	27	ENSG00000105968	H2AZ2	H2AZ2:HGNC:20664	variant	skeletal muscle tissue of biceps brachii	96.49	0.1979898987322341	2	present_gold
27	27	ENSG00000105968	H2AZ2	H2AZ2:HGNC:20664	variant	skeletal muscle tissue of rectus abdominis	95.355	0.3040559159102102	2	present_gold
27	27	ENSG00000105968	H2AZ2	H2AZ2:HGNC:20664	variant	skin of abdomen	94.569	0.3391967636113945	10	present_gold
27	27	ENSG00000105968	H2AZ2	H2AZ2:HGNC:20664	variant	skin of hip	97.32	0.0	1	present_gold
27	27	ENSG00000105968	H2AZ2	H2AZ2:HGNC:20664	variant	skin of leg	94.13333333333333	0.815378699894976	12	present_gold
27	27	ENSG00000105968	H2AZ2	H2AZ2:HGNC:20664	variant	small intestine	96.605	0.1060660171779861	2	present_gold
27	27	ENSG00000105968	H2AZ2	H2AZ2:HGNC:20664	variant	small intestine Peyer's patch	96.64454545454544	0.2815089212214627	11	present_gold
27	27	ENSG00000105968	H2AZ2	H2AZ2:HGNC:20664	variant	smooth muscle tissue	97.59	0.0	1	present_gold
27	27	ENSG00000105968	H2AZ2	H2AZ2:HGNC:20664	variant	sperm	77.55	0.0	1	present_gold
27	27	ENSG00000105968	H2AZ2	H2AZ2:HGNC:20664	variant	spinal cord	97.038	0.3623932793097681	10	present_gold
27	27	ENSG00000105968	H2AZ2	H2AZ2:HGNC:20664	variant	spleen	96.385	0.3858756276314958	12	present_gold
27	27	ENSG00000105968	H2AZ2	H2AZ2:HGNC:20664	variant	squamous epithelium	78.98666666666666	0.9570963030611612	3	present_gold
27	27	ENSG00000105968	H2AZ2	H2AZ2:HGNC:20664	variant	stomach	96.60166666666667	1.1451306660919698	12	present_gold
27	27	ENSG00000105968	H2AZ2	H2AZ2:HGNC:20664	variant	stromal cell of endometrium	96.92	0.0	1	present_gold
27	27	ENSG00000105968	H2AZ2	H2AZ2:HGNC:20664	variant	subcutaneous adipose tissue	95.45473684210526	0.6633615439650511	19	present_gold
27	27	ENSG00000105968	H2AZ2	H2AZ2:HGNC:20664	variant	substantia nigra	95.93173913043478	1.2940972710872898	23	present_gold
27	27	ENSG00000105968	H2AZ2	H2AZ2:HGNC:20664	variant	substantia nigra pars compacta	96.775	0.3747665940288709	2	present_gold
27	27	ENSG00000105968	H2AZ2	H2AZ2:HGNC:20664	variant	substantia nigra pars reticulata	96.835	0.5161879502661825	2	present_gold
27	27	ENSG00000105968	H2AZ2	H2AZ2:HGNC:20664	variant	subthalamic nucleus	96.5725	0.5304916856760622	8	present_gold
27	27	ENSG00000105968	H2AZ2	H2AZ2:HGNC:20664	variant	superficial temporal artery	96.09	0.0	1	present_gold
27	27	ENSG00000105968	H2AZ2	H2AZ2:HGNC:20664	variant	superior frontal gyrus	96.5672	1.221868514475542	25	present_gold
27	27	ENSG00000105968	H2AZ2	H2AZ2:HGNC:20664	variant	superior surface of tongue	92.96666666666664	1.354301788130449	3	present_gold
27	27	ENSG00000105968	H2AZ2	H2AZ2:HGNC:20664	variant	superior vestibular nucleus	96.046	0.7297122720634526	5	present_gold
27	27	ENSG00000105968	H2AZ2	H2AZ2:HGNC:20664	variant	sural nerve	91.13666666666666	2.967024323010065	3	present_gold
27	27	ENSG00000105968	H2AZ2	H2AZ2:HGNC:20664	variant	synovial joint	96.16	1.131370849898472	2	present_gold
27	27	ENSG00000105968	H2AZ2	H2AZ2:HGNC:20664	variant	telencephalon	96.61	0.0	1	present_gold
27	27	ENSG00000105968	H2AZ2	H2AZ2:HGNC:20664	variant	temporal lobe	96.2325	1.3599658609160516	8	present_gold
27	27	ENSG00000105968	H2AZ2	H2AZ2:HGNC:20664	variant	tendon	90.624	3.194053850516614	5	present_gold
27	27	ENSG00000105968	H2AZ2	H2AZ2:HGNC:20664	variant	tendon of biceps brachii	85.52	0.0	1	present_gold
27	27	ENSG00000105968	H2AZ2	H2AZ2:HGNC:20664	variant	testis	95.85769230769232	1.368735145101455	13	present_gold
27	27	ENSG00000105968	H2AZ2	H2AZ2:HGNC:20664	variant	thoracic aorta	96.68833333333332	0.1747474367956977	6	present_gold
27	27	ENSG00000105968	H2AZ2	H2AZ2:HGNC:20664	variant	thoracic mammary gland	95.19733333333332	1.490500714844638	15	present_gold
27	27	ENSG00000105968	H2AZ2	H2AZ2:HGNC:20664	variant	thymus	93.8925	3.971677857027177	4	present_gold
27	27	ENSG00000105968	H2AZ2	H2AZ2:HGNC:20664	variant	thyroid gland	95.95529411764706	0.6190124963102421	17	present_gold
27	27	ENSG00000105968	H2AZ2	H2AZ2:HGNC:20664	variant	tibia	95.37	0.0	1	present_gold
27	27	ENSG00000105968	H2AZ2	H2AZ2:HGNC:20664	variant	tibial artery	96.73454545454544	0.2698652862582974	11	present_gold
27	27	ENSG00000105968	H2AZ2	H2AZ2:HGNC:20664	variant	tibial nerve	95.63545454545456	0.9318515293367664	11	present_gold
27	27	ENSG00000105968	H2AZ2	H2AZ2:HGNC:20664	variant	tibialis anterior	93.895	0.9687362902255732	2	present_gold
27	27	ENSG00000105968	H2AZ2	H2AZ2:HGNC:20664	variant	tongue	90.78	0.0	1	present_gold
27	27	ENSG00000105968	H2AZ2	H2AZ2:HGNC:20664	variant	tongue squamous epithelium	79.94	0.0	1	present_gold
27	27	ENSG00000105968	H2AZ2	H2AZ2:HGNC:20664	variant	tonsil	94.00166666666668	2.3450067519447897	6	present_gold
27	27	ENSG00000105968	H2AZ2	H2AZ2:HGNC:20664	variant	trabecular bone tissue	97.1275	0.4598822313013049	4	present_gold
27	27	ENSG00000105968	H2AZ2	H2AZ2:HGNC:20664	variant	trachea	91.61666666666667	0.5852634734316986	3	present_gold
27	27	ENSG00000105968	H2AZ2	H2AZ2:HGNC:20664	variant	transverse colon	97.104	0.1999555506161879	10	present_gold
27	27	ENSG00000105968	H2AZ2	H2AZ2:HGNC:20664	variant	triceps brachii	92.565	5.3810826048296265	2	present_gold
27	27	ENSG00000105968	H2AZ2	H2AZ2:HGNC:20664	variant	trigeminal ganglion	94.975	1.266124006564916	6	present_gold
27	27	ENSG00000105968	H2AZ2	H2AZ2:HGNC:20664	variant	type B pancreatic cell	83.29	0.0	1	present_gold
27	27	ENSG00000105968	H2AZ2	H2AZ2:HGNC:20664	variant	upper arm skin	87.275	0.7586611013269804	4	present_gold
27	27	ENSG00000105968	H2AZ2	H2AZ2:HGNC:20664	variant	upper leg skin	96.12	0.0	1	present_gold
27	27	ENSG00000105968	H2AZ2	H2AZ2:HGNC:20664	variant	upper lobe of left lung	96.08	0.4210870286701895	8	present_gold
27	27	ENSG00000105968	H2AZ2	H2AZ2:HGNC:20664	variant	upper lobe of lung	93.7375	1.6357337802955556	4	present_gold
27	27	ENSG00000105968	H2AZ2	H2AZ2:HGNC:20664	variant	urethra	95.39	0.4011234224026354	3	present_gold
27	27	ENSG00000105968	H2AZ2	H2AZ2:HGNC:20664	variant	urinary bladder	96.07625	0.648667590416804	8	present_gold
27	27	ENSG00000105968	H2AZ2	H2AZ2:HGNC:20664	variant	uterine cervix	90.574	1.7438835970327855	5	present_gold
27	27	ENSG00000105968	H2AZ2	H2AZ2:HGNC:20664	variant	uterus	95.1	0.0282842712474663	2	present_gold
27	27	ENSG00000105968	H2AZ2	H2AZ2:HGNC:20664	variant	vagina	90.99833333333332	3.670862750544254	12	present_gold
27	27	ENSG00000105968	H2AZ2	H2AZ2:HGNC:20664	variant	vastus lateralis	95.48454545454544	0.8676993514473563	22	present_gold
27	27	ENSG00000105968	H2AZ2	H2AZ2:HGNC:20664	variant	vena cava	94.43	0.0	1	present_gold
27	27	ENSG00000105968	H2AZ2	H2AZ2:HGNC:20664	variant	ventral tegmental area	96.99666666666668	0.806366335276135	6	present_gold
27	27	ENSG00000105968	H2AZ2	H2AZ2:HGNC:20664	variant	ventricular zone	99.42	0.0848528137423889	2	present_gold
27	27	ENSG00000105968	H2AZ2	H2AZ2:HGNC:20664	variant	vermiform appendix	93.86	2.478668997667904	4	present_gold
27	27	ENSG00000105968	H2AZ2	H2AZ2:HGNC:20664	variant	visceral pleura	96.1275	0.8567525897247147	4	present_gold
27	27	ENSG00000105968	H2AZ2	H2AZ2:HGNC:20664	variant	zone of skin	93.266	1.8337969976448945	15	present_gold
28	28	ENSG00000113648	MACROH2A1	MACROH2A1:HGNC:4740	variant	Ammon's horn	96.40375	0.6401753326407852	24	present_gold
28	28	ENSG00000113648	MACROH2A1	MACROH2A1:HGNC:4740	variant	Brodmann (1909) area 10	93.45	0.0	1	present_gold
28	28	ENSG00000113648	MACROH2A1	MACROH2A1:HGNC:4740	variant	Brodmann (1909) area 23	96.29166666666669	0.634615369075368	6	present_gold
28	28	ENSG00000113648	MACROH2A1	MACROH2A1:HGNC:4740	variant	Brodmann (1909) area 46	95.86	1.1202231920470147	5	present_gold
28	28	ENSG00000113648	MACROH2A1	MACROH2A1:HGNC:4740	variant	Brodmann (1909) area 9	96.512	0.1914738160225103	10	present_gold
28	28	ENSG00000113648	MACROH2A1	MACROH2A1:HGNC:4740	variant	C1 segment of cervical spinal cord	95.86777777777776	0.5283885354967905	9	present_gold
28	28	ENSG00000113648	MACROH2A1	MACROH2A1:HGNC:4740	variant	CA1 field of hippocampus	93.04	0.7277362159464108	4	present_gold
28	28	ENSG00000113648	MACROH2A1	MACROH2A1:HGNC:4740	variant	adenohypophysis	97.30166666666666	0.747460143864985	6	present_gold
28	28	ENSG00000113648	MACROH2A1	MACROH2A1:HGNC:4740	variant	adipose tissue	96.91529411764704	0.1651558978306123	17	present_gold
28	28	ENSG00000113648	MACROH2A1	MACROH2A1:HGNC:4740	variant	adipose tissue of abdominal region	97.04166666666669	0.2315527297758904	6	present_gold
28	28	ENSG00000113648	MACROH2A1	MACROH2A1:HGNC:4740	variant	adrenal cortex	96.84666666666668	0.5787342510456147	3	present_gold
28	28	ENSG00000113648	MACROH2A1	MACROH2A1:HGNC:4740	variant	adrenal gland	96.9025	0.3839596332949602	4	present_gold
28	28	ENSG00000113648	MACROH2A1	MACROH2A1:HGNC:4740	variant	adrenal tissue	95.99333333333334	0.1887679351302388	3	present_gold
28	28	ENSG00000113648	MACROH2A1	MACROH2A1:HGNC:4740	variant	adult mammalian kidney	94.45538461538462	2.0831331185845	13	present_gold
28	28	ENSG00000113648	MACROH2A1	MACROH2A1:HGNC:4740	variant	adult organism	97.74	0.0	1	present_gold
28	28	ENSG00000113648	MACROH2A1	MACROH2A1:HGNC:4740	variant	amniotic fluid	98.55	0.7212489168102757	2	present_gold
28	28	ENSG00000113648	MACROH2A1	MACROH2A1:HGNC:4740	variant	amygdala	95.9276923076923	0.4631442152316746	13	present_gold
28	28	ENSG00000113648	MACROH2A1	MACROH2A1:HGNC:4740	variant	anterior cingulate cortex	96.00272727272728	0.5046006521813249	11	present_gold
28	28	ENSG00000113648	MACROH2A1	MACROH2A1:HGNC:4740	variant	aorta	95.935	0.0636396103067916	2	present_gold
28	28	ENSG00000113648	MACROH2A1	MACROH2A1:HGNC:4740	variant	apex of heart	96.15	0.0	1	present_gold
28	28	ENSG00000113648	MACROH2A1	MACROH2A1:HGNC:4740	variant	artery	96.13	0.0	1	present_gold
28	28	ENSG00000113648	MACROH2A1	MACROH2A1:HGNC:4740	variant	ascending aorta	95.624	0.2754471112774857	10	present_gold
28	28	ENSG00000113648	MACROH2A1	MACROH2A1:HGNC:4740	variant	biceps brachii	94.5	1.925733626439542	5	present_gold
28	28	ENSG00000113648	MACROH2A1	MACROH2A1:HGNC:4740	variant	blood	98.69128205128206	0.3293868265603089	39	present_gold
28	28	ENSG00000113648	MACROH2A1	MACROH2A1:HGNC:4740	variant	blood vessel layer	95.47	0.0	1	present_gold
28	28	ENSG00000113648	MACROH2A1	MACROH2A1:HGNC:4740	variant	body of pancreas	94.547	0.4378241656190299	10	present_gold
28	28	ENSG00000113648	MACROH2A1	MACROH2A1:HGNC:4740	variant	body of stomach	96.6309090909091	0.2755886262331772	11	present_gold
28	28	ENSG00000113648	MACROH2A1	MACROH2A1:HGNC:4740	variant	body of tongue	98.40333333333332	0.2230097157823629	3	present_gold
28	28	ENSG00000113648	MACROH2A1	MACROH2A1:HGNC:4740	variant	body of uterus	96.474	0.3251614983358247	5	present_gold
28	28	ENSG00000113648	MACROH2A1	MACROH2A1:HGNC:4740	variant	bone element	98.975	0.2050609665441032	2	present_gold
28	28	ENSG00000113648	MACROH2A1	MACROH2A1:HGNC:4740	variant	bone marrow	99.0442857142857	0.1846291203681386	14	present_gold
28	28	ENSG00000113648	MACROH2A1	MACROH2A1:HGNC:4740	variant	bone marrow cell	99.035	0.281336097932706	6	present_gold
28	28	ENSG00000113648	MACROH2A1	MACROH2A1:HGNC:4740	variant	brain	96.52458333333334	0.6672068916249932	24	present_gold
28	28	ENSG00000113648	MACROH2A1	MACROH2A1:HGNC:4740	variant	bronchial epithelial cell	98.6495238095238	0.1377126061940664	21	present_gold
28	28	ENSG00000113648	MACROH2A1	MACROH2A1:HGNC:4740	variant	bronchus	98.51	0.1555634918610396	2	present_gold
28	28	ENSG00000113648	MACROH2A1	MACROH2A1:HGNC:4740	variant	buccal mucosa cell	99.01	0.0	1	present_gold
28	28	ENSG00000113648	MACROH2A1	MACROH2A1:HGNC:4740	variant	caecum	98.50666666666666	0.8164149271867434	3	present_gold
28	28	ENSG00000113648	MACROH2A1	MACROH2A1:HGNC:4740	variant	calcaneal tendon	92.676	1.2580858476272576	5	present_gold
28	28	ENSG00000113648	MACROH2A1	MACROH2A1:HGNC:4740	variant	caput epididymis	96.96666666666664	0.50520622851795	3	present_gold
28	28	ENSG00000113648	MACROH2A1	MACROH2A1:HGNC:4740	variant	cardia of stomach	97.62333333333332	0.5676559991168337	3	present_gold
28	28	ENSG00000113648	MACROH2A1	MACROH2A1:HGNC:4740	variant	cardiac atrium	96.82666666666668	0.8720282870029723	3	present_gold
28	28	ENSG00000113648	MACROH2A1	MACROH2A1:HGNC:4740	variant	cardiac muscle of right atrium	85.32625	0.5452898966866794	8	present_gold
28	28	ENSG00000113648	MACROH2A1	MACROH2A1:HGNC:4740	variant	cardiac ventricle	95.54333333333334	1.1211749789097731	3	present_gold
28	28	ENSG00000113648	MACROH2A1	MACROH2A1:HGNC:4740	variant	cartilage tissue	95.82	0.0	1	present_gold
28	28	ENSG00000113648	MACROH2A1	MACROH2A1:HGNC:4740	variant	cauda epididymis	96.58333333333331	0.3400490160746472	3	present_gold
28	28	ENSG00000113648	MACROH2A1	MACROH2A1:HGNC:4740	variant	caudate nucleus	96.0057894736842	0.8430586890699694	19	present_gold
28	28	ENSG00000113648	MACROH2A1	MACROH2A1:HGNC:4740	variant	central nervous system	96.33	0.0	1	present_gold
28	28	ENSG00000113648	MACROH2A1	MACROH2A1:HGNC:4740	variant	cerebellar cortex	97.24666666666668	0.0230940107675886	3	present_gold
28	28	ENSG00000113648	MACROH2A1	MACROH2A1:HGNC:4740	variant	cerebellar hemisphere	97.43363636363635	0.309201317179364	11	present_gold
28	28	ENSG00000113648	MACROH2A1	MACROH2A1:HGNC:4740	variant	cerebellar vermis	86.00666666666666	2.783600785553368	3	present_gold
28	28	ENSG00000113648	MACROH2A1	MACROH2A1:HGNC:4740	variant	cerebellum	97.26352941176472	0.5619935628687226	17	present_gold
28	28	ENSG00000113648	MACROH2A1	MACROH2A1:HGNC:4740	variant	cerebral cortex	96.469	1.1789020315530894	10	present_gold
28	28	ENSG00000113648	MACROH2A1	MACROH2A1:HGNC:4740	variant	cervix epithelium	98.09833333333334	0.2803866378176144	6	present_gold
28	28	ENSG00000113648	MACROH2A1	MACROH2A1:HGNC:4740	variant	cervix squamous epithelium	97.39	0.0	1	present_gold
28	28	ENSG00000113648	MACROH2A1	MACROH2A1:HGNC:4740	variant	choroid plexus epithelium	97.63	0.0	1	present_gold
28	28	ENSG00000113648	MACROH2A1	MACROH2A1:HGNC:4740	variant	cingulate cortex	92.87	0.0	1	present_gold
28	28	ENSG00000113648	MACROH2A1	MACROH2A1:HGNC:4740	variant	colon	97.43055555555556	0.5439341679697717	18	present_gold
28	28	ENSG00000113648	MACROH2A1	MACROH2A1:HGNC:4740	variant	colonic epithelium	97.78	0.0	1	present_gold
28	28	ENSG00000113648	MACROH2A1	MACROH2A1:HGNC:4740	variant	colonic mucosa	98.85	0.2105231578710526	6	present_gold
28	28	ENSG00000113648	MACROH2A1	MACROH2A1:HGNC:4740	variant	connective tissue	96.64	0.0	1	present_gold
28	28	ENSG00000113648	MACROH2A1	MACROH2A1:HGNC:4740	variant	coronary artery	96.4	0.1414213562373115	2	present_gold
28	28	ENSG00000113648	MACROH2A1	MACROH2A1:HGNC:4740	variant	corpus callosum	95.27333333333333	1.00154728779872	12	present_gold
28	28	ENSG00000113648	MACROH2A1	MACROH2A1:HGNC:4740	variant	corpus epididymis	96.92666666666666	0.2753785273643058	3	present_gold
28	28	ENSG00000113648	MACROH2A1	MACROH2A1:HGNC:4740	variant	cortex of kidney	95.056	0.4778388849811189	5	present_gold
28	28	ENSG00000113648	MACROH2A1	MACROH2A1:HGNC:4740	variant	cortical plate	97.725	0.2192031021678313	2	present_gold
28	28	ENSG00000113648	MACROH2A1	MACROH2A1:HGNC:4740	variant	cranial nerve II	93.9	0.0	1	present_gold
28	28	ENSG00000113648	MACROH2A1	MACROH2A1:HGNC:4740	variant	decidua	96.125	0.8273149339882517	2	present_gold
28	28	ENSG00000113648	MACROH2A1	MACROH2A1:HGNC:4740	variant	deltoid	90.92	4.159579305650995	7	present_gold
28	28	ENSG00000113648	MACROH2A1	MACROH2A1:HGNC:4740	variant	descending thoracic aorta	95.7	0.7754353615872833	3	present_gold
28	28	ENSG00000113648	MACROH2A1	MACROH2A1:HGNC:4740	variant	diaphragm	92.57	0.0	1	present_gold
28	28	ENSG00000113648	MACROH2A1	MACROH2A1:HGNC:4740	variant	dorsal motor nucleus of vagus nerve	92.31	4.030508652763323	2	present_gold
28	28	ENSG00000113648	MACROH2A1	MACROH2A1:HGNC:4740	variant	dorsal plus ventral thalamus	95.68857142857144	1.7393334793480386	7	present_gold
28	28	ENSG00000113648	MACROH2A1	MACROH2A1:HGNC:4740	variant	dorsal root ganglion	95.25875	0.5609796915091647	8	present_gold
28	28	ENSG00000113648	MACROH2A1	MACROH2A1:HGNC:4740	variant	dorsolateral prefrontal cortex	96.32958333333332	0.3456497242644036	24	present_gold
28	28	ENSG00000113648	MACROH2A1	MACROH2A1:HGNC:4740	variant	duodenum	98.125	0.4878865988458068	4	present_gold
28	28	ENSG00000113648	MACROH2A1	MACROH2A1:HGNC:4740	variant	ectocervix	97.158	1.4633078965139268	5	present_gold
28	28	ENSG00000113648	MACROH2A1	MACROH2A1:HGNC:4740	variant	embryo	98.555	0.4785394445602145	8	present_gold
28	28	ENSG00000113648	MACROH2A1	MACROH2A1:HGNC:4740	variant	endocervix	96.31333333333332	1.0271481554933206	3	present_gold
28	28	ENSG00000113648	MACROH2A1	MACROH2A1:HGNC:4740	variant	endometrium	97.76625	1.2413104634484733	16	present_gold
28	28	ENSG00000113648	MACROH2A1	MACROH2A1:HGNC:4740	variant	endometrium epithelium	98.44	0.0	1	present_gold
28	28	ENSG00000113648	MACROH2A1	MACROH2A1:HGNC:4740	variant	endothelial cell	94.53	0.0	1	present_gold
28	28	ENSG00000113648	MACROH2A1	MACROH2A1:HGNC:4740	variant	entorhinal cortex	96.8547619047619	0.4998561697890612	21	present_gold
28	28	ENSG00000113648	MACROH2A1	MACROH2A1:HGNC:4740	variant	epithelial cell of pancreas	86.79	0.0	1	present_gold
28	28	ENSG00000113648	MACROH2A1	MACROH2A1:HGNC:4740	variant	epithelium of bronchus	98.59928571428571	0.0778029350557965	14	present_gold
28	28	ENSG00000113648	MACROH2A1	MACROH2A1:HGNC:4740	variant	epithelium of esophagus	98.97	0.0	1	present_gold
28	28	ENSG00000113648	MACROH2A1	MACROH2A1:HGNC:4740	variant	epithelium of mammary gland	97.10571428571428	0.4934861410704149	7	present_gold
28	28	ENSG00000113648	MACROH2A1	MACROH2A1:HGNC:4740	variant	epithelium of nasopharynx	99.39	0.0	1	present_gold
28	28	ENSG00000113648	MACROH2A1	MACROH2A1:HGNC:4740	variant	esophagogastric junction muscularis propria	96.67454545454548	0.3084270946711253	11	present_gold
28	28	ENSG00000113648	MACROH2A1	MACROH2A1:HGNC:4740	variant	esophagus	97.72428571428571	0.1173111450881994	7	present_gold
28	28	ENSG00000113648	MACROH2A1	MACROH2A1:HGNC:4740	variant	esophagus mucosa	98.56181818181818	0.1420435272596511	11	present_gold
28	28	ENSG00000113648	MACROH2A1	MACROH2A1:HGNC:4740	variant	esophagus squamous epithelium	99.06	0.0	1	present_gold
28	28	ENSG00000113648	MACROH2A1	MACROH2A1:HGNC:4740	variant	eye	98.04	0.7071067811865476	2	present_gold
28	28	ENSG00000113648	MACROH2A1	MACROH2A1:HGNC:4740	variant	fallopian tube	97.995	0.0636396103067916	2	present_gold
28	28	ENSG00000113648	MACROH2A1	MACROH2A1:HGNC:4740	variant	female reproductive system	96.94	0.0	1	present_gold
28	28	ENSG00000113648	MACROH2A1	MACROH2A1:HGNC:4740	variant	forebrain	98.13	0.3394112549695456	2	present_gold
28	28	ENSG00000113648	MACROH2A1	MACROH2A1:HGNC:4740	variant	frontal cortex	95.45846153846152	1.117571267732641	26	present_gold
28	28	ENSG00000113648	MACROH2A1	MACROH2A1:HGNC:4740	variant	frontal pole	94.665	0.2333452377915594	2	present_gold
28	28	ENSG00000113648	MACROH2A1	MACROH2A1:HGNC:4740	variant	fundus of stomach	96.54714285714284	0.8574908023940989	7	present_gold
28	28	ENSG00000113648	MACROH2A1	MACROH2A1:HGNC:4740	variant	gall bladder	97.89	0.0	1	present_gold
28	28	ENSG00000113648	MACROH2A1	MACROH2A1:HGNC:4740	variant	ganglionic eminence	99.015	0.0494974746830535	2	present_gold
28	28	ENSG00000113648	MACROH2A1	MACROH2A1:HGNC:4740	variant	gastrocnemius	96.60615384615386	0.1815460667681207	13	present_gold
28	28	ENSG00000113648	MACROH2A1	MACROH2A1:HGNC:4740	variant	germinal epithelium of ovary	97.85	0.0	1	present_gold
28	28	ENSG00000113648	MACROH2A1	MACROH2A1:HGNC:4740	variant	gingiva	98.955	0.0494974746830535	2	present_gold
28	28	ENSG00000113648	MACROH2A1	MACROH2A1:HGNC:4740	variant	gingival epithelium	98.81	0.0	1	present_gold
28	28	ENSG00000113648	MACROH2A1	MACROH2A1:HGNC:4740	variant	globus pallidus	93.72	0.0	1	present_gold
28	28	ENSG00000113648	MACROH2A1	MACROH2A1:HGNC:4740	variant	gluteal muscle	92.39	0.0	1	present_gold
28	28	ENSG00000113648	MACROH2A1	MACROH2A1:HGNC:4740	variant	granulocyte	98.31	0.0	1	present_gold
28	28	ENSG00000113648	MACROH2A1	MACROH2A1:HGNC:4740	variant	hair follicle	97.23333333333332	0.3592121007612857	3	present_gold
28	28	ENSG00000113648	MACROH2A1	MACROH2A1:HGNC:4740	variant	heart	96.154	1.471659898598467	15	present_gold
28	28	ENSG00000113648	MACROH2A1	MACROH2A1:HGNC:4740	variant	heart left ventricle	96.29529411764706	1.0406315248868043	17	present_gold
28	28	ENSG00000113648	MACROH2A1	MACROH2A1:HGNC:4740	variant	heart right ventricle	96.05333333333331	0.5428689221779665	6	present_gold
28	28	ENSG00000113648	MACROH2A1	MACROH2A1:HGNC:4740	variant	hindlimb stylopod muscle	95.565	0.1202081528017142	2	present_gold
28	28	ENSG00000113648	MACROH2A1	MACROH2A1:HGNC:4740	variant	hypothalamus	96.5029411764706	0.4295748582302385	17	present_gold
28	28	ENSG00000113648	MACROH2A1	MACROH2A1:HGNC:4740	variant	ileal mucosa	88.47	0.0	1	present_gold
28	28	ENSG00000113648	MACROH2A1	MACROH2A1:HGNC:4740	variant	inferior olivary complex	93.7	0.9727795228107988	3	present_gold
28	28	ENSG00000113648	MACROH2A1	MACROH2A1:HGNC:4740	variant	inferior vagus X ganglion	96.37666666666668	0.575105787370174	6	present_gold
28	28	ENSG00000113648	MACROH2A1	MACROH2A1:HGNC:4740	variant	intestine	97.7675	0.5554202613036923	4	present_gold
28	28	ENSG00000113648	MACROH2A1	MACROH2A1:HGNC:4740	variant	islet of Langerhans	95.41277777777778	4.163805959138765	18	present_gold
28	28	ENSG00000113648	MACROH2A1	MACROH2A1:HGNC:4740	variant	jejunal mucosa	98.51	0.0	1	present_gold
28	28	ENSG00000113648	MACROH2A1	MACROH2A1:HGNC:4740	variant	jejunum	97.195	0.3181980515339484	2	present_gold
28	28	ENSG00000113648	MACROH2A1	MACROH2A1:HGNC:4740	variant	kidney	94.64666666666666	0.4657323981286533	6	present_gold
28	28	ENSG00000113648	MACROH2A1	MACROH2A1:HGNC:4740	variant	kidney epithelium	92.2	0.0	1	present_gold
28	28	ENSG00000113648	MACROH2A1	MACROH2A1:HGNC:4740	variant	large intestine	97.39	0.0141421356237381	2	present_gold
28	28	ENSG00000113648	MACROH2A1	MACROH2A1:HGNC:4740	variant	lateral globus pallidus	98.095	0.2616295090390257	2	present_gold
28	28	ENSG00000113648	MACROH2A1	MACROH2A1:HGNC:4740	variant	lateral nuclear group of thalamus	98.105	0.007071067811869	2	present_gold
28	28	ENSG00000113648	MACROH2A1	MACROH2A1:HGNC:4740	variant	layer of synovial tissue	93.16555555555556	4.21332739978485	9	present_gold
28	28	ENSG00000113648	MACROH2A1	MACROH2A1:HGNC:4740	variant	left adrenal gland	96.4925	0.234078741330472	8	present_gold
28	28	ENSG00000113648	MACROH2A1	MACROH2A1:HGNC:4740	variant	left adrenal gland cortex	96.525	0.3560898762952963	8	present_gold
28	28	ENSG00000113648	MACROH2A1	MACROH2A1:HGNC:4740	variant	left coronary artery	96.30666666666669	0.5277546778570509	9	present_gold
28	28	ENSG00000113648	MACROH2A1	MACROH2A1:HGNC:4740	variant	left lobe of thyroid gland	96.60363636363635	0.3041142129948149	11	present_gold
28	28	ENSG00000113648	MACROH2A1	MACROH2A1:HGNC:4740	variant	left ovary	95.606	0.4727895937941113	5	present_gold
28	28	ENSG00000113648	MACROH2A1	MACROH2A1:HGNC:4740	variant	left testis	91.625	0.6673454877348028	6	present_gold
28	28	ENSG00000113648	MACROH2A1	MACROH2A1:HGNC:4740	variant	left uterine tube	97.46	0.6363961030678867	2	present_gold
28	28	ENSG00000113648	MACROH2A1	MACROH2A1:HGNC:4740	variant	left ventricle myocardium	83.5025	1.9518602238206852	4	present_gold
28	28	ENSG00000113648	MACROH2A1	MACROH2A1:HGNC:4740	variant	leukocyte	98.71	0.0	1	present_gold
28	28	ENSG00000113648	MACROH2A1	MACROH2A1:HGNC:4740	variant	liver	94.20565217391304	1.8837844551640692	23	present_gold
28	28	ENSG00000113648	MACROH2A1	MACROH2A1:HGNC:4740	variant	lower esophagus	96.575	0.0777817459305198	2	present_gold
28	28	ENSG00000113648	MACROH2A1	MACROH2A1:HGNC:4740	variant	lower esophagus mucosa	98.33	0.0	1	present_gold
28	28	ENSG00000113648	MACROH2A1	MACROH2A1:HGNC:4740	variant	lower esophagus muscularis layer	96.7581818181818	0.2216672362717698	11	present_gold
28	28	ENSG00000113648	MACROH2A1	MACROH2A1:HGNC:4740	variant	lower lobe of lung	98.815	0.228910462845193	8	present_gold
28	28	ENSG00000113648	MACROH2A1	MACROH2A1:HGNC:4740	variant	lung	97.9531818181818	0.4985348663704618	22	present_gold
28	28	ENSG00000113648	MACROH2A1	MACROH2A1:HGNC:4740	variant	lymph node	97.60666666666668	0.9004813527589932	6	present_gold
28	28	ENSG00000113648	MACROH2A1	MACROH2A1:HGNC:4740	variant	male germ cell	91.28	0.0	1	present_gold
28	28	ENSG00000113648	MACROH2A1	MACROH2A1:HGNC:4740	variant	male germ line stem cell (sensu Vertebrata) in testis	85.89	0.0	1	present_gold
28	28	ENSG00000113648	MACROH2A1	MACROH2A1:HGNC:4740	variant	mammalian vulva	98.612	0.2217430945937188	5	present_gold
28	28	ENSG00000113648	MACROH2A1	MACROH2A1:HGNC:4740	variant	mammary duct	98.21	0.0	1	present_gold
28	28	ENSG00000113648	MACROH2A1	MACROH2A1:HGNC:4740	variant	mammary gland	97.11	0.1979898987322341	2	present_gold
28	28	ENSG00000113648	MACROH2A1	MACROH2A1:HGNC:4740	variant	medial globus pallidus	91.94333333333334	1.2623126923759171	3	present_gold
28	28	ENSG00000113648	MACROH2A1	MACROH2A1:HGNC:4740	variant	medulla oblongata	96.5657142857143	0.4704202781505505	7	present_gold
28	28	ENSG00000113648	MACROH2A1	MACROH2A1:HGNC:4740	variant	metanephric glomerulus	91.88444444444444	1.5318135584260164	9	present_gold
28	28	ENSG00000113648	MACROH2A1	MACROH2A1:HGNC:4740	variant	metanephros	90.6725	5.045184998259892	4	present_gold
28	28	ENSG00000113648	MACROH2A1	MACROH2A1:HGNC:4740	variant	metanephros cortex	96.605	1.0111626970967578	2	present_gold
28	28	ENSG00000113648	MACROH2A1	MACROH2A1:HGNC:4740	variant	midbrain	96.292	0.388677243995579	5	present_gold
28	28	ENSG00000113648	MACROH2A1	MACROH2A1:HGNC:4740	variant	middle frontal gyrus	94.04	0.0	1	present_gold
28	28	ENSG00000113648	MACROH2A1	MACROH2A1:HGNC:4740	variant	middle temporal gyrus	97.662	0.366155704584813	5	present_gold
28	28	ENSG00000113648	MACROH2A1	MACROH2A1:HGNC:4740	variant	minor salivary gland	97.449	0.3652837557601229	10	present_gold
28	28	ENSG00000113648	MACROH2A1	MACROH2A1:HGNC:4740	variant	monocyte	99.2	0.0	1	present_gold
28	28	ENSG00000113648	MACROH2A1	MACROH2A1:HGNC:4740	variant	mononuclear cell	98.975	0.3040559159102102	2	present_gold
28	28	ENSG00000113648	MACROH2A1	MACROH2A1:HGNC:4740	variant	mouth mucosa	97.71	0.3621233675604668	4	present_gold
28	28	ENSG00000113648	MACROH2A1	MACROH2A1:HGNC:4740	variant	mucosa of paranasal sinus	98.18	0.0	1	present_gold
28	28	ENSG00000113648	MACROH2A1	MACROH2A1:HGNC:4740	variant	mucosa of sigmoid colon	98.82	0.0	1	present_gold
28	28	ENSG00000113648	MACROH2A1	MACROH2A1:HGNC:4740	variant	mucosa of stomach	96.62	0.0	1	present_gold
28	28	ENSG00000113648	MACROH2A1	MACROH2A1:HGNC:4740	variant	mucosa of transverse colon	98.27	0.0	1	present_gold
28	28	ENSG00000113648	MACROH2A1	MACROH2A1:HGNC:4740	variant	mucosa of urinary bladder	96.66	0.0	1	present_gold
28	28	ENSG00000113648	MACROH2A1	MACROH2A1:HGNC:4740	variant	muscle layer of sigmoid colon	96.75272727272728	0.3359193626182014	11	present_gold
28	28	ENSG00000113648	MACROH2A1	MACROH2A1:HGNC:4740	variant	muscle of leg	96.41	0.1838477631085059	2	present_gold
28	28	ENSG00000113648	MACROH2A1	MACROH2A1:HGNC:4740	variant	muscle organ	91.26	0.0	1	present_gold
28	28	ENSG00000113648	MACROH2A1	MACROH2A1:HGNC:4740	variant	muscle tissue	93.24	0.0	1	present_gold
28	28	ENSG00000113648	MACROH2A1	MACROH2A1:HGNC:4740	variant	myocardium	92.5425	3.662784849966329	8	present_gold
28	28	ENSG00000113648	MACROH2A1	MACROH2A1:HGNC:4740	variant	myometrium	95.88727272727272	0.9607194273989784	11	present_gold
28	28	ENSG00000113648	MACROH2A1	MACROH2A1:HGNC:4740	variant	nasal cavity epithelium	97.63	1.4682415786693064	7	present_gold
28	28	ENSG00000113648	MACROH2A1	MACROH2A1:HGNC:4740	variant	nasal cavity mucosa	97.74	0.0	1	present_gold
28	28	ENSG00000113648	MACROH2A1	MACROH2A1:HGNC:4740	variant	neocortex	97.66	0.0	1	present_gold
28	28	ENSG00000113648	MACROH2A1	MACROH2A1:HGNC:4740	variant	nephron tubule	93.7275	0.4954867736450112	8	present_gold
28	28	ENSG00000113648	MACROH2A1	MACROH2A1:HGNC:4740	variant	nerve	96.05	0.0	1	present_gold
28	28	ENSG00000113648	MACROH2A1	MACROH2A1:HGNC:4740	variant	nipple	98.14666666666666	0.3837099599089624	3	present_gold
28	28	ENSG00000113648	MACROH2A1	MACROH2A1:HGNC:4740	variant	nucleus accumbens	96.36142857142856	0.6285986507591828	14	present_gold
28	28	ENSG00000113648	MACROH2A1	MACROH2A1:HGNC:4740	variant	occipital lobe	95.87666666666668	1.2592643355017528	6	present_gold
28	28	ENSG00000113648	MACROH2A1	MACROH2A1:HGNC:4740	variant	olfactory bulb	94.57	0.0	1	present_gold
28	28	ENSG00000113648	MACROH2A1	MACROH2A1:HGNC:4740	variant	olfactory segment of nasal mucosa	97.76	0.0	1	present_gold
28	28	ENSG00000113648	MACROH2A1	MACROH2A1:HGNC:4740	variant	omental fat pad	97.02272727272728	0.1840701447324303	11	present_gold
28	28	ENSG00000113648	MACROH2A1	MACROH2A1:HGNC:4740	variant	oocyte	0.0	0.0	0	observed_zero
28	28	ENSG00000113648	MACROH2A1	MACROH2A1:HGNC:4740	variant	oral cavity	98.66666666666669	0.1602081978759721	6	present_gold
28	28	ENSG00000113648	MACROH2A1	MACROH2A1:HGNC:4740	variant	orbitofrontal cortex	94.41	0.3688902275745452	6	present_gold
28	28	ENSG00000113648	MACROH2A1	MACROH2A1:HGNC:4740	variant	ovary	97.1818181818182	1.5581451677030491	11	present_gold
28	28	ENSG00000113648	MACROH2A1	MACROH2A1:HGNC:4740	variant	oviduct epithelium	98.67666666666666	0.2731910198621732	3	present_gold
28	28	ENSG00000113648	MACROH2A1	MACROH2A1:HGNC:4740	variant	palpebral conjunctiva	98.90666666666668	0.1214358541233466	6	present_gold
28	28	ENSG00000113648	MACROH2A1	MACROH2A1:HGNC:4740	variant	pancreas	95.38	0.0424264068711944	2	present_gold
28	28	ENSG00000113648	MACROH2A1	MACROH2A1:HGNC:4740	variant	pancreatic ductal cell	97.18	0.0	1	present_gold
28	28	ENSG00000113648	MACROH2A1	MACROH2A1:HGNC:4740	variant	paraflocculus	96.895	0.5868986283848332	2	present_gold
28	28	ENSG00000113648	MACROH2A1	MACROH2A1:HGNC:4740	variant	parietal lobe	96.21999999999998	0.8213160171334805	6	present_gold
28	28	ENSG00000113648	MACROH2A1	MACROH2A1:HGNC:4740	variant	parietal pleura	97.51	0.543200392734271	4	present_gold
28	28	ENSG00000113648	MACROH2A1	MACROH2A1:HGNC:4740	variant	parotid gland	95.175	0.3736308338453876	8	present_gold
28	28	ENSG00000113648	MACROH2A1	MACROH2A1:HGNC:4740	variant	penis	99.08	0.0	1	present_gold
28	28	ENSG00000113648	MACROH2A1	MACROH2A1:HGNC:4740	variant	pericardium	97.49	0.0	1	present_gold
28	28	ENSG00000113648	MACROH2A1	MACROH2A1:HGNC:4740	variant	periodontal ligament	95.39	0.0	1	present_gold
28	28	ENSG00000113648	MACROH2A1	MACROH2A1:HGNC:4740	variant	peripheral nervous system	96.03	0.0	1	present_gold
28	28	ENSG00000113648	MACROH2A1	MACROH2A1:HGNC:4740	variant	peritoneum	97.03	0.0	1	present_gold
28	28	ENSG00000113648	MACROH2A1	MACROH2A1:HGNC:4740	variant	pharyngeal mucosa	99.11666666666667	0.0550757054728608	3	present_gold
28	28	ENSG00000113648	MACROH2A1	MACROH2A1:HGNC:4740	variant	pigmented layer of retina	97.2575	0.8330016006387203	4	present_gold
28	28	ENSG00000113648	MACROH2A1	MACROH2A1:HGNC:4740	variant	pituitary gland	97.82857142857142	0.3782928686950024	14	present_gold
28	28	ENSG00000113648	MACROH2A1	MACROH2A1:HGNC:4740	variant	placenta	97.1025	0.4499166589491919	4	present_gold
28	28	ENSG00000113648	MACROH2A1	MACROH2A1:HGNC:4740	variant	pleura	97.69	0.0	1	present_gold
28	28	ENSG00000113648	MACROH2A1	MACROH2A1:HGNC:4740	variant	pons	97.0	0.0	1	present_gold
28	28	ENSG00000113648	MACROH2A1	MACROH2A1:HGNC:4740	variant	popliteal artery	95.95	0.0	1	present_gold
28	28	ENSG00000113648	MACROH2A1	MACROH2A1:HGNC:4740	variant	postcentral gyrus	96.91266666666668	0.2139581623544551	15	present_gold
28	28	ENSG00000113648	MACROH2A1	MACROH2A1:HGNC:4740	variant	prefrontal cortex	96.13	0.7423835486682985	10	present_gold
28	28	ENSG00000113648	MACROH2A1	MACROH2A1:HGNC:4740	variant	primary visual cortex	95.39888888888888	0.6033540512096589	9	present_gold
28	28	ENSG00000113648	MACROH2A1	MACROH2A1:HGNC:4740	variant	primordial germ cell in gonad	90.41	0.0	1	present_gold
28	28	ENSG00000113648	MACROH2A1	MACROH2A1:HGNC:4740	variant	prostate gland	95.75333333333332	0.9847484002346508	18	present_gold
28	28	ENSG00000113648	MACROH2A1	MACROH2A1:HGNC:4740	variant	putamen	96.22125	0.3743594529326056	16	present_gold
28	28	ENSG00000113648	MACROH2A1	MACROH2A1:HGNC:4740	variant	pylorus	98.38333333333333	0.2307234997422933	3	present_gold
28	28	ENSG00000113648	MACROH2A1	MACROH2A1:HGNC:4740	variant	quadriceps femoris	89.997	5.04024445940138	20	present_gold
28	28	ENSG00000113648	MACROH2A1	MACROH2A1:HGNC:4740	variant	rectum	98.38	0.0	1	present_gold
28	28	ENSG00000113648	MACROH2A1	MACROH2A1:HGNC:4740	variant	renal glomerulus	93.35	0.0	1	present_gold
28	28	ENSG00000113648	MACROH2A1	MACROH2A1:HGNC:4740	variant	renal medulla	97.57666666666668	0.1761628034896507	3	present_gold
28	28	ENSG00000113648	MACROH2A1	MACROH2A1:HGNC:4740	variant	retina	97.19	0.0	1	present_gold
28	28	ENSG00000113648	MACROH2A1	MACROH2A1:HGNC:4740	variant	right adrenal gland	96.232	0.4098414327517405	5	present_gold
28	28	ENSG00000113648	MACROH2A1	MACROH2A1:HGNC:4740	variant	right adrenal gland cortex	96.43333333333334	0.1457166199626256	3	present_gold
28	28	ENSG00000113648	MACROH2A1	MACROH2A1:HGNC:4740	variant	right atrium auricular region	97.3509090909091	0.2133285984323003	11	present_gold
28	28	ENSG00000113648	MACROH2A1	MACROH2A1:HGNC:4740	variant	right coronary artery	96.1	0.3111269837220793	2	present_gold
28	28	ENSG00000113648	MACROH2A1	MACROH2A1:HGNC:4740	variant	right frontal lobe	95.52444444444444	0.2808518787150565	9	present_gold
28	28	ENSG00000113648	MACROH2A1	MACROH2A1:HGNC:4740	variant	right hemisphere of cerebellum	97.02888888888889	0.4271254044318945	9	present_gold
28	28	ENSG00000113648	MACROH2A1	MACROH2A1:HGNC:4740	variant	right lobe of liver	93.06888888888888	0.7300247332187543	9	present_gold
28	28	ENSG00000113648	MACROH2A1	MACROH2A1:HGNC:4740	variant	right lobe of thyroid gland	96.45375	0.7133209556113496	8	present_gold
28	28	ENSG00000113648	MACROH2A1	MACROH2A1:HGNC:4740	variant	right lung	97.945	0.0494974746830635	2	present_gold
28	28	ENSG00000113648	MACROH2A1	MACROH2A1:HGNC:4740	variant	right ovary	96.16	0.5941801073748582	5	present_gold
28	28	ENSG00000113648	MACROH2A1	MACROH2A1:HGNC:4740	variant	right testis	92.772	1.418879839873694	5	present_gold
28	28	ENSG00000113648	MACROH2A1	MACROH2A1:HGNC:4740	variant	right uterine tube	96.39	0.0	1	present_gold
28	28	ENSG00000113648	MACROH2A1	MACROH2A1:HGNC:4740	variant	saliva-secreting gland	97.016	0.4883441409498002	5	present_gold
28	28	ENSG00000113648	MACROH2A1	MACROH2A1:HGNC:4740	variant	saphenous vein	95.69333333333331	1.4368484030451223	3	present_gold
28	28	ENSG00000113648	MACROH2A1	MACROH2A1:HGNC:4740	variant	secondary oocyte	82.04	0.0	1	present_gold
28	28	ENSG00000113648	MACROH2A1	MACROH2A1:HGNC:4740	variant	seminal vesicle	96.27	0.0	1	present_gold
28	28	ENSG00000113648	MACROH2A1	MACROH2A1:HGNC:4740	variant	sigmoid colon	96.83	0.2649528259898391	4	present_gold
28	28	ENSG00000113648	MACROH2A1	MACROH2A1:HGNC:4740	variant	skeletal muscle organ	95.68	0.0	1	present_gold
28	28	ENSG00000113648	MACROH2A1	MACROH2A1:HGNC:4740	variant	skeletal muscle tissue	94.38058823529413	1.8166468788272905	17	present_gold
28	28	ENSG00000113648	MACROH2A1	MACROH2A1:HGNC:4740	variant	skeletal muscle tissue of biceps brachii	95.15	0.2404163056034185	2	present_gold
28	28	ENSG00000113648	MACROH2A1	MACROH2A1:HGNC:4740	variant	skeletal muscle tissue of rectus abdominis	96.33	0.1414213562373115	2	present_gold
28	28	ENSG00000113648	MACROH2A1	MACROH2A1:HGNC:4740	variant	skin of abdomen	97.65	0.126139252856165	10	present_gold
28	28	ENSG00000113648	MACROH2A1	MACROH2A1:HGNC:4740	variant	skin of hip	98.17	0.0	1	present_gold
28	28	ENSG00000113648	MACROH2A1	MACROH2A1:HGNC:4740	variant	skin of leg	97.55916666666668	0.1542994923301218	12	present_gold
28	28	ENSG00000113648	MACROH2A1	MACROH2A1:HGNC:4740	variant	small intestine	97.925	0.007071067811869	2	present_gold
28	28	ENSG00000113648	MACROH2A1	MACROH2A1:HGNC:4740	variant	small intestine Peyer's patch	97.88636363636364	0.5397642583067683	11	present_gold
28	28	ENSG00000113648	MACROH2A1	MACROH2A1:HGNC:4740	variant	smooth muscle tissue	95.3	3.0264170234784245	2	present_gold
28	28	ENSG00000113648	MACROH2A1	MACROH2A1:HGNC:4740	variant	sperm	91.26	0.0	1	present_gold
28	28	ENSG00000113648	MACROH2A1	MACROH2A1:HGNC:4740	variant	spinal cord	96.408	0.8689303769577869	10	present_gold
28	28	ENSG00000113648	MACROH2A1	MACROH2A1:HGNC:4740	variant	spleen	97.69	0.1373118547487639	12	present_gold
28	28	ENSG00000113648	MACROH2A1	MACROH2A1:HGNC:4740	variant	squamous epithelium	98.84	0.1153256259467028	3	present_gold
28	28	ENSG00000113648	MACROH2A1	MACROH2A1:HGNC:4740	variant	stomach	96.99416666666669	0.4657049072170725	12	present_gold
28	28	ENSG00000113648	MACROH2A1	MACROH2A1:HGNC:4740	variant	stromal cell of endometrium	97.91	0.0	1	present_gold
28	28	ENSG00000113648	MACROH2A1	MACROH2A1:HGNC:4740	variant	subcutaneous adipose tissue	95.94947368421052	1.6994883991111702	19	present_gold
28	28	ENSG00000113648	MACROH2A1	MACROH2A1:HGNC:4740	variant	substantia nigra	94.92956521739131	2.006001174342241	23	present_gold
28	28	ENSG00000113648	MACROH2A1	MACROH2A1:HGNC:4740	variant	substantia nigra pars compacta	98.33	0.4949747468305853	2	present_gold
28	28	ENSG00000113648	MACROH2A1	MACROH2A1:HGNC:4740	variant	substantia nigra pars reticulata	98.18	0.2687005768508949	2	present_gold
28	28	ENSG00000113648	MACROH2A1	MACROH2A1:HGNC:4740	variant	subthalamic nucleus	96.7975	0.3052282518285057	8	present_gold
28	28	ENSG00000113648	MACROH2A1	MACROH2A1:HGNC:4740	variant	superficial temporal artery	96.18	0.0	1	present_gold
28	28	ENSG00000113648	MACROH2A1	MACROH2A1:HGNC:4740	variant	superior frontal gyrus	96.348	1.359102031980432	25	present_gold
28	28	ENSG00000113648	MACROH2A1	MACROH2A1:HGNC:4740	variant	superior surface of tongue	98.42666666666666	0.4841831609353397	3	present_gold
28	28	ENSG00000113648	MACROH2A1	MACROH2A1:HGNC:4740	variant	superior vestibular nucleus	97.202	0.3307113545072171	5	present_gold
28	28	ENSG00000113648	MACROH2A1	MACROH2A1:HGNC:4740	variant	sural nerve	94.93	1.8719241437622376	3	present_gold
28	28	ENSG00000113648	MACROH2A1	MACROH2A1:HGNC:4740	variant	synovial joint	97.77	0.1131370849898451	2	present_gold
28	28	ENSG00000113648	MACROH2A1	MACROH2A1:HGNC:4740	variant	telencephalon	96.03	0.0	1	present_gold
28	28	ENSG00000113648	MACROH2A1	MACROH2A1:HGNC:4740	variant	temporal lobe	96.30875	0.1879542117492592	8	present_gold
28	28	ENSG00000113648	MACROH2A1	MACROH2A1:HGNC:4740	variant	tendon	90.448	3.0138131992543924	5	present_gold
28	28	ENSG00000113648	MACROH2A1	MACROH2A1:HGNC:4740	variant	tendon of biceps brachii	86.83	0.0	1	present_gold
28	28	ENSG00000113648	MACROH2A1	MACROH2A1:HGNC:4740	variant	testis	94.39769230769232	3.592930915576107	13	present_gold
28	28	ENSG00000113648	MACROH2A1	MACROH2A1:HGNC:4740	variant	thoracic aorta	95.62	0.2714406012371801	6	present_gold
28	28	ENSG00000113648	MACROH2A1	MACROH2A1:HGNC:4740	variant	thoracic mammary gland	96.82	0.4206117993046376	15	present_gold
28	28	ENSG00000113648	MACROH2A1	MACROH2A1:HGNC:4740	variant	thymus	98.9825	0.8935463054593205	4	present_gold
28	28	ENSG00000113648	MACROH2A1	MACROH2A1:HGNC:4740	variant	thyroid gland	96.58705882352942	0.3468566834061712	17	present_gold
28	28	ENSG00000113648	MACROH2A1	MACROH2A1:HGNC:4740	variant	tibia	98.33	0.0	1	present_gold
28	28	ENSG00000113648	MACROH2A1	MACROH2A1:HGNC:4740	variant	tibial artery	96.11272727272728	0.1970832772759223	11	present_gold
28	28	ENSG00000113648	MACROH2A1	MACROH2A1:HGNC:4740	variant	tibial nerve	96.10272727272726	0.1890550665330553	11	present_gold
28	28	ENSG00000113648	MACROH2A1	MACROH2A1:HGNC:4740	variant	tibialis anterior	0.0	0.0	0	observed_zero
28	28	ENSG00000113648	MACROH2A1	MACROH2A1:HGNC:4740	variant	tongue	98.43	0.0	1	present_gold
28	28	ENSG00000113648	MACROH2A1	MACROH2A1:HGNC:4740	variant	tongue squamous epithelium	99.23	0.0	1	present_gold
28	28	ENSG00000113648	MACROH2A1	MACROH2A1:HGNC:4740	variant	tonsil	98.69	0.4001499718855423	6	present_gold
28	28	ENSG00000113648	MACROH2A1	MACROH2A1:HGNC:4740	variant	trabecular bone tissue	99.105	0.2260530911091457	4	present_gold
28	28	ENSG00000113648	MACROH2A1	MACROH2A1:HGNC:4740	variant	trachea	97.94	0.212837966537928	3	present_gold
28	28	ENSG00000113648	MACROH2A1	MACROH2A1:HGNC:4740	variant	transverse colon	97.711	0.1979028942576543	10	present_gold
28	28	ENSG00000113648	MACROH2A1	MACROH2A1:HGNC:4740	variant	triceps brachii	92.58	1.4283556979968333	2	present_gold
28	28	ENSG00000113648	MACROH2A1	MACROH2A1:HGNC:4740	variant	trigeminal ganglion	96.23166666666668	0.4290648746596068	6	present_gold
28	28	ENSG00000113648	MACROH2A1	MACROH2A1:HGNC:4740	variant	type B pancreatic cell	97.67	0.0	1	present_gold
28	28	ENSG00000113648	MACROH2A1	MACROH2A1:HGNC:4740	variant	upper arm skin	86.8025	0.462916479147879	4	present_gold
28	28	ENSG00000113648	MACROH2A1	MACROH2A1:HGNC:4740	variant	upper leg skin	98.42	0.0	1	present_gold
28	28	ENSG00000113648	MACROH2A1	MACROH2A1:HGNC:4740	variant	upper lobe of left lung	97.865	0.393155730686236	8	present_gold
28	28	ENSG00000113648	MACROH2A1	MACROH2A1:HGNC:4740	variant	upper lobe of lung	98.7325	0.4603169198135902	4	present_gold
28	28	ENSG00000113648	MACROH2A1	MACROH2A1:HGNC:4740	variant	urethra	97.73333333333332	0.0650640709864747	3	present_gold
28	28	ENSG00000113648	MACROH2A1	MACROH2A1:HGNC:4740	variant	urinary bladder	97.27875	0.2695200761141397	8	present_gold
28	28	ENSG00000113648	MACROH2A1	MACROH2A1:HGNC:4740	variant	uterine cervix	97.63	0.4667976006793531	5	present_gold
28	28	ENSG00000113648	MACROH2A1	MACROH2A1:HGNC:4740	variant	uterus	96.88	0.1131370849898451	2	present_gold
28	28	ENSG00000113648	MACROH2A1	MACROH2A1:HGNC:4740	variant	vagina	98.73916666666666	0.9333756754464676	12	present_gold
28	28	ENSG00000113648	MACROH2A1	MACROH2A1:HGNC:4740	variant	vastus lateralis	93.76863636363636	1.9359783928707317	22	present_gold
28	28	ENSG00000113648	MACROH2A1	MACROH2A1:HGNC:4740	variant	vena cava	95.47	0.0	1	present_gold
28	28	ENSG00000113648	MACROH2A1	MACROH2A1:HGNC:4740	variant	ventral tegmental area	97.02	0.4191419807177498	6	present_gold
28	28	ENSG00000113648	MACROH2A1	MACROH2A1:HGNC:4740	variant	ventricular zone	98.815	0.1060660171779861	2	present_gold
28	28	ENSG00000113648	MACROH2A1	MACROH2A1:HGNC:4740	variant	vermiform appendix	98.365	0.2043689474129246	4	present_gold
28	28	ENSG00000113648	MACROH2A1	MACROH2A1:HGNC:4740	variant	visceral pleura	98.0175	1.318948444784703	4	present_gold
28	28	ENSG00000113648	MACROH2A1	MACROH2A1:HGNC:4740	variant	zone of skin	95.94066666666669	2.791160707526187	15	present_gold
29	29	ENSG00000099284	MACROH2A2	MACROH2A2:HGNC:14453	variant	Ammon's horn	77.00818181818182	2.8373187147688386	22	present_gold
29	29	ENSG00000099284	MACROH2A2	MACROH2A2:HGNC:14453	variant	Brodmann (1909) area 23	78.598	3.0984786589550684	5	present_gold
29	29	ENSG00000099284	MACROH2A2	MACROH2A2:HGNC:14453	variant	Brodmann (1909) area 46	76.52666666666667	1.5621246215758018	3	present_gold
29	29	ENSG00000099284	MACROH2A2	MACROH2A2:HGNC:14453	variant	Brodmann (1909) area 9	80.7125	1.1990800044796248	8	present_gold
29	29	ENSG00000099284	MACROH2A2	MACROH2A2:HGNC:14453	variant	C1 segment of cervical spinal cord	81.49888888888889	2.1246731774819176	9	present_gold
29	29	ENSG00000099284	MACROH2A2	MACROH2A2:HGNC:14453	variant	CA1 field of hippocampus	0.0	0.0	0	observed_zero
29	29	ENSG00000099284	MACROH2A2	MACROH2A2:HGNC:14453	variant	adenohypophysis	86.17	2.116213599805086	6	present_gold
29	29	ENSG00000099284	MACROH2A2	MACROH2A2:HGNC:14453	variant	adipose tissue	71.82846153846154	4.60195039476714	13	present_gold
29	29	ENSG00000099284	MACROH2A2	MACROH2A2:HGNC:14453	variant	adipose tissue of abdominal region	73.80833333333334	2.811152195571537	6	present_gold
29	29	ENSG00000099284	MACROH2A2	MACROH2A2:HGNC:14453	variant	adrenal cortex	71.43	0.0	1	present_gold
29	29	ENSG00000099284	MACROH2A2	MACROH2A2:HGNC:14453	variant	adrenal gland	73.89500000000001	3.1224402849907817	4	present_gold
29	29	ENSG00000099284	MACROH2A2	MACROH2A2:HGNC:14453	variant	adrenal tissue	81.66666666666667	2.6133758499942874	3	present_gold
29	29	ENSG00000099284	MACROH2A2	MACROH2A2:HGNC:14453	variant	adult mammalian kidney	83.38416666666667	2.0850352442337696	12	present_gold
29	29	ENSG00000099284	MACROH2A2	MACROH2A2:HGNC:14453	variant	adult organism	76.85	0.0	1	present_gold
29	29	ENSG00000099284	MACROH2A2	MACROH2A2:HGNC:14453	variant	amniotic fluid	77.81	0.0	1	present_gold
29	29	ENSG00000099284	MACROH2A2	MACROH2A2:HGNC:14453	variant	amygdala	81.30181818181818	1.1228162644156716	11	present_gold
29	29	ENSG00000099284	MACROH2A2	MACROH2A2:HGNC:14453	variant	anterior cingulate cortex	80.60888888888888	2.129016465674024	9	present_gold
29	29	ENSG00000099284	MACROH2A2	MACROH2A2:HGNC:14453	variant	aorta	76.685	0.2050609665440931	2	present_gold
29	29	ENSG00000099284	MACROH2A2	MACROH2A2:HGNC:14453	variant	apex of heart	85.87	0.0	1	present_gold
29	29	ENSG00000099284	MACROH2A2	MACROH2A2:HGNC:14453	variant	ascending aorta	76.401	0.8582469212166024	10	present_gold
29	29	ENSG00000099284	MACROH2A2	MACROH2A2:HGNC:14453	variant	biceps brachii	79.015	0.9121677477306408	2	present_gold
29	29	ENSG00000099284	MACROH2A2	MACROH2A2:HGNC:14453	variant	blood	70.8588	4.60978969151522	25	present_gold
29	29	ENSG00000099284	MACROH2A2	MACROH2A2:HGNC:14453	variant	blood vessel layer	0.0	0.0	0	observed_zero
29	29	ENSG00000099284	MACROH2A2	MACROH2A2:HGNC:14453	variant	body of pancreas	79.12100000000001	1.5196523725291056	10	present_gold
29	29	ENSG00000099284	MACROH2A2	MACROH2A2:HGNC:14453	variant	body of stomach	80.75272727272727	1.7042716386133447	11	present_gold
29	29	ENSG00000099284	MACROH2A2	MACROH2A2:HGNC:14453	variant	body of tongue	86.12666666666667	1.2744148984272474	3	present_gold
29	29	ENSG00000099284	MACROH2A2	MACROH2A2:HGNC:14453	variant	body of uterus	85.19	1.8273478048800689	5	present_gold
29	29	ENSG00000099284	MACROH2A2	MACROH2A2:HGNC:14453	variant	bone marrow	74.945	0.4454772721475317	2	present_gold
29	29	ENSG00000099284	MACROH2A2	MACROH2A2:HGNC:14453	variant	bone marrow cell	0.0	0.0	0	observed_zero
29	29	ENSG00000099284	MACROH2A2	MACROH2A2:HGNC:14453	variant	brain	82.24428571428572	4.332217182261955	21	present_gold
29	29	ENSG00000099284	MACROH2A2	MACROH2A2:HGNC:14453	variant	bronchial epithelial cell	75.03428571428572	1.0500074829665325	21	present_gold
29	29	ENSG00000099284	MACROH2A2	MACROH2A2:HGNC:14453	variant	bronchus	76.405	0.940452018978107	2	present_gold
29	29	ENSG00000099284	MACROH2A2	MACROH2A2:HGNC:14453	variant	buccal mucosa cell	0.0	0.0	0	observed_zero
29	29	ENSG00000099284	MACROH2A2	MACROH2A2:HGNC:14453	variant	caecum	88.485	3.9951533137039976	2	present_gold
29	29	ENSG00000099284	MACROH2A2	MACROH2A2:HGNC:14453	variant	calcaneal tendon	72.614	3.1156909346082435	5	present_gold
29	29	ENSG00000099284	MACROH2A2	MACROH2A2:HGNC:14453	variant	caput epididymis	79.87	2.265502151841841	3	present_gold
29	29	ENSG00000099284	MACROH2A2	MACROH2A2:HGNC:14453	variant	cardia of stomach	84.2	0.0	1	present_gold
29	29	ENSG00000099284	MACROH2A2	MACROH2A2:HGNC:14453	variant	cardiac atrium	84.57	0.7374957626996981	3	present_gold
29	29	ENSG00000099284	MACROH2A2	MACROH2A2:HGNC:14453	variant	cardiac muscle of right atrium	84.8675	0.3371819489039517	4	present_gold
29	29	ENSG00000099284	MACROH2A2	MACROH2A2:HGNC:14453	variant	cardiac ventricle	86.91000000000001	1.0073231854772335	3	present_gold
29	29	ENSG00000099284	MACROH2A2	MACROH2A2:HGNC:14453	variant	cartilage tissue	78.05	0.0	1	present_gold
29	29	ENSG00000099284	MACROH2A2	MACROH2A2:HGNC:14453	variant	cauda epididymis	80.24000000000001	0.6481512169239503	3	present_gold
29	29	ENSG00000099284	MACROH2A2	MACROH2A2:HGNC:14453	variant	caudate nucleus	80.25176470588235	1.805212021114547	17	present_gold
29	29	ENSG00000099284	MACROH2A2	MACROH2A2:HGNC:14453	variant	cerebellar cortex	88.08500000000001	0.2050609665441032	2	present_gold
29	29	ENSG00000099284	MACROH2A2	MACROH2A2:HGNC:14453	variant	cerebellar hemisphere	88.21818181818182	0.5770757000917328	11	present_gold
29	29	ENSG00000099284	MACROH2A2	MACROH2A2:HGNC:14453	variant	cerebellar vermis	90.25	0.0	1	present_gold
29	29	ENSG00000099284	MACROH2A2	MACROH2A2:HGNC:14453	variant	cerebellum	88.37928571428571	2.666453894899813	14	present_gold
29	29	ENSG00000099284	MACROH2A2	MACROH2A2:HGNC:14453	variant	cerebral cortex	84.42333333333333	6.916563453045162	9	present_gold
29	29	ENSG00000099284	MACROH2A2	MACROH2A2:HGNC:14453	variant	cervix epithelium	86.26599999999999	1.6592407902411292	5	present_gold
29	29	ENSG00000099284	MACROH2A2	MACROH2A2:HGNC:14453	variant	cervix squamous epithelium	0.0	0.0	0	observed_zero
29	29	ENSG00000099284	MACROH2A2	MACROH2A2:HGNC:14453	variant	choroid plexus epithelium	0.0	0.0	0	observed_zero
29	29	ENSG00000099284	MACROH2A2	MACROH2A2:HGNC:14453	variant	cingulate cortex	0.0	0.0	0	observed_zero
29	29	ENSG00000099284	MACROH2A2	MACROH2A2:HGNC:14453	variant	colon	82.135	2.9820369074924384	18	present_gold
29	29	ENSG00000099284	MACROH2A2	MACROH2A2:HGNC:14453	variant	colonic epithelium	94.04	0.0	1	present_gold
29	29	ENSG00000099284	MACROH2A2	MACROH2A2:HGNC:14453	variant	colonic mucosa	81.97	1.7078407419897186	6	present_gold
29	29	ENSG00000099284	MACROH2A2	MACROH2A2:HGNC:14453	variant	connective tissue	72.34	0.0	1	present_gold
29	29	ENSG00000099284	MACROH2A2	MACROH2A2:HGNC:14453	variant	coronary artery	79.92500000000001	0.3606244584051428	2	present_gold
29	29	ENSG00000099284	MACROH2A2	MACROH2A2:HGNC:14453	variant	corpus callosum	79.18777777777778	4.074039082341312	9	present_gold
29	29	ENSG00000099284	MACROH2A2	MACROH2A2:HGNC:14453	variant	corpus epididymis	80.31	0.4334743360338647	3	present_gold
29	29	ENSG00000099284	MACROH2A2	MACROH2A2:HGNC:14453	variant	cortex of kidney	84.02799999999999	2.58382855468392	5	present_gold
29	29	ENSG00000099284	MACROH2A2	MACROH2A2:HGNC:14453	variant	cortical plate	97.975	0.1202081528017142	2	present_gold
29	29	ENSG00000099284	MACROH2A2	MACROH2A2:HGNC:14453	variant	cranial nerve II	0.0	0.0	0	observed_zero
29	29	ENSG00000099284	MACROH2A2	MACROH2A2:HGNC:14453	variant	decidua	77.63	6.816509370638319	2	present_gold
29	29	ENSG00000099284	MACROH2A2	MACROH2A2:HGNC:14453	variant	deltoid	78.59	0.0	1	present_gold
29	29	ENSG00000099284	MACROH2A2	MACROH2A2:HGNC:14453	variant	descending thoracic aorta	75.90333333333332	0.9881970113966856	3	present_gold
29	29	ENSG00000099284	MACROH2A2	MACROH2A2:HGNC:14453	variant	diaphragm	0.0	0.0	0	observed_zero
29	29	ENSG00000099284	MACROH2A2	MACROH2A2:HGNC:14453	variant	dorsal motor nucleus of vagus nerve	80.13	0.0	1	present_gold
29	29	ENSG00000099284	MACROH2A2	MACROH2A2:HGNC:14453	variant	dorsal plus ventral thalamus	80.99	0.0	1	present_gold
29	29	ENSG00000099284	MACROH2A2	MACROH2A2:HGNC:14453	variant	dorsal root ganglion	81.14	1.345139397980742	4	present_gold
29	29	ENSG00000099284	MACROH2A2	MACROH2A2:HGNC:14453	variant	dorsolateral prefrontal cortex	79.24666666666667	1.7131793056575633	21	present_gold
29	29	ENSG00000099284	MACROH2A2	MACROH2A2:HGNC:14453	variant	duodenum	79.68	1.0209309477138968	3	present_gold
29	29	ENSG00000099284	MACROH2A2	MACROH2A2:HGNC:14453	variant	ectocervix	85.598	1.8868545253940503	5	present_gold
29	29	ENSG00000099284	MACROH2A2	MACROH2A2:HGNC:14453	variant	embryo	97.28333333333336	0.5487683178415699	6	present_gold
29	29	ENSG00000099284	MACROH2A2	MACROH2A2:HGNC:14453	variant	endocervix	84.19	2.0542395186540423	3	present_gold
29	29	ENSG00000099284	MACROH2A2	MACROH2A2:HGNC:14453	variant	endometrium	90.046875	2.9807643734451728	16	present_gold
29	29	ENSG00000099284	MACROH2A2	MACROH2A2:HGNC:14453	variant	endothelial cell	0.0	0.0	0	observed_zero
29	29	ENSG00000099284	MACROH2A2	MACROH2A2:HGNC:14453	variant	entorhinal cortex	80.48400000000001	3.631145099943283	20	present_gold
29	29	ENSG00000099284	MACROH2A2	MACROH2A2:HGNC:14453	variant	epithelial cell of pancreas	0.0	0.0	0	observed_zero
29	29	ENSG00000099284	MACROH2A2	MACROH2A2:HGNC:14453	variant	epithelium of bronchus	76.11384615384615	2.081411934487173	13	present_gold
29	29	ENSG00000099284	MACROH2A2	MACROH2A2:HGNC:14453	variant	epithelium of esophagus	88.21	0.0	1	present_gold
29	29	ENSG00000099284	MACROH2A2	MACROH2A2:HGNC:14453	variant	epithelium of mammary gland	86.66666666666667	2.717652172985597	3	present_gold
29	29	ENSG00000099284	MACROH2A2	MACROH2A2:HGNC:14453	variant	epithelium of nasopharynx	84.44	0.0	1	present_gold
29	29	ENSG00000099284	MACROH2A2	MACROH2A2:HGNC:14453	variant	esophagogastric junction muscularis propria	82.13363636363637	1.7016302343768612	11	present_gold
29	29	ENSG00000099284	MACROH2A2	MACROH2A2:HGNC:14453	variant	esophagus	84.90142857142857	0.4398268057401909	7	present_gold
29	29	ENSG00000099284	MACROH2A2	MACROH2A2:HGNC:14453	variant	esophagus mucosa	86.26363636363637	0.6635099506001788	11	present_gold
29	29	ENSG00000099284	MACROH2A2	MACROH2A2:HGNC:14453	variant	esophagus squamous epithelium	87.94	0.0	1	present_gold
29	29	ENSG00000099284	MACROH2A2	MACROH2A2:HGNC:14453	variant	fallopian tube	81.815	0.9121677477306408	2	present_gold
29	29	ENSG00000099284	MACROH2A2	MACROH2A2:HGNC:14453	variant	female reproductive system	82.99	0.0	1	present_gold
29	29	ENSG00000099284	MACROH2A2	MACROH2A2:HGNC:14453	variant	forebrain	93.65	2.8991378028648507	2	present_gold
29	29	ENSG00000099284	MACROH2A2	MACROH2A2:HGNC:14453	variant	frontal cortex	81.82631578947368	3.2362619220437305	19	present_gold
29	29	ENSG00000099284	MACROH2A2	MACROH2A2:HGNC:14453	variant	fundus of stomach	81.28428571428572	2.023082278297625	7	present_gold
29	29	ENSG00000099284	MACROH2A2	MACROH2A2:HGNC:14453	variant	gall bladder	81.73	0.0	1	present_gold
29	29	ENSG00000099284	MACROH2A2	MACROH2A2:HGNC:14453	variant	ganglionic eminence	97.335	0.473761543394988	2	present_gold
29	29	ENSG00000099284	MACROH2A2	MACROH2A2:HGNC:14453	variant	gastrocnemius	80.2823076923077	0.6496685545485706	13	present_gold
29	29	ENSG00000099284	MACROH2A2	MACROH2A2:HGNC:14453	variant	germinal epithelium of ovary	86.19	0.0	1	present_gold
29	29	ENSG00000099284	MACROH2A2	MACROH2A2:HGNC:14453	variant	gingiva	82.395	0.4596194077712599	2	present_gold
29	29	ENSG00000099284	MACROH2A2	MACROH2A2:HGNC:14453	variant	gingival epithelium	90.96	0.0	1	present_gold
29	29	ENSG00000099284	MACROH2A2	MACROH2A2:HGNC:14453	variant	globus pallidus	0.0	0.0	0	observed_zero
29	29	ENSG00000099284	MACROH2A2	MACROH2A2:HGNC:14453	variant	gluteal muscle	0.0	0.0	0	observed_zero
29	29	ENSG00000099284	MACROH2A2	MACROH2A2:HGNC:14453	variant	granulocyte	75.59	0.0	1	present_gold
29	29	ENSG00000099284	MACROH2A2	MACROH2A2:HGNC:14453	variant	hair follicle	0.0	0.0	0	observed_zero
29	29	ENSG00000099284	MACROH2A2	MACROH2A2:HGNC:14453	variant	heart	84.95133333333334	2.5407447352152115	15	present_gold
29	29	ENSG00000099284	MACROH2A2	MACROH2A2:HGNC:14453	variant	heart left ventricle	86.19470588235293	1.3672879984071529	17	present_gold
29	29	ENSG00000099284	MACROH2A2	MACROH2A2:HGNC:14453	variant	heart right ventricle	83.14166666666667	1.822870447033104	6	present_gold
29	29	ENSG00000099284	MACROH2A2	MACROH2A2:HGNC:14453	variant	hindlimb stylopod muscle	84.91499999999999	2.255670631985095	2	present_gold
29	29	ENSG00000099284	MACROH2A2	MACROH2A2:HGNC:14453	variant	hypothalamus	81.58200000000001	1.9666294588893545	15	present_gold
29	29	ENSG00000099284	MACROH2A2	MACROH2A2:HGNC:14453	variant	ileal mucosa	0.0	0.0	0	observed_zero
29	29	ENSG00000099284	MACROH2A2	MACROH2A2:HGNC:14453	variant	inferior olivary complex	79.315	0.0919238815542479	2	present_gold
29	29	ENSG00000099284	MACROH2A2	MACROH2A2:HGNC:14453	variant	inferior vagus X ganglion	80.22	1.0040916292848987	2	present_gold
29	29	ENSG00000099284	MACROH2A2	MACROH2A2:HGNC:14453	variant	intestine	88.06	4.28952988877181	4	present_gold
29	29	ENSG00000099284	MACROH2A2	MACROH2A2:HGNC:14453	variant	islet of Langerhans	87.50666666666666	2.605484890601272	12	present_gold
29	29	ENSG00000099284	MACROH2A2	MACROH2A2:HGNC:14453	variant	jejunal mucosa	75.79	0.0	1	present_gold
29	29	ENSG00000099284	MACROH2A2	MACROH2A2:HGNC:14453	variant	jejunum	82.785	2.481944801964785	2	present_gold
29	29	ENSG00000099284	MACROH2A2	MACROH2A2:HGNC:14453	variant	kidney	87.33	4.968327686455474	6	present_gold
29	29	ENSG00000099284	MACROH2A2	MACROH2A2:HGNC:14453	variant	kidney epithelium	81.61	0.0	1	present_gold
29	29	ENSG00000099284	MACROH2A2	MACROH2A2:HGNC:14453	variant	large intestine	82.035	0.2192031021678313	2	present_gold
29	29	ENSG00000099284	MACROH2A2	MACROH2A2:HGNC:14453	variant	lateral globus pallidus	0.0	0.0	0	observed_zero
29	29	ENSG00000099284	MACROH2A2	MACROH2A2:HGNC:14453	variant	lateral nuclear group of thalamus	83.7	0.0	1	present_gold
29	29	ENSG00000099284	MACROH2A2	MACROH2A2:HGNC:14453	variant	layer of synovial tissue	78.23	0.0	1	present_gold
29	29	ENSG00000099284	MACROH2A2	MACROH2A2:HGNC:14453	variant	left adrenal gland	70.05	1.147855142677606	8	present_gold
29	29	ENSG00000099284	MACROH2A2	MACROH2A2:HGNC:14453	variant	left adrenal gland cortex	68.86375	3.0794801857270824	8	present_gold
29	29	ENSG00000099284	MACROH2A2	MACROH2A2:HGNC:14453	variant	left coronary artery	77.62555555555555	1.76115807858857	9	present_gold
29	29	ENSG00000099284	MACROH2A2	MACROH2A2:HGNC:14453	variant	left lobe of thyroid gland	80.56181818181818	2.1142649700632035	11	present_gold
29	29	ENSG00000099284	MACROH2A2	MACROH2A2:HGNC:14453	variant	left ovary	84.712	1.401863046092591	5	present_gold
29	29	ENSG00000099284	MACROH2A2	MACROH2A2:HGNC:14453	variant	left testis	80.99	1.0653074673539062	6	present_gold
29	29	ENSG00000099284	MACROH2A2	MACROH2A2:HGNC:14453	variant	left uterine tube	84.375	3.3587572106361008	2	present_gold
29	29	ENSG00000099284	MACROH2A2	MACROH2A2:HGNC:14453	variant	left ventricle myocardium	0.0	0.0	0	observed_zero
29	29	ENSG00000099284	MACROH2A2	MACROH2A2:HGNC:14453	variant	leukocyte	80.73	0.0	1	present_gold
29	29	ENSG00000099284	MACROH2A2	MACROH2A2:HGNC:14453	variant	liver	82.71000000000001	3.52806939900713	20	present_gold
29	29	ENSG00000099284	MACROH2A2	MACROH2A2:HGNC:14453	variant	lower esophagus	82.97	0.5232590180780515	2	present_gold
29	29	ENSG00000099284	MACROH2A2	MACROH2A2:HGNC:14453	variant	lower esophagus mucosa	86.75	0.0	1	present_gold
29	29	ENSG00000099284	MACROH2A2	MACROH2A2:HGNC:14453	variant	lower esophagus muscularis layer	83.50181818181818	0.6696389800753573	11	present_gold
29	29	ENSG00000099284	MACROH2A2	MACROH2A2:HGNC:14453	variant	lower lobe of lung	0.0	0.0	0	observed_zero
29	29	ENSG00000099284	MACROH2A2	MACROH2A2:HGNC:14453	variant	lung	79.4875	6.822806362976065	16	present_gold
29	29	ENSG00000099284	MACROH2A2	MACROH2A2:HGNC:14453	variant	lymph node	80.63166666666666	2.969467404546928	6	present_gold
29	29	ENSG00000099284	MACROH2A2	MACROH2A2:HGNC:14453	variant	male germ cell	0.0	0.0	0	observed_zero
29	29	ENSG00000099284	MACROH2A2	MACROH2A2:HGNC:14453	variant	male germ line stem cell (sensu Vertebrata) in testis	79.89	0.0	1	present_gold
29	29	ENSG00000099284	MACROH2A2	MACROH2A2:HGNC:14453	variant	mammalian vulva	82.212	0.5166913972575878	5	present_gold
29	29	ENSG00000099284	MACROH2A2	MACROH2A2:HGNC:14453	variant	mammary duct	83.24	0.0	1	present_gold
29	29	ENSG00000099284	MACROH2A2	MACROH2A2:HGNC:14453	variant	mammary gland	81.56	0.0	1	present_gold
29	29	ENSG00000099284	MACROH2A2	MACROH2A2:HGNC:14453	variant	medial globus pallidus	0.0	0.0	0	observed_zero
29	29	ENSG00000099284	MACROH2A2	MACROH2A2:HGNC:14453	variant	medulla oblongata	82.645	1.2876982048083618	4	present_gold
29	29	ENSG00000099284	MACROH2A2	MACROH2A2:HGNC:14453	variant	metanephric glomerulus	81.88285714285715	2.217797062294884	7	present_gold
29	29	ENSG00000099284	MACROH2A2	MACROH2A2:HGNC:14453	variant	metanephros	90.25	3.842473161910176	4	present_gold
29	29	ENSG00000099284	MACROH2A2	MACROH2A2:HGNC:14453	variant	metanephros cortex	83.965	0.8131727983645337	2	present_gold
29	29	ENSG00000099284	MACROH2A2	MACROH2A2:HGNC:14453	variant	midbrain	82.3	1.6076691201861142	5	present_gold
29	29	ENSG00000099284	MACROH2A2	MACROH2A2:HGNC:14453	variant	middle temporal gyrus	77.61666666666667	1.820064101435264	3	present_gold
29	29	ENSG00000099284	MACROH2A2	MACROH2A2:HGNC:14453	variant	minor salivary gland	79.069	2.294599698809745	10	present_gold
29	29	ENSG00000099284	MACROH2A2	MACROH2A2:HGNC:14453	variant	monocyte	71.64	0.0	1	present_gold
29	29	ENSG00000099284	MACROH2A2	MACROH2A2:HGNC:14453	variant	mononuclear cell	71.62	0.0	1	present_gold
29	29	ENSG00000099284	MACROH2A2	MACROH2A2:HGNC:14453	variant	mouth mucosa	79.2575	1.3654639016344112	4	present_gold
29	29	ENSG00000099284	MACROH2A2	MACROH2A2:HGNC:14453	variant	mucosa of paranasal sinus	0.0	0.0	0	observed_zero
29	29	ENSG00000099284	MACROH2A2	MACROH2A2:HGNC:14453	variant	mucosa of sigmoid colon	83.23	0.0	1	present_gold
29	29	ENSG00000099284	MACROH2A2	MACROH2A2:HGNC:14453	variant	mucosa of stomach	74.05	0.0	1	present_gold
29	29	ENSG00000099284	MACROH2A2	MACROH2A2:HGNC:14453	variant	mucosa of transverse colon	86.79	0.0	1	present_gold
29	29	ENSG00000099284	MACROH2A2	MACROH2A2:HGNC:14453	variant	mucosa of urinary bladder	0.0	0.0	0	observed_zero
29	29	ENSG00000099284	MACROH2A2	MACROH2A2:HGNC:14453	variant	muscle layer of sigmoid colon	82.58454545454545	2.42487675413149	11	present_gold
29	29	ENSG00000099284	MACROH2A2	MACROH2A2:HGNC:14453	variant	muscle of leg	81.14500000000001	0.940452018978107	2	present_gold
29	29	ENSG00000099284	MACROH2A2	MACROH2A2:HGNC:14453	variant	muscle organ	0.0	0.0	0	observed_zero
29	29	ENSG00000099284	MACROH2A2	MACROH2A2:HGNC:14453	variant	muscle tissue	81.35	0.0	1	present_gold
29	29	ENSG00000099284	MACROH2A2	MACROH2A2:HGNC:14453	variant	myocardium	84.0125	2.21530095773313	4	present_gold
29	29	ENSG00000099284	MACROH2A2	MACROH2A2:HGNC:14453	variant	myometrium	84.0025	1.5912596088813262	8	present_gold
29	29	ENSG00000099284	MACROH2A2	MACROH2A2:HGNC:14453	variant	nasal cavity epithelium	80.24	0.0	1	present_gold
29	29	ENSG00000099284	MACROH2A2	MACROH2A2:HGNC:14453	variant	nasal cavity mucosa	0.0	0.0	0	observed_zero
29	29	ENSG00000099284	MACROH2A2	MACROH2A2:HGNC:14453	variant	neocortex	94.45	0.0	1	present_gold
29	29	ENSG00000099284	MACROH2A2	MACROH2A2:HGNC:14453	variant	nephron tubule	81.81666666666666	0.7215492591177225	3	present_gold
29	29	ENSG00000099284	MACROH2A2	MACROH2A2:HGNC:14453	variant	nipple	83.99666666666667	1.971302445930946	3	present_gold
29	29	ENSG00000099284	MACROH2A2	MACROH2A2:HGNC:14453	variant	nucleus accumbens	82.30230769230769	1.0669985461264218	13	present_gold
29	29	ENSG00000099284	MACROH2A2	MACROH2A2:HGNC:14453	variant	occipital lobe	82.8325	2.341030755885105	4	present_gold
29	29	ENSG00000099284	MACROH2A2	MACROH2A2:HGNC:14453	variant	olfactory bulb	0.0	0.0	0	observed_zero
29	29	ENSG00000099284	MACROH2A2	MACROH2A2:HGNC:14453	variant	olfactory segment of nasal mucosa	79.41	0.0	1	present_gold
29	29	ENSG00000099284	MACROH2A2	MACROH2A2:HGNC:14453	variant	omental fat pad	76.75454545454545	1.397772253526041	11	present_gold
29	29	ENSG00000099284	MACROH2A2	MACROH2A2:HGNC:14453	variant	oocyte	79.61	0.0	1	present_gold
29	29	ENSG00000099284	MACROH2A2	MACROH2A2:HGNC:14453	variant	oral cavity	79.355	1.0817716949523133	6	present_gold
29	29	ENSG00000099284	MACROH2A2	MACROH2A2:HGNC:14453	variant	orbitofrontal cortex	75.23	0.0424264068711944	2	present_gold
29	29	ENSG00000099284	MACROH2A2	MACROH2A2:HGNC:14453	variant	ovary	81.77363636363636	5.235735426331763	11	present_gold
29	29	ENSG00000099284	MACROH2A2	MACROH2A2:HGNC:14453	variant	oviduct epithelium	78.77333333333333	5.40830225979774	3	present_gold
29	29	ENSG00000099284	MACROH2A2	MACROH2A2:HGNC:14453	variant	palpebral conjunctiva	79.68166666666667	1.2937452093309063	6	present_gold
29	29	ENSG00000099284	MACROH2A2	MACROH2A2:HGNC:14453	variant	pancreas	82.655	0.0494974746830535	2	present_gold
29	29	ENSG00000099284	MACROH2A2	MACROH2A2:HGNC:14453	variant	pancreatic ductal cell	0.0	0.0	0	observed_zero
29	29	ENSG00000099284	MACROH2A2	MACROH2A2:HGNC:14453	variant	parietal lobe	79.456	1.7070530161655764	5	present_gold
29	29	ENSG00000099284	MACROH2A2	MACROH2A2:HGNC:14453	variant	parietal pleura	77.5475	0.695527377845998	4	present_gold
29	29	ENSG00000099284	MACROH2A2	MACROH2A2:HGNC:14453	variant	parotid gland	0.0	0.0	0	observed_zero
29	29	ENSG00000099284	MACROH2A2	MACROH2A2:HGNC:14453	variant	penis	81.41	0.0	1	present_gold
29	29	ENSG00000099284	MACROH2A2	MACROH2A2:HGNC:14453	variant	pericardium	0.0	0.0	0	observed_zero
29	29	ENSG00000099284	MACROH2A2	MACROH2A2:HGNC:14453	variant	periodontal ligament	0.0	0.0	0	observed_zero
29	29	ENSG00000099284	MACROH2A2	MACROH2A2:HGNC:14453	variant	peritoneum	77.02	0.0	1	present_gold
29	29	ENSG00000099284	MACROH2A2	MACROH2A2:HGNC:14453	variant	pharyngeal mucosa	85.50333333333333	1.995653610558044	3	present_gold
29	29	ENSG00000099284	MACROH2A2	MACROH2A2:HGNC:14453	variant	pigmented layer of retina	84.12333333333333	6.866544497295078	3	present_gold
29	29	ENSG00000099284	MACROH2A2	MACROH2A2:HGNC:14453	variant	pituitary gland	86.28076923076924	1.5788575064397126	13	present_gold
29	29	ENSG00000099284	MACROH2A2	MACROH2A2:HGNC:14453	variant	placenta	74.975	5.069955621107547	2	present_gold
29	29	ENSG00000099284	MACROH2A2	MACROH2A2:HGNC:14453	variant	pleura	77.31	0.0	1	present_gold
29	29	ENSG00000099284	MACROH2A2	MACROH2A2:HGNC:14453	variant	pons	84.59	0.0	1	present_gold
29	29	ENSG00000099284	MACROH2A2	MACROH2A2:HGNC:14453	variant	popliteal artery	76.68	0.0	1	present_gold
29	29	ENSG00000099284	MACROH2A2	MACROH2A2:HGNC:14453	variant	postcentral gyrus	77.78933333333333	0.8459438234191162	15	present_gold
29	29	ENSG00000099284	MACROH2A2	MACROH2A2:HGNC:14453	variant	prefrontal cortex	82.55250000000001	3.754356517053603	8	present_gold
29	29	ENSG00000099284	MACROH2A2	MACROH2A2:HGNC:14453	variant	primary visual cortex	78.85000000000001	1.6921485356394297	7	present_gold
29	29	ENSG00000099284	MACROH2A2	MACROH2A2:HGNC:14453	variant	primordial germ cell in gonad	85.6	0.0	1	present_gold
29	29	ENSG00000099284	MACROH2A2	MACROH2A2:HGNC:14453	variant	prostate gland	84.45444444444445	0.7332481011075188	9	present_gold
29	29	ENSG00000099284	MACROH2A2	MACROH2A2:HGNC:14453	variant	putamen	81.08166666666666	1.7535669276354904	12	present_gold
29	29	ENSG00000099284	MACROH2A2	MACROH2A2:HGNC:14453	variant	pylorus	86.43666666666667	1.882879001246056	3	present_gold
29	29	ENSG00000099284	MACROH2A2	MACROH2A2:HGNC:14453	variant	quadriceps femoris	80.91	0.0	1	present_gold
29	29	ENSG00000099284	MACROH2A2	MACROH2A2:HGNC:14453	variant	rectum	82.81	0.0	1	present_gold
29	29	ENSG00000099284	MACROH2A2	MACROH2A2:HGNC:14453	variant	renal glomerulus	79.19	0.0	1	present_gold
29	29	ENSG00000099284	MACROH2A2	MACROH2A2:HGNC:14453	variant	renal medulla	84.38666666666667	1.205252394037586	3	present_gold
29	29	ENSG00000099284	MACROH2A2	MACROH2A2:HGNC:14453	variant	right adrenal gland	70.434	2.3496127340478923	5	present_gold
29	29	ENSG00000099284	MACROH2A2	MACROH2A2:HGNC:14453	variant	right adrenal gland cortex	67.66666666666667	1.1579435795121178	3	present_gold
29	29	ENSG00000099284	MACROH2A2	MACROH2A2:HGNC:14453	variant	right atrium auricular region	83.00636363636364	1.611361366840303	11	present_gold
29	29	ENSG00000099284	MACROH2A2	MACROH2A2:HGNC:14453	variant	right coronary artery	79.21000000000001	3.634528855298855	2	present_gold
29	29	ENSG00000099284	MACROH2A2	MACROH2A2:HGNC:14453	variant	right frontal lobe	80.87777777777778	1.277006047144822	9	present_gold
29	29	ENSG00000099284	MACROH2A2	MACROH2A2:HGNC:14453	variant	right hemisphere of cerebellum	87.63	1.131768527570896	9	present_gold
29	29	ENSG00000099284	MACROH2A2	MACROH2A2:HGNC:14453	variant	right lobe of liver	81.16111111111111	4.077016201968189	9	present_gold
29	29	ENSG00000099284	MACROH2A2	MACROH2A2:HGNC:14453	variant	right lobe of thyroid gland	81.80625	1.961311059324495	8	present_gold
29	29	ENSG00000099284	MACROH2A2	MACROH2A2:HGNC:14453	variant	right lung	73.5	3.082985565973357	2	present_gold
29	29	ENSG00000099284	MACROH2A2	MACROH2A2:HGNC:14453	variant	right ovary	84.614	1.3346647519133787	5	present_gold
29	29	ENSG00000099284	MACROH2A2	MACROH2A2:HGNC:14453	variant	right testis	83.152	2.693347359699449	5	present_gold
29	29	ENSG00000099284	MACROH2A2	MACROH2A2:HGNC:14453	variant	right uterine tube	85.09	0.0	1	present_gold
29	29	ENSG00000099284	MACROH2A2	MACROH2A2:HGNC:14453	variant	saliva-secreting gland	78.47	1.238890632784026	5	present_gold
29	29	ENSG00000099284	MACROH2A2	MACROH2A2:HGNC:14453	variant	saphenous vein	78.85	0.0	1	present_gold
29	29	ENSG00000099284	MACROH2A2	MACROH2A2:HGNC:14453	variant	secondary oocyte	80.51	0.0	1	present_gold
29	29	ENSG00000099284	MACROH2A2	MACROH2A2:HGNC:14453	variant	seminal vesicle	73.99	0.0	1	present_gold
29	29	ENSG00000099284	MACROH2A2	MACROH2A2:HGNC:14453	variant	skeletal muscle tissue	81.98125	0.7960875310811364	8	present_gold
29	29	ENSG00000099284	MACROH2A2	MACROH2A2:HGNC:14453	variant	skeletal muscle tissue of biceps brachii	0.0	0.0	0	observed_zero
29	29	ENSG00000099284	MACROH2A2	MACROH2A2:HGNC:14453	variant	skeletal muscle tissue of rectus abdominis	0.0	0.0	0	observed_zero
29	29	ENSG00000099284	MACROH2A2	MACROH2A2:HGNC:14453	variant	skin of abdomen	81.572	1.013429819967817	10	present_gold
29	29	ENSG00000099284	MACROH2A2	MACROH2A2:HGNC:14453	variant	skin of hip	0.0	0.0	0	observed_zero
29	29	ENSG00000099284	MACROH2A2	MACROH2A2:HGNC:14453	variant	skin of leg	78.91083333333333	1.2824370148158126	12	present_gold
29	29	ENSG00000099284	MACROH2A2	MACROH2A2:HGNC:14453	variant	small intestine	80.875	0.558614357137367	2	present_gold
29	29	ENSG00000099284	MACROH2A2	MACROH2A2:HGNC:14453	variant	small intestine Peyer's patch	80.00909090909092	1.1560229629679055	11	present_gold
29	29	ENSG00000099284	MACROH2A2	MACROH2A2:HGNC:14453	variant	smooth muscle tissue	86.44	0.0	1	present_gold
29	29	ENSG00000099284	MACROH2A2	MACROH2A2:HGNC:14453	variant	sperm	0.0	0.0	0	observed_zero
29	29	ENSG00000099284	MACROH2A2	MACROH2A2:HGNC:14453	variant	spinal cord	82.55428571428571	1.6289552596972203	7	present_gold
29	29	ENSG00000099284	MACROH2A2	MACROH2A2:HGNC:14453	variant	spleen	71.56666666666666	1.2081641469852544	12	present_gold
29	29	ENSG00000099284	MACROH2A2	MACROH2A2:HGNC:14453	variant	squamous epithelium	94.55333333333331	0.978383019749088	3	present_gold
29	29	ENSG00000099284	MACROH2A2	MACROH2A2:HGNC:14453	variant	stomach	84.62083333333334	4.796097766713975	12	present_gold
29	29	ENSG00000099284	MACROH2A2	MACROH2A2:HGNC:14453	variant	stromal cell of endometrium	74.97	0.0	1	present_gold
29	29	ENSG00000099284	MACROH2A2	MACROH2A2:HGNC:14453	variant	subcutaneous adipose tissue	74.99153846153845	2.157412980685611	13	present_gold
29	29	ENSG00000099284	MACROH2A2	MACROH2A2:HGNC:14453	variant	substantia nigra	79.65375	1.892380775636871	16	present_gold
29	29	ENSG00000099284	MACROH2A2	MACROH2A2:HGNC:14453	variant	substantia nigra pars compacta	80.95	0.0	1	present_gold
29	29	ENSG00000099284	MACROH2A2	MACROH2A2:HGNC:14453	variant	substantia nigra pars reticulata	0.0	0.0	0	observed_zero
29	29	ENSG00000099284	MACROH2A2	MACROH2A2:HGNC:14453	variant	subthalamic nucleus	84.345	0.6858935777509503	2	present_gold
29	29	ENSG00000099284	MACROH2A2	MACROH2A2:HGNC:14453	variant	superficial temporal artery	0.0	0.0	0	observed_zero
29	29	ENSG00000099284	MACROH2A2	MACROH2A2:HGNC:14453	variant	superior frontal gyrus	78.79217391304348	1.50773447301132	23	present_gold
29	29	ENSG00000099284	MACROH2A2	MACROH2A2:HGNC:14453	variant	superior surface of tongue	84.63333333333334	1.6274622371451026	3	present_gold
29	29	ENSG00000099284	MACROH2A2	MACROH2A2:HGNC:14453	variant	superior vestibular nucleus	81.93333333333334	1.0193298452087711	3	present_gold
29	29	ENSG00000099284	MACROH2A2	MACROH2A2:HGNC:14453	variant	sural nerve	78.54	8.876761796961775	3	present_gold
29	29	ENSG00000099284	MACROH2A2	MACROH2A2:HGNC:14453	variant	synovial joint	76.3	0.0	1	present_gold
29	29	ENSG00000099284	MACROH2A2	MACROH2A2:HGNC:14453	variant	telencephalon	80.67	0.0	1	present_gold
29	29	ENSG00000099284	MACROH2A2	MACROH2A2:HGNC:14453	variant	temporal lobe	81.40166666666666	0.6468822664648228	6	present_gold
29	29	ENSG00000099284	MACROH2A2	MACROH2A2:HGNC:14453	variant	tendon	66.11	0.0	1	present_gold
29	29	ENSG00000099284	MACROH2A2	MACROH2A2:HGNC:14453	variant	tendon of biceps brachii	0.0	0.0	0	observed_zero
29	29	ENSG00000099284	MACROH2A2	MACROH2A2:HGNC:14453	variant	testis	79.30230769230769	3.954333390611187	13	present_gold
29	29	ENSG00000099284	MACROH2A2	MACROH2A2:HGNC:14453	variant	thoracic aorta	76.43666666666667	0.9700034364200304	6	present_gold
29	29	ENSG00000099284	MACROH2A2	MACROH2A2:HGNC:14453	variant	thoracic mammary gland	81.54866666666666	4.029381141186869	15	present_gold
29	29	ENSG00000099284	MACROH2A2	MACROH2A2:HGNC:14453	variant	thymus	86.695	5.28208765546352	2	present_gold
29	29	ENSG00000099284	MACROH2A2	MACROH2A2:HGNC:14453	variant	thyroid gland	81.2	1.1032622081808114	17	present_gold
29	29	ENSG00000099284	MACROH2A2	MACROH2A2:HGNC:14453	variant	tibia	81.66	0.0	1	present_gold
29	29	ENSG00000099284	MACROH2A2	MACROH2A2:HGNC:14453	variant	tibial artery	77.02818181818182	1.1301222781789448	11	present_gold
29	29	ENSG00000099284	MACROH2A2	MACROH2A2:HGNC:14453	variant	tibial nerve	72.42636363636365	1.0144582073922304	11	present_gold
29	29	ENSG00000099284	MACROH2A2	MACROH2A2:HGNC:14453	variant	tibialis anterior	0.0	0.0	0	observed_zero
29	29	ENSG00000099284	MACROH2A2	MACROH2A2:HGNC:14453	variant	tongue	85.4	0.0	1	present_gold
29	29	ENSG00000099284	MACROH2A2	MACROH2A2:HGNC:14453	variant	tongue squamous epithelium	95.0	0.0	1	present_gold
29	29	ENSG00000099284	MACROH2A2	MACROH2A2:HGNC:14453	variant	tonsil	84.95333333333333	2.48906140275138	6	present_gold
29	29	ENSG00000099284	MACROH2A2	MACROH2A2:HGNC:14453	variant	trabecular bone tissue	0.0	0.0	0	observed_zero
29	29	ENSG00000099284	MACROH2A2	MACROH2A2:HGNC:14453	variant	trachea	82.41	0.0	1	present_gold
29	29	ENSG00000099284	MACROH2A2	MACROH2A2:HGNC:14453	variant	transverse colon	81.09400000000001	0.453460766402858	10	present_gold
29	29	ENSG00000099284	MACROH2A2	MACROH2A2:HGNC:14453	variant	triceps brachii	0.0	0.0	0	observed_zero
29	29	ENSG00000099284	MACROH2A2	MACROH2A2:HGNC:14453	variant	trigeminal ganglion	81.814	2.187185405949849	5	present_gold
29	29	ENSG00000099284	MACROH2A2	MACROH2A2:HGNC:14453	variant	type B pancreatic cell	0.0	0.0	0	observed_zero
29	29	ENSG00000099284	MACROH2A2	MACROH2A2:HGNC:14453	variant	upper arm skin	82.07333333333334	0.1401189970465625	3	present_gold
29	29	ENSG00000099284	MACROH2A2	MACROH2A2:HGNC:14453	variant	upper leg skin	0.0	0.0	0	observed_zero
29	29	ENSG00000099284	MACROH2A2	MACROH2A2:HGNC:14453	variant	upper lobe of left lung	76.28125	1.293604460412843	8	present_gold
29	29	ENSG00000099284	MACROH2A2	MACROH2A2:HGNC:14453	variant	upper lobe of lung	0.0	0.0	0	observed_zero
29	29	ENSG00000099284	MACROH2A2	MACROH2A2:HGNC:14453	variant	urethra	80.37333333333333	0.7295432360959366	3	present_gold
29	29	ENSG00000099284	MACROH2A2	MACROH2A2:HGNC:14453	variant	urinary bladder	84.40875	0.7048898090177954	8	present_gold
29	29	ENSG00000099284	MACROH2A2	MACROH2A2:HGNC:14453	variant	uterine cervix	86.732	0.4691694789732181	5	present_gold
29	29	ENSG00000099284	MACROH2A2	MACROH2A2:HGNC:14453	variant	uterus	85.525	0.1484924240491705	2	present_gold
29	29	ENSG00000099284	MACROH2A2	MACROH2A2:HGNC:14453	variant	vagina	72.13	8.603550007251236	12	present_gold
29	29	ENSG00000099284	MACROH2A2	MACROH2A2:HGNC:14453	variant	vastus lateralis	82.105	0.84145706961199	2	present_gold
29	29	ENSG00000099284	MACROH2A2	MACROH2A2:HGNC:14453	variant	vena cava	0.0	0.0	0	observed_zero
29	29	ENSG00000099284	MACROH2A2	MACROH2A2:HGNC:14453	variant	ventral tegmental area	82.562	2.485270609008201	5	present_gold
29	29	ENSG00000099284	MACROH2A2	MACROH2A2:HGNC:14453	variant	ventricular zone	96.81	0.1414213562373115	2	present_gold
29	29	ENSG00000099284	MACROH2A2	MACROH2A2:HGNC:14453	variant	vermiform appendix	77.6375	1.328467161807168	4	present_gold
29	29	ENSG00000099284	MACROH2A2	MACROH2A2:HGNC:14453	variant	visceral pleura	79.1325	1.6752586864919274	4	present_gold
29	29	ENSG00000099284	MACROH2A2	MACROH2A2:HGNC:14453	variant	zone of skin	78.57000000000001	2.2597549220418367	14	present_gold
