species_count	selected_species_dirs	selected_species_names	gene_name	anatomical_entity	gene_tissue_label	gene_class	canonical_label	gene_number	anatomical_entity_letter	plot_label	species_order	species_dir	species_name	cell_mean_score	cell_std_score	cell_n	cell_status	expression_score	plot_order
4	human,bos_taurus,canis_lupus_familiaris,sus_scrofa	Homo sapiens,Bos taurus,Canis lupus familiaris,Sus scrofa	H2AC11	adipose tissue	H2AC11:adipose tissue	clustered	H2AC11:HGNC:4737	1	A	1:A	1	human	Homo sapiens	42.38375	0.8846458129023808	8	present_gold	42.38375	1
4	human,bos_taurus,canis_lupus_familiaris,sus_scrofa	Homo sapiens,Bos taurus,Canis lupus familiaris,Sus scrofa	H2AC11	adipose tissue	H2AC11:adipose tissue	clustered	H2AC11:HGNC:4737	1	A	1:A	2	bos_taurus	Bos taurus	29.79	3.463110355350135	4	present_gold	29.79	1
4	human,bos_taurus,canis_lupus_familiaris,sus_scrofa	Homo sapiens,Bos taurus,Canis lupus familiaris,Sus scrofa	H2AC11	adipose tissue	H2AC11:adipose tissue	clustered	H2AC11:HGNC:4737	1	A	1:A	3	canis_lupus_familiaris	Canis lupus familiaris	0.0	0.0	0	observed_zero	0.0	1
4	human,bos_taurus,canis_lupus_familiaris,sus_scrofa	Homo sapiens,Bos taurus,Canis lupus familiaris,Sus scrofa	H2AC11	adipose tissue	H2AC11:adipose tissue	clustered	H2AC11:HGNC:4737	1	A	1:A	4	sus_scrofa	Sus scrofa	56.64	0.0	1	present_gold	56.64	1
4	human,bos_taurus,canis_lupus_familiaris,sus_scrofa	Homo sapiens,Bos taurus,Canis lupus familiaris,Sus scrofa	H2AC11	adult mammalian kidney	H2AC11:adult mammalian kidney	clustered	H2AC11:HGNC:4737	1	B	1:B	1	human	Homo sapiens	47.9775	7.696511655722135	4	present_gold	47.9775	2
4	human,bos_taurus,canis_lupus_familiaris,sus_scrofa	Homo sapiens,Bos taurus,Canis lupus familiaris,Sus scrofa	H2AC11	adult mammalian kidney	H2AC11:adult mammalian kidney	clustered	H2AC11:HGNC:4737	1	B	1:B	2	bos_taurus	Bos taurus	34.0	0.0	1	present_gold	34.0	2
4	human,bos_taurus,canis_lupus_familiaris,sus_scrofa	Homo sapiens,Bos taurus,Canis lupus familiaris,Sus scrofa	H2AC11	adult mammalian kidney	H2AC11:adult mammalian kidney	clustered	H2AC11:HGNC:4737	1	B	1:B	3	canis_lupus_familiaris	Canis lupus familiaris	40.225	8.53477884892163	2	present_gold	40.225	2
4	human,bos_taurus,canis_lupus_familiaris,sus_scrofa	Homo sapiens,Bos taurus,Canis lupus familiaris,Sus scrofa	H2AC11	adult mammalian kidney	H2AC11:adult mammalian kidney	clustered	H2AC11:HGNC:4737	1	B	1:B	4	sus_scrofa	Sus scrofa	0.0	0.0	0	observed_zero	0.0	2
4	human,bos_taurus,canis_lupus_familiaris,sus_scrofa	Homo sapiens,Bos taurus,Canis lupus familiaris,Sus scrofa	H2AC11	blood	H2AC11:blood	clustered	H2AC11:HGNC:4737	1	C	1:C	1	human	Homo sapiens	69.79942857142858	5.125160509886578	35	present_gold	69.79942857142858	3
4	human,bos_taurus,canis_lupus_familiaris,sus_scrofa	Homo sapiens,Bos taurus,Canis lupus familiaris,Sus scrofa	H2AC11	blood	H2AC11:blood	clustered	H2AC11:HGNC:4737	1	C	1:C	2	bos_taurus	Bos taurus	44.25	1.396889401491759	3	present_gold	44.25	3
4	human,bos_taurus,canis_lupus_familiaris,sus_scrofa	Homo sapiens,Bos taurus,Canis lupus familiaris,Sus scrofa	H2AC11	blood	H2AC11:blood	clustered	H2AC11:HGNC:4737	1	C	1:C	3	canis_lupus_familiaris	Canis lupus familiaris	60.98	0.0	1	present_gold	60.98	3
4	human,bos_taurus,canis_lupus_familiaris,sus_scrofa	Homo sapiens,Bos taurus,Canis lupus familiaris,Sus scrofa	H2AC11	blood	H2AC11:blood	clustered	H2AC11:HGNC:4737	1	C	1:C	4	sus_scrofa	Sus scrofa	58.120000000000005	0.6878953408767924	3	present_gold	58.120000000000005	3
4	human,bos_taurus,canis_lupus_familiaris,sus_scrofa	Homo sapiens,Bos taurus,Canis lupus familiaris,Sus scrofa	H2AC11	cerebellum	H2AC11:cerebellum	clustered	H2AC11:HGNC:4737	1	D	1:D	1	human	Homo sapiens	0.0	0.0	0	observed_zero	0.0	4
4	human,bos_taurus,canis_lupus_familiaris,sus_scrofa	Homo sapiens,Bos taurus,Canis lupus familiaris,Sus scrofa	H2AC11	cerebellum	H2AC11:cerebellum	clustered	H2AC11:HGNC:4737	1	D	1:D	2	bos_taurus	Bos taurus	0.0	0.0	0	observed_zero	0.0	4
4	human,bos_taurus,canis_lupus_familiaris,sus_scrofa	Homo sapiens,Bos taurus,Canis lupus familiaris,Sus scrofa	H2AC11	cerebellum	H2AC11:cerebellum	clustered	H2AC11:HGNC:4737	1	D	1:D	3	canis_lupus_familiaris	Canis lupus familiaris	46.875	9.072180002623403	2	present_gold	46.875	4
4	human,bos_taurus,canis_lupus_familiaris,sus_scrofa	Homo sapiens,Bos taurus,Canis lupus familiaris,Sus scrofa	H2AC11	cerebellum	H2AC11:cerebellum	clustered	H2AC11:HGNC:4737	1	D	1:D	4	sus_scrofa	Sus scrofa	0.0	0.0	0	observed_zero	0.0	4
4	human,bos_taurus,canis_lupus_familiaris,sus_scrofa	Homo sapiens,Bos taurus,Canis lupus familiaris,Sus scrofa	H2AC11	cerebral cortex	H2AC11:cerebral cortex	clustered	H2AC11:HGNC:4737	1	E	1:E	1	human	Homo sapiens	50.21333333333334	12.894387668025706	3	present_gold	50.21333333333334	5
4	human,bos_taurus,canis_lupus_familiaris,sus_scrofa	Homo sapiens,Bos taurus,Canis lupus familiaris,Sus scrofa	H2AC11	cerebral cortex	H2AC11:cerebral cortex	clustered	H2AC11:HGNC:4737	1	E	1:E	2	bos_taurus	Bos taurus	0.0	0.0	0	observed_zero	0.0	5
4	human,bos_taurus,canis_lupus_familiaris,sus_scrofa	Homo sapiens,Bos taurus,Canis lupus familiaris,Sus scrofa	H2AC11	cerebral cortex	H2AC11:cerebral cortex	clustered	H2AC11:HGNC:4737	1	E	1:E	3	canis_lupus_familiaris	Canis lupus familiaris	43.025	1.8879751057680831	2	present_gold	43.025	5
4	human,bos_taurus,canis_lupus_familiaris,sus_scrofa	Homo sapiens,Bos taurus,Canis lupus familiaris,Sus scrofa	H2AC11	cerebral cortex	H2AC11:cerebral cortex	clustered	H2AC11:HGNC:4737	1	E	1:E	4	sus_scrofa	Sus scrofa	44.97	0.0	1	present_gold	44.97	5
4	human,bos_taurus,canis_lupus_familiaris,sus_scrofa	Homo sapiens,Bos taurus,Canis lupus familiaris,Sus scrofa	H2AC11	colon	H2AC11:colon	clustered	H2AC11:HGNC:4737	1	F	1:F	1	human	Homo sapiens	59.79764705882353	14.828200130752451	17	present_gold	59.79764705882353	6
4	human,bos_taurus,canis_lupus_familiaris,sus_scrofa	Homo sapiens,Bos taurus,Canis lupus familiaris,Sus scrofa	H2AC11	colon	H2AC11:colon	clustered	H2AC11:HGNC:4737	1	F	1:F	2	bos_taurus	Bos taurus	28.98	0.0	1	present_gold	28.98	6
4	human,bos_taurus,canis_lupus_familiaris,sus_scrofa	Homo sapiens,Bos taurus,Canis lupus familiaris,Sus scrofa	H2AC11	colon	H2AC11:colon	clustered	H2AC11:HGNC:4737	1	F	1:F	3	canis_lupus_familiaris	Canis lupus familiaris	35.21	0.0	1	present_gold	35.21	6
4	human,bos_taurus,canis_lupus_familiaris,sus_scrofa	Homo sapiens,Bos taurus,Canis lupus familiaris,Sus scrofa	H2AC11	colon	H2AC11:colon	clustered	H2AC11:HGNC:4737	1	F	1:F	4	sus_scrofa	Sus scrofa	58.925	13.696658351583425	2	present_gold	58.925	6
4	human,bos_taurus,canis_lupus_familiaris,sus_scrofa	Homo sapiens,Bos taurus,Canis lupus familiaris,Sus scrofa	H2AC11	frontal cortex	H2AC11:frontal cortex	clustered	H2AC11:HGNC:4737	1	G	1:G	1	human	Homo sapiens	43.68833333333333	1.4533191895336215	6	present_gold	43.68833333333333	7
4	human,bos_taurus,canis_lupus_familiaris,sus_scrofa	Homo sapiens,Bos taurus,Canis lupus familiaris,Sus scrofa	H2AC11	frontal cortex	H2AC11:frontal cortex	clustered	H2AC11:HGNC:4737	1	G	1:G	2	bos_taurus	Bos taurus	0.0	0.0	0	observed_zero	0.0	7
4	human,bos_taurus,canis_lupus_familiaris,sus_scrofa	Homo sapiens,Bos taurus,Canis lupus familiaris,Sus scrofa	H2AC11	frontal cortex	H2AC11:frontal cortex	clustered	H2AC11:HGNC:4737	1	G	1:G	3	canis_lupus_familiaris	Canis lupus familiaris	46.99666666666667	4.904511528514671	3	present_gold	46.99666666666667	7
4	human,bos_taurus,canis_lupus_familiaris,sus_scrofa	Homo sapiens,Bos taurus,Canis lupus familiaris,Sus scrofa	H2AC11	frontal cortex	H2AC11:frontal cortex	clustered	H2AC11:HGNC:4737	1	G	1:G	4	sus_scrofa	Sus scrofa	0.0	0.0	0	observed_zero	0.0	7
4	human,bos_taurus,canis_lupus_familiaris,sus_scrofa	Homo sapiens,Bos taurus,Canis lupus familiaris,Sus scrofa	H2AC11	heart	H2AC11:heart	clustered	H2AC11:HGNC:4737	1	H	1:H	1	human	Homo sapiens	53.513333333333335	13.929386545135774	15	present_gold	53.513333333333335	8
4	human,bos_taurus,canis_lupus_familiaris,sus_scrofa	Homo sapiens,Bos taurus,Canis lupus familiaris,Sus scrofa	H2AC11	heart	H2AC11:heart	clustered	H2AC11:HGNC:4737	1	H	1:H	2	bos_taurus	Bos taurus	0.0	0.0	0	observed_zero	0.0	8
4	human,bos_taurus,canis_lupus_familiaris,sus_scrofa	Homo sapiens,Bos taurus,Canis lupus familiaris,Sus scrofa	H2AC11	heart	H2AC11:heart	clustered	H2AC11:HGNC:4737	1	H	1:H	3	canis_lupus_familiaris	Canis lupus familiaris	42.02333333333333	3.5503567895823287	3	present_gold	42.02333333333333	8
4	human,bos_taurus,canis_lupus_familiaris,sus_scrofa	Homo sapiens,Bos taurus,Canis lupus familiaris,Sus scrofa	H2AC11	heart	H2AC11:heart	clustered	H2AC11:HGNC:4737	1	H	1:H	4	sus_scrofa	Sus scrofa	66.02	0.0	1	present_gold	66.02	8
4	human,bos_taurus,canis_lupus_familiaris,sus_scrofa	Homo sapiens,Bos taurus,Canis lupus familiaris,Sus scrofa	H2AC11	hypothalamus	H2AC11:hypothalamus	clustered	H2AC11:HGNC:4737	1	I	1:I	1	human	Homo sapiens	44.334	2.774820114289693	10	present_gold	44.334	9
4	human,bos_taurus,canis_lupus_familiaris,sus_scrofa	Homo sapiens,Bos taurus,Canis lupus familiaris,Sus scrofa	H2AC11	hypothalamus	H2AC11:hypothalamus	clustered	H2AC11:HGNC:4737	1	I	1:I	2	bos_taurus	Bos taurus	0.0	0.0	0	observed_zero	0.0	9
4	human,bos_taurus,canis_lupus_familiaris,sus_scrofa	Homo sapiens,Bos taurus,Canis lupus familiaris,Sus scrofa	H2AC11	hypothalamus	H2AC11:hypothalamus	clustered	H2AC11:HGNC:4737	1	I	1:I	3	canis_lupus_familiaris	Canis lupus familiaris	40.83	0.0	1	present_gold	40.83	9
4	human,bos_taurus,canis_lupus_familiaris,sus_scrofa	Homo sapiens,Bos taurus,Canis lupus familiaris,Sus scrofa	H2AC11	hypothalamus	H2AC11:hypothalamus	clustered	H2AC11:HGNC:4737	1	I	1:I	4	sus_scrofa	Sus scrofa	0.0	0.0	0	observed_zero	0.0	9
4	human,bos_taurus,canis_lupus_familiaris,sus_scrofa	Homo sapiens,Bos taurus,Canis lupus familiaris,Sus scrofa	H2AC11	kidney	H2AC11:kidney	clustered	H2AC11:HGNC:4737	1	J	1:J	1	human	Homo sapiens	63.52	15.83398560059974	5	present_gold	63.52	10
4	human,bos_taurus,canis_lupus_familiaris,sus_scrofa	Homo sapiens,Bos taurus,Canis lupus familiaris,Sus scrofa	H2AC11	kidney	H2AC11:kidney	clustered	H2AC11:HGNC:4737	1	J	1:J	2	bos_taurus	Bos taurus	32.85	0.0	1	present_gold	32.85	10
4	human,bos_taurus,canis_lupus_familiaris,sus_scrofa	Homo sapiens,Bos taurus,Canis lupus familiaris,Sus scrofa	H2AC11	kidney	H2AC11:kidney	clustered	H2AC11:HGNC:4737	1	J	1:J	3	canis_lupus_familiaris	Canis lupus familiaris	35.43	0.0	1	present_gold	35.43	10
4	human,bos_taurus,canis_lupus_familiaris,sus_scrofa	Homo sapiens,Bos taurus,Canis lupus familiaris,Sus scrofa	H2AC11	kidney	H2AC11:kidney	clustered	H2AC11:HGNC:4737	1	J	1:J	4	sus_scrofa	Sus scrofa	0.0	0.0	0	observed_zero	0.0	10
4	human,bos_taurus,canis_lupus_familiaris,sus_scrofa	Homo sapiens,Bos taurus,Canis lupus familiaris,Sus scrofa	H2AC11	liver	H2AC11:liver	clustered	H2AC11:HGNC:4737	1	K	1:K	1	human	Homo sapiens	57.458	8.674316934820533	15	present_gold	57.458	11
4	human,bos_taurus,canis_lupus_familiaris,sus_scrofa	Homo sapiens,Bos taurus,Canis lupus familiaris,Sus scrofa	H2AC11	liver	H2AC11:liver	clustered	H2AC11:HGNC:4737	1	K	1:K	2	bos_taurus	Bos taurus	30.316666666666663	5.05156873324185	6	present_gold	30.316666666666663	11
4	human,bos_taurus,canis_lupus_familiaris,sus_scrofa	Homo sapiens,Bos taurus,Canis lupus familiaris,Sus scrofa	H2AC11	liver	H2AC11:liver	clustered	H2AC11:HGNC:4737	1	K	1:K	3	canis_lupus_familiaris	Canis lupus familiaris	40.876666666666665	5.0353973692913945	6	present_gold	40.876666666666665	11
4	human,bos_taurus,canis_lupus_familiaris,sus_scrofa	Homo sapiens,Bos taurus,Canis lupus familiaris,Sus scrofa	H2AC11	liver	H2AC11:liver	clustered	H2AC11:HGNC:4737	1	K	1:K	4	sus_scrofa	Sus scrofa	60.125	32.81682571486767	2	present_gold	60.125	11
4	human,bos_taurus,canis_lupus_familiaris,sus_scrofa	Homo sapiens,Bos taurus,Canis lupus familiaris,Sus scrofa	H2AC11	lung	H2AC11:lung	clustered	H2AC11:HGNC:4737	1	L	1:L	1	human	Homo sapiens	61.1390909090909	17.52817244012932	11	present_gold	61.1390909090909	12
4	human,bos_taurus,canis_lupus_familiaris,sus_scrofa	Homo sapiens,Bos taurus,Canis lupus familiaris,Sus scrofa	H2AC11	lung	H2AC11:lung	clustered	H2AC11:HGNC:4737	1	L	1:L	2	bos_taurus	Bos taurus	0.0	0.0	0	observed_zero	0.0	12
4	human,bos_taurus,canis_lupus_familiaris,sus_scrofa	Homo sapiens,Bos taurus,Canis lupus familiaris,Sus scrofa	H2AC11	lung	H2AC11:lung	clustered	H2AC11:HGNC:4737	1	L	1:L	3	canis_lupus_familiaris	Canis lupus familiaris	45.95	2.612604064913013	3	present_gold	45.95	12
4	human,bos_taurus,canis_lupus_familiaris,sus_scrofa	Homo sapiens,Bos taurus,Canis lupus familiaris,Sus scrofa	H2AC11	lung	H2AC11:lung	clustered	H2AC11:HGNC:4737	1	L	1:L	4	sus_scrofa	Sus scrofa	59.545	29.931830047626548	2	present_gold	59.545	12
4	human,bos_taurus,canis_lupus_familiaris,sus_scrofa	Homo sapiens,Bos taurus,Canis lupus familiaris,Sus scrofa	H2AC11	lymph node	H2AC11:lymph node	clustered	H2AC11:HGNC:4737	1	M	1:M	1	human	Homo sapiens	62.18000000000001	3.8003552465526176	3	present_gold	62.18000000000001	13
4	human,bos_taurus,canis_lupus_familiaris,sus_scrofa	Homo sapiens,Bos taurus,Canis lupus familiaris,Sus scrofa	H2AC11	lymph node	H2AC11:lymph node	clustered	H2AC11:HGNC:4737	1	M	1:M	2	bos_taurus	Bos taurus	0.0	0.0	0	observed_zero	0.0	13
4	human,bos_taurus,canis_lupus_familiaris,sus_scrofa	Homo sapiens,Bos taurus,Canis lupus familiaris,Sus scrofa	H2AC11	lymph node	H2AC11:lymph node	clustered	H2AC11:HGNC:4737	1	M	1:M	3	canis_lupus_familiaris	Canis lupus familiaris	0.0	0.0	0	observed_zero	0.0	13
4	human,bos_taurus,canis_lupus_familiaris,sus_scrofa	Homo sapiens,Bos taurus,Canis lupus familiaris,Sus scrofa	H2AC11	lymph node	H2AC11:lymph node	clustered	H2AC11:HGNC:4737	1	M	1:M	4	sus_scrofa	Sus scrofa	0.0	0.0	0	observed_zero	0.0	13
4	human,bos_taurus,canis_lupus_familiaris,sus_scrofa	Homo sapiens,Bos taurus,Canis lupus familiaris,Sus scrofa	H2AC11	metanephros cortex	H2AC11:metanephros cortex	clustered	H2AC11:HGNC:4737	1	N	1:N	1	human	Homo sapiens	0.0	0.0	0	observed_zero	0.0	14
4	human,bos_taurus,canis_lupus_familiaris,sus_scrofa	Homo sapiens,Bos taurus,Canis lupus familiaris,Sus scrofa	H2AC11	metanephros cortex	H2AC11:metanephros cortex	clustered	H2AC11:HGNC:4737	1	N	1:N	2	bos_taurus	Bos taurus	0.0	0.0	0	observed_zero	0.0	14
4	human,bos_taurus,canis_lupus_familiaris,sus_scrofa	Homo sapiens,Bos taurus,Canis lupus familiaris,Sus scrofa	H2AC11	metanephros cortex	H2AC11:metanephros cortex	clustered	H2AC11:HGNC:4737	1	N	1:N	3	canis_lupus_familiaris	Canis lupus familiaris	0.0	0.0	0	observed_zero	0.0	14
4	human,bos_taurus,canis_lupus_familiaris,sus_scrofa	Homo sapiens,Bos taurus,Canis lupus familiaris,Sus scrofa	H2AC11	metanephros cortex	H2AC11:metanephros cortex	clustered	H2AC11:HGNC:4737	1	N	1:N	4	sus_scrofa	Sus scrofa	0.0	0.0	0	observed_zero	0.0	14
4	human,bos_taurus,canis_lupus_familiaris,sus_scrofa	Homo sapiens,Bos taurus,Canis lupus familiaris,Sus scrofa	H2AC11	ovary	H2AC11:ovary	clustered	H2AC11:HGNC:4737	1	O	1:O	1	human	Homo sapiens	75.20599999999999	18.06650713336698	5	present_gold	75.20599999999999	15
4	human,bos_taurus,canis_lupus_familiaris,sus_scrofa	Homo sapiens,Bos taurus,Canis lupus familiaris,Sus scrofa	H2AC11	ovary	H2AC11:ovary	clustered	H2AC11:HGNC:4737	1	O	1:O	2	bos_taurus	Bos taurus	35.33	7.400783742280272	3	present_gold	35.33	15
4	human,bos_taurus,canis_lupus_familiaris,sus_scrofa	Homo sapiens,Bos taurus,Canis lupus familiaris,Sus scrofa	H2AC11	ovary	H2AC11:ovary	clustered	H2AC11:HGNC:4737	1	O	1:O	3	canis_lupus_familiaris	Canis lupus familiaris	74.97	0.0	1	present_gold	74.97	15
4	human,bos_taurus,canis_lupus_familiaris,sus_scrofa	Homo sapiens,Bos taurus,Canis lupus familiaris,Sus scrofa	H2AC11	ovary	H2AC11:ovary	clustered	H2AC11:HGNC:4737	1	O	1:O	4	sus_scrofa	Sus scrofa	56.19333333333333	8.783395319199364	3	present_gold	56.19333333333333	15
4	human,bos_taurus,canis_lupus_familiaris,sus_scrofa	Homo sapiens,Bos taurus,Canis lupus familiaris,Sus scrofa	H2AC11	pituitary gland	H2AC11:pituitary gland	clustered	H2AC11:HGNC:4737	1	P	1:P	1	human	Homo sapiens	34.19	2.5534290669607422	3	present_gold	34.19	16
4	human,bos_taurus,canis_lupus_familiaris,sus_scrofa	Homo sapiens,Bos taurus,Canis lupus familiaris,Sus scrofa	H2AC11	pituitary gland	H2AC11:pituitary gland	clustered	H2AC11:HGNC:4737	1	P	1:P	2	bos_taurus	Bos taurus	40.63	7.45290547370621	2	present_gold	40.63	16
4	human,bos_taurus,canis_lupus_familiaris,sus_scrofa	Homo sapiens,Bos taurus,Canis lupus familiaris,Sus scrofa	H2AC11	pituitary gland	H2AC11:pituitary gland	clustered	H2AC11:HGNC:4737	1	P	1:P	3	canis_lupus_familiaris	Canis lupus familiaris	51.605	1.8172644276494276	2	present_gold	51.605	16
4	human,bos_taurus,canis_lupus_familiaris,sus_scrofa	Homo sapiens,Bos taurus,Canis lupus familiaris,Sus scrofa	H2AC11	pituitary gland	H2AC11:pituitary gland	clustered	H2AC11:HGNC:4737	1	P	1:P	4	sus_scrofa	Sus scrofa	0.0	0.0	0	observed_zero	0.0	16
4	human,bos_taurus,canis_lupus_familiaris,sus_scrofa	Homo sapiens,Bos taurus,Canis lupus familiaris,Sus scrofa	H2AC11	prefrontal cortex	H2AC11:prefrontal cortex	clustered	H2AC11:HGNC:4737	1	Q	1:Q	1	human	Homo sapiens	45.4925	0.504603804979706	4	present_gold	45.4925	17
4	human,bos_taurus,canis_lupus_familiaris,sus_scrofa	Homo sapiens,Bos taurus,Canis lupus familiaris,Sus scrofa	H2AC11	prefrontal cortex	H2AC11:prefrontal cortex	clustered	H2AC11:HGNC:4737	1	Q	1:Q	2	bos_taurus	Bos taurus	0.0	0.0	0	observed_zero	0.0	17
4	human,bos_taurus,canis_lupus_familiaris,sus_scrofa	Homo sapiens,Bos taurus,Canis lupus familiaris,Sus scrofa	H2AC11	prefrontal cortex	H2AC11:prefrontal cortex	clustered	H2AC11:HGNC:4737	1	Q	1:Q	3	canis_lupus_familiaris	Canis lupus familiaris	52.85	0.0	1	present_gold	52.85	17
4	human,bos_taurus,canis_lupus_familiaris,sus_scrofa	Homo sapiens,Bos taurus,Canis lupus familiaris,Sus scrofa	H2AC11	prefrontal cortex	H2AC11:prefrontal cortex	clustered	H2AC11:HGNC:4737	1	Q	1:Q	4	sus_scrofa	Sus scrofa	0.0	0.0	0	observed_zero	0.0	17
4	human,bos_taurus,canis_lupus_familiaris,sus_scrofa	Homo sapiens,Bos taurus,Canis lupus familiaris,Sus scrofa	H2AC11	skeletal muscle tissue	H2AC11:skeletal muscle tissue	clustered	H2AC11:HGNC:4737	1	R	1:R	1	human	Homo sapiens	0.0	0.0	0	observed_zero	0.0	18
4	human,bos_taurus,canis_lupus_familiaris,sus_scrofa	Homo sapiens,Bos taurus,Canis lupus familiaris,Sus scrofa	H2AC11	skeletal muscle tissue	H2AC11:skeletal muscle tissue	clustered	H2AC11:HGNC:4737	1	R	1:R	2	bos_taurus	Bos taurus	27.195	0.5020458146424494	2	present_gold	27.195	18
4	human,bos_taurus,canis_lupus_familiaris,sus_scrofa	Homo sapiens,Bos taurus,Canis lupus familiaris,Sus scrofa	H2AC11	skeletal muscle tissue	H2AC11:skeletal muscle tissue	clustered	H2AC11:HGNC:4737	1	R	1:R	3	canis_lupus_familiaris	Canis lupus familiaris	66.325	6.569021997223025	2	present_gold	66.325	18
4	human,bos_taurus,canis_lupus_familiaris,sus_scrofa	Homo sapiens,Bos taurus,Canis lupus familiaris,Sus scrofa	H2AC11	skeletal muscle tissue	H2AC11:skeletal muscle tissue	clustered	H2AC11:HGNC:4737	1	R	1:R	4	sus_scrofa	Sus scrofa	0.0	0.0	0	observed_zero	0.0	18
4	human,bos_taurus,canis_lupus_familiaris,sus_scrofa	Homo sapiens,Bos taurus,Canis lupus familiaris,Sus scrofa	H2AC11	spleen	H2AC11:spleen	clustered	H2AC11:HGNC:4737	1	S	1:S	1	human	Homo sapiens	54.814166666666665	2.099612337955978	12	present_gold	54.814166666666665	19
4	human,bos_taurus,canis_lupus_familiaris,sus_scrofa	Homo sapiens,Bos taurus,Canis lupus familiaris,Sus scrofa	H2AC11	spleen	H2AC11:spleen	clustered	H2AC11:HGNC:4737	1	S	1:S	2	bos_taurus	Bos taurus	0.0	0.0	0	observed_zero	0.0	19
4	human,bos_taurus,canis_lupus_familiaris,sus_scrofa	Homo sapiens,Bos taurus,Canis lupus familiaris,Sus scrofa	H2AC11	spleen	H2AC11:spleen	clustered	H2AC11:HGNC:4737	1	S	1:S	3	canis_lupus_familiaris	Canis lupus familiaris	48.22	5.81241774135342	2	present_gold	48.22	19
4	human,bos_taurus,canis_lupus_familiaris,sus_scrofa	Homo sapiens,Bos taurus,Canis lupus familiaris,Sus scrofa	H2AC11	spleen	H2AC11:spleen	clustered	H2AC11:HGNC:4737	1	S	1:S	4	sus_scrofa	Sus scrofa	58.080000000000005	15.64187328934741	6	present_gold	58.080000000000005	19
4	human,bos_taurus,canis_lupus_familiaris,sus_scrofa	Homo sapiens,Bos taurus,Canis lupus familiaris,Sus scrofa	H2AC11	testis	H2AC11:testis	clustered	H2AC11:HGNC:4737	1	T	1:T	1	human	Homo sapiens	66.72461538461538	7.676446243091717	13	present_gold	66.72461538461538	20
4	human,bos_taurus,canis_lupus_familiaris,sus_scrofa	Homo sapiens,Bos taurus,Canis lupus familiaris,Sus scrofa	H2AC11	testis	H2AC11:testis	clustered	H2AC11:HGNC:4737	1	T	1:T	2	bos_taurus	Bos taurus	49.2425	10.250760540889962	4	present_gold	49.2425	20
4	human,bos_taurus,canis_lupus_familiaris,sus_scrofa	Homo sapiens,Bos taurus,Canis lupus familiaris,Sus scrofa	H2AC11	testis	H2AC11:testis	clustered	H2AC11:HGNC:4737	1	T	1:T	3	canis_lupus_familiaris	Canis lupus familiaris	31.3475	9.781487190947328	4	present_gold	31.3475	20
4	human,bos_taurus,canis_lupus_familiaris,sus_scrofa	Homo sapiens,Bos taurus,Canis lupus familiaris,Sus scrofa	H2AC11	testis	H2AC11:testis	clustered	H2AC11:HGNC:4737	1	T	1:T	4	sus_scrofa	Sus scrofa	86.02	0.0	1	present_gold	86.02	20
4	human,bos_taurus,canis_lupus_familiaris,sus_scrofa	Homo sapiens,Bos taurus,Canis lupus familiaris,Sus scrofa	H2AC12	adipose tissue	H2AC12:adipose tissue	clustered	H2AC12:HGNC:13671	2	A	2:A	1	human	Homo sapiens	34.585	0.4313351365237935	2	present_gold	34.585	21
4	human,bos_taurus,canis_lupus_familiaris,sus_scrofa	Homo sapiens,Bos taurus,Canis lupus familiaris,Sus scrofa	H2AC12	adipose tissue	H2AC12:adipose tissue	clustered	H2AC12:HGNC:13671	2	A	2:A	2	bos_taurus	Bos taurus	51.00666666666667	5.140597889999437	6	present_gold	51.00666666666667	21
4	human,bos_taurus,canis_lupus_familiaris,sus_scrofa	Homo sapiens,Bos taurus,Canis lupus familiaris,Sus scrofa	H2AC12	adipose tissue	H2AC12:adipose tissue	clustered	H2AC12:HGNC:13671	2	A	2:A	3	canis_lupus_familiaris	Canis lupus familiaris	0.0	0.0	0	observed_zero	0.0	21
4	human,bos_taurus,canis_lupus_familiaris,sus_scrofa	Homo sapiens,Bos taurus,Canis lupus familiaris,Sus scrofa	H2AC12	adipose tissue	H2AC12:adipose tissue	clustered	H2AC12:HGNC:13671	2	A	2:A	4	sus_scrofa	Sus scrofa	0.0	0.0	0	observed_zero	0.0	21
4	human,bos_taurus,canis_lupus_familiaris,sus_scrofa	Homo sapiens,Bos taurus,Canis lupus familiaris,Sus scrofa	H2AC12	adult mammalian kidney	H2AC12:adult mammalian kidney	clustered	H2AC12:HGNC:13671	2	B	2:B	1	human	Homo sapiens	46.03666666666667	16.87923675209674	3	present_gold	46.03666666666667	22
4	human,bos_taurus,canis_lupus_familiaris,sus_scrofa	Homo sapiens,Bos taurus,Canis lupus familiaris,Sus scrofa	H2AC12	adult mammalian kidney	H2AC12:adult mammalian kidney	clustered	H2AC12:HGNC:13671	2	B	2:B	2	bos_taurus	Bos taurus	40.86666666666667	1.6961525088662686	3	present_gold	40.86666666666667	22
4	human,bos_taurus,canis_lupus_familiaris,sus_scrofa	Homo sapiens,Bos taurus,Canis lupus familiaris,Sus scrofa	H2AC12	adult mammalian kidney	H2AC12:adult mammalian kidney	clustered	H2AC12:HGNC:13671	2	B	2:B	3	canis_lupus_familiaris	Canis lupus familiaris	31.75	0.0	1	present_gold	31.75	22
4	human,bos_taurus,canis_lupus_familiaris,sus_scrofa	Homo sapiens,Bos taurus,Canis lupus familiaris,Sus scrofa	H2AC12	adult mammalian kidney	H2AC12:adult mammalian kidney	clustered	H2AC12:HGNC:13671	2	B	2:B	4	sus_scrofa	Sus scrofa	0.0	0.0	0	observed_zero	0.0	22
4	human,bos_taurus,canis_lupus_familiaris,sus_scrofa	Homo sapiens,Bos taurus,Canis lupus familiaris,Sus scrofa	H2AC12	blood	H2AC12:blood	clustered	H2AC12:HGNC:13671	2	C	2:C	1	human	Homo sapiens	53.89666666666667	5.13464516323971	15	present_gold	53.89666666666667	23
4	human,bos_taurus,canis_lupus_familiaris,sus_scrofa	Homo sapiens,Bos taurus,Canis lupus familiaris,Sus scrofa	H2AC12	blood	H2AC12:blood	clustered	H2AC12:HGNC:13671	2	C	2:C	2	bos_taurus	Bos taurus	57.1825	5.454645573576101	4	present_gold	57.1825	23
4	human,bos_taurus,canis_lupus_familiaris,sus_scrofa	Homo sapiens,Bos taurus,Canis lupus familiaris,Sus scrofa	H2AC12	blood	H2AC12:blood	clustered	H2AC12:HGNC:13671	2	C	2:C	3	canis_lupus_familiaris	Canis lupus familiaris	0.0	0.0	0	observed_zero	0.0	23
4	human,bos_taurus,canis_lupus_familiaris,sus_scrofa	Homo sapiens,Bos taurus,Canis lupus familiaris,Sus scrofa	H2AC12	blood	H2AC12:blood	clustered	H2AC12:HGNC:13671	2	C	2:C	4	sus_scrofa	Sus scrofa	0.0	0.0	0	observed_zero	0.0	23
4	human,bos_taurus,canis_lupus_familiaris,sus_scrofa	Homo sapiens,Bos taurus,Canis lupus familiaris,Sus scrofa	H2AC12	cerebellum	H2AC12:cerebellum	clustered	H2AC12:HGNC:13671	2	D	2:D	1	human	Homo sapiens	0.0	0.0	0	observed_zero	0.0	24
4	human,bos_taurus,canis_lupus_familiaris,sus_scrofa	Homo sapiens,Bos taurus,Canis lupus familiaris,Sus scrofa	H2AC12	cerebellum	H2AC12:cerebellum	clustered	H2AC12:HGNC:13671	2	D	2:D	2	bos_taurus	Bos taurus	59.53333333333333	15.298857255799645	3	present_gold	59.53333333333333	24
4	human,bos_taurus,canis_lupus_familiaris,sus_scrofa	Homo sapiens,Bos taurus,Canis lupus familiaris,Sus scrofa	H2AC12	cerebellum	H2AC12:cerebellum	clustered	H2AC12:HGNC:13671	2	D	2:D	3	canis_lupus_familiaris	Canis lupus familiaris	0.0	0.0	0	observed_zero	0.0	24
4	human,bos_taurus,canis_lupus_familiaris,sus_scrofa	Homo sapiens,Bos taurus,Canis lupus familiaris,Sus scrofa	H2AC12	cerebellum	H2AC12:cerebellum	clustered	H2AC12:HGNC:13671	2	D	2:D	4	sus_scrofa	Sus scrofa	0.0	0.0	0	observed_zero	0.0	24
4	human,bos_taurus,canis_lupus_familiaris,sus_scrofa	Homo sapiens,Bos taurus,Canis lupus familiaris,Sus scrofa	H2AC12	colon	H2AC12:colon	clustered	H2AC12:HGNC:13671	2	F	2:F	1	human	Homo sapiens	62.0488888888889	27.472064649587423	9	present_gold	62.0488888888889	25
4	human,bos_taurus,canis_lupus_familiaris,sus_scrofa	Homo sapiens,Bos taurus,Canis lupus familiaris,Sus scrofa	H2AC12	colon	H2AC12:colon	clustered	H2AC12:HGNC:13671	2	F	2:F	2	bos_taurus	Bos taurus	49.32	0.0	1	present_gold	49.32	25
4	human,bos_taurus,canis_lupus_familiaris,sus_scrofa	Homo sapiens,Bos taurus,Canis lupus familiaris,Sus scrofa	H2AC12	colon	H2AC12:colon	clustered	H2AC12:HGNC:13671	2	F	2:F	3	canis_lupus_familiaris	Canis lupus familiaris	0.0	0.0	0	observed_zero	0.0	25
4	human,bos_taurus,canis_lupus_familiaris,sus_scrofa	Homo sapiens,Bos taurus,Canis lupus familiaris,Sus scrofa	H2AC12	colon	H2AC12:colon	clustered	H2AC12:HGNC:13671	2	F	2:F	4	sus_scrofa	Sus scrofa	0.0	0.0	0	observed_zero	0.0	25
4	human,bos_taurus,canis_lupus_familiaris,sus_scrofa	Homo sapiens,Bos taurus,Canis lupus familiaris,Sus scrofa	H2AC12	frontal cortex	H2AC12:frontal cortex	clustered	H2AC12:HGNC:13671	2	G	2:G	1	human	Homo sapiens	28.43	0.0	1	present_gold	28.43	26
4	human,bos_taurus,canis_lupus_familiaris,sus_scrofa	Homo sapiens,Bos taurus,Canis lupus familiaris,Sus scrofa	H2AC12	frontal cortex	H2AC12:frontal cortex	clustered	H2AC12:HGNC:13671	2	G	2:G	2	bos_taurus	Bos taurus	54.96666666666667	0.8326063495634267	3	present_gold	54.96666666666667	26
4	human,bos_taurus,canis_lupus_familiaris,sus_scrofa	Homo sapiens,Bos taurus,Canis lupus familiaris,Sus scrofa	H2AC12	frontal cortex	H2AC12:frontal cortex	clustered	H2AC12:HGNC:13671	2	G	2:G	3	canis_lupus_familiaris	Canis lupus familiaris	0.0	0.0	0	observed_zero	0.0	26
4	human,bos_taurus,canis_lupus_familiaris,sus_scrofa	Homo sapiens,Bos taurus,Canis lupus familiaris,Sus scrofa	H2AC12	frontal cortex	H2AC12:frontal cortex	clustered	H2AC12:HGNC:13671	2	G	2:G	4	sus_scrofa	Sus scrofa	0.0	0.0	0	observed_zero	0.0	26
4	human,bos_taurus,canis_lupus_familiaris,sus_scrofa	Homo sapiens,Bos taurus,Canis lupus familiaris,Sus scrofa	H2AC12	heart	H2AC12:heart	clustered	H2AC12:HGNC:13671	2	H	2:H	1	human	Homo sapiens	60.04571428571428	27.046149976871543	7	present_gold	60.04571428571428	27
4	human,bos_taurus,canis_lupus_familiaris,sus_scrofa	Homo sapiens,Bos taurus,Canis lupus familiaris,Sus scrofa	H2AC12	heart	H2AC12:heart	clustered	H2AC12:HGNC:13671	2	H	2:H	2	bos_taurus	Bos taurus	33.44333333333333	2.278383930186775	3	present_gold	33.44333333333333	27
4	human,bos_taurus,canis_lupus_familiaris,sus_scrofa	Homo sapiens,Bos taurus,Canis lupus familiaris,Sus scrofa	H2AC12	heart	H2AC12:heart	clustered	H2AC12:HGNC:13671	2	H	2:H	3	canis_lupus_familiaris	Canis lupus familiaris	24.24	0.0	1	present_gold	24.24	27
4	human,bos_taurus,canis_lupus_familiaris,sus_scrofa	Homo sapiens,Bos taurus,Canis lupus familiaris,Sus scrofa	H2AC12	heart	H2AC12:heart	clustered	H2AC12:HGNC:13671	2	H	2:H	4	sus_scrofa	Sus scrofa	0.0	0.0	0	observed_zero	0.0	27
4	human,bos_taurus,canis_lupus_familiaris,sus_scrofa	Homo sapiens,Bos taurus,Canis lupus familiaris,Sus scrofa	H2AC12	hypothalamus	H2AC12:hypothalamus	clustered	H2AC12:HGNC:13671	2	I	2:I	1	human	Homo sapiens	36.465	16.567511883200808	2	present_gold	36.465	28
4	human,bos_taurus,canis_lupus_familiaris,sus_scrofa	Homo sapiens,Bos taurus,Canis lupus familiaris,Sus scrofa	H2AC12	hypothalamus	H2AC12:hypothalamus	clustered	H2AC12:HGNC:13671	2	I	2:I	2	bos_taurus	Bos taurus	45.73333333333333	1.5951593441826832	3	present_gold	45.73333333333333	28
4	human,bos_taurus,canis_lupus_familiaris,sus_scrofa	Homo sapiens,Bos taurus,Canis lupus familiaris,Sus scrofa	H2AC12	hypothalamus	H2AC12:hypothalamus	clustered	H2AC12:HGNC:13671	2	I	2:I	3	canis_lupus_familiaris	Canis lupus familiaris	0.0	0.0	0	observed_zero	0.0	28
4	human,bos_taurus,canis_lupus_familiaris,sus_scrofa	Homo sapiens,Bos taurus,Canis lupus familiaris,Sus scrofa	H2AC12	hypothalamus	H2AC12:hypothalamus	clustered	H2AC12:HGNC:13671	2	I	2:I	4	sus_scrofa	Sus scrofa	0.0	0.0	0	observed_zero	0.0	28
4	human,bos_taurus,canis_lupus_familiaris,sus_scrofa	Homo sapiens,Bos taurus,Canis lupus familiaris,Sus scrofa	H2AC12	kidney	H2AC12:kidney	clustered	H2AC12:HGNC:13671	2	J	2:J	1	human	Homo sapiens	79.3925	28.541884281408848	4	present_gold	79.3925	29
4	human,bos_taurus,canis_lupus_familiaris,sus_scrofa	Homo sapiens,Bos taurus,Canis lupus familiaris,Sus scrofa	H2AC12	kidney	H2AC12:kidney	clustered	H2AC12:HGNC:13671	2	J	2:J	2	bos_taurus	Bos taurus	44.4	0.0	1	present_gold	44.4	29
4	human,bos_taurus,canis_lupus_familiaris,sus_scrofa	Homo sapiens,Bos taurus,Canis lupus familiaris,Sus scrofa	H2AC12	kidney	H2AC12:kidney	clustered	H2AC12:HGNC:13671	2	J	2:J	3	canis_lupus_familiaris	Canis lupus familiaris	18.66	0.0	1	present_gold	18.66	29
4	human,bos_taurus,canis_lupus_familiaris,sus_scrofa	Homo sapiens,Bos taurus,Canis lupus familiaris,Sus scrofa	H2AC12	kidney	H2AC12:kidney	clustered	H2AC12:HGNC:13671	2	J	2:J	4	sus_scrofa	Sus scrofa	0.0	0.0	0	observed_zero	0.0	29
4	human,bos_taurus,canis_lupus_familiaris,sus_scrofa	Homo sapiens,Bos taurus,Canis lupus familiaris,Sus scrofa	H2AC12	liver	H2AC12:liver	clustered	H2AC12:HGNC:13671	2	K	2:K	1	human	Homo sapiens	36.705	6.965043431307517	6	present_gold	36.705	30
4	human,bos_taurus,canis_lupus_familiaris,sus_scrofa	Homo sapiens,Bos taurus,Canis lupus familiaris,Sus scrofa	H2AC12	liver	H2AC12:liver	clustered	H2AC12:HGNC:13671	2	K	2:K	2	bos_taurus	Bos taurus	43.20416666666667	5.720609405447724	12	present_gold	43.20416666666667	30
4	human,bos_taurus,canis_lupus_familiaris,sus_scrofa	Homo sapiens,Bos taurus,Canis lupus familiaris,Sus scrofa	H2AC12	liver	H2AC12:liver	clustered	H2AC12:HGNC:13671	2	K	2:K	3	canis_lupus_familiaris	Canis lupus familiaris	38.55	9.743931444750624	2	present_gold	38.55	30
4	human,bos_taurus,canis_lupus_familiaris,sus_scrofa	Homo sapiens,Bos taurus,Canis lupus familiaris,Sus scrofa	H2AC12	liver	H2AC12:liver	clustered	H2AC12:HGNC:13671	2	K	2:K	4	sus_scrofa	Sus scrofa	0.0	0.0	0	observed_zero	0.0	30
4	human,bos_taurus,canis_lupus_familiaris,sus_scrofa	Homo sapiens,Bos taurus,Canis lupus familiaris,Sus scrofa	H2AC12	lung	H2AC12:lung	clustered	H2AC12:HGNC:13671	2	L	2:L	1	human	Homo sapiens	63.09666666666666	26.973810755372824	6	present_gold	63.09666666666666	31
4	human,bos_taurus,canis_lupus_familiaris,sus_scrofa	Homo sapiens,Bos taurus,Canis lupus familiaris,Sus scrofa	H2AC12	lung	H2AC12:lung	clustered	H2AC12:HGNC:13671	2	L	2:L	2	bos_taurus	Bos taurus	46.19142857142857	2.2410966703188637	7	present_gold	46.19142857142857	31
4	human,bos_taurus,canis_lupus_familiaris,sus_scrofa	Homo sapiens,Bos taurus,Canis lupus familiaris,Sus scrofa	H2AC12	lung	H2AC12:lung	clustered	H2AC12:HGNC:13671	2	L	2:L	3	canis_lupus_familiaris	Canis lupus familiaris	29.44	2.3475945135393377	2	present_gold	29.44	31
4	human,bos_taurus,canis_lupus_familiaris,sus_scrofa	Homo sapiens,Bos taurus,Canis lupus familiaris,Sus scrofa	H2AC12	lung	H2AC12:lung	clustered	H2AC12:HGNC:13671	2	L	2:L	4	sus_scrofa	Sus scrofa	0.0	0.0	0	observed_zero	0.0	31
4	human,bos_taurus,canis_lupus_familiaris,sus_scrofa	Homo sapiens,Bos taurus,Canis lupus familiaris,Sus scrofa	H2AC12	lymph node	H2AC12:lymph node	clustered	H2AC12:HGNC:13671	2	M	2:M	1	human	Homo sapiens	54.265	4.065863991822648	2	present_gold	54.265	32
4	human,bos_taurus,canis_lupus_familiaris,sus_scrofa	Homo sapiens,Bos taurus,Canis lupus familiaris,Sus scrofa	H2AC12	lymph node	H2AC12:lymph node	clustered	H2AC12:HGNC:13671	2	M	2:M	2	bos_taurus	Bos taurus	55.58	1.7111984104714462	2	present_gold	55.58	32
4	human,bos_taurus,canis_lupus_familiaris,sus_scrofa	Homo sapiens,Bos taurus,Canis lupus familiaris,Sus scrofa	H2AC12	lymph node	H2AC12:lymph node	clustered	H2AC12:HGNC:13671	2	M	2:M	3	canis_lupus_familiaris	Canis lupus familiaris	0.0	0.0	0	observed_zero	0.0	32
4	human,bos_taurus,canis_lupus_familiaris,sus_scrofa	Homo sapiens,Bos taurus,Canis lupus familiaris,Sus scrofa	H2AC12	lymph node	H2AC12:lymph node	clustered	H2AC12:HGNC:13671	2	M	2:M	4	sus_scrofa	Sus scrofa	0.0	0.0	0	observed_zero	0.0	32
4	human,bos_taurus,canis_lupus_familiaris,sus_scrofa	Homo sapiens,Bos taurus,Canis lupus familiaris,Sus scrofa	H2AC12	metanephros cortex	H2AC12:metanephros cortex	clustered	H2AC12:HGNC:13671	2	N	2:N	1	human	Homo sapiens	0.0	0.0	0	observed_zero	0.0	33
4	human,bos_taurus,canis_lupus_familiaris,sus_scrofa	Homo sapiens,Bos taurus,Canis lupus familiaris,Sus scrofa	H2AC12	metanephros cortex	H2AC12:metanephros cortex	clustered	H2AC12:HGNC:13671	2	N	2:N	2	bos_taurus	Bos taurus	43.62	0.0	1	present_gold	43.62	33
4	human,bos_taurus,canis_lupus_familiaris,sus_scrofa	Homo sapiens,Bos taurus,Canis lupus familiaris,Sus scrofa	H2AC12	metanephros cortex	H2AC12:metanephros cortex	clustered	H2AC12:HGNC:13671	2	N	2:N	3	canis_lupus_familiaris	Canis lupus familiaris	0.0	0.0	0	observed_zero	0.0	33
4	human,bos_taurus,canis_lupus_familiaris,sus_scrofa	Homo sapiens,Bos taurus,Canis lupus familiaris,Sus scrofa	H2AC12	metanephros cortex	H2AC12:metanephros cortex	clustered	H2AC12:HGNC:13671	2	N	2:N	4	sus_scrofa	Sus scrofa	0.0	0.0	0	observed_zero	0.0	33
4	human,bos_taurus,canis_lupus_familiaris,sus_scrofa	Homo sapiens,Bos taurus,Canis lupus familiaris,Sus scrofa	H2AC12	ovary	H2AC12:ovary	clustered	H2AC12:HGNC:13671	2	O	2:O	1	human	Homo sapiens	31.425	1.1101576464628795	2	present_gold	31.425	34
4	human,bos_taurus,canis_lupus_familiaris,sus_scrofa	Homo sapiens,Bos taurus,Canis lupus familiaris,Sus scrofa	H2AC12	ovary	H2AC12:ovary	clustered	H2AC12:HGNC:13671	2	O	2:O	2	bos_taurus	Bos taurus	50.0825	5.01574437812242	4	present_gold	50.0825	34
4	human,bos_taurus,canis_lupus_familiaris,sus_scrofa	Homo sapiens,Bos taurus,Canis lupus familiaris,Sus scrofa	H2AC12	ovary	H2AC12:ovary	clustered	H2AC12:HGNC:13671	2	O	2:O	3	canis_lupus_familiaris	Canis lupus familiaris	0.0	0.0	0	observed_zero	0.0	34
4	human,bos_taurus,canis_lupus_familiaris,sus_scrofa	Homo sapiens,Bos taurus,Canis lupus familiaris,Sus scrofa	H2AC12	ovary	H2AC12:ovary	clustered	H2AC12:HGNC:13671	2	O	2:O	4	sus_scrofa	Sus scrofa	0.0	0.0	0	observed_zero	0.0	34
4	human,bos_taurus,canis_lupus_familiaris,sus_scrofa	Homo sapiens,Bos taurus,Canis lupus familiaris,Sus scrofa	H2AC12	pituitary gland	H2AC12:pituitary gland	clustered	H2AC12:HGNC:13671	2	P	2:P	1	human	Homo sapiens	48.86	0.0	1	present_gold	48.86	35
4	human,bos_taurus,canis_lupus_familiaris,sus_scrofa	Homo sapiens,Bos taurus,Canis lupus familiaris,Sus scrofa	H2AC12	pituitary gland	H2AC12:pituitary gland	clustered	H2AC12:HGNC:13671	2	P	2:P	2	bos_taurus	Bos taurus	51.50333333333333	2.769127419723885	6	present_gold	51.50333333333333	35
4	human,bos_taurus,canis_lupus_familiaris,sus_scrofa	Homo sapiens,Bos taurus,Canis lupus familiaris,Sus scrofa	H2AC12	pituitary gland	H2AC12:pituitary gland	clustered	H2AC12:HGNC:13671	2	P	2:P	3	canis_lupus_familiaris	Canis lupus familiaris	0.0	0.0	0	observed_zero	0.0	35
4	human,bos_taurus,canis_lupus_familiaris,sus_scrofa	Homo sapiens,Bos taurus,Canis lupus familiaris,Sus scrofa	H2AC12	pituitary gland	H2AC12:pituitary gland	clustered	H2AC12:HGNC:13671	2	P	2:P	4	sus_scrofa	Sus scrofa	0.0	0.0	0	observed_zero	0.0	35
4	human,bos_taurus,canis_lupus_familiaris,sus_scrofa	Homo sapiens,Bos taurus,Canis lupus familiaris,Sus scrofa	H2AC12	prefrontal cortex	H2AC12:prefrontal cortex	clustered	H2AC12:HGNC:13671	2	Q	2:Q	1	human	Homo sapiens	37.154	8.611209554992842	5	present_gold	37.154	36
4	human,bos_taurus,canis_lupus_familiaris,sus_scrofa	Homo sapiens,Bos taurus,Canis lupus familiaris,Sus scrofa	H2AC12	prefrontal cortex	H2AC12:prefrontal cortex	clustered	H2AC12:HGNC:13671	2	Q	2:Q	2	bos_taurus	Bos taurus	39.51	0.0	1	present_gold	39.51	36
4	human,bos_taurus,canis_lupus_familiaris,sus_scrofa	Homo sapiens,Bos taurus,Canis lupus familiaris,Sus scrofa	H2AC12	prefrontal cortex	H2AC12:prefrontal cortex	clustered	H2AC12:HGNC:13671	2	Q	2:Q	3	canis_lupus_familiaris	Canis lupus familiaris	40.6	0.0	1	present_gold	40.6	36
4	human,bos_taurus,canis_lupus_familiaris,sus_scrofa	Homo sapiens,Bos taurus,Canis lupus familiaris,Sus scrofa	H2AC12	prefrontal cortex	H2AC12:prefrontal cortex	clustered	H2AC12:HGNC:13671	2	Q	2:Q	4	sus_scrofa	Sus scrofa	0.0	0.0	0	observed_zero	0.0	36
4	human,bos_taurus,canis_lupus_familiaris,sus_scrofa	Homo sapiens,Bos taurus,Canis lupus familiaris,Sus scrofa	H2AC12	skeletal muscle tissue	H2AC12:skeletal muscle tissue	clustered	H2AC12:HGNC:13671	2	R	2:R	1	human	Homo sapiens	45.35	0.0	1	present_gold	45.35	37
4	human,bos_taurus,canis_lupus_familiaris,sus_scrofa	Homo sapiens,Bos taurus,Canis lupus familiaris,Sus scrofa	H2AC12	skeletal muscle tissue	H2AC12:skeletal muscle tissue	clustered	H2AC12:HGNC:13671	2	R	2:R	2	bos_taurus	Bos taurus	47.295	1.6386478165446836	4	present_gold	47.295	37
4	human,bos_taurus,canis_lupus_familiaris,sus_scrofa	Homo sapiens,Bos taurus,Canis lupus familiaris,Sus scrofa	H2AC12	skeletal muscle tissue	H2AC12:skeletal muscle tissue	clustered	H2AC12:HGNC:13671	2	R	2:R	3	canis_lupus_familiaris	Canis lupus familiaris	49.755	5.904341622907673	2	present_gold	49.755	37
4	human,bos_taurus,canis_lupus_familiaris,sus_scrofa	Homo sapiens,Bos taurus,Canis lupus familiaris,Sus scrofa	H2AC12	skeletal muscle tissue	H2AC12:skeletal muscle tissue	clustered	H2AC12:HGNC:13671	2	R	2:R	4	sus_scrofa	Sus scrofa	0.0	0.0	0	observed_zero	0.0	37
4	human,bos_taurus,canis_lupus_familiaris,sus_scrofa	Homo sapiens,Bos taurus,Canis lupus familiaris,Sus scrofa	H2AC12	spleen	H2AC12:spleen	clustered	H2AC12:HGNC:13671	2	S	2:S	1	human	Homo sapiens	47.16375	5.270494521389809	8	present_gold	47.16375	38
4	human,bos_taurus,canis_lupus_familiaris,sus_scrofa	Homo sapiens,Bos taurus,Canis lupus familiaris,Sus scrofa	H2AC12	spleen	H2AC12:spleen	clustered	H2AC12:HGNC:13671	2	S	2:S	2	bos_taurus	Bos taurus	49.332	4.785835350281075	5	present_gold	49.332	38
4	human,bos_taurus,canis_lupus_familiaris,sus_scrofa	Homo sapiens,Bos taurus,Canis lupus familiaris,Sus scrofa	H2AC12	spleen	H2AC12:spleen	clustered	H2AC12:HGNC:13671	2	S	2:S	3	canis_lupus_familiaris	Canis lupus familiaris	38.18	0.0	1	present_gold	38.18	38
4	human,bos_taurus,canis_lupus_familiaris,sus_scrofa	Homo sapiens,Bos taurus,Canis lupus familiaris,Sus scrofa	H2AC12	spleen	H2AC12:spleen	clustered	H2AC12:HGNC:13671	2	S	2:S	4	sus_scrofa	Sus scrofa	0.0	0.0	0	observed_zero	0.0	38
4	human,bos_taurus,canis_lupus_familiaris,sus_scrofa	Homo sapiens,Bos taurus,Canis lupus familiaris,Sus scrofa	H2AC12	testis	H2AC12:testis	clustered	H2AC12:HGNC:13671	2	T	2:T	1	human	Homo sapiens	53.8325	3.438661492084217	8	present_gold	53.8325	39
4	human,bos_taurus,canis_lupus_familiaris,sus_scrofa	Homo sapiens,Bos taurus,Canis lupus familiaris,Sus scrofa	H2AC12	testis	H2AC12:testis	clustered	H2AC12:HGNC:13671	2	T	2:T	2	bos_taurus	Bos taurus	65.735	11.89609137490125	6	present_gold	65.735	39
4	human,bos_taurus,canis_lupus_familiaris,sus_scrofa	Homo sapiens,Bos taurus,Canis lupus familiaris,Sus scrofa	H2AC12	testis	H2AC12:testis	clustered	H2AC12:HGNC:13671	2	T	2:T	3	canis_lupus_familiaris	Canis lupus familiaris	17.73	0.0	1	present_gold	17.73	39
4	human,bos_taurus,canis_lupus_familiaris,sus_scrofa	Homo sapiens,Bos taurus,Canis lupus familiaris,Sus scrofa	H2AC12	testis	H2AC12:testis	clustered	H2AC12:HGNC:13671	2	T	2:T	4	sus_scrofa	Sus scrofa	0.0	0.0	0	observed_zero	0.0	39
4	human,bos_taurus,canis_lupus_familiaris,sus_scrofa	Homo sapiens,Bos taurus,Canis lupus familiaris,Sus scrofa	H2AC14	adipose tissue	H2AC14:adipose tissue	clustered	H2AC14:HGNC:4727	3	A	3:A	1	human	Homo sapiens	33.169999999999995	13.374763549311815	3	present_gold	33.169999999999995	40
4	human,bos_taurus,canis_lupus_familiaris,sus_scrofa	Homo sapiens,Bos taurus,Canis lupus familiaris,Sus scrofa	H2AC14	adipose tissue	H2AC14:adipose tissue	clustered	H2AC14:HGNC:4727	3	A	3:A	2	bos_taurus	Bos taurus	42.948	7.079969632703236	5	present_gold	42.948	40
4	human,bos_taurus,canis_lupus_familiaris,sus_scrofa	Homo sapiens,Bos taurus,Canis lupus familiaris,Sus scrofa	H2AC14	adipose tissue	H2AC14:adipose tissue	clustered	H2AC14:HGNC:4727	3	A	3:A	3	canis_lupus_familiaris	Canis lupus familiaris	0.0	0.0	0	observed_zero	0.0	40
4	human,bos_taurus,canis_lupus_familiaris,sus_scrofa	Homo sapiens,Bos taurus,Canis lupus familiaris,Sus scrofa	H2AC14	adipose tissue	H2AC14:adipose tissue	clustered	H2AC14:HGNC:4727	3	A	3:A	4	sus_scrofa	Sus scrofa	88.63	0.0	1	present_gold	88.63	40
4	human,bos_taurus,canis_lupus_familiaris,sus_scrofa	Homo sapiens,Bos taurus,Canis lupus familiaris,Sus scrofa	H2AC14	adult mammalian kidney	H2AC14:adult mammalian kidney	clustered	H2AC14:HGNC:4727	3	B	3:B	1	human	Homo sapiens	46.945	27.38624563535499	2	present_gold	46.945	41
4	human,bos_taurus,canis_lupus_familiaris,sus_scrofa	Homo sapiens,Bos taurus,Canis lupus familiaris,Sus scrofa	H2AC14	adult mammalian kidney	H2AC14:adult mammalian kidney	clustered	H2AC14:HGNC:4727	3	B	3:B	2	bos_taurus	Bos taurus	0.0	0.0	0	observed_zero	0.0	41
4	human,bos_taurus,canis_lupus_familiaris,sus_scrofa	Homo sapiens,Bos taurus,Canis lupus familiaris,Sus scrofa	H2AC14	adult mammalian kidney	H2AC14:adult mammalian kidney	clustered	H2AC14:HGNC:4727	3	B	3:B	3	canis_lupus_familiaris	Canis lupus familiaris	0.0	0.0	0	observed_zero	0.0	41
4	human,bos_taurus,canis_lupus_familiaris,sus_scrofa	Homo sapiens,Bos taurus,Canis lupus familiaris,Sus scrofa	H2AC14	adult mammalian kidney	H2AC14:adult mammalian kidney	clustered	H2AC14:HGNC:4727	3	B	3:B	4	sus_scrofa	Sus scrofa	61.14	0.0	1	present_gold	61.14	41
4	human,bos_taurus,canis_lupus_familiaris,sus_scrofa	Homo sapiens,Bos taurus,Canis lupus familiaris,Sus scrofa	H2AC14	blood	H2AC14:blood	clustered	H2AC14:HGNC:4727	3	C	3:C	1	human	Homo sapiens	51.14666666666667	4.366794618263519	15	present_gold	51.14666666666667	42
4	human,bos_taurus,canis_lupus_familiaris,sus_scrofa	Homo sapiens,Bos taurus,Canis lupus familiaris,Sus scrofa	H2AC14	blood	H2AC14:blood	clustered	H2AC14:HGNC:4727	3	C	3:C	2	bos_taurus	Bos taurus	43.405	0.473761543394988	2	present_gold	43.405	42
4	human,bos_taurus,canis_lupus_familiaris,sus_scrofa	Homo sapiens,Bos taurus,Canis lupus familiaris,Sus scrofa	H2AC14	blood	H2AC14:blood	clustered	H2AC14:HGNC:4727	3	C	3:C	3	canis_lupus_familiaris	Canis lupus familiaris	0.0	0.0	0	observed_zero	0.0	42
4	human,bos_taurus,canis_lupus_familiaris,sus_scrofa	Homo sapiens,Bos taurus,Canis lupus familiaris,Sus scrofa	H2AC14	blood	H2AC14:blood	clustered	H2AC14:HGNC:4727	3	C	3:C	4	sus_scrofa	Sus scrofa	0.0	0.0	0	observed_zero	0.0	42
4	human,bos_taurus,canis_lupus_familiaris,sus_scrofa	Homo sapiens,Bos taurus,Canis lupus familiaris,Sus scrofa	H2AC14	cerebellum	H2AC14:cerebellum	clustered	H2AC14:HGNC:4727	3	D	3:D	1	human	Homo sapiens	0.0	0.0	0	observed_zero	0.0	43
4	human,bos_taurus,canis_lupus_familiaris,sus_scrofa	Homo sapiens,Bos taurus,Canis lupus familiaris,Sus scrofa	H2AC14	cerebellum	H2AC14:cerebellum	clustered	H2AC14:HGNC:4727	3	D	3:D	2	bos_taurus	Bos taurus	60.325	0.0212132034355972	2	present_gold	60.325	43
4	human,bos_taurus,canis_lupus_familiaris,sus_scrofa	Homo sapiens,Bos taurus,Canis lupus familiaris,Sus scrofa	H2AC14	cerebellum	H2AC14:cerebellum	clustered	H2AC14:HGNC:4727	3	D	3:D	3	canis_lupus_familiaris	Canis lupus familiaris	0.0	0.0	0	observed_zero	0.0	43
4	human,bos_taurus,canis_lupus_familiaris,sus_scrofa	Homo sapiens,Bos taurus,Canis lupus familiaris,Sus scrofa	H2AC14	cerebellum	H2AC14:cerebellum	clustered	H2AC14:HGNC:4727	3	D	3:D	4	sus_scrofa	Sus scrofa	0.0	0.0	0	observed_zero	0.0	43
4	human,bos_taurus,canis_lupus_familiaris,sus_scrofa	Homo sapiens,Bos taurus,Canis lupus familiaris,Sus scrofa	H2AC14	cerebral cortex	H2AC14:cerebral cortex	clustered	H2AC14:HGNC:4727	3	E	3:E	1	human	Homo sapiens	23.27	0.0	1	present_gold	23.27	44
4	human,bos_taurus,canis_lupus_familiaris,sus_scrofa	Homo sapiens,Bos taurus,Canis lupus familiaris,Sus scrofa	H2AC14	cerebral cortex	H2AC14:cerebral cortex	clustered	H2AC14:HGNC:4727	3	E	3:E	2	bos_taurus	Bos taurus	44.16	2.998132752230963	2	present_gold	44.16	44
4	human,bos_taurus,canis_lupus_familiaris,sus_scrofa	Homo sapiens,Bos taurus,Canis lupus familiaris,Sus scrofa	H2AC14	cerebral cortex	H2AC14:cerebral cortex	clustered	H2AC14:HGNC:4727	3	E	3:E	3	canis_lupus_familiaris	Canis lupus familiaris	0.0	0.0	0	observed_zero	0.0	44
4	human,bos_taurus,canis_lupus_familiaris,sus_scrofa	Homo sapiens,Bos taurus,Canis lupus familiaris,Sus scrofa	H2AC14	cerebral cortex	H2AC14:cerebral cortex	clustered	H2AC14:HGNC:4727	3	E	3:E	4	sus_scrofa	Sus scrofa	82.47	0.0	1	present_gold	82.47	44
4	human,bos_taurus,canis_lupus_familiaris,sus_scrofa	Homo sapiens,Bos taurus,Canis lupus familiaris,Sus scrofa	H2AC14	colon	H2AC14:colon	clustered	H2AC14:HGNC:4727	3	F	3:F	1	human	Homo sapiens	55.437777777777775	32.2785264447503	9	present_gold	55.437777777777775	45
4	human,bos_taurus,canis_lupus_familiaris,sus_scrofa	Homo sapiens,Bos taurus,Canis lupus familiaris,Sus scrofa	H2AC14	colon	H2AC14:colon	clustered	H2AC14:HGNC:4727	3	F	3:F	2	bos_taurus	Bos taurus	44.03	0.0	1	present_gold	44.03	45
4	human,bos_taurus,canis_lupus_familiaris,sus_scrofa	Homo sapiens,Bos taurus,Canis lupus familiaris,Sus scrofa	H2AC14	colon	H2AC14:colon	clustered	H2AC14:HGNC:4727	3	F	3:F	3	canis_lupus_familiaris	Canis lupus familiaris	0.0	0.0	0	observed_zero	0.0	45
4	human,bos_taurus,canis_lupus_familiaris,sus_scrofa	Homo sapiens,Bos taurus,Canis lupus familiaris,Sus scrofa	H2AC14	colon	H2AC14:colon	clustered	H2AC14:HGNC:4727	3	F	3:F	4	sus_scrofa	Sus scrofa	96.48	0.848528137423859	2	present_gold	96.48	45
4	human,bos_taurus,canis_lupus_familiaris,sus_scrofa	Homo sapiens,Bos taurus,Canis lupus familiaris,Sus scrofa	H2AC14	frontal cortex	H2AC14:frontal cortex	clustered	H2AC14:HGNC:4727	3	G	3:G	1	human	Homo sapiens	27.15	0.0	1	present_gold	27.15	46
4	human,bos_taurus,canis_lupus_familiaris,sus_scrofa	Homo sapiens,Bos taurus,Canis lupus familiaris,Sus scrofa	H2AC14	frontal cortex	H2AC14:frontal cortex	clustered	H2AC14:HGNC:4727	3	G	3:G	2	bos_taurus	Bos taurus	42.075	0.4171930009000604	2	present_gold	42.075	46
4	human,bos_taurus,canis_lupus_familiaris,sus_scrofa	Homo sapiens,Bos taurus,Canis lupus familiaris,Sus scrofa	H2AC14	frontal cortex	H2AC14:frontal cortex	clustered	H2AC14:HGNC:4727	3	G	3:G	3	canis_lupus_familiaris	Canis lupus familiaris	0.0	0.0	0	observed_zero	0.0	46
4	human,bos_taurus,canis_lupus_familiaris,sus_scrofa	Homo sapiens,Bos taurus,Canis lupus familiaris,Sus scrofa	H2AC14	frontal cortex	H2AC14:frontal cortex	clustered	H2AC14:HGNC:4727	3	G	3:G	4	sus_scrofa	Sus scrofa	54.26	0.0	1	present_gold	54.26	46
4	human,bos_taurus,canis_lupus_familiaris,sus_scrofa	Homo sapiens,Bos taurus,Canis lupus familiaris,Sus scrofa	H2AC14	heart	H2AC14:heart	clustered	H2AC14:HGNC:4727	3	H	3:H	1	human	Homo sapiens	66.356	32.28307420305569	5	present_gold	66.356	47
4	human,bos_taurus,canis_lupus_familiaris,sus_scrofa	Homo sapiens,Bos taurus,Canis lupus familiaris,Sus scrofa	H2AC14	heart	H2AC14:heart	clustered	H2AC14:HGNC:4727	3	H	3:H	2	bos_taurus	Bos taurus	0.0	0.0	0	observed_zero	0.0	47
4	human,bos_taurus,canis_lupus_familiaris,sus_scrofa	Homo sapiens,Bos taurus,Canis lupus familiaris,Sus scrofa	H2AC14	heart	H2AC14:heart	clustered	H2AC14:HGNC:4727	3	H	3:H	3	canis_lupus_familiaris	Canis lupus familiaris	0.0	0.0	0	observed_zero	0.0	47
4	human,bos_taurus,canis_lupus_familiaris,sus_scrofa	Homo sapiens,Bos taurus,Canis lupus familiaris,Sus scrofa	H2AC14	heart	H2AC14:heart	clustered	H2AC14:HGNC:4727	3	H	3:H	4	sus_scrofa	Sus scrofa	61.48	13.5994705779306	3	present_gold	61.48	47
4	human,bos_taurus,canis_lupus_familiaris,sus_scrofa	Homo sapiens,Bos taurus,Canis lupus familiaris,Sus scrofa	H2AC14	hypothalamus	H2AC14:hypothalamus	clustered	H2AC14:HGNC:4727	3	I	3:I	1	human	Homo sapiens	39.28	0.0	1	present_gold	39.28	48
4	human,bos_taurus,canis_lupus_familiaris,sus_scrofa	Homo sapiens,Bos taurus,Canis lupus familiaris,Sus scrofa	H2AC14	hypothalamus	H2AC14:hypothalamus	clustered	H2AC14:HGNC:4727	3	I	3:I	2	bos_taurus	Bos taurus	43.836666666666666	1.2846140795325771	3	present_gold	43.836666666666666	48
4	human,bos_taurus,canis_lupus_familiaris,sus_scrofa	Homo sapiens,Bos taurus,Canis lupus familiaris,Sus scrofa	H2AC14	hypothalamus	H2AC14:hypothalamus	clustered	H2AC14:HGNC:4727	3	I	3:I	3	canis_lupus_familiaris	Canis lupus familiaris	0.0	0.0	0	observed_zero	0.0	48
4	human,bos_taurus,canis_lupus_familiaris,sus_scrofa	Homo sapiens,Bos taurus,Canis lupus familiaris,Sus scrofa	H2AC14	hypothalamus	H2AC14:hypothalamus	clustered	H2AC14:HGNC:4727	3	I	3:I	4	sus_scrofa	Sus scrofa	0.0	0.0	0	observed_zero	0.0	48
4	human,bos_taurus,canis_lupus_familiaris,sus_scrofa	Homo sapiens,Bos taurus,Canis lupus familiaris,Sus scrofa	H2AC14	liver	H2AC14:liver	clustered	H2AC14:HGNC:4727	3	K	3:K	1	human	Homo sapiens	41.035714285714285	2.265250958450717	7	present_gold	41.035714285714285	49
4	human,bos_taurus,canis_lupus_familiaris,sus_scrofa	Homo sapiens,Bos taurus,Canis lupus familiaris,Sus scrofa	H2AC14	liver	H2AC14:liver	clustered	H2AC14:HGNC:4727	3	K	3:K	2	bos_taurus	Bos taurus	39.02285714285715	8.030196581831428	7	present_gold	39.02285714285715	49
4	human,bos_taurus,canis_lupus_familiaris,sus_scrofa	Homo sapiens,Bos taurus,Canis lupus familiaris,Sus scrofa	H2AC14	liver	H2AC14:liver	clustered	H2AC14:HGNC:4727	3	K	3:K	3	canis_lupus_familiaris	Canis lupus familiaris	35.696666666666665	6.765784014682506	3	present_gold	35.696666666666665	49
4	human,bos_taurus,canis_lupus_familiaris,sus_scrofa	Homo sapiens,Bos taurus,Canis lupus familiaris,Sus scrofa	H2AC14	liver	H2AC14:liver	clustered	H2AC14:HGNC:4727	3	K	3:K	4	sus_scrofa	Sus scrofa	53.26333333333334	20.59443209543136	3	present_gold	53.26333333333334	49
4	human,bos_taurus,canis_lupus_familiaris,sus_scrofa	Homo sapiens,Bos taurus,Canis lupus familiaris,Sus scrofa	H2AC14	lung	H2AC14:lung	clustered	H2AC14:HGNC:4727	3	L	3:L	1	human	Homo sapiens	59.012857142857136	27.508537895403624	7	present_gold	59.012857142857136	50
4	human,bos_taurus,canis_lupus_familiaris,sus_scrofa	Homo sapiens,Bos taurus,Canis lupus familiaris,Sus scrofa	H2AC14	lung	H2AC14:lung	clustered	H2AC14:HGNC:4727	3	L	3:L	2	bos_taurus	Bos taurus	34.656666666666666	5.913690331200418	3	present_gold	34.656666666666666	50
4	human,bos_taurus,canis_lupus_familiaris,sus_scrofa	Homo sapiens,Bos taurus,Canis lupus familiaris,Sus scrofa	H2AC14	lung	H2AC14:lung	clustered	H2AC14:HGNC:4727	3	L	3:L	3	canis_lupus_familiaris	Canis lupus familiaris	0.0	0.0	0	observed_zero	0.0	50
4	human,bos_taurus,canis_lupus_familiaris,sus_scrofa	Homo sapiens,Bos taurus,Canis lupus familiaris,Sus scrofa	H2AC14	lung	H2AC14:lung	clustered	H2AC14:HGNC:4727	3	L	3:L	4	sus_scrofa	Sus scrofa	65.99000000000001	32.470343392086264	2	present_gold	65.99000000000001	50
4	human,bos_taurus,canis_lupus_familiaris,sus_scrofa	Homo sapiens,Bos taurus,Canis lupus familiaris,Sus scrofa	H2AC14	lymph node	H2AC14:lymph node	clustered	H2AC14:HGNC:4727	3	M	3:M	1	human	Homo sapiens	46.47	0.0	1	present_gold	46.47	51
4	human,bos_taurus,canis_lupus_familiaris,sus_scrofa	Homo sapiens,Bos taurus,Canis lupus familiaris,Sus scrofa	H2AC14	lymph node	H2AC14:lymph node	clustered	H2AC14:HGNC:4727	3	M	3:M	2	bos_taurus	Bos taurus	47.5	1.612203461105329	2	present_gold	47.5	51
4	human,bos_taurus,canis_lupus_familiaris,sus_scrofa	Homo sapiens,Bos taurus,Canis lupus familiaris,Sus scrofa	H2AC14	lymph node	H2AC14:lymph node	clustered	H2AC14:HGNC:4727	3	M	3:M	3	canis_lupus_familiaris	Canis lupus familiaris	0.0	0.0	0	observed_zero	0.0	51
4	human,bos_taurus,canis_lupus_familiaris,sus_scrofa	Homo sapiens,Bos taurus,Canis lupus familiaris,Sus scrofa	H2AC14	lymph node	H2AC14:lymph node	clustered	H2AC14:HGNC:4727	3	M	3:M	4	sus_scrofa	Sus scrofa	0.0	0.0	0	observed_zero	0.0	51
4	human,bos_taurus,canis_lupus_familiaris,sus_scrofa	Homo sapiens,Bos taurus,Canis lupus familiaris,Sus scrofa	H2AC14	metanephros cortex	H2AC14:metanephros cortex	clustered	H2AC14:HGNC:4727	3	N	3:N	1	human	Homo sapiens	0.0	0.0	0	observed_zero	0.0	52
4	human,bos_taurus,canis_lupus_familiaris,sus_scrofa	Homo sapiens,Bos taurus,Canis lupus familiaris,Sus scrofa	H2AC14	metanephros cortex	H2AC14:metanephros cortex	clustered	H2AC14:HGNC:4727	3	N	3:N	2	bos_taurus	Bos taurus	41.95	0.0	1	present_gold	41.95	52
4	human,bos_taurus,canis_lupus_familiaris,sus_scrofa	Homo sapiens,Bos taurus,Canis lupus familiaris,Sus scrofa	H2AC14	metanephros cortex	H2AC14:metanephros cortex	clustered	H2AC14:HGNC:4727	3	N	3:N	3	canis_lupus_familiaris	Canis lupus familiaris	0.0	0.0	0	observed_zero	0.0	52
4	human,bos_taurus,canis_lupus_familiaris,sus_scrofa	Homo sapiens,Bos taurus,Canis lupus familiaris,Sus scrofa	H2AC14	metanephros cortex	H2AC14:metanephros cortex	clustered	H2AC14:HGNC:4727	3	N	3:N	4	sus_scrofa	Sus scrofa	59.620000000000005	8.018590898655452	2	present_gold	59.620000000000005	52
4	human,bos_taurus,canis_lupus_familiaris,sus_scrofa	Homo sapiens,Bos taurus,Canis lupus familiaris,Sus scrofa	H2AC14	ovary	H2AC14:ovary	clustered	H2AC14:HGNC:4727	3	O	3:O	1	human	Homo sapiens	23.1	0.0	1	present_gold	23.1	53
4	human,bos_taurus,canis_lupus_familiaris,sus_scrofa	Homo sapiens,Bos taurus,Canis lupus familiaris,Sus scrofa	H2AC14	ovary	H2AC14:ovary	clustered	H2AC14:HGNC:4727	3	O	3:O	2	bos_taurus	Bos taurus	52.03666666666667	7.370009045675136	3	present_gold	52.03666666666667	53
4	human,bos_taurus,canis_lupus_familiaris,sus_scrofa	Homo sapiens,Bos taurus,Canis lupus familiaris,Sus scrofa	H2AC14	ovary	H2AC14:ovary	clustered	H2AC14:HGNC:4727	3	O	3:O	3	canis_lupus_familiaris	Canis lupus familiaris	0.0	0.0	0	observed_zero	0.0	53
4	human,bos_taurus,canis_lupus_familiaris,sus_scrofa	Homo sapiens,Bos taurus,Canis lupus familiaris,Sus scrofa	H2AC14	ovary	H2AC14:ovary	clustered	H2AC14:HGNC:4727	3	O	3:O	4	sus_scrofa	Sus scrofa	91.06666666666666	3.8967849996289687	3	present_gold	91.06666666666666	53
4	human,bos_taurus,canis_lupus_familiaris,sus_scrofa	Homo sapiens,Bos taurus,Canis lupus familiaris,Sus scrofa	H2AC14	pituitary gland	H2AC14:pituitary gland	clustered	H2AC14:HGNC:4727	3	P	3:P	1	human	Homo sapiens	0.0	0.0	0	observed_zero	0.0	54
4	human,bos_taurus,canis_lupus_familiaris,sus_scrofa	Homo sapiens,Bos taurus,Canis lupus familiaris,Sus scrofa	H2AC14	pituitary gland	H2AC14:pituitary gland	clustered	H2AC14:HGNC:4727	3	P	3:P	2	bos_taurus	Bos taurus	44.94	2.9557063453597685	2	present_gold	44.94	54
4	human,bos_taurus,canis_lupus_familiaris,sus_scrofa	Homo sapiens,Bos taurus,Canis lupus familiaris,Sus scrofa	H2AC14	pituitary gland	H2AC14:pituitary gland	clustered	H2AC14:HGNC:4727	3	P	3:P	3	canis_lupus_familiaris	Canis lupus familiaris	0.0	0.0	0	observed_zero	0.0	54
4	human,bos_taurus,canis_lupus_familiaris,sus_scrofa	Homo sapiens,Bos taurus,Canis lupus familiaris,Sus scrofa	H2AC14	pituitary gland	H2AC14:pituitary gland	clustered	H2AC14:HGNC:4727	3	P	3:P	4	sus_scrofa	Sus scrofa	62.26	14.820958133670032	2	present_gold	62.26	54
4	human,bos_taurus,canis_lupus_familiaris,sus_scrofa	Homo sapiens,Bos taurus,Canis lupus familiaris,Sus scrofa	H2AC14	prefrontal cortex	H2AC14:prefrontal cortex	clustered	H2AC14:HGNC:4727	3	Q	3:Q	1	human	Homo sapiens	32.925	3.047080569988262	4	present_gold	32.925	55
4	human,bos_taurus,canis_lupus_familiaris,sus_scrofa	Homo sapiens,Bos taurus,Canis lupus familiaris,Sus scrofa	H2AC14	prefrontal cortex	H2AC14:prefrontal cortex	clustered	H2AC14:HGNC:4727	3	Q	3:Q	2	bos_taurus	Bos taurus	0.0	0.0	0	observed_zero	0.0	55
4	human,bos_taurus,canis_lupus_familiaris,sus_scrofa	Homo sapiens,Bos taurus,Canis lupus familiaris,Sus scrofa	H2AC14	prefrontal cortex	H2AC14:prefrontal cortex	clustered	H2AC14:HGNC:4727	3	Q	3:Q	3	canis_lupus_familiaris	Canis lupus familiaris	0.0	0.0	0	observed_zero	0.0	55
4	human,bos_taurus,canis_lupus_familiaris,sus_scrofa	Homo sapiens,Bos taurus,Canis lupus familiaris,Sus scrofa	H2AC14	prefrontal cortex	H2AC14:prefrontal cortex	clustered	H2AC14:HGNC:4727	3	Q	3:Q	4	sus_scrofa	Sus scrofa	0.0	0.0	0	observed_zero	0.0	55
4	human,bos_taurus,canis_lupus_familiaris,sus_scrofa	Homo sapiens,Bos taurus,Canis lupus familiaris,Sus scrofa	H2AC14	skeletal muscle tissue	H2AC14:skeletal muscle tissue	clustered	H2AC14:HGNC:4727	3	R	3:R	1	human	Homo sapiens	0.0	0.0	0	observed_zero	0.0	56
4	human,bos_taurus,canis_lupus_familiaris,sus_scrofa	Homo sapiens,Bos taurus,Canis lupus familiaris,Sus scrofa	H2AC14	skeletal muscle tissue	H2AC14:skeletal muscle tissue	clustered	H2AC14:HGNC:4727	3	R	3:R	2	bos_taurus	Bos taurus	40.59666666666667	1.2326529654908291	3	present_gold	40.59666666666667	56
4	human,bos_taurus,canis_lupus_familiaris,sus_scrofa	Homo sapiens,Bos taurus,Canis lupus familiaris,Sus scrofa	H2AC14	skeletal muscle tissue	H2AC14:skeletal muscle tissue	clustered	H2AC14:HGNC:4727	3	R	3:R	3	canis_lupus_familiaris	Canis lupus familiaris	0.0	0.0	0	observed_zero	0.0	56
4	human,bos_taurus,canis_lupus_familiaris,sus_scrofa	Homo sapiens,Bos taurus,Canis lupus familiaris,Sus scrofa	H2AC14	skeletal muscle tissue	H2AC14:skeletal muscle tissue	clustered	H2AC14:HGNC:4727	3	R	3:R	4	sus_scrofa	Sus scrofa	78.27000000000001	3.662813126546311	2	present_gold	78.27000000000001	56
4	human,bos_taurus,canis_lupus_familiaris,sus_scrofa	Homo sapiens,Bos taurus,Canis lupus familiaris,Sus scrofa	H2AC14	spleen	H2AC14:spleen	clustered	H2AC14:HGNC:4727	3	S	3:S	1	human	Homo sapiens	44.434000000000005	6.099931147152401	10	present_gold	44.434000000000005	57
4	human,bos_taurus,canis_lupus_familiaris,sus_scrofa	Homo sapiens,Bos taurus,Canis lupus familiaris,Sus scrofa	H2AC14	spleen	H2AC14:spleen	clustered	H2AC14:HGNC:4727	3	S	3:S	2	bos_taurus	Bos taurus	46.832	6.314900632630731	5	present_gold	46.832	57
4	human,bos_taurus,canis_lupus_familiaris,sus_scrofa	Homo sapiens,Bos taurus,Canis lupus familiaris,Sus scrofa	H2AC14	spleen	H2AC14:spleen	clustered	H2AC14:HGNC:4727	3	S	3:S	3	canis_lupus_familiaris	Canis lupus familiaris	41.335	4.27799602617861	2	present_gold	41.335	57
4	human,bos_taurus,canis_lupus_familiaris,sus_scrofa	Homo sapiens,Bos taurus,Canis lupus familiaris,Sus scrofa	H2AC14	spleen	H2AC14:spleen	clustered	H2AC14:HGNC:4727	3	S	3:S	4	sus_scrofa	Sus scrofa	77.968	26.6286559931214	5	present_gold	77.968	57
4	human,bos_taurus,canis_lupus_familiaris,sus_scrofa	Homo sapiens,Bos taurus,Canis lupus familiaris,Sus scrofa	H2AC14	testis	H2AC14:testis	clustered	H2AC14:HGNC:4727	3	T	3:T	1	human	Homo sapiens	31.56	13.845150775632602	2	present_gold	31.56	58
4	human,bos_taurus,canis_lupus_familiaris,sus_scrofa	Homo sapiens,Bos taurus,Canis lupus familiaris,Sus scrofa	H2AC14	testis	H2AC14:testis	clustered	H2AC14:HGNC:4727	3	T	3:T	2	bos_taurus	Bos taurus	58.612	10.300391740123288	5	present_gold	58.612	58
4	human,bos_taurus,canis_lupus_familiaris,sus_scrofa	Homo sapiens,Bos taurus,Canis lupus familiaris,Sus scrofa	H2AC14	testis	H2AC14:testis	clustered	H2AC14:HGNC:4727	3	T	3:T	3	canis_lupus_familiaris	Canis lupus familiaris	0.0	0.0	0	observed_zero	0.0	58
4	human,bos_taurus,canis_lupus_familiaris,sus_scrofa	Homo sapiens,Bos taurus,Canis lupus familiaris,Sus scrofa	H2AC14	testis	H2AC14:testis	clustered	H2AC14:HGNC:4727	3	T	3:T	4	sus_scrofa	Sus scrofa	94.05	0.0	1	present_gold	94.05	58
4	human,bos_taurus,canis_lupus_familiaris,sus_scrofa	Homo sapiens,Bos taurus,Canis lupus familiaris,Sus scrofa	H2AC25	adipose tissue	H2AC25:adipose tissue	clustered	H2AC25:HGNC:20507	4	A	4:A	1	human	Homo sapiens	64.93666666666667	5.657352148605682	3	present_gold	64.93666666666667	59
4	human,bos_taurus,canis_lupus_familiaris,sus_scrofa	Homo sapiens,Bos taurus,Canis lupus familiaris,Sus scrofa	H2AC25	adipose tissue	H2AC25:adipose tissue	clustered	H2AC25:HGNC:20507	4	A	4:A	2	bos_taurus	Bos taurus	51.473333333333336	1.5455829536672123	6	present_gold	51.473333333333336	59
4	human,bos_taurus,canis_lupus_familiaris,sus_scrofa	Homo sapiens,Bos taurus,Canis lupus familiaris,Sus scrofa	H2AC25	adipose tissue	H2AC25:adipose tissue	clustered	H2AC25:HGNC:20507	4	A	4:A	3	canis_lupus_familiaris	Canis lupus familiaris	0.0	0.0	0	observed_zero	0.0	59
4	human,bos_taurus,canis_lupus_familiaris,sus_scrofa	Homo sapiens,Bos taurus,Canis lupus familiaris,Sus scrofa	H2AC25	adipose tissue	H2AC25:adipose tissue	clustered	H2AC25:HGNC:20507	4	A	4:A	4	sus_scrofa	Sus scrofa	71.24000000000001	28.35498192558056	2	present_gold	71.24000000000001	59
4	human,bos_taurus,canis_lupus_familiaris,sus_scrofa	Homo sapiens,Bos taurus,Canis lupus familiaris,Sus scrofa	H2AC25	adult mammalian kidney	H2AC25:adult mammalian kidney	clustered	H2AC25:HGNC:20507	4	B	4:B	1	human	Homo sapiens	63.73181818181818	4.362276511597627	11	present_gold	63.73181818181818	60
4	human,bos_taurus,canis_lupus_familiaris,sus_scrofa	Homo sapiens,Bos taurus,Canis lupus familiaris,Sus scrofa	H2AC25	adult mammalian kidney	H2AC25:adult mammalian kidney	clustered	H2AC25:HGNC:20507	4	B	4:B	2	bos_taurus	Bos taurus	52.1375	3.889124794432118	4	present_gold	52.1375	60
4	human,bos_taurus,canis_lupus_familiaris,sus_scrofa	Homo sapiens,Bos taurus,Canis lupus familiaris,Sus scrofa	H2AC25	adult mammalian kidney	H2AC25:adult mammalian kidney	clustered	H2AC25:HGNC:20507	4	B	4:B	3	canis_lupus_familiaris	Canis lupus familiaris	34.79666666666667	6.065412874102913	3	present_gold	34.79666666666667	60
4	human,bos_taurus,canis_lupus_familiaris,sus_scrofa	Homo sapiens,Bos taurus,Canis lupus familiaris,Sus scrofa	H2AC25	adult mammalian kidney	H2AC25:adult mammalian kidney	clustered	H2AC25:HGNC:20507	4	B	4:B	4	sus_scrofa	Sus scrofa	53.36666666666667	23.65140446851589	3	present_gold	53.36666666666667	60
4	human,bos_taurus,canis_lupus_familiaris,sus_scrofa	Homo sapiens,Bos taurus,Canis lupus familiaris,Sus scrofa	H2AC25	blood	H2AC25:blood	clustered	H2AC25:HGNC:20507	4	C	4:C	1	human	Homo sapiens	81.006875	2.594549977035196	16	present_gold	81.006875	61
4	human,bos_taurus,canis_lupus_familiaris,sus_scrofa	Homo sapiens,Bos taurus,Canis lupus familiaris,Sus scrofa	H2AC25	blood	H2AC25:blood	clustered	H2AC25:HGNC:20507	4	C	4:C	2	bos_taurus	Bos taurus	56.3625	2.7132437536400364	4	present_gold	56.3625	61
4	human,bos_taurus,canis_lupus_familiaris,sus_scrofa	Homo sapiens,Bos taurus,Canis lupus familiaris,Sus scrofa	H2AC25	blood	H2AC25:blood	clustered	H2AC25:HGNC:20507	4	C	4:C	3	canis_lupus_familiaris	Canis lupus familiaris	65.71	0.0	1	present_gold	65.71	61
4	human,bos_taurus,canis_lupus_familiaris,sus_scrofa	Homo sapiens,Bos taurus,Canis lupus familiaris,Sus scrofa	H2AC25	blood	H2AC25:blood	clustered	H2AC25:HGNC:20507	4	C	4:C	4	sus_scrofa	Sus scrofa	69.23666666666666	0.755270371015128	3	present_gold	69.23666666666666	61
4	human,bos_taurus,canis_lupus_familiaris,sus_scrofa	Homo sapiens,Bos taurus,Canis lupus familiaris,Sus scrofa	H2AC25	cerebellum	H2AC25:cerebellum	clustered	H2AC25:HGNC:20507	4	D	4:D	1	human	Homo sapiens	95.21999999999998	1.6992939710362134	3	present_gold	95.21999999999998	62
4	human,bos_taurus,canis_lupus_familiaris,sus_scrofa	Homo sapiens,Bos taurus,Canis lupus familiaris,Sus scrofa	H2AC25	cerebellum	H2AC25:cerebellum	clustered	H2AC25:HGNC:20507	4	D	4:D	2	bos_taurus	Bos taurus	50.61	0.0	1	present_gold	50.61	62
4	human,bos_taurus,canis_lupus_familiaris,sus_scrofa	Homo sapiens,Bos taurus,Canis lupus familiaris,Sus scrofa	H2AC25	cerebellum	H2AC25:cerebellum	clustered	H2AC25:HGNC:20507	4	D	4:D	3	canis_lupus_familiaris	Canis lupus familiaris	50.615	15.07531868098759	4	present_gold	50.615	62
4	human,bos_taurus,canis_lupus_familiaris,sus_scrofa	Homo sapiens,Bos taurus,Canis lupus familiaris,Sus scrofa	H2AC25	cerebellum	H2AC25:cerebellum	clustered	H2AC25:HGNC:20507	4	D	4:D	4	sus_scrofa	Sus scrofa	76.38666666666667	37.88636342186109	3	present_gold	76.38666666666667	62
4	human,bos_taurus,canis_lupus_familiaris,sus_scrofa	Homo sapiens,Bos taurus,Canis lupus familiaris,Sus scrofa	H2AC25	cerebral cortex	H2AC25:cerebral cortex	clustered	H2AC25:HGNC:20507	4	E	4:E	1	human	Homo sapiens	83.08	0.0	1	present_gold	83.08	63
4	human,bos_taurus,canis_lupus_familiaris,sus_scrofa	Homo sapiens,Bos taurus,Canis lupus familiaris,Sus scrofa	H2AC25	cerebral cortex	H2AC25:cerebral cortex	clustered	H2AC25:HGNC:20507	4	E	4:E	2	bos_taurus	Bos taurus	46.245000000000005	0.7141778489984116	2	present_gold	46.245000000000005	63
4	human,bos_taurus,canis_lupus_familiaris,sus_scrofa	Homo sapiens,Bos taurus,Canis lupus familiaris,Sus scrofa	H2AC25	cerebral cortex	H2AC25:cerebral cortex	clustered	H2AC25:HGNC:20507	4	E	4:E	3	canis_lupus_familiaris	Canis lupus familiaris	42.875	6.8660068453213725	2	present_gold	42.875	63
4	human,bos_taurus,canis_lupus_familiaris,sus_scrofa	Homo sapiens,Bos taurus,Canis lupus familiaris,Sus scrofa	H2AC25	cerebral cortex	H2AC25:cerebral cortex	clustered	H2AC25:HGNC:20507	4	E	4:E	4	sus_scrofa	Sus scrofa	94.01	0.0	1	present_gold	94.01	63
4	human,bos_taurus,canis_lupus_familiaris,sus_scrofa	Homo sapiens,Bos taurus,Canis lupus familiaris,Sus scrofa	H2AC25	colon	H2AC25:colon	clustered	H2AC25:HGNC:20507	4	F	4:F	1	human	Homo sapiens	72.10499999999999	2.2596226331944123	10	present_gold	72.10499999999999	64
4	human,bos_taurus,canis_lupus_familiaris,sus_scrofa	Homo sapiens,Bos taurus,Canis lupus familiaris,Sus scrofa	H2AC25	colon	H2AC25:colon	clustered	H2AC25:HGNC:20507	4	F	4:F	2	bos_taurus	Bos taurus	47.24	0.0	1	present_gold	47.24	64
4	human,bos_taurus,canis_lupus_familiaris,sus_scrofa	Homo sapiens,Bos taurus,Canis lupus familiaris,Sus scrofa	H2AC25	colon	H2AC25:colon	clustered	H2AC25:HGNC:20507	4	F	4:F	3	canis_lupus_familiaris	Canis lupus familiaris	40.16	0.0	1	present_gold	40.16	64
4	human,bos_taurus,canis_lupus_familiaris,sus_scrofa	Homo sapiens,Bos taurus,Canis lupus familiaris,Sus scrofa	H2AC25	colon	H2AC25:colon	clustered	H2AC25:HGNC:20507	4	F	4:F	4	sus_scrofa	Sus scrofa	92.15	0.5374011537017798	2	present_gold	92.15	64
4	human,bos_taurus,canis_lupus_familiaris,sus_scrofa	Homo sapiens,Bos taurus,Canis lupus familiaris,Sus scrofa	H2AC25	frontal cortex	H2AC25:frontal cortex	clustered	H2AC25:HGNC:20507	4	G	4:G	1	human	Homo sapiens	82.81800000000001	1.433185263669703	5	present_gold	82.81800000000001	65
4	human,bos_taurus,canis_lupus_familiaris,sus_scrofa	Homo sapiens,Bos taurus,Canis lupus familiaris,Sus scrofa	H2AC25	frontal cortex	H2AC25:frontal cortex	clustered	H2AC25:HGNC:20507	4	G	4:G	2	bos_taurus	Bos taurus	46.53666666666666	0.1604161255402129	3	present_gold	46.53666666666666	65
4	human,bos_taurus,canis_lupus_familiaris,sus_scrofa	Homo sapiens,Bos taurus,Canis lupus familiaris,Sus scrofa	H2AC25	frontal cortex	H2AC25:frontal cortex	clustered	H2AC25:HGNC:20507	4	G	4:G	3	canis_lupus_familiaris	Canis lupus familiaris	55.78666666666667	10.2698604339754	3	present_gold	55.78666666666667	65
4	human,bos_taurus,canis_lupus_familiaris,sus_scrofa	Homo sapiens,Bos taurus,Canis lupus familiaris,Sus scrofa	H2AC25	frontal cortex	H2AC25:frontal cortex	clustered	H2AC25:HGNC:20507	4	G	4:G	4	sus_scrofa	Sus scrofa	67.21142857142857	20.51980460317254	7	present_gold	67.21142857142857	65
4	human,bos_taurus,canis_lupus_familiaris,sus_scrofa	Homo sapiens,Bos taurus,Canis lupus familiaris,Sus scrofa	H2AC25	heart	H2AC25:heart	clustered	H2AC25:HGNC:20507	4	H	4:H	1	human	Homo sapiens	77.623	5.574395931399204	10	present_gold	77.623	66
4	human,bos_taurus,canis_lupus_familiaris,sus_scrofa	Homo sapiens,Bos taurus,Canis lupus familiaris,Sus scrofa	H2AC25	heart	H2AC25:heart	clustered	H2AC25:HGNC:20507	4	H	4:H	2	bos_taurus	Bos taurus	52.3275	4.895878368587195	4	present_gold	52.3275	66
4	human,bos_taurus,canis_lupus_familiaris,sus_scrofa	Homo sapiens,Bos taurus,Canis lupus familiaris,Sus scrofa	H2AC25	heart	H2AC25:heart	clustered	H2AC25:HGNC:20507	4	H	4:H	3	canis_lupus_familiaris	Canis lupus familiaris	31.51	1.456639969244287	2	present_gold	31.51	66
4	human,bos_taurus,canis_lupus_familiaris,sus_scrofa	Homo sapiens,Bos taurus,Canis lupus familiaris,Sus scrofa	H2AC25	heart	H2AC25:heart	clustered	H2AC25:HGNC:20507	4	H	4:H	4	sus_scrofa	Sus scrofa	54.85	8.920683830290141	5	present_gold	54.85	66
4	human,bos_taurus,canis_lupus_familiaris,sus_scrofa	Homo sapiens,Bos taurus,Canis lupus familiaris,Sus scrofa	H2AC25	hypothalamus	H2AC25:hypothalamus	clustered	H2AC25:HGNC:20507	4	I	4:I	1	human	Homo sapiens	81.35125	2.7568171994944786	8	present_gold	81.35125	67
4	human,bos_taurus,canis_lupus_familiaris,sus_scrofa	Homo sapiens,Bos taurus,Canis lupus familiaris,Sus scrofa	H2AC25	hypothalamus	H2AC25:hypothalamus	clustered	H2AC25:HGNC:20507	4	I	4:I	2	bos_taurus	Bos taurus	41.805	0.4879036790187162	2	present_gold	41.805	67
4	human,bos_taurus,canis_lupus_familiaris,sus_scrofa	Homo sapiens,Bos taurus,Canis lupus familiaris,Sus scrofa	H2AC25	hypothalamus	H2AC25:hypothalamus	clustered	H2AC25:HGNC:20507	4	I	4:I	3	canis_lupus_familiaris	Canis lupus familiaris	28.35	0.0	1	present_gold	28.35	67
4	human,bos_taurus,canis_lupus_familiaris,sus_scrofa	Homo sapiens,Bos taurus,Canis lupus familiaris,Sus scrofa	H2AC25	hypothalamus	H2AC25:hypothalamus	clustered	H2AC25:HGNC:20507	4	I	4:I	4	sus_scrofa	Sus scrofa	41.325	15.492709575797257	2	present_gold	41.325	67
4	human,bos_taurus,canis_lupus_familiaris,sus_scrofa	Homo sapiens,Bos taurus,Canis lupus familiaris,Sus scrofa	H2AC25	kidney	H2AC25:kidney	clustered	H2AC25:HGNC:20507	4	J	4:J	1	human	Homo sapiens	66.07	5.635707586452656	4	present_gold	66.07	68
4	human,bos_taurus,canis_lupus_familiaris,sus_scrofa	Homo sapiens,Bos taurus,Canis lupus familiaris,Sus scrofa	H2AC25	kidney	H2AC25:kidney	clustered	H2AC25:HGNC:20507	4	J	4:J	2	bos_taurus	Bos taurus	49.2	0.0	1	present_gold	49.2	68
4	human,bos_taurus,canis_lupus_familiaris,sus_scrofa	Homo sapiens,Bos taurus,Canis lupus familiaris,Sus scrofa	H2AC25	kidney	H2AC25:kidney	clustered	H2AC25:HGNC:20507	4	J	4:J	3	canis_lupus_familiaris	Canis lupus familiaris	33.29	0.0	1	present_gold	33.29	68
4	human,bos_taurus,canis_lupus_familiaris,sus_scrofa	Homo sapiens,Bos taurus,Canis lupus familiaris,Sus scrofa	H2AC25	kidney	H2AC25:kidney	clustered	H2AC25:HGNC:20507	4	J	4:J	4	sus_scrofa	Sus scrofa	0.0	0.0	0	observed_zero	0.0	68
4	human,bos_taurus,canis_lupus_familiaris,sus_scrofa	Homo sapiens,Bos taurus,Canis lupus familiaris,Sus scrofa	H2AC25	liver	H2AC25:liver	clustered	H2AC25:HGNC:20507	4	K	4:K	1	human	Homo sapiens	53.722	4.950162286901982	10	present_gold	53.722	69
4	human,bos_taurus,canis_lupus_familiaris,sus_scrofa	Homo sapiens,Bos taurus,Canis lupus familiaris,Sus scrofa	H2AC25	liver	H2AC25:liver	clustered	H2AC25:HGNC:20507	4	K	4:K	2	bos_taurus	Bos taurus	43.49	0.0	1	present_gold	43.49	69
4	human,bos_taurus,canis_lupus_familiaris,sus_scrofa	Homo sapiens,Bos taurus,Canis lupus familiaris,Sus scrofa	H2AC25	liver	H2AC25:liver	clustered	H2AC25:HGNC:20507	4	K	4:K	3	canis_lupus_familiaris	Canis lupus familiaris	32.056666666666665	8.339306525924883	3	present_gold	32.056666666666665	69
4	human,bos_taurus,canis_lupus_familiaris,sus_scrofa	Homo sapiens,Bos taurus,Canis lupus familiaris,Sus scrofa	H2AC25	liver	H2AC25:liver	clustered	H2AC25:HGNC:20507	4	K	4:K	4	sus_scrofa	Sus scrofa	53.52	20.405656078646437	3	present_gold	53.52	69
4	human,bos_taurus,canis_lupus_familiaris,sus_scrofa	Homo sapiens,Bos taurus,Canis lupus familiaris,Sus scrofa	H2AC25	lung	H2AC25:lung	clustered	H2AC25:HGNC:20507	4	L	4:L	1	human	Homo sapiens	67.73857142857143	4.330301870044892	7	present_gold	67.73857142857143	70
4	human,bos_taurus,canis_lupus_familiaris,sus_scrofa	Homo sapiens,Bos taurus,Canis lupus familiaris,Sus scrofa	H2AC25	lung	H2AC25:lung	clustered	H2AC25:HGNC:20507	4	L	4:L	2	bos_taurus	Bos taurus	48.48142857142857	4.137488886476226	7	present_gold	48.48142857142857	70
4	human,bos_taurus,canis_lupus_familiaris,sus_scrofa	Homo sapiens,Bos taurus,Canis lupus familiaris,Sus scrofa	H2AC25	lung	H2AC25:lung	clustered	H2AC25:HGNC:20507	4	L	4:L	3	canis_lupus_familiaris	Canis lupus familiaris	35.00666666666667	2.4795429686402564	3	present_gold	35.00666666666667	70
4	human,bos_taurus,canis_lupus_familiaris,sus_scrofa	Homo sapiens,Bos taurus,Canis lupus familiaris,Sus scrofa	H2AC25	lung	H2AC25:lung	clustered	H2AC25:HGNC:20507	4	L	4:L	4	sus_scrofa	Sus scrofa	62.755	24.58621361657789	4	present_gold	62.755	70
4	human,bos_taurus,canis_lupus_familiaris,sus_scrofa	Homo sapiens,Bos taurus,Canis lupus familiaris,Sus scrofa	H2AC25	lymph node	H2AC25:lymph node	clustered	H2AC25:HGNC:20507	4	M	4:M	1	human	Homo sapiens	74.685	7.785245660863882	2	present_gold	74.685	71
4	human,bos_taurus,canis_lupus_familiaris,sus_scrofa	Homo sapiens,Bos taurus,Canis lupus familiaris,Sus scrofa	H2AC25	lymph node	H2AC25:lymph node	clustered	H2AC25:HGNC:20507	4	M	4:M	2	bos_taurus	Bos taurus	54.555	0.9121677477306508	2	present_gold	54.555	71
4	human,bos_taurus,canis_lupus_familiaris,sus_scrofa	Homo sapiens,Bos taurus,Canis lupus familiaris,Sus scrofa	H2AC25	lymph node	H2AC25:lymph node	clustered	H2AC25:HGNC:20507	4	M	4:M	3	canis_lupus_familiaris	Canis lupus familiaris	0.0	0.0	0	observed_zero	0.0	71
4	human,bos_taurus,canis_lupus_familiaris,sus_scrofa	Homo sapiens,Bos taurus,Canis lupus familiaris,Sus scrofa	H2AC25	lymph node	H2AC25:lymph node	clustered	H2AC25:HGNC:20507	4	M	4:M	4	sus_scrofa	Sus scrofa	47.69	0.0	1	present_gold	47.69	71
4	human,bos_taurus,canis_lupus_familiaris,sus_scrofa	Homo sapiens,Bos taurus,Canis lupus familiaris,Sus scrofa	H2AC25	metanephros cortex	H2AC25:metanephros cortex	clustered	H2AC25:HGNC:20507	4	N	4:N	1	human	Homo sapiens	61.645	6.498311319104371	2	present_gold	61.645	72
4	human,bos_taurus,canis_lupus_familiaris,sus_scrofa	Homo sapiens,Bos taurus,Canis lupus familiaris,Sus scrofa	H2AC25	metanephros cortex	H2AC25:metanephros cortex	clustered	H2AC25:HGNC:20507	4	N	4:N	2	bos_taurus	Bos taurus	60.41	0.0	1	present_gold	60.41	72
4	human,bos_taurus,canis_lupus_familiaris,sus_scrofa	Homo sapiens,Bos taurus,Canis lupus familiaris,Sus scrofa	H2AC25	metanephros cortex	H2AC25:metanephros cortex	clustered	H2AC25:HGNC:20507	4	N	4:N	3	canis_lupus_familiaris	Canis lupus familiaris	0.0	0.0	0	observed_zero	0.0	72
4	human,bos_taurus,canis_lupus_familiaris,sus_scrofa	Homo sapiens,Bos taurus,Canis lupus familiaris,Sus scrofa	H2AC25	metanephros cortex	H2AC25:metanephros cortex	clustered	H2AC25:HGNC:20507	4	N	4:N	4	sus_scrofa	Sus scrofa	75.5	4.638620484583753	2	present_gold	75.5	72
4	human,bos_taurus,canis_lupus_familiaris,sus_scrofa	Homo sapiens,Bos taurus,Canis lupus familiaris,Sus scrofa	H2AC25	ovary	H2AC25:ovary	clustered	H2AC25:HGNC:20507	4	O	4:O	1	human	Homo sapiens	77.035	2.597864507629293	4	present_gold	77.035	73
4	human,bos_taurus,canis_lupus_familiaris,sus_scrofa	Homo sapiens,Bos taurus,Canis lupus familiaris,Sus scrofa	H2AC25	ovary	H2AC25:ovary	clustered	H2AC25:HGNC:20507	4	O	4:O	2	bos_taurus	Bos taurus	50.785	1.6579605946262217	4	present_gold	50.785	73
4	human,bos_taurus,canis_lupus_familiaris,sus_scrofa	Homo sapiens,Bos taurus,Canis lupus familiaris,Sus scrofa	H2AC25	ovary	H2AC25:ovary	clustered	H2AC25:HGNC:20507	4	O	4:O	3	canis_lupus_familiaris	Canis lupus familiaris	41.75	0.0	1	present_gold	41.75	73
4	human,bos_taurus,canis_lupus_familiaris,sus_scrofa	Homo sapiens,Bos taurus,Canis lupus familiaris,Sus scrofa	H2AC25	ovary	H2AC25:ovary	clustered	H2AC25:HGNC:20507	4	O	4:O	4	sus_scrofa	Sus scrofa	94.82333333333334	1.8104511408301864	3	present_gold	94.82333333333334	73
4	human,bos_taurus,canis_lupus_familiaris,sus_scrofa	Homo sapiens,Bos taurus,Canis lupus familiaris,Sus scrofa	H2AC25	pituitary gland	H2AC25:pituitary gland	clustered	H2AC25:HGNC:20507	4	P	4:P	1	human	Homo sapiens	80.308	3.1818226782075025	10	present_gold	80.308	74
4	human,bos_taurus,canis_lupus_familiaris,sus_scrofa	Homo sapiens,Bos taurus,Canis lupus familiaris,Sus scrofa	H2AC25	pituitary gland	H2AC25:pituitary gland	clustered	H2AC25:HGNC:20507	4	P	4:P	2	bos_taurus	Bos taurus	55.22666666666667	2.5479691259249324	6	present_gold	55.22666666666667	74
4	human,bos_taurus,canis_lupus_familiaris,sus_scrofa	Homo sapiens,Bos taurus,Canis lupus familiaris,Sus scrofa	H2AC25	pituitary gland	H2AC25:pituitary gland	clustered	H2AC25:HGNC:20507	4	P	4:P	3	canis_lupus_familiaris	Canis lupus familiaris	73.68333333333334	8.881859790231623	3	present_gold	73.68333333333334	74
4	human,bos_taurus,canis_lupus_familiaris,sus_scrofa	Homo sapiens,Bos taurus,Canis lupus familiaris,Sus scrofa	H2AC25	pituitary gland	H2AC25:pituitary gland	clustered	H2AC25:HGNC:20507	4	P	4:P	4	sus_scrofa	Sus scrofa	95.65	1.612203461105329	2	present_gold	95.65	74
4	human,bos_taurus,canis_lupus_familiaris,sus_scrofa	Homo sapiens,Bos taurus,Canis lupus familiaris,Sus scrofa	H2AC25	prefrontal cortex	H2AC25:prefrontal cortex	clustered	H2AC25:HGNC:20507	4	Q	4:Q	1	human	Homo sapiens	84.11285714285714	2.5823420525156013	7	present_gold	84.11285714285714	75
4	human,bos_taurus,canis_lupus_familiaris,sus_scrofa	Homo sapiens,Bos taurus,Canis lupus familiaris,Sus scrofa	H2AC25	prefrontal cortex	H2AC25:prefrontal cortex	clustered	H2AC25:HGNC:20507	4	Q	4:Q	2	bos_taurus	Bos taurus	37.34	0.0	1	present_gold	37.34	75
4	human,bos_taurus,canis_lupus_familiaris,sus_scrofa	Homo sapiens,Bos taurus,Canis lupus familiaris,Sus scrofa	H2AC25	prefrontal cortex	H2AC25:prefrontal cortex	clustered	H2AC25:HGNC:20507	4	Q	4:Q	3	canis_lupus_familiaris	Canis lupus familiaris	53.14	0.0	1	present_gold	53.14	75
4	human,bos_taurus,canis_lupus_familiaris,sus_scrofa	Homo sapiens,Bos taurus,Canis lupus familiaris,Sus scrofa	H2AC25	prefrontal cortex	H2AC25:prefrontal cortex	clustered	H2AC25:HGNC:20507	4	Q	4:Q	4	sus_scrofa	Sus scrofa	57.32	0.0	1	present_gold	57.32	75
4	human,bos_taurus,canis_lupus_familiaris,sus_scrofa	Homo sapiens,Bos taurus,Canis lupus familiaris,Sus scrofa	H2AC25	skeletal muscle tissue	H2AC25:skeletal muscle tissue	clustered	H2AC25:HGNC:20507	4	R	4:R	1	human	Homo sapiens	48.925	1.2374368670764582	2	present_gold	48.925	76
4	human,bos_taurus,canis_lupus_familiaris,sus_scrofa	Homo sapiens,Bos taurus,Canis lupus familiaris,Sus scrofa	H2AC25	skeletal muscle tissue	H2AC25:skeletal muscle tissue	clustered	H2AC25:HGNC:20507	4	R	4:R	2	bos_taurus	Bos taurus	53.965	5.96939695446701	4	present_gold	53.965	76
4	human,bos_taurus,canis_lupus_familiaris,sus_scrofa	Homo sapiens,Bos taurus,Canis lupus familiaris,Sus scrofa	H2AC25	skeletal muscle tissue	H2AC25:skeletal muscle tissue	clustered	H2AC25:HGNC:20507	4	R	4:R	3	canis_lupus_familiaris	Canis lupus familiaris	40.375	13.809795436573271	2	present_gold	40.375	76
4	human,bos_taurus,canis_lupus_familiaris,sus_scrofa	Homo sapiens,Bos taurus,Canis lupus familiaris,Sus scrofa	H2AC25	skeletal muscle tissue	H2AC25:skeletal muscle tissue	clustered	H2AC25:HGNC:20507	4	R	4:R	4	sus_scrofa	Sus scrofa	69.56	4.765899705197337	2	present_gold	69.56	76
4	human,bos_taurus,canis_lupus_familiaris,sus_scrofa	Homo sapiens,Bos taurus,Canis lupus familiaris,Sus scrofa	H2AC25	spleen	H2AC25:spleen	clustered	H2AC25:HGNC:20507	4	S	4:S	1	human	Homo sapiens	79.5390909090909	1.2605669720046988	11	present_gold	79.5390909090909	77
4	human,bos_taurus,canis_lupus_familiaris,sus_scrofa	Homo sapiens,Bos taurus,Canis lupus familiaris,Sus scrofa	H2AC25	spleen	H2AC25:spleen	clustered	H2AC25:HGNC:20507	4	S	4:S	2	bos_taurus	Bos taurus	53.726	2.085073140203957	5	present_gold	53.726	77
4	human,bos_taurus,canis_lupus_familiaris,sus_scrofa	Homo sapiens,Bos taurus,Canis lupus familiaris,Sus scrofa	H2AC25	spleen	H2AC25:spleen	clustered	H2AC25:HGNC:20507	4	S	4:S	3	canis_lupus_familiaris	Canis lupus familiaris	48.875	18.547410870523144	2	present_gold	48.875	77
4	human,bos_taurus,canis_lupus_familiaris,sus_scrofa	Homo sapiens,Bos taurus,Canis lupus familiaris,Sus scrofa	H2AC25	spleen	H2AC25:spleen	clustered	H2AC25:HGNC:20507	4	S	4:S	4	sus_scrofa	Sus scrofa	73.79142857142857	22.106451870115077	7	present_gold	73.79142857142857	77
4	human,bos_taurus,canis_lupus_familiaris,sus_scrofa	Homo sapiens,Bos taurus,Canis lupus familiaris,Sus scrofa	H2AC25	testis	H2AC25:testis	clustered	H2AC25:HGNC:20507	4	T	4:T	1	human	Homo sapiens	65.33375	2.7398171862892067	8	present_gold	65.33375	78
4	human,bos_taurus,canis_lupus_familiaris,sus_scrofa	Homo sapiens,Bos taurus,Canis lupus familiaris,Sus scrofa	H2AC25	testis	H2AC25:testis	clustered	H2AC25:HGNC:20507	4	T	4:T	2	bos_taurus	Bos taurus	55.15	8.626702730475882	2	present_gold	55.15	78
4	human,bos_taurus,canis_lupus_familiaris,sus_scrofa	Homo sapiens,Bos taurus,Canis lupus familiaris,Sus scrofa	H2AC25	testis	H2AC25:testis	clustered	H2AC25:HGNC:20507	4	T	4:T	3	canis_lupus_familiaris	Canis lupus familiaris	25.975	12.57942963730868	2	present_gold	25.975	78
4	human,bos_taurus,canis_lupus_familiaris,sus_scrofa	Homo sapiens,Bos taurus,Canis lupus familiaris,Sus scrofa	H2AC25	testis	H2AC25:testis	clustered	H2AC25:HGNC:20507	4	T	4:T	4	sus_scrofa	Sus scrofa	62.17666666666667	28.49709166447224	3	present_gold	62.17666666666667	78
4	human,bos_taurus,canis_lupus_familiaris,sus_scrofa	Homo sapiens,Bos taurus,Canis lupus familiaris,Sus scrofa	H2AJ	adipose tissue	H2AJ:adipose tissue	variant	H2AJ:HGNC:14456	5	A	5:A	1	human	Homo sapiens	98.433125	0.1097098445901731	16	present_gold	98.433125	79
4	human,bos_taurus,canis_lupus_familiaris,sus_scrofa	Homo sapiens,Bos taurus,Canis lupus familiaris,Sus scrofa	H2AJ	adipose tissue	H2AJ:adipose tissue	variant	H2AJ:HGNC:14456	5	A	5:A	2	bos_taurus	Bos taurus	92.95	2.3081767696604145	6	present_gold	92.95	79
4	human,bos_taurus,canis_lupus_familiaris,sus_scrofa	Homo sapiens,Bos taurus,Canis lupus familiaris,Sus scrofa	H2AJ	adipose tissue	H2AJ:adipose tissue	variant	H2AJ:HGNC:14456	5	A	5:A	3	canis_lupus_familiaris	Canis lupus familiaris	76.97	0.0	1	present_gold	76.97	79
4	human,bos_taurus,canis_lupus_familiaris,sus_scrofa	Homo sapiens,Bos taurus,Canis lupus familiaris,Sus scrofa	H2AJ	adipose tissue	H2AJ:adipose tissue	variant	H2AJ:HGNC:14456	5	A	5:A	4	sus_scrofa	Sus scrofa	98.64	0.282842712474623	2	present_gold	98.64	79
4	human,bos_taurus,canis_lupus_familiaris,sus_scrofa	Homo sapiens,Bos taurus,Canis lupus familiaris,Sus scrofa	H2AJ	adult mammalian kidney	H2AJ:adult mammalian kidney	variant	H2AJ:HGNC:14456	5	B	5:B	1	human	Homo sapiens	93.00166666666668	4.784713980875752	12	present_gold	93.00166666666668	80
4	human,bos_taurus,canis_lupus_familiaris,sus_scrofa	Homo sapiens,Bos taurus,Canis lupus familiaris,Sus scrofa	H2AJ	adult mammalian kidney	H2AJ:adult mammalian kidney	variant	H2AJ:HGNC:14456	5	B	5:B	2	bos_taurus	Bos taurus	93.89	1.0078359654890932	4	present_gold	93.89	80
4	human,bos_taurus,canis_lupus_familiaris,sus_scrofa	Homo sapiens,Bos taurus,Canis lupus familiaris,Sus scrofa	H2AJ	adult mammalian kidney	H2AJ:adult mammalian kidney	variant	H2AJ:HGNC:14456	5	B	5:B	3	canis_lupus_familiaris	Canis lupus familiaris	87.70666666666666	6.562387776818234	3	present_gold	87.70666666666666	80
4	human,bos_taurus,canis_lupus_familiaris,sus_scrofa	Homo sapiens,Bos taurus,Canis lupus familiaris,Sus scrofa	H2AJ	adult mammalian kidney	H2AJ:adult mammalian kidney	variant	H2AJ:HGNC:14456	5	B	5:B	4	sus_scrofa	Sus scrofa	97.28	1.114659888336645	4	present_gold	97.28	80
4	human,bos_taurus,canis_lupus_familiaris,sus_scrofa	Homo sapiens,Bos taurus,Canis lupus familiaris,Sus scrofa	H2AJ	blood	H2AJ:blood	variant	H2AJ:HGNC:14456	5	C	5:C	1	human	Homo sapiens	90.41916666666668	4.567106852264353	36	present_gold	90.41916666666668	81
4	human,bos_taurus,canis_lupus_familiaris,sus_scrofa	Homo sapiens,Bos taurus,Canis lupus familiaris,Sus scrofa	H2AJ	blood	H2AJ:blood	variant	H2AJ:HGNC:14456	5	C	5:C	2	bos_taurus	Bos taurus	97.2225	0.4311515588127518	4	present_gold	97.2225	81
4	human,bos_taurus,canis_lupus_familiaris,sus_scrofa	Homo sapiens,Bos taurus,Canis lupus familiaris,Sus scrofa	H2AJ	blood	H2AJ:blood	variant	H2AJ:HGNC:14456	5	C	5:C	3	canis_lupus_familiaris	Canis lupus familiaris	94.06	0.0	1	present_gold	94.06	81
4	human,bos_taurus,canis_lupus_familiaris,sus_scrofa	Homo sapiens,Bos taurus,Canis lupus familiaris,Sus scrofa	H2AJ	blood	H2AJ:blood	variant	H2AJ:HGNC:14456	5	C	5:C	4	sus_scrofa	Sus scrofa	92.36666666666667	0.244404037064314	3	present_gold	92.36666666666667	81
4	human,bos_taurus,canis_lupus_familiaris,sus_scrofa	Homo sapiens,Bos taurus,Canis lupus familiaris,Sus scrofa	H2AJ	cerebellum	H2AJ:cerebellum	variant	H2AJ:HGNC:14456	5	D	5:D	1	human	Homo sapiens	80.753	1.4366322501678082	10	present_gold	80.753	82
4	human,bos_taurus,canis_lupus_familiaris,sus_scrofa	Homo sapiens,Bos taurus,Canis lupus familiaris,Sus scrofa	H2AJ	cerebellum	H2AJ:cerebellum	variant	H2AJ:HGNC:14456	5	D	5:D	2	bos_taurus	Bos taurus	89.0	3.3866059705847102	3	present_gold	89.0	82
4	human,bos_taurus,canis_lupus_familiaris,sus_scrofa	Homo sapiens,Bos taurus,Canis lupus familiaris,Sus scrofa	H2AJ	cerebellum	H2AJ:cerebellum	variant	H2AJ:HGNC:14456	5	D	5:D	3	canis_lupus_familiaris	Canis lupus familiaris	79.1825	8.694198736322209	4	present_gold	79.1825	82
4	human,bos_taurus,canis_lupus_familiaris,sus_scrofa	Homo sapiens,Bos taurus,Canis lupus familiaris,Sus scrofa	H2AJ	cerebellum	H2AJ:cerebellum	variant	H2AJ:HGNC:14456	5	D	5:D	4	sus_scrofa	Sus scrofa	85.26666666666667	2.2001893857878114	3	present_gold	85.26666666666667	82
4	human,bos_taurus,canis_lupus_familiaris,sus_scrofa	Homo sapiens,Bos taurus,Canis lupus familiaris,Sus scrofa	H2AJ	cerebral cortex	H2AJ:cerebral cortex	variant	H2AJ:HGNC:14456	5	E	5:E	1	human	Homo sapiens	79.38333333333334	4.786076159026306	9	present_gold	79.38333333333334	83
4	human,bos_taurus,canis_lupus_familiaris,sus_scrofa	Homo sapiens,Bos taurus,Canis lupus familiaris,Sus scrofa	H2AJ	cerebral cortex	H2AJ:cerebral cortex	variant	H2AJ:HGNC:14456	5	E	5:E	2	bos_taurus	Bos taurus	90.62	0.1838477631085059	2	present_gold	90.62	83
4	human,bos_taurus,canis_lupus_familiaris,sus_scrofa	Homo sapiens,Bos taurus,Canis lupus familiaris,Sus scrofa	H2AJ	cerebral cortex	H2AJ:cerebral cortex	variant	H2AJ:HGNC:14456	5	E	5:E	3	canis_lupus_familiaris	Canis lupus familiaris	83.14500000000001	1.053589103967952	2	present_gold	83.14500000000001	83
4	human,bos_taurus,canis_lupus_familiaris,sus_scrofa	Homo sapiens,Bos taurus,Canis lupus familiaris,Sus scrofa	H2AJ	cerebral cortex	H2AJ:cerebral cortex	variant	H2AJ:HGNC:14456	5	E	5:E	4	sus_scrofa	Sus scrofa	72.66	0.0	1	present_gold	72.66	83
4	human,bos_taurus,canis_lupus_familiaris,sus_scrofa	Homo sapiens,Bos taurus,Canis lupus familiaris,Sus scrofa	H2AJ	colon	H2AJ:colon	variant	H2AJ:HGNC:14456	5	F	5:F	1	human	Homo sapiens	94.08176470588236	5.216568837960107	17	present_gold	94.08176470588236	84
4	human,bos_taurus,canis_lupus_familiaris,sus_scrofa	Homo sapiens,Bos taurus,Canis lupus familiaris,Sus scrofa	H2AJ	colon	H2AJ:colon	variant	H2AJ:HGNC:14456	5	F	5:F	2	bos_taurus	Bos taurus	93.29	0.0	1	present_gold	93.29	84
4	human,bos_taurus,canis_lupus_familiaris,sus_scrofa	Homo sapiens,Bos taurus,Canis lupus familiaris,Sus scrofa	H2AJ	colon	H2AJ:colon	variant	H2AJ:HGNC:14456	5	F	5:F	3	canis_lupus_familiaris	Canis lupus familiaris	92.155	1.3930003589374975	2	present_gold	92.155	84
4	human,bos_taurus,canis_lupus_familiaris,sus_scrofa	Homo sapiens,Bos taurus,Canis lupus familiaris,Sus scrofa	H2AJ	colon	H2AJ:colon	variant	H2AJ:HGNC:14456	5	F	5:F	4	sus_scrofa	Sus scrofa	92.025	1.619274528917198	2	present_gold	92.025	84
4	human,bos_taurus,canis_lupus_familiaris,sus_scrofa	Homo sapiens,Bos taurus,Canis lupus familiaris,Sus scrofa	H2AJ	frontal cortex	H2AJ:frontal cortex	variant	H2AJ:HGNC:14456	5	G	5:G	1	human	Homo sapiens	79.24166666666666	4.694839783020853	18	present_gold	79.24166666666666	85
4	human,bos_taurus,canis_lupus_familiaris,sus_scrofa	Homo sapiens,Bos taurus,Canis lupus familiaris,Sus scrofa	H2AJ	frontal cortex	H2AJ:frontal cortex	variant	H2AJ:HGNC:14456	5	G	5:G	2	bos_taurus	Bos taurus	91.02	1.1980400661079729	3	present_gold	91.02	85
4	human,bos_taurus,canis_lupus_familiaris,sus_scrofa	Homo sapiens,Bos taurus,Canis lupus familiaris,Sus scrofa	H2AJ	frontal cortex	H2AJ:frontal cortex	variant	H2AJ:HGNC:14456	5	G	5:G	3	canis_lupus_familiaris	Canis lupus familiaris	87.94333333333334	5.890588538790784	3	present_gold	87.94333333333334	85
4	human,bos_taurus,canis_lupus_familiaris,sus_scrofa	Homo sapiens,Bos taurus,Canis lupus familiaris,Sus scrofa	H2AJ	frontal cortex	H2AJ:frontal cortex	variant	H2AJ:HGNC:14456	5	G	5:G	4	sus_scrofa	Sus scrofa	84.03142857142858	2.915261157949251	7	present_gold	84.03142857142858	85
4	human,bos_taurus,canis_lupus_familiaris,sus_scrofa	Homo sapiens,Bos taurus,Canis lupus familiaris,Sus scrofa	H2AJ	heart	H2AJ:heart	variant	H2AJ:HGNC:14456	5	H	5:H	1	human	Homo sapiens	91.80333333333331	5.969623901370129	15	present_gold	91.80333333333331	86
4	human,bos_taurus,canis_lupus_familiaris,sus_scrofa	Homo sapiens,Bos taurus,Canis lupus familiaris,Sus scrofa	H2AJ	heart	H2AJ:heart	variant	H2AJ:HGNC:14456	5	H	5:H	2	bos_taurus	Bos taurus	87.3325	3.923657944656573	4	present_gold	87.3325	86
4	human,bos_taurus,canis_lupus_familiaris,sus_scrofa	Homo sapiens,Bos taurus,Canis lupus familiaris,Sus scrofa	H2AJ	heart	H2AJ:heart	variant	H2AJ:HGNC:14456	5	H	5:H	3	canis_lupus_familiaris	Canis lupus familiaris	77.39666666666666	7.514288611261434	3	present_gold	77.39666666666666	86
4	human,bos_taurus,canis_lupus_familiaris,sus_scrofa	Homo sapiens,Bos taurus,Canis lupus familiaris,Sus scrofa	H2AJ	heart	H2AJ:heart	variant	H2AJ:HGNC:14456	5	H	5:H	4	sus_scrofa	Sus scrofa	90.205	4.072020383053109	6	present_gold	90.205	86
4	human,bos_taurus,canis_lupus_familiaris,sus_scrofa	Homo sapiens,Bos taurus,Canis lupus familiaris,Sus scrofa	H2AJ	hypothalamus	H2AJ:hypothalamus	variant	H2AJ:HGNC:14456	5	I	5:I	1	human	Homo sapiens	86.48333333333333	2.8342891945063124	15	present_gold	86.48333333333333	87
4	human,bos_taurus,canis_lupus_familiaris,sus_scrofa	Homo sapiens,Bos taurus,Canis lupus familiaris,Sus scrofa	H2AJ	hypothalamus	H2AJ:hypothalamus	variant	H2AJ:HGNC:14456	5	I	5:I	2	bos_taurus	Bos taurus	82.09666666666668	4.152713972010753	3	present_gold	82.09666666666668	87
4	human,bos_taurus,canis_lupus_familiaris,sus_scrofa	Homo sapiens,Bos taurus,Canis lupus familiaris,Sus scrofa	H2AJ	hypothalamus	H2AJ:hypothalamus	variant	H2AJ:HGNC:14456	5	I	5:I	3	canis_lupus_familiaris	Canis lupus familiaris	82.79	0.0	1	present_gold	82.79	87
4	human,bos_taurus,canis_lupus_familiaris,sus_scrofa	Homo sapiens,Bos taurus,Canis lupus familiaris,Sus scrofa	H2AJ	hypothalamus	H2AJ:hypothalamus	variant	H2AJ:HGNC:14456	5	I	5:I	4	sus_scrofa	Sus scrofa	84.82	1.6263455967290572	2	present_gold	84.82	87
4	human,bos_taurus,canis_lupus_familiaris,sus_scrofa	Homo sapiens,Bos taurus,Canis lupus familiaris,Sus scrofa	H2AJ	kidney	H2AJ:kidney	variant	H2AJ:HGNC:14456	5	J	5:J	1	human	Homo sapiens	80.67833333333333	9.622744757431049	6	present_gold	80.67833333333333	88
4	human,bos_taurus,canis_lupus_familiaris,sus_scrofa	Homo sapiens,Bos taurus,Canis lupus familiaris,Sus scrofa	H2AJ	kidney	H2AJ:kidney	variant	H2AJ:HGNC:14456	5	J	5:J	2	bos_taurus	Bos taurus	95.61	0.0	1	present_gold	95.61	88
4	human,bos_taurus,canis_lupus_familiaris,sus_scrofa	Homo sapiens,Bos taurus,Canis lupus familiaris,Sus scrofa	H2AJ	kidney	H2AJ:kidney	variant	H2AJ:HGNC:14456	5	J	5:J	3	canis_lupus_familiaris	Canis lupus familiaris	91.58	0.0	1	present_gold	91.58	88
4	human,bos_taurus,canis_lupus_familiaris,sus_scrofa	Homo sapiens,Bos taurus,Canis lupus familiaris,Sus scrofa	H2AJ	kidney	H2AJ:kidney	variant	H2AJ:HGNC:14456	5	J	5:J	4	sus_scrofa	Sus scrofa	98.28	0.0	1	present_gold	98.28	88
4	human,bos_taurus,canis_lupus_familiaris,sus_scrofa	Homo sapiens,Bos taurus,Canis lupus familiaris,Sus scrofa	H2AJ	liver	H2AJ:liver	variant	H2AJ:HGNC:14456	5	K	5:K	1	human	Homo sapiens	93.1590476190476	3.027084248516887	21	present_gold	93.1590476190476	89
4	human,bos_taurus,canis_lupus_familiaris,sus_scrofa	Homo sapiens,Bos taurus,Canis lupus familiaris,Sus scrofa	H2AJ	liver	H2AJ:liver	variant	H2AJ:HGNC:14456	5	K	5:K	2	bos_taurus	Bos taurus	94.906875	1.2721043916807018	16	present_gold	94.906875	89
4	human,bos_taurus,canis_lupus_familiaris,sus_scrofa	Homo sapiens,Bos taurus,Canis lupus familiaris,Sus scrofa	H2AJ	liver	H2AJ:liver	variant	H2AJ:HGNC:14456	5	K	5:K	3	canis_lupus_familiaris	Canis lupus familiaris	92.74714285714286	3.311342699901428	7	present_gold	92.74714285714286	89
4	human,bos_taurus,canis_lupus_familiaris,sus_scrofa	Homo sapiens,Bos taurus,Canis lupus familiaris,Sus scrofa	H2AJ	liver	H2AJ:liver	variant	H2AJ:HGNC:14456	5	K	5:K	4	sus_scrofa	Sus scrofa	97.355	1.5365903813313395	6	present_gold	97.355	89
4	human,bos_taurus,canis_lupus_familiaris,sus_scrofa	Homo sapiens,Bos taurus,Canis lupus familiaris,Sus scrofa	H2AJ	lung	H2AJ:lung	variant	H2AJ:HGNC:14456	5	L	5:L	1	human	Homo sapiens	89.01866666666666	6.437956493292248	15	present_gold	89.01866666666666	90
4	human,bos_taurus,canis_lupus_familiaris,sus_scrofa	Homo sapiens,Bos taurus,Canis lupus familiaris,Sus scrofa	H2AJ	lung	H2AJ:lung	variant	H2AJ:HGNC:14456	5	L	5:L	2	bos_taurus	Bos taurus	94.69428571428573	1.7957250823632689	7	present_gold	94.69428571428573	90
4	human,bos_taurus,canis_lupus_familiaris,sus_scrofa	Homo sapiens,Bos taurus,Canis lupus familiaris,Sus scrofa	H2AJ	lung	H2AJ:lung	variant	H2AJ:HGNC:14456	5	L	5:L	3	canis_lupus_familiaris	Canis lupus familiaris	89.69	2.7901612856607367	4	present_gold	89.69	90
4	human,bos_taurus,canis_lupus_familiaris,sus_scrofa	Homo sapiens,Bos taurus,Canis lupus familiaris,Sus scrofa	H2AJ	lung	H2AJ:lung	variant	H2AJ:HGNC:14456	5	L	5:L	4	sus_scrofa	Sus scrofa	89.2475	3.5184501796482306	4	present_gold	89.2475	90
4	human,bos_taurus,canis_lupus_familiaris,sus_scrofa	Homo sapiens,Bos taurus,Canis lupus familiaris,Sus scrofa	H2AJ	lymph node	H2AJ:lymph node	variant	H2AJ:HGNC:14456	5	M	5:M	1	human	Homo sapiens	92.42166666666668	4.271830599013342	6	present_gold	92.42166666666668	91
4	human,bos_taurus,canis_lupus_familiaris,sus_scrofa	Homo sapiens,Bos taurus,Canis lupus familiaris,Sus scrofa	H2AJ	lymph node	H2AJ:lymph node	variant	H2AJ:HGNC:14456	5	M	5:M	2	bos_taurus	Bos taurus	95.715	0.190918830920365	2	present_gold	95.715	91
4	human,bos_taurus,canis_lupus_familiaris,sus_scrofa	Homo sapiens,Bos taurus,Canis lupus familiaris,Sus scrofa	H2AJ	lymph node	H2AJ:lymph node	variant	H2AJ:HGNC:14456	5	M	5:M	3	canis_lupus_familiaris	Canis lupus familiaris	77.865	19.947482297272508	2	present_gold	77.865	91
4	human,bos_taurus,canis_lupus_familiaris,sus_scrofa	Homo sapiens,Bos taurus,Canis lupus familiaris,Sus scrofa	H2AJ	lymph node	H2AJ:lymph node	variant	H2AJ:HGNC:14456	5	M	5:M	4	sus_scrofa	Sus scrofa	94.69	0.0	1	present_gold	94.69	91
4	human,bos_taurus,canis_lupus_familiaris,sus_scrofa	Homo sapiens,Bos taurus,Canis lupus familiaris,Sus scrofa	H2AJ	metanephros cortex	H2AJ:metanephros cortex	variant	H2AJ:HGNC:14456	5	N	5:N	1	human	Homo sapiens	97.705	0.7424621202458729	2	present_gold	97.705	92
4	human,bos_taurus,canis_lupus_familiaris,sus_scrofa	Homo sapiens,Bos taurus,Canis lupus familiaris,Sus scrofa	H2AJ	metanephros cortex	H2AJ:metanephros cortex	variant	H2AJ:HGNC:14456	5	N	5:N	2	bos_taurus	Bos taurus	96.14	0.0	1	present_gold	96.14	92
4	human,bos_taurus,canis_lupus_familiaris,sus_scrofa	Homo sapiens,Bos taurus,Canis lupus familiaris,Sus scrofa	H2AJ	metanephros cortex	H2AJ:metanephros cortex	variant	H2AJ:HGNC:14456	5	N	5:N	3	canis_lupus_familiaris	Canis lupus familiaris	96.89	0.0	1	present_gold	96.89	92
4	human,bos_taurus,canis_lupus_familiaris,sus_scrofa	Homo sapiens,Bos taurus,Canis lupus familiaris,Sus scrofa	H2AJ	metanephros cortex	H2AJ:metanephros cortex	variant	H2AJ:HGNC:14456	5	N	5:N	4	sus_scrofa	Sus scrofa	97.195	0.2192031021678213	2	present_gold	97.195	92
4	human,bos_taurus,canis_lupus_familiaris,sus_scrofa	Homo sapiens,Bos taurus,Canis lupus familiaris,Sus scrofa	H2AJ	ovary	H2AJ:ovary	variant	H2AJ:HGNC:14456	5	O	5:O	1	human	Homo sapiens	85.0281818181818	10.856731384889116	11	present_gold	85.0281818181818	93
4	human,bos_taurus,canis_lupus_familiaris,sus_scrofa	Homo sapiens,Bos taurus,Canis lupus familiaris,Sus scrofa	H2AJ	ovary	H2AJ:ovary	variant	H2AJ:HGNC:14456	5	O	5:O	2	bos_taurus	Bos taurus	92.99	3.132187733837166	4	present_gold	92.99	93
4	human,bos_taurus,canis_lupus_familiaris,sus_scrofa	Homo sapiens,Bos taurus,Canis lupus familiaris,Sus scrofa	H2AJ	ovary	H2AJ:ovary	variant	H2AJ:HGNC:14456	5	O	5:O	3	canis_lupus_familiaris	Canis lupus familiaris	97.85	0.0	1	present_gold	97.85	93
4	human,bos_taurus,canis_lupus_familiaris,sus_scrofa	Homo sapiens,Bos taurus,Canis lupus familiaris,Sus scrofa	H2AJ	ovary	H2AJ:ovary	variant	H2AJ:HGNC:14456	5	O	5:O	4	sus_scrofa	Sus scrofa	98.76	0.8524670081592556	3	present_gold	98.76	93
4	human,bos_taurus,canis_lupus_familiaris,sus_scrofa	Homo sapiens,Bos taurus,Canis lupus familiaris,Sus scrofa	H2AJ	pituitary gland	H2AJ:pituitary gland	variant	H2AJ:HGNC:14456	5	P	5:P	1	human	Homo sapiens	88.48461538461538	2.524762745898499	13	present_gold	88.48461538461538	94
4	human,bos_taurus,canis_lupus_familiaris,sus_scrofa	Homo sapiens,Bos taurus,Canis lupus familiaris,Sus scrofa	H2AJ	pituitary gland	H2AJ:pituitary gland	variant	H2AJ:HGNC:14456	5	P	5:P	2	bos_taurus	Bos taurus	95.74333333333334	1.892264956782393	6	present_gold	95.74333333333334	94
4	human,bos_taurus,canis_lupus_familiaris,sus_scrofa	Homo sapiens,Bos taurus,Canis lupus familiaris,Sus scrofa	H2AJ	pituitary gland	H2AJ:pituitary gland	variant	H2AJ:HGNC:14456	5	P	5:P	3	canis_lupus_familiaris	Canis lupus familiaris	96.84	1.5998749951167994	3	present_gold	96.84	94
4	human,bos_taurus,canis_lupus_familiaris,sus_scrofa	Homo sapiens,Bos taurus,Canis lupus familiaris,Sus scrofa	H2AJ	pituitary gland	H2AJ:pituitary gland	variant	H2AJ:HGNC:14456	5	P	5:P	4	sus_scrofa	Sus scrofa	92.69	1.7111984104714462	2	present_gold	92.69	94
4	human,bos_taurus,canis_lupus_familiaris,sus_scrofa	Homo sapiens,Bos taurus,Canis lupus familiaris,Sus scrofa	H2AJ	prefrontal cortex	H2AJ:prefrontal cortex	variant	H2AJ:HGNC:14456	5	Q	5:Q	1	human	Homo sapiens	84.36625	3.5915414020803302	8	present_gold	84.36625	95
4	human,bos_taurus,canis_lupus_familiaris,sus_scrofa	Homo sapiens,Bos taurus,Canis lupus familiaris,Sus scrofa	H2AJ	prefrontal cortex	H2AJ:prefrontal cortex	variant	H2AJ:HGNC:14456	5	Q	5:Q	2	bos_taurus	Bos taurus	79.97	0.0	1	present_gold	79.97	95
4	human,bos_taurus,canis_lupus_familiaris,sus_scrofa	Homo sapiens,Bos taurus,Canis lupus familiaris,Sus scrofa	H2AJ	prefrontal cortex	H2AJ:prefrontal cortex	variant	H2AJ:HGNC:14456	5	Q	5:Q	3	canis_lupus_familiaris	Canis lupus familiaris	79.72	0.0	1	present_gold	79.72	95
4	human,bos_taurus,canis_lupus_familiaris,sus_scrofa	Homo sapiens,Bos taurus,Canis lupus familiaris,Sus scrofa	H2AJ	prefrontal cortex	H2AJ:prefrontal cortex	variant	H2AJ:HGNC:14456	5	Q	5:Q	4	sus_scrofa	Sus scrofa	84.5	0.0	1	present_gold	84.5	95
4	human,bos_taurus,canis_lupus_familiaris,sus_scrofa	Homo sapiens,Bos taurus,Canis lupus familiaris,Sus scrofa	H2AJ	skeletal muscle tissue	H2AJ:skeletal muscle tissue	variant	H2AJ:HGNC:14456	5	R	5:R	1	human	Homo sapiens	81.93083333333333	6.782065196776963	12	present_gold	81.93083333333333	96
4	human,bos_taurus,canis_lupus_familiaris,sus_scrofa	Homo sapiens,Bos taurus,Canis lupus familiaris,Sus scrofa	H2AJ	skeletal muscle tissue	H2AJ:skeletal muscle tissue	variant	H2AJ:HGNC:14456	5	R	5:R	2	bos_taurus	Bos taurus	90.7275	4.494829436882633	4	present_gold	90.7275	96
4	human,bos_taurus,canis_lupus_familiaris,sus_scrofa	Homo sapiens,Bos taurus,Canis lupus familiaris,Sus scrofa	H2AJ	skeletal muscle tissue	H2AJ:skeletal muscle tissue	variant	H2AJ:HGNC:14456	5	R	5:R	3	canis_lupus_familiaris	Canis lupus familiaris	91.89	1.499066376115484	2	present_gold	91.89	96
4	human,bos_taurus,canis_lupus_familiaris,sus_scrofa	Homo sapiens,Bos taurus,Canis lupus familiaris,Sus scrofa	H2AJ	skeletal muscle tissue	H2AJ:skeletal muscle tissue	variant	H2AJ:HGNC:14456	5	R	5:R	4	sus_scrofa	Sus scrofa	86.565	0.6010407640085614	2	present_gold	86.565	96
4	human,bos_taurus,canis_lupus_familiaris,sus_scrofa	Homo sapiens,Bos taurus,Canis lupus familiaris,Sus scrofa	H2AJ	spleen	H2AJ:spleen	variant	H2AJ:HGNC:14456	5	S	5:S	1	human	Homo sapiens	95.63666666666668	0.6135490398023803	12	present_gold	95.63666666666668	97
4	human,bos_taurus,canis_lupus_familiaris,sus_scrofa	Homo sapiens,Bos taurus,Canis lupus familiaris,Sus scrofa	H2AJ	spleen	H2AJ:spleen	variant	H2AJ:HGNC:14456	5	S	5:S	2	bos_taurus	Bos taurus	95.172	1.251207416857817	5	present_gold	95.172	97
4	human,bos_taurus,canis_lupus_familiaris,sus_scrofa	Homo sapiens,Bos taurus,Canis lupus familiaris,Sus scrofa	H2AJ	spleen	H2AJ:spleen	variant	H2AJ:HGNC:14456	5	S	5:S	3	canis_lupus_familiaris	Canis lupus familiaris	90.49333333333334	7.610534365820404	3	present_gold	90.49333333333334	97
4	human,bos_taurus,canis_lupus_familiaris,sus_scrofa	Homo sapiens,Bos taurus,Canis lupus familiaris,Sus scrofa	H2AJ	spleen	H2AJ:spleen	variant	H2AJ:HGNC:14456	5	S	5:S	4	sus_scrofa	Sus scrofa	85.76428571428572	6.336683825532239	7	present_gold	85.76428571428572	97
4	human,bos_taurus,canis_lupus_familiaris,sus_scrofa	Homo sapiens,Bos taurus,Canis lupus familiaris,Sus scrofa	H2AJ	testis	H2AJ:testis	variant	H2AJ:HGNC:14456	5	T	5:T	1	human	Homo sapiens	91.1946153846154	12.702982993103507	13	present_gold	91.1946153846154	98
4	human,bos_taurus,canis_lupus_familiaris,sus_scrofa	Homo sapiens,Bos taurus,Canis lupus familiaris,Sus scrofa	H2AJ	testis	H2AJ:testis	variant	H2AJ:HGNC:14456	5	T	5:T	2	bos_taurus	Bos taurus	77.035	4.003761980937428	6	present_gold	77.035	98
4	human,bos_taurus,canis_lupus_familiaris,sus_scrofa	Homo sapiens,Bos taurus,Canis lupus familiaris,Sus scrofa	H2AJ	testis	H2AJ:testis	variant	H2AJ:HGNC:14456	5	T	5:T	3	canis_lupus_familiaris	Canis lupus familiaris	61.29777777777778	12.560789961003428	9	present_gold	61.29777777777778	98
4	human,bos_taurus,canis_lupus_familiaris,sus_scrofa	Homo sapiens,Bos taurus,Canis lupus familiaris,Sus scrofa	H2AJ	testis	H2AJ:testis	variant	H2AJ:HGNC:14456	5	T	5:T	4	sus_scrofa	Sus scrofa	72.0	15.396454137235622	3	present_gold	72.0	98
4	human,bos_taurus,canis_lupus_familiaris,sus_scrofa	Homo sapiens,Bos taurus,Canis lupus familiaris,Sus scrofa	H2AZ1	adipose tissue	H2AZ1:adipose tissue	variant	H2AZ1:HGNC:4741	6	A	6:A	1	human	Homo sapiens	97.64	0.2576561015514012	16	present_gold	97.64	99
4	human,bos_taurus,canis_lupus_familiaris,sus_scrofa	Homo sapiens,Bos taurus,Canis lupus familiaris,Sus scrofa	H2AZ1	adipose tissue	H2AZ1:adipose tissue	variant	H2AZ1:HGNC:4741	6	A	6:A	2	bos_taurus	Bos taurus	93.18166666666669	1.744275398744896	6	present_gold	93.18166666666669	99
4	human,bos_taurus,canis_lupus_familiaris,sus_scrofa	Homo sapiens,Bos taurus,Canis lupus familiaris,Sus scrofa	H2AZ1	adipose tissue	H2AZ1:adipose tissue	variant	H2AZ1:HGNC:4741	6	A	6:A	3	canis_lupus_familiaris	Canis lupus familiaris	96.26	0.0	1	present_gold	96.26	99
4	human,bos_taurus,canis_lupus_familiaris,sus_scrofa	Homo sapiens,Bos taurus,Canis lupus familiaris,Sus scrofa	H2AZ1	adipose tissue	H2AZ1:adipose tissue	variant	H2AZ1:HGNC:4741	6	A	6:A	4	sus_scrofa	Sus scrofa	92.16	1.7536248173426408	2	present_gold	92.16	99
4	human,bos_taurus,canis_lupus_familiaris,sus_scrofa	Homo sapiens,Bos taurus,Canis lupus familiaris,Sus scrofa	H2AZ1	adult mammalian kidney	H2AZ1:adult mammalian kidney	variant	H2AZ1:HGNC:4741	6	B	6:B	1	human	Homo sapiens	96.835	1.9303277920123785	14	present_gold	96.835	100
4	human,bos_taurus,canis_lupus_familiaris,sus_scrofa	Homo sapiens,Bos taurus,Canis lupus familiaris,Sus scrofa	H2AZ1	adult mammalian kidney	H2AZ1:adult mammalian kidney	variant	H2AZ1:HGNC:4741	6	B	6:B	2	bos_taurus	Bos taurus	93.4825	1.6848813014571689	4	present_gold	93.4825	100
4	human,bos_taurus,canis_lupus_familiaris,sus_scrofa	Homo sapiens,Bos taurus,Canis lupus familiaris,Sus scrofa	H2AZ1	adult mammalian kidney	H2AZ1:adult mammalian kidney	variant	H2AZ1:HGNC:4741	6	B	6:B	3	canis_lupus_familiaris	Canis lupus familiaris	98.77333333333333	1.0781620162727563	3	present_gold	98.77333333333333	100
4	human,bos_taurus,canis_lupus_familiaris,sus_scrofa	Homo sapiens,Bos taurus,Canis lupus familiaris,Sus scrofa	H2AZ1	adult mammalian kidney	H2AZ1:adult mammalian kidney	variant	H2AZ1:HGNC:4741	6	B	6:B	4	sus_scrofa	Sus scrofa	90.585	6.007448154860208	4	present_gold	90.585	100
4	human,bos_taurus,canis_lupus_familiaris,sus_scrofa	Homo sapiens,Bos taurus,Canis lupus familiaris,Sus scrofa	H2AZ1	blood	H2AZ1:blood	variant	H2AZ1:HGNC:4741	6	C	6:C	1	human	Homo sapiens	98.18538461538462	0.8344485924497052	39	present_gold	98.18538461538462	101
4	human,bos_taurus,canis_lupus_familiaris,sus_scrofa	Homo sapiens,Bos taurus,Canis lupus familiaris,Sus scrofa	H2AZ1	blood	H2AZ1:blood	variant	H2AZ1:HGNC:4741	6	C	6:C	2	bos_taurus	Bos taurus	96.15	1.2202458768625282	4	present_gold	96.15	101
4	human,bos_taurus,canis_lupus_familiaris,sus_scrofa	Homo sapiens,Bos taurus,Canis lupus familiaris,Sus scrofa	H2AZ1	blood	H2AZ1:blood	variant	H2AZ1:HGNC:4741	6	C	6:C	3	canis_lupus_familiaris	Canis lupus familiaris	96.47	0.0	1	present_gold	96.47	101
4	human,bos_taurus,canis_lupus_familiaris,sus_scrofa	Homo sapiens,Bos taurus,Canis lupus familiaris,Sus scrofa	H2AZ1	blood	H2AZ1:blood	variant	H2AZ1:HGNC:4741	6	C	6:C	4	sus_scrofa	Sus scrofa	97.88666666666666	0.0472581562625262	3	present_gold	97.88666666666666	101
4	human,bos_taurus,canis_lupus_familiaris,sus_scrofa	Homo sapiens,Bos taurus,Canis lupus familiaris,Sus scrofa	H2AZ1	cerebellum	H2AZ1:cerebellum	variant	H2AZ1:HGNC:4741	6	D	6:D	1	human	Homo sapiens	98.07235294117648	0.8528154065488371	17	present_gold	98.07235294117648	102
4	human,bos_taurus,canis_lupus_familiaris,sus_scrofa	Homo sapiens,Bos taurus,Canis lupus familiaris,Sus scrofa	H2AZ1	cerebellum	H2AZ1:cerebellum	variant	H2AZ1:HGNC:4741	6	D	6:D	2	bos_taurus	Bos taurus	94.98666666666668	2.0125688394023524	3	present_gold	94.98666666666668	102
4	human,bos_taurus,canis_lupus_familiaris,sus_scrofa	Homo sapiens,Bos taurus,Canis lupus familiaris,Sus scrofa	H2AZ1	cerebellum	H2AZ1:cerebellum	variant	H2AZ1:HGNC:4741	6	D	6:D	3	canis_lupus_familiaris	Canis lupus familiaris	97.745	0.6725325270944127	4	present_gold	97.745	102
4	human,bos_taurus,canis_lupus_familiaris,sus_scrofa	Homo sapiens,Bos taurus,Canis lupus familiaris,Sus scrofa	H2AZ1	cerebellum	H2AZ1:cerebellum	variant	H2AZ1:HGNC:4741	6	D	6:D	4	sus_scrofa	Sus scrofa	96.49666666666668	0.8680053763274417	3	present_gold	96.49666666666668	102
4	human,bos_taurus,canis_lupus_familiaris,sus_scrofa	Homo sapiens,Bos taurus,Canis lupus familiaris,Sus scrofa	H2AZ1	cerebral cortex	H2AZ1:cerebral cortex	variant	H2AZ1:HGNC:4741	6	E	6:E	1	human	Homo sapiens	98.171	0.7585138979170578	10	present_gold	98.171	103
4	human,bos_taurus,canis_lupus_familiaris,sus_scrofa	Homo sapiens,Bos taurus,Canis lupus familiaris,Sus scrofa	H2AZ1	cerebral cortex	H2AZ1:cerebral cortex	variant	H2AZ1:HGNC:4741	6	E	6:E	2	bos_taurus	Bos taurus	95.795	0.4030508652763273	2	present_gold	95.795	103
4	human,bos_taurus,canis_lupus_familiaris,sus_scrofa	Homo sapiens,Bos taurus,Canis lupus familiaris,Sus scrofa	H2AZ1	cerebral cortex	H2AZ1:cerebral cortex	variant	H2AZ1:HGNC:4741	6	E	6:E	3	canis_lupus_familiaris	Canis lupus familiaris	97.38	0.3394112549695456	2	present_gold	97.38	103
4	human,bos_taurus,canis_lupus_familiaris,sus_scrofa	Homo sapiens,Bos taurus,Canis lupus familiaris,Sus scrofa	H2AZ1	cerebral cortex	H2AZ1:cerebral cortex	variant	H2AZ1:HGNC:4741	6	E	6:E	4	sus_scrofa	Sus scrofa	96.71	0.0	1	present_gold	96.71	103
4	human,bos_taurus,canis_lupus_familiaris,sus_scrofa	Homo sapiens,Bos taurus,Canis lupus familiaris,Sus scrofa	H2AZ1	colon	H2AZ1:colon	variant	H2AZ1:HGNC:4741	6	F	6:F	1	human	Homo sapiens	98.65944444444445	0.4462717745186506	18	present_gold	98.65944444444445	104
4	human,bos_taurus,canis_lupus_familiaris,sus_scrofa	Homo sapiens,Bos taurus,Canis lupus familiaris,Sus scrofa	H2AZ1	colon	H2AZ1:colon	variant	H2AZ1:HGNC:4741	6	F	6:F	2	bos_taurus	Bos taurus	95.35	0.0	1	present_gold	95.35	104
4	human,bos_taurus,canis_lupus_familiaris,sus_scrofa	Homo sapiens,Bos taurus,Canis lupus familiaris,Sus scrofa	H2AZ1	colon	H2AZ1:colon	variant	H2AZ1:HGNC:4741	6	F	6:F	3	canis_lupus_familiaris	Canis lupus familiaris	97.705	0.007071067811859	2	present_gold	97.705	104
4	human,bos_taurus,canis_lupus_familiaris,sus_scrofa	Homo sapiens,Bos taurus,Canis lupus familiaris,Sus scrofa	H2AZ1	colon	H2AZ1:colon	variant	H2AZ1:HGNC:4741	6	F	6:F	4	sus_scrofa	Sus scrofa	97.76	0.0282842712474663	2	present_gold	97.76	104
4	human,bos_taurus,canis_lupus_familiaris,sus_scrofa	Homo sapiens,Bos taurus,Canis lupus familiaris,Sus scrofa	H2AZ1	frontal cortex	H2AZ1:frontal cortex	variant	H2AZ1:HGNC:4741	6	G	6:G	1	human	Homo sapiens	97.52807692307692	1.3104656248243032	26	present_gold	97.52807692307692	105
4	human,bos_taurus,canis_lupus_familiaris,sus_scrofa	Homo sapiens,Bos taurus,Canis lupus familiaris,Sus scrofa	H2AZ1	frontal cortex	H2AZ1:frontal cortex	variant	H2AZ1:HGNC:4741	6	G	6:G	2	bos_taurus	Bos taurus	96.43666666666668	0.0680685928555377	3	present_gold	96.43666666666668	105
4	human,bos_taurus,canis_lupus_familiaris,sus_scrofa	Homo sapiens,Bos taurus,Canis lupus familiaris,Sus scrofa	H2AZ1	frontal cortex	H2AZ1:frontal cortex	variant	H2AZ1:HGNC:4741	6	G	6:G	3	canis_lupus_familiaris	Canis lupus familiaris	97.32	1.100136355185121	3	present_gold	97.32	105
4	human,bos_taurus,canis_lupus_familiaris,sus_scrofa	Homo sapiens,Bos taurus,Canis lupus familiaris,Sus scrofa	H2AZ1	frontal cortex	H2AZ1:frontal cortex	variant	H2AZ1:HGNC:4741	6	G	6:G	4	sus_scrofa	Sus scrofa	95.65714285714286	1.052880402921978	7	present_gold	95.65714285714286	105
4	human,bos_taurus,canis_lupus_familiaris,sus_scrofa	Homo sapiens,Bos taurus,Canis lupus familiaris,Sus scrofa	H2AZ1	heart	H2AZ1:heart	variant	H2AZ1:HGNC:4741	6	H	6:H	1	human	Homo sapiens	97.57625	0.8249757572195701	16	present_gold	97.57625	106
4	human,bos_taurus,canis_lupus_familiaris,sus_scrofa	Homo sapiens,Bos taurus,Canis lupus familiaris,Sus scrofa	H2AZ1	heart	H2AZ1:heart	variant	H2AZ1:HGNC:4741	6	H	6:H	2	bos_taurus	Bos taurus	90.385	2.208657208954493	4	present_gold	90.385	106
4	human,bos_taurus,canis_lupus_familiaris,sus_scrofa	Homo sapiens,Bos taurus,Canis lupus familiaris,Sus scrofa	H2AZ1	heart	H2AZ1:heart	variant	H2AZ1:HGNC:4741	6	H	6:H	3	canis_lupus_familiaris	Canis lupus familiaris	97.85666666666668	2.1628761715209976	3	present_gold	97.85666666666668	106
4	human,bos_taurus,canis_lupus_familiaris,sus_scrofa	Homo sapiens,Bos taurus,Canis lupus familiaris,Sus scrofa	H2AZ1	heart	H2AZ1:heart	variant	H2AZ1:HGNC:4741	6	H	6:H	4	sus_scrofa	Sus scrofa	88.37666666666667	5.388300907212465	6	present_gold	88.37666666666667	106
4	human,bos_taurus,canis_lupus_familiaris,sus_scrofa	Homo sapiens,Bos taurus,Canis lupus familiaris,Sus scrofa	H2AZ1	hypothalamus	H2AZ1:hypothalamus	variant	H2AZ1:HGNC:4741	6	I	6:I	1	human	Homo sapiens	97.52111111111113	1.0477813472447337	18	present_gold	97.52111111111113	107
4	human,bos_taurus,canis_lupus_familiaris,sus_scrofa	Homo sapiens,Bos taurus,Canis lupus familiaris,Sus scrofa	H2AZ1	hypothalamus	H2AZ1:hypothalamus	variant	H2AZ1:HGNC:4741	6	I	6:I	2	bos_taurus	Bos taurus	92.75	1.4750254235097118	3	present_gold	92.75	107
4	human,bos_taurus,canis_lupus_familiaris,sus_scrofa	Homo sapiens,Bos taurus,Canis lupus familiaris,Sus scrofa	H2AZ1	hypothalamus	H2AZ1:hypothalamus	variant	H2AZ1:HGNC:4741	6	I	6:I	3	canis_lupus_familiaris	Canis lupus familiaris	97.23	0.0	1	present_gold	97.23	107
4	human,bos_taurus,canis_lupus_familiaris,sus_scrofa	Homo sapiens,Bos taurus,Canis lupus familiaris,Sus scrofa	H2AZ1	hypothalamus	H2AZ1:hypothalamus	variant	H2AZ1:HGNC:4741	6	I	6:I	4	sus_scrofa	Sus scrofa	96.07	2.3051681066681486	2	present_gold	96.07	107
4	human,bos_taurus,canis_lupus_familiaris,sus_scrofa	Homo sapiens,Bos taurus,Canis lupus familiaris,Sus scrofa	H2AZ1	kidney	H2AZ1:kidney	variant	H2AZ1:HGNC:4741	6	J	6:J	1	human	Homo sapiens	98.24666666666668	1.1828214855449104	6	present_gold	98.24666666666668	108
4	human,bos_taurus,canis_lupus_familiaris,sus_scrofa	Homo sapiens,Bos taurus,Canis lupus familiaris,Sus scrofa	H2AZ1	kidney	H2AZ1:kidney	variant	H2AZ1:HGNC:4741	6	J	6:J	2	bos_taurus	Bos taurus	95.09	0.0	1	present_gold	95.09	108
4	human,bos_taurus,canis_lupus_familiaris,sus_scrofa	Homo sapiens,Bos taurus,Canis lupus familiaris,Sus scrofa	H2AZ1	kidney	H2AZ1:kidney	variant	H2AZ1:HGNC:4741	6	J	6:J	3	canis_lupus_familiaris	Canis lupus familiaris	97.29	0.0	1	present_gold	97.29	108
4	human,bos_taurus,canis_lupus_familiaris,sus_scrofa	Homo sapiens,Bos taurus,Canis lupus familiaris,Sus scrofa	H2AZ1	kidney	H2AZ1:kidney	variant	H2AZ1:HGNC:4741	6	J	6:J	4	sus_scrofa	Sus scrofa	96.81	0.0	1	present_gold	96.81	108
4	human,bos_taurus,canis_lupus_familiaris,sus_scrofa	Homo sapiens,Bos taurus,Canis lupus familiaris,Sus scrofa	H2AZ1	liver	H2AZ1:liver	variant	H2AZ1:HGNC:4741	6	K	6:K	1	human	Homo sapiens	95.57260869565218	2.0483257406772366	23	present_gold	95.57260869565218	109
4	human,bos_taurus,canis_lupus_familiaris,sus_scrofa	Homo sapiens,Bos taurus,Canis lupus familiaris,Sus scrofa	H2AZ1	liver	H2AZ1:liver	variant	H2AZ1:HGNC:4741	6	K	6:K	2	bos_taurus	Bos taurus	90.1375	1.532351134694655	16	present_gold	90.1375	109
4	human,bos_taurus,canis_lupus_familiaris,sus_scrofa	Homo sapiens,Bos taurus,Canis lupus familiaris,Sus scrofa	H2AZ1	liver	H2AZ1:liver	variant	H2AZ1:HGNC:4741	6	K	6:K	3	canis_lupus_familiaris	Canis lupus familiaris	92.92142857142858	4.820506296270231	7	present_gold	92.92142857142858	109
4	human,bos_taurus,canis_lupus_familiaris,sus_scrofa	Homo sapiens,Bos taurus,Canis lupus familiaris,Sus scrofa	H2AZ1	liver	H2AZ1:liver	variant	H2AZ1:HGNC:4741	6	K	6:K	4	sus_scrofa	Sus scrofa	91.65500000000002	3.6671992037520926	6	present_gold	91.65500000000002	109
4	human,bos_taurus,canis_lupus_familiaris,sus_scrofa	Homo sapiens,Bos taurus,Canis lupus familiaris,Sus scrofa	H2AZ1	lung	H2AZ1:lung	variant	H2AZ1:HGNC:4741	6	L	6:L	1	human	Homo sapiens	98.17636363636365	0.5853574036802559	22	present_gold	98.17636363636365	110
4	human,bos_taurus,canis_lupus_familiaris,sus_scrofa	Homo sapiens,Bos taurus,Canis lupus familiaris,Sus scrofa	H2AZ1	lung	H2AZ1:lung	variant	H2AZ1:HGNC:4741	6	L	6:L	2	bos_taurus	Bos taurus	95.87	1.665743077428209	7	present_gold	95.87	110
4	human,bos_taurus,canis_lupus_familiaris,sus_scrofa	Homo sapiens,Bos taurus,Canis lupus familiaris,Sus scrofa	H2AZ1	lung	H2AZ1:lung	variant	H2AZ1:HGNC:4741	6	L	6:L	3	canis_lupus_familiaris	Canis lupus familiaris	98.5375	1.0137841650634165	4	present_gold	98.5375	110
4	human,bos_taurus,canis_lupus_familiaris,sus_scrofa	Homo sapiens,Bos taurus,Canis lupus familiaris,Sus scrofa	H2AZ1	lung	H2AZ1:lung	variant	H2AZ1:HGNC:4741	6	L	6:L	4	sus_scrofa	Sus scrofa	93.8375	4.182896723563704	4	present_gold	93.8375	110
4	human,bos_taurus,canis_lupus_familiaris,sus_scrofa	Homo sapiens,Bos taurus,Canis lupus familiaris,Sus scrofa	H2AZ1	lymph node	H2AZ1:lymph node	variant	H2AZ1:HGNC:4741	6	M	6:M	1	human	Homo sapiens	98.35166666666667	0.85401209983622	6	present_gold	98.35166666666667	111
4	human,bos_taurus,canis_lupus_familiaris,sus_scrofa	Homo sapiens,Bos taurus,Canis lupus familiaris,Sus scrofa	H2AZ1	lymph node	H2AZ1:lymph node	variant	H2AZ1:HGNC:4741	6	M	6:M	2	bos_taurus	Bos taurus	97.16	0.565685424949236	2	present_gold	97.16	111
4	human,bos_taurus,canis_lupus_familiaris,sus_scrofa	Homo sapiens,Bos taurus,Canis lupus familiaris,Sus scrofa	H2AZ1	lymph node	H2AZ1:lymph node	variant	H2AZ1:HGNC:4741	6	M	6:M	3	canis_lupus_familiaris	Canis lupus familiaris	98.24	0.8061017305526645	2	present_gold	98.24	111
4	human,bos_taurus,canis_lupus_familiaris,sus_scrofa	Homo sapiens,Bos taurus,Canis lupus familiaris,Sus scrofa	H2AZ1	lymph node	H2AZ1:lymph node	variant	H2AZ1:HGNC:4741	6	M	6:M	4	sus_scrofa	Sus scrofa	95.98	0.0	1	present_gold	95.98	111
4	human,bos_taurus,canis_lupus_familiaris,sus_scrofa	Homo sapiens,Bos taurus,Canis lupus familiaris,Sus scrofa	H2AZ1	metanephros cortex	H2AZ1:metanephros cortex	variant	H2AZ1:HGNC:4741	6	N	6:N	1	human	Homo sapiens	98.415	0.7707463914933291	2	present_gold	98.415	112
4	human,bos_taurus,canis_lupus_familiaris,sus_scrofa	Homo sapiens,Bos taurus,Canis lupus familiaris,Sus scrofa	H2AZ1	metanephros cortex	H2AZ1:metanephros cortex	variant	H2AZ1:HGNC:4741	6	N	6:N	2	bos_taurus	Bos taurus	93.59	0.0	1	present_gold	93.59	112
4	human,bos_taurus,canis_lupus_familiaris,sus_scrofa	Homo sapiens,Bos taurus,Canis lupus familiaris,Sus scrofa	H2AZ1	metanephros cortex	H2AZ1:metanephros cortex	variant	H2AZ1:HGNC:4741	6	N	6:N	3	canis_lupus_familiaris	Canis lupus familiaris	97.33	0.0	1	present_gold	97.33	112
4	human,bos_taurus,canis_lupus_familiaris,sus_scrofa	Homo sapiens,Bos taurus,Canis lupus familiaris,Sus scrofa	H2AZ1	metanephros cortex	H2AZ1:metanephros cortex	variant	H2AZ1:HGNC:4741	6	N	6:N	4	sus_scrofa	Sus scrofa	93.775	0.007071067811869	2	present_gold	93.775	112
4	human,bos_taurus,canis_lupus_familiaris,sus_scrofa	Homo sapiens,Bos taurus,Canis lupus familiaris,Sus scrofa	H2AZ1	ovary	H2AZ1:ovary	variant	H2AZ1:HGNC:4741	6	O	6:O	1	human	Homo sapiens	98.31727272727272	0.4338914820341824	11	present_gold	98.31727272727272	113
4	human,bos_taurus,canis_lupus_familiaris,sus_scrofa	Homo sapiens,Bos taurus,Canis lupus familiaris,Sus scrofa	H2AZ1	ovary	H2AZ1:ovary	variant	H2AZ1:HGNC:4741	6	O	6:O	2	bos_taurus	Bos taurus	97.3225	0.9097756133611572	4	present_gold	97.3225	113
4	human,bos_taurus,canis_lupus_familiaris,sus_scrofa	Homo sapiens,Bos taurus,Canis lupus familiaris,Sus scrofa	H2AZ1	ovary	H2AZ1:ovary	variant	H2AZ1:HGNC:4741	6	O	6:O	3	canis_lupus_familiaris	Canis lupus familiaris	93.54	0.0	1	present_gold	93.54	113
4	human,bos_taurus,canis_lupus_familiaris,sus_scrofa	Homo sapiens,Bos taurus,Canis lupus familiaris,Sus scrofa	H2AZ1	ovary	H2AZ1:ovary	variant	H2AZ1:HGNC:4741	6	O	6:O	4	sus_scrofa	Sus scrofa	91.73333333333332	3.707847533722677	3	present_gold	91.73333333333332	113
4	human,bos_taurus,canis_lupus_familiaris,sus_scrofa	Homo sapiens,Bos taurus,Canis lupus familiaris,Sus scrofa	H2AZ1	pituitary gland	H2AZ1:pituitary gland	variant	H2AZ1:HGNC:4741	6	P	6:P	1	human	Homo sapiens	98.4723076923077	0.2846387724278457	13	present_gold	98.4723076923077	114
4	human,bos_taurus,canis_lupus_familiaris,sus_scrofa	Homo sapiens,Bos taurus,Canis lupus familiaris,Sus scrofa	H2AZ1	pituitary gland	H2AZ1:pituitary gland	variant	H2AZ1:HGNC:4741	6	P	6:P	2	bos_taurus	Bos taurus	94.33	0.970834692416786	6	present_gold	94.33	114
4	human,bos_taurus,canis_lupus_familiaris,sus_scrofa	Homo sapiens,Bos taurus,Canis lupus familiaris,Sus scrofa	H2AZ1	pituitary gland	H2AZ1:pituitary gland	variant	H2AZ1:HGNC:4741	6	P	6:P	3	canis_lupus_familiaris	Canis lupus familiaris	98.13666666666668	0.2695057204092969	3	present_gold	98.13666666666668	114
4	human,bos_taurus,canis_lupus_familiaris,sus_scrofa	Homo sapiens,Bos taurus,Canis lupus familiaris,Sus scrofa	H2AZ1	pituitary gland	H2AZ1:pituitary gland	variant	H2AZ1:HGNC:4741	6	P	6:P	4	sus_scrofa	Sus scrofa	96.31	2.050609665440992	2	present_gold	96.31	114
4	human,bos_taurus,canis_lupus_familiaris,sus_scrofa	Homo sapiens,Bos taurus,Canis lupus familiaris,Sus scrofa	H2AZ1	prefrontal cortex	H2AZ1:prefrontal cortex	variant	H2AZ1:HGNC:4741	6	Q	6:Q	1	human	Homo sapiens	97.592	1.2618663426316856	10	present_gold	97.592	115
4	human,bos_taurus,canis_lupus_familiaris,sus_scrofa	Homo sapiens,Bos taurus,Canis lupus familiaris,Sus scrofa	H2AZ1	prefrontal cortex	H2AZ1:prefrontal cortex	variant	H2AZ1:HGNC:4741	6	Q	6:Q	2	bos_taurus	Bos taurus	95.38	0.0	1	present_gold	95.38	115
4	human,bos_taurus,canis_lupus_familiaris,sus_scrofa	Homo sapiens,Bos taurus,Canis lupus familiaris,Sus scrofa	H2AZ1	prefrontal cortex	H2AZ1:prefrontal cortex	variant	H2AZ1:HGNC:4741	6	Q	6:Q	3	canis_lupus_familiaris	Canis lupus familiaris	96.36	0.0	1	present_gold	96.36	115
4	human,bos_taurus,canis_lupus_familiaris,sus_scrofa	Homo sapiens,Bos taurus,Canis lupus familiaris,Sus scrofa	H2AZ1	prefrontal cortex	H2AZ1:prefrontal cortex	variant	H2AZ1:HGNC:4741	6	Q	6:Q	4	sus_scrofa	Sus scrofa	96.26	0.0	1	present_gold	96.26	115
4	human,bos_taurus,canis_lupus_familiaris,sus_scrofa	Homo sapiens,Bos taurus,Canis lupus familiaris,Sus scrofa	H2AZ1	skeletal muscle tissue	H2AZ1:skeletal muscle tissue	variant	H2AZ1:HGNC:4741	6	R	6:R	1	human	Homo sapiens	96.186875	0.8768786974262742	16	present_gold	96.186875	116
4	human,bos_taurus,canis_lupus_familiaris,sus_scrofa	Homo sapiens,Bos taurus,Canis lupus familiaris,Sus scrofa	H2AZ1	skeletal muscle tissue	H2AZ1:skeletal muscle tissue	variant	H2AZ1:HGNC:4741	6	R	6:R	2	bos_taurus	Bos taurus	93.6775	1.8017283369032095	4	present_gold	93.6775	116
4	human,bos_taurus,canis_lupus_familiaris,sus_scrofa	Homo sapiens,Bos taurus,Canis lupus familiaris,Sus scrofa	H2AZ1	skeletal muscle tissue	H2AZ1:skeletal muscle tissue	variant	H2AZ1:HGNC:4741	6	R	6:R	3	canis_lupus_familiaris	Canis lupus familiaris	96.83	0.8061017305526645	2	present_gold	96.83	116
4	human,bos_taurus,canis_lupus_familiaris,sus_scrofa	Homo sapiens,Bos taurus,Canis lupus familiaris,Sus scrofa	H2AZ1	skeletal muscle tissue	H2AZ1:skeletal muscle tissue	variant	H2AZ1:HGNC:4741	6	R	6:R	4	sus_scrofa	Sus scrofa	93.99	1.2445079348883272	2	present_gold	93.99	116
4	human,bos_taurus,canis_lupus_familiaris,sus_scrofa	Homo sapiens,Bos taurus,Canis lupus familiaris,Sus scrofa	H2AZ1	spleen	H2AZ1:spleen	variant	H2AZ1:HGNC:4741	6	S	6:S	1	human	Homo sapiens	98.73666666666666	0.1130835036063127	12	present_gold	98.73666666666666	117
4	human,bos_taurus,canis_lupus_familiaris,sus_scrofa	Homo sapiens,Bos taurus,Canis lupus familiaris,Sus scrofa	H2AZ1	spleen	H2AZ1:spleen	variant	H2AZ1:HGNC:4741	6	S	6:S	2	bos_taurus	Bos taurus	96.928	0.1279453008124949	5	present_gold	96.928	117
4	human,bos_taurus,canis_lupus_familiaris,sus_scrofa	Homo sapiens,Bos taurus,Canis lupus familiaris,Sus scrofa	H2AZ1	spleen	H2AZ1:spleen	variant	H2AZ1:HGNC:4741	6	S	6:S	3	canis_lupus_familiaris	Canis lupus familiaris	97.70333333333332	0.7635661944673396	3	present_gold	97.70333333333332	117
4	human,bos_taurus,canis_lupus_familiaris,sus_scrofa	Homo sapiens,Bos taurus,Canis lupus familiaris,Sus scrofa	H2AZ1	spleen	H2AZ1:spleen	variant	H2AZ1:HGNC:4741	6	S	6:S	4	sus_scrofa	Sus scrofa	96.28142857142858	3.89037885289436	7	present_gold	96.28142857142858	117
4	human,bos_taurus,canis_lupus_familiaris,sus_scrofa	Homo sapiens,Bos taurus,Canis lupus familiaris,Sus scrofa	H2AZ1	testis	H2AZ1:testis	variant	H2AZ1:HGNC:4741	6	T	6:T	1	human	Homo sapiens	98.53307692307692	0.6403434575208379	13	present_gold	98.53307692307692	118
4	human,bos_taurus,canis_lupus_familiaris,sus_scrofa	Homo sapiens,Bos taurus,Canis lupus familiaris,Sus scrofa	H2AZ1	testis	H2AZ1:testis	variant	H2AZ1:HGNC:4741	6	T	6:T	2	bos_taurus	Bos taurus	91.76333333333334	6.577743280690321	6	present_gold	91.76333333333334	118
4	human,bos_taurus,canis_lupus_familiaris,sus_scrofa	Homo sapiens,Bos taurus,Canis lupus familiaris,Sus scrofa	H2AZ1	testis	H2AZ1:testis	variant	H2AZ1:HGNC:4741	6	T	6:T	3	canis_lupus_familiaris	Canis lupus familiaris	99.209	0.4203028009000711	10	present_gold	99.209	118
4	human,bos_taurus,canis_lupus_familiaris,sus_scrofa	Homo sapiens,Bos taurus,Canis lupus familiaris,Sus scrofa	H2AZ1	testis	H2AZ1:testis	variant	H2AZ1:HGNC:4741	6	T	6:T	4	sus_scrofa	Sus scrofa	97.92	1.532938354924943	3	present_gold	97.92	118
4	human,bos_taurus,canis_lupus_familiaris,sus_scrofa	Homo sapiens,Bos taurus,Canis lupus familiaris,Sus scrofa	H2AZ2	adipose tissue	H2AZ2:adipose tissue	variant	H2AZ2:HGNC:20664	7	A	7:A	1	human	Homo sapiens	96.25705882352942	0.9896007067618372	17	present_gold	96.25705882352942	119
4	human,bos_taurus,canis_lupus_familiaris,sus_scrofa	Homo sapiens,Bos taurus,Canis lupus familiaris,Sus scrofa	H2AZ2	adipose tissue	H2AZ2:adipose tissue	variant	H2AZ2:HGNC:20664	7	A	7:A	2	bos_taurus	Bos taurus	96.37166666666668	1.8619389535284616	6	present_gold	96.37166666666668	119
4	human,bos_taurus,canis_lupus_familiaris,sus_scrofa	Homo sapiens,Bos taurus,Canis lupus familiaris,Sus scrofa	H2AZ2	adipose tissue	H2AZ2:adipose tissue	variant	H2AZ2:HGNC:20664	7	A	7:A	3	canis_lupus_familiaris	Canis lupus familiaris	91.97	0.0	1	present_gold	91.97	119
4	human,bos_taurus,canis_lupus_familiaris,sus_scrofa	Homo sapiens,Bos taurus,Canis lupus familiaris,Sus scrofa	H2AZ2	adipose tissue	H2AZ2:adipose tissue	variant	H2AZ2:HGNC:20664	7	A	7:A	4	sus_scrofa	Sus scrofa	89.795	6.922575387816295	2	present_gold	89.795	119
4	human,bos_taurus,canis_lupus_familiaris,sus_scrofa	Homo sapiens,Bos taurus,Canis lupus familiaris,Sus scrofa	H2AZ2	adult mammalian kidney	H2AZ2:adult mammalian kidney	variant	H2AZ2:HGNC:20664	7	B	7:B	1	human	Homo sapiens	94.76866666666666	2.2456811460053294	15	present_gold	94.76866666666666	120
4	human,bos_taurus,canis_lupus_familiaris,sus_scrofa	Homo sapiens,Bos taurus,Canis lupus familiaris,Sus scrofa	H2AZ2	adult mammalian kidney	H2AZ2:adult mammalian kidney	variant	H2AZ2:HGNC:20664	7	B	7:B	2	bos_taurus	Bos taurus	95.5875	0.933322916608538	4	present_gold	95.5875	120
4	human,bos_taurus,canis_lupus_familiaris,sus_scrofa	Homo sapiens,Bos taurus,Canis lupus familiaris,Sus scrofa	H2AZ2	adult mammalian kidney	H2AZ2:adult mammalian kidney	variant	H2AZ2:HGNC:20664	7	B	7:B	3	canis_lupus_familiaris	Canis lupus familiaris	95.99333333333334	3.459831402443378	3	present_gold	95.99333333333334	120
4	human,bos_taurus,canis_lupus_familiaris,sus_scrofa	Homo sapiens,Bos taurus,Canis lupus familiaris,Sus scrofa	H2AZ2	adult mammalian kidney	H2AZ2:adult mammalian kidney	variant	H2AZ2:HGNC:20664	7	B	7:B	4	sus_scrofa	Sus scrofa	94.1825	3.6778922858978103	4	present_gold	94.1825	120
4	human,bos_taurus,canis_lupus_familiaris,sus_scrofa	Homo sapiens,Bos taurus,Canis lupus familiaris,Sus scrofa	H2AZ2	blood	H2AZ2:blood	variant	H2AZ2:HGNC:20664	7	C	7:C	1	human	Homo sapiens	92.70025641025642	2.77549188355533	39	present_gold	92.70025641025642	121
4	human,bos_taurus,canis_lupus_familiaris,sus_scrofa	Homo sapiens,Bos taurus,Canis lupus familiaris,Sus scrofa	H2AZ2	blood	H2AZ2:blood	variant	H2AZ2:HGNC:20664	7	C	7:C	2	bos_taurus	Bos taurus	98.785	0.2967041174863156	4	present_gold	98.785	121
4	human,bos_taurus,canis_lupus_familiaris,sus_scrofa	Homo sapiens,Bos taurus,Canis lupus familiaris,Sus scrofa	H2AZ2	blood	H2AZ2:blood	variant	H2AZ2:HGNC:20664	7	C	7:C	3	canis_lupus_familiaris	Canis lupus familiaris	96.26	0.0	1	present_gold	96.26	121
4	human,bos_taurus,canis_lupus_familiaris,sus_scrofa	Homo sapiens,Bos taurus,Canis lupus familiaris,Sus scrofa	H2AZ2	blood	H2AZ2:blood	variant	H2AZ2:HGNC:20664	7	C	7:C	4	sus_scrofa	Sus scrofa	96.63	0.1931320791582776	3	present_gold	96.63	121
4	human,bos_taurus,canis_lupus_familiaris,sus_scrofa	Homo sapiens,Bos taurus,Canis lupus familiaris,Sus scrofa	H2AZ2	cerebellum	H2AZ2:cerebellum	variant	H2AZ2:HGNC:20664	7	D	7:D	1	human	Homo sapiens	97.36117647058823	0.7039432004158878	17	present_gold	97.36117647058823	122
4	human,bos_taurus,canis_lupus_familiaris,sus_scrofa	Homo sapiens,Bos taurus,Canis lupus familiaris,Sus scrofa	H2AZ2	cerebellum	H2AZ2:cerebellum	variant	H2AZ2:HGNC:20664	7	D	7:D	2	bos_taurus	Bos taurus	94.14666666666666	0.8951163797704397	3	present_gold	94.14666666666666	122
4	human,bos_taurus,canis_lupus_familiaris,sus_scrofa	Homo sapiens,Bos taurus,Canis lupus familiaris,Sus scrofa	H2AZ2	cerebellum	H2AZ2:cerebellum	variant	H2AZ2:HGNC:20664	7	D	7:D	3	canis_lupus_familiaris	Canis lupus familiaris	92.1425	2.841717497101589	4	present_gold	92.1425	122
4	human,bos_taurus,canis_lupus_familiaris,sus_scrofa	Homo sapiens,Bos taurus,Canis lupus familiaris,Sus scrofa	H2AZ2	cerebellum	H2AZ2:cerebellum	variant	H2AZ2:HGNC:20664	7	D	7:D	4	sus_scrofa	Sus scrofa	86.12666666666667	3.9488901394358087	3	present_gold	86.12666666666667	122
4	human,bos_taurus,canis_lupus_familiaris,sus_scrofa	Homo sapiens,Bos taurus,Canis lupus familiaris,Sus scrofa	H2AZ2	cerebral cortex	H2AZ2:cerebral cortex	variant	H2AZ2:HGNC:20664	7	E	7:E	1	human	Homo sapiens	96.916	0.801224063542779	10	present_gold	96.916	123
4	human,bos_taurus,canis_lupus_familiaris,sus_scrofa	Homo sapiens,Bos taurus,Canis lupus familiaris,Sus scrofa	H2AZ2	cerebral cortex	H2AZ2:cerebral cortex	variant	H2AZ2:HGNC:20664	7	E	7:E	2	bos_taurus	Bos taurus	94.375	0.1343502884254424	2	present_gold	94.375	123
4	human,bos_taurus,canis_lupus_familiaris,sus_scrofa	Homo sapiens,Bos taurus,Canis lupus familiaris,Sus scrofa	H2AZ2	cerebral cortex	H2AZ2:cerebral cortex	variant	H2AZ2:HGNC:20664	7	E	7:E	3	canis_lupus_familiaris	Canis lupus familiaris	88.97	0.8768124086713254	2	present_gold	88.97	123
4	human,bos_taurus,canis_lupus_familiaris,sus_scrofa	Homo sapiens,Bos taurus,Canis lupus familiaris,Sus scrofa	H2AZ2	cerebral cortex	H2AZ2:cerebral cortex	variant	H2AZ2:HGNC:20664	7	E	7:E	4	sus_scrofa	Sus scrofa	85.79	0.0	1	present_gold	85.79	123
4	human,bos_taurus,canis_lupus_familiaris,sus_scrofa	Homo sapiens,Bos taurus,Canis lupus familiaris,Sus scrofa	H2AZ2	colon	H2AZ2:colon	variant	H2AZ2:HGNC:20664	7	F	7:F	1	human	Homo sapiens	96.73777777777778	1.1928983762029817	18	present_gold	96.73777777777778	124
4	human,bos_taurus,canis_lupus_familiaris,sus_scrofa	Homo sapiens,Bos taurus,Canis lupus familiaris,Sus scrofa	H2AZ2	colon	H2AZ2:colon	variant	H2AZ2:HGNC:20664	7	F	7:F	2	bos_taurus	Bos taurus	98.23	0.0	1	present_gold	98.23	124
4	human,bos_taurus,canis_lupus_familiaris,sus_scrofa	Homo sapiens,Bos taurus,Canis lupus familiaris,Sus scrofa	H2AZ2	colon	H2AZ2:colon	variant	H2AZ2:HGNC:20664	7	F	7:F	3	canis_lupus_familiaris	Canis lupus familiaris	95.51	1.3293607486307162	2	present_gold	95.51	124
4	human,bos_taurus,canis_lupus_familiaris,sus_scrofa	Homo sapiens,Bos taurus,Canis lupus familiaris,Sus scrofa	H2AZ2	colon	H2AZ2:colon	variant	H2AZ2:HGNC:20664	7	F	7:F	4	sus_scrofa	Sus scrofa	95.32	0.1555634918610497	2	present_gold	95.32	124
4	human,bos_taurus,canis_lupus_familiaris,sus_scrofa	Homo sapiens,Bos taurus,Canis lupus familiaris,Sus scrofa	H2AZ2	frontal cortex	H2AZ2:frontal cortex	variant	H2AZ2:HGNC:20664	7	G	7:G	1	human	Homo sapiens	96.39	0.5283710817219279	26	present_gold	96.39	125
4	human,bos_taurus,canis_lupus_familiaris,sus_scrofa	Homo sapiens,Bos taurus,Canis lupus familiaris,Sus scrofa	H2AZ2	frontal cortex	H2AZ2:frontal cortex	variant	H2AZ2:HGNC:20664	7	G	7:G	2	bos_taurus	Bos taurus	95.0	0.8900000000000006	3	present_gold	95.0	125
4	human,bos_taurus,canis_lupus_familiaris,sus_scrofa	Homo sapiens,Bos taurus,Canis lupus familiaris,Sus scrofa	H2AZ2	frontal cortex	H2AZ2:frontal cortex	variant	H2AZ2:HGNC:20664	7	G	7:G	3	canis_lupus_familiaris	Canis lupus familiaris	91.17666666666666	1.3631336447074194	3	present_gold	91.17666666666666	125
4	human,bos_taurus,canis_lupus_familiaris,sus_scrofa	Homo sapiens,Bos taurus,Canis lupus familiaris,Sus scrofa	H2AZ2	frontal cortex	H2AZ2:frontal cortex	variant	H2AZ2:HGNC:20664	7	G	7:G	4	sus_scrofa	Sus scrofa	83.55999999999999	4.174006867906826	7	present_gold	83.55999999999999	125
4	human,bos_taurus,canis_lupus_familiaris,sus_scrofa	Homo sapiens,Bos taurus,Canis lupus familiaris,Sus scrofa	H2AZ2	heart	H2AZ2:heart	variant	H2AZ2:HGNC:20664	7	H	7:H	1	human	Homo sapiens	97.665625	0.6307135509352365	16	present_gold	97.665625	126
4	human,bos_taurus,canis_lupus_familiaris,sus_scrofa	Homo sapiens,Bos taurus,Canis lupus familiaris,Sus scrofa	H2AZ2	heart	H2AZ2:heart	variant	H2AZ2:HGNC:20664	7	H	7:H	2	bos_taurus	Bos taurus	96.7225	0.5613302652331082	4	present_gold	96.7225	126
4	human,bos_taurus,canis_lupus_familiaris,sus_scrofa	Homo sapiens,Bos taurus,Canis lupus familiaris,Sus scrofa	H2AZ2	heart	H2AZ2:heart	variant	H2AZ2:HGNC:20664	7	H	7:H	3	canis_lupus_familiaris	Canis lupus familiaris	95.94666666666669	2.396525262402487	3	present_gold	95.94666666666669	126
4	human,bos_taurus,canis_lupus_familiaris,sus_scrofa	Homo sapiens,Bos taurus,Canis lupus familiaris,Sus scrofa	H2AZ2	heart	H2AZ2:heart	variant	H2AZ2:HGNC:20664	7	H	7:H	4	sus_scrofa	Sus scrofa	91.58166666666666	7.029937173735389	6	present_gold	91.58166666666666	126
4	human,bos_taurus,canis_lupus_familiaris,sus_scrofa	Homo sapiens,Bos taurus,Canis lupus familiaris,Sus scrofa	H2AZ2	hypothalamus	H2AZ2:hypothalamus	variant	H2AZ2:HGNC:20664	7	I	7:I	1	human	Homo sapiens	96.380625	1.6178976842392296	16	present_gold	96.380625	127
4	human,bos_taurus,canis_lupus_familiaris,sus_scrofa	Homo sapiens,Bos taurus,Canis lupus familiaris,Sus scrofa	H2AZ2	hypothalamus	H2AZ2:hypothalamus	variant	H2AZ2:HGNC:20664	7	I	7:I	2	bos_taurus	Bos taurus	93.55333333333331	0.5054041287260457	3	present_gold	93.55333333333331	127
4	human,bos_taurus,canis_lupus_familiaris,sus_scrofa	Homo sapiens,Bos taurus,Canis lupus familiaris,Sus scrofa	H2AZ2	hypothalamus	H2AZ2:hypothalamus	variant	H2AZ2:HGNC:20664	7	I	7:I	3	canis_lupus_familiaris	Canis lupus familiaris	93.39	0.0	1	present_gold	93.39	127
4	human,bos_taurus,canis_lupus_familiaris,sus_scrofa	Homo sapiens,Bos taurus,Canis lupus familiaris,Sus scrofa	H2AZ2	hypothalamus	H2AZ2:hypothalamus	variant	H2AZ2:HGNC:20664	7	I	7:I	4	sus_scrofa	Sus scrofa	92.265	2.4678026663410573	2	present_gold	92.265	127
4	human,bos_taurus,canis_lupus_familiaris,sus_scrofa	Homo sapiens,Bos taurus,Canis lupus familiaris,Sus scrofa	H2AZ2	kidney	H2AZ2:kidney	variant	H2AZ2:HGNC:20664	7	J	7:J	1	human	Homo sapiens	96.60333333333334	1.2307829486415034	6	present_gold	96.60333333333334	128
4	human,bos_taurus,canis_lupus_familiaris,sus_scrofa	Homo sapiens,Bos taurus,Canis lupus familiaris,Sus scrofa	H2AZ2	kidney	H2AZ2:kidney	variant	H2AZ2:HGNC:20664	7	J	7:J	2	bos_taurus	Bos taurus	96.86	0.0	1	present_gold	96.86	128
4	human,bos_taurus,canis_lupus_familiaris,sus_scrofa	Homo sapiens,Bos taurus,Canis lupus familiaris,Sus scrofa	H2AZ2	kidney	H2AZ2:kidney	variant	H2AZ2:HGNC:20664	7	J	7:J	3	canis_lupus_familiaris	Canis lupus familiaris	92.62	0.0	1	present_gold	92.62	128
4	human,bos_taurus,canis_lupus_familiaris,sus_scrofa	Homo sapiens,Bos taurus,Canis lupus familiaris,Sus scrofa	H2AZ2	kidney	H2AZ2:kidney	variant	H2AZ2:HGNC:20664	7	J	7:J	4	sus_scrofa	Sus scrofa	96.3	0.0	1	present_gold	96.3	128
4	human,bos_taurus,canis_lupus_familiaris,sus_scrofa	Homo sapiens,Bos taurus,Canis lupus familiaris,Sus scrofa	H2AZ2	liver	H2AZ2:liver	variant	H2AZ2:HGNC:20664	7	K	7:K	1	human	Homo sapiens	94.34	2.1571256127288696	23	present_gold	94.34	129
4	human,bos_taurus,canis_lupus_familiaris,sus_scrofa	Homo sapiens,Bos taurus,Canis lupus familiaris,Sus scrofa	H2AZ2	liver	H2AZ2:liver	variant	H2AZ2:HGNC:20664	7	K	7:K	2	bos_taurus	Bos taurus	92.40375	1.3787089371340606	16	present_gold	92.40375	129
4	human,bos_taurus,canis_lupus_familiaris,sus_scrofa	Homo sapiens,Bos taurus,Canis lupus familiaris,Sus scrofa	H2AZ2	liver	H2AZ2:liver	variant	H2AZ2:HGNC:20664	7	K	7:K	3	canis_lupus_familiaris	Canis lupus familiaris	91.80571428571427	4.447766694806347	7	present_gold	91.80571428571427	129
4	human,bos_taurus,canis_lupus_familiaris,sus_scrofa	Homo sapiens,Bos taurus,Canis lupus familiaris,Sus scrofa	H2AZ2	liver	H2AZ2:liver	variant	H2AZ2:HGNC:20664	7	K	7:K	4	sus_scrofa	Sus scrofa	89.56833333333333	7.940958170565226	6	present_gold	89.56833333333333	129
4	human,bos_taurus,canis_lupus_familiaris,sus_scrofa	Homo sapiens,Bos taurus,Canis lupus familiaris,Sus scrofa	H2AZ2	lung	H2AZ2:lung	variant	H2AZ2:HGNC:20664	7	L	7:L	1	human	Homo sapiens	94.42571428571428	3.391434167765269	21	present_gold	94.42571428571428	130
4	human,bos_taurus,canis_lupus_familiaris,sus_scrofa	Homo sapiens,Bos taurus,Canis lupus familiaris,Sus scrofa	H2AZ2	lung	H2AZ2:lung	variant	H2AZ2:HGNC:20664	7	L	7:L	2	bos_taurus	Bos taurus	97.19	0.7034439091593094	7	present_gold	97.19	130
4	human,bos_taurus,canis_lupus_familiaris,sus_scrofa	Homo sapiens,Bos taurus,Canis lupus familiaris,Sus scrofa	H2AZ2	lung	H2AZ2:lung	variant	H2AZ2:HGNC:20664	7	L	7:L	3	canis_lupus_familiaris	Canis lupus familiaris	96.6825	2.097369384093641	4	present_gold	96.6825	130
4	human,bos_taurus,canis_lupus_familiaris,sus_scrofa	Homo sapiens,Bos taurus,Canis lupus familiaris,Sus scrofa	H2AZ2	lung	H2AZ2:lung	variant	H2AZ2:HGNC:20664	7	L	7:L	4	sus_scrofa	Sus scrofa	90.7825	6.756070726884574	4	present_gold	90.7825	130
4	human,bos_taurus,canis_lupus_familiaris,sus_scrofa	Homo sapiens,Bos taurus,Canis lupus familiaris,Sus scrofa	H2AZ2	lymph node	H2AZ2:lymph node	variant	H2AZ2:HGNC:20664	7	M	7:M	1	human	Homo sapiens	94.67	2.347449679971862	6	present_gold	94.67	131
4	human,bos_taurus,canis_lupus_familiaris,sus_scrofa	Homo sapiens,Bos taurus,Canis lupus familiaris,Sus scrofa	H2AZ2	lymph node	H2AZ2:lymph node	variant	H2AZ2:HGNC:20664	7	M	7:M	2	bos_taurus	Bos taurus	98.76	0.2687005768508949	2	present_gold	98.76	131
4	human,bos_taurus,canis_lupus_familiaris,sus_scrofa	Homo sapiens,Bos taurus,Canis lupus familiaris,Sus scrofa	H2AZ2	lymph node	H2AZ2:lymph node	variant	H2AZ2:HGNC:20664	7	M	7:M	3	canis_lupus_familiaris	Canis lupus familiaris	95.175	0.8838834764831844	2	present_gold	95.175	131
4	human,bos_taurus,canis_lupus_familiaris,sus_scrofa	Homo sapiens,Bos taurus,Canis lupus familiaris,Sus scrofa	H2AZ2	lymph node	H2AZ2:lymph node	variant	H2AZ2:HGNC:20664	7	M	7:M	4	sus_scrofa	Sus scrofa	97.23	0.0	1	present_gold	97.23	131
4	human,bos_taurus,canis_lupus_familiaris,sus_scrofa	Homo sapiens,Bos taurus,Canis lupus familiaris,Sus scrofa	H2AZ2	metanephros cortex	H2AZ2:metanephros cortex	variant	H2AZ2:HGNC:20664	7	N	7:N	1	human	Homo sapiens	95.13	0.8626702730475871	2	present_gold	95.13	132
4	human,bos_taurus,canis_lupus_familiaris,sus_scrofa	Homo sapiens,Bos taurus,Canis lupus familiaris,Sus scrofa	H2AZ2	metanephros cortex	H2AZ2:metanephros cortex	variant	H2AZ2:HGNC:20664	7	N	7:N	2	bos_taurus	Bos taurus	96.29	0.0	1	present_gold	96.29	132
4	human,bos_taurus,canis_lupus_familiaris,sus_scrofa	Homo sapiens,Bos taurus,Canis lupus familiaris,Sus scrofa	H2AZ2	metanephros cortex	H2AZ2:metanephros cortex	variant	H2AZ2:HGNC:20664	7	N	7:N	3	canis_lupus_familiaris	Canis lupus familiaris	90.73	0.0	1	present_gold	90.73	132
4	human,bos_taurus,canis_lupus_familiaris,sus_scrofa	Homo sapiens,Bos taurus,Canis lupus familiaris,Sus scrofa	H2AZ2	metanephros cortex	H2AZ2:metanephros cortex	variant	H2AZ2:HGNC:20664	7	N	7:N	4	sus_scrofa	Sus scrofa	95.22	0.1838477631084959	2	present_gold	95.22	132
4	human,bos_taurus,canis_lupus_familiaris,sus_scrofa	Homo sapiens,Bos taurus,Canis lupus familiaris,Sus scrofa	H2AZ2	ovary	H2AZ2:ovary	variant	H2AZ2:HGNC:20664	7	O	7:O	1	human	Homo sapiens	95.04636363636364	1.4375692868677508	11	present_gold	95.04636363636364	133
4	human,bos_taurus,canis_lupus_familiaris,sus_scrofa	Homo sapiens,Bos taurus,Canis lupus familiaris,Sus scrofa	H2AZ2	ovary	H2AZ2:ovary	variant	H2AZ2:HGNC:20664	7	O	7:O	2	bos_taurus	Bos taurus	98.525	0.2095232683975716	4	present_gold	98.525	133
4	human,bos_taurus,canis_lupus_familiaris,sus_scrofa	Homo sapiens,Bos taurus,Canis lupus familiaris,Sus scrofa	H2AZ2	ovary	H2AZ2:ovary	variant	H2AZ2:HGNC:20664	7	O	7:O	3	canis_lupus_familiaris	Canis lupus familiaris	90.55	0.0	1	present_gold	90.55	133
4	human,bos_taurus,canis_lupus_familiaris,sus_scrofa	Homo sapiens,Bos taurus,Canis lupus familiaris,Sus scrofa	H2AZ2	ovary	H2AZ2:ovary	variant	H2AZ2:HGNC:20664	7	O	7:O	4	sus_scrofa	Sus scrofa	89.17	2.5263214363971973	3	present_gold	89.17	133
4	human,bos_taurus,canis_lupus_familiaris,sus_scrofa	Homo sapiens,Bos taurus,Canis lupus familiaris,Sus scrofa	H2AZ2	pituitary gland	H2AZ2:pituitary gland	variant	H2AZ2:HGNC:20664	7	P	7:P	1	human	Homo sapiens	93.9976923076923	1.940206835392188	13	present_gold	93.9976923076923	134
4	human,bos_taurus,canis_lupus_familiaris,sus_scrofa	Homo sapiens,Bos taurus,Canis lupus familiaris,Sus scrofa	H2AZ2	pituitary gland	H2AZ2:pituitary gland	variant	H2AZ2:HGNC:20664	7	P	7:P	2	bos_taurus	Bos taurus	96.87833333333332	0.2355773050755689	6	present_gold	96.87833333333332	134
4	human,bos_taurus,canis_lupus_familiaris,sus_scrofa	Homo sapiens,Bos taurus,Canis lupus familiaris,Sus scrofa	H2AZ2	pituitary gland	H2AZ2:pituitary gland	variant	H2AZ2:HGNC:20664	7	P	7:P	3	canis_lupus_familiaris	Canis lupus familiaris	93.39666666666666	0.8707659463560408	3	present_gold	93.39666666666666	134
4	human,bos_taurus,canis_lupus_familiaris,sus_scrofa	Homo sapiens,Bos taurus,Canis lupus familiaris,Sus scrofa	H2AZ2	pituitary gland	H2AZ2:pituitary gland	variant	H2AZ2:HGNC:20664	7	P	7:P	4	sus_scrofa	Sus scrofa	90.17	4.016366517139595	2	present_gold	90.17	134
4	human,bos_taurus,canis_lupus_familiaris,sus_scrofa	Homo sapiens,Bos taurus,Canis lupus familiaris,Sus scrofa	H2AZ2	prefrontal cortex	H2AZ2:prefrontal cortex	variant	H2AZ2:HGNC:20664	7	Q	7:Q	1	human	Homo sapiens	96.373	0.9691353534637652	10	present_gold	96.373	135
4	human,bos_taurus,canis_lupus_familiaris,sus_scrofa	Homo sapiens,Bos taurus,Canis lupus familiaris,Sus scrofa	H2AZ2	prefrontal cortex	H2AZ2:prefrontal cortex	variant	H2AZ2:HGNC:20664	7	Q	7:Q	2	bos_taurus	Bos taurus	91.61	0.0	1	present_gold	91.61	135
4	human,bos_taurus,canis_lupus_familiaris,sus_scrofa	Homo sapiens,Bos taurus,Canis lupus familiaris,Sus scrofa	H2AZ2	prefrontal cortex	H2AZ2:prefrontal cortex	variant	H2AZ2:HGNC:20664	7	Q	7:Q	3	canis_lupus_familiaris	Canis lupus familiaris	87.75	0.0	1	present_gold	87.75	135
4	human,bos_taurus,canis_lupus_familiaris,sus_scrofa	Homo sapiens,Bos taurus,Canis lupus familiaris,Sus scrofa	H2AZ2	prefrontal cortex	H2AZ2:prefrontal cortex	variant	H2AZ2:HGNC:20664	7	Q	7:Q	4	sus_scrofa	Sus scrofa	83.66	0.0	1	present_gold	83.66	135
4	human,bos_taurus,canis_lupus_familiaris,sus_scrofa	Homo sapiens,Bos taurus,Canis lupus familiaris,Sus scrofa	H2AZ2	skeletal muscle tissue	H2AZ2:skeletal muscle tissue	variant	H2AZ2:HGNC:20664	7	R	7:R	1	human	Homo sapiens	94.86117647058823	1.6892227589669049	17	present_gold	94.86117647058823	136
4	human,bos_taurus,canis_lupus_familiaris,sus_scrofa	Homo sapiens,Bos taurus,Canis lupus familiaris,Sus scrofa	H2AZ2	skeletal muscle tissue	H2AZ2:skeletal muscle tissue	variant	H2AZ2:HGNC:20664	7	R	7:R	2	bos_taurus	Bos taurus	97.01	1.0302426898551595	4	present_gold	97.01	136
4	human,bos_taurus,canis_lupus_familiaris,sus_scrofa	Homo sapiens,Bos taurus,Canis lupus familiaris,Sus scrofa	H2AZ2	skeletal muscle tissue	H2AZ2:skeletal muscle tissue	variant	H2AZ2:HGNC:20664	7	R	7:R	3	canis_lupus_familiaris	Canis lupus familiaris	93.575	0.3323401871576765	2	present_gold	93.575	136
4	human,bos_taurus,canis_lupus_familiaris,sus_scrofa	Homo sapiens,Bos taurus,Canis lupus familiaris,Sus scrofa	H2AZ2	skeletal muscle tissue	H2AZ2:skeletal muscle tissue	variant	H2AZ2:HGNC:20664	7	R	7:R	4	sus_scrofa	Sus scrofa	96.48	0.4384062043356627	2	present_gold	96.48	136
4	human,bos_taurus,canis_lupus_familiaris,sus_scrofa	Homo sapiens,Bos taurus,Canis lupus familiaris,Sus scrofa	H2AZ2	spleen	H2AZ2:spleen	variant	H2AZ2:HGNC:20664	7	S	7:S	1	human	Homo sapiens	96.385	0.3858756276314958	12	present_gold	96.385	137
4	human,bos_taurus,canis_lupus_familiaris,sus_scrofa	Homo sapiens,Bos taurus,Canis lupus familiaris,Sus scrofa	H2AZ2	spleen	H2AZ2:spleen	variant	H2AZ2:HGNC:20664	7	S	7:S	2	bos_taurus	Bos taurus	98.328	0.1876699230031294	5	present_gold	98.328	137
4	human,bos_taurus,canis_lupus_familiaris,sus_scrofa	Homo sapiens,Bos taurus,Canis lupus familiaris,Sus scrofa	H2AZ2	spleen	H2AZ2:spleen	variant	H2AZ2:HGNC:20664	7	S	7:S	3	canis_lupus_familiaris	Canis lupus familiaris	94.05	2.008382433701315	3	present_gold	94.05	137
4	human,bos_taurus,canis_lupus_familiaris,sus_scrofa	Homo sapiens,Bos taurus,Canis lupus familiaris,Sus scrofa	H2AZ2	spleen	H2AZ2:spleen	variant	H2AZ2:HGNC:20664	7	S	7:S	4	sus_scrofa	Sus scrofa	93.67285714285715	6.981572684063179	7	present_gold	93.67285714285715	137
4	human,bos_taurus,canis_lupus_familiaris,sus_scrofa	Homo sapiens,Bos taurus,Canis lupus familiaris,Sus scrofa	H2AZ2	testis	H2AZ2:testis	variant	H2AZ2:HGNC:20664	7	T	7:T	1	human	Homo sapiens	95.85769230769232	1.368735145101455	13	present_gold	95.85769230769232	138
4	human,bos_taurus,canis_lupus_familiaris,sus_scrofa	Homo sapiens,Bos taurus,Canis lupus familiaris,Sus scrofa	H2AZ2	testis	H2AZ2:testis	variant	H2AZ2:HGNC:20664	7	T	7:T	2	bos_taurus	Bos taurus	94.785	2.940249989371653	6	present_gold	94.785	138
4	human,bos_taurus,canis_lupus_familiaris,sus_scrofa	Homo sapiens,Bos taurus,Canis lupus familiaris,Sus scrofa	H2AZ2	testis	H2AZ2:testis	variant	H2AZ2:HGNC:20664	7	T	7:T	3	canis_lupus_familiaris	Canis lupus familiaris	96.764	0.8937461732629801	10	present_gold	96.764	138
4	human,bos_taurus,canis_lupus_familiaris,sus_scrofa	Homo sapiens,Bos taurus,Canis lupus familiaris,Sus scrofa	H2AZ2	testis	H2AZ2:testis	variant	H2AZ2:HGNC:20664	7	T	7:T	4	sus_scrofa	Sus scrofa	87.11333333333334	5.269803917920792	3	present_gold	87.11333333333334	138
4	human,bos_taurus,canis_lupus_familiaris,sus_scrofa	Homo sapiens,Bos taurus,Canis lupus familiaris,Sus scrofa	MACROH2A1	adipose tissue	MACROH2A1:adipose tissue	variant	MACROH2A1:HGNC:4740	8	A	8:A	1	human	Homo sapiens	96.91529411764704	0.1651558978306123	17	present_gold	96.91529411764704	139
4	human,bos_taurus,canis_lupus_familiaris,sus_scrofa	Homo sapiens,Bos taurus,Canis lupus familiaris,Sus scrofa	MACROH2A1	adipose tissue	MACROH2A1:adipose tissue	variant	MACROH2A1:HGNC:4740	8	A	8:A	2	bos_taurus	Bos taurus	86.75	2.2763655242513217	6	present_gold	86.75	139
4	human,bos_taurus,canis_lupus_familiaris,sus_scrofa	Homo sapiens,Bos taurus,Canis lupus familiaris,Sus scrofa	MACROH2A1	adipose tissue	MACROH2A1:adipose tissue	variant	MACROH2A1:HGNC:4740	8	A	8:A	3	canis_lupus_familiaris	Canis lupus familiaris	90.33	0.0	1	present_gold	90.33	139
4	human,bos_taurus,canis_lupus_familiaris,sus_scrofa	Homo sapiens,Bos taurus,Canis lupus familiaris,Sus scrofa	MACROH2A1	adipose tissue	MACROH2A1:adipose tissue	variant	MACROH2A1:HGNC:4740	8	A	8:A	4	sus_scrofa	Sus scrofa	91.825	1.9162593770155492	2	present_gold	91.825	139
4	human,bos_taurus,canis_lupus_familiaris,sus_scrofa	Homo sapiens,Bos taurus,Canis lupus familiaris,Sus scrofa	MACROH2A1	adult mammalian kidney	MACROH2A1:adult mammalian kidney	variant	MACROH2A1:HGNC:4740	8	B	8:B	1	human	Homo sapiens	94.45538461538462	2.0831331185845	13	present_gold	94.45538461538462	140
4	human,bos_taurus,canis_lupus_familiaris,sus_scrofa	Homo sapiens,Bos taurus,Canis lupus familiaris,Sus scrofa	MACROH2A1	adult mammalian kidney	MACROH2A1:adult mammalian kidney	variant	MACROH2A1:HGNC:4740	8	B	8:B	2	bos_taurus	Bos taurus	92.4525	0.8610216799438514	4	present_gold	92.4525	140
4	human,bos_taurus,canis_lupus_familiaris,sus_scrofa	Homo sapiens,Bos taurus,Canis lupus familiaris,Sus scrofa	MACROH2A1	adult mammalian kidney	MACROH2A1:adult mammalian kidney	variant	MACROH2A1:HGNC:4740	8	B	8:B	3	canis_lupus_familiaris	Canis lupus familiaris	95.15333333333332	3.6102954634397104	3	present_gold	95.15333333333332	140
4	human,bos_taurus,canis_lupus_familiaris,sus_scrofa	Homo sapiens,Bos taurus,Canis lupus familiaris,Sus scrofa	MACROH2A1	adult mammalian kidney	MACROH2A1:adult mammalian kidney	variant	MACROH2A1:HGNC:4740	8	B	8:B	4	sus_scrofa	Sus scrofa	93.8425	3.0444854518730526	4	present_gold	93.8425	140
4	human,bos_taurus,canis_lupus_familiaris,sus_scrofa	Homo sapiens,Bos taurus,Canis lupus familiaris,Sus scrofa	MACROH2A1	blood	MACROH2A1:blood	variant	MACROH2A1:HGNC:4740	8	C	8:C	1	human	Homo sapiens	98.69128205128206	0.3293868265603089	39	present_gold	98.69128205128206	141
4	human,bos_taurus,canis_lupus_familiaris,sus_scrofa	Homo sapiens,Bos taurus,Canis lupus familiaris,Sus scrofa	MACROH2A1	blood	MACROH2A1:blood	variant	MACROH2A1:HGNC:4740	8	C	8:C	2	bos_taurus	Bos taurus	89.61	0.1812916618784942	4	present_gold	89.61	141
4	human,bos_taurus,canis_lupus_familiaris,sus_scrofa	Homo sapiens,Bos taurus,Canis lupus familiaris,Sus scrofa	MACROH2A1	blood	MACROH2A1:blood	variant	MACROH2A1:HGNC:4740	8	C	8:C	3	canis_lupus_familiaris	Canis lupus familiaris	95.09	0.0	1	present_gold	95.09	141
4	human,bos_taurus,canis_lupus_familiaris,sus_scrofa	Homo sapiens,Bos taurus,Canis lupus familiaris,Sus scrofa	MACROH2A1	blood	MACROH2A1:blood	variant	MACROH2A1:HGNC:4740	8	C	8:C	4	sus_scrofa	Sus scrofa	96.26333333333334	0.2814841617806122	3	present_gold	96.26333333333334	141
4	human,bos_taurus,canis_lupus_familiaris,sus_scrofa	Homo sapiens,Bos taurus,Canis lupus familiaris,Sus scrofa	MACROH2A1	cerebellum	MACROH2A1:cerebellum	variant	MACROH2A1:HGNC:4740	8	D	8:D	1	human	Homo sapiens	97.26352941176472	0.5619935628687226	17	present_gold	97.26352941176472	142
4	human,bos_taurus,canis_lupus_familiaris,sus_scrofa	Homo sapiens,Bos taurus,Canis lupus familiaris,Sus scrofa	MACROH2A1	cerebellum	MACROH2A1:cerebellum	variant	MACROH2A1:HGNC:4740	8	D	8:D	2	bos_taurus	Bos taurus	89.93333333333334	0.8292365967161214	3	present_gold	89.93333333333334	142
4	human,bos_taurus,canis_lupus_familiaris,sus_scrofa	Homo sapiens,Bos taurus,Canis lupus familiaris,Sus scrofa	MACROH2A1	cerebellum	MACROH2A1:cerebellum	variant	MACROH2A1:HGNC:4740	8	D	8:D	3	canis_lupus_familiaris	Canis lupus familiaris	96.715	0.8387490685538758	4	present_gold	96.715	142
4	human,bos_taurus,canis_lupus_familiaris,sus_scrofa	Homo sapiens,Bos taurus,Canis lupus familiaris,Sus scrofa	MACROH2A1	cerebellum	MACROH2A1:cerebellum	variant	MACROH2A1:HGNC:4740	8	D	8:D	4	sus_scrofa	Sus scrofa	92.13333333333333	2.3644097219672706	3	present_gold	92.13333333333333	142
4	human,bos_taurus,canis_lupus_familiaris,sus_scrofa	Homo sapiens,Bos taurus,Canis lupus familiaris,Sus scrofa	MACROH2A1	cerebral cortex	MACROH2A1:cerebral cortex	variant	MACROH2A1:HGNC:4740	8	E	8:E	1	human	Homo sapiens	96.469	1.1789020315530894	10	present_gold	96.469	143
4	human,bos_taurus,canis_lupus_familiaris,sus_scrofa	Homo sapiens,Bos taurus,Canis lupus familiaris,Sus scrofa	MACROH2A1	cerebral cortex	MACROH2A1:cerebral cortex	variant	MACROH2A1:HGNC:4740	8	E	8:E	2	bos_taurus	Bos taurus	89.815	0.3181980515339484	2	present_gold	89.815	143
4	human,bos_taurus,canis_lupus_familiaris,sus_scrofa	Homo sapiens,Bos taurus,Canis lupus familiaris,Sus scrofa	MACROH2A1	cerebral cortex	MACROH2A1:cerebral cortex	variant	MACROH2A1:HGNC:4740	8	E	8:E	3	canis_lupus_familiaris	Canis lupus familiaris	94.525	0.3606244584051428	2	present_gold	94.525	143
4	human,bos_taurus,canis_lupus_familiaris,sus_scrofa	Homo sapiens,Bos taurus,Canis lupus familiaris,Sus scrofa	MACROH2A1	cerebral cortex	MACROH2A1:cerebral cortex	variant	MACROH2A1:HGNC:4740	8	E	8:E	4	sus_scrofa	Sus scrofa	91.25	0.0	1	present_gold	91.25	143
4	human,bos_taurus,canis_lupus_familiaris,sus_scrofa	Homo sapiens,Bos taurus,Canis lupus familiaris,Sus scrofa	MACROH2A1	colon	MACROH2A1:colon	variant	MACROH2A1:HGNC:4740	8	F	8:F	1	human	Homo sapiens	97.43055555555556	0.5439341679697717	18	present_gold	97.43055555555556	144
4	human,bos_taurus,canis_lupus_familiaris,sus_scrofa	Homo sapiens,Bos taurus,Canis lupus familiaris,Sus scrofa	MACROH2A1	colon	MACROH2A1:colon	variant	MACROH2A1:HGNC:4740	8	F	8:F	2	bos_taurus	Bos taurus	91.08	0.0	1	present_gold	91.08	144
4	human,bos_taurus,canis_lupus_familiaris,sus_scrofa	Homo sapiens,Bos taurus,Canis lupus familiaris,Sus scrofa	MACROH2A1	colon	MACROH2A1:colon	variant	MACROH2A1:HGNC:4740	8	F	8:F	3	canis_lupus_familiaris	Canis lupus familiaris	95.305	2.665792565073281	2	present_gold	95.305	144
4	human,bos_taurus,canis_lupus_familiaris,sus_scrofa	Homo sapiens,Bos taurus,Canis lupus familiaris,Sus scrofa	MACROH2A1	colon	MACROH2A1:colon	variant	MACROH2A1:HGNC:4740	8	F	8:F	4	sus_scrofa	Sus scrofa	94.455	0.5020458146424543	2	present_gold	94.455	144
4	human,bos_taurus,canis_lupus_familiaris,sus_scrofa	Homo sapiens,Bos taurus,Canis lupus familiaris,Sus scrofa	MACROH2A1	frontal cortex	MACROH2A1:frontal cortex	variant	MACROH2A1:HGNC:4740	8	G	8:G	1	human	Homo sapiens	95.45846153846152	1.117571267732641	26	present_gold	95.45846153846152	145
4	human,bos_taurus,canis_lupus_familiaris,sus_scrofa	Homo sapiens,Bos taurus,Canis lupus familiaris,Sus scrofa	MACROH2A1	frontal cortex	MACROH2A1:frontal cortex	variant	MACROH2A1:HGNC:4740	8	G	8:G	2	bos_taurus	Bos taurus	90.08333333333331	0.5108163401197454	3	present_gold	90.08333333333331	145
4	human,bos_taurus,canis_lupus_familiaris,sus_scrofa	Homo sapiens,Bos taurus,Canis lupus familiaris,Sus scrofa	MACROH2A1	frontal cortex	MACROH2A1:frontal cortex	variant	MACROH2A1:HGNC:4740	8	G	8:G	3	canis_lupus_familiaris	Canis lupus familiaris	94.1	0.5002999100539596	3	present_gold	94.1	145
4	human,bos_taurus,canis_lupus_familiaris,sus_scrofa	Homo sapiens,Bos taurus,Canis lupus familiaris,Sus scrofa	MACROH2A1	frontal cortex	MACROH2A1:frontal cortex	variant	MACROH2A1:HGNC:4740	8	G	8:G	4	sus_scrofa	Sus scrofa	93.96428571428572	2.2748542601146795	7	present_gold	93.96428571428572	145
4	human,bos_taurus,canis_lupus_familiaris,sus_scrofa	Homo sapiens,Bos taurus,Canis lupus familiaris,Sus scrofa	MACROH2A1	heart	MACROH2A1:heart	variant	MACROH2A1:HGNC:4740	8	H	8:H	1	human	Homo sapiens	96.154	1.471659898598467	15	present_gold	96.154	146
4	human,bos_taurus,canis_lupus_familiaris,sus_scrofa	Homo sapiens,Bos taurus,Canis lupus familiaris,Sus scrofa	MACROH2A1	heart	MACROH2A1:heart	variant	MACROH2A1:HGNC:4740	8	H	8:H	2	bos_taurus	Bos taurus	87.745	0.3786379097061791	4	present_gold	87.745	146
4	human,bos_taurus,canis_lupus_familiaris,sus_scrofa	Homo sapiens,Bos taurus,Canis lupus familiaris,Sus scrofa	MACROH2A1	heart	MACROH2A1:heart	variant	MACROH2A1:HGNC:4740	8	H	8:H	3	canis_lupus_familiaris	Canis lupus familiaris	91.7	2.1120369314952816	3	present_gold	91.7	146
4	human,bos_taurus,canis_lupus_familiaris,sus_scrofa	Homo sapiens,Bos taurus,Canis lupus familiaris,Sus scrofa	MACROH2A1	heart	MACROH2A1:heart	variant	MACROH2A1:HGNC:4740	8	H	8:H	4	sus_scrofa	Sus scrofa	95.97833333333334	1.5128306801049054	6	present_gold	95.97833333333334	146
4	human,bos_taurus,canis_lupus_familiaris,sus_scrofa	Homo sapiens,Bos taurus,Canis lupus familiaris,Sus scrofa	MACROH2A1	hypothalamus	MACROH2A1:hypothalamus	variant	MACROH2A1:HGNC:4740	8	I	8:I	1	human	Homo sapiens	96.5029411764706	0.4295748582302385	17	present_gold	96.5029411764706	147
4	human,bos_taurus,canis_lupus_familiaris,sus_scrofa	Homo sapiens,Bos taurus,Canis lupus familiaris,Sus scrofa	MACROH2A1	hypothalamus	MACROH2A1:hypothalamus	variant	MACROH2A1:HGNC:4740	8	I	8:I	2	bos_taurus	Bos taurus	89.38666666666666	1.7566255529660624	3	present_gold	89.38666666666666	147
4	human,bos_taurus,canis_lupus_familiaris,sus_scrofa	Homo sapiens,Bos taurus,Canis lupus familiaris,Sus scrofa	MACROH2A1	hypothalamus	MACROH2A1:hypothalamus	variant	MACROH2A1:HGNC:4740	8	I	8:I	3	canis_lupus_familiaris	Canis lupus familiaris	95.43	0.0	1	present_gold	95.43	147
4	human,bos_taurus,canis_lupus_familiaris,sus_scrofa	Homo sapiens,Bos taurus,Canis lupus familiaris,Sus scrofa	MACROH2A1	hypothalamus	MACROH2A1:hypothalamus	variant	MACROH2A1:HGNC:4740	8	I	8:I	4	sus_scrofa	Sus scrofa	96.055	1.1525840533340792	2	present_gold	96.055	147
4	human,bos_taurus,canis_lupus_familiaris,sus_scrofa	Homo sapiens,Bos taurus,Canis lupus familiaris,Sus scrofa	MACROH2A1	kidney	MACROH2A1:kidney	variant	MACROH2A1:HGNC:4740	8	J	8:J	1	human	Homo sapiens	94.64666666666666	0.4657323981286533	6	present_gold	94.64666666666666	148
4	human,bos_taurus,canis_lupus_familiaris,sus_scrofa	Homo sapiens,Bos taurus,Canis lupus familiaris,Sus scrofa	MACROH2A1	kidney	MACROH2A1:kidney	variant	MACROH2A1:HGNC:4740	8	J	8:J	2	bos_taurus	Bos taurus	92.97	0.0	1	present_gold	92.97	148
4	human,bos_taurus,canis_lupus_familiaris,sus_scrofa	Homo sapiens,Bos taurus,Canis lupus familiaris,Sus scrofa	MACROH2A1	kidney	MACROH2A1:kidney	variant	MACROH2A1:HGNC:4740	8	J	8:J	3	canis_lupus_familiaris	Canis lupus familiaris	94.22	0.0	1	present_gold	94.22	148
4	human,bos_taurus,canis_lupus_familiaris,sus_scrofa	Homo sapiens,Bos taurus,Canis lupus familiaris,Sus scrofa	MACROH2A1	kidney	MACROH2A1:kidney	variant	MACROH2A1:HGNC:4740	8	J	8:J	4	sus_scrofa	Sus scrofa	95.72	0.0	1	present_gold	95.72	148
4	human,bos_taurus,canis_lupus_familiaris,sus_scrofa	Homo sapiens,Bos taurus,Canis lupus familiaris,Sus scrofa	MACROH2A1	liver	MACROH2A1:liver	variant	MACROH2A1:HGNC:4740	8	K	8:K	1	human	Homo sapiens	94.20565217391304	1.8837844551640692	23	present_gold	94.20565217391304	149
4	human,bos_taurus,canis_lupus_familiaris,sus_scrofa	Homo sapiens,Bos taurus,Canis lupus familiaris,Sus scrofa	MACROH2A1	liver	MACROH2A1:liver	variant	MACROH2A1:HGNC:4740	8	K	8:K	2	bos_taurus	Bos taurus	83.904375	1.802716353173733	16	present_gold	83.904375	149
4	human,bos_taurus,canis_lupus_familiaris,sus_scrofa	Homo sapiens,Bos taurus,Canis lupus familiaris,Sus scrofa	MACROH2A1	liver	MACROH2A1:liver	variant	MACROH2A1:HGNC:4740	8	K	8:K	3	canis_lupus_familiaris	Canis lupus familiaris	94.01142857142858	1.2724704131652544	7	present_gold	94.01142857142858	149
4	human,bos_taurus,canis_lupus_familiaris,sus_scrofa	Homo sapiens,Bos taurus,Canis lupus familiaris,Sus scrofa	MACROH2A1	liver	MACROH2A1:liver	variant	MACROH2A1:HGNC:4740	8	K	8:K	4	sus_scrofa	Sus scrofa	91.135	1.6166477662125434	6	present_gold	91.135	149
4	human,bos_taurus,canis_lupus_familiaris,sus_scrofa	Homo sapiens,Bos taurus,Canis lupus familiaris,Sus scrofa	MACROH2A1	lung	MACROH2A1:lung	variant	MACROH2A1:HGNC:4740	8	L	8:L	1	human	Homo sapiens	97.9531818181818	0.4985348663704618	22	present_gold	97.9531818181818	150
4	human,bos_taurus,canis_lupus_familiaris,sus_scrofa	Homo sapiens,Bos taurus,Canis lupus familiaris,Sus scrofa	MACROH2A1	lung	MACROH2A1:lung	variant	MACROH2A1:HGNC:4740	8	L	8:L	2	bos_taurus	Bos taurus	88.85714285714286	1.0352731408620992	7	present_gold	88.85714285714286	150
4	human,bos_taurus,canis_lupus_familiaris,sus_scrofa	Homo sapiens,Bos taurus,Canis lupus familiaris,Sus scrofa	MACROH2A1	lung	MACROH2A1:lung	variant	MACROH2A1:HGNC:4740	8	L	8:L	3	canis_lupus_familiaris	Canis lupus familiaris	95.5725	2.561085381890522	4	present_gold	95.5725	150
4	human,bos_taurus,canis_lupus_familiaris,sus_scrofa	Homo sapiens,Bos taurus,Canis lupus familiaris,Sus scrofa	MACROH2A1	lung	MACROH2A1:lung	variant	MACROH2A1:HGNC:4740	8	L	8:L	4	sus_scrofa	Sus scrofa	94.0075	1.1698254855604182	4	present_gold	94.0075	150
4	human,bos_taurus,canis_lupus_familiaris,sus_scrofa	Homo sapiens,Bos taurus,Canis lupus familiaris,Sus scrofa	MACROH2A1	lymph node	MACROH2A1:lymph node	variant	MACROH2A1:HGNC:4740	8	M	8:M	1	human	Homo sapiens	97.60666666666668	0.9004813527589932	6	present_gold	97.60666666666668	151
4	human,bos_taurus,canis_lupus_familiaris,sus_scrofa	Homo sapiens,Bos taurus,Canis lupus familiaris,Sus scrofa	MACROH2A1	lymph node	MACROH2A1:lymph node	variant	MACROH2A1:HGNC:4740	8	M	8:M	2	bos_taurus	Bos taurus	90.245	0.1343502884254424	2	present_gold	90.245	151
4	human,bos_taurus,canis_lupus_familiaris,sus_scrofa	Homo sapiens,Bos taurus,Canis lupus familiaris,Sus scrofa	MACROH2A1	lymph node	MACROH2A1:lymph node	variant	MACROH2A1:HGNC:4740	8	M	8:M	3	canis_lupus_familiaris	Canis lupus familiaris	92.77	1.9657568516986028	2	present_gold	92.77	151
4	human,bos_taurus,canis_lupus_familiaris,sus_scrofa	Homo sapiens,Bos taurus,Canis lupus familiaris,Sus scrofa	MACROH2A1	lymph node	MACROH2A1:lymph node	variant	MACROH2A1:HGNC:4740	8	M	8:M	4	sus_scrofa	Sus scrofa	96.53	0.0	1	present_gold	96.53	151
4	human,bos_taurus,canis_lupus_familiaris,sus_scrofa	Homo sapiens,Bos taurus,Canis lupus familiaris,Sus scrofa	MACROH2A1	metanephros cortex	MACROH2A1:metanephros cortex	variant	MACROH2A1:HGNC:4740	8	N	8:N	1	human	Homo sapiens	96.605	1.0111626970967578	2	present_gold	96.605	152
4	human,bos_taurus,canis_lupus_familiaris,sus_scrofa	Homo sapiens,Bos taurus,Canis lupus familiaris,Sus scrofa	MACROH2A1	metanephros cortex	MACROH2A1:metanephros cortex	variant	MACROH2A1:HGNC:4740	8	N	8:N	2	bos_taurus	Bos taurus	93.37	0.0	1	present_gold	93.37	152
4	human,bos_taurus,canis_lupus_familiaris,sus_scrofa	Homo sapiens,Bos taurus,Canis lupus familiaris,Sus scrofa	MACROH2A1	metanephros cortex	MACROH2A1:metanephros cortex	variant	MACROH2A1:HGNC:4740	8	N	8:N	3	canis_lupus_familiaris	Canis lupus familiaris	94.11	0.0	1	present_gold	94.11	152
4	human,bos_taurus,canis_lupus_familiaris,sus_scrofa	Homo sapiens,Bos taurus,Canis lupus familiaris,Sus scrofa	MACROH2A1	metanephros cortex	MACROH2A1:metanephros cortex	variant	MACROH2A1:HGNC:4740	8	N	8:N	4	sus_scrofa	Sus scrofa	92.245	0.007071067811869	2	present_gold	92.245	152
4	human,bos_taurus,canis_lupus_familiaris,sus_scrofa	Homo sapiens,Bos taurus,Canis lupus familiaris,Sus scrofa	MACROH2A1	ovary	MACROH2A1:ovary	variant	MACROH2A1:HGNC:4740	8	O	8:O	1	human	Homo sapiens	97.1818181818182	1.5581451677030491	11	present_gold	97.1818181818182	153
4	human,bos_taurus,canis_lupus_familiaris,sus_scrofa	Homo sapiens,Bos taurus,Canis lupus familiaris,Sus scrofa	MACROH2A1	ovary	MACROH2A1:ovary	variant	MACROH2A1:HGNC:4740	8	O	8:O	2	bos_taurus	Bos taurus	88.88	0.9690889192088316	4	present_gold	88.88	153
4	human,bos_taurus,canis_lupus_familiaris,sus_scrofa	Homo sapiens,Bos taurus,Canis lupus familiaris,Sus scrofa	MACROH2A1	ovary	MACROH2A1:ovary	variant	MACROH2A1:HGNC:4740	8	O	8:O	3	canis_lupus_familiaris	Canis lupus familiaris	94.95	0.0	1	present_gold	94.95	153
4	human,bos_taurus,canis_lupus_familiaris,sus_scrofa	Homo sapiens,Bos taurus,Canis lupus familiaris,Sus scrofa	MACROH2A1	ovary	MACROH2A1:ovary	variant	MACROH2A1:HGNC:4740	8	O	8:O	4	sus_scrofa	Sus scrofa	95.19333333333334	1.654700375697464	3	present_gold	95.19333333333334	153
4	human,bos_taurus,canis_lupus_familiaris,sus_scrofa	Homo sapiens,Bos taurus,Canis lupus familiaris,Sus scrofa	MACROH2A1	pituitary gland	MACROH2A1:pituitary gland	variant	MACROH2A1:HGNC:4740	8	P	8:P	1	human	Homo sapiens	97.82857142857142	0.3782928686950024	14	present_gold	97.82857142857142	154
4	human,bos_taurus,canis_lupus_familiaris,sus_scrofa	Homo sapiens,Bos taurus,Canis lupus familiaris,Sus scrofa	MACROH2A1	pituitary gland	MACROH2A1:pituitary gland	variant	MACROH2A1:HGNC:4740	8	P	8:P	2	bos_taurus	Bos taurus	93.35333333333334	1.3755823009426462	6	present_gold	93.35333333333334	154
4	human,bos_taurus,canis_lupus_familiaris,sus_scrofa	Homo sapiens,Bos taurus,Canis lupus familiaris,Sus scrofa	MACROH2A1	pituitary gland	MACROH2A1:pituitary gland	variant	MACROH2A1:HGNC:4740	8	P	8:P	3	canis_lupus_familiaris	Canis lupus familiaris	97.65	0.59573484034426	3	present_gold	97.65	154
4	human,bos_taurus,canis_lupus_familiaris,sus_scrofa	Homo sapiens,Bos taurus,Canis lupus familiaris,Sus scrofa	MACROH2A1	pituitary gland	MACROH2A1:pituitary gland	variant	MACROH2A1:HGNC:4740	8	P	8:P	4	sus_scrofa	Sus scrofa	93.115	0.289913780286482	2	present_gold	93.115	154
4	human,bos_taurus,canis_lupus_familiaris,sus_scrofa	Homo sapiens,Bos taurus,Canis lupus familiaris,Sus scrofa	MACROH2A1	prefrontal cortex	MACROH2A1:prefrontal cortex	variant	MACROH2A1:HGNC:4740	8	Q	8:Q	1	human	Homo sapiens	96.13	0.7423835486682985	10	present_gold	96.13	155
4	human,bos_taurus,canis_lupus_familiaris,sus_scrofa	Homo sapiens,Bos taurus,Canis lupus familiaris,Sus scrofa	MACROH2A1	prefrontal cortex	MACROH2A1:prefrontal cortex	variant	MACROH2A1:HGNC:4740	8	Q	8:Q	2	bos_taurus	Bos taurus	86.41	0.0	1	present_gold	86.41	155
4	human,bos_taurus,canis_lupus_familiaris,sus_scrofa	Homo sapiens,Bos taurus,Canis lupus familiaris,Sus scrofa	MACROH2A1	prefrontal cortex	MACROH2A1:prefrontal cortex	variant	MACROH2A1:HGNC:4740	8	Q	8:Q	3	canis_lupus_familiaris	Canis lupus familiaris	93.9	0.0	1	present_gold	93.9	155
4	human,bos_taurus,canis_lupus_familiaris,sus_scrofa	Homo sapiens,Bos taurus,Canis lupus familiaris,Sus scrofa	MACROH2A1	prefrontal cortex	MACROH2A1:prefrontal cortex	variant	MACROH2A1:HGNC:4740	8	Q	8:Q	4	sus_scrofa	Sus scrofa	95.18	0.0	1	present_gold	95.18	155
4	human,bos_taurus,canis_lupus_familiaris,sus_scrofa	Homo sapiens,Bos taurus,Canis lupus familiaris,Sus scrofa	MACROH2A1	skeletal muscle tissue	MACROH2A1:skeletal muscle tissue	variant	MACROH2A1:HGNC:4740	8	R	8:R	1	human	Homo sapiens	94.38058823529413	1.8166468788272905	17	present_gold	94.38058823529413	156
4	human,bos_taurus,canis_lupus_familiaris,sus_scrofa	Homo sapiens,Bos taurus,Canis lupus familiaris,Sus scrofa	MACROH2A1	skeletal muscle tissue	MACROH2A1:skeletal muscle tissue	variant	MACROH2A1:HGNC:4740	8	R	8:R	2	bos_taurus	Bos taurus	89.985	2.545355246980929	4	present_gold	89.985	156
4	human,bos_taurus,canis_lupus_familiaris,sus_scrofa	Homo sapiens,Bos taurus,Canis lupus familiaris,Sus scrofa	MACROH2A1	skeletal muscle tissue	MACROH2A1:skeletal muscle tissue	variant	MACROH2A1:HGNC:4740	8	R	8:R	3	canis_lupus_familiaris	Canis lupus familiaris	88.495	0.6010407640085714	2	present_gold	88.495	156
4	human,bos_taurus,canis_lupus_familiaris,sus_scrofa	Homo sapiens,Bos taurus,Canis lupus familiaris,Sus scrofa	MACROH2A1	skeletal muscle tissue	MACROH2A1:skeletal muscle tissue	variant	MACROH2A1:HGNC:4740	8	R	8:R	4	sus_scrofa	Sus scrofa	90.595	1.619274528917188	2	present_gold	90.595	156
4	human,bos_taurus,canis_lupus_familiaris,sus_scrofa	Homo sapiens,Bos taurus,Canis lupus familiaris,Sus scrofa	MACROH2A1	spleen	MACROH2A1:spleen	variant	MACROH2A1:HGNC:4740	8	S	8:S	1	human	Homo sapiens	97.69	0.1373118547487639	12	present_gold	97.69	157
4	human,bos_taurus,canis_lupus_familiaris,sus_scrofa	Homo sapiens,Bos taurus,Canis lupus familiaris,Sus scrofa	MACROH2A1	spleen	MACROH2A1:spleen	variant	MACROH2A1:HGNC:4740	8	S	8:S	2	bos_taurus	Bos taurus	90.38	0.6480354928551375	5	present_gold	90.38	157
4	human,bos_taurus,canis_lupus_familiaris,sus_scrofa	Homo sapiens,Bos taurus,Canis lupus familiaris,Sus scrofa	MACROH2A1	spleen	MACROH2A1:spleen	variant	MACROH2A1:HGNC:4740	8	S	8:S	3	canis_lupus_familiaris	Canis lupus familiaris	94.78333333333336	0.6888637988262539	3	present_gold	94.78333333333336	157
4	human,bos_taurus,canis_lupus_familiaris,sus_scrofa	Homo sapiens,Bos taurus,Canis lupus familiaris,Sus scrofa	MACROH2A1	spleen	MACROH2A1:spleen	variant	MACROH2A1:HGNC:4740	8	S	8:S	4	sus_scrofa	Sus scrofa	95.62142857142858	0.8972630341103743	7	present_gold	95.62142857142858	157
4	human,bos_taurus,canis_lupus_familiaris,sus_scrofa	Homo sapiens,Bos taurus,Canis lupus familiaris,Sus scrofa	MACROH2A1	testis	MACROH2A1:testis	variant	MACROH2A1:HGNC:4740	8	T	8:T	1	human	Homo sapiens	94.39769230769232	3.592930915576107	13	present_gold	94.39769230769232	158
4	human,bos_taurus,canis_lupus_familiaris,sus_scrofa	Homo sapiens,Bos taurus,Canis lupus familiaris,Sus scrofa	MACROH2A1	testis	MACROH2A1:testis	variant	MACROH2A1:HGNC:4740	8	T	8:T	2	bos_taurus	Bos taurus	72.01833333333333	6.134960200903234	6	present_gold	72.01833333333333	158
4	human,bos_taurus,canis_lupus_familiaris,sus_scrofa	Homo sapiens,Bos taurus,Canis lupus familiaris,Sus scrofa	MACROH2A1	testis	MACROH2A1:testis	variant	MACROH2A1:HGNC:4740	8	T	8:T	3	canis_lupus_familiaris	Canis lupus familiaris	88.313	2.943354284561143	10	present_gold	88.313	158
4	human,bos_taurus,canis_lupus_familiaris,sus_scrofa	Homo sapiens,Bos taurus,Canis lupus familiaris,Sus scrofa	MACROH2A1	testis	MACROH2A1:testis	variant	MACROH2A1:HGNC:4740	8	T	8:T	4	sus_scrofa	Sus scrofa	83.94	1.4402430350465147	3	present_gold	83.94	158
4	human,bos_taurus,canis_lupus_familiaris,sus_scrofa	Homo sapiens,Bos taurus,Canis lupus familiaris,Sus scrofa	MACROH2A2	adipose tissue	MACROH2A2:adipose tissue	variant	MACROH2A2:HGNC:14453	9	A	9:A	1	human	Homo sapiens	71.82846153846154	4.60195039476714	13	present_gold	71.82846153846154	159
4	human,bos_taurus,canis_lupus_familiaris,sus_scrofa	Homo sapiens,Bos taurus,Canis lupus familiaris,Sus scrofa	MACROH2A2	adipose tissue	MACROH2A2:adipose tissue	variant	MACROH2A2:HGNC:14453	9	A	9:A	2	bos_taurus	Bos taurus	62.29166666666666	5.726784147029349	6	present_gold	62.29166666666666	159
4	human,bos_taurus,canis_lupus_familiaris,sus_scrofa	Homo sapiens,Bos taurus,Canis lupus familiaris,Sus scrofa	MACROH2A2	adipose tissue	MACROH2A2:adipose tissue	variant	MACROH2A2:HGNC:14453	9	A	9:A	3	canis_lupus_familiaris	Canis lupus familiaris	73.39	0.0	1	present_gold	73.39	159
4	human,bos_taurus,canis_lupus_familiaris,sus_scrofa	Homo sapiens,Bos taurus,Canis lupus familiaris,Sus scrofa	MACROH2A2	adipose tissue	MACROH2A2:adipose tissue	variant	MACROH2A2:HGNC:14453	9	A	9:A	4	sus_scrofa	Sus scrofa	60.435	6.399316369738253	2	present_gold	60.435	159
4	human,bos_taurus,canis_lupus_familiaris,sus_scrofa	Homo sapiens,Bos taurus,Canis lupus familiaris,Sus scrofa	MACROH2A2	adult mammalian kidney	MACROH2A2:adult mammalian kidney	variant	MACROH2A2:HGNC:14453	9	B	9:B	1	human	Homo sapiens	83.38416666666667	2.0850352442337696	12	present_gold	83.38416666666667	160
4	human,bos_taurus,canis_lupus_familiaris,sus_scrofa	Homo sapiens,Bos taurus,Canis lupus familiaris,Sus scrofa	MACROH2A2	adult mammalian kidney	MACROH2A2:adult mammalian kidney	variant	MACROH2A2:HGNC:14453	9	B	9:B	2	bos_taurus	Bos taurus	49.72	1.8891267824050348	4	present_gold	49.72	160
4	human,bos_taurus,canis_lupus_familiaris,sus_scrofa	Homo sapiens,Bos taurus,Canis lupus familiaris,Sus scrofa	MACROH2A2	adult mammalian kidney	MACROH2A2:adult mammalian kidney	variant	MACROH2A2:HGNC:14453	9	B	9:B	3	canis_lupus_familiaris	Canis lupus familiaris	80.08666666666666	19.250419043058088	3	present_gold	80.08666666666666	160
4	human,bos_taurus,canis_lupus_familiaris,sus_scrofa	Homo sapiens,Bos taurus,Canis lupus familiaris,Sus scrofa	MACROH2A2	adult mammalian kidney	MACROH2A2:adult mammalian kidney	variant	MACROH2A2:HGNC:14453	9	B	9:B	4	sus_scrofa	Sus scrofa	58.32333333333333	2.6046176942755603	3	present_gold	58.32333333333333	160
4	human,bos_taurus,canis_lupus_familiaris,sus_scrofa	Homo sapiens,Bos taurus,Canis lupus familiaris,Sus scrofa	MACROH2A2	blood	MACROH2A2:blood	variant	MACROH2A2:HGNC:14453	9	C	9:C	1	human	Homo sapiens	70.8588	4.60978969151522	25	present_gold	70.8588	161
4	human,bos_taurus,canis_lupus_familiaris,sus_scrofa	Homo sapiens,Bos taurus,Canis lupus familiaris,Sus scrofa	MACROH2A2	blood	MACROH2A2:blood	variant	MACROH2A2:HGNC:14453	9	C	9:C	2	bos_taurus	Bos taurus	49.92	0.2246478726065904	4	present_gold	49.92	161
4	human,bos_taurus,canis_lupus_familiaris,sus_scrofa	Homo sapiens,Bos taurus,Canis lupus familiaris,Sus scrofa	MACROH2A2	blood	MACROH2A2:blood	variant	MACROH2A2:HGNC:14453	9	C	9:C	3	canis_lupus_familiaris	Canis lupus familiaris	0.0	0.0	0	observed_zero	0.0	161
4	human,bos_taurus,canis_lupus_familiaris,sus_scrofa	Homo sapiens,Bos taurus,Canis lupus familiaris,Sus scrofa	MACROH2A2	blood	MACROH2A2:blood	variant	MACROH2A2:HGNC:14453	9	C	9:C	4	sus_scrofa	Sus scrofa	0.0	0.0	0	observed_zero	0.0	161
4	human,bos_taurus,canis_lupus_familiaris,sus_scrofa	Homo sapiens,Bos taurus,Canis lupus familiaris,Sus scrofa	MACROH2A2	cerebellum	MACROH2A2:cerebellum	variant	MACROH2A2:HGNC:14453	9	D	9:D	1	human	Homo sapiens	88.37928571428571	2.666453894899813	14	present_gold	88.37928571428571	162
4	human,bos_taurus,canis_lupus_familiaris,sus_scrofa	Homo sapiens,Bos taurus,Canis lupus familiaris,Sus scrofa	MACROH2A2	cerebellum	MACROH2A2:cerebellum	variant	MACROH2A2:HGNC:14453	9	D	9:D	2	bos_taurus	Bos taurus	74.18	6.096950057200728	3	present_gold	74.18	162
4	human,bos_taurus,canis_lupus_familiaris,sus_scrofa	Homo sapiens,Bos taurus,Canis lupus familiaris,Sus scrofa	MACROH2A2	cerebellum	MACROH2A2:cerebellum	variant	MACROH2A2:HGNC:14453	9	D	9:D	3	canis_lupus_familiaris	Canis lupus familiaris	82.5225	5.073857014146144	4	present_gold	82.5225	162
4	human,bos_taurus,canis_lupus_familiaris,sus_scrofa	Homo sapiens,Bos taurus,Canis lupus familiaris,Sus scrofa	MACROH2A2	cerebellum	MACROH2A2:cerebellum	variant	MACROH2A2:HGNC:14453	9	D	9:D	4	sus_scrofa	Sus scrofa	77.07333333333334	0.7052895386529855	3	present_gold	77.07333333333334	162
4	human,bos_taurus,canis_lupus_familiaris,sus_scrofa	Homo sapiens,Bos taurus,Canis lupus familiaris,Sus scrofa	MACROH2A2	cerebral cortex	MACROH2A2:cerebral cortex	variant	MACROH2A2:HGNC:14453	9	E	9:E	1	human	Homo sapiens	84.42333333333333	6.916563453045162	9	present_gold	84.42333333333333	163
4	human,bos_taurus,canis_lupus_familiaris,sus_scrofa	Homo sapiens,Bos taurus,Canis lupus familiaris,Sus scrofa	MACROH2A2	cerebral cortex	MACROH2A2:cerebral cortex	variant	MACROH2A2:HGNC:14453	9	E	9:E	2	bos_taurus	Bos taurus	71.295	3.203193718775061	2	present_gold	71.295	163
4	human,bos_taurus,canis_lupus_familiaris,sus_scrofa	Homo sapiens,Bos taurus,Canis lupus familiaris,Sus scrofa	MACROH2A2	cerebral cortex	MACROH2A2:cerebral cortex	variant	MACROH2A2:HGNC:14453	9	E	9:E	3	canis_lupus_familiaris	Canis lupus familiaris	61.05	0.9192388155425149	2	present_gold	61.05	163
4	human,bos_taurus,canis_lupus_familiaris,sus_scrofa	Homo sapiens,Bos taurus,Canis lupus familiaris,Sus scrofa	MACROH2A2	cerebral cortex	MACROH2A2:cerebral cortex	variant	MACROH2A2:HGNC:14453	9	E	9:E	4	sus_scrofa	Sus scrofa	70.55	0.0	1	present_gold	70.55	163
4	human,bos_taurus,canis_lupus_familiaris,sus_scrofa	Homo sapiens,Bos taurus,Canis lupus familiaris,Sus scrofa	MACROH2A2	colon	MACROH2A2:colon	variant	MACROH2A2:HGNC:14453	9	F	9:F	1	human	Homo sapiens	82.135	2.9820369074924384	18	present_gold	82.135	164
4	human,bos_taurus,canis_lupus_familiaris,sus_scrofa	Homo sapiens,Bos taurus,Canis lupus familiaris,Sus scrofa	MACROH2A2	colon	MACROH2A2:colon	variant	MACROH2A2:HGNC:14453	9	F	9:F	2	bos_taurus	Bos taurus	55.64	0.0	1	present_gold	55.64	164
4	human,bos_taurus,canis_lupus_familiaris,sus_scrofa	Homo sapiens,Bos taurus,Canis lupus familiaris,Sus scrofa	MACROH2A2	colon	MACROH2A2:colon	variant	MACROH2A2:HGNC:14453	9	F	9:F	3	canis_lupus_familiaris	Canis lupus familiaris	56.510000000000005	3.450681092190354	2	present_gold	56.510000000000005	164
4	human,bos_taurus,canis_lupus_familiaris,sus_scrofa	Homo sapiens,Bos taurus,Canis lupus familiaris,Sus scrofa	MACROH2A2	colon	MACROH2A2:colon	variant	MACROH2A2:HGNC:14453	9	F	9:F	4	sus_scrofa	Sus scrofa	0.0	0.0	0	observed_zero	0.0	164
4	human,bos_taurus,canis_lupus_familiaris,sus_scrofa	Homo sapiens,Bos taurus,Canis lupus familiaris,Sus scrofa	MACROH2A2	frontal cortex	MACROH2A2:frontal cortex	variant	MACROH2A2:HGNC:14453	9	G	9:G	1	human	Homo sapiens	81.82631578947368	3.2362619220437305	19	present_gold	81.82631578947368	165
4	human,bos_taurus,canis_lupus_familiaris,sus_scrofa	Homo sapiens,Bos taurus,Canis lupus familiaris,Sus scrofa	MACROH2A2	frontal cortex	MACROH2A2:frontal cortex	variant	MACROH2A2:HGNC:14453	9	G	9:G	2	bos_taurus	Bos taurus	68.27666666666666	3.681607438787212	3	present_gold	68.27666666666666	165
4	human,bos_taurus,canis_lupus_familiaris,sus_scrofa	Homo sapiens,Bos taurus,Canis lupus familiaris,Sus scrofa	MACROH2A2	frontal cortex	MACROH2A2:frontal cortex	variant	MACROH2A2:HGNC:14453	9	G	9:G	3	canis_lupus_familiaris	Canis lupus familiaris	64.7	6.663565111860166	3	present_gold	64.7	165
4	human,bos_taurus,canis_lupus_familiaris,sus_scrofa	Homo sapiens,Bos taurus,Canis lupus familiaris,Sus scrofa	MACROH2A2	frontal cortex	MACROH2A2:frontal cortex	variant	MACROH2A2:HGNC:14453	9	G	9:G	4	sus_scrofa	Sus scrofa	61.73	4.305492616027426	7	present_gold	61.73	165
4	human,bos_taurus,canis_lupus_familiaris,sus_scrofa	Homo sapiens,Bos taurus,Canis lupus familiaris,Sus scrofa	MACROH2A2	heart	MACROH2A2:heart	variant	MACROH2A2:HGNC:14453	9	H	9:H	1	human	Homo sapiens	84.95133333333334	2.5407447352152115	15	present_gold	84.95133333333334	166
4	human,bos_taurus,canis_lupus_familiaris,sus_scrofa	Homo sapiens,Bos taurus,Canis lupus familiaris,Sus scrofa	MACROH2A2	heart	MACROH2A2:heart	variant	MACROH2A2:HGNC:14453	9	H	9:H	2	bos_taurus	Bos taurus	62.845	4.465754882062683	4	present_gold	62.845	166
4	human,bos_taurus,canis_lupus_familiaris,sus_scrofa	Homo sapiens,Bos taurus,Canis lupus familiaris,Sus scrofa	MACROH2A2	heart	MACROH2A2:heart	variant	MACROH2A2:HGNC:14453	9	H	9:H	3	canis_lupus_familiaris	Canis lupus familiaris	81.18666666666667	11.108669287242886	3	present_gold	81.18666666666667	166
4	human,bos_taurus,canis_lupus_familiaris,sus_scrofa	Homo sapiens,Bos taurus,Canis lupus familiaris,Sus scrofa	MACROH2A2	heart	MACROH2A2:heart	variant	MACROH2A2:HGNC:14453	9	H	9:H	4	sus_scrofa	Sus scrofa	72.93166666666667	6.420281665679994	6	present_gold	72.93166666666667	166
4	human,bos_taurus,canis_lupus_familiaris,sus_scrofa	Homo sapiens,Bos taurus,Canis lupus familiaris,Sus scrofa	MACROH2A2	hypothalamus	MACROH2A2:hypothalamus	variant	MACROH2A2:HGNC:14453	9	I	9:I	1	human	Homo sapiens	81.58200000000001	1.9666294588893545	15	present_gold	81.58200000000001	167
4	human,bos_taurus,canis_lupus_familiaris,sus_scrofa	Homo sapiens,Bos taurus,Canis lupus familiaris,Sus scrofa	MACROH2A2	hypothalamus	MACROH2A2:hypothalamus	variant	MACROH2A2:HGNC:14453	9	I	9:I	2	bos_taurus	Bos taurus	63.41	5.537336905047407	3	present_gold	63.41	167
4	human,bos_taurus,canis_lupus_familiaris,sus_scrofa	Homo sapiens,Bos taurus,Canis lupus familiaris,Sus scrofa	MACROH2A2	hypothalamus	MACROH2A2:hypothalamus	variant	MACROH2A2:HGNC:14453	9	I	9:I	3	canis_lupus_familiaris	Canis lupus familiaris	65.64	0.0	1	present_gold	65.64	167
4	human,bos_taurus,canis_lupus_familiaris,sus_scrofa	Homo sapiens,Bos taurus,Canis lupus familiaris,Sus scrofa	MACROH2A2	hypothalamus	MACROH2A2:hypothalamus	variant	MACROH2A2:HGNC:14453	9	I	9:I	4	sus_scrofa	Sus scrofa	70.63499999999999	6.554879861599293	2	present_gold	70.63499999999999	167
4	human,bos_taurus,canis_lupus_familiaris,sus_scrofa	Homo sapiens,Bos taurus,Canis lupus familiaris,Sus scrofa	MACROH2A2	kidney	MACROH2A2:kidney	variant	MACROH2A2:HGNC:14453	9	J	9:J	1	human	Homo sapiens	87.33	4.968327686455474	6	present_gold	87.33	168
4	human,bos_taurus,canis_lupus_familiaris,sus_scrofa	Homo sapiens,Bos taurus,Canis lupus familiaris,Sus scrofa	MACROH2A2	kidney	MACROH2A2:kidney	variant	MACROH2A2:HGNC:14453	9	J	9:J	2	bos_taurus	Bos taurus	50.04	0.0	1	present_gold	50.04	168
4	human,bos_taurus,canis_lupus_familiaris,sus_scrofa	Homo sapiens,Bos taurus,Canis lupus familiaris,Sus scrofa	MACROH2A2	kidney	MACROH2A2:kidney	variant	MACROH2A2:HGNC:14453	9	J	9:J	3	canis_lupus_familiaris	Canis lupus familiaris	66.79	0.0	1	present_gold	66.79	168
4	human,bos_taurus,canis_lupus_familiaris,sus_scrofa	Homo sapiens,Bos taurus,Canis lupus familiaris,Sus scrofa	MACROH2A2	kidney	MACROH2A2:kidney	variant	MACROH2A2:HGNC:14453	9	J	9:J	4	sus_scrofa	Sus scrofa	64.16	0.0	1	present_gold	64.16	168
4	human,bos_taurus,canis_lupus_familiaris,sus_scrofa	Homo sapiens,Bos taurus,Canis lupus familiaris,Sus scrofa	MACROH2A2	liver	MACROH2A2:liver	variant	MACROH2A2:HGNC:14453	9	K	9:K	1	human	Homo sapiens	82.71000000000001	3.52806939900713	20	present_gold	82.71000000000001	169
4	human,bos_taurus,canis_lupus_familiaris,sus_scrofa	Homo sapiens,Bos taurus,Canis lupus familiaris,Sus scrofa	MACROH2A2	liver	MACROH2A2:liver	variant	MACROH2A2:HGNC:14453	9	K	9:K	2	bos_taurus	Bos taurus	47.188	2.3960217027397737	5	present_gold	47.188	169
4	human,bos_taurus,canis_lupus_familiaris,sus_scrofa	Homo sapiens,Bos taurus,Canis lupus familiaris,Sus scrofa	MACROH2A2	liver	MACROH2A2:liver	variant	MACROH2A2:HGNC:14453	9	K	9:K	3	canis_lupus_familiaris	Canis lupus familiaris	45.95	11.111640742932613	6	present_gold	45.95	169
4	human,bos_taurus,canis_lupus_familiaris,sus_scrofa	Homo sapiens,Bos taurus,Canis lupus familiaris,Sus scrofa	MACROH2A2	liver	MACROH2A2:liver	variant	MACROH2A2:HGNC:14453	9	K	9:K	4	sus_scrofa	Sus scrofa	52.74	2.2166491227375915	4	present_gold	52.74	169
4	human,bos_taurus,canis_lupus_familiaris,sus_scrofa	Homo sapiens,Bos taurus,Canis lupus familiaris,Sus scrofa	MACROH2A2	lung	MACROH2A2:lung	variant	MACROH2A2:HGNC:14453	9	L	9:L	1	human	Homo sapiens	79.4875	6.822806362976065	16	present_gold	79.4875	170
4	human,bos_taurus,canis_lupus_familiaris,sus_scrofa	Homo sapiens,Bos taurus,Canis lupus familiaris,Sus scrofa	MACROH2A2	lung	MACROH2A2:lung	variant	MACROH2A2:HGNC:14453	9	L	9:L	2	bos_taurus	Bos taurus	49.98857142857143	2.345900172438636	7	present_gold	49.98857142857143	170
4	human,bos_taurus,canis_lupus_familiaris,sus_scrofa	Homo sapiens,Bos taurus,Canis lupus familiaris,Sus scrofa	MACROH2A2	lung	MACROH2A2:lung	variant	MACROH2A2:HGNC:14453	9	L	9:L	3	canis_lupus_familiaris	Canis lupus familiaris	81.59	19.059193756994723	4	present_gold	81.59	170
4	human,bos_taurus,canis_lupus_familiaris,sus_scrofa	Homo sapiens,Bos taurus,Canis lupus familiaris,Sus scrofa	MACROH2A2	lung	MACROH2A2:lung	variant	MACROH2A2:HGNC:14453	9	L	9:L	4	sus_scrofa	Sus scrofa	51.87	3.5277046361621607	3	present_gold	51.87	170
4	human,bos_taurus,canis_lupus_familiaris,sus_scrofa	Homo sapiens,Bos taurus,Canis lupus familiaris,Sus scrofa	MACROH2A2	lymph node	MACROH2A2:lymph node	variant	MACROH2A2:HGNC:14453	9	M	9:M	1	human	Homo sapiens	80.63166666666666	2.969467404546928	6	present_gold	80.63166666666666	171
4	human,bos_taurus,canis_lupus_familiaris,sus_scrofa	Homo sapiens,Bos taurus,Canis lupus familiaris,Sus scrofa	MACROH2A2	lymph node	MACROH2A2:lymph node	variant	MACROH2A2:HGNC:14453	9	M	9:M	2	bos_taurus	Bos taurus	51.94	3.790092347159894	2	present_gold	51.94	171
4	human,bos_taurus,canis_lupus_familiaris,sus_scrofa	Homo sapiens,Bos taurus,Canis lupus familiaris,Sus scrofa	MACROH2A2	lymph node	MACROH2A2:lymph node	variant	MACROH2A2:HGNC:14453	9	M	9:M	3	canis_lupus_familiaris	Canis lupus familiaris	52.7	1.994041122946064	2	present_gold	52.7	171
4	human,bos_taurus,canis_lupus_familiaris,sus_scrofa	Homo sapiens,Bos taurus,Canis lupus familiaris,Sus scrofa	MACROH2A2	lymph node	MACROH2A2:lymph node	variant	MACROH2A2:HGNC:14453	9	M	9:M	4	sus_scrofa	Sus scrofa	0.0	0.0	0	observed_zero	0.0	171
4	human,bos_taurus,canis_lupus_familiaris,sus_scrofa	Homo sapiens,Bos taurus,Canis lupus familiaris,Sus scrofa	MACROH2A2	metanephros cortex	MACROH2A2:metanephros cortex	variant	MACROH2A2:HGNC:14453	9	N	9:N	1	human	Homo sapiens	83.965	0.8131727983645337	2	present_gold	83.965	172
4	human,bos_taurus,canis_lupus_familiaris,sus_scrofa	Homo sapiens,Bos taurus,Canis lupus familiaris,Sus scrofa	MACROH2A2	metanephros cortex	MACROH2A2:metanephros cortex	variant	MACROH2A2:HGNC:14453	9	N	9:N	2	bos_taurus	Bos taurus	55.41	0.0	1	present_gold	55.41	172
4	human,bos_taurus,canis_lupus_familiaris,sus_scrofa	Homo sapiens,Bos taurus,Canis lupus familiaris,Sus scrofa	MACROH2A2	metanephros cortex	MACROH2A2:metanephros cortex	variant	MACROH2A2:HGNC:14453	9	N	9:N	3	canis_lupus_familiaris	Canis lupus familiaris	54.68	0.0	1	present_gold	54.68	172
4	human,bos_taurus,canis_lupus_familiaris,sus_scrofa	Homo sapiens,Bos taurus,Canis lupus familiaris,Sus scrofa	MACROH2A2	metanephros cortex	MACROH2A2:metanephros cortex	variant	MACROH2A2:HGNC:14453	9	N	9:N	4	sus_scrofa	Sus scrofa	0.0	0.0	0	observed_zero	0.0	172
4	human,bos_taurus,canis_lupus_familiaris,sus_scrofa	Homo sapiens,Bos taurus,Canis lupus familiaris,Sus scrofa	MACROH2A2	ovary	MACROH2A2:ovary	variant	MACROH2A2:HGNC:14453	9	O	9:O	1	human	Homo sapiens	81.77363636363636	5.235735426331763	11	present_gold	81.77363636363636	173
4	human,bos_taurus,canis_lupus_familiaris,sus_scrofa	Homo sapiens,Bos taurus,Canis lupus familiaris,Sus scrofa	MACROH2A2	ovary	MACROH2A2:ovary	variant	MACROH2A2:HGNC:14453	9	O	9:O	2	bos_taurus	Bos taurus	82.1625	5.958956144605641	4	present_gold	82.1625	173
4	human,bos_taurus,canis_lupus_familiaris,sus_scrofa	Homo sapiens,Bos taurus,Canis lupus familiaris,Sus scrofa	MACROH2A2	ovary	MACROH2A2:ovary	variant	MACROH2A2:HGNC:14453	9	O	9:O	3	canis_lupus_familiaris	Canis lupus familiaris	54.44	0.0	1	present_gold	54.44	173
4	human,bos_taurus,canis_lupus_familiaris,sus_scrofa	Homo sapiens,Bos taurus,Canis lupus familiaris,Sus scrofa	MACROH2A2	ovary	MACROH2A2:ovary	variant	MACROH2A2:HGNC:14453	9	O	9:O	4	sus_scrofa	Sus scrofa	61.06999999999999	12.669100204829068	3	present_gold	61.06999999999999	173
4	human,bos_taurus,canis_lupus_familiaris,sus_scrofa	Homo sapiens,Bos taurus,Canis lupus familiaris,Sus scrofa	MACROH2A2	pituitary gland	MACROH2A2:pituitary gland	variant	MACROH2A2:HGNC:14453	9	P	9:P	1	human	Homo sapiens	86.28076923076924	1.5788575064397126	13	present_gold	86.28076923076924	174
4	human,bos_taurus,canis_lupus_familiaris,sus_scrofa	Homo sapiens,Bos taurus,Canis lupus familiaris,Sus scrofa	MACROH2A2	pituitary gland	MACROH2A2:pituitary gland	variant	MACROH2A2:HGNC:14453	9	P	9:P	2	bos_taurus	Bos taurus	79.95166666666667	3.857929064493888	6	present_gold	79.95166666666667	174
4	human,bos_taurus,canis_lupus_familiaris,sus_scrofa	Homo sapiens,Bos taurus,Canis lupus familiaris,Sus scrofa	MACROH2A2	pituitary gland	MACROH2A2:pituitary gland	variant	MACROH2A2:HGNC:14453	9	P	9:P	3	canis_lupus_familiaris	Canis lupus familiaris	65.38000000000001	2.8123299948619134	3	present_gold	65.38000000000001	174
4	human,bos_taurus,canis_lupus_familiaris,sus_scrofa	Homo sapiens,Bos taurus,Canis lupus familiaris,Sus scrofa	MACROH2A2	pituitary gland	MACROH2A2:pituitary gland	variant	MACROH2A2:HGNC:14453	9	P	9:P	4	sus_scrofa	Sus scrofa	77.555	3.302188668141178	2	present_gold	77.555	174
4	human,bos_taurus,canis_lupus_familiaris,sus_scrofa	Homo sapiens,Bos taurus,Canis lupus familiaris,Sus scrofa	MACROH2A2	prefrontal cortex	MACROH2A2:prefrontal cortex	variant	MACROH2A2:HGNC:14453	9	Q	9:Q	1	human	Homo sapiens	82.55250000000001	3.754356517053603	8	present_gold	82.55250000000001	175
4	human,bos_taurus,canis_lupus_familiaris,sus_scrofa	Homo sapiens,Bos taurus,Canis lupus familiaris,Sus scrofa	MACROH2A2	prefrontal cortex	MACROH2A2:prefrontal cortex	variant	MACROH2A2:HGNC:14453	9	Q	9:Q	2	bos_taurus	Bos taurus	65.47	0.0	1	present_gold	65.47	175
4	human,bos_taurus,canis_lupus_familiaris,sus_scrofa	Homo sapiens,Bos taurus,Canis lupus familiaris,Sus scrofa	MACROH2A2	prefrontal cortex	MACROH2A2:prefrontal cortex	variant	MACROH2A2:HGNC:14453	9	Q	9:Q	3	canis_lupus_familiaris	Canis lupus familiaris	59.64	0.0	1	present_gold	59.64	175
4	human,bos_taurus,canis_lupus_familiaris,sus_scrofa	Homo sapiens,Bos taurus,Canis lupus familiaris,Sus scrofa	MACROH2A2	prefrontal cortex	MACROH2A2:prefrontal cortex	variant	MACROH2A2:HGNC:14453	9	Q	9:Q	4	sus_scrofa	Sus scrofa	64.08	0.0	1	present_gold	64.08	175
4	human,bos_taurus,canis_lupus_familiaris,sus_scrofa	Homo sapiens,Bos taurus,Canis lupus familiaris,Sus scrofa	MACROH2A2	skeletal muscle tissue	MACROH2A2:skeletal muscle tissue	variant	MACROH2A2:HGNC:14453	9	R	9:R	1	human	Homo sapiens	81.98125	0.7960875310811364	8	present_gold	81.98125	176
4	human,bos_taurus,canis_lupus_familiaris,sus_scrofa	Homo sapiens,Bos taurus,Canis lupus familiaris,Sus scrofa	MACROH2A2	skeletal muscle tissue	MACROH2A2:skeletal muscle tissue	variant	MACROH2A2:HGNC:14453	9	R	9:R	2	bos_taurus	Bos taurus	72.47999999999999	19.841386040294665	4	present_gold	72.47999999999999	176
4	human,bos_taurus,canis_lupus_familiaris,sus_scrofa	Homo sapiens,Bos taurus,Canis lupus familiaris,Sus scrofa	MACROH2A2	skeletal muscle tissue	MACROH2A2:skeletal muscle tissue	variant	MACROH2A2:HGNC:14453	9	R	9:R	3	canis_lupus_familiaris	Canis lupus familiaris	51.025	0.3747665940288709	2	present_gold	51.025	176
4	human,bos_taurus,canis_lupus_familiaris,sus_scrofa	Homo sapiens,Bos taurus,Canis lupus familiaris,Sus scrofa	MACROH2A2	skeletal muscle tissue	MACROH2A2:skeletal muscle tissue	variant	MACROH2A2:HGNC:14453	9	R	9:R	4	sus_scrofa	Sus scrofa	53.69	0.0	1	present_gold	53.69	176
4	human,bos_taurus,canis_lupus_familiaris,sus_scrofa	Homo sapiens,Bos taurus,Canis lupus familiaris,Sus scrofa	MACROH2A2	spleen	MACROH2A2:spleen	variant	MACROH2A2:HGNC:14453	9	S	9:S	1	human	Homo sapiens	71.56666666666666	1.2081641469852544	12	present_gold	71.56666666666666	177
4	human,bos_taurus,canis_lupus_familiaris,sus_scrofa	Homo sapiens,Bos taurus,Canis lupus familiaris,Sus scrofa	MACROH2A2	spleen	MACROH2A2:spleen	variant	MACROH2A2:HGNC:14453	9	S	9:S	2	bos_taurus	Bos taurus	50.048	2.5890867115645224	5	present_gold	50.048	177
4	human,bos_taurus,canis_lupus_familiaris,sus_scrofa	Homo sapiens,Bos taurus,Canis lupus familiaris,Sus scrofa	MACROH2A2	spleen	MACROH2A2:spleen	variant	MACROH2A2:HGNC:14453	9	S	9:S	3	canis_lupus_familiaris	Canis lupus familiaris	46.21666666666667	3.6263250451846334	3	present_gold	46.21666666666667	177
4	human,bos_taurus,canis_lupus_familiaris,sus_scrofa	Homo sapiens,Bos taurus,Canis lupus familiaris,Sus scrofa	MACROH2A2	spleen	MACROH2A2:spleen	variant	MACROH2A2:HGNC:14453	9	S	9:S	4	sus_scrofa	Sus scrofa	52.495000000000005	3.130308823955448	4	present_gold	52.495000000000005	177
4	human,bos_taurus,canis_lupus_familiaris,sus_scrofa	Homo sapiens,Bos taurus,Canis lupus familiaris,Sus scrofa	MACROH2A2	testis	MACROH2A2:testis	variant	MACROH2A2:HGNC:14453	9	T	9:T	1	human	Homo sapiens	79.30230769230769	3.954333390611187	13	present_gold	79.30230769230769	178
4	human,bos_taurus,canis_lupus_familiaris,sus_scrofa	Homo sapiens,Bos taurus,Canis lupus familiaris,Sus scrofa	MACROH2A2	testis	MACROH2A2:testis	variant	MACROH2A2:HGNC:14453	9	T	9:T	2	bos_taurus	Bos taurus	59.833333333333336	8.5055691559511	6	present_gold	59.833333333333336	178
4	human,bos_taurus,canis_lupus_familiaris,sus_scrofa	Homo sapiens,Bos taurus,Canis lupus familiaris,Sus scrofa	MACROH2A2	testis	MACROH2A2:testis	variant	MACROH2A2:HGNC:14453	9	T	9:T	3	canis_lupus_familiaris	Canis lupus familiaris	78.12	4.940272147249469	10	present_gold	78.12	178
4	human,bos_taurus,canis_lupus_familiaris,sus_scrofa	Homo sapiens,Bos taurus,Canis lupus familiaris,Sus scrofa	MACROH2A2	testis	MACROH2A2:testis	variant	MACROH2A2:HGNC:14453	9	T	9:T	4	sus_scrofa	Sus scrofa	55.303333333333335	2.930022753040208	3	present_gold	55.303333333333335	178
