gene_name,species_dir,species_name,ensembl_gene_id,tissue,expression_score,map_label,class,agg_expression_score
MACROH2A1,bos_taurus,Bos taurus,ENSBTAG00000016105,spermatocyte,58.89,MACROH2A1:VGNC:83608,variant,58.89
MACROH2A1,bos_taurus,Bos taurus,ENSBTAG00000016105,spermatid,52.67,MACROH2A1:VGNC:83608,variant,52.67
MACROH2A1,bos_taurus,Bos taurus,ENSBTAG00000016105,oocyte,68.99,MACROH2A1:VGNC:83608,variant,68.99
MACROH2A1,bos_taurus,Bos taurus,ENSBTAG00000016105,granulosa cell,89.02,MACROH2A1:VGNC:83608,variant,89.02
MACROH2A1,bos_taurus,Bos taurus,ENSBTAG00000016105,theca cell,89.79,MACROH2A1:VGNC:83608,variant,89.79
MACROH2A1,bos_taurus,Bos taurus,ENSBTAG00000016105,monocyte,87.32,MACROH2A1:VGNC:83608,variant,87.32
MACROH2A1,bos_taurus,Bos taurus,ENSBTAG00000016105,cumulus cell,80.21,MACROH2A1:VGNC:83608,variant,80.21
MACROH2A1,bos_taurus,Bos taurus,ENSBTAG00000016105,leukocyte,92.44,MACROH2A1:VGNC:83608,variant,89.01181818181819
MACROH2A1,bos_taurus,Bos taurus,ENSBTAG00000016105,leukocyte,84.58,MACROH2A1:VGNC:83608,variant,89.01181818181819
MACROH2A1,bos_taurus,Bos taurus,ENSBTAG00000016105,leukocyte,88.18,MACROH2A1:VGNC:83608,variant,89.01181818181819
MACROH2A1,bos_taurus,Bos taurus,ENSBTAG00000016105,leukocyte,90.75,MACROH2A1:VGNC:83608,variant,89.01181818181819
MACROH2A1,bos_taurus,Bos taurus,ENSBTAG00000016105,leukocyte,88.03,MACROH2A1:VGNC:83608,variant,89.01181818181819
MACROH2A1,bos_taurus,Bos taurus,ENSBTAG00000016105,leukocyte,90.85,MACROH2A1:VGNC:83608,variant,89.01181818181819
MACROH2A1,bos_taurus,Bos taurus,ENSBTAG00000016105,leukocyte,90.87,MACROH2A1:VGNC:83608,variant,89.01181818181819
MACROH2A1,bos_taurus,Bos taurus,ENSBTAG00000016105,leukocyte,84.55,MACROH2A1:VGNC:83608,variant,89.01181818181819
MACROH2A1,bos_taurus,Bos taurus,ENSBTAG00000016105,leukocyte,89.04,MACROH2A1:VGNC:83608,variant,89.01181818181819
MACROH2A1,bos_taurus,Bos taurus,ENSBTAG00000016105,leukocyte,89.34,MACROH2A1:VGNC:83608,variant,89.01181818181819
MACROH2A1,bos_taurus,Bos taurus,ENSBTAG00000016105,leukocyte,90.5,MACROH2A1:VGNC:83608,variant,89.01181818181819
MACROH2A1,bos_taurus,Bos taurus,ENSBTAG00000016105,neutrophil,91.27,MACROH2A1:VGNC:83608,variant,91.27
MACROH2A1,bos_taurus,Bos taurus,ENSBTAG00000016105,uterine cervix,88.08,MACROH2A1:VGNC:83608,variant,88.07
MACROH2A1,bos_taurus,Bos taurus,ENSBTAG00000016105,uterine cervix,88.06,MACROH2A1:VGNC:83608,variant,88.07
MACROH2A1,bos_taurus,Bos taurus,ENSBTAG00000016105,pituitary gland,91.7,MACROH2A1:VGNC:83608,variant,93.35333333333334
MACROH2A1,bos_taurus,Bos taurus,ENSBTAG00000016105,pituitary gland,92.61,MACROH2A1:VGNC:83608,variant,93.35333333333334
MACROH2A1,bos_taurus,Bos taurus,ENSBTAG00000016105,pituitary gland,92.1,MACROH2A1:VGNC:83608,variant,93.35333333333334
MACROH2A1,bos_taurus,Bos taurus,ENSBTAG00000016105,pituitary gland,94.24,MACROH2A1:VGNC:83608,variant,93.35333333333334
MACROH2A1,bos_taurus,Bos taurus,ENSBTAG00000016105,pituitary gland,94.73,MACROH2A1:VGNC:83608,variant,93.35333333333334
MACROH2A1,bos_taurus,Bos taurus,ENSBTAG00000016105,pituitary gland,94.74,MACROH2A1:VGNC:83608,variant,93.35333333333334
MACROH2A1,bos_taurus,Bos taurus,ENSBTAG00000016105,zone of skin,90.39,MACROH2A1:VGNC:83608,variant,90.82666666666667
MACROH2A1,bos_taurus,Bos taurus,ENSBTAG00000016105,zone of skin,90.05,MACROH2A1:VGNC:83608,variant,90.82666666666667
MACROH2A1,bos_taurus,Bos taurus,ENSBTAG00000016105,zone of skin,92.04,MACROH2A1:VGNC:83608,variant,90.82666666666667
MACROH2A1,bos_taurus,Bos taurus,ENSBTAG00000016105,lymph node,90.34,MACROH2A1:VGNC:83608,variant,90.245
MACROH2A1,bos_taurus,Bos taurus,ENSBTAG00000016105,lymph node,90.15,MACROH2A1:VGNC:83608,variant,90.245
MACROH2A1,bos_taurus,Bos taurus,ENSBTAG00000016105,fornix of vagina,89.97,MACROH2A1:VGNC:83608,variant,89.96000000000001
MACROH2A1,bos_taurus,Bos taurus,ENSBTAG00000016105,fornix of vagina,89.95,MACROH2A1:VGNC:83608,variant,89.96000000000001
MACROH2A1,bos_taurus,Bos taurus,ENSBTAG00000016105,ureter,91.68,MACROH2A1:VGNC:83608,variant,91.67
MACROH2A1,bos_taurus,Bos taurus,ENSBTAG00000016105,ureter,91.66,MACROH2A1:VGNC:83608,variant,91.67
MACROH2A1,bos_taurus,Bos taurus,ENSBTAG00000016105,urethra,92.39,MACROH2A1:VGNC:83608,variant,92.39500000000001
MACROH2A1,bos_taurus,Bos taurus,ENSBTAG00000016105,urethra,92.4,MACROH2A1:VGNC:83608,variant,92.39500000000001
MACROH2A1,bos_taurus,Bos taurus,ENSBTAG00000016105,adult mammalian kidney,92.74,MACROH2A1:VGNC:83608,variant,92.4525
MACROH2A1,bos_taurus,Bos taurus,ENSBTAG00000016105,adult mammalian kidney,91.19,MACROH2A1:VGNC:83608,variant,92.4525
MACROH2A1,bos_taurus,Bos taurus,ENSBTAG00000016105,adult mammalian kidney,93.13,MACROH2A1:VGNC:83608,variant,92.4525
MACROH2A1,bos_taurus,Bos taurus,ENSBTAG00000016105,adult mammalian kidney,92.75,MACROH2A1:VGNC:83608,variant,92.4525
MACROH2A1,bos_taurus,Bos taurus,ENSBTAG00000016105,blood,89.58,MACROH2A1:VGNC:83608,variant,89.61
MACROH2A1,bos_taurus,Bos taurus,ENSBTAG00000016105,blood,89.85,MACROH2A1:VGNC:83608,variant,89.61
MACROH2A1,bos_taurus,Bos taurus,ENSBTAG00000016105,blood,89.41,MACROH2A1:VGNC:83608,variant,89.61
MACROH2A1,bos_taurus,Bos taurus,ENSBTAG00000016105,blood,89.6,MACROH2A1:VGNC:83608,variant,89.61
MACROH2A1,bos_taurus,Bos taurus,ENSBTAG00000016105,renal medulla,90.44,MACROH2A1:VGNC:83608,variant,91.75999999999999
MACROH2A1,bos_taurus,Bos taurus,ENSBTAG00000016105,renal medulla,93.08,MACROH2A1:VGNC:83608,variant,91.75999999999999
MACROH2A1,bos_taurus,Bos taurus,ENSBTAG00000016105,tongue muscle,88.85,MACROH2A1:VGNC:83608,variant,88.84
MACROH2A1,bos_taurus,Bos taurus,ENSBTAG00000016105,tongue muscle,88.83,MACROH2A1:VGNC:83608,variant,88.84
MACROH2A1,bos_taurus,Bos taurus,ENSBTAG00000016105,longissimus muscle,84.55,MACROH2A1:VGNC:83608,variant,84.66000000000001
MACROH2A1,bos_taurus,Bos taurus,ENSBTAG00000016105,longissimus muscle,83.29,MACROH2A1:VGNC:83608,variant,84.66000000000001
MACROH2A1,bos_taurus,Bos taurus,ENSBTAG00000016105,longissimus muscle,86.14,MACROH2A1:VGNC:83608,variant,84.66000000000001
MACROH2A1,bos_taurus,Bos taurus,ENSBTAG00000016105,prefrontal cortex,86.41,MACROH2A1:VGNC:83608,variant,86.41
MACROH2A1,bos_taurus,Bos taurus,ENSBTAG00000016105,multicellular organism,89.53,MACROH2A1:VGNC:83608,variant,89.53
MACROH2A1,bos_taurus,Bos taurus,ENSBTAG00000016105,testis,69.01,MACROH2A1:VGNC:83608,variant,72.01833333333333
MACROH2A1,bos_taurus,Bos taurus,ENSBTAG00000016105,testis,81.69,MACROH2A1:VGNC:83608,variant,72.01833333333333
MACROH2A1,bos_taurus,Bos taurus,ENSBTAG00000016105,testis,74.74,MACROH2A1:VGNC:83608,variant,72.01833333333333
MACROH2A1,bos_taurus,Bos taurus,ENSBTAG00000016105,testis,70.4,MACROH2A1:VGNC:83608,variant,72.01833333333333
MACROH2A1,bos_taurus,Bos taurus,ENSBTAG00000016105,testis,72.9,MACROH2A1:VGNC:83608,variant,72.01833333333333
MACROH2A1,bos_taurus,Bos taurus,ENSBTAG00000016105,testis,63.37,MACROH2A1:VGNC:83608,variant,72.01833333333333
MACROH2A1,bos_taurus,Bos taurus,ENSBTAG00000016105,ileocecal valve,90.5,MACROH2A1:VGNC:83608,variant,90.5
MACROH2A1,bos_taurus,Bos taurus,ENSBTAG00000016105,aorta,89.11,MACROH2A1:VGNC:83608,variant,89.11500000000001
MACROH2A1,bos_taurus,Bos taurus,ENSBTAG00000016105,aorta,89.12,MACROH2A1:VGNC:83608,variant,89.11500000000001
MACROH2A1,bos_taurus,Bos taurus,ENSBTAG00000016105,heart,87.97,MACROH2A1:VGNC:83608,variant,87.745
MACROH2A1,bos_taurus,Bos taurus,ENSBTAG00000016105,heart,88.11,MACROH2A1:VGNC:83608,variant,87.745
MACROH2A1,bos_taurus,Bos taurus,ENSBTAG00000016105,heart,87.64,MACROH2A1:VGNC:83608,variant,87.745
MACROH2A1,bos_taurus,Bos taurus,ENSBTAG00000016105,heart,87.26,MACROH2A1:VGNC:83608,variant,87.745
MACROH2A1,bos_taurus,Bos taurus,ENSBTAG00000016105,brain,90.67,MACROH2A1:VGNC:83608,variant,90.67
MACROH2A1,bos_taurus,Bos taurus,ENSBTAG00000016105,cerebral cortex,90.04,MACROH2A1:VGNC:83608,variant,89.815
MACROH2A1,bos_taurus,Bos taurus,ENSBTAG00000016105,cerebral cortex,89.59,MACROH2A1:VGNC:83608,variant,89.815
MACROH2A1,bos_taurus,Bos taurus,ENSBTAG00000016105,retina,94.39,MACROH2A1:VGNC:83608,variant,94.39
MACROH2A1,bos_taurus,Bos taurus,ENSBTAG00000016105,pons,83.97,MACROH2A1:VGNC:83608,variant,84.87
MACROH2A1,bos_taurus,Bos taurus,ENSBTAG00000016105,pons,85.77,MACROH2A1:VGNC:83608,variant,84.87
MACROH2A1,bos_taurus,Bos taurus,ENSBTAG00000016105,ovary,89.7,MACROH2A1:VGNC:83608,variant,88.88
MACROH2A1,bos_taurus,Bos taurus,ENSBTAG00000016105,ovary,88.6,MACROH2A1:VGNC:83608,variant,88.88
MACROH2A1,bos_taurus,Bos taurus,ENSBTAG00000016105,ovary,87.63,MACROH2A1:VGNC:83608,variant,88.88
MACROH2A1,bos_taurus,Bos taurus,ENSBTAG00000016105,ovary,89.59,MACROH2A1:VGNC:83608,variant,88.88
MACROH2A1,bos_taurus,Bos taurus,ENSBTAG00000016105,uterus,92.25,MACROH2A1:VGNC:83608,variant,92.45333333333333
MACROH2A1,bos_taurus,Bos taurus,ENSBTAG00000016105,uterus,92.59,MACROH2A1:VGNC:83608,variant,92.45333333333333
MACROH2A1,bos_taurus,Bos taurus,ENSBTAG00000016105,uterus,92.52,MACROH2A1:VGNC:83608,variant,92.45333333333333
MACROH2A1,bos_taurus,Bos taurus,ENSBTAG00000016105,vas deferens,92.69,MACROH2A1:VGNC:83608,variant,92.69
MACROH2A1,bos_taurus,Bos taurus,ENSBTAG00000016105,adipose tissue,89.24,MACROH2A1:VGNC:83608,variant,86.75
MACROH2A1,bos_taurus,Bos taurus,ENSBTAG00000016105,adipose tissue,84.47,MACROH2A1:VGNC:83608,variant,86.75
MACROH2A1,bos_taurus,Bos taurus,ENSBTAG00000016105,adipose tissue,87.74,MACROH2A1:VGNC:83608,variant,86.75
MACROH2A1,bos_taurus,Bos taurus,ENSBTAG00000016105,adipose tissue,84.24,MACROH2A1:VGNC:83608,variant,86.75
MACROH2A1,bos_taurus,Bos taurus,ENSBTAG00000016105,adipose tissue,85.62,MACROH2A1:VGNC:83608,variant,86.75
MACROH2A1,bos_taurus,Bos taurus,ENSBTAG00000016105,adipose tissue,89.19,MACROH2A1:VGNC:83608,variant,86.75
MACROH2A1,bos_taurus,Bos taurus,ENSBTAG00000016105,esophagus,94.02,MACROH2A1:VGNC:83608,variant,94.0
MACROH2A1,bos_taurus,Bos taurus,ENSBTAG00000016105,esophagus,93.98,MACROH2A1:VGNC:83608,variant,94.0
MACROH2A1,bos_taurus,Bos taurus,ENSBTAG00000016105,saliva-secreting gland,88.57,MACROH2A1:VGNC:83608,variant,88.60499999999999
MACROH2A1,bos_taurus,Bos taurus,ENSBTAG00000016105,saliva-secreting gland,88.64,MACROH2A1:VGNC:83608,variant,88.60499999999999
MACROH2A1,bos_taurus,Bos taurus,ENSBTAG00000016105,diaphragm,88.39,MACROH2A1:VGNC:83608,variant,88.39500000000001
MACROH2A1,bos_taurus,Bos taurus,ENSBTAG00000016105,diaphragm,88.4,MACROH2A1:VGNC:83608,variant,88.39500000000001
MACROH2A1,bos_taurus,Bos taurus,ENSBTAG00000016105,intercostal muscle,83.13,MACROH2A1:VGNC:83608,variant,83.13
MACROH2A1,bos_taurus,Bos taurus,ENSBTAG00000016105,skeletal muscle tissue,92.03,MACROH2A1:VGNC:83608,variant,89.985
MACROH2A1,bos_taurus,Bos taurus,ENSBTAG00000016105,skeletal muscle tissue,86.74,MACROH2A1:VGNC:83608,variant,89.985
MACROH2A1,bos_taurus,Bos taurus,ENSBTAG00000016105,skeletal muscle tissue,89.17,MACROH2A1:VGNC:83608,variant,89.985
MACROH2A1,bos_taurus,Bos taurus,ENSBTAG00000016105,skeletal muscle tissue,92.0,MACROH2A1:VGNC:83608,variant,89.985
MACROH2A1,bos_taurus,Bos taurus,ENSBTAG00000016105,caecum,92.22,MACROH2A1:VGNC:83608,variant,90.32666666666667
MACROH2A1,bos_taurus,Bos taurus,ENSBTAG00000016105,caecum,86.53,MACROH2A1:VGNC:83608,variant,90.32666666666667
MACROH2A1,bos_taurus,Bos taurus,ENSBTAG00000016105,caecum,92.23,MACROH2A1:VGNC:83608,variant,90.32666666666667
MACROH2A1,bos_taurus,Bos taurus,ENSBTAG00000016105,colon,91.08,MACROH2A1:VGNC:83608,variant,91.08
MACROH2A1,bos_taurus,Bos taurus,ENSBTAG00000016105,ascending colon,89.75,MACROH2A1:VGNC:83608,variant,89.765
MACROH2A1,bos_taurus,Bos taurus,ENSBTAG00000016105,ascending colon,89.78,MACROH2A1:VGNC:83608,variant,89.765
MACROH2A1,bos_taurus,Bos taurus,ENSBTAG00000016105,descending colon,90.91,MACROH2A1:VGNC:83608,variant,89.79666666666667
MACROH2A1,bos_taurus,Bos taurus,ENSBTAG00000016105,descending colon,87.58,MACROH2A1:VGNC:83608,variant,89.79666666666667
MACROH2A1,bos_taurus,Bos taurus,ENSBTAG00000016105,descending colon,90.9,MACROH2A1:VGNC:83608,variant,89.79666666666667
MACROH2A1,bos_taurus,Bos taurus,ENSBTAG00000016105,cortex of kidney,93.43,MACROH2A1:VGNC:83608,variant,93.43
MACROH2A1,bos_taurus,Bos taurus,ENSBTAG00000016105,urinary bladder,89.12,MACROH2A1:VGNC:83608,variant,89.14500000000001
MACROH2A1,bos_taurus,Bos taurus,ENSBTAG00000016105,urinary bladder,89.17,MACROH2A1:VGNC:83608,variant,89.14500000000001
MACROH2A1,bos_taurus,Bos taurus,ENSBTAG00000016105,endometrium,91.48,MACROH2A1:VGNC:83608,variant,91.10333333333334
MACROH2A1,bos_taurus,Bos taurus,ENSBTAG00000016105,endometrium,91.4,MACROH2A1:VGNC:83608,variant,91.10333333333334
MACROH2A1,bos_taurus,Bos taurus,ENSBTAG00000016105,endometrium,87.25,MACROH2A1:VGNC:83608,variant,91.10333333333334
MACROH2A1,bos_taurus,Bos taurus,ENSBTAG00000016105,endometrium,91.98,MACROH2A1:VGNC:83608,variant,91.10333333333334
MACROH2A1,bos_taurus,Bos taurus,ENSBTAG00000016105,endometrium,90.95,MACROH2A1:VGNC:83608,variant,91.10333333333334
MACROH2A1,bos_taurus,Bos taurus,ENSBTAG00000016105,endometrium,93.56,MACROH2A1:VGNC:83608,variant,91.10333333333334
MACROH2A1,bos_taurus,Bos taurus,ENSBTAG00000016105,myometrium,91.95,MACROH2A1:VGNC:83608,variant,91.95
MACROH2A1,bos_taurus,Bos taurus,ENSBTAG00000016105,myometrium,91.95,MACROH2A1:VGNC:83608,variant,91.95
MACROH2A1,bos_taurus,Bos taurus,ENSBTAG00000016105,gluteus medius,85.03,MACROH2A1:VGNC:83608,variant,85.05
MACROH2A1,bos_taurus,Bos taurus,ENSBTAG00000016105,gluteus medius,85.07,MACROH2A1:VGNC:83608,variant,85.05
MACROH2A1,bos_taurus,Bos taurus,ENSBTAG00000016105,biceps femoris,88.08,MACROH2A1:VGNC:83608,variant,88.08500000000001
MACROH2A1,bos_taurus,Bos taurus,ENSBTAG00000016105,biceps femoris,88.09,MACROH2A1:VGNC:83608,variant,88.08500000000001
MACROH2A1,bos_taurus,Bos taurus,ENSBTAG00000016105,semitendinosus,87.82,MACROH2A1:VGNC:83608,variant,87.27999999999999
MACROH2A1,bos_taurus,Bos taurus,ENSBTAG00000016105,semitendinosus,86.16,MACROH2A1:VGNC:83608,variant,87.27999999999999
MACROH2A1,bos_taurus,Bos taurus,ENSBTAG00000016105,semitendinosus,87.86,MACROH2A1:VGNC:83608,variant,87.27999999999999
MACROH2A1,bos_taurus,Bos taurus,ENSBTAG00000016105,rectus femoris,82.57,MACROH2A1:VGNC:83608,variant,82.595
MACROH2A1,bos_taurus,Bos taurus,ENSBTAG00000016105,rectus femoris,82.62,MACROH2A1:VGNC:83608,variant,82.595
MACROH2A1,bos_taurus,Bos taurus,ENSBTAG00000016105,semimembranosus muscle,84.9,MACROH2A1:VGNC:83608,variant,85.01666666666667
MACROH2A1,bos_taurus,Bos taurus,ENSBTAG00000016105,semimembranosus muscle,84.85,MACROH2A1:VGNC:83608,variant,85.01666666666667
MACROH2A1,bos_taurus,Bos taurus,ENSBTAG00000016105,semimembranosus muscle,85.3,MACROH2A1:VGNC:83608,variant,85.01666666666667
MACROH2A1,bos_taurus,Bos taurus,ENSBTAG00000016105,longissimus thoracis muscle,81.24,MACROH2A1:VGNC:83608,variant,86.696
MACROH2A1,bos_taurus,Bos taurus,ENSBTAG00000016105,longissimus thoracis muscle,86.9,MACROH2A1:VGNC:83608,variant,86.696
MACROH2A1,bos_taurus,Bos taurus,ENSBTAG00000016105,longissimus thoracis muscle,87.65,MACROH2A1:VGNC:83608,variant,86.696
MACROH2A1,bos_taurus,Bos taurus,ENSBTAG00000016105,longissimus thoracis muscle,86.41,MACROH2A1:VGNC:83608,variant,86.696
MACROH2A1,bos_taurus,Bos taurus,ENSBTAG00000016105,longissimus thoracis muscle,86.11,MACROH2A1:VGNC:83608,variant,86.696
MACROH2A1,bos_taurus,Bos taurus,ENSBTAG00000016105,longissimus thoracis muscle,86.45,MACROH2A1:VGNC:83608,variant,86.696
MACROH2A1,bos_taurus,Bos taurus,ENSBTAG00000016105,longissimus thoracis muscle,87.39,MACROH2A1:VGNC:83608,variant,86.696
MACROH2A1,bos_taurus,Bos taurus,ENSBTAG00000016105,longissimus thoracis muscle,86.3,MACROH2A1:VGNC:83608,variant,86.696
MACROH2A1,bos_taurus,Bos taurus,ENSBTAG00000016105,longissimus thoracis muscle,90.11,MACROH2A1:VGNC:83608,variant,86.696
MACROH2A1,bos_taurus,Bos taurus,ENSBTAG00000016105,longissimus thoracis muscle,88.4,MACROH2A1:VGNC:83608,variant,86.696
MACROH2A1,bos_taurus,Bos taurus,ENSBTAG00000016105,infraspinatus muscle,84.89,MACROH2A1:VGNC:83608,variant,84.86500000000001
MACROH2A1,bos_taurus,Bos taurus,ENSBTAG00000016105,infraspinatus muscle,84.84,MACROH2A1:VGNC:83608,variant,84.86500000000001
MACROH2A1,bos_taurus,Bos taurus,ENSBTAG00000016105,triceps brachii,85.2,MACROH2A1:VGNC:83608,variant,85.18
MACROH2A1,bos_taurus,Bos taurus,ENSBTAG00000016105,triceps brachii,85.16,MACROH2A1:VGNC:83608,variant,85.18
MACROH2A1,bos_taurus,Bos taurus,ENSBTAG00000016105,tongue,92.89,MACROH2A1:VGNC:83608,variant,89.83999999999999
MACROH2A1,bos_taurus,Bos taurus,ENSBTAG00000016105,tongue,92.92,MACROH2A1:VGNC:83608,variant,89.83999999999999
MACROH2A1,bos_taurus,Bos taurus,ENSBTAG00000016105,tongue,83.71,MACROH2A1:VGNC:83608,variant,89.83999999999999
MACROH2A1,bos_taurus,Bos taurus,ENSBTAG00000016105,nasopharynx,91.33,MACROH2A1:VGNC:83608,variant,91.33
MACROH2A1,bos_taurus,Bos taurus,ENSBTAG00000016105,pharyngeal tonsil,91.35,MACROH2A1:VGNC:83608,variant,91.35
MACROH2A1,bos_taurus,Bos taurus,ENSBTAG00000016105,laryngeal cartilage,81.96,MACROH2A1:VGNC:83608,variant,81.96
MACROH2A1,bos_taurus,Bos taurus,ENSBTAG00000016105,laryngeal cartilage,81.96,MACROH2A1:VGNC:83608,variant,81.96
MACROH2A1,bos_taurus,Bos taurus,ENSBTAG00000016105,anterior segment of eyeball,92.45,MACROH2A1:VGNC:83608,variant,92.45
MACROH2A1,bos_taurus,Bos taurus,ENSBTAG00000016105,nasal cavity mucosa,89.2,MACROH2A1:VGNC:83608,variant,89.18
MACROH2A1,bos_taurus,Bos taurus,ENSBTAG00000016105,nasal cavity mucosa,89.16,MACROH2A1:VGNC:83608,variant,89.18
MACROH2A1,bos_taurus,Bos taurus,ENSBTAG00000016105,frontal cortex,90.05,MACROH2A1:VGNC:83608,variant,90.08333333333333
MACROH2A1,bos_taurus,Bos taurus,ENSBTAG00000016105,frontal cortex,90.61,MACROH2A1:VGNC:83608,variant,90.08333333333333
MACROH2A1,bos_taurus,Bos taurus,ENSBTAG00000016105,frontal cortex,89.59,MACROH2A1:VGNC:83608,variant,90.08333333333333
MACROH2A1,bos_taurus,Bos taurus,ENSBTAG00000016105,choroid plexus,82.58,MACROH2A1:VGNC:83608,variant,82.58
MACROH2A1,bos_taurus,Bos taurus,ENSBTAG00000016105,midbrain,89.67,MACROH2A1:VGNC:83608,variant,89.67
MACROH2A1,bos_taurus,Bos taurus,ENSBTAG00000016105,hypothalamus,87.42,MACROH2A1:VGNC:83608,variant,89.38666666666666
MACROH2A1,bos_taurus,Bos taurus,ENSBTAG00000016105,hypothalamus,89.94,MACROH2A1:VGNC:83608,variant,89.38666666666666
MACROH2A1,bos_taurus,Bos taurus,ENSBTAG00000016105,hypothalamus,90.8,MACROH2A1:VGNC:83608,variant,89.38666666666666
MACROH2A1,bos_taurus,Bos taurus,ENSBTAG00000016105,mammary gland,90.46,MACROH2A1:VGNC:83608,variant,85.41749999999999
MACROH2A1,bos_taurus,Bos taurus,ENSBTAG00000016105,mammary gland,83.91,MACROH2A1:VGNC:83608,variant,85.41749999999999
MACROH2A1,bos_taurus,Bos taurus,ENSBTAG00000016105,mammary gland,89.89,MACROH2A1:VGNC:83608,variant,85.41749999999999
MACROH2A1,bos_taurus,Bos taurus,ENSBTAG00000016105,mammary gland,77.41,MACROH2A1:VGNC:83608,variant,85.41749999999999
MACROH2A1,bos_taurus,Bos taurus,ENSBTAG00000016105,milk,81.42,MACROH2A1:VGNC:83608,variant,81.34
MACROH2A1,bos_taurus,Bos taurus,ENSBTAG00000016105,milk,81.26,MACROH2A1:VGNC:83608,variant,81.34
MACROH2A1,bos_taurus,Bos taurus,ENSBTAG00000016105,Ammon's horn,91.3,MACROH2A1:VGNC:83608,variant,91.3
MACROH2A1,bos_taurus,Bos taurus,ENSBTAG00000016105,semen,82.25,MACROH2A1:VGNC:83608,variant,82.25
MACROH2A1,bos_taurus,Bos taurus,ENSBTAG00000016105,placenta,89.37,MACROH2A1:VGNC:83608,variant,89.605
MACROH2A1,bos_taurus,Bos taurus,ENSBTAG00000016105,placenta,89.84,MACROH2A1:VGNC:83608,variant,89.605
MACROH2A1,bos_taurus,Bos taurus,ENSBTAG00000016105,gluteal muscle,82.06,MACROH2A1:VGNC:83608,variant,82.06
MACROH2A1,bos_taurus,Bos taurus,ENSBTAG00000016105,occipital lobe,87.02,MACROH2A1:VGNC:83608,variant,87.02
MACROH2A1,bos_taurus,Bos taurus,ENSBTAG00000016105,cerebellum,89.42,MACROH2A1:VGNC:83608,variant,89.93333333333334
MACROH2A1,bos_taurus,Bos taurus,ENSBTAG00000016105,cerebellum,89.49,MACROH2A1:VGNC:83608,variant,89.93333333333334
MACROH2A1,bos_taurus,Bos taurus,ENSBTAG00000016105,cerebellum,90.89,MACROH2A1:VGNC:83608,variant,89.93333333333334
MACROH2A1,bos_taurus,Bos taurus,ENSBTAG00000016105,thyroid gland,92.86,MACROH2A1:VGNC:83608,variant,92.485
MACROH2A1,bos_taurus,Bos taurus,ENSBTAG00000016105,thyroid gland,92.11,MACROH2A1:VGNC:83608,variant,92.485
MACROH2A1,bos_taurus,Bos taurus,ENSBTAG00000016105,lung,88.68,MACROH2A1:VGNC:83608,variant,88.85714285714286
MACROH2A1,bos_taurus,Bos taurus,ENSBTAG00000016105,lung,89.13,MACROH2A1:VGNC:83608,variant,88.85714285714286
MACROH2A1,bos_taurus,Bos taurus,ENSBTAG00000016105,lung,89.19,MACROH2A1:VGNC:83608,variant,88.85714285714286
MACROH2A1,bos_taurus,Bos taurus,ENSBTAG00000016105,lung,89.55,MACROH2A1:VGNC:83608,variant,88.85714285714286
MACROH2A1,bos_taurus,Bos taurus,ENSBTAG00000016105,lung,86.66,MACROH2A1:VGNC:83608,variant,88.85714285714286
MACROH2A1,bos_taurus,Bos taurus,ENSBTAG00000016105,lung,88.99,MACROH2A1:VGNC:83608,variant,88.85714285714286
MACROH2A1,bos_taurus,Bos taurus,ENSBTAG00000016105,lung,89.8,MACROH2A1:VGNC:83608,variant,88.85714285714286
MACROH2A1,bos_taurus,Bos taurus,ENSBTAG00000016105,cardiac atrium,87.97,MACROH2A1:VGNC:83608,variant,87.955
MACROH2A1,bos_taurus,Bos taurus,ENSBTAG00000016105,cardiac atrium,87.94,MACROH2A1:VGNC:83608,variant,87.955
MACROH2A1,bos_taurus,Bos taurus,ENSBTAG00000016105,cardiac ventricle,85.18,MACROH2A1:VGNC:83608,variant,85.18
MACROH2A1,bos_taurus,Bos taurus,ENSBTAG00000016105,spleen,90.14,MACROH2A1:VGNC:83608,variant,90.38
MACROH2A1,bos_taurus,Bos taurus,ENSBTAG00000016105,spleen,91.11,MACROH2A1:VGNC:83608,variant,90.38
MACROH2A1,bos_taurus,Bos taurus,ENSBTAG00000016105,spleen,90.94,MACROH2A1:VGNC:83608,variant,90.38
MACROH2A1,bos_taurus,Bos taurus,ENSBTAG00000016105,spleen,89.52,MACROH2A1:VGNC:83608,variant,90.38
MACROH2A1,bos_taurus,Bos taurus,ENSBTAG00000016105,spleen,90.19,MACROH2A1:VGNC:83608,variant,90.38
MACROH2A1,bos_taurus,Bos taurus,ENSBTAG00000016105,liver,85.74,MACROH2A1:VGNC:83608,variant,83.904375
MACROH2A1,bos_taurus,Bos taurus,ENSBTAG00000016105,liver,84.02,MACROH2A1:VGNC:83608,variant,83.904375
MACROH2A1,bos_taurus,Bos taurus,ENSBTAG00000016105,liver,83.93,MACROH2A1:VGNC:83608,variant,83.904375
MACROH2A1,bos_taurus,Bos taurus,ENSBTAG00000016105,liver,84.25,MACROH2A1:VGNC:83608,variant,83.904375
MACROH2A1,bos_taurus,Bos taurus,ENSBTAG00000016105,liver,83.46,MACROH2A1:VGNC:83608,variant,83.904375
MACROH2A1,bos_taurus,Bos taurus,ENSBTAG00000016105,liver,83.62,MACROH2A1:VGNC:83608,variant,83.904375
MACROH2A1,bos_taurus,Bos taurus,ENSBTAG00000016105,liver,81.98,MACROH2A1:VGNC:83608,variant,83.904375
MACROH2A1,bos_taurus,Bos taurus,ENSBTAG00000016105,liver,79.38,MACROH2A1:VGNC:83608,variant,83.904375
MACROH2A1,bos_taurus,Bos taurus,ENSBTAG00000016105,liver,84.01,MACROH2A1:VGNC:83608,variant,83.904375
MACROH2A1,bos_taurus,Bos taurus,ENSBTAG00000016105,liver,86.81,MACROH2A1:VGNC:83608,variant,83.904375
MACROH2A1,bos_taurus,Bos taurus,ENSBTAG00000016105,liver,81.61,MACROH2A1:VGNC:83608,variant,83.904375
MACROH2A1,bos_taurus,Bos taurus,ENSBTAG00000016105,liver,84.45,MACROH2A1:VGNC:83608,variant,83.904375
MACROH2A1,bos_taurus,Bos taurus,ENSBTAG00000016105,liver,84.4,MACROH2A1:VGNC:83608,variant,83.904375
MACROH2A1,bos_taurus,Bos taurus,ENSBTAG00000016105,liver,85.31,MACROH2A1:VGNC:83608,variant,83.904375
MACROH2A1,bos_taurus,Bos taurus,ENSBTAG00000016105,liver,86.0,MACROH2A1:VGNC:83608,variant,83.904375
MACROH2A1,bos_taurus,Bos taurus,ENSBTAG00000016105,liver,83.5,MACROH2A1:VGNC:83608,variant,83.904375
MACROH2A1,bos_taurus,Bos taurus,ENSBTAG00000016105,gall bladder,88.69,MACROH2A1:VGNC:83608,variant,88.535
MACROH2A1,bos_taurus,Bos taurus,ENSBTAG00000016105,gall bladder,88.38,MACROH2A1:VGNC:83608,variant,88.535
MACROH2A1,bos_taurus,Bos taurus,ENSBTAG00000016105,kidney,92.97,MACROH2A1:VGNC:83608,variant,92.97
MACROH2A1,bos_taurus,Bos taurus,ENSBTAG00000016105,duodenum,92.15,MACROH2A1:VGNC:83608,variant,90.9925
MACROH2A1,bos_taurus,Bos taurus,ENSBTAG00000016105,duodenum,89.45,MACROH2A1:VGNC:83608,variant,90.9925
MACROH2A1,bos_taurus,Bos taurus,ENSBTAG00000016105,duodenum,90.19,MACROH2A1:VGNC:83608,variant,90.9925
MACROH2A1,bos_taurus,Bos taurus,ENSBTAG00000016105,duodenum,92.18,MACROH2A1:VGNC:83608,variant,90.9925
MACROH2A1,bos_taurus,Bos taurus,ENSBTAG00000016105,jejunum,91.13,MACROH2A1:VGNC:83608,variant,91.205
MACROH2A1,bos_taurus,Bos taurus,ENSBTAG00000016105,jejunum,90.68,MACROH2A1:VGNC:83608,variant,91.205
MACROH2A1,bos_taurus,Bos taurus,ENSBTAG00000016105,jejunum,91.5,MACROH2A1:VGNC:83608,variant,91.205
MACROH2A1,bos_taurus,Bos taurus,ENSBTAG00000016105,jejunum,91.51,MACROH2A1:VGNC:83608,variant,91.205
MACROH2A1,bos_taurus,Bos taurus,ENSBTAG00000016105,ileum,91.18,MACROH2A1:VGNC:83608,variant,91.324
MACROH2A1,bos_taurus,Bos taurus,ENSBTAG00000016105,ileum,93.37,MACROH2A1:VGNC:83608,variant,91.324
MACROH2A1,bos_taurus,Bos taurus,ENSBTAG00000016105,ileum,88.18,MACROH2A1:VGNC:83608,variant,91.324
MACROH2A1,bos_taurus,Bos taurus,ENSBTAG00000016105,ileum,90.58,MACROH2A1:VGNC:83608,variant,91.324
MACROH2A1,bos_taurus,Bos taurus,ENSBTAG00000016105,ileum,93.31,MACROH2A1:VGNC:83608,variant,91.324
MACROH2A1,bos_taurus,Bos taurus,ENSBTAG00000016105,subcutaneous adipose tissue,91.29,MACROH2A1:VGNC:83608,variant,86.56272727272727
MACROH2A1,bos_taurus,Bos taurus,ENSBTAG00000016105,subcutaneous adipose tissue,87.8,MACROH2A1:VGNC:83608,variant,86.56272727272727
MACROH2A1,bos_taurus,Bos taurus,ENSBTAG00000016105,subcutaneous adipose tissue,86.17,MACROH2A1:VGNC:83608,variant,86.56272727272727
MACROH2A1,bos_taurus,Bos taurus,ENSBTAG00000016105,subcutaneous adipose tissue,85.9,MACROH2A1:VGNC:83608,variant,86.56272727272727
MACROH2A1,bos_taurus,Bos taurus,ENSBTAG00000016105,subcutaneous adipose tissue,87.8,MACROH2A1:VGNC:83608,variant,86.56272727272727
MACROH2A1,bos_taurus,Bos taurus,ENSBTAG00000016105,subcutaneous adipose tissue,84.61,MACROH2A1:VGNC:83608,variant,86.56272727272727
MACROH2A1,bos_taurus,Bos taurus,ENSBTAG00000016105,subcutaneous adipose tissue,85.77,MACROH2A1:VGNC:83608,variant,86.56272727272727
MACROH2A1,bos_taurus,Bos taurus,ENSBTAG00000016105,subcutaneous adipose tissue,86.23,MACROH2A1:VGNC:83608,variant,86.56272727272727
MACROH2A1,bos_taurus,Bos taurus,ENSBTAG00000016105,subcutaneous adipose tissue,85.58,MACROH2A1:VGNC:83608,variant,86.56272727272727
MACROH2A1,bos_taurus,Bos taurus,ENSBTAG00000016105,subcutaneous adipose tissue,83.88,MACROH2A1:VGNC:83608,variant,86.56272727272727
MACROH2A1,bos_taurus,Bos taurus,ENSBTAG00000016105,subcutaneous adipose tissue,87.16,MACROH2A1:VGNC:83608,variant,86.56272727272727
MACROH2A1,bos_taurus,Bos taurus,ENSBTAG00000016105,adenohypophysis,92.87,MACROH2A1:VGNC:83608,variant,92.93
MACROH2A1,bos_taurus,Bos taurus,ENSBTAG00000016105,adenohypophysis,92.99,MACROH2A1:VGNC:83608,variant,92.93
MACROH2A1,bos_taurus,Bos taurus,ENSBTAG00000016105,neurohypophysis,93.01,MACROH2A1:VGNC:83608,variant,92.95
MACROH2A1,bos_taurus,Bos taurus,ENSBTAG00000016105,neurohypophysis,92.89,MACROH2A1:VGNC:83608,variant,92.95
MACROH2A1,bos_taurus,Bos taurus,ENSBTAG00000016105,uterine horn,92.06,MACROH2A1:VGNC:83608,variant,92.06
MACROH2A1,bos_taurus,Bos taurus,ENSBTAG00000016105,prostate gland,90.82,MACROH2A1:VGNC:83608,variant,90.82
MACROH2A1,bos_taurus,Bos taurus,ENSBTAG00000016105,adrenal gland,91.19,MACROH2A1:VGNC:83608,variant,90.61
MACROH2A1,bos_taurus,Bos taurus,ENSBTAG00000016105,adrenal gland,91.2,MACROH2A1:VGNC:83608,variant,90.61
MACROH2A1,bos_taurus,Bos taurus,ENSBTAG00000016105,adrenal gland,89.44,MACROH2A1:VGNC:83608,variant,90.61
MACROH2A1,bos_taurus,Bos taurus,ENSBTAG00000016105,thymus,94.0,MACROH2A1:VGNC:83608,variant,94.0
MACROH2A1,bos_taurus,Bos taurus,ENSBTAG00000016105,bone marrow,86.54,MACROH2A1:VGNC:83608,variant,86.55000000000001
MACROH2A1,bos_taurus,Bos taurus,ENSBTAG00000016105,bone marrow,86.56,MACROH2A1:VGNC:83608,variant,86.55000000000001
MACROH2A1,bos_taurus,Bos taurus,ENSBTAG00000016105,supraspinatus muscle,86.57,MACROH2A1:VGNC:83608,variant,86.585
MACROH2A1,bos_taurus,Bos taurus,ENSBTAG00000016105,supraspinatus muscle,86.6,MACROH2A1:VGNC:83608,variant,86.585
MACROH2A1,bos_taurus,Bos taurus,ENSBTAG00000016105,muscle tissue,85.87,MACROH2A1:VGNC:83608,variant,84.05571428571429
MACROH2A1,bos_taurus,Bos taurus,ENSBTAG00000016105,muscle tissue,86.04,MACROH2A1:VGNC:83608,variant,84.05571428571429
MACROH2A1,bos_taurus,Bos taurus,ENSBTAG00000016105,muscle tissue,83.16,MACROH2A1:VGNC:83608,variant,84.05571428571429
MACROH2A1,bos_taurus,Bos taurus,ENSBTAG00000016105,muscle tissue,82.66,MACROH2A1:VGNC:83608,variant,84.05571428571429
MACROH2A1,bos_taurus,Bos taurus,ENSBTAG00000016105,muscle tissue,81.36,MACROH2A1:VGNC:83608,variant,84.05571428571429
MACROH2A1,bos_taurus,Bos taurus,ENSBTAG00000016105,muscle tissue,85.4,MACROH2A1:VGNC:83608,variant,84.05571428571429
MACROH2A1,bos_taurus,Bos taurus,ENSBTAG00000016105,muscle tissue,83.9,MACROH2A1:VGNC:83608,variant,84.05571428571429
MACROH2A1,bos_taurus,Bos taurus,ENSBTAG00000016105,abdominal lymph node,88.09,MACROH2A1:VGNC:83608,variant,88.09
MACROH2A1,bos_taurus,Bos taurus,ENSBTAG00000016105,mesenteric lymph node,90.73,MACROH2A1:VGNC:83608,variant,90.75
MACROH2A1,bos_taurus,Bos taurus,ENSBTAG00000016105,mesenteric lymph node,90.77,MACROH2A1:VGNC:83608,variant,90.75
MACROH2A1,bos_taurus,Bos taurus,ENSBTAG00000016105,corpus luteum,84.68,MACROH2A1:VGNC:83608,variant,84.71000000000001
MACROH2A1,bos_taurus,Bos taurus,ENSBTAG00000016105,corpus luteum,84.74,MACROH2A1:VGNC:83608,variant,84.71000000000001
MACROH2A1,bos_taurus,Bos taurus,ENSBTAG00000016105,trachea,89.54,MACROH2A1:VGNC:83608,variant,89.545
MACROH2A1,bos_taurus,Bos taurus,ENSBTAG00000016105,trachea,89.55,MACROH2A1:VGNC:83608,variant,89.545
MACROH2A1,bos_taurus,Bos taurus,ENSBTAG00000016105,floor plate of diencephalon,90.15,MACROH2A1:VGNC:83608,variant,90.15
MACROH2A1,bos_taurus,Bos taurus,ENSBTAG00000016105,uterine tube infundibulum,92.31,MACROH2A1:VGNC:83608,variant,93.39
MACROH2A1,bos_taurus,Bos taurus,ENSBTAG00000016105,uterine tube infundibulum,94.47,MACROH2A1:VGNC:83608,variant,93.39
MACROH2A1,bos_taurus,Bos taurus,ENSBTAG00000016105,mammary gland fat,88.93,MACROH2A1:VGNC:83608,variant,88.93
MACROH2A1,bos_taurus,Bos taurus,ENSBTAG00000016105,caput epididymis,91.55,MACROH2A1:VGNC:83608,variant,91.55
MACROH2A1,bos_taurus,Bos taurus,ENSBTAG00000016105,corpus epididymis,92.93,MACROH2A1:VGNC:83608,variant,92.93
MACROH2A1,bos_taurus,Bos taurus,ENSBTAG00000016105,dorsal thalamus,89.71,MACROH2A1:VGNC:83608,variant,89.71
MACROH2A1,bos_taurus,Bos taurus,ENSBTAG00000016105,conceptus,81.64,MACROH2A1:VGNC:83608,variant,81.64
MACROH2A1,bos_taurus,Bos taurus,ENSBTAG00000016105,oviduct epithelium,93.88,MACROH2A1:VGNC:83608,variant,93.88
MACROH2A1,bos_taurus,Bos taurus,ENSBTAG00000016105,olfactory segment of nasal mucosa,91.97,MACROH2A1:VGNC:83608,variant,91.87
MACROH2A1,bos_taurus,Bos taurus,ENSBTAG00000016105,olfactory segment of nasal mucosa,91.77,MACROH2A1:VGNC:83608,variant,91.87
MACROH2A1,bos_taurus,Bos taurus,ENSBTAG00000016105,digestive system secreted substance,94.54,MACROH2A1:VGNC:83608,variant,94.54
MACROH2A1,bos_taurus,Bos taurus,ENSBTAG00000016105,abomasum,90.07,MACROH2A1:VGNC:83608,variant,90.08666666666666
MACROH2A1,bos_taurus,Bos taurus,ENSBTAG00000016105,abomasum,90.06,MACROH2A1:VGNC:83608,variant,90.08666666666666
MACROH2A1,bos_taurus,Bos taurus,ENSBTAG00000016105,abomasum,90.13,MACROH2A1:VGNC:83608,variant,90.08666666666666
MACROH2A1,bos_taurus,Bos taurus,ENSBTAG00000016105,ruminant reticulum,95.36,MACROH2A1:VGNC:83608,variant,95.37
MACROH2A1,bos_taurus,Bos taurus,ENSBTAG00000016105,ruminant reticulum,95.38,MACROH2A1:VGNC:83608,variant,95.37
MACROH2A1,bos_taurus,Bos taurus,ENSBTAG00000016105,omasum,93.52,MACROH2A1:VGNC:83608,variant,93.5
MACROH2A1,bos_taurus,Bos taurus,ENSBTAG00000016105,omasum,93.48,MACROH2A1:VGNC:83608,variant,93.5
MACROH2A1,bos_taurus,Bos taurus,ENSBTAG00000016105,rumen,94.47,MACROH2A1:VGNC:83608,variant,93.442
MACROH2A1,bos_taurus,Bos taurus,ENSBTAG00000016105,rumen,91.93,MACROH2A1:VGNC:83608,variant,93.442
MACROH2A1,bos_taurus,Bos taurus,ENSBTAG00000016105,rumen,94.55,MACROH2A1:VGNC:83608,variant,93.442
MACROH2A1,bos_taurus,Bos taurus,ENSBTAG00000016105,rumen,91.82,MACROH2A1:VGNC:83608,variant,93.442
MACROH2A1,bos_taurus,Bos taurus,ENSBTAG00000016105,rumen,94.44,MACROH2A1:VGNC:83608,variant,93.442
MACROH2A1,bos_taurus,Bos taurus,ENSBTAG00000016105,surface of tongue,93.11,MACROH2A1:VGNC:83608,variant,93.11500000000001
MACROH2A1,bos_taurus,Bos taurus,ENSBTAG00000016105,surface of tongue,93.12,MACROH2A1:VGNC:83608,variant,93.11500000000001
MACROH2A1,bos_taurus,Bos taurus,ENSBTAG00000016105,pigment epithelium of eye,87.01,MACROH2A1:VGNC:83608,variant,87.025
MACROH2A1,bos_taurus,Bos taurus,ENSBTAG00000016105,pigment epithelium of eye,87.04,MACROH2A1:VGNC:83608,variant,87.025
MACROH2A1,bos_taurus,Bos taurus,ENSBTAG00000016105,rumen epithelium,90.13,MACROH2A1:VGNC:83608,variant,92.2
MACROH2A1,bos_taurus,Bos taurus,ENSBTAG00000016105,rumen epithelium,92.97,MACROH2A1:VGNC:83608,variant,92.2
MACROH2A1,bos_taurus,Bos taurus,ENSBTAG00000016105,rumen epithelium,93.5,MACROH2A1:VGNC:83608,variant,92.2
MACROH2A1,bos_taurus,Bos taurus,ENSBTAG00000016105,rumen papilla,94.47,MACROH2A1:VGNC:83608,variant,94.18333333333334
MACROH2A1,bos_taurus,Bos taurus,ENSBTAG00000016105,rumen papilla,93.57,MACROH2A1:VGNC:83608,variant,94.18333333333334
MACROH2A1,bos_taurus,Bos taurus,ENSBTAG00000016105,rumen papilla,94.51,MACROH2A1:VGNC:83608,variant,94.18333333333334
MACROH2A1,bos_taurus,Bos taurus,ENSBTAG00000016105,spiral colon,86.13,MACROH2A1:VGNC:83608,variant,86.13
MACROH2A1,bos_taurus,Bos taurus,ENSBTAG00000016105,omental fat pad,83.77,MACROH2A1:VGNC:83608,variant,84.05
MACROH2A1,bos_taurus,Bos taurus,ENSBTAG00000016105,omental fat pad,84.33,MACROH2A1:VGNC:83608,variant,84.05
MACROH2A1,bos_taurus,Bos taurus,ENSBTAG00000016105,metanephros cortex,93.37,MACROH2A1:VGNC:83608,variant,93.37
MACROH2A1,bos_taurus,Bos taurus,ENSBTAG00000016105,ampulla of uterine tube,91.09,MACROH2A1:VGNC:83608,variant,91.62
MACROH2A1,bos_taurus,Bos taurus,ENSBTAG00000016105,ampulla of uterine tube,92.15,MACROH2A1:VGNC:83608,variant,91.62
MACROH2A1,bos_taurus,Bos taurus,ENSBTAG00000016105,retropharyngeal lymph node,89.65,MACROH2A1:VGNC:83608,variant,89.65
MACROH2A1,bos_taurus,Bos taurus,ENSBTAG00000016105,temporal cortex,89.45,MACROH2A1:VGNC:83608,variant,89.42
MACROH2A1,bos_taurus,Bos taurus,ENSBTAG00000016105,temporal cortex,89.39,MACROH2A1:VGNC:83608,variant,89.42
MACROH2A1,bos_taurus,Bos taurus,ENSBTAG00000016105,isthmus of fallopian tube,91.06,MACROH2A1:VGNC:83608,variant,91.06
MACROH2A1,bos_taurus,Bos taurus,ENSBTAG00000016105,isthmus of fallopian tube,91.06,MACROH2A1:VGNC:83608,variant,91.06
MACROH2A1,bos_taurus,Bos taurus,ENSBTAG00000016105,intramuscular adipose tissue,83.51,MACROH2A1:VGNC:83608,variant,84.11
MACROH2A1,bos_taurus,Bos taurus,ENSBTAG00000016105,intramuscular adipose tissue,84.71,MACROH2A1:VGNC:83608,variant,84.11
MACROH2A1,bos_taurus,Bos taurus,ENSBTAG00000016105,scapular muscle,83.97,MACROH2A1:VGNC:83608,variant,83.97
MACROH2A1,bos_taurus,Bos taurus,ENSBTAG00000016105,parenchyma of mammary gland,91.24,MACROH2A1:VGNC:83608,variant,91.24
MACROH2A1,canis_lupus_familiaris,Canis lupus familiaris,ENSCAFG00000001076,granulocyte,79.74,MACROH2A1:VGNC:81622,variant,79.74
MACROH2A1,canis_lupus_familiaris,Canis lupus familiaris,ENSCAFG00000001076,keratinocyte,95.89,MACROH2A1:VGNC:81622,variant,95.89
MACROH2A1,canis_lupus_familiaris,Canis lupus familiaris,ENSCAFG00000001076,nose,95.92,MACROH2A1:VGNC:81622,variant,95.92
MACROH2A1,canis_lupus_familiaris,Canis lupus familiaris,ENSCAFG00000001076,pituitary gland,97.0,MACROH2A1:VGNC:81622,variant,97.64999999999999
MACROH2A1,canis_lupus_familiaris,Canis lupus familiaris,ENSCAFG00000001076,pituitary gland,98.17,MACROH2A1:VGNC:81622,variant,97.64999999999999
MACROH2A1,canis_lupus_familiaris,Canis lupus familiaris,ENSCAFG00000001076,pituitary gland,97.78,MACROH2A1:VGNC:81622,variant,97.64999999999999
MACROH2A1,canis_lupus_familiaris,Canis lupus familiaris,ENSCAFG00000001076,zone of skin,95.04,MACROH2A1:VGNC:81622,variant,93.01142857142858
MACROH2A1,canis_lupus_familiaris,Canis lupus familiaris,ENSCAFG00000001076,zone of skin,93.28,MACROH2A1:VGNC:81622,variant,93.01142857142858
MACROH2A1,canis_lupus_familiaris,Canis lupus familiaris,ENSCAFG00000001076,zone of skin,93.82,MACROH2A1:VGNC:81622,variant,93.01142857142858
MACROH2A1,canis_lupus_familiaris,Canis lupus familiaris,ENSCAFG00000001076,zone of skin,93.84,MACROH2A1:VGNC:81622,variant,93.01142857142858
MACROH2A1,canis_lupus_familiaris,Canis lupus familiaris,ENSCAFG00000001076,zone of skin,92.1,MACROH2A1:VGNC:81622,variant,93.01142857142858
MACROH2A1,canis_lupus_familiaris,Canis lupus familiaris,ENSCAFG00000001076,zone of skin,91.69,MACROH2A1:VGNC:81622,variant,93.01142857142858
MACROH2A1,canis_lupus_familiaris,Canis lupus familiaris,ENSCAFG00000001076,zone of skin,91.31,MACROH2A1:VGNC:81622,variant,93.01142857142858
MACROH2A1,canis_lupus_familiaris,Canis lupus familiaris,ENSCAFG00000001076,lymph node,91.38,MACROH2A1:VGNC:81622,variant,92.77
MACROH2A1,canis_lupus_familiaris,Canis lupus familiaris,ENSCAFG00000001076,lymph node,94.16,MACROH2A1:VGNC:81622,variant,92.77
MACROH2A1,canis_lupus_familiaris,Canis lupus familiaris,ENSCAFG00000001076,head,95.91,MACROH2A1:VGNC:81622,variant,97.24333333333334
MACROH2A1,canis_lupus_familiaris,Canis lupus familiaris,ENSCAFG00000001076,head,97.64,MACROH2A1:VGNC:81622,variant,97.24333333333334
MACROH2A1,canis_lupus_familiaris,Canis lupus familiaris,ENSCAFG00000001076,head,98.18,MACROH2A1:VGNC:81622,variant,97.24333333333334
MACROH2A1,canis_lupus_familiaris,Canis lupus familiaris,ENSCAFG00000001076,large intestine,97.04,MACROH2A1:VGNC:81622,variant,97.04
MACROH2A1,canis_lupus_familiaris,Canis lupus familiaris,ENSCAFG00000001076,adult mammalian kidney,97.05,MACROH2A1:VGNC:81622,variant,95.15333333333332
MACROH2A1,canis_lupus_familiaris,Canis lupus familiaris,ENSCAFG00000001076,adult mammalian kidney,97.42,MACROH2A1:VGNC:81622,variant,95.15333333333332
MACROH2A1,canis_lupus_familiaris,Canis lupus familiaris,ENSCAFG00000001076,adult mammalian kidney,90.99,MACROH2A1:VGNC:81622,variant,95.15333333333332
MACROH2A1,canis_lupus_familiaris,Canis lupus familiaris,ENSCAFG00000001076,blood,95.09,MACROH2A1:VGNC:81622,variant,95.09
MACROH2A1,canis_lupus_familiaris,Canis lupus familiaris,ENSCAFG00000001076,renal medulla,93.52,MACROH2A1:VGNC:81622,variant,93.52
MACROH2A1,canis_lupus_familiaris,Canis lupus familiaris,ENSCAFG00000001076,prefrontal cortex,93.9,MACROH2A1:VGNC:81622,variant,93.9
MACROH2A1,canis_lupus_familiaris,Canis lupus familiaris,ENSCAFG00000001076,testis,94.02,MACROH2A1:VGNC:81622,variant,88.313
MACROH2A1,canis_lupus_familiaris,Canis lupus familiaris,ENSCAFG00000001076,testis,90.76,MACROH2A1:VGNC:81622,variant,88.313
MACROH2A1,canis_lupus_familiaris,Canis lupus familiaris,ENSCAFG00000001076,testis,87.5,MACROH2A1:VGNC:81622,variant,88.313
MACROH2A1,canis_lupus_familiaris,Canis lupus familiaris,ENSCAFG00000001076,testis,87.37,MACROH2A1:VGNC:81622,variant,88.313
MACROH2A1,canis_lupus_familiaris,Canis lupus familiaris,ENSCAFG00000001076,testis,91.69,MACROH2A1:VGNC:81622,variant,88.313
MACROH2A1,canis_lupus_familiaris,Canis lupus familiaris,ENSCAFG00000001076,testis,84.23,MACROH2A1:VGNC:81622,variant,88.313
MACROH2A1,canis_lupus_familiaris,Canis lupus familiaris,ENSCAFG00000001076,testis,86.38,MACROH2A1:VGNC:81622,variant,88.313
MACROH2A1,canis_lupus_familiaris,Canis lupus familiaris,ENSCAFG00000001076,testis,87.83,MACROH2A1:VGNC:81622,variant,88.313
MACROH2A1,canis_lupus_familiaris,Canis lupus familiaris,ENSCAFG00000001076,testis,87.15,MACROH2A1:VGNC:81622,variant,88.313
MACROH2A1,canis_lupus_familiaris,Canis lupus familiaris,ENSCAFG00000001076,testis,86.2,MACROH2A1:VGNC:81622,variant,88.313
MACROH2A1,canis_lupus_familiaris,Canis lupus familiaris,ENSCAFG00000001076,stomach,95.44,MACROH2A1:VGNC:81622,variant,95.19
MACROH2A1,canis_lupus_familiaris,Canis lupus familiaris,ENSCAFG00000001076,stomach,94.94,MACROH2A1:VGNC:81622,variant,95.19
MACROH2A1,canis_lupus_familiaris,Canis lupus familiaris,ENSCAFG00000001076,heart,89.47,MACROH2A1:VGNC:81622,variant,91.7
MACROH2A1,canis_lupus_familiaris,Canis lupus familiaris,ENSCAFG00000001076,heart,93.67,MACROH2A1:VGNC:81622,variant,91.7
MACROH2A1,canis_lupus_familiaris,Canis lupus familiaris,ENSCAFG00000001076,heart,91.96,MACROH2A1:VGNC:81622,variant,91.7
MACROH2A1,canis_lupus_familiaris,Canis lupus familiaris,ENSCAFG00000001076,brain,95.08,MACROH2A1:VGNC:81622,variant,95.14
MACROH2A1,canis_lupus_familiaris,Canis lupus familiaris,ENSCAFG00000001076,brain,95.2,MACROH2A1:VGNC:81622,variant,95.14
MACROH2A1,canis_lupus_familiaris,Canis lupus familiaris,ENSCAFG00000001076,cerebral cortex,94.78,MACROH2A1:VGNC:81622,variant,94.525
MACROH2A1,canis_lupus_familiaris,Canis lupus familiaris,ENSCAFG00000001076,cerebral cortex,94.27,MACROH2A1:VGNC:81622,variant,94.525
MACROH2A1,canis_lupus_familiaris,Canis lupus familiaris,ENSCAFG00000001076,retina,95.65,MACROH2A1:VGNC:81622,variant,95.65
MACROH2A1,canis_lupus_familiaris,Canis lupus familiaris,ENSCAFG00000001076,ovary,94.95,MACROH2A1:VGNC:81622,variant,94.95
MACROH2A1,canis_lupus_familiaris,Canis lupus familiaris,ENSCAFG00000001076,adipose tissue,90.33,MACROH2A1:VGNC:81622,variant,90.33
MACROH2A1,canis_lupus_familiaris,Canis lupus familiaris,ENSCAFG00000001076,saliva-secreting gland,92.54,MACROH2A1:VGNC:81622,variant,92.54
MACROH2A1,canis_lupus_familiaris,Canis lupus familiaris,ENSCAFG00000001076,skeletal muscle tissue,88.07,MACROH2A1:VGNC:81622,variant,88.495
MACROH2A1,canis_lupus_familiaris,Canis lupus familiaris,ENSCAFG00000001076,skeletal muscle tissue,88.92,MACROH2A1:VGNC:81622,variant,88.495
MACROH2A1,canis_lupus_familiaris,Canis lupus familiaris,ENSCAFG00000001076,smooth muscle tissue,87.42,MACROH2A1:VGNC:81622,variant,87.42
MACROH2A1,canis_lupus_familiaris,Canis lupus familiaris,ENSCAFG00000001076,colon,97.19,MACROH2A1:VGNC:81622,variant,95.305
MACROH2A1,canis_lupus_familiaris,Canis lupus familiaris,ENSCAFG00000001076,colon,93.42,MACROH2A1:VGNC:81622,variant,95.305
MACROH2A1,canis_lupus_familiaris,Canis lupus familiaris,ENSCAFG00000001076,adrenal cortex,94.25,MACROH2A1:VGNC:81622,variant,94.675
MACROH2A1,canis_lupus_familiaris,Canis lupus familiaris,ENSCAFG00000001076,adrenal cortex,95.1,MACROH2A1:VGNC:81622,variant,94.675
MACROH2A1,canis_lupus_familiaris,Canis lupus familiaris,ENSCAFG00000001076,urinary bladder,92.36,MACROH2A1:VGNC:81622,variant,92.36
MACROH2A1,canis_lupus_familiaris,Canis lupus familiaris,ENSCAFG00000001076,mucosa of urinary bladder,96.67,MACROH2A1:VGNC:81622,variant,96.63
MACROH2A1,canis_lupus_familiaris,Canis lupus familiaris,ENSCAFG00000001076,mucosa of urinary bladder,96.59,MACROH2A1:VGNC:81622,variant,96.63
MACROH2A1,canis_lupus_familiaris,Canis lupus familiaris,ENSCAFG00000001076,pancreas,90.13,MACROH2A1:VGNC:81622,variant,91.99666666666667
MACROH2A1,canis_lupus_familiaris,Canis lupus familiaris,ENSCAFG00000001076,pancreas,90.91,MACROH2A1:VGNC:81622,variant,91.99666666666667
MACROH2A1,canis_lupus_familiaris,Canis lupus familiaris,ENSCAFG00000001076,pancreas,94.95,MACROH2A1:VGNC:81622,variant,91.99666666666667
MACROH2A1,canis_lupus_familiaris,Canis lupus familiaris,ENSCAFG00000001076,tongue,91.77,MACROH2A1:VGNC:81622,variant,91.77
MACROH2A1,canis_lupus_familiaris,Canis lupus familiaris,ENSCAFG00000001076,frontal cortex,94.59,MACROH2A1:VGNC:81622,variant,94.10000000000001
MACROH2A1,canis_lupus_familiaris,Canis lupus familiaris,ENSCAFG00000001076,frontal cortex,93.59,MACROH2A1:VGNC:81622,variant,94.10000000000001
MACROH2A1,canis_lupus_familiaris,Canis lupus familiaris,ENSCAFG00000001076,frontal cortex,94.12,MACROH2A1:VGNC:81622,variant,94.10000000000001
MACROH2A1,canis_lupus_familiaris,Canis lupus familiaris,ENSCAFG00000001076,temporal lobe,95.26,MACROH2A1:VGNC:81622,variant,95.26
MACROH2A1,canis_lupus_familiaris,Canis lupus familiaris,ENSCAFG00000001076,hypothalamus,95.43,MACROH2A1:VGNC:81622,variant,95.43
MACROH2A1,canis_lupus_familiaris,Canis lupus familiaris,ENSCAFG00000001076,mammary gland,96.32,MACROH2A1:VGNC:81622,variant,97.025
MACROH2A1,canis_lupus_familiaris,Canis lupus familiaris,ENSCAFG00000001076,mammary gland,97.73,MACROH2A1:VGNC:81622,variant,97.025
MACROH2A1,canis_lupus_familiaris,Canis lupus familiaris,ENSCAFG00000001076,placenta,95.69,MACROH2A1:VGNC:81622,variant,95.69
MACROH2A1,canis_lupus_familiaris,Canis lupus familiaris,ENSCAFG00000001076,occipital lobe,95.17,MACROH2A1:VGNC:81622,variant,95.17
MACROH2A1,canis_lupus_familiaris,Canis lupus familiaris,ENSCAFG00000001076,cerebellum,96.85,MACROH2A1:VGNC:81622,variant,96.715
MACROH2A1,canis_lupus_familiaris,Canis lupus familiaris,ENSCAFG00000001076,cerebellum,96.73,MACROH2A1:VGNC:81622,variant,96.715
MACROH2A1,canis_lupus_familiaris,Canis lupus familiaris,ENSCAFG00000001076,cerebellum,97.66,MACROH2A1:VGNC:81622,variant,96.715
MACROH2A1,canis_lupus_familiaris,Canis lupus familiaris,ENSCAFG00000001076,cerebellum,95.62,MACROH2A1:VGNC:81622,variant,96.715
MACROH2A1,canis_lupus_familiaris,Canis lupus familiaris,ENSCAFG00000001076,thyroid gland,95.34,MACROH2A1:VGNC:81622,variant,95.34
MACROH2A1,canis_lupus_familiaris,Canis lupus familiaris,ENSCAFG00000001076,lung,95.75,MACROH2A1:VGNC:81622,variant,95.5725
MACROH2A1,canis_lupus_familiaris,Canis lupus familiaris,ENSCAFG00000001076,lung,97.48,MACROH2A1:VGNC:81622,variant,95.5725
MACROH2A1,canis_lupus_familiaris,Canis lupus familiaris,ENSCAFG00000001076,lung,97.16,MACROH2A1:VGNC:81622,variant,95.5725
MACROH2A1,canis_lupus_familiaris,Canis lupus familiaris,ENSCAFG00000001076,lung,91.9,MACROH2A1:VGNC:81622,variant,95.5725
MACROH2A1,canis_lupus_familiaris,Canis lupus familiaris,ENSCAFG00000001076,hair follicle,94.4,MACROH2A1:VGNC:81622,variant,94.4
MACROH2A1,canis_lupus_familiaris,Canis lupus familiaris,ENSCAFG00000001076,right cardiac atrium,87.34,MACROH2A1:VGNC:81622,variant,87.34
MACROH2A1,canis_lupus_familiaris,Canis lupus familiaris,ENSCAFG00000001076,left cardiac atrium,87.3,MACROH2A1:VGNC:81622,variant,87.3
MACROH2A1,canis_lupus_familiaris,Canis lupus familiaris,ENSCAFG00000001076,heart right ventricle,87.01,MACROH2A1:VGNC:81622,variant,87.01
MACROH2A1,canis_lupus_familiaris,Canis lupus familiaris,ENSCAFG00000001076,heart left ventricle,89.38,MACROH2A1:VGNC:81622,variant,89.30666666666667
MACROH2A1,canis_lupus_familiaris,Canis lupus familiaris,ENSCAFG00000001076,heart left ventricle,88.34,MACROH2A1:VGNC:81622,variant,89.30666666666667
MACROH2A1,canis_lupus_familiaris,Canis lupus familiaris,ENSCAFG00000001076,heart left ventricle,90.2,MACROH2A1:VGNC:81622,variant,89.30666666666667
MACROH2A1,canis_lupus_familiaris,Canis lupus familiaris,ENSCAFG00000001076,spleen,95.23,MACROH2A1:VGNC:81622,variant,94.78333333333335
MACROH2A1,canis_lupus_familiaris,Canis lupus familiaris,ENSCAFG00000001076,spleen,95.13,MACROH2A1:VGNC:81622,variant,94.78333333333335
MACROH2A1,canis_lupus_familiaris,Canis lupus familiaris,ENSCAFG00000001076,spleen,93.99,MACROH2A1:VGNC:81622,variant,94.78333333333335
MACROH2A1,canis_lupus_familiaris,Canis lupus familiaris,ENSCAFG00000001076,liver,93.36,MACROH2A1:VGNC:81622,variant,94.01142857142858
MACROH2A1,canis_lupus_familiaris,Canis lupus familiaris,ENSCAFG00000001076,liver,95.26,MACROH2A1:VGNC:81622,variant,94.01142857142858
MACROH2A1,canis_lupus_familiaris,Canis lupus familiaris,ENSCAFG00000001076,liver,95.37,MACROH2A1:VGNC:81622,variant,94.01142857142858
MACROH2A1,canis_lupus_familiaris,Canis lupus familiaris,ENSCAFG00000001076,liver,94.47,MACROH2A1:VGNC:81622,variant,94.01142857142858
MACROH2A1,canis_lupus_familiaris,Canis lupus familiaris,ENSCAFG00000001076,liver,94.69,MACROH2A1:VGNC:81622,variant,94.01142857142858
MACROH2A1,canis_lupus_familiaris,Canis lupus familiaris,ENSCAFG00000001076,liver,92.93,MACROH2A1:VGNC:81622,variant,94.01142857142858
MACROH2A1,canis_lupus_familiaris,Canis lupus familiaris,ENSCAFG00000001076,liver,92.0,MACROH2A1:VGNC:81622,variant,94.01142857142858
MACROH2A1,canis_lupus_familiaris,Canis lupus familiaris,ENSCAFG00000001076,small intestine,97.29,MACROH2A1:VGNC:81622,variant,95.78
MACROH2A1,canis_lupus_familiaris,Canis lupus familiaris,ENSCAFG00000001076,small intestine,94.27,MACROH2A1:VGNC:81622,variant,95.78
MACROH2A1,canis_lupus_familiaris,Canis lupus familiaris,ENSCAFG00000001076,kidney,94.22,MACROH2A1:VGNC:81622,variant,94.22
MACROH2A1,canis_lupus_familiaris,Canis lupus familiaris,ENSCAFG00000001076,jejunum,96.83,MACROH2A1:VGNC:81622,variant,96.83
MACROH2A1,canis_lupus_familiaris,Canis lupus familiaris,ENSCAFG00000001076,mitral valve,92.35,MACROH2A1:VGNC:81622,variant,91.22
MACROH2A1,canis_lupus_familiaris,Canis lupus familiaris,ENSCAFG00000001076,mitral valve,90.09,MACROH2A1:VGNC:81622,variant,91.22
MACROH2A1,canis_lupus_familiaris,Canis lupus familiaris,ENSCAFG00000001076,spinal cord,93.12,MACROH2A1:VGNC:81622,variant,93.12
MACROH2A1,canis_lupus_familiaris,Canis lupus familiaris,ENSCAFG00000001076,olfactory bulb,96.01,MACROH2A1:VGNC:81622,variant,96.01
MACROH2A1,canis_lupus_familiaris,Canis lupus familiaris,ENSCAFG00000001076,adrenal gland,95.51,MACROH2A1:VGNC:81622,variant,95.045
MACROH2A1,canis_lupus_familiaris,Canis lupus familiaris,ENSCAFG00000001076,adrenal gland,94.58,MACROH2A1:VGNC:81622,variant,95.045
MACROH2A1,canis_lupus_familiaris,Canis lupus familiaris,ENSCAFG00000001076,thymus,98.15,MACROH2A1:VGNC:81622,variant,98.15
MACROH2A1,canis_lupus_familiaris,Canis lupus familiaris,ENSCAFG00000001076,bone marrow,92.9,MACROH2A1:VGNC:81622,variant,92.9
MACROH2A1,canis_lupus_familiaris,Canis lupus familiaris,ENSCAFG00000001076,cartilage tissue,94.38,MACROH2A1:VGNC:81622,variant,94.38
MACROH2A1,canis_lupus_familiaris,Canis lupus familiaris,ENSCAFG00000001076,cardiac muscle of left ventricle,86.37,MACROH2A1:VGNC:81622,variant,86.37
MACROH2A1,canis_lupus_familiaris,Canis lupus familiaris,ENSCAFG00000001076,metanephros cortex,94.11,MACROH2A1:VGNC:81622,variant,94.11
MACROH2A1,canis_lupus_familiaris,Canis lupus familiaris,ENSCAFG00000001076,occipital cortex,94.01,MACROH2A1:VGNC:81622,variant,94.01
MACROH2A1,equus_caballus,Equus caballus,ENSECAG00000010224,leukocyte,94.93,MACROH2A1:VGNC:81621,variant,94.93
MACROH2A1,equus_caballus,Equus caballus,ENSECAG00000010224,zone of skin,94.81,MACROH2A1:VGNC:81621,variant,95.015
MACROH2A1,equus_caballus,Equus caballus,ENSECAG00000010224,zone of skin,95.22,MACROH2A1:VGNC:81621,variant,95.015
MACROH2A1,equus_caballus,Equus caballus,ENSECAG00000010224,adult mammalian kidney,92.47,MACROH2A1:VGNC:81621,variant,92.47
MACROH2A1,equus_caballus,Equus caballus,ENSECAG00000010224,inner cell mass,73.43,MACROH2A1:VGNC:81621,variant,74.265
MACROH2A1,equus_caballus,Equus caballus,ENSECAG00000010224,inner cell mass,75.1,MACROH2A1:VGNC:81621,variant,74.265
MACROH2A1,equus_caballus,Equus caballus,ENSECAG00000010224,trophoblast,95.74,MACROH2A1:VGNC:81621,variant,95.7
MACROH2A1,equus_caballus,Equus caballus,ENSECAG00000010224,trophoblast,95.54,MACROH2A1:VGNC:81621,variant,95.7
MACROH2A1,equus_caballus,Equus caballus,ENSECAG00000010224,trophoblast,95.82,MACROH2A1:VGNC:81621,variant,95.7
MACROH2A1,equus_caballus,Equus caballus,ENSECAG00000010224,blood,96.69,MACROH2A1:VGNC:81621,variant,94.55166666666666
MACROH2A1,equus_caballus,Equus caballus,ENSECAG00000010224,blood,96.49,MACROH2A1:VGNC:81621,variant,94.55166666666666
MACROH2A1,equus_caballus,Equus caballus,ENSECAG00000010224,blood,94.77,MACROH2A1:VGNC:81621,variant,94.55166666666666
MACROH2A1,equus_caballus,Equus caballus,ENSECAG00000010224,blood,92.2,MACROH2A1:VGNC:81621,variant,94.55166666666666
MACROH2A1,equus_caballus,Equus caballus,ENSECAG00000010224,blood,95.64,MACROH2A1:VGNC:81621,variant,94.55166666666666
MACROH2A1,equus_caballus,Equus caballus,ENSECAG00000010224,blood,91.52,MACROH2A1:VGNC:81621,variant,94.55166666666666
MACROH2A1,equus_caballus,Equus caballus,ENSECAG00000010224,prefrontal cortex,92.87,MACROH2A1:VGNC:81621,variant,92.87
MACROH2A1,equus_caballus,Equus caballus,ENSECAG00000010224,multicellular organism,91.56,MACROH2A1:VGNC:81621,variant,91.56
MACROH2A1,equus_caballus,Equus caballus,ENSECAG00000010224,testis,79.81,MACROH2A1:VGNC:81621,variant,80.1
MACROH2A1,equus_caballus,Equus caballus,ENSECAG00000010224,testis,89.46,MACROH2A1:VGNC:81621,variant,80.1
MACROH2A1,equus_caballus,Equus caballus,ENSECAG00000010224,testis,70.8,MACROH2A1:VGNC:81621,variant,80.1
MACROH2A1,equus_caballus,Equus caballus,ENSECAG00000010224,testis,80.33,MACROH2A1:VGNC:81621,variant,80.1
MACROH2A1,equus_caballus,Equus caballus,ENSECAG00000010224,embryo,97.21,MACROH2A1:VGNC:81621,variant,97.21
MACROH2A1,equus_caballus,Equus caballus,ENSECAG00000010224,retina,94.84,MACROH2A1:VGNC:81621,variant,94.84
MACROH2A1,equus_caballus,Equus caballus,ENSECAG00000010224,endometrium,95.95,MACROH2A1:VGNC:81621,variant,95.95
MACROH2A1,equus_caballus,Equus caballus,ENSECAG00000010224,gluteus medius,89.61,MACROH2A1:VGNC:81621,variant,90.29
MACROH2A1,equus_caballus,Equus caballus,ENSECAG00000010224,gluteus medius,91.15,MACROH2A1:VGNC:81621,variant,90.29
MACROH2A1,equus_caballus,Equus caballus,ENSECAG00000010224,gluteus medius,89.97,MACROH2A1:VGNC:81621,variant,90.29
MACROH2A1,equus_caballus,Equus caballus,ENSECAG00000010224,gluteus medius,90.43,MACROH2A1:VGNC:81621,variant,90.29
MACROH2A1,equus_caballus,Equus caballus,ENSECAG00000010224,triceps brachii,87.02,MACROH2A1:VGNC:81621,variant,86.83500000000001
MACROH2A1,equus_caballus,Equus caballus,ENSECAG00000010224,triceps brachii,86.65,MACROH2A1:VGNC:81621,variant,86.83500000000001
MACROH2A1,equus_caballus,Equus caballus,ENSECAG00000010224,synovial membrane of synovial joint,94.69,MACROH2A1:VGNC:81621,variant,94.69
MACROH2A1,equus_caballus,Equus caballus,ENSECAG00000010224,epithelium of bronchus,96.03,MACROH2A1:VGNC:81621,variant,95.945
MACROH2A1,equus_caballus,Equus caballus,ENSECAG00000010224,epithelium of bronchus,95.86,MACROH2A1:VGNC:81621,variant,95.945
MACROH2A1,equus_caballus,Equus caballus,ENSECAG00000010224,cerebellum,96.55,MACROH2A1:VGNC:81621,variant,93.988
MACROH2A1,equus_caballus,Equus caballus,ENSECAG00000010224,cerebellum,94.98,MACROH2A1:VGNC:81621,variant,93.988
MACROH2A1,equus_caballus,Equus caballus,ENSECAG00000010224,cerebellum,93.19,MACROH2A1:VGNC:81621,variant,93.988
MACROH2A1,equus_caballus,Equus caballus,ENSECAG00000010224,cerebellum,90.62,MACROH2A1:VGNC:81621,variant,93.988
MACROH2A1,equus_caballus,Equus caballus,ENSECAG00000010224,cerebellum,94.6,MACROH2A1:VGNC:81621,variant,93.988
MACROH2A1,equus_caballus,Equus caballus,ENSECAG00000010224,liver,90.44,MACROH2A1:VGNC:81621,variant,90.44
MACROH2A1,equus_caballus,Equus caballus,ENSECAG00000010224,spinal cord,93.2,MACROH2A1:VGNC:81621,variant,90.86125
MACROH2A1,equus_caballus,Equus caballus,ENSECAG00000010224,spinal cord,88.74,MACROH2A1:VGNC:81621,variant,90.86125
MACROH2A1,equus_caballus,Equus caballus,ENSECAG00000010224,spinal cord,89.46,MACROH2A1:VGNC:81621,variant,90.86125
MACROH2A1,equus_caballus,Equus caballus,ENSECAG00000010224,spinal cord,89.52,MACROH2A1:VGNC:81621,variant,90.86125
MACROH2A1,equus_caballus,Equus caballus,ENSECAG00000010224,spinal cord,90.2,MACROH2A1:VGNC:81621,variant,90.86125
MACROH2A1,equus_caballus,Equus caballus,ENSECAG00000010224,spinal cord,93.5,MACROH2A1:VGNC:81621,variant,90.86125
MACROH2A1,equus_caballus,Equus caballus,ENSECAG00000010224,spinal cord,90.58,MACROH2A1:VGNC:81621,variant,90.86125
MACROH2A1,equus_caballus,Equus caballus,ENSECAG00000010224,spinal cord,91.69,MACROH2A1:VGNC:81621,variant,90.86125
MACROH2A1,equus_caballus,Equus caballus,ENSECAG00000010224,brainstem,85.54,MACROH2A1:VGNC:81621,variant,84.975
MACROH2A1,equus_caballus,Equus caballus,ENSECAG00000010224,brainstem,84.41,MACROH2A1:VGNC:81621,variant,84.975
MACROH2A1,equus_caballus,Equus caballus,ENSECAG00000010224,bone marrow,96.15,MACROH2A1:VGNC:81621,variant,96.15
MACROH2A1,equus_caballus,Equus caballus,ENSECAG00000010224,muscle tissue,87.6,MACROH2A1:VGNC:81621,variant,88.47999999999999
MACROH2A1,equus_caballus,Equus caballus,ENSECAG00000010224,muscle tissue,88.91,MACROH2A1:VGNC:81621,variant,88.47999999999999
MACROH2A1,equus_caballus,Equus caballus,ENSECAG00000010224,muscle tissue,88.21,MACROH2A1:VGNC:81621,variant,88.47999999999999
MACROH2A1,equus_caballus,Equus caballus,ENSECAG00000010224,muscle tissue,88.63,MACROH2A1:VGNC:81621,variant,88.47999999999999
MACROH2A1,equus_caballus,Equus caballus,ENSECAG00000010224,muscle tissue,89.05,MACROH2A1:VGNC:81621,variant,88.47999999999999
MACROH2A1,equus_caballus,Equus caballus,ENSECAG00000010224,trophectoderm,82.72,MACROH2A1:VGNC:81621,variant,82.655
MACROH2A1,equus_caballus,Equus caballus,ENSECAG00000010224,trophectoderm,82.59,MACROH2A1:VGNC:81621,variant,82.655
MACROH2A1,equus_caballus,Equus caballus,ENSECAG00000010224,oviduct epithelium,96.58,MACROH2A1:VGNC:81621,variant,96.58
MACROH2A1,equus_caballus,Equus caballus,ENSECAG00000010224,chorionic villus,94.48,MACROH2A1:VGNC:81621,variant,94.48
MACROH2A1,equus_caballus,Equus caballus,ENSECAG00000010224,articular cartilage of joint,90.52,MACROH2A1:VGNC:81621,variant,90.52
MACROH2A1,felis_catus,Felis catus,ENSFCAG00000013924,zone of skin,96.69,MACROH2A1:VGNC:81624,variant,96.69
MACROH2A1,felis_catus,Felis catus,ENSFCAG00000013924,adult mammalian kidney,92.96,MACROH2A1:VGNC:81624,variant,93.04499999999999
MACROH2A1,felis_catus,Felis catus,ENSFCAG00000013924,adult mammalian kidney,93.13,MACROH2A1:VGNC:81624,variant,93.04499999999999
MACROH2A1,felis_catus,Felis catus,ENSFCAG00000013924,prefrontal cortex,92.5,MACROH2A1:VGNC:81624,variant,92.5
MACROH2A1,felis_catus,Felis catus,ENSFCAG00000013924,testis,77.0,MACROH2A1:VGNC:81624,variant,79.10000000000001
MACROH2A1,felis_catus,Felis catus,ENSFCAG00000013924,testis,77.69,MACROH2A1:VGNC:81624,variant,79.10000000000001
MACROH2A1,felis_catus,Felis catus,ENSFCAG00000013924,testis,82.61,MACROH2A1:VGNC:81624,variant,79.10000000000001
MACROH2A1,felis_catus,Felis catus,ENSFCAG00000013924,embryo,97.56,MACROH2A1:VGNC:81624,variant,97.56
MACROH2A1,felis_catus,Felis catus,ENSFCAG00000013924,brain,92.15,MACROH2A1:VGNC:81624,variant,93.785
MACROH2A1,felis_catus,Felis catus,ENSFCAG00000013924,brain,95.42,MACROH2A1:VGNC:81624,variant,93.785
MACROH2A1,felis_catus,Felis catus,ENSFCAG00000013924,uterus,95.17,MACROH2A1:VGNC:81624,variant,95.17
MACROH2A1,felis_catus,Felis catus,ENSFCAG00000013924,spleen,94.77,MACROH2A1:VGNC:81624,variant,94.77
MACROH2A1,felis_catus,Felis catus,ENSFCAG00000013924,liver,86.93,MACROH2A1:VGNC:81624,variant,88.825
MACROH2A1,felis_catus,Felis catus,ENSFCAG00000013924,liver,90.72,MACROH2A1:VGNC:81624,variant,88.825
MACROH2A1,felis_catus,Felis catus,ENSFCAG00000013924,embryonic head,98.32,MACROH2A1:VGNC:81624,variant,98.32
MACROH2A1,felis_catus,Felis catus,ENSFCAG00000013924,eyeball of camera-type eye,95.2,MACROH2A1:VGNC:81624,variant,95.2
MACROH2A1,felis_catus,Felis catus,ENSFCAG00000013924,tip of external ear,95.46,MACROH2A1:VGNC:81624,variant,95.46
MACROH2A1,human,Homo sapiens,ENSG00000113648,male germ cell,91.28,MACROH2A1:HGNC:4740,variant,91.28
MACROH2A1,human,Homo sapiens,ENSG00000113648,sperm,91.26,MACROH2A1:HGNC:4740,variant,91.26
MACROH2A1,human,Homo sapiens,ENSG00000113648,epithelial cell of pancreas,86.79,MACROH2A1:HGNC:4740,variant,86.79
MACROH2A1,human,Homo sapiens,ENSG00000113648,male germ line stem cell (sensu Vertebrata) in testis,85.89,MACROH2A1:HGNC:4740,variant,85.89
MACROH2A1,human,Homo sapiens,ENSG00000113648,granulocyte,98.31,MACROH2A1:HGNC:4740,variant,98.31
MACROH2A1,human,Homo sapiens,ENSG00000113648,endothelial cell,94.53,MACROH2A1:HGNC:4740,variant,94.53
MACROH2A1,human,Homo sapiens,ENSG00000113648,type B pancreatic cell,97.67,MACROH2A1:HGNC:4740,variant,97.67
MACROH2A1,human,Homo sapiens,ENSG00000113648,monocyte,99.2,MACROH2A1:HGNC:4740,variant,99.2
MACROH2A1,human,Homo sapiens,ENSG00000113648,secondary oocyte,82.04,MACROH2A1:HGNC:4740,variant,82.04
MACROH2A1,human,Homo sapiens,ENSG00000113648,primordial germ cell in gonad,90.41,MACROH2A1:HGNC:4740,variant,90.41
MACROH2A1,human,Homo sapiens,ENSG00000113648,leukocyte,98.71,MACROH2A1:HGNC:4740,variant,98.71
MACROH2A1,human,Homo sapiens,ENSG00000113648,mononuclear cell,99.19,MACROH2A1:HGNC:4740,variant,98.975
MACROH2A1,human,Homo sapiens,ENSG00000113648,mononuclear cell,98.76,MACROH2A1:HGNC:4740,variant,98.975
MACROH2A1,human,Homo sapiens,ENSG00000113648,pancreatic ductal cell,97.18,MACROH2A1:HGNC:4740,variant,97.18
MACROH2A1,human,Homo sapiens,ENSG00000113648,bone marrow cell,99.18,MACROH2A1:HGNC:4740,variant,99.03500000000001
MACROH2A1,human,Homo sapiens,ENSG00000113648,bone marrow cell,99.3,MACROH2A1:HGNC:4740,variant,99.03500000000001
MACROH2A1,human,Homo sapiens,ENSG00000113648,bone marrow cell,99.05,MACROH2A1:HGNC:4740,variant,99.03500000000001
MACROH2A1,human,Homo sapiens,ENSG00000113648,bone marrow cell,99.09,MACROH2A1:HGNC:4740,variant,99.03500000000001
MACROH2A1,human,Homo sapiens,ENSG00000113648,bone marrow cell,99.1,MACROH2A1:HGNC:4740,variant,99.03500000000001
MACROH2A1,human,Homo sapiens,ENSG00000113648,bone marrow cell,98.49,MACROH2A1:HGNC:4740,variant,99.03500000000001
MACROH2A1,human,Homo sapiens,ENSG00000113648,stromal cell of endometrium,97.91,MACROH2A1:HGNC:4740,variant,97.91
MACROH2A1,human,Homo sapiens,ENSG00000113648,bronchial epithelial cell,98.7,MACROH2A1:HGNC:4740,variant,98.6495238095238
MACROH2A1,human,Homo sapiens,ENSG00000113648,bronchial epithelial cell,98.7,MACROH2A1:HGNC:4740,variant,98.6495238095238
MACROH2A1,human,Homo sapiens,ENSG00000113648,bronchial epithelial cell,98.51,MACROH2A1:HGNC:4740,variant,98.6495238095238
MACROH2A1,human,Homo sapiens,ENSG00000113648,bronchial epithelial cell,98.51,MACROH2A1:HGNC:4740,variant,98.6495238095238
MACROH2A1,human,Homo sapiens,ENSG00000113648,bronchial epithelial cell,98.75,MACROH2A1:HGNC:4740,variant,98.6495238095238
MACROH2A1,human,Homo sapiens,ENSG00000113648,bronchial epithelial cell,98.87,MACROH2A1:HGNC:4740,variant,98.6495238095238
MACROH2A1,human,Homo sapiens,ENSG00000113648,bronchial epithelial cell,98.44,MACROH2A1:HGNC:4740,variant,98.6495238095238
MACROH2A1,human,Homo sapiens,ENSG00000113648,bronchial epithelial cell,98.71,MACROH2A1:HGNC:4740,variant,98.6495238095238
MACROH2A1,human,Homo sapiens,ENSG00000113648,bronchial epithelial cell,98.74,MACROH2A1:HGNC:4740,variant,98.6495238095238
MACROH2A1,human,Homo sapiens,ENSG00000113648,bronchial epithelial cell,98.53,MACROH2A1:HGNC:4740,variant,98.6495238095238
MACROH2A1,human,Homo sapiens,ENSG00000113648,bronchial epithelial cell,98.41,MACROH2A1:HGNC:4740,variant,98.6495238095238
MACROH2A1,human,Homo sapiens,ENSG00000113648,bronchial epithelial cell,98.63,MACROH2A1:HGNC:4740,variant,98.6495238095238
MACROH2A1,human,Homo sapiens,ENSG00000113648,bronchial epithelial cell,98.72,MACROH2A1:HGNC:4740,variant,98.6495238095238
MACROH2A1,human,Homo sapiens,ENSG00000113648,bronchial epithelial cell,98.65,MACROH2A1:HGNC:4740,variant,98.6495238095238
MACROH2A1,human,Homo sapiens,ENSG00000113648,bronchial epithelial cell,98.73,MACROH2A1:HGNC:4740,variant,98.6495238095238
MACROH2A1,human,Homo sapiens,ENSG00000113648,bronchial epithelial cell,98.5,MACROH2A1:HGNC:4740,variant,98.6495238095238
MACROH2A1,human,Homo sapiens,ENSG00000113648,bronchial epithelial cell,98.44,MACROH2A1:HGNC:4740,variant,98.6495238095238
MACROH2A1,human,Homo sapiens,ENSG00000113648,bronchial epithelial cell,98.76,MACROH2A1:HGNC:4740,variant,98.6495238095238
MACROH2A1,human,Homo sapiens,ENSG00000113648,bronchial epithelial cell,98.76,MACROH2A1:HGNC:4740,variant,98.6495238095238
MACROH2A1,human,Homo sapiens,ENSG00000113648,bronchial epithelial cell,98.85,MACROH2A1:HGNC:4740,variant,98.6495238095238
MACROH2A1,human,Homo sapiens,ENSG00000113648,bronchial epithelial cell,98.73,MACROH2A1:HGNC:4740,variant,98.6495238095238
MACROH2A1,human,Homo sapiens,ENSG00000113648,buccal mucosa cell,99.01,MACROH2A1:HGNC:4740,variant,99.01
MACROH2A1,human,Homo sapiens,ENSG00000113648,uterine cervix,97.67,MACROH2A1:HGNC:4740,variant,97.63000000000001
MACROH2A1,human,Homo sapiens,ENSG00000113648,uterine cervix,98.4,MACROH2A1:HGNC:4740,variant,97.63000000000001
MACROH2A1,human,Homo sapiens,ENSG00000113648,uterine cervix,97.2,MACROH2A1:HGNC:4740,variant,97.63000000000001
MACROH2A1,human,Homo sapiens,ENSG00000113648,uterine cervix,97.54,MACROH2A1:HGNC:4740,variant,97.63000000000001
MACROH2A1,human,Homo sapiens,ENSG00000113648,uterine cervix,97.34,MACROH2A1:HGNC:4740,variant,97.63000000000001
MACROH2A1,human,Homo sapiens,ENSG00000113648,islet of Langerhans,97.81,MACROH2A1:HGNC:4740,variant,95.41277777777778
MACROH2A1,human,Homo sapiens,ENSG00000113648,islet of Langerhans,83.47,MACROH2A1:HGNC:4740,variant,95.41277777777778
MACROH2A1,human,Homo sapiens,ENSG00000113648,islet of Langerhans,97.96,MACROH2A1:HGNC:4740,variant,95.41277777777778
MACROH2A1,human,Homo sapiens,ENSG00000113648,islet of Langerhans,90.02,MACROH2A1:HGNC:4740,variant,95.41277777777778
MACROH2A1,human,Homo sapiens,ENSG00000113648,islet of Langerhans,95.94,MACROH2A1:HGNC:4740,variant,95.41277777777778
MACROH2A1,human,Homo sapiens,ENSG00000113648,islet of Langerhans,88.21,MACROH2A1:HGNC:4740,variant,95.41277777777778
MACROH2A1,human,Homo sapiens,ENSG00000113648,islet of Langerhans,96.52,MACROH2A1:HGNC:4740,variant,95.41277777777778
MACROH2A1,human,Homo sapiens,ENSG00000113648,islet of Langerhans,96.65,MACROH2A1:HGNC:4740,variant,95.41277777777778
MACROH2A1,human,Homo sapiens,ENSG00000113648,islet of Langerhans,97.95,MACROH2A1:HGNC:4740,variant,95.41277777777778
MACROH2A1,human,Homo sapiens,ENSG00000113648,islet of Langerhans,98.0,MACROH2A1:HGNC:4740,variant,95.41277777777778
MACROH2A1,human,Homo sapiens,ENSG00000113648,islet of Langerhans,95.04,MACROH2A1:HGNC:4740,variant,95.41277777777778
MACROH2A1,human,Homo sapiens,ENSG00000113648,islet of Langerhans,97.52,MACROH2A1:HGNC:4740,variant,95.41277777777778
MACROH2A1,human,Homo sapiens,ENSG00000113648,islet of Langerhans,98.1,MACROH2A1:HGNC:4740,variant,95.41277777777778
MACROH2A1,human,Homo sapiens,ENSG00000113648,islet of Langerhans,98.15,MACROH2A1:HGNC:4740,variant,95.41277777777778
MACROH2A1,human,Homo sapiens,ENSG00000113648,islet of Langerhans,98.16,MACROH2A1:HGNC:4740,variant,95.41277777777778
MACROH2A1,human,Homo sapiens,ENSG00000113648,islet of Langerhans,97.55,MACROH2A1:HGNC:4740,variant,95.41277777777778
MACROH2A1,human,Homo sapiens,ENSG00000113648,islet of Langerhans,92.82,MACROH2A1:HGNC:4740,variant,95.41277777777778
MACROH2A1,human,Homo sapiens,ENSG00000113648,islet of Langerhans,97.56,MACROH2A1:HGNC:4740,variant,95.41277777777778
MACROH2A1,human,Homo sapiens,ENSG00000113648,pituitary gland,98.28,MACROH2A1:HGNC:4740,variant,97.82857142857142
MACROH2A1,human,Homo sapiens,ENSG00000113648,pituitary gland,98.48,MACROH2A1:HGNC:4740,variant,97.82857142857142
MACROH2A1,human,Homo sapiens,ENSG00000113648,pituitary gland,97.86,MACROH2A1:HGNC:4740,variant,97.82857142857142
MACROH2A1,human,Homo sapiens,ENSG00000113648,pituitary gland,98.16,MACROH2A1:HGNC:4740,variant,97.82857142857142
MACROH2A1,human,Homo sapiens,ENSG00000113648,pituitary gland,97.73,MACROH2A1:HGNC:4740,variant,97.82857142857142
MACROH2A1,human,Homo sapiens,ENSG00000113648,pituitary gland,97.57,MACROH2A1:HGNC:4740,variant,97.82857142857142
MACROH2A1,human,Homo sapiens,ENSG00000113648,pituitary gland,97.74,MACROH2A1:HGNC:4740,variant,97.82857142857142
MACROH2A1,human,Homo sapiens,ENSG00000113648,pituitary gland,97.44,MACROH2A1:HGNC:4740,variant,97.82857142857142
MACROH2A1,human,Homo sapiens,ENSG00000113648,pituitary gland,97.22,MACROH2A1:HGNC:4740,variant,97.82857142857142
MACROH2A1,human,Homo sapiens,ENSG00000113648,pituitary gland,97.68,MACROH2A1:HGNC:4740,variant,97.82857142857142
MACROH2A1,human,Homo sapiens,ENSG00000113648,pituitary gland,97.74,MACROH2A1:HGNC:4740,variant,97.82857142857142
MACROH2A1,human,Homo sapiens,ENSG00000113648,pituitary gland,98.46,MACROH2A1:HGNC:4740,variant,97.82857142857142
MACROH2A1,human,Homo sapiens,ENSG00000113648,pituitary gland,97.62,MACROH2A1:HGNC:4740,variant,97.82857142857142
MACROH2A1,human,Homo sapiens,ENSG00000113648,pituitary gland,97.62,MACROH2A1:HGNC:4740,variant,97.82857142857142
MACROH2A1,human,Homo sapiens,ENSG00000113648,peripheral nervous system,96.03,MACROH2A1:HGNC:4740,variant,96.03
MACROH2A1,human,Homo sapiens,ENSG00000113648,zone of skin,96.47,MACROH2A1:HGNC:4740,variant,95.94066666666667
MACROH2A1,human,Homo sapiens,ENSG00000113648,zone of skin,93.58,MACROH2A1:HGNC:4740,variant,95.94066666666667
MACROH2A1,human,Homo sapiens,ENSG00000113648,zone of skin,89.68,MACROH2A1:HGNC:4740,variant,95.94066666666667
MACROH2A1,human,Homo sapiens,ENSG00000113648,zone of skin,90.37,MACROH2A1:HGNC:4740,variant,95.94066666666667
MACROH2A1,human,Homo sapiens,ENSG00000113648,zone of skin,93.43,MACROH2A1:HGNC:4740,variant,95.94066666666667
MACROH2A1,human,Homo sapiens,ENSG00000113648,zone of skin,97.68,MACROH2A1:HGNC:4740,variant,95.94066666666667
MACROH2A1,human,Homo sapiens,ENSG00000113648,zone of skin,96.97,MACROH2A1:HGNC:4740,variant,95.94066666666667
MACROH2A1,human,Homo sapiens,ENSG00000113648,zone of skin,97.6,MACROH2A1:HGNC:4740,variant,95.94066666666667
MACROH2A1,human,Homo sapiens,ENSG00000113648,zone of skin,97.45,MACROH2A1:HGNC:4740,variant,95.94066666666667
MACROH2A1,human,Homo sapiens,ENSG00000113648,zone of skin,97.63,MACROH2A1:HGNC:4740,variant,95.94066666666667
MACROH2A1,human,Homo sapiens,ENSG00000113648,zone of skin,97.59,MACROH2A1:HGNC:4740,variant,95.94066666666667
MACROH2A1,human,Homo sapiens,ENSG00000113648,zone of skin,97.63,MACROH2A1:HGNC:4740,variant,95.94066666666667
MACROH2A1,human,Homo sapiens,ENSG00000113648,zone of skin,97.52,MACROH2A1:HGNC:4740,variant,95.94066666666667
MACROH2A1,human,Homo sapiens,ENSG00000113648,zone of skin,97.58,MACROH2A1:HGNC:4740,variant,95.94066666666667
MACROH2A1,human,Homo sapiens,ENSG00000113648,zone of skin,97.93,MACROH2A1:HGNC:4740,variant,95.94066666666667
MACROH2A1,human,Homo sapiens,ENSG00000113648,lymph node,98.2,MACROH2A1:HGNC:4740,variant,97.60666666666667
MACROH2A1,human,Homo sapiens,ENSG00000113648,lymph node,98.69,MACROH2A1:HGNC:4740,variant,97.60666666666667
MACROH2A1,human,Homo sapiens,ENSG00000113648,lymph node,97.59,MACROH2A1:HGNC:4740,variant,97.60666666666667
MACROH2A1,human,Homo sapiens,ENSG00000113648,lymph node,96.42,MACROH2A1:HGNC:4740,variant,97.60666666666667
MACROH2A1,human,Homo sapiens,ENSG00000113648,lymph node,96.66,MACROH2A1:HGNC:4740,variant,97.60666666666667
MACROH2A1,human,Homo sapiens,ENSG00000113648,lymph node,98.08,MACROH2A1:HGNC:4740,variant,97.60666666666667
MACROH2A1,human,Homo sapiens,ENSG00000113648,tendon,91.56,MACROH2A1:HGNC:4740,variant,90.44800000000001
MACROH2A1,human,Homo sapiens,ENSG00000113648,tendon,87.09,MACROH2A1:HGNC:4740,variant,90.44800000000001
MACROH2A1,human,Homo sapiens,ENSG00000113648,tendon,88.26,MACROH2A1:HGNC:4740,variant,90.44800000000001
MACROH2A1,human,Homo sapiens,ENSG00000113648,tendon,90.52,MACROH2A1:HGNC:4740,variant,90.44800000000001
MACROH2A1,human,Homo sapiens,ENSG00000113648,tendon,94.81,MACROH2A1:HGNC:4740,variant,90.44800000000001
MACROH2A1,human,Homo sapiens,ENSG00000113648,dorsal root ganglion,94.32,MACROH2A1:HGNC:4740,variant,95.25874999999999
MACROH2A1,human,Homo sapiens,ENSG00000113648,dorsal root ganglion,95.97,MACROH2A1:HGNC:4740,variant,95.25874999999999
MACROH2A1,human,Homo sapiens,ENSG00000113648,dorsal root ganglion,95.54,MACROH2A1:HGNC:4740,variant,95.25874999999999
MACROH2A1,human,Homo sapiens,ENSG00000113648,dorsal root ganglion,95.75,MACROH2A1:HGNC:4740,variant,95.25874999999999
MACROH2A1,human,Homo sapiens,ENSG00000113648,dorsal root ganglion,95.21,MACROH2A1:HGNC:4740,variant,95.25874999999999
MACROH2A1,human,Homo sapiens,ENSG00000113648,dorsal root ganglion,94.57,MACROH2A1:HGNC:4740,variant,95.25874999999999
MACROH2A1,human,Homo sapiens,ENSG00000113648,dorsal root ganglion,95.36,MACROH2A1:HGNC:4740,variant,95.25874999999999
MACROH2A1,human,Homo sapiens,ENSG00000113648,dorsal root ganglion,95.35,MACROH2A1:HGNC:4740,variant,95.25874999999999
MACROH2A1,human,Homo sapiens,ENSG00000113648,urethra,97.67,MACROH2A1:HGNC:4740,variant,97.73333333333333
MACROH2A1,human,Homo sapiens,ENSG00000113648,urethra,97.8,MACROH2A1:HGNC:4740,variant,97.73333333333333
MACROH2A1,human,Homo sapiens,ENSG00000113648,urethra,97.73,MACROH2A1:HGNC:4740,variant,97.73333333333333
MACROH2A1,human,Homo sapiens,ENSG00000113648,large intestine,97.4,MACROH2A1:HGNC:4740,variant,97.39
MACROH2A1,human,Homo sapiens,ENSG00000113648,large intestine,97.38,MACROH2A1:HGNC:4740,variant,97.39
MACROH2A1,human,Homo sapiens,ENSG00000113648,renal glomerulus,93.35,MACROH2A1:HGNC:4740,variant,93.35
MACROH2A1,human,Homo sapiens,ENSG00000113648,metanephros,88.79,MACROH2A1:HGNC:4740,variant,90.6725
MACROH2A1,human,Homo sapiens,ENSG00000113648,metanephros,84.92,MACROH2A1:HGNC:4740,variant,90.6725
MACROH2A1,human,Homo sapiens,ENSG00000113648,metanephros,92.19,MACROH2A1:HGNC:4740,variant,90.6725
MACROH2A1,human,Homo sapiens,ENSG00000113648,metanephros,96.79,MACROH2A1:HGNC:4740,variant,90.6725
MACROH2A1,human,Homo sapiens,ENSG00000113648,adult mammalian kidney,95.7,MACROH2A1:HGNC:4740,variant,94.45538461538462
MACROH2A1,human,Homo sapiens,ENSG00000113648,adult mammalian kidney,95.66,MACROH2A1:HGNC:4740,variant,94.45538461538462
MACROH2A1,human,Homo sapiens,ENSG00000113648,adult mammalian kidney,95.13,MACROH2A1:HGNC:4740,variant,94.45538461538462
MACROH2A1,human,Homo sapiens,ENSG00000113648,adult mammalian kidney,93.98,MACROH2A1:HGNC:4740,variant,94.45538461538462
MACROH2A1,human,Homo sapiens,ENSG00000113648,adult mammalian kidney,95.24,MACROH2A1:HGNC:4740,variant,94.45538461538462
MACROH2A1,human,Homo sapiens,ENSG00000113648,adult mammalian kidney,89.12,MACROH2A1:HGNC:4740,variant,94.45538461538462
MACROH2A1,human,Homo sapiens,ENSG00000113648,adult mammalian kidney,92.19,MACROH2A1:HGNC:4740,variant,94.45538461538462
MACROH2A1,human,Homo sapiens,ENSG00000113648,adult mammalian kidney,96.9,MACROH2A1:HGNC:4740,variant,94.45538461538462
MACROH2A1,human,Homo sapiens,ENSG00000113648,adult mammalian kidney,96.82,MACROH2A1:HGNC:4740,variant,94.45538461538462
MACROH2A1,human,Homo sapiens,ENSG00000113648,adult mammalian kidney,94.84,MACROH2A1:HGNC:4740,variant,94.45538461538462
MACROH2A1,human,Homo sapiens,ENSG00000113648,adult mammalian kidney,92.93,MACROH2A1:HGNC:4740,variant,94.45538461538462
MACROH2A1,human,Homo sapiens,ENSG00000113648,adult mammalian kidney,94.63,MACROH2A1:HGNC:4740,variant,94.45538461538462
MACROH2A1,human,Homo sapiens,ENSG00000113648,adult mammalian kidney,94.78,MACROH2A1:HGNC:4740,variant,94.45538461538462
MACROH2A1,human,Homo sapiens,ENSG00000113648,intestine,97.18,MACROH2A1:HGNC:4740,variant,97.7675
MACROH2A1,human,Homo sapiens,ENSG00000113648,intestine,98.52,MACROH2A1:HGNC:4740,variant,97.7675
MACROH2A1,human,Homo sapiens,ENSG00000113648,intestine,97.7,MACROH2A1:HGNC:4740,variant,97.7675
MACROH2A1,human,Homo sapiens,ENSG00000113648,intestine,97.67,MACROH2A1:HGNC:4740,variant,97.7675
MACROH2A1,human,Homo sapiens,ENSG00000113648,oral cavity,98.77,MACROH2A1:HGNC:4740,variant,98.66666666666667
MACROH2A1,human,Homo sapiens,ENSG00000113648,oral cavity,98.52,MACROH2A1:HGNC:4740,variant,98.66666666666667
MACROH2A1,human,Homo sapiens,ENSG00000113648,oral cavity,98.82,MACROH2A1:HGNC:4740,variant,98.66666666666667
MACROH2A1,human,Homo sapiens,ENSG00000113648,oral cavity,98.81,MACROH2A1:HGNC:4740,variant,98.66666666666667
MACROH2A1,human,Homo sapiens,ENSG00000113648,oral cavity,98.44,MACROH2A1:HGNC:4740,variant,98.66666666666667
MACROH2A1,human,Homo sapiens,ENSG00000113648,oral cavity,98.64,MACROH2A1:HGNC:4740,variant,98.66666666666667
MACROH2A1,human,Homo sapiens,ENSG00000113648,amniotic fluid,99.06,MACROH2A1:HGNC:4740,variant,98.55000000000001
MACROH2A1,human,Homo sapiens,ENSG00000113648,amniotic fluid,98.04,MACROH2A1:HGNC:4740,variant,98.55000000000001
MACROH2A1,human,Homo sapiens,ENSG00000113648,blood,98.58,MACROH2A1:HGNC:4740,variant,98.69128205128206
MACROH2A1,human,Homo sapiens,ENSG00000113648,blood,98.7,MACROH2A1:HGNC:4740,variant,98.69128205128206
MACROH2A1,human,Homo sapiens,ENSG00000113648,blood,98.17,MACROH2A1:HGNC:4740,variant,98.69128205128206
MACROH2A1,human,Homo sapiens,ENSG00000113648,blood,98.73,MACROH2A1:HGNC:4740,variant,98.69128205128206
MACROH2A1,human,Homo sapiens,ENSG00000113648,blood,98.85,MACROH2A1:HGNC:4740,variant,98.69128205128206
MACROH2A1,human,Homo sapiens,ENSG00000113648,blood,98.63,MACROH2A1:HGNC:4740,variant,98.69128205128206
MACROH2A1,human,Homo sapiens,ENSG00000113648,blood,98.86,MACROH2A1:HGNC:4740,variant,98.69128205128206
MACROH2A1,human,Homo sapiens,ENSG00000113648,blood,98.7,MACROH2A1:HGNC:4740,variant,98.69128205128206
MACROH2A1,human,Homo sapiens,ENSG00000113648,blood,98.94,MACROH2A1:HGNC:4740,variant,98.69128205128206
MACROH2A1,human,Homo sapiens,ENSG00000113648,blood,98.71,MACROH2A1:HGNC:4740,variant,98.69128205128206
MACROH2A1,human,Homo sapiens,ENSG00000113648,blood,99.07,MACROH2A1:HGNC:4740,variant,98.69128205128206
MACROH2A1,human,Homo sapiens,ENSG00000113648,blood,98.57,MACROH2A1:HGNC:4740,variant,98.69128205128206
MACROH2A1,human,Homo sapiens,ENSG00000113648,blood,98.94,MACROH2A1:HGNC:4740,variant,98.69128205128206
MACROH2A1,human,Homo sapiens,ENSG00000113648,blood,98.6,MACROH2A1:HGNC:4740,variant,98.69128205128206
MACROH2A1,human,Homo sapiens,ENSG00000113648,blood,99.22,MACROH2A1:HGNC:4740,variant,98.69128205128206
MACROH2A1,human,Homo sapiens,ENSG00000113648,blood,98.59,MACROH2A1:HGNC:4740,variant,98.69128205128206
MACROH2A1,human,Homo sapiens,ENSG00000113648,blood,97.92,MACROH2A1:HGNC:4740,variant,98.69128205128206
MACROH2A1,human,Homo sapiens,ENSG00000113648,blood,98.43,MACROH2A1:HGNC:4740,variant,98.69128205128206
MACROH2A1,human,Homo sapiens,ENSG00000113648,blood,98.97,MACROH2A1:HGNC:4740,variant,98.69128205128206
MACROH2A1,human,Homo sapiens,ENSG00000113648,blood,98.29,MACROH2A1:HGNC:4740,variant,98.69128205128206
MACROH2A1,human,Homo sapiens,ENSG00000113648,blood,98.71,MACROH2A1:HGNC:4740,variant,98.69128205128206
MACROH2A1,human,Homo sapiens,ENSG00000113648,blood,99.05,MACROH2A1:HGNC:4740,variant,98.69128205128206
MACROH2A1,human,Homo sapiens,ENSG00000113648,blood,98.65,MACROH2A1:HGNC:4740,variant,98.69128205128206
MACROH2A1,human,Homo sapiens,ENSG00000113648,blood,98.66,MACROH2A1:HGNC:4740,variant,98.69128205128206
MACROH2A1,human,Homo sapiens,ENSG00000113648,blood,97.63,MACROH2A1:HGNC:4740,variant,98.69128205128206
MACROH2A1,human,Homo sapiens,ENSG00000113648,blood,98.6,MACROH2A1:HGNC:4740,variant,98.69128205128206
MACROH2A1,human,Homo sapiens,ENSG00000113648,blood,99.29,MACROH2A1:HGNC:4740,variant,98.69128205128206
MACROH2A1,human,Homo sapiens,ENSG00000113648,blood,98.53,MACROH2A1:HGNC:4740,variant,98.69128205128206
MACROH2A1,human,Homo sapiens,ENSG00000113648,blood,99.31,MACROH2A1:HGNC:4740,variant,98.69128205128206
MACROH2A1,human,Homo sapiens,ENSG00000113648,blood,98.66,MACROH2A1:HGNC:4740,variant,98.69128205128206
MACROH2A1,human,Homo sapiens,ENSG00000113648,blood,98.86,MACROH2A1:HGNC:4740,variant,98.69128205128206
MACROH2A1,human,Homo sapiens,ENSG00000113648,blood,98.49,MACROH2A1:HGNC:4740,variant,98.69128205128206
MACROH2A1,human,Homo sapiens,ENSG00000113648,blood,98.55,MACROH2A1:HGNC:4740,variant,98.69128205128206
MACROH2A1,human,Homo sapiens,ENSG00000113648,blood,98.48,MACROH2A1:HGNC:4740,variant,98.69128205128206
MACROH2A1,human,Homo sapiens,ENSG00000113648,blood,98.63,MACROH2A1:HGNC:4740,variant,98.69128205128206
MACROH2A1,human,Homo sapiens,ENSG00000113648,blood,98.9,MACROH2A1:HGNC:4740,variant,98.69128205128206
MACROH2A1,human,Homo sapiens,ENSG00000113648,blood,98.94,MACROH2A1:HGNC:4740,variant,98.69128205128206
MACROH2A1,human,Homo sapiens,ENSG00000113648,blood,98.83,MACROH2A1:HGNC:4740,variant,98.69128205128206
MACROH2A1,human,Homo sapiens,ENSG00000113648,blood,98.72,MACROH2A1:HGNC:4740,variant,98.69128205128206
MACROH2A1,human,Homo sapiens,ENSG00000113648,colonic mucosa,99.14,MACROH2A1:HGNC:4740,variant,98.85000000000001
MACROH2A1,human,Homo sapiens,ENSG00000113648,colonic mucosa,98.5,MACROH2A1:HGNC:4740,variant,98.85000000000001
MACROH2A1,human,Homo sapiens,ENSG00000113648,colonic mucosa,98.93,MACROH2A1:HGNC:4740,variant,98.85000000000001
MACROH2A1,human,Homo sapiens,ENSG00000113648,colonic mucosa,98.91,MACROH2A1:HGNC:4740,variant,98.85000000000001
MACROH2A1,human,Homo sapiens,ENSG00000113648,colonic mucosa,98.78,MACROH2A1:HGNC:4740,variant,98.85000000000001
MACROH2A1,human,Homo sapiens,ENSG00000113648,colonic mucosa,98.84,MACROH2A1:HGNC:4740,variant,98.85000000000001
MACROH2A1,human,Homo sapiens,ENSG00000113648,ileal mucosa,88.47,MACROH2A1:HGNC:4740,variant,88.47
MACROH2A1,human,Homo sapiens,ENSG00000113648,pharyngeal mucosa,99.12,MACROH2A1:HGNC:4740,variant,99.11666666666667
MACROH2A1,human,Homo sapiens,ENSG00000113648,pharyngeal mucosa,99.17,MACROH2A1:HGNC:4740,variant,99.11666666666667
MACROH2A1,human,Homo sapiens,ENSG00000113648,pharyngeal mucosa,99.06,MACROH2A1:HGNC:4740,variant,99.11666666666667
MACROH2A1,human,Homo sapiens,ENSG00000113648,renal medulla,97.48,MACROH2A1:HGNC:4740,variant,97.57666666666667
MACROH2A1,human,Homo sapiens,ENSG00000113648,renal medulla,97.78,MACROH2A1:HGNC:4740,variant,97.57666666666667
MACROH2A1,human,Homo sapiens,ENSG00000113648,renal medulla,97.47,MACROH2A1:HGNC:4740,variant,97.57666666666667
MACROH2A1,human,Homo sapiens,ENSG00000113648,colonic epithelium,97.78,MACROH2A1:HGNC:4740,variant,97.78
MACROH2A1,human,Homo sapiens,ENSG00000113648,jejunal mucosa,98.51,MACROH2A1:HGNC:4740,variant,98.51
MACROH2A1,human,Homo sapiens,ENSG00000113648,prefrontal cortex,96.2,MACROH2A1:HGNC:4740,variant,96.13
MACROH2A1,human,Homo sapiens,ENSG00000113648,prefrontal cortex,96.53,MACROH2A1:HGNC:4740,variant,96.13
MACROH2A1,human,Homo sapiens,ENSG00000113648,prefrontal cortex,96.15,MACROH2A1:HGNC:4740,variant,96.13
MACROH2A1,human,Homo sapiens,ENSG00000113648,prefrontal cortex,96.9,MACROH2A1:HGNC:4740,variant,96.13
MACROH2A1,human,Homo sapiens,ENSG00000113648,prefrontal cortex,95.73,MACROH2A1:HGNC:4740,variant,96.13
MACROH2A1,human,Homo sapiens,ENSG00000113648,prefrontal cortex,96.33,MACROH2A1:HGNC:4740,variant,96.13
MACROH2A1,human,Homo sapiens,ENSG00000113648,prefrontal cortex,96.96,MACROH2A1:HGNC:4740,variant,96.13
MACROH2A1,human,Homo sapiens,ENSG00000113648,prefrontal cortex,95.96,MACROH2A1:HGNC:4740,variant,96.13
MACROH2A1,human,Homo sapiens,ENSG00000113648,prefrontal cortex,96.22,MACROH2A1:HGNC:4740,variant,96.13
MACROH2A1,human,Homo sapiens,ENSG00000113648,prefrontal cortex,94.32,MACROH2A1:HGNC:4740,variant,96.13
MACROH2A1,human,Homo sapiens,ENSG00000113648,endocervix,96.75,MACROH2A1:HGNC:4740,variant,96.31333333333333
MACROH2A1,human,Homo sapiens,ENSG00000113648,endocervix,97.05,MACROH2A1:HGNC:4740,variant,96.31333333333333
MACROH2A1,human,Homo sapiens,ENSG00000113648,endocervix,95.14,MACROH2A1:HGNC:4740,variant,96.31333333333333
MACROH2A1,human,Homo sapiens,ENSG00000113648,material anatomical entity,96.66,MACROH2A1:HGNC:4740,variant,96.65
MACROH2A1,human,Homo sapiens,ENSG00000113648,material anatomical entity,96.64,MACROH2A1:HGNC:4740,variant,96.65
MACROH2A1,human,Homo sapiens,ENSG00000113648,anatomical system,96.67,MACROH2A1:HGNC:4740,variant,96.67
MACROH2A1,human,Homo sapiens,ENSG00000113648,anatomical system,96.64,MACROH2A1:HGNC:4740,variant,96.67
MACROH2A1,human,Homo sapiens,ENSG00000113648,anatomical system,96.7,MACROH2A1:HGNC:4740,variant,96.67
MACROH2A1,human,Homo sapiens,ENSG00000113648,multicellular organism,96.67,MACROH2A1:HGNC:4740,variant,96.67
MACROH2A1,human,Homo sapiens,ENSG00000113648,testis,99.31,MACROH2A1:HGNC:4740,variant,94.39769230769231
MACROH2A1,human,Homo sapiens,ENSG00000113648,testis,99.1,MACROH2A1:HGNC:4740,variant,94.39769230769231
MACROH2A1,human,Homo sapiens,ENSG00000113648,testis,99.12,MACROH2A1:HGNC:4740,variant,94.39769230769231
MACROH2A1,human,Homo sapiens,ENSG00000113648,testis,92.44,MACROH2A1:HGNC:4740,variant,94.39769230769231
MACROH2A1,human,Homo sapiens,ENSG00000113648,testis,91.86,MACROH2A1:HGNC:4740,variant,94.39769230769231
MACROH2A1,human,Homo sapiens,ENSG00000113648,testis,91.28,MACROH2A1:HGNC:4740,variant,94.39769230769231
MACROH2A1,human,Homo sapiens,ENSG00000113648,testis,93.56,MACROH2A1:HGNC:4740,variant,94.39769230769231
MACROH2A1,human,Homo sapiens,ENSG00000113648,testis,89.15,MACROH2A1:HGNC:4740,variant,94.39769230769231
MACROH2A1,human,Homo sapiens,ENSG00000113648,testis,94.18,MACROH2A1:HGNC:4740,variant,94.39769230769231
MACROH2A1,human,Homo sapiens,ENSG00000113648,testis,91.64,MACROH2A1:HGNC:4740,variant,94.39769230769231
MACROH2A1,human,Homo sapiens,ENSG00000113648,testis,99.28,MACROH2A1:HGNC:4740,variant,94.39769230769231
MACROH2A1,human,Homo sapiens,ENSG00000113648,testis,91.82,MACROH2A1:HGNC:4740,variant,94.39769230769231
MACROH2A1,human,Homo sapiens,ENSG00000113648,testis,94.43,MACROH2A1:HGNC:4740,variant,94.39769230769231
MACROH2A1,human,Homo sapiens,ENSG00000113648,female reproductive system,96.94,MACROH2A1:HGNC:4740,variant,96.94
MACROH2A1,human,Homo sapiens,ENSG00000113648,embryo,97.56,MACROH2A1:HGNC:4740,variant,98.555
MACROH2A1,human,Homo sapiens,ENSG00000113648,embryo,98.24,MACROH2A1:HGNC:4740,variant,98.555
MACROH2A1,human,Homo sapiens,ENSG00000113648,embryo,98.56,MACROH2A1:HGNC:4740,variant,98.555
MACROH2A1,human,Homo sapiens,ENSG00000113648,embryo,98.73,MACROH2A1:HGNC:4740,variant,98.555
MACROH2A1,human,Homo sapiens,ENSG00000113648,embryo,98.99,MACROH2A1:HGNC:4740,variant,98.555
MACROH2A1,human,Homo sapiens,ENSG00000113648,embryo,99.02,MACROH2A1:HGNC:4740,variant,98.555
MACROH2A1,human,Homo sapiens,ENSG00000113648,embryo,98.83,MACROH2A1:HGNC:4740,variant,98.555
MACROH2A1,human,Homo sapiens,ENSG00000113648,embryo,98.51,MACROH2A1:HGNC:4740,variant,98.555
MACROH2A1,human,Homo sapiens,ENSG00000113648,cranial nerve II,93.9,MACROH2A1:HGNC:4740,variant,93.9
MACROH2A1,human,Homo sapiens,ENSG00000113648,stomach,97.93,MACROH2A1:HGNC:4740,variant,96.99416666666667
MACROH2A1,human,Homo sapiens,ENSG00000113648,stomach,97.37,MACROH2A1:HGNC:4740,variant,96.99416666666667
MACROH2A1,human,Homo sapiens,ENSG00000113648,stomach,97.32,MACROH2A1:HGNC:4740,variant,96.99416666666667
MACROH2A1,human,Homo sapiens,ENSG00000113648,stomach,97.66,MACROH2A1:HGNC:4740,variant,96.99416666666667
MACROH2A1,human,Homo sapiens,ENSG00000113648,stomach,96.75,MACROH2A1:HGNC:4740,variant,96.99416666666667
MACROH2A1,human,Homo sapiens,ENSG00000113648,stomach,96.87,MACROH2A1:HGNC:4740,variant,96.99416666666667
MACROH2A1,human,Homo sapiens,ENSG00000113648,stomach,96.88,MACROH2A1:HGNC:4740,variant,96.99416666666667
MACROH2A1,human,Homo sapiens,ENSG00000113648,stomach,96.52,MACROH2A1:HGNC:4740,variant,96.99416666666667
MACROH2A1,human,Homo sapiens,ENSG00000113648,stomach,96.74,MACROH2A1:HGNC:4740,variant,96.99416666666667
MACROH2A1,human,Homo sapiens,ENSG00000113648,stomach,96.7,MACROH2A1:HGNC:4740,variant,96.99416666666667
MACROH2A1,human,Homo sapiens,ENSG00000113648,stomach,96.73,MACROH2A1:HGNC:4740,variant,96.99416666666667
MACROH2A1,human,Homo sapiens,ENSG00000113648,stomach,96.46,MACROH2A1:HGNC:4740,variant,96.99416666666667
MACROH2A1,human,Homo sapiens,ENSG00000113648,aorta,95.98,MACROH2A1:HGNC:4740,variant,95.935
MACROH2A1,human,Homo sapiens,ENSG00000113648,aorta,95.89,MACROH2A1:HGNC:4740,variant,95.935
MACROH2A1,human,Homo sapiens,ENSG00000113648,heart,98.35,MACROH2A1:HGNC:4740,variant,96.154
MACROH2A1,human,Homo sapiens,ENSG00000113648,heart,96.06,MACROH2A1:HGNC:4740,variant,96.154
MACROH2A1,human,Homo sapiens,ENSG00000113648,heart,96.96,MACROH2A1:HGNC:4740,variant,96.154
MACROH2A1,human,Homo sapiens,ENSG00000113648,heart,96.6,MACROH2A1:HGNC:4740,variant,96.154
MACROH2A1,human,Homo sapiens,ENSG00000113648,heart,95.74,MACROH2A1:HGNC:4740,variant,96.154
MACROH2A1,human,Homo sapiens,ENSG00000113648,heart,96.09,MACROH2A1:HGNC:4740,variant,96.154
MACROH2A1,human,Homo sapiens,ENSG00000113648,heart,96.97,MACROH2A1:HGNC:4740,variant,96.154
MACROH2A1,human,Homo sapiens,ENSG00000113648,heart,96.25,MACROH2A1:HGNC:4740,variant,96.154
MACROH2A1,human,Homo sapiens,ENSG00000113648,heart,91.65,MACROH2A1:HGNC:4740,variant,96.154
MACROH2A1,human,Homo sapiens,ENSG00000113648,heart,96.82,MACROH2A1:HGNC:4740,variant,96.154
MACROH2A1,human,Homo sapiens,ENSG00000113648,heart,94.72,MACROH2A1:HGNC:4740,variant,96.154
MACROH2A1,human,Homo sapiens,ENSG00000113648,heart,97.08,MACROH2A1:HGNC:4740,variant,96.154
MACROH2A1,human,Homo sapiens,ENSG00000113648,heart,96.25,MACROH2A1:HGNC:4740,variant,96.154
MACROH2A1,human,Homo sapiens,ENSG00000113648,heart,96.26,MACROH2A1:HGNC:4740,variant,96.154
MACROH2A1,human,Homo sapiens,ENSG00000113648,heart,96.51,MACROH2A1:HGNC:4740,variant,96.154
MACROH2A1,human,Homo sapiens,ENSG00000113648,brain,98.48,MACROH2A1:HGNC:4740,variant,96.52458333333334
MACROH2A1,human,Homo sapiens,ENSG00000113648,brain,95.45,MACROH2A1:HGNC:4740,variant,96.52458333333334
MACROH2A1,human,Homo sapiens,ENSG00000113648,brain,96.34,MACROH2A1:HGNC:4740,variant,96.52458333333334
MACROH2A1,human,Homo sapiens,ENSG00000113648,brain,96.0,MACROH2A1:HGNC:4740,variant,96.52458333333334
MACROH2A1,human,Homo sapiens,ENSG00000113648,brain,96.52,MACROH2A1:HGNC:4740,variant,96.52458333333334
MACROH2A1,human,Homo sapiens,ENSG00000113648,brain,96.38,MACROH2A1:HGNC:4740,variant,96.52458333333334
MACROH2A1,human,Homo sapiens,ENSG00000113648,brain,95.99,MACROH2A1:HGNC:4740,variant,96.52458333333334
MACROH2A1,human,Homo sapiens,ENSG00000113648,brain,96.32,MACROH2A1:HGNC:4740,variant,96.52458333333334
MACROH2A1,human,Homo sapiens,ENSG00000113648,brain,96.42,MACROH2A1:HGNC:4740,variant,96.52458333333334
MACROH2A1,human,Homo sapiens,ENSG00000113648,brain,96.48,MACROH2A1:HGNC:4740,variant,96.52458333333334
MACROH2A1,human,Homo sapiens,ENSG00000113648,brain,96.5,MACROH2A1:HGNC:4740,variant,96.52458333333334
MACROH2A1,human,Homo sapiens,ENSG00000113648,brain,96.85,MACROH2A1:HGNC:4740,variant,96.52458333333334
MACROH2A1,human,Homo sapiens,ENSG00000113648,brain,96.24,MACROH2A1:HGNC:4740,variant,96.52458333333334
MACROH2A1,human,Homo sapiens,ENSG00000113648,brain,96.01,MACROH2A1:HGNC:4740,variant,96.52458333333334
MACROH2A1,human,Homo sapiens,ENSG00000113648,brain,96.55,MACROH2A1:HGNC:4740,variant,96.52458333333334
MACROH2A1,human,Homo sapiens,ENSG00000113648,brain,96.51,MACROH2A1:HGNC:4740,variant,96.52458333333334
MACROH2A1,human,Homo sapiens,ENSG00000113648,brain,96.77,MACROH2A1:HGNC:4740,variant,96.52458333333334
MACROH2A1,human,Homo sapiens,ENSG00000113648,brain,96.21,MACROH2A1:HGNC:4740,variant,96.52458333333334
MACROH2A1,human,Homo sapiens,ENSG00000113648,brain,96.34,MACROH2A1:HGNC:4740,variant,96.52458333333334
MACROH2A1,human,Homo sapiens,ENSG00000113648,brain,96.3,MACROH2A1:HGNC:4740,variant,96.52458333333334
MACROH2A1,human,Homo sapiens,ENSG00000113648,brain,96.33,MACROH2A1:HGNC:4740,variant,96.52458333333334
MACROH2A1,human,Homo sapiens,ENSG00000113648,brain,96.68,MACROH2A1:HGNC:4740,variant,96.52458333333334
MACROH2A1,human,Homo sapiens,ENSG00000113648,brain,98.48,MACROH2A1:HGNC:4740,variant,96.52458333333334
MACROH2A1,human,Homo sapiens,ENSG00000113648,brain,96.44,MACROH2A1:HGNC:4740,variant,96.52458333333334
MACROH2A1,human,Homo sapiens,ENSG00000113648,cerebral cortex,98.97,MACROH2A1:HGNC:4740,variant,96.46900000000001
MACROH2A1,human,Homo sapiens,ENSG00000113648,cerebral cortex,98.31,MACROH2A1:HGNC:4740,variant,96.46900000000001
MACROH2A1,human,Homo sapiens,ENSG00000113648,cerebral cortex,95.7,MACROH2A1:HGNC:4740,variant,96.46900000000001
MACROH2A1,human,Homo sapiens,ENSG00000113648,cerebral cortex,96.19,MACROH2A1:HGNC:4740,variant,96.46900000000001
MACROH2A1,human,Homo sapiens,ENSG00000113648,cerebral cortex,95.55,MACROH2A1:HGNC:4740,variant,96.46900000000001
MACROH2A1,human,Homo sapiens,ENSG00000113648,cerebral cortex,96.37,MACROH2A1:HGNC:4740,variant,96.46900000000001
MACROH2A1,human,Homo sapiens,ENSG00000113648,cerebral cortex,95.88,MACROH2A1:HGNC:4740,variant,96.46900000000001
MACROH2A1,human,Homo sapiens,ENSG00000113648,cerebral cortex,95.74,MACROH2A1:HGNC:4740,variant,96.46900000000001
MACROH2A1,human,Homo sapiens,ENSG00000113648,cerebral cortex,96.03,MACROH2A1:HGNC:4740,variant,96.46900000000001
MACROH2A1,human,Homo sapiens,ENSG00000113648,cerebral cortex,95.95,MACROH2A1:HGNC:4740,variant,96.46900000000001
MACROH2A1,human,Homo sapiens,ENSG00000113648,retina,97.19,MACROH2A1:HGNC:4740,variant,97.19
MACROH2A1,human,Homo sapiens,ENSG00000113648,eye,98.54,MACROH2A1:HGNC:4740,variant,98.04
MACROH2A1,human,Homo sapiens,ENSG00000113648,eye,97.54,MACROH2A1:HGNC:4740,variant,98.04
MACROH2A1,human,Homo sapiens,ENSG00000113648,pleura,97.69,MACROH2A1:HGNC:4740,variant,97.69
MACROH2A1,human,Homo sapiens,ENSG00000113648,tibia,98.33,MACROH2A1:HGNC:4740,variant,98.33
MACROH2A1,human,Homo sapiens,ENSG00000113648,pons,97.0,MACROH2A1:HGNC:4740,variant,97.0
MACROH2A1,human,Homo sapiens,ENSG00000113648,penis,99.08,MACROH2A1:HGNC:4740,variant,99.08
MACROH2A1,human,Homo sapiens,ENSG00000113648,ovary,99.01,MACROH2A1:HGNC:4740,variant,97.18181818181819
MACROH2A1,human,Homo sapiens,ENSG00000113648,ovary,98.88,MACROH2A1:HGNC:4740,variant,97.18181818181819
MACROH2A1,human,Homo sapiens,ENSG00000113648,ovary,99.09,MACROH2A1:HGNC:4740,variant,97.18181818181819
MACROH2A1,human,Homo sapiens,ENSG00000113648,ovary,96.45,MACROH2A1:HGNC:4740,variant,97.18181818181819
MACROH2A1,human,Homo sapiens,ENSG00000113648,ovary,95.39,MACROH2A1:HGNC:4740,variant,97.18181818181819
MACROH2A1,human,Homo sapiens,ENSG00000113648,ovary,97.14,MACROH2A1:HGNC:4740,variant,97.18181818181819
MACROH2A1,human,Homo sapiens,ENSG00000113648,ovary,95.84,MACROH2A1:HGNC:4740,variant,97.18181818181819
MACROH2A1,human,Homo sapiens,ENSG00000113648,ovary,95.93,MACROH2A1:HGNC:4740,variant,97.18181818181819
MACROH2A1,human,Homo sapiens,ENSG00000113648,ovary,96.19,MACROH2A1:HGNC:4740,variant,97.18181818181819
MACROH2A1,human,Homo sapiens,ENSG00000113648,ovary,99.28,MACROH2A1:HGNC:4740,variant,97.18181818181819
MACROH2A1,human,Homo sapiens,ENSG00000113648,ovary,95.8,MACROH2A1:HGNC:4740,variant,97.18181818181819
MACROH2A1,human,Homo sapiens,ENSG00000113648,uterus,96.96,MACROH2A1:HGNC:4740,variant,96.88
MACROH2A1,human,Homo sapiens,ENSG00000113648,uterus,96.8,MACROH2A1:HGNC:4740,variant,96.88
MACROH2A1,human,Homo sapiens,ENSG00000113648,vagina,97.72,MACROH2A1:HGNC:4740,variant,98.73916666666666
MACROH2A1,human,Homo sapiens,ENSG00000113648,vagina,99.57,MACROH2A1:HGNC:4740,variant,98.73916666666666
MACROH2A1,human,Homo sapiens,ENSG00000113648,vagina,98.53,MACROH2A1:HGNC:4740,variant,98.73916666666666
MACROH2A1,human,Homo sapiens,ENSG00000113648,vagina,99.25,MACROH2A1:HGNC:4740,variant,98.73916666666666
MACROH2A1,human,Homo sapiens,ENSG00000113648,vagina,99.41,MACROH2A1:HGNC:4740,variant,98.73916666666666
MACROH2A1,human,Homo sapiens,ENSG00000113648,vagina,98.01,MACROH2A1:HGNC:4740,variant,98.73916666666666
MACROH2A1,human,Homo sapiens,ENSG00000113648,vagina,99.49,MACROH2A1:HGNC:4740,variant,98.73916666666666
MACROH2A1,human,Homo sapiens,ENSG00000113648,vagina,99.33,MACROH2A1:HGNC:4740,variant,98.73916666666666
MACROH2A1,human,Homo sapiens,ENSG00000113648,vagina,99.41,MACROH2A1:HGNC:4740,variant,98.73916666666666
MACROH2A1,human,Homo sapiens,ENSG00000113648,vagina,97.75,MACROH2A1:HGNC:4740,variant,98.73916666666666
MACROH2A1,human,Homo sapiens,ENSG00000113648,vagina,99.55,MACROH2A1:HGNC:4740,variant,98.73916666666666
MACROH2A1,human,Homo sapiens,ENSG00000113648,vagina,96.85,MACROH2A1:HGNC:4740,variant,98.73916666666666
MACROH2A1,human,Homo sapiens,ENSG00000113648,mammalian vulva,98.81,MACROH2A1:HGNC:4740,variant,98.612
MACROH2A1,human,Homo sapiens,ENSG00000113648,mammalian vulva,98.55,MACROH2A1:HGNC:4740,variant,98.612
MACROH2A1,human,Homo sapiens,ENSG00000113648,mammalian vulva,98.42,MACROH2A1:HGNC:4740,variant,98.612
MACROH2A1,human,Homo sapiens,ENSG00000113648,mammalian vulva,98.88,MACROH2A1:HGNC:4740,variant,98.612
MACROH2A1,human,Homo sapiens,ENSG00000113648,mammalian vulva,98.4,MACROH2A1:HGNC:4740,variant,98.612
MACROH2A1,human,Homo sapiens,ENSG00000113648,seminal vesicle,96.27,MACROH2A1:HGNC:4740,variant,96.27
MACROH2A1,human,Homo sapiens,ENSG00000113648,adipose tissue,97.15,MACROH2A1:HGNC:4740,variant,96.91529411764705
MACROH2A1,human,Homo sapiens,ENSG00000113648,adipose tissue,96.63,MACROH2A1:HGNC:4740,variant,96.91529411764705
MACROH2A1,human,Homo sapiens,ENSG00000113648,adipose tissue,97.27,MACROH2A1:HGNC:4740,variant,96.91529411764705
MACROH2A1,human,Homo sapiens,ENSG00000113648,adipose tissue,96.93,MACROH2A1:HGNC:4740,variant,96.91529411764705
MACROH2A1,human,Homo sapiens,ENSG00000113648,adipose tissue,96.94,MACROH2A1:HGNC:4740,variant,96.91529411764705
MACROH2A1,human,Homo sapiens,ENSG00000113648,adipose tissue,96.98,MACROH2A1:HGNC:4740,variant,96.91529411764705
MACROH2A1,human,Homo sapiens,ENSG00000113648,adipose tissue,97.02,MACROH2A1:HGNC:4740,variant,96.91529411764705
MACROH2A1,human,Homo sapiens,ENSG00000113648,adipose tissue,96.81,MACROH2A1:HGNC:4740,variant,96.91529411764705
MACROH2A1,human,Homo sapiens,ENSG00000113648,adipose tissue,97.12,MACROH2A1:HGNC:4740,variant,96.91529411764705
MACROH2A1,human,Homo sapiens,ENSG00000113648,adipose tissue,96.88,MACROH2A1:HGNC:4740,variant,96.91529411764705
MACROH2A1,human,Homo sapiens,ENSG00000113648,adipose tissue,96.89,MACROH2A1:HGNC:4740,variant,96.91529411764705
MACROH2A1,human,Homo sapiens,ENSG00000113648,adipose tissue,96.87,MACROH2A1:HGNC:4740,variant,96.91529411764705
MACROH2A1,human,Homo sapiens,ENSG00000113648,adipose tissue,96.73,MACROH2A1:HGNC:4740,variant,96.91529411764705
MACROH2A1,human,Homo sapiens,ENSG00000113648,adipose tissue,96.89,MACROH2A1:HGNC:4740,variant,96.91529411764705
MACROH2A1,human,Homo sapiens,ENSG00000113648,adipose tissue,96.97,MACROH2A1:HGNC:4740,variant,96.91529411764705
MACROH2A1,human,Homo sapiens,ENSG00000113648,adipose tissue,96.71,MACROH2A1:HGNC:4740,variant,96.91529411764705
MACROH2A1,human,Homo sapiens,ENSG00000113648,adipose tissue,96.77,MACROH2A1:HGNC:4740,variant,96.91529411764705
MACROH2A1,human,Homo sapiens,ENSG00000113648,central nervous system,96.33,MACROH2A1:HGNC:4740,variant,96.33
MACROH2A1,human,Homo sapiens,ENSG00000113648,nerve,96.05,MACROH2A1:HGNC:4740,variant,96.05
MACROH2A1,human,Homo sapiens,ENSG00000113648,esophagus,97.88,MACROH2A1:HGNC:4740,variant,97.72428571428573
MACROH2A1,human,Homo sapiens,ENSG00000113648,esophagus,97.73,MACROH2A1:HGNC:4740,variant,97.72428571428573
MACROH2A1,human,Homo sapiens,ENSG00000113648,esophagus,97.87,MACROH2A1:HGNC:4740,variant,97.72428571428573
MACROH2A1,human,Homo sapiens,ENSG00000113648,esophagus,97.64,MACROH2A1:HGNC:4740,variant,97.72428571428573
MACROH2A1,human,Homo sapiens,ENSG00000113648,esophagus,97.56,MACROH2A1:HGNC:4740,variant,97.72428571428573
MACROH2A1,human,Homo sapiens,ENSG00000113648,esophagus,97.72,MACROH2A1:HGNC:4740,variant,97.72428571428573
MACROH2A1,human,Homo sapiens,ENSG00000113648,esophagus,97.67,MACROH2A1:HGNC:4740,variant,97.72428571428573
MACROH2A1,human,Homo sapiens,ENSG00000113648,saliva-secreting gland,97.71,MACROH2A1:HGNC:4740,variant,97.01599999999999
MACROH2A1,human,Homo sapiens,ENSG00000113648,saliva-secreting gland,96.33,MACROH2A1:HGNC:4740,variant,97.01599999999999
MACROH2A1,human,Homo sapiens,ENSG00000113648,saliva-secreting gland,96.98,MACROH2A1:HGNC:4740,variant,97.01599999999999
MACROH2A1,human,Homo sapiens,ENSG00000113648,saliva-secreting gland,97.03,MACROH2A1:HGNC:4740,variant,97.01599999999999
MACROH2A1,human,Homo sapiens,ENSG00000113648,saliva-secreting gland,97.03,MACROH2A1:HGNC:4740,variant,97.01599999999999
MACROH2A1,human,Homo sapiens,ENSG00000113648,rectum,98.38,MACROH2A1:HGNC:4740,variant,98.38
MACROH2A1,human,Homo sapiens,ENSG00000113648,diaphragm,92.57,MACROH2A1:HGNC:4740,variant,92.57
MACROH2A1,human,Homo sapiens,ENSG00000113648,right lobe of liver,94.59,MACROH2A1:HGNC:4740,variant,93.06888888888889
MACROH2A1,human,Homo sapiens,ENSG00000113648,right lobe of liver,92.08,MACROH2A1:HGNC:4740,variant,93.06888888888889
MACROH2A1,human,Homo sapiens,ENSG00000113648,right lobe of liver,93.12,MACROH2A1:HGNC:4740,variant,93.06888888888889
MACROH2A1,human,Homo sapiens,ENSG00000113648,right lobe of liver,93.7,MACROH2A1:HGNC:4740,variant,93.06888888888889
MACROH2A1,human,Homo sapiens,ENSG00000113648,right lobe of liver,92.68,MACROH2A1:HGNC:4740,variant,93.06888888888889
MACROH2A1,human,Homo sapiens,ENSG00000113648,right lobe of liver,93.1,MACROH2A1:HGNC:4740,variant,93.06888888888889
MACROH2A1,human,Homo sapiens,ENSG00000113648,right lobe of liver,92.49,MACROH2A1:HGNC:4740,variant,93.06888888888889
MACROH2A1,human,Homo sapiens,ENSG00000113648,right lobe of liver,93.08,MACROH2A1:HGNC:4740,variant,93.06888888888889
MACROH2A1,human,Homo sapiens,ENSG00000113648,right lobe of liver,92.78,MACROH2A1:HGNC:4740,variant,93.06888888888889
MACROH2A1,human,Homo sapiens,ENSG00000113648,right lobe of thyroid gland,96.43,MACROH2A1:HGNC:4740,variant,96.45375
MACROH2A1,human,Homo sapiens,ENSG00000113648,right lobe of thyroid gland,97.29,MACROH2A1:HGNC:4740,variant,96.45375
MACROH2A1,human,Homo sapiens,ENSG00000113648,right lobe of thyroid gland,95.63,MACROH2A1:HGNC:4740,variant,96.45375
MACROH2A1,human,Homo sapiens,ENSG00000113648,right lobe of thyroid gland,95.35,MACROH2A1:HGNC:4740,variant,96.45375
MACROH2A1,human,Homo sapiens,ENSG00000113648,right lobe of thyroid gland,96.92,MACROH2A1:HGNC:4740,variant,96.45375
MACROH2A1,human,Homo sapiens,ENSG00000113648,right lobe of thyroid gland,96.14,MACROH2A1:HGNC:4740,variant,96.45375
MACROH2A1,human,Homo sapiens,ENSG00000113648,right lobe of thyroid gland,96.63,MACROH2A1:HGNC:4740,variant,96.45375
MACROH2A1,human,Homo sapiens,ENSG00000113648,right lobe of thyroid gland,97.24,MACROH2A1:HGNC:4740,variant,96.45375
MACROH2A1,human,Homo sapiens,ENSG00000113648,left lobe of thyroid gland,96.8,MACROH2A1:HGNC:4740,variant,96.60363636363635
MACROH2A1,human,Homo sapiens,ENSG00000113648,left lobe of thyroid gland,96.86,MACROH2A1:HGNC:4740,variant,96.60363636363635
MACROH2A1,human,Homo sapiens,ENSG00000113648,left lobe of thyroid gland,96.32,MACROH2A1:HGNC:4740,variant,96.60363636363635
MACROH2A1,human,Homo sapiens,ENSG00000113648,left lobe of thyroid gland,96.78,MACROH2A1:HGNC:4740,variant,96.60363636363635
MACROH2A1,human,Homo sapiens,ENSG00000113648,left lobe of thyroid gland,96.32,MACROH2A1:HGNC:4740,variant,96.60363636363635
MACROH2A1,human,Homo sapiens,ENSG00000113648,left lobe of thyroid gland,96.66,MACROH2A1:HGNC:4740,variant,96.60363636363635
MACROH2A1,human,Homo sapiens,ENSG00000113648,left lobe of thyroid gland,96.7,MACROH2A1:HGNC:4740,variant,96.60363636363635
MACROH2A1,human,Homo sapiens,ENSG00000113648,left lobe of thyroid gland,96.33,MACROH2A1:HGNC:4740,variant,96.60363636363635
MACROH2A1,human,Homo sapiens,ENSG00000113648,left lobe of thyroid gland,96.38,MACROH2A1:HGNC:4740,variant,96.60363636363635
MACROH2A1,human,Homo sapiens,ENSG00000113648,left lobe of thyroid gland,96.27,MACROH2A1:HGNC:4740,variant,96.60363636363635
MACROH2A1,human,Homo sapiens,ENSG00000113648,left lobe of thyroid gland,97.22,MACROH2A1:HGNC:4740,variant,96.60363636363635
MACROH2A1,human,Homo sapiens,ENSG00000113648,skeletal muscle tissue,93.46,MACROH2A1:HGNC:4740,variant,94.38058823529411
MACROH2A1,human,Homo sapiens,ENSG00000113648,skeletal muscle tissue,94.44,MACROH2A1:HGNC:4740,variant,94.38058823529411
MACROH2A1,human,Homo sapiens,ENSG00000113648,skeletal muscle tissue,95.2,MACROH2A1:HGNC:4740,variant,94.38058823529411
MACROH2A1,human,Homo sapiens,ENSG00000113648,skeletal muscle tissue,94.06,MACROH2A1:HGNC:4740,variant,94.38058823529411
MACROH2A1,human,Homo sapiens,ENSG00000113648,skeletal muscle tissue,87.79,MACROH2A1:HGNC:4740,variant,94.38058823529411
MACROH2A1,human,Homo sapiens,ENSG00000113648,skeletal muscle tissue,93.75,MACROH2A1:HGNC:4740,variant,94.38058823529411
MACROH2A1,human,Homo sapiens,ENSG00000113648,skeletal muscle tissue,95.59,MACROH2A1:HGNC:4740,variant,94.38058823529411
MACROH2A1,human,Homo sapiens,ENSG00000113648,skeletal muscle tissue,94.66,MACROH2A1:HGNC:4740,variant,94.38058823529411
MACROH2A1,human,Homo sapiens,ENSG00000113648,skeletal muscle tissue,94.23,MACROH2A1:HGNC:4740,variant,94.38058823529411
MACROH2A1,human,Homo sapiens,ENSG00000113648,skeletal muscle tissue,95.08,MACROH2A1:HGNC:4740,variant,94.38058823529411
MACROH2A1,human,Homo sapiens,ENSG00000113648,skeletal muscle tissue,94.81,MACROH2A1:HGNC:4740,variant,94.38058823529411
MACROH2A1,human,Homo sapiens,ENSG00000113648,skeletal muscle tissue,94.74,MACROH2A1:HGNC:4740,variant,94.38058823529411
MACROH2A1,human,Homo sapiens,ENSG00000113648,skeletal muscle tissue,95.71,MACROH2A1:HGNC:4740,variant,94.38058823529411
MACROH2A1,human,Homo sapiens,ENSG00000113648,skeletal muscle tissue,94.87,MACROH2A1:HGNC:4740,variant,94.38058823529411
MACROH2A1,human,Homo sapiens,ENSG00000113648,skeletal muscle tissue,95.24,MACROH2A1:HGNC:4740,variant,94.38058823529411
MACROH2A1,human,Homo sapiens,ENSG00000113648,skeletal muscle tissue,95.61,MACROH2A1:HGNC:4740,variant,94.38058823529411
MACROH2A1,human,Homo sapiens,ENSG00000113648,skeletal muscle tissue,95.23,MACROH2A1:HGNC:4740,variant,94.38058823529411
MACROH2A1,human,Homo sapiens,ENSG00000113648,smooth muscle tissue,93.16,MACROH2A1:HGNC:4740,variant,95.3
MACROH2A1,human,Homo sapiens,ENSG00000113648,smooth muscle tissue,97.44,MACROH2A1:HGNC:4740,variant,95.3
MACROH2A1,human,Homo sapiens,ENSG00000113648,body of pancreas,94.97,MACROH2A1:HGNC:4740,variant,94.547
MACROH2A1,human,Homo sapiens,ENSG00000113648,body of pancreas,94.44,MACROH2A1:HGNC:4740,variant,94.547
MACROH2A1,human,Homo sapiens,ENSG00000113648,body of pancreas,95.44,MACROH2A1:HGNC:4740,variant,94.547
MACROH2A1,human,Homo sapiens,ENSG00000113648,body of pancreas,94.36,MACROH2A1:HGNC:4740,variant,94.547
MACROH2A1,human,Homo sapiens,ENSG00000113648,body of pancreas,94.5,MACROH2A1:HGNC:4740,variant,94.547
MACROH2A1,human,Homo sapiens,ENSG00000113648,body of pancreas,94.08,MACROH2A1:HGNC:4740,variant,94.547
MACROH2A1,human,Homo sapiens,ENSG00000113648,body of pancreas,94.48,MACROH2A1:HGNC:4740,variant,94.547
MACROH2A1,human,Homo sapiens,ENSG00000113648,body of pancreas,94.2,MACROH2A1:HGNC:4740,variant,94.547
MACROH2A1,human,Homo sapiens,ENSG00000113648,body of pancreas,94.08,MACROH2A1:HGNC:4740,variant,94.547
MACROH2A1,human,Homo sapiens,ENSG00000113648,body of pancreas,94.92,MACROH2A1:HGNC:4740,variant,94.547
MACROH2A1,human,Homo sapiens,ENSG00000113648,caecum,99.12,MACROH2A1:HGNC:4740,variant,98.50666666666666
MACROH2A1,human,Homo sapiens,ENSG00000113648,caecum,98.82,MACROH2A1:HGNC:4740,variant,98.50666666666666
MACROH2A1,human,Homo sapiens,ENSG00000113648,caecum,97.58,MACROH2A1:HGNC:4740,variant,98.50666666666666
MACROH2A1,human,Homo sapiens,ENSG00000113648,vermiform appendix,98.26,MACROH2A1:HGNC:4740,variant,98.36500000000001
MACROH2A1,human,Homo sapiens,ENSG00000113648,vermiform appendix,98.24,MACROH2A1:HGNC:4740,variant,98.36500000000001
MACROH2A1,human,Homo sapiens,ENSG00000113648,vermiform appendix,98.29,MACROH2A1:HGNC:4740,variant,98.36500000000001
MACROH2A1,human,Homo sapiens,ENSG00000113648,vermiform appendix,98.67,MACROH2A1:HGNC:4740,variant,98.36500000000001
MACROH2A1,human,Homo sapiens,ENSG00000113648,colon,97.58,MACROH2A1:HGNC:4740,variant,97.43055555555556
MACROH2A1,human,Homo sapiens,ENSG00000113648,colon,97.02,MACROH2A1:HGNC:4740,variant,97.43055555555556
MACROH2A1,human,Homo sapiens,ENSG00000113648,colon,97.87,MACROH2A1:HGNC:4740,variant,97.43055555555556
MACROH2A1,human,Homo sapiens,ENSG00000113648,colon,97.55,MACROH2A1:HGNC:4740,variant,97.43055555555556
MACROH2A1,human,Homo sapiens,ENSG00000113648,colon,97.42,MACROH2A1:HGNC:4740,variant,97.43055555555556
MACROH2A1,human,Homo sapiens,ENSG00000113648,colon,97.37,MACROH2A1:HGNC:4740,variant,97.43055555555556
MACROH2A1,human,Homo sapiens,ENSG00000113648,colon,97.35,MACROH2A1:HGNC:4740,variant,97.43055555555556
MACROH2A1,human,Homo sapiens,ENSG00000113648,colon,97.03,MACROH2A1:HGNC:4740,variant,97.43055555555556
MACROH2A1,human,Homo sapiens,ENSG00000113648,colon,97.05,MACROH2A1:HGNC:4740,variant,97.43055555555556
MACROH2A1,human,Homo sapiens,ENSG00000113648,colon,96.72,MACROH2A1:HGNC:4740,variant,97.43055555555556
MACROH2A1,human,Homo sapiens,ENSG00000113648,colon,98.05,MACROH2A1:HGNC:4740,variant,97.43055555555556
MACROH2A1,human,Homo sapiens,ENSG00000113648,colon,96.65,MACROH2A1:HGNC:4740,variant,97.43055555555556
MACROH2A1,human,Homo sapiens,ENSG00000113648,colon,97.56,MACROH2A1:HGNC:4740,variant,97.43055555555556
MACROH2A1,human,Homo sapiens,ENSG00000113648,colon,97.31,MACROH2A1:HGNC:4740,variant,97.43055555555556
MACROH2A1,human,Homo sapiens,ENSG00000113648,colon,99.09,MACROH2A1:HGNC:4740,variant,97.43055555555556
MACROH2A1,human,Homo sapiens,ENSG00000113648,colon,97.49,MACROH2A1:HGNC:4740,variant,97.43055555555556
MACROH2A1,human,Homo sapiens,ENSG00000113648,colon,97.37,MACROH2A1:HGNC:4740,variant,97.43055555555556
MACROH2A1,human,Homo sapiens,ENSG00000113648,colon,97.27,MACROH2A1:HGNC:4740,variant,97.43055555555556
MACROH2A1,human,Homo sapiens,ENSG00000113648,transverse colon,97.9,MACROH2A1:HGNC:4740,variant,97.711
MACROH2A1,human,Homo sapiens,ENSG00000113648,transverse colon,97.93,MACROH2A1:HGNC:4740,variant,97.711
MACROH2A1,human,Homo sapiens,ENSG00000113648,transverse colon,97.72,MACROH2A1:HGNC:4740,variant,97.711
MACROH2A1,human,Homo sapiens,ENSG00000113648,transverse colon,97.74,MACROH2A1:HGNC:4740,variant,97.711
MACROH2A1,human,Homo sapiens,ENSG00000113648,transverse colon,97.69,MACROH2A1:HGNC:4740,variant,97.711
MACROH2A1,human,Homo sapiens,ENSG00000113648,transverse colon,97.63,MACROH2A1:HGNC:4740,variant,97.711
MACROH2A1,human,Homo sapiens,ENSG00000113648,transverse colon,97.87,MACROH2A1:HGNC:4740,variant,97.711
MACROH2A1,human,Homo sapiens,ENSG00000113648,transverse colon,97.82,MACROH2A1:HGNC:4740,variant,97.711
MACROH2A1,human,Homo sapiens,ENSG00000113648,transverse colon,97.54,MACROH2A1:HGNC:4740,variant,97.711
MACROH2A1,human,Homo sapiens,ENSG00000113648,transverse colon,97.27,MACROH2A1:HGNC:4740,variant,97.711
MACROH2A1,human,Homo sapiens,ENSG00000113648,sigmoid colon,97.2,MACROH2A1:HGNC:4740,variant,96.83
MACROH2A1,human,Homo sapiens,ENSG00000113648,sigmoid colon,96.78,MACROH2A1:HGNC:4740,variant,96.83
MACROH2A1,human,Homo sapiens,ENSG00000113648,sigmoid colon,96.77,MACROH2A1:HGNC:4740,variant,96.83
MACROH2A1,human,Homo sapiens,ENSG00000113648,sigmoid colon,96.57,MACROH2A1:HGNC:4740,variant,96.83
MACROH2A1,human,Homo sapiens,ENSG00000113648,fundus of stomach,96.57,MACROH2A1:HGNC:4740,variant,96.54714285714284
MACROH2A1,human,Homo sapiens,ENSG00000113648,fundus of stomach,97.8,MACROH2A1:HGNC:4740,variant,96.54714285714284
MACROH2A1,human,Homo sapiens,ENSG00000113648,fundus of stomach,95.97,MACROH2A1:HGNC:4740,variant,96.54714285714284
MACROH2A1,human,Homo sapiens,ENSG00000113648,fundus of stomach,97.61,MACROH2A1:HGNC:4740,variant,96.54714285714284
MACROH2A1,human,Homo sapiens,ENSG00000113648,fundus of stomach,96.38,MACROH2A1:HGNC:4740,variant,96.54714285714284
MACROH2A1,human,Homo sapiens,ENSG00000113648,fundus of stomach,95.55,MACROH2A1:HGNC:4740,variant,96.54714285714284
MACROH2A1,human,Homo sapiens,ENSG00000113648,fundus of stomach,95.95,MACROH2A1:HGNC:4740,variant,96.54714285714284
MACROH2A1,human,Homo sapiens,ENSG00000113648,body of stomach,96.86,MACROH2A1:HGNC:4740,variant,96.6309090909091
MACROH2A1,human,Homo sapiens,ENSG00000113648,body of stomach,96.68,MACROH2A1:HGNC:4740,variant,96.6309090909091
MACROH2A1,human,Homo sapiens,ENSG00000113648,body of stomach,96.82,MACROH2A1:HGNC:4740,variant,96.6309090909091
MACROH2A1,human,Homo sapiens,ENSG00000113648,body of stomach,96.75,MACROH2A1:HGNC:4740,variant,96.6309090909091
MACROH2A1,human,Homo sapiens,ENSG00000113648,body of stomach,96.82,MACROH2A1:HGNC:4740,variant,96.6309090909091
MACROH2A1,human,Homo sapiens,ENSG00000113648,body of stomach,96.53,MACROH2A1:HGNC:4740,variant,96.6309090909091
MACROH2A1,human,Homo sapiens,ENSG00000113648,body of stomach,96.46,MACROH2A1:HGNC:4740,variant,96.6309090909091
MACROH2A1,human,Homo sapiens,ENSG00000113648,body of stomach,96.57,MACROH2A1:HGNC:4740,variant,96.6309090909091
MACROH2A1,human,Homo sapiens,ENSG00000113648,body of stomach,96.92,MACROH2A1:HGNC:4740,variant,96.6309090909091
MACROH2A1,human,Homo sapiens,ENSG00000113648,body of stomach,96.6,MACROH2A1:HGNC:4740,variant,96.6309090909091
MACROH2A1,human,Homo sapiens,ENSG00000113648,body of stomach,95.93,MACROH2A1:HGNC:4740,variant,96.6309090909091
MACROH2A1,human,Homo sapiens,ENSG00000113648,cardia of stomach,97.09,MACROH2A1:HGNC:4740,variant,97.62333333333333
MACROH2A1,human,Homo sapiens,ENSG00000113648,cardia of stomach,97.56,MACROH2A1:HGNC:4740,variant,97.62333333333333
MACROH2A1,human,Homo sapiens,ENSG00000113648,cardia of stomach,98.22,MACROH2A1:HGNC:4740,variant,97.62333333333333
MACROH2A1,human,Homo sapiens,ENSG00000113648,pylorus,98.12,MACROH2A1:HGNC:4740,variant,98.38333333333333
MACROH2A1,human,Homo sapiens,ENSG00000113648,pylorus,98.48,MACROH2A1:HGNC:4740,variant,98.38333333333333
MACROH2A1,human,Homo sapiens,ENSG00000113648,pylorus,98.55,MACROH2A1:HGNC:4740,variant,98.38333333333333
MACROH2A1,human,Homo sapiens,ENSG00000113648,mucosa of stomach,96.62,MACROH2A1:HGNC:4740,variant,96.62
MACROH2A1,human,Homo sapiens,ENSG00000113648,cortex of kidney,94.45,MACROH2A1:HGNC:4740,variant,95.056
MACROH2A1,human,Homo sapiens,ENSG00000113648,cortex of kidney,95.48,MACROH2A1:HGNC:4740,variant,95.056
MACROH2A1,human,Homo sapiens,ENSG00000113648,cortex of kidney,95.27,MACROH2A1:HGNC:4740,variant,95.056
MACROH2A1,human,Homo sapiens,ENSG00000113648,cortex of kidney,94.64,MACROH2A1:HGNC:4740,variant,95.056
MACROH2A1,human,Homo sapiens,ENSG00000113648,cortex of kidney,95.44,MACROH2A1:HGNC:4740,variant,95.056
MACROH2A1,human,Homo sapiens,ENSG00000113648,nephron tubule,93.36,MACROH2A1:HGNC:4740,variant,93.72749999999999
MACROH2A1,human,Homo sapiens,ENSG00000113648,nephron tubule,93.93,MACROH2A1:HGNC:4740,variant,93.72749999999999
MACROH2A1,human,Homo sapiens,ENSG00000113648,nephron tubule,92.69,MACROH2A1:HGNC:4740,variant,93.72749999999999
MACROH2A1,human,Homo sapiens,ENSG00000113648,nephron tubule,93.89,MACROH2A1:HGNC:4740,variant,93.72749999999999
MACROH2A1,human,Homo sapiens,ENSG00000113648,nephron tubule,94.13,MACROH2A1:HGNC:4740,variant,93.72749999999999
MACROH2A1,human,Homo sapiens,ENSG00000113648,nephron tubule,93.85,MACROH2A1:HGNC:4740,variant,93.72749999999999
MACROH2A1,human,Homo sapiens,ENSG00000113648,nephron tubule,93.73,MACROH2A1:HGNC:4740,variant,93.72749999999999
MACROH2A1,human,Homo sapiens,ENSG00000113648,nephron tubule,94.24,MACROH2A1:HGNC:4740,variant,93.72749999999999
MACROH2A1,human,Homo sapiens,ENSG00000113648,right adrenal gland,95.62,MACROH2A1:HGNC:4740,variant,96.232
MACROH2A1,human,Homo sapiens,ENSG00000113648,right adrenal gland,96.0,MACROH2A1:HGNC:4740,variant,96.232
MACROH2A1,human,Homo sapiens,ENSG00000113648,right adrenal gland,96.55,MACROH2A1:HGNC:4740,variant,96.232
MACROH2A1,human,Homo sapiens,ENSG00000113648,right adrenal gland,96.45,MACROH2A1:HGNC:4740,variant,96.232
MACROH2A1,human,Homo sapiens,ENSG00000113648,right adrenal gland,96.54,MACROH2A1:HGNC:4740,variant,96.232
MACROH2A1,human,Homo sapiens,ENSG00000113648,left adrenal gland,96.13,MACROH2A1:HGNC:4740,variant,96.4925
MACROH2A1,human,Homo sapiens,ENSG00000113648,left adrenal gland,96.59,MACROH2A1:HGNC:4740,variant,96.4925
MACROH2A1,human,Homo sapiens,ENSG00000113648,left adrenal gland,96.69,MACROH2A1:HGNC:4740,variant,96.4925
MACROH2A1,human,Homo sapiens,ENSG00000113648,left adrenal gland,96.68,MACROH2A1:HGNC:4740,variant,96.4925
MACROH2A1,human,Homo sapiens,ENSG00000113648,left adrenal gland,96.72,MACROH2A1:HGNC:4740,variant,96.4925
MACROH2A1,human,Homo sapiens,ENSG00000113648,left adrenal gland,96.58,MACROH2A1:HGNC:4740,variant,96.4925
MACROH2A1,human,Homo sapiens,ENSG00000113648,left adrenal gland,96.19,MACROH2A1:HGNC:4740,variant,96.4925
MACROH2A1,human,Homo sapiens,ENSG00000113648,left adrenal gland,96.36,MACROH2A1:HGNC:4740,variant,96.4925
MACROH2A1,human,Homo sapiens,ENSG00000113648,adrenal cortex,96.18,MACROH2A1:HGNC:4740,variant,96.84666666666668
MACROH2A1,human,Homo sapiens,ENSG00000113648,adrenal cortex,97.14,MACROH2A1:HGNC:4740,variant,96.84666666666668
MACROH2A1,human,Homo sapiens,ENSG00000113648,adrenal cortex,97.22,MACROH2A1:HGNC:4740,variant,96.84666666666668
MACROH2A1,human,Homo sapiens,ENSG00000113648,urinary bladder,97.28,MACROH2A1:HGNC:4740,variant,97.27875
MACROH2A1,human,Homo sapiens,ENSG00000113648,urinary bladder,97.13,MACROH2A1:HGNC:4740,variant,97.27875
MACROH2A1,human,Homo sapiens,ENSG00000113648,urinary bladder,96.83,MACROH2A1:HGNC:4740,variant,97.27875
MACROH2A1,human,Homo sapiens,ENSG00000113648,urinary bladder,97.03,MACROH2A1:HGNC:4740,variant,97.27875
MACROH2A1,human,Homo sapiens,ENSG00000113648,urinary bladder,97.61,MACROH2A1:HGNC:4740,variant,97.27875
MACROH2A1,human,Homo sapiens,ENSG00000113648,urinary bladder,97.32,MACROH2A1:HGNC:4740,variant,97.27875
MACROH2A1,human,Homo sapiens,ENSG00000113648,urinary bladder,97.51,MACROH2A1:HGNC:4740,variant,97.27875
MACROH2A1,human,Homo sapiens,ENSG00000113648,urinary bladder,97.52,MACROH2A1:HGNC:4740,variant,97.27875
MACROH2A1,human,Homo sapiens,ENSG00000113648,mucosa of urinary bladder,96.66,MACROH2A1:HGNC:4740,variant,96.66
MACROH2A1,human,Homo sapiens,ENSG00000113648,pancreas,95.35,MACROH2A1:HGNC:4740,variant,95.38
MACROH2A1,human,Homo sapiens,ENSG00000113648,pancreas,95.41,MACROH2A1:HGNC:4740,variant,95.38
MACROH2A1,human,Homo sapiens,ENSG00000113648,endometrium,99.17,MACROH2A1:HGNC:4740,variant,97.76625
MACROH2A1,human,Homo sapiens,ENSG00000113648,endometrium,98.96,MACROH2A1:HGNC:4740,variant,97.76625
MACROH2A1,human,Homo sapiens,ENSG00000113648,endometrium,99.03,MACROH2A1:HGNC:4740,variant,97.76625
MACROH2A1,human,Homo sapiens,ENSG00000113648,endometrium,98.95,MACROH2A1:HGNC:4740,variant,97.76625
MACROH2A1,human,Homo sapiens,ENSG00000113648,endometrium,98.91,MACROH2A1:HGNC:4740,variant,97.76625
MACROH2A1,human,Homo sapiens,ENSG00000113648,endometrium,98.8,MACROH2A1:HGNC:4740,variant,97.76625
MACROH2A1,human,Homo sapiens,ENSG00000113648,endometrium,98.86,MACROH2A1:HGNC:4740,variant,97.76625
MACROH2A1,human,Homo sapiens,ENSG00000113648,endometrium,98.66,MACROH2A1:HGNC:4740,variant,97.76625
MACROH2A1,human,Homo sapiens,ENSG00000113648,endometrium,96.11,MACROH2A1:HGNC:4740,variant,97.76625
MACROH2A1,human,Homo sapiens,ENSG00000113648,endometrium,95.84,MACROH2A1:HGNC:4740,variant,97.76625
MACROH2A1,human,Homo sapiens,ENSG00000113648,endometrium,96.25,MACROH2A1:HGNC:4740,variant,97.76625
MACROH2A1,human,Homo sapiens,ENSG00000113648,endometrium,97.01,MACROH2A1:HGNC:4740,variant,97.76625
MACROH2A1,human,Homo sapiens,ENSG00000113648,endometrium,96.59,MACROH2A1:HGNC:4740,variant,97.76625
MACROH2A1,human,Homo sapiens,ENSG00000113648,endometrium,97.23,MACROH2A1:HGNC:4740,variant,97.76625
MACROH2A1,human,Homo sapiens,ENSG00000113648,endometrium,96.98,MACROH2A1:HGNC:4740,variant,97.76625
MACROH2A1,human,Homo sapiens,ENSG00000113648,endometrium,96.91,MACROH2A1:HGNC:4740,variant,97.76625
MACROH2A1,human,Homo sapiens,ENSG00000113648,myometrium,96.53,MACROH2A1:HGNC:4740,variant,95.88727272727273
MACROH2A1,human,Homo sapiens,ENSG00000113648,myometrium,96.81,MACROH2A1:HGNC:4740,variant,95.88727272727273
MACROH2A1,human,Homo sapiens,ENSG00000113648,myometrium,95.69,MACROH2A1:HGNC:4740,variant,95.88727272727273
MACROH2A1,human,Homo sapiens,ENSG00000113648,myometrium,93.73,MACROH2A1:HGNC:4740,variant,95.88727272727273
MACROH2A1,human,Homo sapiens,ENSG00000113648,myometrium,95.11,MACROH2A1:HGNC:4740,variant,95.88727272727273
MACROH2A1,human,Homo sapiens,ENSG00000113648,myometrium,95.1,MACROH2A1:HGNC:4740,variant,95.88727272727273
MACROH2A1,human,Homo sapiens,ENSG00000113648,myometrium,96.1,MACROH2A1:HGNC:4740,variant,95.88727272727273
MACROH2A1,human,Homo sapiens,ENSG00000113648,myometrium,96.68,MACROH2A1:HGNC:4740,variant,95.88727272727273
MACROH2A1,human,Homo sapiens,ENSG00000113648,myometrium,95.63,MACROH2A1:HGNC:4740,variant,95.88727272727273
MACROH2A1,human,Homo sapiens,ENSG00000113648,myometrium,96.79,MACROH2A1:HGNC:4740,variant,95.88727272727273
MACROH2A1,human,Homo sapiens,ENSG00000113648,myometrium,96.59,MACROH2A1:HGNC:4740,variant,95.88727272727273
MACROH2A1,human,Homo sapiens,ENSG00000113648,right uterine tube,96.39,MACROH2A1:HGNC:4740,variant,96.39
MACROH2A1,human,Homo sapiens,ENSG00000113648,left uterine tube,97.91,MACROH2A1:HGNC:4740,variant,97.46000000000001
MACROH2A1,human,Homo sapiens,ENSG00000113648,left uterine tube,97.01,MACROH2A1:HGNC:4740,variant,97.46000000000001
MACROH2A1,human,Homo sapiens,ENSG00000113648,germinal epithelium of ovary,97.85,MACROH2A1:HGNC:4740,variant,97.85
MACROH2A1,human,Homo sapiens,ENSG00000113648,tibial nerve,96.23,MACROH2A1:HGNC:4740,variant,96.10272727272726
MACROH2A1,human,Homo sapiens,ENSG00000113648,tibial nerve,96.16,MACROH2A1:HGNC:4740,variant,96.10272727272726
MACROH2A1,human,Homo sapiens,ENSG00000113648,tibial nerve,96.57,MACROH2A1:HGNC:4740,variant,96.10272727272726
MACROH2A1,human,Homo sapiens,ENSG00000113648,tibial nerve,96.12,MACROH2A1:HGNC:4740,variant,96.10272727272726
MACROH2A1,human,Homo sapiens,ENSG00000113648,tibial nerve,96.02,MACROH2A1:HGNC:4740,variant,96.10272727272726
MACROH2A1,human,Homo sapiens,ENSG00000113648,tibial nerve,96.07,MACROH2A1:HGNC:4740,variant,96.10272727272726
MACROH2A1,human,Homo sapiens,ENSG00000113648,tibial nerve,96.08,MACROH2A1:HGNC:4740,variant,96.10272727272726
MACROH2A1,human,Homo sapiens,ENSG00000113648,tibial nerve,96.08,MACROH2A1:HGNC:4740,variant,96.10272727272726
MACROH2A1,human,Homo sapiens,ENSG00000113648,tibial nerve,95.88,MACROH2A1:HGNC:4740,variant,96.10272727272726
MACROH2A1,human,Homo sapiens,ENSG00000113648,tibial nerve,95.86,MACROH2A1:HGNC:4740,variant,96.10272727272726
MACROH2A1,human,Homo sapiens,ENSG00000113648,tibial nerve,96.06,MACROH2A1:HGNC:4740,variant,96.10272727272726
MACROH2A1,human,Homo sapiens,ENSG00000113648,quadriceps femoris,92.36,MACROH2A1:HGNC:4740,variant,89.997
MACROH2A1,human,Homo sapiens,ENSG00000113648,quadriceps femoris,94.96,MACROH2A1:HGNC:4740,variant,89.997
MACROH2A1,human,Homo sapiens,ENSG00000113648,quadriceps femoris,91.49,MACROH2A1:HGNC:4740,variant,89.997
MACROH2A1,human,Homo sapiens,ENSG00000113648,quadriceps femoris,91.48,MACROH2A1:HGNC:4740,variant,89.997
MACROH2A1,human,Homo sapiens,ENSG00000113648,quadriceps femoris,94.59,MACROH2A1:HGNC:4740,variant,89.997
MACROH2A1,human,Homo sapiens,ENSG00000113648,quadriceps femoris,94.19,MACROH2A1:HGNC:4740,variant,89.997
MACROH2A1,human,Homo sapiens,ENSG00000113648,quadriceps femoris,90.53,MACROH2A1:HGNC:4740,variant,89.997
MACROH2A1,human,Homo sapiens,ENSG00000113648,quadriceps femoris,87.02,MACROH2A1:HGNC:4740,variant,89.997
MACROH2A1,human,Homo sapiens,ENSG00000113648,quadriceps femoris,82.57,MACROH2A1:HGNC:4740,variant,89.997
MACROH2A1,human,Homo sapiens,ENSG00000113648,quadriceps femoris,81.26,MACROH2A1:HGNC:4740,variant,89.997
MACROH2A1,human,Homo sapiens,ENSG00000113648,quadriceps femoris,92.84,MACROH2A1:HGNC:4740,variant,89.997
MACROH2A1,human,Homo sapiens,ENSG00000113648,quadriceps femoris,81.33,MACROH2A1:HGNC:4740,variant,89.997
MACROH2A1,human,Homo sapiens,ENSG00000113648,quadriceps femoris,85.65,MACROH2A1:HGNC:4740,variant,89.997
MACROH2A1,human,Homo sapiens,ENSG00000113648,quadriceps femoris,92.61,MACROH2A1:HGNC:4740,variant,89.997
MACROH2A1,human,Homo sapiens,ENSG00000113648,quadriceps femoris,93.26,MACROH2A1:HGNC:4740,variant,89.997
MACROH2A1,human,Homo sapiens,ENSG00000113648,quadriceps femoris,92.41,MACROH2A1:HGNC:4740,variant,89.997
MACROH2A1,human,Homo sapiens,ENSG00000113648,quadriceps femoris,82.23,MACROH2A1:HGNC:4740,variant,89.997
MACROH2A1,human,Homo sapiens,ENSG00000113648,quadriceps femoris,87.02,MACROH2A1:HGNC:4740,variant,89.997
MACROH2A1,human,Homo sapiens,ENSG00000113648,quadriceps femoris,96.5,MACROH2A1:HGNC:4740,variant,89.997
MACROH2A1,human,Homo sapiens,ENSG00000113648,quadriceps femoris,95.64,MACROH2A1:HGNC:4740,variant,89.997
MACROH2A1,human,Homo sapiens,ENSG00000113648,vastus lateralis,89.62,MACROH2A1:HGNC:4740,variant,93.76863636363636
MACROH2A1,human,Homo sapiens,ENSG00000113648,vastus lateralis,92.09,MACROH2A1:HGNC:4740,variant,93.76863636363636
MACROH2A1,human,Homo sapiens,ENSG00000113648,vastus lateralis,95.7,MACROH2A1:HGNC:4740,variant,93.76863636363636
MACROH2A1,human,Homo sapiens,ENSG00000113648,vastus lateralis,94.9,MACROH2A1:HGNC:4740,variant,93.76863636363636
MACROH2A1,human,Homo sapiens,ENSG00000113648,vastus lateralis,95.19,MACROH2A1:HGNC:4740,variant,93.76863636363636
MACROH2A1,human,Homo sapiens,ENSG00000113648,vastus lateralis,96.74,MACROH2A1:HGNC:4740,variant,93.76863636363636
MACROH2A1,human,Homo sapiens,ENSG00000113648,vastus lateralis,94.92,MACROH2A1:HGNC:4740,variant,93.76863636363636
MACROH2A1,human,Homo sapiens,ENSG00000113648,vastus lateralis,96.4,MACROH2A1:HGNC:4740,variant,93.76863636363636
MACROH2A1,human,Homo sapiens,ENSG00000113648,vastus lateralis,89.21,MACROH2A1:HGNC:4740,variant,93.76863636363636
MACROH2A1,human,Homo sapiens,ENSG00000113648,vastus lateralis,92.98,MACROH2A1:HGNC:4740,variant,93.76863636363636
MACROH2A1,human,Homo sapiens,ENSG00000113648,vastus lateralis,91.58,MACROH2A1:HGNC:4740,variant,93.76863636363636
MACROH2A1,human,Homo sapiens,ENSG00000113648,vastus lateralis,93.28,MACROH2A1:HGNC:4740,variant,93.76863636363636
MACROH2A1,human,Homo sapiens,ENSG00000113648,vastus lateralis,93.62,MACROH2A1:HGNC:4740,variant,93.76863636363636
MACROH2A1,human,Homo sapiens,ENSG00000113648,vastus lateralis,93.15,MACROH2A1:HGNC:4740,variant,93.76863636363636
MACROH2A1,human,Homo sapiens,ENSG00000113648,vastus lateralis,93.62,MACROH2A1:HGNC:4740,variant,93.76863636363636
MACROH2A1,human,Homo sapiens,ENSG00000113648,vastus lateralis,92.3,MACROH2A1:HGNC:4740,variant,93.76863636363636
MACROH2A1,human,Homo sapiens,ENSG00000113648,vastus lateralis,94.25,MACROH2A1:HGNC:4740,variant,93.76863636363636
MACROH2A1,human,Homo sapiens,ENSG00000113648,vastus lateralis,93.75,MACROH2A1:HGNC:4740,variant,93.76863636363636
MACROH2A1,human,Homo sapiens,ENSG00000113648,vastus lateralis,94.62,MACROH2A1:HGNC:4740,variant,93.76863636363636
MACROH2A1,human,Homo sapiens,ENSG00000113648,vastus lateralis,95.2,MACROH2A1:HGNC:4740,variant,93.76863636363636
MACROH2A1,human,Homo sapiens,ENSG00000113648,vastus lateralis,94.97,MACROH2A1:HGNC:4740,variant,93.76863636363636
MACROH2A1,human,Homo sapiens,ENSG00000113648,vastus lateralis,94.82,MACROH2A1:HGNC:4740,variant,93.76863636363636
MACROH2A1,human,Homo sapiens,ENSG00000113648,muscle of leg,96.54,MACROH2A1:HGNC:4740,variant,96.41
MACROH2A1,human,Homo sapiens,ENSG00000113648,muscle of leg,96.28,MACROH2A1:HGNC:4740,variant,96.41
MACROH2A1,human,Homo sapiens,ENSG00000113648,gastrocnemius,96.49,MACROH2A1:HGNC:4740,variant,96.60615384615386
MACROH2A1,human,Homo sapiens,ENSG00000113648,gastrocnemius,96.57,MACROH2A1:HGNC:4740,variant,96.60615384615386
MACROH2A1,human,Homo sapiens,ENSG00000113648,gastrocnemius,96.24,MACROH2A1:HGNC:4740,variant,96.60615384615386
MACROH2A1,human,Homo sapiens,ENSG00000113648,gastrocnemius,96.84,MACROH2A1:HGNC:4740,variant,96.60615384615386
MACROH2A1,human,Homo sapiens,ENSG00000113648,gastrocnemius,96.7,MACROH2A1:HGNC:4740,variant,96.60615384615386
MACROH2A1,human,Homo sapiens,ENSG00000113648,gastrocnemius,96.75,MACROH2A1:HGNC:4740,variant,96.60615384615386
MACROH2A1,human,Homo sapiens,ENSG00000113648,gastrocnemius,96.89,MACROH2A1:HGNC:4740,variant,96.60615384615386
MACROH2A1,human,Homo sapiens,ENSG00000113648,gastrocnemius,96.57,MACROH2A1:HGNC:4740,variant,96.60615384615386
MACROH2A1,human,Homo sapiens,ENSG00000113648,gastrocnemius,96.7,MACROH2A1:HGNC:4740,variant,96.60615384615386
MACROH2A1,human,Homo sapiens,ENSG00000113648,gastrocnemius,96.57,MACROH2A1:HGNC:4740,variant,96.60615384615386
MACROH2A1,human,Homo sapiens,ENSG00000113648,gastrocnemius,96.68,MACROH2A1:HGNC:4740,variant,96.60615384615386
MACROH2A1,human,Homo sapiens,ENSG00000113648,gastrocnemius,96.51,MACROH2A1:HGNC:4740,variant,96.60615384615386
MACROH2A1,human,Homo sapiens,ENSG00000113648,gastrocnemius,96.37,MACROH2A1:HGNC:4740,variant,96.60615384615386
MACROH2A1,human,Homo sapiens,ENSG00000113648,skin of abdomen,97.56,MACROH2A1:HGNC:4740,variant,97.65
MACROH2A1,human,Homo sapiens,ENSG00000113648,skin of abdomen,97.63,MACROH2A1:HGNC:4740,variant,97.65
MACROH2A1,human,Homo sapiens,ENSG00000113648,skin of abdomen,97.58,MACROH2A1:HGNC:4740,variant,97.65
MACROH2A1,human,Homo sapiens,ENSG00000113648,skin of abdomen,97.55,MACROH2A1:HGNC:4740,variant,97.65
MACROH2A1,human,Homo sapiens,ENSG00000113648,skin of abdomen,97.73,MACROH2A1:HGNC:4740,variant,97.65
MACROH2A1,human,Homo sapiens,ENSG00000113648,skin of abdomen,97.59,MACROH2A1:HGNC:4740,variant,97.65
MACROH2A1,human,Homo sapiens,ENSG00000113648,skin of abdomen,97.73,MACROH2A1:HGNC:4740,variant,97.65
MACROH2A1,human,Homo sapiens,ENSG00000113648,skin of abdomen,97.49,MACROH2A1:HGNC:4740,variant,97.65
MACROH2A1,human,Homo sapiens,ENSG00000113648,skin of abdomen,97.72,MACROH2A1:HGNC:4740,variant,97.65
MACROH2A1,human,Homo sapiens,ENSG00000113648,skin of abdomen,97.92,MACROH2A1:HGNC:4740,variant,97.65
MACROH2A1,human,Homo sapiens,ENSG00000113648,bone element,98.83,MACROH2A1:HGNC:4740,variant,98.975
MACROH2A1,human,Homo sapiens,ENSG00000113648,bone element,99.12,MACROH2A1:HGNC:4740,variant,98.975
MACROH2A1,human,Homo sapiens,ENSG00000113648,deltoid,92.9,MACROH2A1:HGNC:4740,variant,90.92
MACROH2A1,human,Homo sapiens,ENSG00000113648,deltoid,94.62,MACROH2A1:HGNC:4740,variant,90.92
MACROH2A1,human,Homo sapiens,ENSG00000113648,deltoid,84.78,MACROH2A1:HGNC:4740,variant,90.92
MACROH2A1,human,Homo sapiens,ENSG00000113648,deltoid,85.21,MACROH2A1:HGNC:4740,variant,90.92
MACROH2A1,human,Homo sapiens,ENSG00000113648,deltoid,94.42,MACROH2A1:HGNC:4740,variant,90.92
MACROH2A1,human,Homo sapiens,ENSG00000113648,deltoid,92.46,MACROH2A1:HGNC:4740,variant,90.92
MACROH2A1,human,Homo sapiens,ENSG00000113648,deltoid,92.05,MACROH2A1:HGNC:4740,variant,90.92
MACROH2A1,human,Homo sapiens,ENSG00000113648,ascending aorta,95.97,MACROH2A1:HGNC:4740,variant,95.624
MACROH2A1,human,Homo sapiens,ENSG00000113648,ascending aorta,95.67,MACROH2A1:HGNC:4740,variant,95.624
MACROH2A1,human,Homo sapiens,ENSG00000113648,ascending aorta,95.24,MACROH2A1:HGNC:4740,variant,95.624
MACROH2A1,human,Homo sapiens,ENSG00000113648,ascending aorta,95.73,MACROH2A1:HGNC:4740,variant,95.624
MACROH2A1,human,Homo sapiens,ENSG00000113648,ascending aorta,95.37,MACROH2A1:HGNC:4740,variant,95.624
MACROH2A1,human,Homo sapiens,ENSG00000113648,ascending aorta,95.35,MACROH2A1:HGNC:4740,variant,95.624
MACROH2A1,human,Homo sapiens,ENSG00000113648,ascending aorta,96.0,MACROH2A1:HGNC:4740,variant,95.624
MACROH2A1,human,Homo sapiens,ENSG00000113648,ascending aorta,95.72,MACROH2A1:HGNC:4740,variant,95.624
MACROH2A1,human,Homo sapiens,ENSG00000113648,ascending aorta,95.83,MACROH2A1:HGNC:4740,variant,95.624
MACROH2A1,human,Homo sapiens,ENSG00000113648,ascending aorta,95.36,MACROH2A1:HGNC:4740,variant,95.624
MACROH2A1,human,Homo sapiens,ENSG00000113648,biceps brachii,91.12,MACROH2A1:HGNC:4740,variant,94.5
MACROH2A1,human,Homo sapiens,ENSG00000113648,biceps brachii,95.05,MACROH2A1:HGNC:4740,variant,94.5
MACROH2A1,human,Homo sapiens,ENSG00000113648,biceps brachii,95.5,MACROH2A1:HGNC:4740,variant,94.5
MACROH2A1,human,Homo sapiens,ENSG00000113648,biceps brachii,94.95,MACROH2A1:HGNC:4740,variant,94.5
MACROH2A1,human,Homo sapiens,ENSG00000113648,biceps brachii,95.88,MACROH2A1:HGNC:4740,variant,94.5
MACROH2A1,human,Homo sapiens,ENSG00000113648,triceps brachii,93.59,MACROH2A1:HGNC:4740,variant,92.58
MACROH2A1,human,Homo sapiens,ENSG00000113648,triceps brachii,91.57,MACROH2A1:HGNC:4740,variant,92.58
MACROH2A1,human,Homo sapiens,ENSG00000113648,skin of leg,97.37,MACROH2A1:HGNC:4740,variant,97.55916666666667
MACROH2A1,human,Homo sapiens,ENSG00000113648,skin of leg,97.71,MACROH2A1:HGNC:4740,variant,97.55916666666667
MACROH2A1,human,Homo sapiens,ENSG00000113648,skin of leg,97.65,MACROH2A1:HGNC:4740,variant,97.55916666666667
MACROH2A1,human,Homo sapiens,ENSG00000113648,skin of leg,97.66,MACROH2A1:HGNC:4740,variant,97.55916666666667
MACROH2A1,human,Homo sapiens,ENSG00000113648,skin of leg,97.46,MACROH2A1:HGNC:4740,variant,97.55916666666667
MACROH2A1,human,Homo sapiens,ENSG00000113648,skin of leg,97.48,MACROH2A1:HGNC:4740,variant,97.55916666666667
MACROH2A1,human,Homo sapiens,ENSG00000113648,skin of leg,97.43,MACROH2A1:HGNC:4740,variant,97.55916666666667
MACROH2A1,human,Homo sapiens,ENSG00000113648,skin of leg,97.61,MACROH2A1:HGNC:4740,variant,97.55916666666667
MACROH2A1,human,Homo sapiens,ENSG00000113648,skin of leg,97.61,MACROH2A1:HGNC:4740,variant,97.55916666666667
MACROH2A1,human,Homo sapiens,ENSG00000113648,skin of leg,97.68,MACROH2A1:HGNC:4740,variant,97.55916666666667
MACROH2A1,human,Homo sapiens,ENSG00000113648,skin of leg,97.27,MACROH2A1:HGNC:4740,variant,97.55916666666667
MACROH2A1,human,Homo sapiens,ENSG00000113648,skin of leg,97.78,MACROH2A1:HGNC:4740,variant,97.55916666666667
MACROH2A1,human,Homo sapiens,ENSG00000113648,thoracic aorta,95.87,MACROH2A1:HGNC:4740,variant,95.62
MACROH2A1,human,Homo sapiens,ENSG00000113648,thoracic aorta,95.22,MACROH2A1:HGNC:4740,variant,95.62
MACROH2A1,human,Homo sapiens,ENSG00000113648,thoracic aorta,95.93,MACROH2A1:HGNC:4740,variant,95.62
MACROH2A1,human,Homo sapiens,ENSG00000113648,thoracic aorta,95.46,MACROH2A1:HGNC:4740,variant,95.62
MACROH2A1,human,Homo sapiens,ENSG00000113648,thoracic aorta,95.51,MACROH2A1:HGNC:4740,variant,95.62
MACROH2A1,human,Homo sapiens,ENSG00000113648,thoracic aorta,95.73,MACROH2A1:HGNC:4740,variant,95.62
MACROH2A1,human,Homo sapiens,ENSG00000113648,skin of hip,98.17,MACROH2A1:HGNC:4740,variant,98.17
MACROH2A1,human,Homo sapiens,ENSG00000113648,superficial temporal artery,96.18,MACROH2A1:HGNC:4740,variant,96.18
MACROH2A1,human,Homo sapiens,ENSG00000113648,coronary artery,96.5,MACROH2A1:HGNC:4740,variant,96.4
MACROH2A1,human,Homo sapiens,ENSG00000113648,coronary artery,96.3,MACROH2A1:HGNC:4740,variant,96.4
MACROH2A1,human,Homo sapiens,ENSG00000113648,right coronary artery,95.88,MACROH2A1:HGNC:4740,variant,96.1
MACROH2A1,human,Homo sapiens,ENSG00000113648,right coronary artery,96.32,MACROH2A1:HGNC:4740,variant,96.1
MACROH2A1,human,Homo sapiens,ENSG00000113648,left coronary artery,96.05,MACROH2A1:HGNC:4740,variant,96.30666666666667
MACROH2A1,human,Homo sapiens,ENSG00000113648,left coronary artery,96.5,MACROH2A1:HGNC:4740,variant,96.30666666666667
MACROH2A1,human,Homo sapiens,ENSG00000113648,left coronary artery,96.39,MACROH2A1:HGNC:4740,variant,96.30666666666667
MACROH2A1,human,Homo sapiens,ENSG00000113648,left coronary artery,96.68,MACROH2A1:HGNC:4740,variant,96.30666666666667
MACROH2A1,human,Homo sapiens,ENSG00000113648,left coronary artery,95.37,MACROH2A1:HGNC:4740,variant,96.30666666666667
MACROH2A1,human,Homo sapiens,ENSG00000113648,left coronary artery,97.03,MACROH2A1:HGNC:4740,variant,96.30666666666667
MACROH2A1,human,Homo sapiens,ENSG00000113648,left coronary artery,95.67,MACROH2A1:HGNC:4740,variant,96.30666666666667
MACROH2A1,human,Homo sapiens,ENSG00000113648,left coronary artery,96.72,MACROH2A1:HGNC:4740,variant,96.30666666666667
MACROH2A1,human,Homo sapiens,ENSG00000113648,left coronary artery,96.35,MACROH2A1:HGNC:4740,variant,96.30666666666667
MACROH2A1,human,Homo sapiens,ENSG00000113648,muscle organ,91.26,MACROH2A1:HGNC:4740,variant,91.26
MACROH2A1,human,Homo sapiens,ENSG00000113648,artery,96.13,MACROH2A1:HGNC:4740,variant,96.13
MACROH2A1,human,Homo sapiens,ENSG00000113648,trigeminal ganglion,95.86,MACROH2A1:HGNC:4740,variant,96.23166666666667
MACROH2A1,human,Homo sapiens,ENSG00000113648,trigeminal ganglion,95.95,MACROH2A1:HGNC:4740,variant,96.23166666666667
MACROH2A1,human,Homo sapiens,ENSG00000113648,trigeminal ganglion,96.0,MACROH2A1:HGNC:4740,variant,96.23166666666667
MACROH2A1,human,Homo sapiens,ENSG00000113648,trigeminal ganglion,96.74,MACROH2A1:HGNC:4740,variant,96.23166666666667
MACROH2A1,human,Homo sapiens,ENSG00000113648,trigeminal ganglion,96.82,MACROH2A1:HGNC:4740,variant,96.23166666666667
MACROH2A1,human,Homo sapiens,ENSG00000113648,trigeminal ganglion,96.02,MACROH2A1:HGNC:4740,variant,96.23166666666667
MACROH2A1,human,Homo sapiens,ENSG00000113648,tongue,98.43,MACROH2A1:HGNC:4740,variant,98.43
MACROH2A1,human,Homo sapiens,ENSG00000113648,mammary duct,98.21,MACROH2A1:HGNC:4740,variant,98.21
MACROH2A1,human,Homo sapiens,ENSG00000113648,pigmented layer of retina,97.65,MACROH2A1:HGNC:4740,variant,97.2575
MACROH2A1,human,Homo sapiens,ENSG00000113648,pigmented layer of retina,97.54,MACROH2A1:HGNC:4740,variant,97.2575
MACROH2A1,human,Homo sapiens,ENSG00000113648,pigmented layer of retina,97.82,MACROH2A1:HGNC:4740,variant,97.2575
MACROH2A1,human,Homo sapiens,ENSG00000113648,pigmented layer of retina,96.02,MACROH2A1:HGNC:4740,variant,97.2575
MACROH2A1,human,Homo sapiens,ENSG00000113648,palpebral conjunctiva,99.11,MACROH2A1:HGNC:4740,variant,98.90666666666668
MACROH2A1,human,Homo sapiens,ENSG00000113648,palpebral conjunctiva,98.82,MACROH2A1:HGNC:4740,variant,98.90666666666668
MACROH2A1,human,Homo sapiens,ENSG00000113648,palpebral conjunctiva,98.98,MACROH2A1:HGNC:4740,variant,98.90666666666668
MACROH2A1,human,Homo sapiens,ENSG00000113648,palpebral conjunctiva,98.91,MACROH2A1:HGNC:4740,variant,98.90666666666668
MACROH2A1,human,Homo sapiens,ENSG00000113648,palpebral conjunctiva,98.83,MACROH2A1:HGNC:4740,variant,98.90666666666668
MACROH2A1,human,Homo sapiens,ENSG00000113648,palpebral conjunctiva,98.79,MACROH2A1:HGNC:4740,variant,98.90666666666668
MACROH2A1,human,Homo sapiens,ENSG00000113648,nasal cavity mucosa,97.74,MACROH2A1:HGNC:4740,variant,97.74
MACROH2A1,human,Homo sapiens,ENSG00000113648,gingiva,98.99,MACROH2A1:HGNC:4740,variant,98.955
MACROH2A1,human,Homo sapiens,ENSG00000113648,gingiva,98.92,MACROH2A1:HGNC:4740,variant,98.955
MACROH2A1,human,Homo sapiens,ENSG00000113648,minor salivary gland,97.74,MACROH2A1:HGNC:4740,variant,97.449
MACROH2A1,human,Homo sapiens,ENSG00000113648,minor salivary gland,97.96,MACROH2A1:HGNC:4740,variant,97.449
MACROH2A1,human,Homo sapiens,ENSG00000113648,minor salivary gland,97.25,MACROH2A1:HGNC:4740,variant,97.449
MACROH2A1,human,Homo sapiens,ENSG00000113648,minor salivary gland,97.03,MACROH2A1:HGNC:4740,variant,97.449
MACROH2A1,human,Homo sapiens,ENSG00000113648,minor salivary gland,98.02,MACROH2A1:HGNC:4740,variant,97.449
MACROH2A1,human,Homo sapiens,ENSG00000113648,minor salivary gland,97.21,MACROH2A1:HGNC:4740,variant,97.449
MACROH2A1,human,Homo sapiens,ENSG00000113648,minor salivary gland,97.22,MACROH2A1:HGNC:4740,variant,97.449
MACROH2A1,human,Homo sapiens,ENSG00000113648,minor salivary gland,97.31,MACROH2A1:HGNC:4740,variant,97.449
MACROH2A1,human,Homo sapiens,ENSG00000113648,minor salivary gland,97.67,MACROH2A1:HGNC:4740,variant,97.449
MACROH2A1,human,Homo sapiens,ENSG00000113648,minor salivary gland,97.08,MACROH2A1:HGNC:4740,variant,97.449
MACROH2A1,human,Homo sapiens,ENSG00000113648,parotid gland,94.93,MACROH2A1:HGNC:4740,variant,95.175
MACROH2A1,human,Homo sapiens,ENSG00000113648,parotid gland,95.76,MACROH2A1:HGNC:4740,variant,95.175
MACROH2A1,human,Homo sapiens,ENSG00000113648,parotid gland,94.96,MACROH2A1:HGNC:4740,variant,95.175
MACROH2A1,human,Homo sapiens,ENSG00000113648,parotid gland,94.59,MACROH2A1:HGNC:4740,variant,95.175
MACROH2A1,human,Homo sapiens,ENSG00000113648,parotid gland,95.31,MACROH2A1:HGNC:4740,variant,95.175
MACROH2A1,human,Homo sapiens,ENSG00000113648,parotid gland,95.07,MACROH2A1:HGNC:4740,variant,95.175
MACROH2A1,human,Homo sapiens,ENSG00000113648,parotid gland,95.57,MACROH2A1:HGNC:4740,variant,95.175
MACROH2A1,human,Homo sapiens,ENSG00000113648,parotid gland,95.21,MACROH2A1:HGNC:4740,variant,95.175
MACROH2A1,human,Homo sapiens,ENSG00000113648,frontal cortex,97.27,MACROH2A1:HGNC:4740,variant,95.45846153846153
MACROH2A1,human,Homo sapiens,ENSG00000113648,frontal cortex,94.9,MACROH2A1:HGNC:4740,variant,95.45846153846153
MACROH2A1,human,Homo sapiens,ENSG00000113648,frontal cortex,96.06,MACROH2A1:HGNC:4740,variant,95.45846153846153
MACROH2A1,human,Homo sapiens,ENSG00000113648,frontal cortex,94.83,MACROH2A1:HGNC:4740,variant,95.45846153846153
MACROH2A1,human,Homo sapiens,ENSG00000113648,frontal cortex,96.45,MACROH2A1:HGNC:4740,variant,95.45846153846153
MACROH2A1,human,Homo sapiens,ENSG00000113648,frontal cortex,95.65,MACROH2A1:HGNC:4740,variant,95.45846153846153
MACROH2A1,human,Homo sapiens,ENSG00000113648,frontal cortex,95.2,MACROH2A1:HGNC:4740,variant,95.45846153846153
MACROH2A1,human,Homo sapiens,ENSG00000113648,frontal cortex,95.73,MACROH2A1:HGNC:4740,variant,95.45846153846153
MACROH2A1,human,Homo sapiens,ENSG00000113648,frontal cortex,95.31,MACROH2A1:HGNC:4740,variant,95.45846153846153
MACROH2A1,human,Homo sapiens,ENSG00000113648,frontal cortex,95.36,MACROH2A1:HGNC:4740,variant,95.45846153846153
MACROH2A1,human,Homo sapiens,ENSG00000113648,frontal cortex,95.86,MACROH2A1:HGNC:4740,variant,95.45846153846153
MACROH2A1,human,Homo sapiens,ENSG00000113648,frontal cortex,96.9,MACROH2A1:HGNC:4740,variant,95.45846153846153
MACROH2A1,human,Homo sapiens,ENSG00000113648,frontal cortex,94.31,MACROH2A1:HGNC:4740,variant,95.45846153846153
MACROH2A1,human,Homo sapiens,ENSG00000113648,frontal cortex,95.78,MACROH2A1:HGNC:4740,variant,95.45846153846153
MACROH2A1,human,Homo sapiens,ENSG00000113648,frontal cortex,93.74,MACROH2A1:HGNC:4740,variant,95.45846153846153
MACROH2A1,human,Homo sapiens,ENSG00000113648,frontal cortex,96.42,MACROH2A1:HGNC:4740,variant,95.45846153846153
MACROH2A1,human,Homo sapiens,ENSG00000113648,frontal cortex,92.27,MACROH2A1:HGNC:4740,variant,95.45846153846153
MACROH2A1,human,Homo sapiens,ENSG00000113648,frontal cortex,92.99,MACROH2A1:HGNC:4740,variant,95.45846153846153
MACROH2A1,human,Homo sapiens,ENSG00000113648,frontal cortex,96.56,MACROH2A1:HGNC:4740,variant,95.45846153846153
MACROH2A1,human,Homo sapiens,ENSG00000113648,frontal cortex,95.73,MACROH2A1:HGNC:4740,variant,95.45846153846153
MACROH2A1,human,Homo sapiens,ENSG00000113648,frontal cortex,95.79,MACROH2A1:HGNC:4740,variant,95.45846153846153
MACROH2A1,human,Homo sapiens,ENSG00000113648,frontal cortex,95.7,MACROH2A1:HGNC:4740,variant,95.45846153846153
MACROH2A1,human,Homo sapiens,ENSG00000113648,frontal cortex,95.78,MACROH2A1:HGNC:4740,variant,95.45846153846153
MACROH2A1,human,Homo sapiens,ENSG00000113648,frontal cortex,95.79,MACROH2A1:HGNC:4740,variant,95.45846153846153
MACROH2A1,human,Homo sapiens,ENSG00000113648,frontal cortex,95.67,MACROH2A1:HGNC:4740,variant,95.45846153846153
MACROH2A1,human,Homo sapiens,ENSG00000113648,frontal cortex,95.87,MACROH2A1:HGNC:4740,variant,95.45846153846153
MACROH2A1,human,Homo sapiens,ENSG00000113648,temporal lobe,96.43,MACROH2A1:HGNC:4740,variant,96.30875
MACROH2A1,human,Homo sapiens,ENSG00000113648,temporal lobe,96.25,MACROH2A1:HGNC:4740,variant,96.30875
MACROH2A1,human,Homo sapiens,ENSG00000113648,temporal lobe,96.32,MACROH2A1:HGNC:4740,variant,96.30875
MACROH2A1,human,Homo sapiens,ENSG00000113648,temporal lobe,96.26,MACROH2A1:HGNC:4740,variant,96.30875
MACROH2A1,human,Homo sapiens,ENSG00000113648,temporal lobe,96.55,MACROH2A1:HGNC:4740,variant,96.30875
MACROH2A1,human,Homo sapiens,ENSG00000113648,temporal lobe,96.3,MACROH2A1:HGNC:4740,variant,96.30875
MACROH2A1,human,Homo sapiens,ENSG00000113648,temporal lobe,95.92,MACROH2A1:HGNC:4740,variant,96.30875
MACROH2A1,human,Homo sapiens,ENSG00000113648,temporal lobe,96.44,MACROH2A1:HGNC:4740,variant,96.30875
MACROH2A1,human,Homo sapiens,ENSG00000113648,parietal lobe,96.67,MACROH2A1:HGNC:4740,variant,96.21999999999998
MACROH2A1,human,Homo sapiens,ENSG00000113648,parietal lobe,96.77,MACROH2A1:HGNC:4740,variant,96.21999999999998
MACROH2A1,human,Homo sapiens,ENSG00000113648,parietal lobe,96.42,MACROH2A1:HGNC:4740,variant,96.21999999999998
MACROH2A1,human,Homo sapiens,ENSG00000113648,parietal lobe,96.19,MACROH2A1:HGNC:4740,variant,96.21999999999998
MACROH2A1,human,Homo sapiens,ENSG00000113648,parietal lobe,96.67,MACROH2A1:HGNC:4740,variant,96.21999999999998
MACROH2A1,human,Homo sapiens,ENSG00000113648,parietal lobe,94.6,MACROH2A1:HGNC:4740,variant,96.21999999999998
MACROH2A1,human,Homo sapiens,ENSG00000113648,caudate nucleus,96.56,MACROH2A1:HGNC:4740,variant,96.0057894736842
MACROH2A1,human,Homo sapiens,ENSG00000113648,caudate nucleus,96.42,MACROH2A1:HGNC:4740,variant,96.0057894736842
MACROH2A1,human,Homo sapiens,ENSG00000113648,caudate nucleus,94.5,MACROH2A1:HGNC:4740,variant,96.0057894736842
MACROH2A1,human,Homo sapiens,ENSG00000113648,caudate nucleus,96.16,MACROH2A1:HGNC:4740,variant,96.0057894736842
MACROH2A1,human,Homo sapiens,ENSG00000113648,caudate nucleus,96.05,MACROH2A1:HGNC:4740,variant,96.0057894736842
MACROH2A1,human,Homo sapiens,ENSG00000113648,caudate nucleus,95.3,MACROH2A1:HGNC:4740,variant,96.0057894736842
MACROH2A1,human,Homo sapiens,ENSG00000113648,caudate nucleus,96.26,MACROH2A1:HGNC:4740,variant,96.0057894736842
MACROH2A1,human,Homo sapiens,ENSG00000113648,caudate nucleus,96.36,MACROH2A1:HGNC:4740,variant,96.0057894736842
MACROH2A1,human,Homo sapiens,ENSG00000113648,caudate nucleus,96.3,MACROH2A1:HGNC:4740,variant,96.0057894736842
MACROH2A1,human,Homo sapiens,ENSG00000113648,caudate nucleus,93.33,MACROH2A1:HGNC:4740,variant,96.0057894736842
MACROH2A1,human,Homo sapiens,ENSG00000113648,caudate nucleus,96.2,MACROH2A1:HGNC:4740,variant,96.0057894736842
MACROH2A1,human,Homo sapiens,ENSG00000113648,caudate nucleus,95.57,MACROH2A1:HGNC:4740,variant,96.0057894736842
MACROH2A1,human,Homo sapiens,ENSG00000113648,caudate nucleus,96.12,MACROH2A1:HGNC:4740,variant,96.0057894736842
MACROH2A1,human,Homo sapiens,ENSG00000113648,caudate nucleus,96.94,MACROH2A1:HGNC:4740,variant,96.0057894736842
MACROH2A1,human,Homo sapiens,ENSG00000113648,caudate nucleus,96.21,MACROH2A1:HGNC:4740,variant,96.0057894736842
MACROH2A1,human,Homo sapiens,ENSG00000113648,caudate nucleus,96.19,MACROH2A1:HGNC:4740,variant,96.0057894736842
MACROH2A1,human,Homo sapiens,ENSG00000113648,caudate nucleus,96.56,MACROH2A1:HGNC:4740,variant,96.0057894736842
MACROH2A1,human,Homo sapiens,ENSG00000113648,caudate nucleus,96.44,MACROH2A1:HGNC:4740,variant,96.0057894736842
MACROH2A1,human,Homo sapiens,ENSG00000113648,caudate nucleus,96.64,MACROH2A1:HGNC:4740,variant,96.0057894736842
MACROH2A1,human,Homo sapiens,ENSG00000113648,putamen,96.29,MACROH2A1:HGNC:4740,variant,96.22125
MACROH2A1,human,Homo sapiens,ENSG00000113648,putamen,96.62,MACROH2A1:HGNC:4740,variant,96.22125
MACROH2A1,human,Homo sapiens,ENSG00000113648,putamen,97.06,MACROH2A1:HGNC:4740,variant,96.22125
MACROH2A1,human,Homo sapiens,ENSG00000113648,putamen,96.28,MACROH2A1:HGNC:4740,variant,96.22125
MACROH2A1,human,Homo sapiens,ENSG00000113648,putamen,95.88,MACROH2A1:HGNC:4740,variant,96.22125
MACROH2A1,human,Homo sapiens,ENSG00000113648,putamen,96.17,MACROH2A1:HGNC:4740,variant,96.22125
MACROH2A1,human,Homo sapiens,ENSG00000113648,putamen,95.68,MACROH2A1:HGNC:4740,variant,96.22125
MACROH2A1,human,Homo sapiens,ENSG00000113648,putamen,96.16,MACROH2A1:HGNC:4740,variant,96.22125
MACROH2A1,human,Homo sapiens,ENSG00000113648,putamen,96.33,MACROH2A1:HGNC:4740,variant,96.22125
MACROH2A1,human,Homo sapiens,ENSG00000113648,putamen,95.92,MACROH2A1:HGNC:4740,variant,96.22125
MACROH2A1,human,Homo sapiens,ENSG00000113648,putamen,95.94,MACROH2A1:HGNC:4740,variant,96.22125
MACROH2A1,human,Homo sapiens,ENSG00000113648,putamen,96.17,MACROH2A1:HGNC:4740,variant,96.22125
MACROH2A1,human,Homo sapiens,ENSG00000113648,putamen,96.91,MACROH2A1:HGNC:4740,variant,96.22125
MACROH2A1,human,Homo sapiens,ENSG00000113648,putamen,95.84,MACROH2A1:HGNC:4740,variant,96.22125
MACROH2A1,human,Homo sapiens,ENSG00000113648,putamen,96.14,MACROH2A1:HGNC:4740,variant,96.22125
MACROH2A1,human,Homo sapiens,ENSG00000113648,putamen,96.15,MACROH2A1:HGNC:4740,variant,96.22125
MACROH2A1,human,Homo sapiens,ENSG00000113648,globus pallidus,93.72,MACROH2A1:HGNC:4740,variant,93.72
MACROH2A1,human,Homo sapiens,ENSG00000113648,amygdala,96.0,MACROH2A1:HGNC:4740,variant,95.9276923076923
MACROH2A1,human,Homo sapiens,ENSG00000113648,amygdala,95.67,MACROH2A1:HGNC:4740,variant,95.9276923076923
MACROH2A1,human,Homo sapiens,ENSG00000113648,amygdala,94.63,MACROH2A1:HGNC:4740,variant,95.9276923076923
MACROH2A1,human,Homo sapiens,ENSG00000113648,amygdala,95.93,MACROH2A1:HGNC:4740,variant,95.9276923076923
MACROH2A1,human,Homo sapiens,ENSG00000113648,amygdala,96.47,MACROH2A1:HGNC:4740,variant,95.9276923076923
MACROH2A1,human,Homo sapiens,ENSG00000113648,amygdala,95.9,MACROH2A1:HGNC:4740,variant,95.9276923076923
MACROH2A1,human,Homo sapiens,ENSG00000113648,amygdala,95.9,MACROH2A1:HGNC:4740,variant,95.9276923076923
MACROH2A1,human,Homo sapiens,ENSG00000113648,amygdala,95.86,MACROH2A1:HGNC:4740,variant,95.9276923076923
MACROH2A1,human,Homo sapiens,ENSG00000113648,amygdala,96.57,MACROH2A1:HGNC:4740,variant,95.9276923076923
MACROH2A1,human,Homo sapiens,ENSG00000113648,amygdala,95.91,MACROH2A1:HGNC:4740,variant,95.9276923076923
MACROH2A1,human,Homo sapiens,ENSG00000113648,amygdala,96.24,MACROH2A1:HGNC:4740,variant,95.9276923076923
MACROH2A1,human,Homo sapiens,ENSG00000113648,amygdala,95.99,MACROH2A1:HGNC:4740,variant,95.9276923076923
MACROH2A1,human,Homo sapiens,ENSG00000113648,amygdala,95.99,MACROH2A1:HGNC:4740,variant,95.9276923076923
MACROH2A1,human,Homo sapiens,ENSG00000113648,nucleus accumbens,96.64,MACROH2A1:HGNC:4740,variant,96.36142857142856
MACROH2A1,human,Homo sapiens,ENSG00000113648,nucleus accumbens,97.01,MACROH2A1:HGNC:4740,variant,96.36142857142856
MACROH2A1,human,Homo sapiens,ENSG00000113648,nucleus accumbens,96.34,MACROH2A1:HGNC:4740,variant,96.36142857142856
MACROH2A1,human,Homo sapiens,ENSG00000113648,nucleus accumbens,96.35,MACROH2A1:HGNC:4740,variant,96.36142857142856
MACROH2A1,human,Homo sapiens,ENSG00000113648,nucleus accumbens,96.04,MACROH2A1:HGNC:4740,variant,96.36142857142856
MACROH2A1,human,Homo sapiens,ENSG00000113648,nucleus accumbens,96.67,MACROH2A1:HGNC:4740,variant,96.36142857142856
MACROH2A1,human,Homo sapiens,ENSG00000113648,nucleus accumbens,96.29,MACROH2A1:HGNC:4740,variant,96.36142857142856
MACROH2A1,human,Homo sapiens,ENSG00000113648,nucleus accumbens,96.65,MACROH2A1:HGNC:4740,variant,96.36142857142856
MACROH2A1,human,Homo sapiens,ENSG00000113648,nucleus accumbens,96.7,MACROH2A1:HGNC:4740,variant,96.36142857142856
MACROH2A1,human,Homo sapiens,ENSG00000113648,nucleus accumbens,94.33,MACROH2A1:HGNC:4740,variant,96.36142857142856
MACROH2A1,human,Homo sapiens,ENSG00000113648,nucleus accumbens,96.4,MACROH2A1:HGNC:4740,variant,96.36142857142856
MACROH2A1,human,Homo sapiens,ENSG00000113648,nucleus accumbens,96.49,MACROH2A1:HGNC:4740,variant,96.36142857142856
MACROH2A1,human,Homo sapiens,ENSG00000113648,nucleus accumbens,96.56,MACROH2A1:HGNC:4740,variant,96.36142857142856
MACROH2A1,human,Homo sapiens,ENSG00000113648,nucleus accumbens,96.59,MACROH2A1:HGNC:4740,variant,96.36142857142856
MACROH2A1,human,Homo sapiens,ENSG00000113648,forebrain,98.37,MACROH2A1:HGNC:4740,variant,98.13
MACROH2A1,human,Homo sapiens,ENSG00000113648,forebrain,97.89,MACROH2A1:HGNC:4740,variant,98.13
MACROH2A1,human,Homo sapiens,ENSG00000113648,midbrain,96.64,MACROH2A1:HGNC:4740,variant,96.292
MACROH2A1,human,Homo sapiens,ENSG00000113648,midbrain,96.4,MACROH2A1:HGNC:4740,variant,96.292
MACROH2A1,human,Homo sapiens,ENSG00000113648,midbrain,96.53,MACROH2A1:HGNC:4740,variant,96.292
MACROH2A1,human,Homo sapiens,ENSG00000113648,midbrain,96.24,MACROH2A1:HGNC:4740,variant,96.292
MACROH2A1,human,Homo sapiens,ENSG00000113648,midbrain,95.65,MACROH2A1:HGNC:4740,variant,96.292
MACROH2A1,human,Homo sapiens,ENSG00000113648,telencephalon,96.03,MACROH2A1:HGNC:4740,variant,96.03
MACROH2A1,human,Homo sapiens,ENSG00000113648,medulla oblongata,95.74,MACROH2A1:HGNC:4740,variant,96.5657142857143
MACROH2A1,human,Homo sapiens,ENSG00000113648,medulla oblongata,97.04,MACROH2A1:HGNC:4740,variant,96.5657142857143
MACROH2A1,human,Homo sapiens,ENSG00000113648,medulla oblongata,96.69,MACROH2A1:HGNC:4740,variant,96.5657142857143
MACROH2A1,human,Homo sapiens,ENSG00000113648,medulla oblongata,96.93,MACROH2A1:HGNC:4740,variant,96.5657142857143
MACROH2A1,human,Homo sapiens,ENSG00000113648,medulla oblongata,96.93,MACROH2A1:HGNC:4740,variant,96.5657142857143
MACROH2A1,human,Homo sapiens,ENSG00000113648,medulla oblongata,96.4,MACROH2A1:HGNC:4740,variant,96.5657142857143
MACROH2A1,human,Homo sapiens,ENSG00000113648,medulla oblongata,96.23,MACROH2A1:HGNC:4740,variant,96.5657142857143
MACROH2A1,human,Homo sapiens,ENSG00000113648,dorsal plus ventral thalamus,96.17,MACROH2A1:HGNC:4740,variant,95.68857142857144
MACROH2A1,human,Homo sapiens,ENSG00000113648,dorsal plus ventral thalamus,95.73,MACROH2A1:HGNC:4740,variant,95.68857142857144
MACROH2A1,human,Homo sapiens,ENSG00000113648,dorsal plus ventral thalamus,96.45,MACROH2A1:HGNC:4740,variant,95.68857142857144
MACROH2A1,human,Homo sapiens,ENSG00000113648,dorsal plus ventral thalamus,96.67,MACROH2A1:HGNC:4740,variant,95.68857142857144
MACROH2A1,human,Homo sapiens,ENSG00000113648,dorsal plus ventral thalamus,96.37,MACROH2A1:HGNC:4740,variant,95.68857142857144
MACROH2A1,human,Homo sapiens,ENSG00000113648,dorsal plus ventral thalamus,96.62,MACROH2A1:HGNC:4740,variant,95.68857142857144
MACROH2A1,human,Homo sapiens,ENSG00000113648,dorsal plus ventral thalamus,91.81,MACROH2A1:HGNC:4740,variant,95.68857142857144
MACROH2A1,human,Homo sapiens,ENSG00000113648,hypothalamus,96.64,MACROH2A1:HGNC:4740,variant,96.50294117647059
MACROH2A1,human,Homo sapiens,ENSG00000113648,hypothalamus,95.81,MACROH2A1:HGNC:4740,variant,96.50294117647059
MACROH2A1,human,Homo sapiens,ENSG00000113648,hypothalamus,95.94,MACROH2A1:HGNC:4740,variant,96.50294117647059
MACROH2A1,human,Homo sapiens,ENSG00000113648,hypothalamus,97.22,MACROH2A1:HGNC:4740,variant,96.50294117647059
MACROH2A1,human,Homo sapiens,ENSG00000113648,hypothalamus,96.74,MACROH2A1:HGNC:4740,variant,96.50294117647059
MACROH2A1,human,Homo sapiens,ENSG00000113648,hypothalamus,96.83,MACROH2A1:HGNC:4740,variant,96.50294117647059
MACROH2A1,human,Homo sapiens,ENSG00000113648,hypothalamus,96.16,MACROH2A1:HGNC:4740,variant,96.50294117647059
MACROH2A1,human,Homo sapiens,ENSG00000113648,hypothalamus,96.79,MACROH2A1:HGNC:4740,variant,96.50294117647059
MACROH2A1,human,Homo sapiens,ENSG00000113648,hypothalamus,96.45,MACROH2A1:HGNC:4740,variant,96.50294117647059
MACROH2A1,human,Homo sapiens,ENSG00000113648,hypothalamus,96.62,MACROH2A1:HGNC:4740,variant,96.50294117647059
MACROH2A1,human,Homo sapiens,ENSG00000113648,hypothalamus,97.38,MACROH2A1:HGNC:4740,variant,96.50294117647059
MACROH2A1,human,Homo sapiens,ENSG00000113648,hypothalamus,96.52,MACROH2A1:HGNC:4740,variant,96.50294117647059
MACROH2A1,human,Homo sapiens,ENSG00000113648,hypothalamus,96.33,MACROH2A1:HGNC:4740,variant,96.50294117647059
MACROH2A1,human,Homo sapiens,ENSG00000113648,hypothalamus,96.59,MACROH2A1:HGNC:4740,variant,96.50294117647059
MACROH2A1,human,Homo sapiens,ENSG00000113648,hypothalamus,95.91,MACROH2A1:HGNC:4740,variant,96.50294117647059
MACROH2A1,human,Homo sapiens,ENSG00000113648,hypothalamus,96.24,MACROH2A1:HGNC:4740,variant,96.50294117647059
MACROH2A1,human,Homo sapiens,ENSG00000113648,hypothalamus,96.38,MACROH2A1:HGNC:4740,variant,96.50294117647059
MACROH2A1,human,Homo sapiens,ENSG00000113648,subthalamic nucleus,96.39,MACROH2A1:HGNC:4740,variant,96.7975
MACROH2A1,human,Homo sapiens,ENSG00000113648,subthalamic nucleus,96.56,MACROH2A1:HGNC:4740,variant,96.7975
MACROH2A1,human,Homo sapiens,ENSG00000113648,subthalamic nucleus,97.0,MACROH2A1:HGNC:4740,variant,96.7975
MACROH2A1,human,Homo sapiens,ENSG00000113648,subthalamic nucleus,96.5,MACROH2A1:HGNC:4740,variant,96.7975
MACROH2A1,human,Homo sapiens,ENSG00000113648,subthalamic nucleus,96.96,MACROH2A1:HGNC:4740,variant,96.7975
MACROH2A1,human,Homo sapiens,ENSG00000113648,subthalamic nucleus,96.71,MACROH2A1:HGNC:4740,variant,96.7975
MACROH2A1,human,Homo sapiens,ENSG00000113648,subthalamic nucleus,96.98,MACROH2A1:HGNC:4740,variant,96.7975
MACROH2A1,human,Homo sapiens,ENSG00000113648,subthalamic nucleus,97.28,MACROH2A1:HGNC:4740,variant,96.7975
MACROH2A1,human,Homo sapiens,ENSG00000113648,mammary gland,97.25,MACROH2A1:HGNC:4740,variant,97.11
MACROH2A1,human,Homo sapiens,ENSG00000113648,mammary gland,96.97,MACROH2A1:HGNC:4740,variant,97.11
MACROH2A1,human,Homo sapiens,ENSG00000113648,gingival epithelium,98.81,MACROH2A1:HGNC:4740,variant,98.81
MACROH2A1,human,Homo sapiens,ENSG00000113648,neocortex,97.66,MACROH2A1:HGNC:4740,variant,97.66
MACROH2A1,human,Homo sapiens,ENSG00000113648,epithelium of nasopharynx,99.39,MACROH2A1:HGNC:4740,variant,99.39
MACROH2A1,human,Homo sapiens,ENSG00000113648,Ammon's horn,96.32,MACROH2A1:HGNC:4740,variant,96.40375
MACROH2A1,human,Homo sapiens,ENSG00000113648,Ammon's horn,96.76,MACROH2A1:HGNC:4740,variant,96.40375
MACROH2A1,human,Homo sapiens,ENSG00000113648,Ammon's horn,96.08,MACROH2A1:HGNC:4740,variant,96.40375
MACROH2A1,human,Homo sapiens,ENSG00000113648,Ammon's horn,95.95,MACROH2A1:HGNC:4740,variant,96.40375
MACROH2A1,human,Homo sapiens,ENSG00000113648,Ammon's horn,95.69,MACROH2A1:HGNC:4740,variant,96.40375
MACROH2A1,human,Homo sapiens,ENSG00000113648,Ammon's horn,95.84,MACROH2A1:HGNC:4740,variant,96.40375
MACROH2A1,human,Homo sapiens,ENSG00000113648,Ammon's horn,95.61,MACROH2A1:HGNC:4740,variant,96.40375
MACROH2A1,human,Homo sapiens,ENSG00000113648,Ammon's horn,95.47,MACROH2A1:HGNC:4740,variant,96.40375
MACROH2A1,human,Homo sapiens,ENSG00000113648,Ammon's horn,95.91,MACROH2A1:HGNC:4740,variant,96.40375
MACROH2A1,human,Homo sapiens,ENSG00000113648,Ammon's horn,98.12,MACROH2A1:HGNC:4740,variant,96.40375
MACROH2A1,human,Homo sapiens,ENSG00000113648,Ammon's horn,95.92,MACROH2A1:HGNC:4740,variant,96.40375
MACROH2A1,human,Homo sapiens,ENSG00000113648,Ammon's horn,97.04,MACROH2A1:HGNC:4740,variant,96.40375
MACROH2A1,human,Homo sapiens,ENSG00000113648,Ammon's horn,97.46,MACROH2A1:HGNC:4740,variant,96.40375
MACROH2A1,human,Homo sapiens,ENSG00000113648,Ammon's horn,96.21,MACROH2A1:HGNC:4740,variant,96.40375
MACROH2A1,human,Homo sapiens,ENSG00000113648,Ammon's horn,96.91,MACROH2A1:HGNC:4740,variant,96.40375
MACROH2A1,human,Homo sapiens,ENSG00000113648,Ammon's horn,96.8,MACROH2A1:HGNC:4740,variant,96.40375
MACROH2A1,human,Homo sapiens,ENSG00000113648,Ammon's horn,97.22,MACROH2A1:HGNC:4740,variant,96.40375
MACROH2A1,human,Homo sapiens,ENSG00000113648,Ammon's horn,96.51,MACROH2A1:HGNC:4740,variant,96.40375
MACROH2A1,human,Homo sapiens,ENSG00000113648,Ammon's horn,96.71,MACROH2A1:HGNC:4740,variant,96.40375
MACROH2A1,human,Homo sapiens,ENSG00000113648,Ammon's horn,96.66,MACROH2A1:HGNC:4740,variant,96.40375
MACROH2A1,human,Homo sapiens,ENSG00000113648,Ammon's horn,96.31,MACROH2A1:HGNC:4740,variant,96.40375
MACROH2A1,human,Homo sapiens,ENSG00000113648,Ammon's horn,95.96,MACROH2A1:HGNC:4740,variant,96.40375
MACROH2A1,human,Homo sapiens,ENSG00000113648,Ammon's horn,95.96,MACROH2A1:HGNC:4740,variant,96.40375
MACROH2A1,human,Homo sapiens,ENSG00000113648,Ammon's horn,96.27,MACROH2A1:HGNC:4740,variant,96.40375
MACROH2A1,human,Homo sapiens,ENSG00000113648,substantia nigra pars compacta,98.68,MACROH2A1:HGNC:4740,variant,98.33000000000001
MACROH2A1,human,Homo sapiens,ENSG00000113648,substantia nigra pars compacta,97.98,MACROH2A1:HGNC:4740,variant,98.33000000000001
MACROH2A1,human,Homo sapiens,ENSG00000113648,substantia nigra pars reticulata,98.37,MACROH2A1:HGNC:4740,variant,98.18
MACROH2A1,human,Homo sapiens,ENSG00000113648,substantia nigra pars reticulata,97.99,MACROH2A1:HGNC:4740,variant,98.18
MACROH2A1,human,Homo sapiens,ENSG00000113648,epithelium of esophagus,98.97,MACROH2A1:HGNC:4740,variant,98.97
MACROH2A1,human,Homo sapiens,ENSG00000113648,placenta,96.9,MACROH2A1:HGNC:4740,variant,97.1025
MACROH2A1,human,Homo sapiens,ENSG00000113648,placenta,97.2,MACROH2A1:HGNC:4740,variant,97.1025
MACROH2A1,human,Homo sapiens,ENSG00000113648,placenta,97.68,MACROH2A1:HGNC:4740,variant,97.1025
MACROH2A1,human,Homo sapiens,ENSG00000113648,placenta,96.63,MACROH2A1:HGNC:4740,variant,97.1025
MACROH2A1,human,Homo sapiens,ENSG00000113648,gluteal muscle,92.39,MACROH2A1:HGNC:4740,variant,92.39
MACROH2A1,human,Homo sapiens,ENSG00000113648,occipital lobe,96.91,MACROH2A1:HGNC:4740,variant,95.87666666666667
MACROH2A1,human,Homo sapiens,ENSG00000113648,occipital lobe,95.31,MACROH2A1:HGNC:4740,variant,95.87666666666667
MACROH2A1,human,Homo sapiens,ENSG00000113648,occipital lobe,96.45,MACROH2A1:HGNC:4740,variant,95.87666666666667
MACROH2A1,human,Homo sapiens,ENSG00000113648,occipital lobe,96.72,MACROH2A1:HGNC:4740,variant,95.87666666666667
MACROH2A1,human,Homo sapiens,ENSG00000113648,occipital lobe,96.3,MACROH2A1:HGNC:4740,variant,95.87666666666667
MACROH2A1,human,Homo sapiens,ENSG00000113648,occipital lobe,93.57,MACROH2A1:HGNC:4740,variant,95.87666666666667
MACROH2A1,human,Homo sapiens,ENSG00000113648,nipple,98.3,MACROH2A1:HGNC:4740,variant,98.14666666666666
MACROH2A1,human,Homo sapiens,ENSG00000113648,nipple,98.43,MACROH2A1:HGNC:4740,variant,98.14666666666666
MACROH2A1,human,Homo sapiens,ENSG00000113648,nipple,97.71,MACROH2A1:HGNC:4740,variant,98.14666666666666
MACROH2A1,human,Homo sapiens,ENSG00000113648,epithelium of bronchus,98.51,MACROH2A1:HGNC:4740,variant,98.59928571428573
MACROH2A1,human,Homo sapiens,ENSG00000113648,epithelium of bronchus,98.69,MACROH2A1:HGNC:4740,variant,98.59928571428573
MACROH2A1,human,Homo sapiens,ENSG00000113648,epithelium of bronchus,98.64,MACROH2A1:HGNC:4740,variant,98.59928571428573
MACROH2A1,human,Homo sapiens,ENSG00000113648,epithelium of bronchus,98.45,MACROH2A1:HGNC:4740,variant,98.59928571428573
MACROH2A1,human,Homo sapiens,ENSG00000113648,epithelium of bronchus,98.64,MACROH2A1:HGNC:4740,variant,98.59928571428573
MACROH2A1,human,Homo sapiens,ENSG00000113648,epithelium of bronchus,98.71,MACROH2A1:HGNC:4740,variant,98.59928571428573
MACROH2A1,human,Homo sapiens,ENSG00000113648,epithelium of bronchus,98.62,MACROH2A1:HGNC:4740,variant,98.59928571428573
MACROH2A1,human,Homo sapiens,ENSG00000113648,epithelium of bronchus,98.6,MACROH2A1:HGNC:4740,variant,98.59928571428573
MACROH2A1,human,Homo sapiens,ENSG00000113648,epithelium of bronchus,98.64,MACROH2A1:HGNC:4740,variant,98.59928571428573
MACROH2A1,human,Homo sapiens,ENSG00000113648,epithelium of bronchus,98.53,MACROH2A1:HGNC:4740,variant,98.59928571428573
MACROH2A1,human,Homo sapiens,ENSG00000113648,epithelium of bronchus,98.67,MACROH2A1:HGNC:4740,variant,98.59928571428573
MACROH2A1,human,Homo sapiens,ENSG00000113648,epithelium of bronchus,98.64,MACROH2A1:HGNC:4740,variant,98.59928571428573
MACROH2A1,human,Homo sapiens,ENSG00000113648,epithelium of bronchus,98.53,MACROH2A1:HGNC:4740,variant,98.59928571428573
MACROH2A1,human,Homo sapiens,ENSG00000113648,epithelium of bronchus,98.52,MACROH2A1:HGNC:4740,variant,98.59928571428573
MACROH2A1,human,Homo sapiens,ENSG00000113648,cerebellum,97.82,MACROH2A1:HGNC:4740,variant,97.26352941176471
MACROH2A1,human,Homo sapiens,ENSG00000113648,cerebellum,98.02,MACROH2A1:HGNC:4740,variant,97.26352941176471
MACROH2A1,human,Homo sapiens,ENSG00000113648,cerebellum,95.65,MACROH2A1:HGNC:4740,variant,97.26352941176471
MACROH2A1,human,Homo sapiens,ENSG00000113648,cerebellum,97.82,MACROH2A1:HGNC:4740,variant,97.26352941176471
MACROH2A1,human,Homo sapiens,ENSG00000113648,cerebellum,97.31,MACROH2A1:HGNC:4740,variant,97.26352941176471
MACROH2A1,human,Homo sapiens,ENSG00000113648,cerebellum,97.34,MACROH2A1:HGNC:4740,variant,97.26352941176471
MACROH2A1,human,Homo sapiens,ENSG00000113648,cerebellum,97.17,MACROH2A1:HGNC:4740,variant,97.26352941176471
MACROH2A1,human,Homo sapiens,ENSG00000113648,cerebellum,96.49,MACROH2A1:HGNC:4740,variant,97.26352941176471
MACROH2A1,human,Homo sapiens,ENSG00000113648,cerebellum,97.27,MACROH2A1:HGNC:4740,variant,97.26352941176471
MACROH2A1,human,Homo sapiens,ENSG00000113648,cerebellum,96.99,MACROH2A1:HGNC:4740,variant,97.26352941176471
MACROH2A1,human,Homo sapiens,ENSG00000113648,cerebellum,97.27,MACROH2A1:HGNC:4740,variant,97.26352941176471
MACROH2A1,human,Homo sapiens,ENSG00000113648,cerebellum,97.28,MACROH2A1:HGNC:4740,variant,97.26352941176471
MACROH2A1,human,Homo sapiens,ENSG00000113648,cerebellum,97.26,MACROH2A1:HGNC:4740,variant,97.26352941176471
MACROH2A1,human,Homo sapiens,ENSG00000113648,cerebellum,97.11,MACROH2A1:HGNC:4740,variant,97.26352941176471
MACROH2A1,human,Homo sapiens,ENSG00000113648,cerebellum,97.26,MACROH2A1:HGNC:4740,variant,97.26352941176471
MACROH2A1,human,Homo sapiens,ENSG00000113648,cerebellum,97.44,MACROH2A1:HGNC:4740,variant,97.26352941176471
MACROH2A1,human,Homo sapiens,ENSG00000113648,cerebellum,97.98,MACROH2A1:HGNC:4740,variant,97.26352941176471
MACROH2A1,human,Homo sapiens,ENSG00000113648,substantia nigra,96.5,MACROH2A1:HGNC:4740,variant,94.92956521739131
MACROH2A1,human,Homo sapiens,ENSG00000113648,substantia nigra,96.85,MACROH2A1:HGNC:4740,variant,94.92956521739131
MACROH2A1,human,Homo sapiens,ENSG00000113648,substantia nigra,96.13,MACROH2A1:HGNC:4740,variant,94.92956521739131
MACROH2A1,human,Homo sapiens,ENSG00000113648,substantia nigra,96.02,MACROH2A1:HGNC:4740,variant,94.92956521739131
MACROH2A1,human,Homo sapiens,ENSG00000113648,substantia nigra,95.57,MACROH2A1:HGNC:4740,variant,94.92956521739131
MACROH2A1,human,Homo sapiens,ENSG00000113648,substantia nigra,93.74,MACROH2A1:HGNC:4740,variant,94.92956521739131
MACROH2A1,human,Homo sapiens,ENSG00000113648,substantia nigra,95.7,MACROH2A1:HGNC:4740,variant,94.92956521739131
MACROH2A1,human,Homo sapiens,ENSG00000113648,substantia nigra,95.8,MACROH2A1:HGNC:4740,variant,94.92956521739131
MACROH2A1,human,Homo sapiens,ENSG00000113648,substantia nigra,95.47,MACROH2A1:HGNC:4740,variant,94.92956521739131
MACROH2A1,human,Homo sapiens,ENSG00000113648,substantia nigra,96.18,MACROH2A1:HGNC:4740,variant,94.92956521739131
MACROH2A1,human,Homo sapiens,ENSG00000113648,substantia nigra,95.99,MACROH2A1:HGNC:4740,variant,94.92956521739131
MACROH2A1,human,Homo sapiens,ENSG00000113648,substantia nigra,96.23,MACROH2A1:HGNC:4740,variant,94.92956521739131
MACROH2A1,human,Homo sapiens,ENSG00000113648,substantia nigra,92.03,MACROH2A1:HGNC:4740,variant,94.92956521739131
MACROH2A1,human,Homo sapiens,ENSG00000113648,substantia nigra,91.67,MACROH2A1:HGNC:4740,variant,94.92956521739131
MACROH2A1,human,Homo sapiens,ENSG00000113648,substantia nigra,91.28,MACROH2A1:HGNC:4740,variant,94.92956521739131
MACROH2A1,human,Homo sapiens,ENSG00000113648,substantia nigra,93.27,MACROH2A1:HGNC:4740,variant,94.92956521739131
MACROH2A1,human,Homo sapiens,ENSG00000113648,substantia nigra,95.67,MACROH2A1:HGNC:4740,variant,94.92956521739131
MACROH2A1,human,Homo sapiens,ENSG00000113648,substantia nigra,89.59,MACROH2A1:HGNC:4740,variant,94.92956521739131
MACROH2A1,human,Homo sapiens,ENSG00000113648,substantia nigra,97.33,MACROH2A1:HGNC:4740,variant,94.92956521739131
MACROH2A1,human,Homo sapiens,ENSG00000113648,substantia nigra,95.96,MACROH2A1:HGNC:4740,variant,94.92956521739131
MACROH2A1,human,Homo sapiens,ENSG00000113648,substantia nigra,95.62,MACROH2A1:HGNC:4740,variant,94.92956521739131
MACROH2A1,human,Homo sapiens,ENSG00000113648,substantia nigra,95.45,MACROH2A1:HGNC:4740,variant,94.92956521739131
MACROH2A1,human,Homo sapiens,ENSG00000113648,substantia nigra,95.33,MACROH2A1:HGNC:4740,variant,94.92956521739131
MACROH2A1,human,Homo sapiens,ENSG00000113648,thyroid gland,96.82,MACROH2A1:HGNC:4740,variant,96.58705882352942
MACROH2A1,human,Homo sapiens,ENSG00000113648,thyroid gland,97.03,MACROH2A1:HGNC:4740,variant,96.58705882352942
MACROH2A1,human,Homo sapiens,ENSG00000113648,thyroid gland,96.82,MACROH2A1:HGNC:4740,variant,96.58705882352942
MACROH2A1,human,Homo sapiens,ENSG00000113648,thyroid gland,96.56,MACROH2A1:HGNC:4740,variant,96.58705882352942
MACROH2A1,human,Homo sapiens,ENSG00000113648,thyroid gland,96.23,MACROH2A1:HGNC:4740,variant,96.58705882352942
MACROH2A1,human,Homo sapiens,ENSG00000113648,thyroid gland,96.69,MACROH2A1:HGNC:4740,variant,96.58705882352942
MACROH2A1,human,Homo sapiens,ENSG00000113648,thyroid gland,96.28,MACROH2A1:HGNC:4740,variant,96.58705882352942
MACROH2A1,human,Homo sapiens,ENSG00000113648,thyroid gland,96.13,MACROH2A1:HGNC:4740,variant,96.58705882352942
MACROH2A1,human,Homo sapiens,ENSG00000113648,thyroid gland,97.37,MACROH2A1:HGNC:4740,variant,96.58705882352942
MACROH2A1,human,Homo sapiens,ENSG00000113648,thyroid gland,96.34,MACROH2A1:HGNC:4740,variant,96.58705882352942
MACROH2A1,human,Homo sapiens,ENSG00000113648,thyroid gland,96.28,MACROH2A1:HGNC:4740,variant,96.58705882352942
MACROH2A1,human,Homo sapiens,ENSG00000113648,thyroid gland,96.96,MACROH2A1:HGNC:4740,variant,96.58705882352942
MACROH2A1,human,Homo sapiens,ENSG00000113648,thyroid gland,96.4,MACROH2A1:HGNC:4740,variant,96.58705882352942
MACROH2A1,human,Homo sapiens,ENSG00000113648,thyroid gland,96.92,MACROH2A1:HGNC:4740,variant,96.58705882352942
MACROH2A1,human,Homo sapiens,ENSG00000113648,thyroid gland,96.38,MACROH2A1:HGNC:4740,variant,96.58705882352942
MACROH2A1,human,Homo sapiens,ENSG00000113648,thyroid gland,96.4,MACROH2A1:HGNC:4740,variant,96.58705882352942
MACROH2A1,human,Homo sapiens,ENSG00000113648,thyroid gland,96.37,MACROH2A1:HGNC:4740,variant,96.58705882352942
MACROH2A1,human,Homo sapiens,ENSG00000113648,lung,98.71,MACROH2A1:HGNC:4740,variant,97.9531818181818
MACROH2A1,human,Homo sapiens,ENSG00000113648,lung,96.96,MACROH2A1:HGNC:4740,variant,97.9531818181818
MACROH2A1,human,Homo sapiens,ENSG00000113648,lung,97.86,MACROH2A1:HGNC:4740,variant,97.9531818181818
MACROH2A1,human,Homo sapiens,ENSG00000113648,lung,98.44,MACROH2A1:HGNC:4740,variant,97.9531818181818
MACROH2A1,human,Homo sapiens,ENSG00000113648,lung,98.4,MACROH2A1:HGNC:4740,variant,97.9531818181818
MACROH2A1,human,Homo sapiens,ENSG00000113648,lung,98.42,MACROH2A1:HGNC:4740,variant,97.9531818181818
MACROH2A1,human,Homo sapiens,ENSG00000113648,lung,98.02,MACROH2A1:HGNC:4740,variant,97.9531818181818
MACROH2A1,human,Homo sapiens,ENSG00000113648,lung,98.95,MACROH2A1:HGNC:4740,variant,97.9531818181818
MACROH2A1,human,Homo sapiens,ENSG00000113648,lung,97.85,MACROH2A1:HGNC:4740,variant,97.9531818181818
MACROH2A1,human,Homo sapiens,ENSG00000113648,lung,97.58,MACROH2A1:HGNC:4740,variant,97.9531818181818
MACROH2A1,human,Homo sapiens,ENSG00000113648,lung,97.86,MACROH2A1:HGNC:4740,variant,97.9531818181818
MACROH2A1,human,Homo sapiens,ENSG00000113648,lung,97.03,MACROH2A1:HGNC:4740,variant,97.9531818181818
MACROH2A1,human,Homo sapiens,ENSG00000113648,lung,97.46,MACROH2A1:HGNC:4740,variant,97.9531818181818
MACROH2A1,human,Homo sapiens,ENSG00000113648,lung,97.9,MACROH2A1:HGNC:4740,variant,97.9531818181818
MACROH2A1,human,Homo sapiens,ENSG00000113648,lung,97.89,MACROH2A1:HGNC:4740,variant,97.9531818181818
MACROH2A1,human,Homo sapiens,ENSG00000113648,lung,97.74,MACROH2A1:HGNC:4740,variant,97.9531818181818
MACROH2A1,human,Homo sapiens,ENSG00000113648,lung,98.32,MACROH2A1:HGNC:4740,variant,97.9531818181818
MACROH2A1,human,Homo sapiens,ENSG00000113648,lung,98.54,MACROH2A1:HGNC:4740,variant,97.9531818181818
MACROH2A1,human,Homo sapiens,ENSG00000113648,lung,97.86,MACROH2A1:HGNC:4740,variant,97.9531818181818
MACROH2A1,human,Homo sapiens,ENSG00000113648,lung,97.86,MACROH2A1:HGNC:4740,variant,97.9531818181818
MACROH2A1,human,Homo sapiens,ENSG00000113648,lung,97.77,MACROH2A1:HGNC:4740,variant,97.9531818181818
MACROH2A1,human,Homo sapiens,ENSG00000113648,lung,97.55,MACROH2A1:HGNC:4740,variant,97.9531818181818
MACROH2A1,human,Homo sapiens,ENSG00000113648,hair follicle,96.91,MACROH2A1:HGNC:4740,variant,97.23333333333333
MACROH2A1,human,Homo sapiens,ENSG00000113648,hair follicle,97.17,MACROH2A1:HGNC:4740,variant,97.23333333333333
MACROH2A1,human,Homo sapiens,ENSG00000113648,hair follicle,97.62,MACROH2A1:HGNC:4740,variant,97.23333333333333
MACROH2A1,human,Homo sapiens,ENSG00000113648,heart right ventricle,96.63,MACROH2A1:HGNC:4740,variant,96.05333333333333
MACROH2A1,human,Homo sapiens,ENSG00000113648,heart right ventricle,96.0,MACROH2A1:HGNC:4740,variant,96.05333333333333
MACROH2A1,human,Homo sapiens,ENSG00000113648,heart right ventricle,95.16,MACROH2A1:HGNC:4740,variant,96.05333333333333
MACROH2A1,human,Homo sapiens,ENSG00000113648,heart right ventricle,95.88,MACROH2A1:HGNC:4740,variant,96.05333333333333
MACROH2A1,human,Homo sapiens,ENSG00000113648,heart right ventricle,96.61,MACROH2A1:HGNC:4740,variant,96.05333333333333
MACROH2A1,human,Homo sapiens,ENSG00000113648,heart right ventricle,96.04,MACROH2A1:HGNC:4740,variant,96.05333333333333
MACROH2A1,human,Homo sapiens,ENSG00000113648,cardiac atrium,97.35,MACROH2A1:HGNC:4740,variant,96.82666666666667
MACROH2A1,human,Homo sapiens,ENSG00000113648,cardiac atrium,97.31,MACROH2A1:HGNC:4740,variant,96.82666666666667
MACROH2A1,human,Homo sapiens,ENSG00000113648,cardiac atrium,95.82,MACROH2A1:HGNC:4740,variant,96.82666666666667
MACROH2A1,human,Homo sapiens,ENSG00000113648,cardiac ventricle,96.24,MACROH2A1:HGNC:4740,variant,95.54333333333334
MACROH2A1,human,Homo sapiens,ENSG00000113648,cardiac ventricle,94.25,MACROH2A1:HGNC:4740,variant,95.54333333333334
MACROH2A1,human,Homo sapiens,ENSG00000113648,cardiac ventricle,96.14,MACROH2A1:HGNC:4740,variant,95.54333333333334
MACROH2A1,human,Homo sapiens,ENSG00000113648,heart left ventricle,97.03,MACROH2A1:HGNC:4740,variant,96.29529411764706
MACROH2A1,human,Homo sapiens,ENSG00000113648,heart left ventricle,96.19,MACROH2A1:HGNC:4740,variant,96.29529411764706
MACROH2A1,human,Homo sapiens,ENSG00000113648,heart left ventricle,93.1,MACROH2A1:HGNC:4740,variant,96.29529411764706
MACROH2A1,human,Homo sapiens,ENSG00000113648,heart left ventricle,96.13,MACROH2A1:HGNC:4740,variant,96.29529411764706
MACROH2A1,human,Homo sapiens,ENSG00000113648,heart left ventricle,96.98,MACROH2A1:HGNC:4740,variant,96.29529411764706
MACROH2A1,human,Homo sapiens,ENSG00000113648,heart left ventricle,96.09,MACROH2A1:HGNC:4740,variant,96.29529411764706
MACROH2A1,human,Homo sapiens,ENSG00000113648,heart left ventricle,97.85,MACROH2A1:HGNC:4740,variant,96.29529411764706
MACROH2A1,human,Homo sapiens,ENSG00000113648,heart left ventricle,96.02,MACROH2A1:HGNC:4740,variant,96.29529411764706
MACROH2A1,human,Homo sapiens,ENSG00000113648,heart left ventricle,97.23,MACROH2A1:HGNC:4740,variant,96.29529411764706
MACROH2A1,human,Homo sapiens,ENSG00000113648,heart left ventricle,96.26,MACROH2A1:HGNC:4740,variant,96.29529411764706
MACROH2A1,human,Homo sapiens,ENSG00000113648,heart left ventricle,96.11,MACROH2A1:HGNC:4740,variant,96.29529411764706
MACROH2A1,human,Homo sapiens,ENSG00000113648,heart left ventricle,96.16,MACROH2A1:HGNC:4740,variant,96.29529411764706
MACROH2A1,human,Homo sapiens,ENSG00000113648,heart left ventricle,95.4,MACROH2A1:HGNC:4740,variant,96.29529411764706
MACROH2A1,human,Homo sapiens,ENSG00000113648,heart left ventricle,97.63,MACROH2A1:HGNC:4740,variant,96.29529411764706
MACROH2A1,human,Homo sapiens,ENSG00000113648,heart left ventricle,96.25,MACROH2A1:HGNC:4740,variant,96.29529411764706
MACROH2A1,human,Homo sapiens,ENSG00000113648,heart left ventricle,96.4,MACROH2A1:HGNC:4740,variant,96.29529411764706
MACROH2A1,human,Homo sapiens,ENSG00000113648,heart left ventricle,96.19,MACROH2A1:HGNC:4740,variant,96.29529411764706
MACROH2A1,human,Homo sapiens,ENSG00000113648,apex of heart,96.15,MACROH2A1:HGNC:4740,variant,96.15
MACROH2A1,human,Homo sapiens,ENSG00000113648,spleen,97.86,MACROH2A1:HGNC:4740,variant,97.69
MACROH2A1,human,Homo sapiens,ENSG00000113648,spleen,97.51,MACROH2A1:HGNC:4740,variant,97.69
MACROH2A1,human,Homo sapiens,ENSG00000113648,spleen,97.68,MACROH2A1:HGNC:4740,variant,97.69
MACROH2A1,human,Homo sapiens,ENSG00000113648,spleen,97.95,MACROH2A1:HGNC:4740,variant,97.69
MACROH2A1,human,Homo sapiens,ENSG00000113648,spleen,97.57,MACROH2A1:HGNC:4740,variant,97.69
MACROH2A1,human,Homo sapiens,ENSG00000113648,spleen,97.58,MACROH2A1:HGNC:4740,variant,97.69
MACROH2A1,human,Homo sapiens,ENSG00000113648,spleen,97.7,MACROH2A1:HGNC:4740,variant,97.69
MACROH2A1,human,Homo sapiens,ENSG00000113648,spleen,97.56,MACROH2A1:HGNC:4740,variant,97.69
MACROH2A1,human,Homo sapiens,ENSG00000113648,spleen,97.87,MACROH2A1:HGNC:4740,variant,97.69
MACROH2A1,human,Homo sapiens,ENSG00000113648,spleen,97.65,MACROH2A1:HGNC:4740,variant,97.69
MACROH2A1,human,Homo sapiens,ENSG00000113648,spleen,97.66,MACROH2A1:HGNC:4740,variant,97.69
MACROH2A1,human,Homo sapiens,ENSG00000113648,spleen,97.69,MACROH2A1:HGNC:4740,variant,97.69
MACROH2A1,human,Homo sapiens,ENSG00000113648,liver,98.45,MACROH2A1:HGNC:4740,variant,94.20565217391304
MACROH2A1,human,Homo sapiens,ENSG00000113648,liver,95.04,MACROH2A1:HGNC:4740,variant,94.20565217391304
MACROH2A1,human,Homo sapiens,ENSG00000113648,liver,94.41,MACROH2A1:HGNC:4740,variant,94.20565217391304
MACROH2A1,human,Homo sapiens,ENSG00000113648,liver,95.83,MACROH2A1:HGNC:4740,variant,94.20565217391304
MACROH2A1,human,Homo sapiens,ENSG00000113648,liver,94.77,MACROH2A1:HGNC:4740,variant,94.20565217391304
MACROH2A1,human,Homo sapiens,ENSG00000113648,liver,94.07,MACROH2A1:HGNC:4740,variant,94.20565217391304
MACROH2A1,human,Homo sapiens,ENSG00000113648,liver,93.18,MACROH2A1:HGNC:4740,variant,94.20565217391304
MACROH2A1,human,Homo sapiens,ENSG00000113648,liver,92.35,MACROH2A1:HGNC:4740,variant,94.20565217391304
MACROH2A1,human,Homo sapiens,ENSG00000113648,liver,92.46,MACROH2A1:HGNC:4740,variant,94.20565217391304
MACROH2A1,human,Homo sapiens,ENSG00000113648,liver,93.1,MACROH2A1:HGNC:4740,variant,94.20565217391304
MACROH2A1,human,Homo sapiens,ENSG00000113648,liver,94.32,MACROH2A1:HGNC:4740,variant,94.20565217391304
MACROH2A1,human,Homo sapiens,ENSG00000113648,liver,94.05,MACROH2A1:HGNC:4740,variant,94.20565217391304
MACROH2A1,human,Homo sapiens,ENSG00000113648,liver,91.92,MACROH2A1:HGNC:4740,variant,94.20565217391304
MACROH2A1,human,Homo sapiens,ENSG00000113648,liver,93.97,MACROH2A1:HGNC:4740,variant,94.20565217391304
MACROH2A1,human,Homo sapiens,ENSG00000113648,liver,93.88,MACROH2A1:HGNC:4740,variant,94.20565217391304
MACROH2A1,human,Homo sapiens,ENSG00000113648,liver,93.63,MACROH2A1:HGNC:4740,variant,94.20565217391304
MACROH2A1,human,Homo sapiens,ENSG00000113648,liver,98.08,MACROH2A1:HGNC:4740,variant,94.20565217391304
MACROH2A1,human,Homo sapiens,ENSG00000113648,liver,93.43,MACROH2A1:HGNC:4740,variant,94.20565217391304
MACROH2A1,human,Homo sapiens,ENSG00000113648,liver,93.17,MACROH2A1:HGNC:4740,variant,94.20565217391304
MACROH2A1,human,Homo sapiens,ENSG00000113648,liver,98.36,MACROH2A1:HGNC:4740,variant,94.20565217391304
MACROH2A1,human,Homo sapiens,ENSG00000113648,liver,93.47,MACROH2A1:HGNC:4740,variant,94.20565217391304
MACROH2A1,human,Homo sapiens,ENSG00000113648,liver,91.77,MACROH2A1:HGNC:4740,variant,94.20565217391304
MACROH2A1,human,Homo sapiens,ENSG00000113648,liver,93.02,MACROH2A1:HGNC:4740,variant,94.20565217391304
MACROH2A1,human,Homo sapiens,ENSG00000113648,small intestine,97.92,MACROH2A1:HGNC:4740,variant,97.92500000000001
MACROH2A1,human,Homo sapiens,ENSG00000113648,small intestine,97.93,MACROH2A1:HGNC:4740,variant,97.92500000000001
MACROH2A1,human,Homo sapiens,ENSG00000113648,gall bladder,97.89,MACROH2A1:HGNC:4740,variant,97.89
MACROH2A1,human,Homo sapiens,ENSG00000113648,kidney,94.37,MACROH2A1:HGNC:4740,variant,94.64666666666666
MACROH2A1,human,Homo sapiens,ENSG00000113648,kidney,93.86,MACROH2A1:HGNC:4740,variant,94.64666666666666
MACROH2A1,human,Homo sapiens,ENSG00000113648,kidney,94.92,MACROH2A1:HGNC:4740,variant,94.64666666666666
MACROH2A1,human,Homo sapiens,ENSG00000113648,kidney,94.67,MACROH2A1:HGNC:4740,variant,94.64666666666666
MACROH2A1,human,Homo sapiens,ENSG00000113648,kidney,94.93,MACROH2A1:HGNC:4740,variant,94.64666666666666
MACROH2A1,human,Homo sapiens,ENSG00000113648,kidney,95.13,MACROH2A1:HGNC:4740,variant,94.64666666666666
MACROH2A1,human,Homo sapiens,ENSG00000113648,duodenum,98.46,MACROH2A1:HGNC:4740,variant,98.125
MACROH2A1,human,Homo sapiens,ENSG00000113648,duodenum,97.4,MACROH2A1:HGNC:4740,variant,98.125
MACROH2A1,human,Homo sapiens,ENSG00000113648,duodenum,98.31,MACROH2A1:HGNC:4740,variant,98.125
MACROH2A1,human,Homo sapiens,ENSG00000113648,duodenum,98.33,MACROH2A1:HGNC:4740,variant,98.125
MACROH2A1,human,Homo sapiens,ENSG00000113648,jejunum,97.42,MACROH2A1:HGNC:4740,variant,97.195
MACROH2A1,human,Homo sapiens,ENSG00000113648,jejunum,96.97,MACROH2A1:HGNC:4740,variant,97.195
MACROH2A1,human,Homo sapiens,ENSG00000113648,right ovary,96.75,MACROH2A1:HGNC:4740,variant,96.16
MACROH2A1,human,Homo sapiens,ENSG00000113648,right ovary,95.9,MACROH2A1:HGNC:4740,variant,96.16
MACROH2A1,human,Homo sapiens,ENSG00000113648,right ovary,96.44,MACROH2A1:HGNC:4740,variant,96.16
MACROH2A1,human,Homo sapiens,ENSG00000113648,right ovary,95.25,MACROH2A1:HGNC:4740,variant,96.16
MACROH2A1,human,Homo sapiens,ENSG00000113648,right ovary,96.46,MACROH2A1:HGNC:4740,variant,96.16
MACROH2A1,human,Homo sapiens,ENSG00000113648,left ovary,96.15,MACROH2A1:HGNC:4740,variant,95.60600000000001
MACROH2A1,human,Homo sapiens,ENSG00000113648,left ovary,95.03,MACROH2A1:HGNC:4740,variant,95.60600000000001
MACROH2A1,human,Homo sapiens,ENSG00000113648,left ovary,95.48,MACROH2A1:HGNC:4740,variant,95.60600000000001
MACROH2A1,human,Homo sapiens,ENSG00000113648,left ovary,96.03,MACROH2A1:HGNC:4740,variant,95.60600000000001
MACROH2A1,human,Homo sapiens,ENSG00000113648,left ovary,95.34,MACROH2A1:HGNC:4740,variant,95.60600000000001
MACROH2A1,human,Homo sapiens,ENSG00000113648,inferior olivary complex,92.61,MACROH2A1:HGNC:4740,variant,93.7
MACROH2A1,human,Homo sapiens,ENSG00000113648,inferior olivary complex,94.48,MACROH2A1:HGNC:4740,variant,93.7
MACROH2A1,human,Homo sapiens,ENSG00000113648,inferior olivary complex,94.01,MACROH2A1:HGNC:4740,variant,93.7
MACROH2A1,human,Homo sapiens,ENSG00000113648,cerebellar cortex,97.26,MACROH2A1:HGNC:4740,variant,97.24666666666667
MACROH2A1,human,Homo sapiens,ENSG00000113648,cerebellar cortex,97.22,MACROH2A1:HGNC:4740,variant,97.24666666666667
MACROH2A1,human,Homo sapiens,ENSG00000113648,cerebellar cortex,97.26,MACROH2A1:HGNC:4740,variant,97.24666666666667
MACROH2A1,human,Homo sapiens,ENSG00000113648,right lung,97.91,MACROH2A1:HGNC:4740,variant,97.945
MACROH2A1,human,Homo sapiens,ENSG00000113648,right lung,97.98,MACROH2A1:HGNC:4740,variant,97.945
MACROH2A1,human,Homo sapiens,ENSG00000113648,bronchus,98.4,MACROH2A1:HGNC:4740,variant,98.51
MACROH2A1,human,Homo sapiens,ENSG00000113648,bronchus,98.62,MACROH2A1:HGNC:4740,variant,98.51
MACROH2A1,human,Homo sapiens,ENSG00000113648,subcutaneous adipose tissue,94.21,MACROH2A1:HGNC:4740,variant,95.94947368421053
MACROH2A1,human,Homo sapiens,ENSG00000113648,subcutaneous adipose tissue,97.69,MACROH2A1:HGNC:4740,variant,95.94947368421053
MACROH2A1,human,Homo sapiens,ENSG00000113648,subcutaneous adipose tissue,97.05,MACROH2A1:HGNC:4740,variant,95.94947368421053
MACROH2A1,human,Homo sapiens,ENSG00000113648,subcutaneous adipose tissue,93.39,MACROH2A1:HGNC:4740,variant,95.94947368421053
MACROH2A1,human,Homo sapiens,ENSG00000113648,subcutaneous adipose tissue,96.63,MACROH2A1:HGNC:4740,variant,95.94947368421053
MACROH2A1,human,Homo sapiens,ENSG00000113648,subcutaneous adipose tissue,96.97,MACROH2A1:HGNC:4740,variant,95.94947368421053
MACROH2A1,human,Homo sapiens,ENSG00000113648,subcutaneous adipose tissue,92.82,MACROH2A1:HGNC:4740,variant,95.94947368421053
MACROH2A1,human,Homo sapiens,ENSG00000113648,subcutaneous adipose tissue,97.06,MACROH2A1:HGNC:4740,variant,95.94947368421053
MACROH2A1,human,Homo sapiens,ENSG00000113648,subcutaneous adipose tissue,97.1,MACROH2A1:HGNC:4740,variant,95.94947368421053
MACROH2A1,human,Homo sapiens,ENSG00000113648,subcutaneous adipose tissue,93.81,MACROH2A1:HGNC:4740,variant,95.94947368421053
MACROH2A1,human,Homo sapiens,ENSG00000113648,subcutaneous adipose tissue,97.27,MACROH2A1:HGNC:4740,variant,95.94947368421053
MACROH2A1,human,Homo sapiens,ENSG00000113648,subcutaneous adipose tissue,96.92,MACROH2A1:HGNC:4740,variant,95.94947368421053
MACROH2A1,human,Homo sapiens,ENSG00000113648,subcutaneous adipose tissue,93.79,MACROH2A1:HGNC:4740,variant,95.94947368421053
MACROH2A1,human,Homo sapiens,ENSG00000113648,subcutaneous adipose tissue,97.36,MACROH2A1:HGNC:4740,variant,95.94947368421053
MACROH2A1,human,Homo sapiens,ENSG00000113648,subcutaneous adipose tissue,97.11,MACROH2A1:HGNC:4740,variant,95.94947368421053
MACROH2A1,human,Homo sapiens,ENSG00000113648,subcutaneous adipose tissue,96.76,MACROH2A1:HGNC:4740,variant,95.94947368421053
MACROH2A1,human,Homo sapiens,ENSG00000113648,subcutaneous adipose tissue,97.38,MACROH2A1:HGNC:4740,variant,95.94947368421053
MACROH2A1,human,Homo sapiens,ENSG00000113648,subcutaneous adipose tissue,93.45,MACROH2A1:HGNC:4740,variant,95.94947368421053
MACROH2A1,human,Homo sapiens,ENSG00000113648,subcutaneous adipose tissue,96.27,MACROH2A1:HGNC:4740,variant,95.94947368421053
MACROH2A1,human,Homo sapiens,ENSG00000113648,adenohypophysis,97.23,MACROH2A1:HGNC:4740,variant,97.30166666666666
MACROH2A1,human,Homo sapiens,ENSG00000113648,adenohypophysis,96.95,MACROH2A1:HGNC:4740,variant,97.30166666666666
MACROH2A1,human,Homo sapiens,ENSG00000113648,adenohypophysis,97.38,MACROH2A1:HGNC:4740,variant,97.30166666666666
MACROH2A1,human,Homo sapiens,ENSG00000113648,adenohypophysis,96.14,MACROH2A1:HGNC:4740,variant,97.30166666666666
MACROH2A1,human,Homo sapiens,ENSG00000113648,adenohypophysis,97.76,MACROH2A1:HGNC:4740,variant,97.30166666666666
MACROH2A1,human,Homo sapiens,ENSG00000113648,adenohypophysis,98.35,MACROH2A1:HGNC:4740,variant,97.30166666666666
MACROH2A1,human,Homo sapiens,ENSG00000113648,synovial joint,97.85,MACROH2A1:HGNC:4740,variant,97.77
MACROH2A1,human,Homo sapiens,ENSG00000113648,synovial joint,97.69,MACROH2A1:HGNC:4740,variant,97.77
MACROH2A1,human,Homo sapiens,ENSG00000113648,spinal cord,98.04,MACROH2A1:HGNC:4740,variant,96.408
MACROH2A1,human,Homo sapiens,ENSG00000113648,spinal cord,97.8,MACROH2A1:HGNC:4740,variant,96.408
MACROH2A1,human,Homo sapiens,ENSG00000113648,spinal cord,96.69,MACROH2A1:HGNC:4740,variant,96.408
MACROH2A1,human,Homo sapiens,ENSG00000113648,spinal cord,95.59,MACROH2A1:HGNC:4740,variant,96.408
MACROH2A1,human,Homo sapiens,ENSG00000113648,spinal cord,96.47,MACROH2A1:HGNC:4740,variant,96.408
MACROH2A1,human,Homo sapiens,ENSG00000113648,spinal cord,96.2,MACROH2A1:HGNC:4740,variant,96.408
MACROH2A1,human,Homo sapiens,ENSG00000113648,spinal cord,95.75,MACROH2A1:HGNC:4740,variant,96.408
MACROH2A1,human,Homo sapiens,ENSG00000113648,spinal cord,95.74,MACROH2A1:HGNC:4740,variant,96.408
MACROH2A1,human,Homo sapiens,ENSG00000113648,spinal cord,95.86,MACROH2A1:HGNC:4740,variant,96.408
MACROH2A1,human,Homo sapiens,ENSG00000113648,spinal cord,95.94,MACROH2A1:HGNC:4740,variant,96.408
MACROH2A1,human,Homo sapiens,ENSG00000113648,cerebellar hemisphere,97.83,MACROH2A1:HGNC:4740,variant,97.43363636363637
MACROH2A1,human,Homo sapiens,ENSG00000113648,cerebellar hemisphere,98.02,MACROH2A1:HGNC:4740,variant,97.43363636363637
MACROH2A1,human,Homo sapiens,ENSG00000113648,cerebellar hemisphere,97.66,MACROH2A1:HGNC:4740,variant,97.43363636363637
MACROH2A1,human,Homo sapiens,ENSG00000113648,cerebellar hemisphere,97.23,MACROH2A1:HGNC:4740,variant,97.43363636363637
MACROH2A1,human,Homo sapiens,ENSG00000113648,cerebellar hemisphere,97.19,MACROH2A1:HGNC:4740,variant,97.43363636363637
MACROH2A1,human,Homo sapiens,ENSG00000113648,cerebellar hemisphere,97.3,MACROH2A1:HGNC:4740,variant,97.43363636363637
MACROH2A1,human,Homo sapiens,ENSG00000113648,cerebellar hemisphere,97.55,MACROH2A1:HGNC:4740,variant,97.43363636363637
MACROH2A1,human,Homo sapiens,ENSG00000113648,cerebellar hemisphere,97.01,MACROH2A1:HGNC:4740,variant,97.43363636363637
MACROH2A1,human,Homo sapiens,ENSG00000113648,cerebellar hemisphere,97.16,MACROH2A1:HGNC:4740,variant,97.43363636363637
MACROH2A1,human,Homo sapiens,ENSG00000113648,cerebellar hemisphere,97.5,MACROH2A1:HGNC:4740,variant,97.43363636363637
MACROH2A1,human,Homo sapiens,ENSG00000113648,cerebellar hemisphere,97.32,MACROH2A1:HGNC:4740,variant,97.43363636363637
MACROH2A1,human,Homo sapiens,ENSG00000113648,popliteal artery,95.95,MACROH2A1:HGNC:4740,variant,95.95
MACROH2A1,human,Homo sapiens,ENSG00000113648,olfactory bulb,94.57,MACROH2A1:HGNC:4740,variant,94.57
MACROH2A1,human,Homo sapiens,ENSG00000113648,corpus callosum,96.6,MACROH2A1:HGNC:4740,variant,95.27333333333333
MACROH2A1,human,Homo sapiens,ENSG00000113648,corpus callosum,94.21,MACROH2A1:HGNC:4740,variant,95.27333333333333
MACROH2A1,human,Homo sapiens,ENSG00000113648,corpus callosum,94.9,MACROH2A1:HGNC:4740,variant,95.27333333333333
MACROH2A1,human,Homo sapiens,ENSG00000113648,corpus callosum,95.88,MACROH2A1:HGNC:4740,variant,95.27333333333333
MACROH2A1,human,Homo sapiens,ENSG00000113648,corpus callosum,96.59,MACROH2A1:HGNC:4740,variant,95.27333333333333
MACROH2A1,human,Homo sapiens,ENSG00000113648,corpus callosum,96.78,MACROH2A1:HGNC:4740,variant,95.27333333333333
MACROH2A1,human,Homo sapiens,ENSG00000113648,corpus callosum,95.69,MACROH2A1:HGNC:4740,variant,95.27333333333333
MACROH2A1,human,Homo sapiens,ENSG00000113648,corpus callosum,94.13,MACROH2A1:HGNC:4740,variant,95.27333333333333
MACROH2A1,human,Homo sapiens,ENSG00000113648,corpus callosum,94.19,MACROH2A1:HGNC:4740,variant,95.27333333333333
MACROH2A1,human,Homo sapiens,ENSG00000113648,corpus callosum,95.1,MACROH2A1:HGNC:4740,variant,95.27333333333333
MACROH2A1,human,Homo sapiens,ENSG00000113648,corpus callosum,94.77,MACROH2A1:HGNC:4740,variant,95.27333333333333
MACROH2A1,human,Homo sapiens,ENSG00000113648,corpus callosum,94.44,MACROH2A1:HGNC:4740,variant,95.27333333333333
MACROH2A1,human,Homo sapiens,ENSG00000113648,descending thoracic aorta,96.59,MACROH2A1:HGNC:4740,variant,95.7
MACROH2A1,human,Homo sapiens,ENSG00000113648,descending thoracic aorta,95.17,MACROH2A1:HGNC:4740,variant,95.7
MACROH2A1,human,Homo sapiens,ENSG00000113648,descending thoracic aorta,95.34,MACROH2A1:HGNC:4740,variant,95.7
MACROH2A1,human,Homo sapiens,ENSG00000113648,myocardium,95.9,MACROH2A1:HGNC:4740,variant,92.5425
MACROH2A1,human,Homo sapiens,ENSG00000113648,myocardium,95.87,MACROH2A1:HGNC:4740,variant,92.5425
MACROH2A1,human,Homo sapiens,ENSG00000113648,myocardium,90.85,MACROH2A1:HGNC:4740,variant,92.5425
MACROH2A1,human,Homo sapiens,ENSG00000113648,myocardium,89.48,MACROH2A1:HGNC:4740,variant,92.5425
MACROH2A1,human,Homo sapiens,ENSG00000113648,myocardium,88.26,MACROH2A1:HGNC:4740,variant,92.5425
MACROH2A1,human,Homo sapiens,ENSG00000113648,myocardium,94.55,MACROH2A1:HGNC:4740,variant,92.5425
MACROH2A1,human,Homo sapiens,ENSG00000113648,myocardium,88.42,MACROH2A1:HGNC:4740,variant,92.5425
MACROH2A1,human,Homo sapiens,ENSG00000113648,myocardium,97.01,MACROH2A1:HGNC:4740,variant,92.5425
MACROH2A1,human,Homo sapiens,ENSG00000113648,peritoneum,97.03,MACROH2A1:HGNC:4740,variant,97.03
MACROH2A1,human,Homo sapiens,ENSG00000113648,prostate gland,96.44,MACROH2A1:HGNC:4740,variant,95.75333333333333
MACROH2A1,human,Homo sapiens,ENSG00000113648,prostate gland,94.32,MACROH2A1:HGNC:4740,variant,95.75333333333333
MACROH2A1,human,Homo sapiens,ENSG00000113648,prostate gland,96.3,MACROH2A1:HGNC:4740,variant,95.75333333333333
MACROH2A1,human,Homo sapiens,ENSG00000113648,prostate gland,94.7,MACROH2A1:HGNC:4740,variant,95.75333333333333
MACROH2A1,human,Homo sapiens,ENSG00000113648,prostate gland,96.81,MACROH2A1:HGNC:4740,variant,95.75333333333333
MACROH2A1,human,Homo sapiens,ENSG00000113648,prostate gland,93.94,MACROH2A1:HGNC:4740,variant,95.75333333333333
MACROH2A1,human,Homo sapiens,ENSG00000113648,prostate gland,95.56,MACROH2A1:HGNC:4740,variant,95.75333333333333
MACROH2A1,human,Homo sapiens,ENSG00000113648,prostate gland,96.38,MACROH2A1:HGNC:4740,variant,95.75333333333333
MACROH2A1,human,Homo sapiens,ENSG00000113648,prostate gland,95.72,MACROH2A1:HGNC:4740,variant,95.75333333333333
MACROH2A1,human,Homo sapiens,ENSG00000113648,prostate gland,95.72,MACROH2A1:HGNC:4740,variant,95.75333333333333
MACROH2A1,human,Homo sapiens,ENSG00000113648,prostate gland,93.65,MACROH2A1:HGNC:4740,variant,95.75333333333333
MACROH2A1,human,Homo sapiens,ENSG00000113648,prostate gland,95.81,MACROH2A1:HGNC:4740,variant,95.75333333333333
MACROH2A1,human,Homo sapiens,ENSG00000113648,prostate gland,96.96,MACROH2A1:HGNC:4740,variant,95.75333333333333
MACROH2A1,human,Homo sapiens,ENSG00000113648,prostate gland,96.48,MACROH2A1:HGNC:4740,variant,95.75333333333333
MACROH2A1,human,Homo sapiens,ENSG00000113648,prostate gland,95.59,MACROH2A1:HGNC:4740,variant,95.75333333333333
MACROH2A1,human,Homo sapiens,ENSG00000113648,prostate gland,96.32,MACROH2A1:HGNC:4740,variant,95.75333333333333
MACROH2A1,human,Homo sapiens,ENSG00000113648,prostate gland,96.57,MACROH2A1:HGNC:4740,variant,95.75333333333333
MACROH2A1,human,Homo sapiens,ENSG00000113648,prostate gland,96.29,MACROH2A1:HGNC:4740,variant,95.75333333333333
MACROH2A1,human,Homo sapiens,ENSG00000113648,adrenal gland,97.15,MACROH2A1:HGNC:4740,variant,96.9025
MACROH2A1,human,Homo sapiens,ENSG00000113648,adrenal gland,96.59,MACROH2A1:HGNC:4740,variant,96.9025
MACROH2A1,human,Homo sapiens,ENSG00000113648,adrenal gland,97.31,MACROH2A1:HGNC:4740,variant,96.9025
MACROH2A1,human,Homo sapiens,ENSG00000113648,adrenal gland,96.56,MACROH2A1:HGNC:4740,variant,96.9025
MACROH2A1,human,Homo sapiens,ENSG00000113648,thymus,97.66,MACROH2A1:HGNC:4740,variant,98.9825
MACROH2A1,human,Homo sapiens,ENSG00000113648,thymus,99.58,MACROH2A1:HGNC:4740,variant,98.9825
MACROH2A1,human,Homo sapiens,ENSG00000113648,thymus,99.46,MACROH2A1:HGNC:4740,variant,98.9825
MACROH2A1,human,Homo sapiens,ENSG00000113648,thymus,99.23,MACROH2A1:HGNC:4740,variant,98.9825
MACROH2A1,human,Homo sapiens,ENSG00000113648,bone marrow,99.2,MACROH2A1:HGNC:4740,variant,99.0442857142857
MACROH2A1,human,Homo sapiens,ENSG00000113648,bone marrow,99.17,MACROH2A1:HGNC:4740,variant,99.0442857142857
MACROH2A1,human,Homo sapiens,ENSG00000113648,bone marrow,99.33,MACROH2A1:HGNC:4740,variant,99.0442857142857
MACROH2A1,human,Homo sapiens,ENSG00000113648,bone marrow,98.82,MACROH2A1:HGNC:4740,variant,99.0442857142857
MACROH2A1,human,Homo sapiens,ENSG00000113648,bone marrow,98.97,MACROH2A1:HGNC:4740,variant,99.0442857142857
MACROH2A1,human,Homo sapiens,ENSG00000113648,bone marrow,99.05,MACROH2A1:HGNC:4740,variant,99.0442857142857
MACROH2A1,human,Homo sapiens,ENSG00000113648,bone marrow,99.2,MACROH2A1:HGNC:4740,variant,99.0442857142857
MACROH2A1,human,Homo sapiens,ENSG00000113648,bone marrow,98.82,MACROH2A1:HGNC:4740,variant,99.0442857142857
MACROH2A1,human,Homo sapiens,ENSG00000113648,bone marrow,99.08,MACROH2A1:HGNC:4740,variant,99.0442857142857
MACROH2A1,human,Homo sapiens,ENSG00000113648,bone marrow,99.2,MACROH2A1:HGNC:4740,variant,99.0442857142857
MACROH2A1,human,Homo sapiens,ENSG00000113648,bone marrow,99.06,MACROH2A1:HGNC:4740,variant,99.0442857142857
MACROH2A1,human,Homo sapiens,ENSG00000113648,bone marrow,99.07,MACROH2A1:HGNC:4740,variant,99.0442857142857
MACROH2A1,human,Homo sapiens,ENSG00000113648,bone marrow,98.64,MACROH2A1:HGNC:4740,variant,99.0442857142857
MACROH2A1,human,Homo sapiens,ENSG00000113648,bone marrow,99.01,MACROH2A1:HGNC:4740,variant,99.0442857142857
MACROH2A1,human,Homo sapiens,ENSG00000113648,tonsil,99.08,MACROH2A1:HGNC:4740,variant,98.69
MACROH2A1,human,Homo sapiens,ENSG00000113648,tonsil,99.03,MACROH2A1:HGNC:4740,variant,98.69
MACROH2A1,human,Homo sapiens,ENSG00000113648,tonsil,97.97,MACROH2A1:HGNC:4740,variant,98.69
MACROH2A1,human,Homo sapiens,ENSG00000113648,tonsil,98.69,MACROH2A1:HGNC:4740,variant,98.69
MACROH2A1,human,Homo sapiens,ENSG00000113648,tonsil,98.77,MACROH2A1:HGNC:4740,variant,98.69
MACROH2A1,human,Homo sapiens,ENSG00000113648,tonsil,98.6,MACROH2A1:HGNC:4740,variant,98.69
MACROH2A1,human,Homo sapiens,ENSG00000113648,connective tissue,96.64,MACROH2A1:HGNC:4740,variant,96.64
MACROH2A1,human,Homo sapiens,ENSG00000113648,muscle tissue,93.24,MACROH2A1:HGNC:4740,variant,93.24
MACROH2A1,human,Homo sapiens,ENSG00000113648,parietal pleura,97.9,MACROH2A1:HGNC:4740,variant,97.51
MACROH2A1,human,Homo sapiens,ENSG00000113648,parietal pleura,97.92,MACROH2A1:HGNC:4740,variant,97.51
MACROH2A1,human,Homo sapiens,ENSG00000113648,parietal pleura,96.76,MACROH2A1:HGNC:4740,variant,97.51
MACROH2A1,human,Homo sapiens,ENSG00000113648,parietal pleura,97.46,MACROH2A1:HGNC:4740,variant,97.51
MACROH2A1,human,Homo sapiens,ENSG00000113648,visceral pleura,99.24,MACROH2A1:HGNC:4740,variant,98.0175
MACROH2A1,human,Homo sapiens,ENSG00000113648,visceral pleura,98.46,MACROH2A1:HGNC:4740,variant,98.0175
MACROH2A1,human,Homo sapiens,ENSG00000113648,visceral pleura,96.15,MACROH2A1:HGNC:4740,variant,98.0175
MACROH2A1,human,Homo sapiens,ENSG00000113648,visceral pleura,98.22,MACROH2A1:HGNC:4740,variant,98.0175
MACROH2A1,human,Homo sapiens,ENSG00000113648,pericardium,97.49,MACROH2A1:HGNC:4740,variant,97.49
MACROH2A1,human,Homo sapiens,ENSG00000113648,cartilage tissue,95.82,MACROH2A1:HGNC:4740,variant,95.82
MACROH2A1,human,Homo sapiens,ENSG00000113648,primary visual cortex,95.54,MACROH2A1:HGNC:4740,variant,95.39888888888889
MACROH2A1,human,Homo sapiens,ENSG00000113648,primary visual cortex,95.51,MACROH2A1:HGNC:4740,variant,95.39888888888889
MACROH2A1,human,Homo sapiens,ENSG00000113648,primary visual cortex,94.79,MACROH2A1:HGNC:4740,variant,95.39888888888889
MACROH2A1,human,Homo sapiens,ENSG00000113648,primary visual cortex,94.65,MACROH2A1:HGNC:4740,variant,95.39888888888889
MACROH2A1,human,Homo sapiens,ENSG00000113648,primary visual cortex,94.67,MACROH2A1:HGNC:4740,variant,95.39888888888889
MACROH2A1,human,Homo sapiens,ENSG00000113648,primary visual cortex,95.81,MACROH2A1:HGNC:4740,variant,95.39888888888889
MACROH2A1,human,Homo sapiens,ENSG00000113648,primary visual cortex,96.49,MACROH2A1:HGNC:4740,variant,95.39888888888889
MACROH2A1,human,Homo sapiens,ENSG00000113648,primary visual cortex,95.6,MACROH2A1:HGNC:4740,variant,95.39888888888889
MACROH2A1,human,Homo sapiens,ENSG00000113648,primary visual cortex,95.53,MACROH2A1:HGNC:4740,variant,95.39888888888889
MACROH2A1,human,Homo sapiens,ENSG00000113648,decidua,96.71,MACROH2A1:HGNC:4740,variant,96.125
MACROH2A1,human,Homo sapiens,ENSG00000113648,decidua,95.54,MACROH2A1:HGNC:4740,variant,96.125
MACROH2A1,human,Homo sapiens,ENSG00000113648,esophagus mucosa,98.69,MACROH2A1:HGNC:4740,variant,98.56181818181818
MACROH2A1,human,Homo sapiens,ENSG00000113648,esophagus mucosa,98.75,MACROH2A1:HGNC:4740,variant,98.56181818181818
MACROH2A1,human,Homo sapiens,ENSG00000113648,esophagus mucosa,98.78,MACROH2A1:HGNC:4740,variant,98.56181818181818
MACROH2A1,human,Homo sapiens,ENSG00000113648,esophagus mucosa,98.61,MACROH2A1:HGNC:4740,variant,98.56181818181818
MACROH2A1,human,Homo sapiens,ENSG00000113648,esophagus mucosa,98.63,MACROH2A1:HGNC:4740,variant,98.56181818181818
MACROH2A1,human,Homo sapiens,ENSG00000113648,esophagus mucosa,98.52,MACROH2A1:HGNC:4740,variant,98.56181818181818
MACROH2A1,human,Homo sapiens,ENSG00000113648,esophagus mucosa,98.48,MACROH2A1:HGNC:4740,variant,98.56181818181818
MACROH2A1,human,Homo sapiens,ENSG00000113648,esophagus mucosa,98.51,MACROH2A1:HGNC:4740,variant,98.56181818181818
MACROH2A1,human,Homo sapiens,ENSG00000113648,esophagus mucosa,98.48,MACROH2A1:HGNC:4740,variant,98.56181818181818
MACROH2A1,human,Homo sapiens,ENSG00000113648,esophagus mucosa,98.36,MACROH2A1:HGNC:4740,variant,98.56181818181818
MACROH2A1,human,Homo sapiens,ENSG00000113648,esophagus mucosa,98.37,MACROH2A1:HGNC:4740,variant,98.56181818181818
MACROH2A1,human,Homo sapiens,ENSG00000113648,lateral globus pallidus,98.28,MACROH2A1:HGNC:4740,variant,98.095
MACROH2A1,human,Homo sapiens,ENSG00000113648,lateral globus pallidus,97.91,MACROH2A1:HGNC:4740,variant,98.095
MACROH2A1,human,Homo sapiens,ENSG00000113648,medial globus pallidus,93.4,MACROH2A1:HGNC:4740,variant,91.94333333333334
MACROH2A1,human,Homo sapiens,ENSG00000113648,medial globus pallidus,91.17,MACROH2A1:HGNC:4740,variant,91.94333333333334
MACROH2A1,human,Homo sapiens,ENSG00000113648,medial globus pallidus,91.26,MACROH2A1:HGNC:4740,variant,91.94333333333334
MACROH2A1,human,Homo sapiens,ENSG00000113648,trabecular bone tissue,99.28,MACROH2A1:HGNC:4740,variant,99.105
MACROH2A1,human,Homo sapiens,ENSG00000113648,trabecular bone tissue,99.3,MACROH2A1:HGNC:4740,variant,99.105
MACROH2A1,human,Homo sapiens,ENSG00000113648,trabecular bone tissue,99.01,MACROH2A1:HGNC:4740,variant,99.105
MACROH2A1,human,Homo sapiens,ENSG00000113648,trabecular bone tissue,98.83,MACROH2A1:HGNC:4740,variant,99.105
MACROH2A1,human,Homo sapiens,ENSG00000113648,postcentral gyrus,96.84,MACROH2A1:HGNC:4740,variant,96.91266666666667
MACROH2A1,human,Homo sapiens,ENSG00000113648,postcentral gyrus,96.77,MACROH2A1:HGNC:4740,variant,96.91266666666667
MACROH2A1,human,Homo sapiens,ENSG00000113648,postcentral gyrus,96.8,MACROH2A1:HGNC:4740,variant,96.91266666666667
MACROH2A1,human,Homo sapiens,ENSG00000113648,postcentral gyrus,97.22,MACROH2A1:HGNC:4740,variant,96.91266666666667
MACROH2A1,human,Homo sapiens,ENSG00000113648,postcentral gyrus,96.69,MACROH2A1:HGNC:4740,variant,96.91266666666667
MACROH2A1,human,Homo sapiens,ENSG00000113648,postcentral gyrus,96.73,MACROH2A1:HGNC:4740,variant,96.91266666666667
MACROH2A1,human,Homo sapiens,ENSG00000113648,postcentral gyrus,96.94,MACROH2A1:HGNC:4740,variant,96.91266666666667
MACROH2A1,human,Homo sapiens,ENSG00000113648,postcentral gyrus,97.13,MACROH2A1:HGNC:4740,variant,96.91266666666667
MACROH2A1,human,Homo sapiens,ENSG00000113648,postcentral gyrus,96.47,MACROH2A1:HGNC:4740,variant,96.91266666666667
MACROH2A1,human,Homo sapiens,ENSG00000113648,postcentral gyrus,97.0,MACROH2A1:HGNC:4740,variant,96.91266666666667
MACROH2A1,human,Homo sapiens,ENSG00000113648,postcentral gyrus,97.06,MACROH2A1:HGNC:4740,variant,96.91266666666667
MACROH2A1,human,Homo sapiens,ENSG00000113648,postcentral gyrus,96.74,MACROH2A1:HGNC:4740,variant,96.91266666666667
MACROH2A1,human,Homo sapiens,ENSG00000113648,postcentral gyrus,97.08,MACROH2A1:HGNC:4740,variant,96.91266666666667
MACROH2A1,human,Homo sapiens,ENSG00000113648,postcentral gyrus,97.02,MACROH2A1:HGNC:4740,variant,96.91266666666667
MACROH2A1,human,Homo sapiens,ENSG00000113648,postcentral gyrus,97.2,MACROH2A1:HGNC:4740,variant,96.91266666666667
MACROH2A1,human,Homo sapiens,ENSG00000113648,superior frontal gyrus,96.74,MACROH2A1:HGNC:4740,variant,96.348
MACROH2A1,human,Homo sapiens,ENSG00000113648,superior frontal gyrus,96.67,MACROH2A1:HGNC:4740,variant,96.348
MACROH2A1,human,Homo sapiens,ENSG00000113648,superior frontal gyrus,96.6,MACROH2A1:HGNC:4740,variant,96.348
MACROH2A1,human,Homo sapiens,ENSG00000113648,superior frontal gyrus,97.02,MACROH2A1:HGNC:4740,variant,96.348
MACROH2A1,human,Homo sapiens,ENSG00000113648,superior frontal gyrus,96.83,MACROH2A1:HGNC:4740,variant,96.348
MACROH2A1,human,Homo sapiens,ENSG00000113648,superior frontal gyrus,96.91,MACROH2A1:HGNC:4740,variant,96.348
MACROH2A1,human,Homo sapiens,ENSG00000113648,superior frontal gyrus,91.71,MACROH2A1:HGNC:4740,variant,96.348
MACROH2A1,human,Homo sapiens,ENSG00000113648,superior frontal gyrus,96.77,MACROH2A1:HGNC:4740,variant,96.348
MACROH2A1,human,Homo sapiens,ENSG00000113648,superior frontal gyrus,97.06,MACROH2A1:HGNC:4740,variant,96.348
MACROH2A1,human,Homo sapiens,ENSG00000113648,superior frontal gyrus,96.98,MACROH2A1:HGNC:4740,variant,96.348
MACROH2A1,human,Homo sapiens,ENSG00000113648,superior frontal gyrus,98.29,MACROH2A1:HGNC:4740,variant,96.348
MACROH2A1,human,Homo sapiens,ENSG00000113648,superior frontal gyrus,97.43,MACROH2A1:HGNC:4740,variant,96.348
MACROH2A1,human,Homo sapiens,ENSG00000113648,superior frontal gyrus,96.9,MACROH2A1:HGNC:4740,variant,96.348
MACROH2A1,human,Homo sapiens,ENSG00000113648,superior frontal gyrus,95.24,MACROH2A1:HGNC:4740,variant,96.348
MACROH2A1,human,Homo sapiens,ENSG00000113648,superior frontal gyrus,96.79,MACROH2A1:HGNC:4740,variant,96.348
MACROH2A1,human,Homo sapiens,ENSG00000113648,superior frontal gyrus,96.76,MACROH2A1:HGNC:4740,variant,96.348
MACROH2A1,human,Homo sapiens,ENSG00000113648,superior frontal gyrus,97.15,MACROH2A1:HGNC:4740,variant,96.348
MACROH2A1,human,Homo sapiens,ENSG00000113648,superior frontal gyrus,95.23,MACROH2A1:HGNC:4740,variant,96.348
MACROH2A1,human,Homo sapiens,ENSG00000113648,superior frontal gyrus,97.13,MACROH2A1:HGNC:4740,variant,96.348
MACROH2A1,human,Homo sapiens,ENSG00000113648,superior frontal gyrus,97.16,MACROH2A1:HGNC:4740,variant,96.348
MACROH2A1,human,Homo sapiens,ENSG00000113648,superior frontal gyrus,95.94,MACROH2A1:HGNC:4740,variant,96.348
MACROH2A1,human,Homo sapiens,ENSG00000113648,superior frontal gyrus,95.38,MACROH2A1:HGNC:4740,variant,96.348
MACROH2A1,human,Homo sapiens,ENSG00000113648,superior frontal gyrus,96.73,MACROH2A1:HGNC:4740,variant,96.348
MACROH2A1,human,Homo sapiens,ENSG00000113648,superior frontal gyrus,95.93,MACROH2A1:HGNC:4740,variant,96.348
MACROH2A1,human,Homo sapiens,ENSG00000113648,superior frontal gyrus,93.35,MACROH2A1:HGNC:4740,variant,96.348
MACROH2A1,human,Homo sapiens,ENSG00000113648,ventral tegmental area,96.39,MACROH2A1:HGNC:4740,variant,97.02
MACROH2A1,human,Homo sapiens,ENSG00000113648,ventral tegmental area,96.82,MACROH2A1:HGNC:4740,variant,97.02
MACROH2A1,human,Homo sapiens,ENSG00000113648,ventral tegmental area,96.84,MACROH2A1:HGNC:4740,variant,97.02
MACROH2A1,human,Homo sapiens,ENSG00000113648,ventral tegmental area,97.27,MACROH2A1:HGNC:4740,variant,97.02
MACROH2A1,human,Homo sapiens,ENSG00000113648,ventral tegmental area,97.57,MACROH2A1:HGNC:4740,variant,97.02
MACROH2A1,human,Homo sapiens,ENSG00000113648,ventral tegmental area,97.23,MACROH2A1:HGNC:4740,variant,97.02
MACROH2A1,human,Homo sapiens,ENSG00000113648,middle frontal gyrus,94.04,MACROH2A1:HGNC:4740,variant,94.04
MACROH2A1,human,Homo sapiens,ENSG00000113648,entorhinal cortex,96.85,MACROH2A1:HGNC:4740,variant,96.8547619047619
MACROH2A1,human,Homo sapiens,ENSG00000113648,entorhinal cortex,96.79,MACROH2A1:HGNC:4740,variant,96.8547619047619
MACROH2A1,human,Homo sapiens,ENSG00000113648,entorhinal cortex,96.78,MACROH2A1:HGNC:4740,variant,96.8547619047619
MACROH2A1,human,Homo sapiens,ENSG00000113648,entorhinal cortex,96.8,MACROH2A1:HGNC:4740,variant,96.8547619047619
MACROH2A1,human,Homo sapiens,ENSG00000113648,entorhinal cortex,96.62,MACROH2A1:HGNC:4740,variant,96.8547619047619
MACROH2A1,human,Homo sapiens,ENSG00000113648,entorhinal cortex,97.1,MACROH2A1:HGNC:4740,variant,96.8547619047619
MACROH2A1,human,Homo sapiens,ENSG00000113648,entorhinal cortex,97.03,MACROH2A1:HGNC:4740,variant,96.8547619047619
MACROH2A1,human,Homo sapiens,ENSG00000113648,entorhinal cortex,96.95,MACROH2A1:HGNC:4740,variant,96.8547619047619
MACROH2A1,human,Homo sapiens,ENSG00000113648,entorhinal cortex,98.01,MACROH2A1:HGNC:4740,variant,96.8547619047619
MACROH2A1,human,Homo sapiens,ENSG00000113648,entorhinal cortex,97.25,MACROH2A1:HGNC:4740,variant,96.8547619047619
MACROH2A1,human,Homo sapiens,ENSG00000113648,entorhinal cortex,97.25,MACROH2A1:HGNC:4740,variant,96.8547619047619
MACROH2A1,human,Homo sapiens,ENSG00000113648,entorhinal cortex,96.77,MACROH2A1:HGNC:4740,variant,96.8547619047619
MACROH2A1,human,Homo sapiens,ENSG00000113648,entorhinal cortex,96.81,MACROH2A1:HGNC:4740,variant,96.8547619047619
MACROH2A1,human,Homo sapiens,ENSG00000113648,entorhinal cortex,95.44,MACROH2A1:HGNC:4740,variant,96.8547619047619
MACROH2A1,human,Homo sapiens,ENSG00000113648,entorhinal cortex,96.12,MACROH2A1:HGNC:4740,variant,96.8547619047619
MACROH2A1,human,Homo sapiens,ENSG00000113648,entorhinal cortex,96.47,MACROH2A1:HGNC:4740,variant,96.8547619047619
MACROH2A1,human,Homo sapiens,ENSG00000113648,entorhinal cortex,96.72,MACROH2A1:HGNC:4740,variant,96.8547619047619
MACROH2A1,human,Homo sapiens,ENSG00000113648,entorhinal cortex,96.87,MACROH2A1:HGNC:4740,variant,96.8547619047619
MACROH2A1,human,Homo sapiens,ENSG00000113648,entorhinal cortex,97.35,MACROH2A1:HGNC:4740,variant,96.8547619047619
MACROH2A1,human,Homo sapiens,ENSG00000113648,entorhinal cortex,97.29,MACROH2A1:HGNC:4740,variant,96.8547619047619
MACROH2A1,human,Homo sapiens,ENSG00000113648,entorhinal cortex,96.68,MACROH2A1:HGNC:4740,variant,96.8547619047619
MACROH2A1,human,Homo sapiens,ENSG00000113648,lateral nuclear group of thalamus,98.1,MACROH2A1:HGNC:4740,variant,98.10499999999999
MACROH2A1,human,Homo sapiens,ENSG00000113648,lateral nuclear group of thalamus,98.11,MACROH2A1:HGNC:4740,variant,98.10499999999999
MACROH2A1,human,Homo sapiens,ENSG00000113648,middle temporal gyrus,97.21,MACROH2A1:HGNC:4740,variant,97.662
MACROH2A1,human,Homo sapiens,ENSG00000113648,middle temporal gyrus,98.13,MACROH2A1:HGNC:4740,variant,97.662
MACROH2A1,human,Homo sapiens,ENSG00000113648,middle temporal gyrus,97.5,MACROH2A1:HGNC:4740,variant,97.662
MACROH2A1,human,Homo sapiens,ENSG00000113648,middle temporal gyrus,97.54,MACROH2A1:HGNC:4740,variant,97.662
MACROH2A1,human,Homo sapiens,ENSG00000113648,middle temporal gyrus,97.93,MACROH2A1:HGNC:4740,variant,97.662
MACROH2A1,human,Homo sapiens,ENSG00000113648,frontal pole,94.5,MACROH2A1:HGNC:4740,variant,94.66499999999999
MACROH2A1,human,Homo sapiens,ENSG00000113648,frontal pole,94.83,MACROH2A1:HGNC:4740,variant,94.66499999999999
MACROH2A1,human,Homo sapiens,ENSG00000113648,right frontal lobe,95.55,MACROH2A1:HGNC:4740,variant,95.52444444444444
MACROH2A1,human,Homo sapiens,ENSG00000113648,right frontal lobe,95.44,MACROH2A1:HGNC:4740,variant,95.52444444444444
MACROH2A1,human,Homo sapiens,ENSG00000113648,right frontal lobe,95.71,MACROH2A1:HGNC:4740,variant,95.52444444444444
MACROH2A1,human,Homo sapiens,ENSG00000113648,right frontal lobe,94.9,MACROH2A1:HGNC:4740,variant,95.52444444444444
MACROH2A1,human,Homo sapiens,ENSG00000113648,right frontal lobe,95.49,MACROH2A1:HGNC:4740,variant,95.52444444444444
MACROH2A1,human,Homo sapiens,ENSG00000113648,right frontal lobe,95.92,MACROH2A1:HGNC:4740,variant,95.52444444444444
MACROH2A1,human,Homo sapiens,ENSG00000113648,right frontal lobe,95.52,MACROH2A1:HGNC:4740,variant,95.52444444444444
MACROH2A1,human,Homo sapiens,ENSG00000113648,right frontal lobe,95.47,MACROH2A1:HGNC:4740,variant,95.52444444444444
MACROH2A1,human,Homo sapiens,ENSG00000113648,right frontal lobe,95.72,MACROH2A1:HGNC:4740,variant,95.52444444444444
MACROH2A1,human,Homo sapiens,ENSG00000113648,dorsal motor nucleus of vagus nerve,89.46,MACROH2A1:HGNC:4740,variant,92.31
MACROH2A1,human,Homo sapiens,ENSG00000113648,dorsal motor nucleus of vagus nerve,95.16,MACROH2A1:HGNC:4740,variant,92.31
MACROH2A1,human,Homo sapiens,ENSG00000113648,cingulate cortex,92.87,MACROH2A1:HGNC:4740,variant,92.87
MACROH2A1,human,Homo sapiens,ENSG00000113648,ventricular zone,98.74,MACROH2A1:HGNC:4740,variant,98.815
MACROH2A1,human,Homo sapiens,ENSG00000113648,ventricular zone,98.89,MACROH2A1:HGNC:4740,variant,98.815
MACROH2A1,human,Homo sapiens,ENSG00000113648,trachea,98.17,MACROH2A1:HGNC:4740,variant,97.94
MACROH2A1,human,Homo sapiens,ENSG00000113648,trachea,97.75,MACROH2A1:HGNC:4740,variant,97.94
MACROH2A1,human,Homo sapiens,ENSG00000113648,trachea,97.9,MACROH2A1:HGNC:4740,variant,97.94
MACROH2A1,human,Homo sapiens,ENSG00000113648,epithelium of mammary gland,96.59,MACROH2A1:HGNC:4740,variant,97.10571428571428
MACROH2A1,human,Homo sapiens,ENSG00000113648,epithelium of mammary gland,96.56,MACROH2A1:HGNC:4740,variant,97.10571428571428
MACROH2A1,human,Homo sapiens,ENSG00000113648,epithelium of mammary gland,97.48,MACROH2A1:HGNC:4740,variant,97.10571428571428
MACROH2A1,human,Homo sapiens,ENSG00000113648,epithelium of mammary gland,96.84,MACROH2A1:HGNC:4740,variant,97.10571428571428
MACROH2A1,human,Homo sapiens,ENSG00000113648,epithelium of mammary gland,97.3,MACROH2A1:HGNC:4740,variant,97.10571428571428
MACROH2A1,human,Homo sapiens,ENSG00000113648,epithelium of mammary gland,97.91,MACROH2A1:HGNC:4740,variant,97.10571428571428
MACROH2A1,human,Homo sapiens,ENSG00000113648,epithelium of mammary gland,97.06,MACROH2A1:HGNC:4740,variant,97.10571428571428
MACROH2A1,human,Homo sapiens,ENSG00000113648,cardiac muscle of right atrium,84.66,MACROH2A1:HGNC:4740,variant,85.32625
MACROH2A1,human,Homo sapiens,ENSG00000113648,cardiac muscle of right atrium,85.33,MACROH2A1:HGNC:4740,variant,85.32625
MACROH2A1,human,Homo sapiens,ENSG00000113648,cardiac muscle of right atrium,85.82,MACROH2A1:HGNC:4740,variant,85.32625
MACROH2A1,human,Homo sapiens,ENSG00000113648,cardiac muscle of right atrium,84.73,MACROH2A1:HGNC:4740,variant,85.32625
MACROH2A1,human,Homo sapiens,ENSG00000113648,cardiac muscle of right atrium,86.33,MACROH2A1:HGNC:4740,variant,85.32625
MACROH2A1,human,Homo sapiens,ENSG00000113648,cardiac muscle of right atrium,85.33,MACROH2A1:HGNC:4740,variant,85.32625
MACROH2A1,human,Homo sapiens,ENSG00000113648,cardiac muscle of right atrium,85.23,MACROH2A1:HGNC:4740,variant,85.32625
MACROH2A1,human,Homo sapiens,ENSG00000113648,cardiac muscle of right atrium,85.18,MACROH2A1:HGNC:4740,variant,85.32625
MACROH2A1,human,Homo sapiens,ENSG00000113648,small intestine Peyer's patch,98.16,MACROH2A1:HGNC:4740,variant,97.88636363636364
MACROH2A1,human,Homo sapiens,ENSG00000113648,small intestine Peyer's patch,98.46,MACROH2A1:HGNC:4740,variant,97.88636363636364
MACROH2A1,human,Homo sapiens,ENSG00000113648,small intestine Peyer's patch,98.68,MACROH2A1:HGNC:4740,variant,97.88636363636364
MACROH2A1,human,Homo sapiens,ENSG00000113648,small intestine Peyer's patch,98.0,MACROH2A1:HGNC:4740,variant,97.88636363636364
MACROH2A1,human,Homo sapiens,ENSG00000113648,small intestine Peyer's patch,97.59,MACROH2A1:HGNC:4740,variant,97.88636363636364
MACROH2A1,human,Homo sapiens,ENSG00000113648,small intestine Peyer's patch,97.99,MACROH2A1:HGNC:4740,variant,97.88636363636364
MACROH2A1,human,Homo sapiens,ENSG00000113648,small intestine Peyer's patch,97.84,MACROH2A1:HGNC:4740,variant,97.88636363636364
MACROH2A1,human,Homo sapiens,ENSG00000113648,small intestine Peyer's patch,97.69,MACROH2A1:HGNC:4740,variant,97.88636363636364
MACROH2A1,human,Homo sapiens,ENSG00000113648,small intestine Peyer's patch,97.68,MACROH2A1:HGNC:4740,variant,97.88636363636364
MACROH2A1,human,Homo sapiens,ENSG00000113648,small intestine Peyer's patch,98.06,MACROH2A1:HGNC:4740,variant,97.88636363636364
MACROH2A1,human,Homo sapiens,ENSG00000113648,small intestine Peyer's patch,96.6,MACROH2A1:HGNC:4740,variant,97.88636363636364
MACROH2A1,human,Homo sapiens,ENSG00000113648,calcaneal tendon,91.23,MACROH2A1:HGNC:4740,variant,92.676
MACROH2A1,human,Homo sapiens,ENSG00000113648,calcaneal tendon,91.69,MACROH2A1:HGNC:4740,variant,92.676
MACROH2A1,human,Homo sapiens,ENSG00000113648,calcaneal tendon,92.69,MACROH2A1:HGNC:4740,variant,92.676
MACROH2A1,human,Homo sapiens,ENSG00000113648,calcaneal tendon,93.47,MACROH2A1:HGNC:4740,variant,92.676
MACROH2A1,human,Homo sapiens,ENSG00000113648,calcaneal tendon,94.3,MACROH2A1:HGNC:4740,variant,92.676
MACROH2A1,human,Homo sapiens,ENSG00000113648,mouth mucosa,98.11,MACROH2A1:HGNC:4740,variant,97.71
MACROH2A1,human,Homo sapiens,ENSG00000113648,mouth mucosa,97.88,MACROH2A1:HGNC:4740,variant,97.71
MACROH2A1,human,Homo sapiens,ENSG00000113648,mouth mucosa,97.28,MACROH2A1:HGNC:4740,variant,97.71
MACROH2A1,human,Homo sapiens,ENSG00000113648,mouth mucosa,97.57,MACROH2A1:HGNC:4740,variant,97.71
MACROH2A1,human,Homo sapiens,ENSG00000113648,CA1 field of hippocampus,92.94,MACROH2A1:HGNC:4740,variant,93.03999999999999
MACROH2A1,human,Homo sapiens,ENSG00000113648,CA1 field of hippocampus,92.82,MACROH2A1:HGNC:4740,variant,93.03999999999999
MACROH2A1,human,Homo sapiens,ENSG00000113648,CA1 field of hippocampus,94.06,MACROH2A1:HGNC:4740,variant,93.03999999999999
MACROH2A1,human,Homo sapiens,ENSG00000113648,CA1 field of hippocampus,92.34,MACROH2A1:HGNC:4740,variant,93.03999999999999
MACROH2A1,human,Homo sapiens,ENSG00000113648,fallopian tube,97.95,MACROH2A1:HGNC:4740,variant,97.995
MACROH2A1,human,Homo sapiens,ENSG00000113648,fallopian tube,98.04,MACROH2A1:HGNC:4740,variant,97.995
MACROH2A1,human,Homo sapiens,ENSG00000113648,choroid plexus epithelium,97.63,MACROH2A1:HGNC:4740,variant,97.63
MACROH2A1,human,Homo sapiens,ENSG00000113648,ganglionic eminence,98.98,MACROH2A1:HGNC:4740,variant,99.015
MACROH2A1,human,Homo sapiens,ENSG00000113648,ganglionic eminence,99.05,MACROH2A1:HGNC:4740,variant,99.015
MACROH2A1,human,Homo sapiens,ENSG00000113648,vena cava,95.47,MACROH2A1:HGNC:4740,variant,95.47
MACROH2A1,human,Homo sapiens,ENSG00000113648,orbitofrontal cortex,94.21,MACROH2A1:HGNC:4740,variant,94.41000000000001
MACROH2A1,human,Homo sapiens,ENSG00000113648,orbitofrontal cortex,94.61,MACROH2A1:HGNC:4740,variant,94.41000000000001
MACROH2A1,human,Homo sapiens,ENSG00000113648,orbitofrontal cortex,95.08,MACROH2A1:HGNC:4740,variant,94.41000000000001
MACROH2A1,human,Homo sapiens,ENSG00000113648,orbitofrontal cortex,94.16,MACROH2A1:HGNC:4740,variant,94.41000000000001
MACROH2A1,human,Homo sapiens,ENSG00000113648,orbitofrontal cortex,94.22,MACROH2A1:HGNC:4740,variant,94.41000000000001
MACROH2A1,human,Homo sapiens,ENSG00000113648,orbitofrontal cortex,94.18,MACROH2A1:HGNC:4740,variant,94.41000000000001
MACROH2A1,human,Homo sapiens,ENSG00000113648,hindlimb stylopod muscle,95.65,MACROH2A1:HGNC:4740,variant,95.565
MACROH2A1,human,Homo sapiens,ENSG00000113648,hindlimb stylopod muscle,95.48,MACROH2A1:HGNC:4740,variant,95.565
MACROH2A1,human,Homo sapiens,ENSG00000113648,upper leg skin,98.42,MACROH2A1:HGNC:4740,variant,98.42
MACROH2A1,human,Homo sapiens,ENSG00000113648,upper arm skin,86.78,MACROH2A1:HGNC:4740,variant,86.8025
MACROH2A1,human,Homo sapiens,ENSG00000113648,upper arm skin,87.42,MACROH2A1:HGNC:4740,variant,86.8025
MACROH2A1,human,Homo sapiens,ENSG00000113648,upper arm skin,86.71,MACROH2A1:HGNC:4740,variant,86.8025
MACROH2A1,human,Homo sapiens,ENSG00000113648,upper arm skin,86.3,MACROH2A1:HGNC:4740,variant,86.8025
MACROH2A1,human,Homo sapiens,ENSG00000113648,caput epididymis,96.4,MACROH2A1:HGNC:4740,variant,96.96666666666665
MACROH2A1,human,Homo sapiens,ENSG00000113648,caput epididymis,97.13,MACROH2A1:HGNC:4740,variant,96.96666666666665
MACROH2A1,human,Homo sapiens,ENSG00000113648,caput epididymis,97.37,MACROH2A1:HGNC:4740,variant,96.96666666666665
MACROH2A1,human,Homo sapiens,ENSG00000113648,corpus epididymis,96.61,MACROH2A1:HGNC:4740,variant,96.92666666666666
MACROH2A1,human,Homo sapiens,ENSG00000113648,corpus epididymis,97.06,MACROH2A1:HGNC:4740,variant,96.92666666666666
MACROH2A1,human,Homo sapiens,ENSG00000113648,corpus epididymis,97.11,MACROH2A1:HGNC:4740,variant,96.92666666666666
MACROH2A1,human,Homo sapiens,ENSG00000113648,cauda epididymis,96.24,MACROH2A1:HGNC:4740,variant,96.58333333333333
MACROH2A1,human,Homo sapiens,ENSG00000113648,cauda epididymis,96.59,MACROH2A1:HGNC:4740,variant,96.58333333333333
MACROH2A1,human,Homo sapiens,ENSG00000113648,cauda epididymis,96.92,MACROH2A1:HGNC:4740,variant,96.58333333333333
MACROH2A1,human,Homo sapiens,ENSG00000113648,skeletal muscle tissue of biceps brachii,94.98,MACROH2A1:HGNC:4740,variant,95.15
MACROH2A1,human,Homo sapiens,ENSG00000113648,skeletal muscle tissue of biceps brachii,95.32,MACROH2A1:HGNC:4740,variant,95.15
MACROH2A1,human,Homo sapiens,ENSG00000113648,skeletal muscle tissue of rectus abdominis,96.23,MACROH2A1:HGNC:4740,variant,96.33000000000001
MACROH2A1,human,Homo sapiens,ENSG00000113648,skeletal muscle tissue of rectus abdominis,96.43,MACROH2A1:HGNC:4740,variant,96.33000000000001
MACROH2A1,human,Homo sapiens,ENSG00000113648,left testis,91.87,MACROH2A1:HGNC:4740,variant,91.625
MACROH2A1,human,Homo sapiens,ENSG00000113648,left testis,91.42,MACROH2A1:HGNC:4740,variant,91.625
MACROH2A1,human,Homo sapiens,ENSG00000113648,left testis,92.87,MACROH2A1:HGNC:4740,variant,91.625
MACROH2A1,human,Homo sapiens,ENSG00000113648,left testis,91.31,MACROH2A1:HGNC:4740,variant,91.625
MACROH2A1,human,Homo sapiens,ENSG00000113648,left testis,91.09,MACROH2A1:HGNC:4740,variant,91.625
MACROH2A1,human,Homo sapiens,ENSG00000113648,left testis,91.19,MACROH2A1:HGNC:4740,variant,91.625
MACROH2A1,human,Homo sapiens,ENSG00000113648,right testis,91.77,MACROH2A1:HGNC:4740,variant,92.772
MACROH2A1,human,Homo sapiens,ENSG00000113648,right testis,94.15,MACROH2A1:HGNC:4740,variant,92.772
MACROH2A1,human,Homo sapiens,ENSG00000113648,right testis,91.78,MACROH2A1:HGNC:4740,variant,92.772
MACROH2A1,human,Homo sapiens,ENSG00000113648,right testis,91.67,MACROH2A1:HGNC:4740,variant,92.772
MACROH2A1,human,Homo sapiens,ENSG00000113648,right testis,94.49,MACROH2A1:HGNC:4740,variant,92.772
MACROH2A1,human,Homo sapiens,ENSG00000113648,cerebellar vermis,84.8,MACROH2A1:HGNC:4740,variant,86.00666666666666
MACROH2A1,human,Homo sapiens,ENSG00000113648,cerebellar vermis,84.03,MACROH2A1:HGNC:4740,variant,86.00666666666666
MACROH2A1,human,Homo sapiens,ENSG00000113648,cerebellar vermis,89.19,MACROH2A1:HGNC:4740,variant,86.00666666666666
MACROH2A1,human,Homo sapiens,ENSG00000113648,metanephric glomerulus,89.37,MACROH2A1:HGNC:4740,variant,91.88444444444445
MACROH2A1,human,Homo sapiens,ENSG00000113648,metanephric glomerulus,91.62,MACROH2A1:HGNC:4740,variant,91.88444444444445
MACROH2A1,human,Homo sapiens,ENSG00000113648,metanephric glomerulus,90.61,MACROH2A1:HGNC:4740,variant,91.88444444444445
MACROH2A1,human,Homo sapiens,ENSG00000113648,metanephric glomerulus,91.24,MACROH2A1:HGNC:4740,variant,91.88444444444445
MACROH2A1,human,Homo sapiens,ENSG00000113648,metanephric glomerulus,93.38,MACROH2A1:HGNC:4740,variant,91.88444444444445
MACROH2A1,human,Homo sapiens,ENSG00000113648,metanephric glomerulus,93.73,MACROH2A1:HGNC:4740,variant,91.88444444444445
MACROH2A1,human,Homo sapiens,ENSG00000113648,metanephric glomerulus,90.69,MACROH2A1:HGNC:4740,variant,91.88444444444445
MACROH2A1,human,Homo sapiens,ENSG00000113648,metanephric glomerulus,93.25,MACROH2A1:HGNC:4740,variant,91.88444444444445
MACROH2A1,human,Homo sapiens,ENSG00000113648,metanephric glomerulus,93.07,MACROH2A1:HGNC:4740,variant,91.88444444444445
MACROH2A1,human,Homo sapiens,ENSG00000113648,blood vessel layer,95.47,MACROH2A1:HGNC:4740,variant,95.47
MACROH2A1,human,Homo sapiens,ENSG00000113648,cervix epithelium,98.52,MACROH2A1:HGNC:4740,variant,98.09833333333334
MACROH2A1,human,Homo sapiens,ENSG00000113648,cervix epithelium,97.85,MACROH2A1:HGNC:4740,variant,98.09833333333334
MACROH2A1,human,Homo sapiens,ENSG00000113648,cervix epithelium,98.15,MACROH2A1:HGNC:4740,variant,98.09833333333334
MACROH2A1,human,Homo sapiens,ENSG00000113648,cervix epithelium,98.22,MACROH2A1:HGNC:4740,variant,98.09833333333334
MACROH2A1,human,Homo sapiens,ENSG00000113648,cervix epithelium,98.12,MACROH2A1:HGNC:4740,variant,98.09833333333334
MACROH2A1,human,Homo sapiens,ENSG00000113648,cervix epithelium,97.73,MACROH2A1:HGNC:4740,variant,98.09833333333334
MACROH2A1,human,Homo sapiens,ENSG00000113648,oviduct epithelium,98.45,MACROH2A1:HGNC:4740,variant,98.67666666666666
MACROH2A1,human,Homo sapiens,ENSG00000113648,oviduct epithelium,98.98,MACROH2A1:HGNC:4740,variant,98.67666666666666
MACROH2A1,human,Homo sapiens,ENSG00000113648,oviduct epithelium,98.6,MACROH2A1:HGNC:4740,variant,98.67666666666666
MACROH2A1,human,Homo sapiens,ENSG00000113648,endometrium epithelium,98.44,MACROH2A1:HGNC:4740,variant,98.44
MACROH2A1,human,Homo sapiens,ENSG00000113648,kidney epithelium,92.2,MACROH2A1:HGNC:4740,variant,92.2
MACROH2A1,human,Homo sapiens,ENSG00000113648,mucosa of transverse colon,98.27,MACROH2A1:HGNC:4740,variant,98.27
MACROH2A1,human,Homo sapiens,ENSG00000113648,mucosa of sigmoid colon,98.82,MACROH2A1:HGNC:4740,variant,98.82
MACROH2A1,human,Homo sapiens,ENSG00000113648,mucosa of paranasal sinus,98.18,MACROH2A1:HGNC:4740,variant,98.18
MACROH2A1,human,Homo sapiens,ENSG00000113648,thoracic mammary gland,96.44,MACROH2A1:HGNC:4740,variant,96.82
MACROH2A1,human,Homo sapiens,ENSG00000113648,thoracic mammary gland,97.05,MACROH2A1:HGNC:4740,variant,96.82
MACROH2A1,human,Homo sapiens,ENSG00000113648,thoracic mammary gland,96.83,MACROH2A1:HGNC:4740,variant,96.82
MACROH2A1,human,Homo sapiens,ENSG00000113648,thoracic mammary gland,97.06,MACROH2A1:HGNC:4740,variant,96.82
MACROH2A1,human,Homo sapiens,ENSG00000113648,thoracic mammary gland,96.91,MACROH2A1:HGNC:4740,variant,96.82
MACROH2A1,human,Homo sapiens,ENSG00000113648,thoracic mammary gland,96.76,MACROH2A1:HGNC:4740,variant,96.82
MACROH2A1,human,Homo sapiens,ENSG00000113648,thoracic mammary gland,95.68,MACROH2A1:HGNC:4740,variant,96.82
MACROH2A1,human,Homo sapiens,ENSG00000113648,thoracic mammary gland,97.26,MACROH2A1:HGNC:4740,variant,96.82
MACROH2A1,human,Homo sapiens,ENSG00000113648,thoracic mammary gland,96.82,MACROH2A1:HGNC:4740,variant,96.82
MACROH2A1,human,Homo sapiens,ENSG00000113648,thoracic mammary gland,96.96,MACROH2A1:HGNC:4740,variant,96.82
MACROH2A1,human,Homo sapiens,ENSG00000113648,thoracic mammary gland,96.33,MACROH2A1:HGNC:4740,variant,96.82
MACROH2A1,human,Homo sapiens,ENSG00000113648,thoracic mammary gland,96.63,MACROH2A1:HGNC:4740,variant,96.82
MACROH2A1,human,Homo sapiens,ENSG00000113648,thoracic mammary gland,97.21,MACROH2A1:HGNC:4740,variant,96.82
MACROH2A1,human,Homo sapiens,ENSG00000113648,thoracic mammary gland,97.25,MACROH2A1:HGNC:4740,variant,96.82
MACROH2A1,human,Homo sapiens,ENSG00000113648,thoracic mammary gland,97.11,MACROH2A1:HGNC:4740,variant,96.82
MACROH2A1,human,Homo sapiens,ENSG00000113648,cortical plate,97.88,MACROH2A1:HGNC:4740,variant,97.725
MACROH2A1,human,Homo sapiens,ENSG00000113648,cortical plate,97.57,MACROH2A1:HGNC:4740,variant,97.725
MACROH2A1,human,Homo sapiens,ENSG00000113648,paraflocculus,97.31,MACROH2A1:HGNC:4740,variant,96.89500000000001
MACROH2A1,human,Homo sapiens,ENSG00000113648,paraflocculus,96.48,MACROH2A1:HGNC:4740,variant,96.89500000000001
MACROH2A1,human,Homo sapiens,ENSG00000113648,inferior vagus X ganglion,96.84,MACROH2A1:HGNC:4740,variant,96.37666666666667
MACROH2A1,human,Homo sapiens,ENSG00000113648,inferior vagus X ganglion,96.64,MACROH2A1:HGNC:4740,variant,96.37666666666667
MACROH2A1,human,Homo sapiens,ENSG00000113648,inferior vagus X ganglion,96.12,MACROH2A1:HGNC:4740,variant,96.37666666666667
MACROH2A1,human,Homo sapiens,ENSG00000113648,inferior vagus X ganglion,96.52,MACROH2A1:HGNC:4740,variant,96.37666666666667
MACROH2A1,human,Homo sapiens,ENSG00000113648,inferior vagus X ganglion,96.81,MACROH2A1:HGNC:4740,variant,96.37666666666667
MACROH2A1,human,Homo sapiens,ENSG00000113648,inferior vagus X ganglion,95.33,MACROH2A1:HGNC:4740,variant,96.37666666666667
MACROH2A1,human,Homo sapiens,ENSG00000113648,nasal cavity epithelium,98.53,MACROH2A1:HGNC:4740,variant,97.63
MACROH2A1,human,Homo sapiens,ENSG00000113648,nasal cavity epithelium,98.92,MACROH2A1:HGNC:4740,variant,97.63
MACROH2A1,human,Homo sapiens,ENSG00000113648,nasal cavity epithelium,98.73,MACROH2A1:HGNC:4740,variant,97.63
MACROH2A1,human,Homo sapiens,ENSG00000113648,nasal cavity epithelium,96.9,MACROH2A1:HGNC:4740,variant,97.63
MACROH2A1,human,Homo sapiens,ENSG00000113648,nasal cavity epithelium,94.86,MACROH2A1:HGNC:4740,variant,97.63
MACROH2A1,human,Homo sapiens,ENSG00000113648,nasal cavity epithelium,97.02,MACROH2A1:HGNC:4740,variant,97.63
MACROH2A1,human,Homo sapiens,ENSG00000113648,nasal cavity epithelium,98.45,MACROH2A1:HGNC:4740,variant,97.63
MACROH2A1,human,Homo sapiens,ENSG00000113648,olfactory segment of nasal mucosa,97.76,MACROH2A1:HGNC:4740,variant,97.76
MACROH2A1,human,Homo sapiens,ENSG00000113648,C1 segment of cervical spinal cord,95.37,MACROH2A1:HGNC:4740,variant,95.86777777777777
MACROH2A1,human,Homo sapiens,ENSG00000113648,C1 segment of cervical spinal cord,95.58,MACROH2A1:HGNC:4740,variant,95.86777777777777
MACROH2A1,human,Homo sapiens,ENSG00000113648,C1 segment of cervical spinal cord,95.67,MACROH2A1:HGNC:4740,variant,95.86777777777777
MACROH2A1,human,Homo sapiens,ENSG00000113648,C1 segment of cervical spinal cord,96.85,MACROH2A1:HGNC:4740,variant,95.86777777777777
MACROH2A1,human,Homo sapiens,ENSG00000113648,C1 segment of cervical spinal cord,95.72,MACROH2A1:HGNC:4740,variant,95.86777777777777
MACROH2A1,human,Homo sapiens,ENSG00000113648,C1 segment of cervical spinal cord,95.52,MACROH2A1:HGNC:4740,variant,95.86777777777777
MACROH2A1,human,Homo sapiens,ENSG00000113648,C1 segment of cervical spinal cord,96.49,MACROH2A1:HGNC:4740,variant,95.86777777777777
MACROH2A1,human,Homo sapiens,ENSG00000113648,C1 segment of cervical spinal cord,96.23,MACROH2A1:HGNC:4740,variant,95.86777777777777
MACROH2A1,human,Homo sapiens,ENSG00000113648,C1 segment of cervical spinal cord,95.38,MACROH2A1:HGNC:4740,variant,95.86777777777777
MACROH2A1,human,Homo sapiens,ENSG00000113648,Brodmann (1909) area 46,96.11,MACROH2A1:HGNC:4740,variant,95.86
MACROH2A1,human,Homo sapiens,ENSG00000113648,Brodmann (1909) area 46,96.77,MACROH2A1:HGNC:4740,variant,95.86
MACROH2A1,human,Homo sapiens,ENSG00000113648,Brodmann (1909) area 46,96.17,MACROH2A1:HGNC:4740,variant,95.86
MACROH2A1,human,Homo sapiens,ENSG00000113648,Brodmann (1909) area 46,96.34,MACROH2A1:HGNC:4740,variant,95.86
MACROH2A1,human,Homo sapiens,ENSG00000113648,Brodmann (1909) area 46,93.91,MACROH2A1:HGNC:4740,variant,95.86
MACROH2A1,human,Homo sapiens,ENSG00000113648,left ventricle myocardium,84.04,MACROH2A1:HGNC:4740,variant,83.5025
MACROH2A1,human,Homo sapiens,ENSG00000113648,left ventricle myocardium,84.7,MACROH2A1:HGNC:4740,variant,83.5025
MACROH2A1,human,Homo sapiens,ENSG00000113648,left ventricle myocardium,80.61,MACROH2A1:HGNC:4740,variant,83.5025
MACROH2A1,human,Homo sapiens,ENSG00000113648,left ventricle myocardium,84.66,MACROH2A1:HGNC:4740,variant,83.5025
MACROH2A1,human,Homo sapiens,ENSG00000113648,right atrium auricular region,97.55,MACROH2A1:HGNC:4740,variant,97.3509090909091
MACROH2A1,human,Homo sapiens,ENSG00000113648,right atrium auricular region,97.52,MACROH2A1:HGNC:4740,variant,97.3509090909091
MACROH2A1,human,Homo sapiens,ENSG00000113648,right atrium auricular region,97.52,MACROH2A1:HGNC:4740,variant,97.3509090909091
MACROH2A1,human,Homo sapiens,ENSG00000113648,right atrium auricular region,97.12,MACROH2A1:HGNC:4740,variant,97.3509090909091
MACROH2A1,human,Homo sapiens,ENSG00000113648,right atrium auricular region,97.14,MACROH2A1:HGNC:4740,variant,97.3509090909091
MACROH2A1,human,Homo sapiens,ENSG00000113648,right atrium auricular region,97.01,MACROH2A1:HGNC:4740,variant,97.3509090909091
MACROH2A1,human,Homo sapiens,ENSG00000113648,right atrium auricular region,97.54,MACROH2A1:HGNC:4740,variant,97.3509090909091
MACROH2A1,human,Homo sapiens,ENSG00000113648,right atrium auricular region,97.18,MACROH2A1:HGNC:4740,variant,97.3509090909091
MACROH2A1,human,Homo sapiens,ENSG00000113648,right atrium auricular region,97.57,MACROH2A1:HGNC:4740,variant,97.3509090909091
MACROH2A1,human,Homo sapiens,ENSG00000113648,right atrium auricular region,97.23,MACROH2A1:HGNC:4740,variant,97.3509090909091
MACROH2A1,human,Homo sapiens,ENSG00000113648,right atrium auricular region,97.48,MACROH2A1:HGNC:4740,variant,97.3509090909091
MACROH2A1,human,Homo sapiens,ENSG00000113648,squamous epithelium,98.96,MACROH2A1:HGNC:4740,variant,98.83999999999999
MACROH2A1,human,Homo sapiens,ENSG00000113648,squamous epithelium,98.73,MACROH2A1:HGNC:4740,variant,98.83999999999999
MACROH2A1,human,Homo sapiens,ENSG00000113648,squamous epithelium,98.83,MACROH2A1:HGNC:4740,variant,98.83999999999999
MACROH2A1,human,Homo sapiens,ENSG00000113648,tongue squamous epithelium,99.23,MACROH2A1:HGNC:4740,variant,99.23
MACROH2A1,human,Homo sapiens,ENSG00000113648,esophagus squamous epithelium,99.06,MACROH2A1:HGNC:4740,variant,99.06
MACROH2A1,human,Homo sapiens,ENSG00000113648,cervix squamous epithelium,97.39,MACROH2A1:HGNC:4740,variant,97.39
MACROH2A1,human,Homo sapiens,ENSG00000113648,adult organism,97.74,MACROH2A1:HGNC:4740,variant,97.74
MACROH2A1,human,Homo sapiens,ENSG00000113648,superior vestibular nucleus,97.33,MACROH2A1:HGNC:4740,variant,97.202
MACROH2A1,human,Homo sapiens,ENSG00000113648,superior vestibular nucleus,96.96,MACROH2A1:HGNC:4740,variant,97.202
MACROH2A1,human,Homo sapiens,ENSG00000113648,superior vestibular nucleus,97.3,MACROH2A1:HGNC:4740,variant,97.202
MACROH2A1,human,Homo sapiens,ENSG00000113648,superior vestibular nucleus,96.79,MACROH2A1:HGNC:4740,variant,97.202
MACROH2A1,human,Homo sapiens,ENSG00000113648,superior vestibular nucleus,97.63,MACROH2A1:HGNC:4740,variant,97.202
MACROH2A1,human,Homo sapiens,ENSG00000113648,saphenous vein,97.24,MACROH2A1:HGNC:4740,variant,95.69333333333333
MACROH2A1,human,Homo sapiens,ENSG00000113648,saphenous vein,95.44,MACROH2A1:HGNC:4740,variant,95.69333333333333
MACROH2A1,human,Homo sapiens,ENSG00000113648,saphenous vein,94.4,MACROH2A1:HGNC:4740,variant,95.69333333333333
MACROH2A1,human,Homo sapiens,ENSG00000113648,superior surface of tongue,98.5,MACROH2A1:HGNC:4740,variant,98.42666666666666
MACROH2A1,human,Homo sapiens,ENSG00000113648,superior surface of tongue,98.87,MACROH2A1:HGNC:4740,variant,98.42666666666666
MACROH2A1,human,Homo sapiens,ENSG00000113648,superior surface of tongue,97.91,MACROH2A1:HGNC:4740,variant,98.42666666666666
MACROH2A1,human,Homo sapiens,ENSG00000113648,tibial artery,96.09,MACROH2A1:HGNC:4740,variant,96.11272727272727
MACROH2A1,human,Homo sapiens,ENSG00000113648,tibial artery,96.34,MACROH2A1:HGNC:4740,variant,96.11272727272727
MACROH2A1,human,Homo sapiens,ENSG00000113648,tibial artery,95.72,MACROH2A1:HGNC:4740,variant,96.11272727272727
MACROH2A1,human,Homo sapiens,ENSG00000113648,tibial artery,96.08,MACROH2A1:HGNC:4740,variant,96.11272727272727
MACROH2A1,human,Homo sapiens,ENSG00000113648,tibial artery,96.25,MACROH2A1:HGNC:4740,variant,96.11272727272727
MACROH2A1,human,Homo sapiens,ENSG00000113648,tibial artery,96.19,MACROH2A1:HGNC:4740,variant,96.11272727272727
MACROH2A1,human,Homo sapiens,ENSG00000113648,tibial artery,96.35,MACROH2A1:HGNC:4740,variant,96.11272727272727
MACROH2A1,human,Homo sapiens,ENSG00000113648,tibial artery,95.97,MACROH2A1:HGNC:4740,variant,96.11272727272727
MACROH2A1,human,Homo sapiens,ENSG00000113648,tibial artery,95.9,MACROH2A1:HGNC:4740,variant,96.11272727272727
MACROH2A1,human,Homo sapiens,ENSG00000113648,tibial artery,96.06,MACROH2A1:HGNC:4740,variant,96.11272727272727
MACROH2A1,human,Homo sapiens,ENSG00000113648,tibial artery,96.29,MACROH2A1:HGNC:4740,variant,96.11272727272727
MACROH2A1,human,Homo sapiens,ENSG00000113648,layer of synovial tissue,85.93,MACROH2A1:HGNC:4740,variant,93.16555555555556
MACROH2A1,human,Homo sapiens,ENSG00000113648,layer of synovial tissue,89.27,MACROH2A1:HGNC:4740,variant,93.16555555555556
MACROH2A1,human,Homo sapiens,ENSG00000113648,layer of synovial tissue,96.83,MACROH2A1:HGNC:4740,variant,93.16555555555556
MACROH2A1,human,Homo sapiens,ENSG00000113648,layer of synovial tissue,96.64,MACROH2A1:HGNC:4740,variant,93.16555555555556
MACROH2A1,human,Homo sapiens,ENSG00000113648,layer of synovial tissue,96.78,MACROH2A1:HGNC:4740,variant,93.16555555555556
MACROH2A1,human,Homo sapiens,ENSG00000113648,layer of synovial tissue,96.65,MACROH2A1:HGNC:4740,variant,93.16555555555556
MACROH2A1,human,Homo sapiens,ENSG00000113648,layer of synovial tissue,88.73,MACROH2A1:HGNC:4740,variant,93.16555555555556
MACROH2A1,human,Homo sapiens,ENSG00000113648,layer of synovial tissue,95.1,MACROH2A1:HGNC:4740,variant,93.16555555555556
MACROH2A1,human,Homo sapiens,ENSG00000113648,layer of synovial tissue,92.56,MACROH2A1:HGNC:4740,variant,93.16555555555556
MACROH2A1,human,Homo sapiens,ENSG00000113648,adipose tissue of abdominal region,97.38,MACROH2A1:HGNC:4740,variant,97.04166666666667
MACROH2A1,human,Homo sapiens,ENSG00000113648,adipose tissue of abdominal region,96.83,MACROH2A1:HGNC:4740,variant,97.04166666666667
MACROH2A1,human,Homo sapiens,ENSG00000113648,adipose tissue of abdominal region,96.91,MACROH2A1:HGNC:4740,variant,97.04166666666667
MACROH2A1,human,Homo sapiens,ENSG00000113648,adipose tissue of abdominal region,97.23,MACROH2A1:HGNC:4740,variant,97.04166666666667
MACROH2A1,human,Homo sapiens,ENSG00000113648,adipose tissue of abdominal region,96.81,MACROH2A1:HGNC:4740,variant,97.04166666666667
MACROH2A1,human,Homo sapiens,ENSG00000113648,adipose tissue of abdominal region,97.09,MACROH2A1:HGNC:4740,variant,97.04166666666667
MACROH2A1,human,Homo sapiens,ENSG00000113648,tendon of biceps brachii,86.83,MACROH2A1:HGNC:4740,variant,86.83
MACROH2A1,human,Homo sapiens,ENSG00000113648,periodontal ligament,95.39,MACROH2A1:HGNC:4740,variant,95.39
MACROH2A1,human,Homo sapiens,ENSG00000113648,upper lobe of lung,98.55,MACROH2A1:HGNC:4740,variant,98.7325
MACROH2A1,human,Homo sapiens,ENSG00000113648,upper lobe of lung,98.35,MACROH2A1:HGNC:4740,variant,98.7325
MACROH2A1,human,Homo sapiens,ENSG00000113648,upper lobe of lung,98.63,MACROH2A1:HGNC:4740,variant,98.7325
MACROH2A1,human,Homo sapiens,ENSG00000113648,upper lobe of lung,99.4,MACROH2A1:HGNC:4740,variant,98.7325
MACROH2A1,human,Homo sapiens,ENSG00000113648,lower lobe of lung,99.15,MACROH2A1:HGNC:4740,variant,98.815
MACROH2A1,human,Homo sapiens,ENSG00000113648,lower lobe of lung,98.56,MACROH2A1:HGNC:4740,variant,98.815
MACROH2A1,human,Homo sapiens,ENSG00000113648,lower lobe of lung,98.82,MACROH2A1:HGNC:4740,variant,98.815
MACROH2A1,human,Homo sapiens,ENSG00000113648,lower lobe of lung,98.82,MACROH2A1:HGNC:4740,variant,98.815
MACROH2A1,human,Homo sapiens,ENSG00000113648,lower lobe of lung,98.96,MACROH2A1:HGNC:4740,variant,98.815
MACROH2A1,human,Homo sapiens,ENSG00000113648,lower lobe of lung,98.79,MACROH2A1:HGNC:4740,variant,98.815
MACROH2A1,human,Homo sapiens,ENSG00000113648,lower lobe of lung,98.98,MACROH2A1:HGNC:4740,variant,98.815
MACROH2A1,human,Homo sapiens,ENSG00000113648,lower lobe of lung,98.44,MACROH2A1:HGNC:4740,variant,98.815
MACROH2A1,human,Homo sapiens,ENSG00000113648,upper lobe of left lung,98.3,MACROH2A1:HGNC:4740,variant,97.865
MACROH2A1,human,Homo sapiens,ENSG00000113648,upper lobe of left lung,97.87,MACROH2A1:HGNC:4740,variant,97.865
MACROH2A1,human,Homo sapiens,ENSG00000113648,upper lobe of left lung,98.31,MACROH2A1:HGNC:4740,variant,97.865
MACROH2A1,human,Homo sapiens,ENSG00000113648,upper lobe of left lung,98.13,MACROH2A1:HGNC:4740,variant,97.865
MACROH2A1,human,Homo sapiens,ENSG00000113648,upper lobe of left lung,97.7,MACROH2A1:HGNC:4740,variant,97.865
MACROH2A1,human,Homo sapiens,ENSG00000113648,upper lobe of left lung,97.73,MACROH2A1:HGNC:4740,variant,97.865
MACROH2A1,human,Homo sapiens,ENSG00000113648,upper lobe of left lung,97.77,MACROH2A1:HGNC:4740,variant,97.865
MACROH2A1,human,Homo sapiens,ENSG00000113648,upper lobe of left lung,97.11,MACROH2A1:HGNC:4740,variant,97.865
MACROH2A1,human,Homo sapiens,ENSG00000113648,dorsolateral prefrontal cortex,95.82,MACROH2A1:HGNC:4740,variant,96.32958333333333
MACROH2A1,human,Homo sapiens,ENSG00000113648,dorsolateral prefrontal cortex,96.32,MACROH2A1:HGNC:4740,variant,96.32958333333333
MACROH2A1,human,Homo sapiens,ENSG00000113648,dorsolateral prefrontal cortex,95.97,MACROH2A1:HGNC:4740,variant,96.32958333333333
MACROH2A1,human,Homo sapiens,ENSG00000113648,dorsolateral prefrontal cortex,95.74,MACROH2A1:HGNC:4740,variant,96.32958333333333
MACROH2A1,human,Homo sapiens,ENSG00000113648,dorsolateral prefrontal cortex,95.9,MACROH2A1:HGNC:4740,variant,96.32958333333333
MACROH2A1,human,Homo sapiens,ENSG00000113648,dorsolateral prefrontal cortex,96.41,MACROH2A1:HGNC:4740,variant,96.32958333333333
MACROH2A1,human,Homo sapiens,ENSG00000113648,dorsolateral prefrontal cortex,95.94,MACROH2A1:HGNC:4740,variant,96.32958333333333
MACROH2A1,human,Homo sapiens,ENSG00000113648,dorsolateral prefrontal cortex,96.28,MACROH2A1:HGNC:4740,variant,96.32958333333333
MACROH2A1,human,Homo sapiens,ENSG00000113648,dorsolateral prefrontal cortex,96.76,MACROH2A1:HGNC:4740,variant,96.32958333333333
MACROH2A1,human,Homo sapiens,ENSG00000113648,dorsolateral prefrontal cortex,96.4,MACROH2A1:HGNC:4740,variant,96.32958333333333
MACROH2A1,human,Homo sapiens,ENSG00000113648,dorsolateral prefrontal cortex,97.16,MACROH2A1:HGNC:4740,variant,96.32958333333333
MACROH2A1,human,Homo sapiens,ENSG00000113648,dorsolateral prefrontal cortex,96.68,MACROH2A1:HGNC:4740,variant,96.32958333333333
MACROH2A1,human,Homo sapiens,ENSG00000113648,dorsolateral prefrontal cortex,96.83,MACROH2A1:HGNC:4740,variant,96.32958333333333
MACROH2A1,human,Homo sapiens,ENSG00000113648,dorsolateral prefrontal cortex,96.49,MACROH2A1:HGNC:4740,variant,96.32958333333333
MACROH2A1,human,Homo sapiens,ENSG00000113648,dorsolateral prefrontal cortex,95.87,MACROH2A1:HGNC:4740,variant,96.32958333333333
MACROH2A1,human,Homo sapiens,ENSG00000113648,dorsolateral prefrontal cortex,96.52,MACROH2A1:HGNC:4740,variant,96.32958333333333
MACROH2A1,human,Homo sapiens,ENSG00000113648,dorsolateral prefrontal cortex,96.44,MACROH2A1:HGNC:4740,variant,96.32958333333333
MACROH2A1,human,Homo sapiens,ENSG00000113648,dorsolateral prefrontal cortex,96.47,MACROH2A1:HGNC:4740,variant,96.32958333333333
MACROH2A1,human,Homo sapiens,ENSG00000113648,dorsolateral prefrontal cortex,96.16,MACROH2A1:HGNC:4740,variant,96.32958333333333
MACROH2A1,human,Homo sapiens,ENSG00000113648,dorsolateral prefrontal cortex,96.37,MACROH2A1:HGNC:4740,variant,96.32958333333333
MACROH2A1,human,Homo sapiens,ENSG00000113648,dorsolateral prefrontal cortex,96.33,MACROH2A1:HGNC:4740,variant,96.32958333333333
MACROH2A1,human,Homo sapiens,ENSG00000113648,dorsolateral prefrontal cortex,96.15,MACROH2A1:HGNC:4740,variant,96.32958333333333
MACROH2A1,human,Homo sapiens,ENSG00000113648,dorsolateral prefrontal cortex,96.36,MACROH2A1:HGNC:4740,variant,96.32958333333333
MACROH2A1,human,Homo sapiens,ENSG00000113648,dorsolateral prefrontal cortex,96.54,MACROH2A1:HGNC:4740,variant,96.32958333333333
MACROH2A1,human,Homo sapiens,ENSG00000113648,anterior cingulate cortex,96.15,MACROH2A1:HGNC:4740,variant,96.00272727272727
MACROH2A1,human,Homo sapiens,ENSG00000113648,anterior cingulate cortex,96.6,MACROH2A1:HGNC:4740,variant,96.00272727272727
MACROH2A1,human,Homo sapiens,ENSG00000113648,anterior cingulate cortex,96.43,MACROH2A1:HGNC:4740,variant,96.00272727272727
MACROH2A1,human,Homo sapiens,ENSG00000113648,anterior cingulate cortex,95.01,MACROH2A1:HGNC:4740,variant,96.00272727272727
MACROH2A1,human,Homo sapiens,ENSG00000113648,anterior cingulate cortex,95.94,MACROH2A1:HGNC:4740,variant,96.00272727272727
MACROH2A1,human,Homo sapiens,ENSG00000113648,anterior cingulate cortex,96.09,MACROH2A1:HGNC:4740,variant,96.00272727272727
MACROH2A1,human,Homo sapiens,ENSG00000113648,anterior cingulate cortex,96.43,MACROH2A1:HGNC:4740,variant,96.00272727272727
MACROH2A1,human,Homo sapiens,ENSG00000113648,anterior cingulate cortex,96.43,MACROH2A1:HGNC:4740,variant,96.00272727272727
MACROH2A1,human,Homo sapiens,ENSG00000113648,anterior cingulate cortex,95.25,MACROH2A1:HGNC:4740,variant,96.00272727272727
MACROH2A1,human,Homo sapiens,ENSG00000113648,anterior cingulate cortex,95.78,MACROH2A1:HGNC:4740,variant,96.00272727272727
MACROH2A1,human,Homo sapiens,ENSG00000113648,anterior cingulate cortex,95.92,MACROH2A1:HGNC:4740,variant,96.00272727272727
MACROH2A1,human,Homo sapiens,ENSG00000113648,body of uterus,96.57,MACROH2A1:HGNC:4740,variant,96.474
MACROH2A1,human,Homo sapiens,ENSG00000113648,body of uterus,96.5,MACROH2A1:HGNC:4740,variant,96.474
MACROH2A1,human,Homo sapiens,ENSG00000113648,body of uterus,96.77,MACROH2A1:HGNC:4740,variant,96.474
MACROH2A1,human,Homo sapiens,ENSG00000113648,body of uterus,96.61,MACROH2A1:HGNC:4740,variant,96.474
MACROH2A1,human,Homo sapiens,ENSG00000113648,body of uterus,95.92,MACROH2A1:HGNC:4740,variant,96.474
MACROH2A1,human,Homo sapiens,ENSG00000113648,omental fat pad,97.0,MACROH2A1:HGNC:4740,variant,97.02272727272727
MACROH2A1,human,Homo sapiens,ENSG00000113648,omental fat pad,96.94,MACROH2A1:HGNC:4740,variant,97.02272727272727
MACROH2A1,human,Homo sapiens,ENSG00000113648,omental fat pad,97.28,MACROH2A1:HGNC:4740,variant,97.02272727272727
MACROH2A1,human,Homo sapiens,ENSG00000113648,omental fat pad,96.88,MACROH2A1:HGNC:4740,variant,97.02272727272727
MACROH2A1,human,Homo sapiens,ENSG00000113648,omental fat pad,96.81,MACROH2A1:HGNC:4740,variant,97.02272727272727
MACROH2A1,human,Homo sapiens,ENSG00000113648,omental fat pad,96.9,MACROH2A1:HGNC:4740,variant,97.02272727272727
MACROH2A1,human,Homo sapiens,ENSG00000113648,omental fat pad,97.23,MACROH2A1:HGNC:4740,variant,97.02272727272727
MACROH2A1,human,Homo sapiens,ENSG00000113648,omental fat pad,96.84,MACROH2A1:HGNC:4740,variant,97.02272727272727
MACROH2A1,human,Homo sapiens,ENSG00000113648,omental fat pad,96.99,MACROH2A1:HGNC:4740,variant,97.02272727272727
MACROH2A1,human,Homo sapiens,ENSG00000113648,omental fat pad,97.03,MACROH2A1:HGNC:4740,variant,97.02272727272727
MACROH2A1,human,Homo sapiens,ENSG00000113648,omental fat pad,97.35,MACROH2A1:HGNC:4740,variant,97.02272727272727
MACROH2A1,human,Homo sapiens,ENSG00000113648,metanephros cortex,95.89,MACROH2A1:HGNC:4740,variant,96.60499999999999
MACROH2A1,human,Homo sapiens,ENSG00000113648,metanephros cortex,97.32,MACROH2A1:HGNC:4740,variant,96.60499999999999
MACROH2A1,human,Homo sapiens,ENSG00000113648,body of tongue,98.15,MACROH2A1:HGNC:4740,variant,98.40333333333332
MACROH2A1,human,Homo sapiens,ENSG00000113648,body of tongue,98.57,MACROH2A1:HGNC:4740,variant,98.40333333333332
MACROH2A1,human,Homo sapiens,ENSG00000113648,body of tongue,98.49,MACROH2A1:HGNC:4740,variant,98.40333333333332
MACROH2A1,human,Homo sapiens,ENSG00000113648,ectocervix,98.2,MACROH2A1:HGNC:4740,variant,97.15799999999999
MACROH2A1,human,Homo sapiens,ENSG00000113648,ectocervix,98.84,MACROH2A1:HGNC:4740,variant,97.15799999999999
MACROH2A1,human,Homo sapiens,ENSG00000113648,ectocervix,96.63,MACROH2A1:HGNC:4740,variant,97.15799999999999
MACROH2A1,human,Homo sapiens,ENSG00000113648,ectocervix,97.05,MACROH2A1:HGNC:4740,variant,97.15799999999999
MACROH2A1,human,Homo sapiens,ENSG00000113648,ectocervix,95.07,MACROH2A1:HGNC:4740,variant,97.15799999999999
MACROH2A1,human,Homo sapiens,ENSG00000113648,lower esophagus,96.63,MACROH2A1:HGNC:4740,variant,96.57499999999999
MACROH2A1,human,Homo sapiens,ENSG00000113648,lower esophagus,96.52,MACROH2A1:HGNC:4740,variant,96.57499999999999
MACROH2A1,human,Homo sapiens,ENSG00000113648,Brodmann (1909) area 9,96.25,MACROH2A1:HGNC:4740,variant,96.512
MACROH2A1,human,Homo sapiens,ENSG00000113648,Brodmann (1909) area 9,96.47,MACROH2A1:HGNC:4740,variant,96.512
MACROH2A1,human,Homo sapiens,ENSG00000113648,Brodmann (1909) area 9,96.39,MACROH2A1:HGNC:4740,variant,96.512
MACROH2A1,human,Homo sapiens,ENSG00000113648,Brodmann (1909) area 9,96.59,MACROH2A1:HGNC:4740,variant,96.512
MACROH2A1,human,Homo sapiens,ENSG00000113648,Brodmann (1909) area 9,96.88,MACROH2A1:HGNC:4740,variant,96.512
MACROH2A1,human,Homo sapiens,ENSG00000113648,Brodmann (1909) area 9,96.65,MACROH2A1:HGNC:4740,variant,96.512
MACROH2A1,human,Homo sapiens,ENSG00000113648,Brodmann (1909) area 9,96.44,MACROH2A1:HGNC:4740,variant,96.512
MACROH2A1,human,Homo sapiens,ENSG00000113648,Brodmann (1909) area 9,96.67,MACROH2A1:HGNC:4740,variant,96.512
MACROH2A1,human,Homo sapiens,ENSG00000113648,Brodmann (1909) area 9,96.5,MACROH2A1:HGNC:4740,variant,96.512
MACROH2A1,human,Homo sapiens,ENSG00000113648,Brodmann (1909) area 9,96.28,MACROH2A1:HGNC:4740,variant,96.512
MACROH2A1,human,Homo sapiens,ENSG00000113648,Brodmann (1909) area 10,93.45,MACROH2A1:HGNC:4740,variant,93.45
MACROH2A1,human,Homo sapiens,ENSG00000113648,Brodmann (1909) area 23,95.29,MACROH2A1:HGNC:4740,variant,96.29166666666667
MACROH2A1,human,Homo sapiens,ENSG00000113648,Brodmann (1909) area 23,96.29,MACROH2A1:HGNC:4740,variant,96.29166666666667
MACROH2A1,human,Homo sapiens,ENSG00000113648,Brodmann (1909) area 23,96.13,MACROH2A1:HGNC:4740,variant,96.29166666666667
MACROH2A1,human,Homo sapiens,ENSG00000113648,Brodmann (1909) area 23,97.18,MACROH2A1:HGNC:4740,variant,96.29166666666667
MACROH2A1,human,Homo sapiens,ENSG00000113648,Brodmann (1909) area 23,96.71,MACROH2A1:HGNC:4740,variant,96.29166666666667
MACROH2A1,human,Homo sapiens,ENSG00000113648,Brodmann (1909) area 23,96.15,MACROH2A1:HGNC:4740,variant,96.29166666666667
MACROH2A1,human,Homo sapiens,ENSG00000113648,right hemisphere of cerebellum,97.74,MACROH2A1:HGNC:4740,variant,97.02888888888889
MACROH2A1,human,Homo sapiens,ENSG00000113648,right hemisphere of cerebellum,97.18,MACROH2A1:HGNC:4740,variant,97.02888888888889
MACROH2A1,human,Homo sapiens,ENSG00000113648,right hemisphere of cerebellum,96.25,MACROH2A1:HGNC:4740,variant,97.02888888888889
MACROH2A1,human,Homo sapiens,ENSG00000113648,right hemisphere of cerebellum,96.98,MACROH2A1:HGNC:4740,variant,97.02888888888889
MACROH2A1,human,Homo sapiens,ENSG00000113648,right hemisphere of cerebellum,96.78,MACROH2A1:HGNC:4740,variant,97.02888888888889
MACROH2A1,human,Homo sapiens,ENSG00000113648,right hemisphere of cerebellum,97.27,MACROH2A1:HGNC:4740,variant,97.02888888888889
MACROH2A1,human,Homo sapiens,ENSG00000113648,right hemisphere of cerebellum,96.78,MACROH2A1:HGNC:4740,variant,97.02888888888889
MACROH2A1,human,Homo sapiens,ENSG00000113648,right hemisphere of cerebellum,96.9,MACROH2A1:HGNC:4740,variant,97.02888888888889
MACROH2A1,human,Homo sapiens,ENSG00000113648,right hemisphere of cerebellum,97.38,MACROH2A1:HGNC:4740,variant,97.02888888888889
MACROH2A1,human,Homo sapiens,ENSG00000113648,skeletal muscle organ,95.68,MACROH2A1:HGNC:4740,variant,95.68
MACROH2A1,human,Homo sapiens,ENSG00000113648,sural nerve,96.64,MACROH2A1:HGNC:4740,variant,94.93
MACROH2A1,human,Homo sapiens,ENSG00000113648,sural nerve,95.22,MACROH2A1:HGNC:4740,variant,94.93
MACROH2A1,human,Homo sapiens,ENSG00000113648,sural nerve,92.93,MACROH2A1:HGNC:4740,variant,94.93
MACROH2A1,human,Homo sapiens,ENSG00000113648,adrenal tissue,96.2,MACROH2A1:HGNC:4740,variant,95.99333333333334
MACROH2A1,human,Homo sapiens,ENSG00000113648,adrenal tissue,95.95,MACROH2A1:HGNC:4740,variant,95.99333333333334
MACROH2A1,human,Homo sapiens,ENSG00000113648,adrenal tissue,95.83,MACROH2A1:HGNC:4740,variant,95.99333333333334
MACROH2A1,human,Homo sapiens,ENSG00000113648,muscle layer of sigmoid colon,97.17,MACROH2A1:HGNC:4740,variant,96.75272727272727
MACROH2A1,human,Homo sapiens,ENSG00000113648,muscle layer of sigmoid colon,96.9,MACROH2A1:HGNC:4740,variant,96.75272727272727
MACROH2A1,human,Homo sapiens,ENSG00000113648,muscle layer of sigmoid colon,96.92,MACROH2A1:HGNC:4740,variant,96.75272727272727
MACROH2A1,human,Homo sapiens,ENSG00000113648,muscle layer of sigmoid colon,96.95,MACROH2A1:HGNC:4740,variant,96.75272727272727
MACROH2A1,human,Homo sapiens,ENSG00000113648,muscle layer of sigmoid colon,96.9,MACROH2A1:HGNC:4740,variant,96.75272727272727
MACROH2A1,human,Homo sapiens,ENSG00000113648,muscle layer of sigmoid colon,96.82,MACROH2A1:HGNC:4740,variant,96.75272727272727
MACROH2A1,human,Homo sapiens,ENSG00000113648,muscle layer of sigmoid colon,96.76,MACROH2A1:HGNC:4740,variant,96.75272727272727
MACROH2A1,human,Homo sapiens,ENSG00000113648,muscle layer of sigmoid colon,96.68,MACROH2A1:HGNC:4740,variant,96.75272727272727
MACROH2A1,human,Homo sapiens,ENSG00000113648,muscle layer of sigmoid colon,96.76,MACROH2A1:HGNC:4740,variant,96.75272727272727
MACROH2A1,human,Homo sapiens,ENSG00000113648,muscle layer of sigmoid colon,96.56,MACROH2A1:HGNC:4740,variant,96.75272727272727
MACROH2A1,human,Homo sapiens,ENSG00000113648,muscle layer of sigmoid colon,95.86,MACROH2A1:HGNC:4740,variant,96.75272727272727
MACROH2A1,human,Homo sapiens,ENSG00000113648,left adrenal gland cortex,96.66,MACROH2A1:HGNC:4740,variant,96.525
MACROH2A1,human,Homo sapiens,ENSG00000113648,left adrenal gland cortex,96.06,MACROH2A1:HGNC:4740,variant,96.525
MACROH2A1,human,Homo sapiens,ENSG00000113648,left adrenal gland cortex,96.36,MACROH2A1:HGNC:4740,variant,96.525
MACROH2A1,human,Homo sapiens,ENSG00000113648,left adrenal gland cortex,96.63,MACROH2A1:HGNC:4740,variant,96.525
MACROH2A1,human,Homo sapiens,ENSG00000113648,left adrenal gland cortex,96.72,MACROH2A1:HGNC:4740,variant,96.525
MACROH2A1,human,Homo sapiens,ENSG00000113648,left adrenal gland cortex,97.2,MACROH2A1:HGNC:4740,variant,96.525
MACROH2A1,human,Homo sapiens,ENSG00000113648,left adrenal gland cortex,96.34,MACROH2A1:HGNC:4740,variant,96.525
MACROH2A1,human,Homo sapiens,ENSG00000113648,left adrenal gland cortex,96.23,MACROH2A1:HGNC:4740,variant,96.525
MACROH2A1,human,Homo sapiens,ENSG00000113648,right adrenal gland cortex,96.6,MACROH2A1:HGNC:4740,variant,96.43333333333334
MACROH2A1,human,Homo sapiens,ENSG00000113648,right adrenal gland cortex,96.33,MACROH2A1:HGNC:4740,variant,96.43333333333334
MACROH2A1,human,Homo sapiens,ENSG00000113648,right adrenal gland cortex,96.37,MACROH2A1:HGNC:4740,variant,96.43333333333334
MACROH2A1,human,Homo sapiens,ENSG00000113648,lower esophagus muscularis layer,96.99,MACROH2A1:HGNC:4740,variant,96.75818181818181
MACROH2A1,human,Homo sapiens,ENSG00000113648,lower esophagus muscularis layer,97.04,MACROH2A1:HGNC:4740,variant,96.75818181818181
MACROH2A1,human,Homo sapiens,ENSG00000113648,lower esophagus muscularis layer,96.77,MACROH2A1:HGNC:4740,variant,96.75818181818181
MACROH2A1,human,Homo sapiens,ENSG00000113648,lower esophagus muscularis layer,96.94,MACROH2A1:HGNC:4740,variant,96.75818181818181
MACROH2A1,human,Homo sapiens,ENSG00000113648,lower esophagus muscularis layer,96.77,MACROH2A1:HGNC:4740,variant,96.75818181818181
MACROH2A1,human,Homo sapiens,ENSG00000113648,lower esophagus muscularis layer,96.52,MACROH2A1:HGNC:4740,variant,96.75818181818181
MACROH2A1,human,Homo sapiens,ENSG00000113648,lower esophagus muscularis layer,96.87,MACROH2A1:HGNC:4740,variant,96.75818181818181
MACROH2A1,human,Homo sapiens,ENSG00000113648,lower esophagus muscularis layer,96.63,MACROH2A1:HGNC:4740,variant,96.75818181818181
MACROH2A1,human,Homo sapiens,ENSG00000113648,lower esophagus muscularis layer,96.93,MACROH2A1:HGNC:4740,variant,96.75818181818181
MACROH2A1,human,Homo sapiens,ENSG00000113648,lower esophagus muscularis layer,96.5,MACROH2A1:HGNC:4740,variant,96.75818181818181
MACROH2A1,human,Homo sapiens,ENSG00000113648,lower esophagus muscularis layer,96.38,MACROH2A1:HGNC:4740,variant,96.75818181818181
MACROH2A1,human,Homo sapiens,ENSG00000113648,lower esophagus mucosa,98.33,MACROH2A1:HGNC:4740,variant,98.33
MACROH2A1,human,Homo sapiens,ENSG00000113648,esophagogastric junction muscularis propria,97.13,MACROH2A1:HGNC:4740,variant,96.67454545454547
MACROH2A1,human,Homo sapiens,ENSG00000113648,esophagogastric junction muscularis propria,97.07,MACROH2A1:HGNC:4740,variant,96.67454545454547
MACROH2A1,human,Homo sapiens,ENSG00000113648,esophagogastric junction muscularis propria,96.59,MACROH2A1:HGNC:4740,variant,96.67454545454547
MACROH2A1,human,Homo sapiens,ENSG00000113648,esophagogastric junction muscularis propria,96.88,MACROH2A1:HGNC:4740,variant,96.67454545454547
MACROH2A1,human,Homo sapiens,ENSG00000113648,esophagogastric junction muscularis propria,96.78,MACROH2A1:HGNC:4740,variant,96.67454545454547
MACROH2A1,human,Homo sapiens,ENSG00000113648,esophagogastric junction muscularis propria,96.65,MACROH2A1:HGNC:4740,variant,96.67454545454547
MACROH2A1,human,Homo sapiens,ENSG00000113648,esophagogastric junction muscularis propria,96.65,MACROH2A1:HGNC:4740,variant,96.67454545454547
MACROH2A1,human,Homo sapiens,ENSG00000113648,esophagogastric junction muscularis propria,96.57,MACROH2A1:HGNC:4740,variant,96.67454545454547
MACROH2A1,human,Homo sapiens,ENSG00000113648,esophagogastric junction muscularis propria,96.67,MACROH2A1:HGNC:4740,variant,96.67454545454547
MACROH2A1,human,Homo sapiens,ENSG00000113648,esophagogastric junction muscularis propria,96.43,MACROH2A1:HGNC:4740,variant,96.67454545454547
MACROH2A1,human,Homo sapiens,ENSG00000113648,esophagogastric junction muscularis propria,96.0,MACROH2A1:HGNC:4740,variant,96.67454545454547
MACROH2A1,macaca_mulatta,Macaca mulatta,ENSMMUG00000014465,spermatocyte,77.13,MACROH2A1:VGNC:109697,variant,77.13
MACROH2A1,macaca_mulatta,Macaca mulatta,ENSMMUG00000014465,spermatid,66.81,MACROH2A1:VGNC:109697,variant,66.81
MACROH2A1,macaca_mulatta,Macaca mulatta,ENSMMUG00000014465,fibroblast,94.96,MACROH2A1:VGNC:109697,variant,94.96
MACROH2A1,macaca_mulatta,Macaca mulatta,ENSMMUG00000014465,adult mammalian kidney,95.88,MACROH2A1:VGNC:109697,variant,96.18333333333334
MACROH2A1,macaca_mulatta,Macaca mulatta,ENSMMUG00000014465,adult mammalian kidney,96.09,MACROH2A1:VGNC:109697,variant,96.18333333333334
MACROH2A1,macaca_mulatta,Macaca mulatta,ENSMMUG00000014465,adult mammalian kidney,96.58,MACROH2A1:VGNC:109697,variant,96.18333333333334
MACROH2A1,macaca_mulatta,Macaca mulatta,ENSMMUG00000014465,prefrontal cortex,96.25,MACROH2A1:VGNC:109697,variant,96.2825
MACROH2A1,macaca_mulatta,Macaca mulatta,ENSMMUG00000014465,prefrontal cortex,96.38,MACROH2A1:VGNC:109697,variant,96.2825
MACROH2A1,macaca_mulatta,Macaca mulatta,ENSMMUG00000014465,prefrontal cortex,96.24,MACROH2A1:VGNC:109697,variant,96.2825
MACROH2A1,macaca_mulatta,Macaca mulatta,ENSMMUG00000014465,prefrontal cortex,96.26,MACROH2A1:VGNC:109697,variant,96.2825
MACROH2A1,macaca_mulatta,Macaca mulatta,ENSMMUG00000014465,multicellular organism,96.38,MACROH2A1:VGNC:109697,variant,95.89999999999999
MACROH2A1,macaca_mulatta,Macaca mulatta,ENSMMUG00000014465,multicellular organism,96.3,MACROH2A1:VGNC:109697,variant,95.89999999999999
MACROH2A1,macaca_mulatta,Macaca mulatta,ENSMMUG00000014465,multicellular organism,95.02,MACROH2A1:VGNC:109697,variant,95.89999999999999
MACROH2A1,macaca_mulatta,Macaca mulatta,ENSMMUG00000014465,testis,76.31,MACROH2A1:VGNC:109697,variant,80.36333333333333
MACROH2A1,macaca_mulatta,Macaca mulatta,ENSMMUG00000014465,testis,82.14,MACROH2A1:VGNC:109697,variant,80.36333333333333
MACROH2A1,macaca_mulatta,Macaca mulatta,ENSMMUG00000014465,testis,82.64,MACROH2A1:VGNC:109697,variant,80.36333333333333
MACROH2A1,macaca_mulatta,Macaca mulatta,ENSMMUG00000014465,heart,94.59,MACROH2A1:VGNC:109697,variant,94.792
MACROH2A1,macaca_mulatta,Macaca mulatta,ENSMMUG00000014465,heart,94.56,MACROH2A1:VGNC:109697,variant,94.792
MACROH2A1,macaca_mulatta,Macaca mulatta,ENSMMUG00000014465,heart,95.2,MACROH2A1:VGNC:109697,variant,94.792
MACROH2A1,macaca_mulatta,Macaca mulatta,ENSMMUG00000014465,heart,95.69,MACROH2A1:VGNC:109697,variant,94.792
MACROH2A1,macaca_mulatta,Macaca mulatta,ENSMMUG00000014465,heart,93.92,MACROH2A1:VGNC:109697,variant,94.792
MACROH2A1,macaca_mulatta,Macaca mulatta,ENSMMUG00000014465,brain,95.91,MACROH2A1:VGNC:109697,variant,95.89
MACROH2A1,macaca_mulatta,Macaca mulatta,ENSMMUG00000014465,brain,95.98,MACROH2A1:VGNC:109697,variant,95.89
MACROH2A1,macaca_mulatta,Macaca mulatta,ENSMMUG00000014465,brain,95.67,MACROH2A1:VGNC:109697,variant,95.89
MACROH2A1,macaca_mulatta,Macaca mulatta,ENSMMUG00000014465,brain,96.0,MACROH2A1:VGNC:109697,variant,95.89
MACROH2A1,macaca_mulatta,Macaca mulatta,ENSMMUG00000014465,cerebral cortex,93.26,MACROH2A1:VGNC:109697,variant,93.26
MACROH2A1,macaca_mulatta,Macaca mulatta,ENSMMUG00000014465,adipose tissue,95.55,MACROH2A1:VGNC:109697,variant,95.55
MACROH2A1,macaca_mulatta,Macaca mulatta,ENSMMUG00000014465,skeletal muscle tissue,96.19,MACROH2A1:VGNC:109697,variant,96.19999999999999
MACROH2A1,macaca_mulatta,Macaca mulatta,ENSMMUG00000014465,skeletal muscle tissue,96.21,MACROH2A1:VGNC:109697,variant,96.19999999999999
MACROH2A1,macaca_mulatta,Macaca mulatta,ENSMMUG00000014465,colon,97.38,MACROH2A1:VGNC:109697,variant,97.38
MACROH2A1,macaca_mulatta,Macaca mulatta,ENSMMUG00000014465,cortex of kidney,96.07,MACROH2A1:VGNC:109697,variant,96.07
MACROH2A1,macaca_mulatta,Macaca mulatta,ENSMMUG00000014465,frontal cortex,94.42,MACROH2A1:VGNC:109697,variant,94.42
MACROH2A1,macaca_mulatta,Macaca mulatta,ENSMMUG00000014465,Ammon's horn,93.38,MACROH2A1:VGNC:109697,variant,93.38
MACROH2A1,macaca_mulatta,Macaca mulatta,ENSMMUG00000014465,cerebellum,95.54,MACROH2A1:VGNC:109697,variant,96.516
MACROH2A1,macaca_mulatta,Macaca mulatta,ENSMMUG00000014465,cerebellum,96.84,MACROH2A1:VGNC:109697,variant,96.516
MACROH2A1,macaca_mulatta,Macaca mulatta,ENSMMUG00000014465,cerebellum,96.66,MACROH2A1:VGNC:109697,variant,96.516
MACROH2A1,macaca_mulatta,Macaca mulatta,ENSMMUG00000014465,cerebellum,97.09,MACROH2A1:VGNC:109697,variant,96.516
MACROH2A1,macaca_mulatta,Macaca mulatta,ENSMMUG00000014465,cerebellum,96.45,MACROH2A1:VGNC:109697,variant,96.516
MACROH2A1,macaca_mulatta,Macaca mulatta,ENSMMUG00000014465,lung,96.88,MACROH2A1:VGNC:109697,variant,96.39
MACROH2A1,macaca_mulatta,Macaca mulatta,ENSMMUG00000014465,lung,95.9,MACROH2A1:VGNC:109697,variant,96.39
MACROH2A1,macaca_mulatta,Macaca mulatta,ENSMMUG00000014465,spleen,97.93,MACROH2A1:VGNC:109697,variant,97.815
MACROH2A1,macaca_mulatta,Macaca mulatta,ENSMMUG00000014465,spleen,97.7,MACROH2A1:VGNC:109697,variant,97.815
MACROH2A1,macaca_mulatta,Macaca mulatta,ENSMMUG00000014465,liver,91.29,MACROH2A1:VGNC:109697,variant,91.89857142857143
MACROH2A1,macaca_mulatta,Macaca mulatta,ENSMMUG00000014465,liver,92.18,MACROH2A1:VGNC:109697,variant,91.89857142857143
MACROH2A1,macaca_mulatta,Macaca mulatta,ENSMMUG00000014465,liver,92.9,MACROH2A1:VGNC:109697,variant,91.89857142857143
MACROH2A1,macaca_mulatta,Macaca mulatta,ENSMMUG00000014465,liver,91.97,MACROH2A1:VGNC:109697,variant,91.89857142857143
MACROH2A1,macaca_mulatta,Macaca mulatta,ENSMMUG00000014465,liver,91.64,MACROH2A1:VGNC:109697,variant,91.89857142857143
MACROH2A1,macaca_mulatta,Macaca mulatta,ENSMMUG00000014465,liver,92.3,MACROH2A1:VGNC:109697,variant,91.89857142857143
MACROH2A1,macaca_mulatta,Macaca mulatta,ENSMMUG00000014465,liver,91.01,MACROH2A1:VGNC:109697,variant,91.89857142857143
MACROH2A1,macaca_mulatta,Macaca mulatta,ENSMMUG00000014465,kidney,95.57,MACROH2A1:VGNC:109697,variant,95.87
MACROH2A1,macaca_mulatta,Macaca mulatta,ENSMMUG00000014465,kidney,96.17,MACROH2A1:VGNC:109697,variant,95.87
MACROH2A1,macaca_mulatta,Macaca mulatta,ENSMMUG00000014465,ileum,91.22,MACROH2A1:VGNC:109697,variant,91.22
MACROH2A1,macaca_mulatta,Macaca mulatta,ENSMMUG00000014465,cerebellar cortex,96.93,MACROH2A1:VGNC:109697,variant,97.07000000000001
MACROH2A1,macaca_mulatta,Macaca mulatta,ENSMMUG00000014465,cerebellar cortex,97.43,MACROH2A1:VGNC:109697,variant,97.07000000000001
MACROH2A1,macaca_mulatta,Macaca mulatta,ENSMMUG00000014465,cerebellar cortex,96.85,MACROH2A1:VGNC:109697,variant,97.07000000000001
MACROH2A1,macaca_mulatta,Macaca mulatta,ENSMMUG00000014465,primary visual cortex,95.65,MACROH2A1:VGNC:109697,variant,95.65
MACROH2A1,macaca_mulatta,Macaca mulatta,ENSMMUG00000014465,superior frontal gyrus,95.04,MACROH2A1:VGNC:109697,variant,95.04
MACROH2A1,macaca_mulatta,Macaca mulatta,ENSMMUG00000014465,hindlimb stylopod muscle,95.85,MACROH2A1:VGNC:109697,variant,95.85
MACROH2A1,macaca_mulatta,Macaca mulatta,ENSMMUG00000014465,olfactory segment of nasal mucosa,96.99,MACROH2A1:VGNC:109697,variant,96.99
MACROH2A1,macaca_mulatta,Macaca mulatta,ENSMMUG00000014465,dorsolateral prefrontal cortex,95.0,MACROH2A1:VGNC:109697,variant,95.235
MACROH2A1,macaca_mulatta,Macaca mulatta,ENSMMUG00000014465,dorsolateral prefrontal cortex,95.47,MACROH2A1:VGNC:109697,variant,95.235
MACROH2A1,pan_troglodytes,Pan troglodytes,ENSPTRG00000017256,fibroblast,92.84,MACROH2A1:VGNC:4025,variant,92.71000000000001
MACROH2A1,pan_troglodytes,Pan troglodytes,ENSPTRG00000017256,fibroblast,92.58,MACROH2A1:VGNC:4025,variant,92.71000000000001
MACROH2A1,pan_troglodytes,Pan troglodytes,ENSPTRG00000017256,pituitary gland,94.07,MACROH2A1:VGNC:4025,variant,94.07
MACROH2A1,pan_troglodytes,Pan troglodytes,ENSPTRG00000017256,lymph node,88.06,MACROH2A1:VGNC:4025,variant,88.06
MACROH2A1,pan_troglodytes,Pan troglodytes,ENSPTRG00000017256,adult mammalian kidney,92.8,MACROH2A1:VGNC:4025,variant,89.96999999999998
MACROH2A1,pan_troglodytes,Pan troglodytes,ENSPTRG00000017256,adult mammalian kidney,84.59,MACROH2A1:VGNC:4025,variant,89.96999999999998
MACROH2A1,pan_troglodytes,Pan troglodytes,ENSPTRG00000017256,adult mammalian kidney,92.52,MACROH2A1:VGNC:4025,variant,89.96999999999998
MACROH2A1,pan_troglodytes,Pan troglodytes,ENSPTRG00000017256,prefrontal cortex,93.64,MACROH2A1:VGNC:4025,variant,94.0281818181818
MACROH2A1,pan_troglodytes,Pan troglodytes,ENSPTRG00000017256,prefrontal cortex,94.55,MACROH2A1:VGNC:4025,variant,94.0281818181818
MACROH2A1,pan_troglodytes,Pan troglodytes,ENSPTRG00000017256,prefrontal cortex,93.65,MACROH2A1:VGNC:4025,variant,94.0281818181818
MACROH2A1,pan_troglodytes,Pan troglodytes,ENSPTRG00000017256,prefrontal cortex,93.45,MACROH2A1:VGNC:4025,variant,94.0281818181818
MACROH2A1,pan_troglodytes,Pan troglodytes,ENSPTRG00000017256,prefrontal cortex,93.62,MACROH2A1:VGNC:4025,variant,94.0281818181818
MACROH2A1,pan_troglodytes,Pan troglodytes,ENSPTRG00000017256,prefrontal cortex,93.16,MACROH2A1:VGNC:4025,variant,94.0281818181818
MACROH2A1,pan_troglodytes,Pan troglodytes,ENSPTRG00000017256,prefrontal cortex,93.78,MACROH2A1:VGNC:4025,variant,94.0281818181818
MACROH2A1,pan_troglodytes,Pan troglodytes,ENSPTRG00000017256,prefrontal cortex,93.75,MACROH2A1:VGNC:4025,variant,94.0281818181818
MACROH2A1,pan_troglodytes,Pan troglodytes,ENSPTRG00000017256,prefrontal cortex,94.76,MACROH2A1:VGNC:4025,variant,94.0281818181818
MACROH2A1,pan_troglodytes,Pan troglodytes,ENSPTRG00000017256,prefrontal cortex,96.78,MACROH2A1:VGNC:4025,variant,94.0281818181818
MACROH2A1,pan_troglodytes,Pan troglodytes,ENSPTRG00000017256,prefrontal cortex,93.17,MACROH2A1:VGNC:4025,variant,94.0281818181818
MACROH2A1,pan_troglodytes,Pan troglodytes,ENSPTRG00000017256,multicellular organism,92.67,MACROH2A1:VGNC:4025,variant,92.38499999999999
MACROH2A1,pan_troglodytes,Pan troglodytes,ENSPTRG00000017256,multicellular organism,92.1,MACROH2A1:VGNC:4025,variant,92.38499999999999
MACROH2A1,pan_troglodytes,Pan troglodytes,ENSPTRG00000017256,testis,83.42,MACROH2A1:VGNC:4025,variant,84.88499999999999
MACROH2A1,pan_troglodytes,Pan troglodytes,ENSPTRG00000017256,testis,86.35,MACROH2A1:VGNC:4025,variant,84.88499999999999
MACROH2A1,pan_troglodytes,Pan troglodytes,ENSPTRG00000017256,heart,91.8,MACROH2A1:VGNC:4025,variant,92.14399999999999
MACROH2A1,pan_troglodytes,Pan troglodytes,ENSPTRG00000017256,heart,94.05,MACROH2A1:VGNC:4025,variant,92.14399999999999
MACROH2A1,pan_troglodytes,Pan troglodytes,ENSPTRG00000017256,heart,90.05,MACROH2A1:VGNC:4025,variant,92.14399999999999
MACROH2A1,pan_troglodytes,Pan troglodytes,ENSPTRG00000017256,heart,93.07,MACROH2A1:VGNC:4025,variant,92.14399999999999
MACROH2A1,pan_troglodytes,Pan troglodytes,ENSPTRG00000017256,heart,91.75,MACROH2A1:VGNC:4025,variant,92.14399999999999
MACROH2A1,pan_troglodytes,Pan troglodytes,ENSPTRG00000017256,cerebral cortex,93.49,MACROH2A1:VGNC:4025,variant,93.49
MACROH2A1,pan_troglodytes,Pan troglodytes,ENSPTRG00000017256,skeletal muscle tissue,89.71,MACROH2A1:VGNC:4025,variant,89.71
MACROH2A1,pan_troglodytes,Pan troglodytes,ENSPTRG00000017256,colon,85.28,MACROH2A1:VGNC:4025,variant,85.28
MACROH2A1,pan_troglodytes,Pan troglodytes,ENSPTRG00000017256,cortex of kidney,92.09,MACROH2A1:VGNC:4025,variant,92.02000000000001
MACROH2A1,pan_troglodytes,Pan troglodytes,ENSPTRG00000017256,cortex of kidney,91.95,MACROH2A1:VGNC:4025,variant,92.02000000000001
MACROH2A1,pan_troglodytes,Pan troglodytes,ENSPTRG00000017256,frontal cortex,92.98,MACROH2A1:VGNC:4025,variant,93.485
MACROH2A1,pan_troglodytes,Pan troglodytes,ENSPTRG00000017256,frontal cortex,93.99,MACROH2A1:VGNC:4025,variant,93.485
MACROH2A1,pan_troglodytes,Pan troglodytes,ENSPTRG00000017256,temporal lobe,86.72,MACROH2A1:VGNC:4025,variant,86.72
MACROH2A1,pan_troglodytes,Pan troglodytes,ENSPTRG00000017256,cerebellum,94.88,MACROH2A1:VGNC:4025,variant,95.14750000000001
MACROH2A1,pan_troglodytes,Pan troglodytes,ENSPTRG00000017256,cerebellum,96.73,MACROH2A1:VGNC:4025,variant,95.14750000000001
MACROH2A1,pan_troglodytes,Pan troglodytes,ENSPTRG00000017256,cerebellum,92.09,MACROH2A1:VGNC:4025,variant,95.14750000000001
MACROH2A1,pan_troglodytes,Pan troglodytes,ENSPTRG00000017256,cerebellum,96.89,MACROH2A1:VGNC:4025,variant,95.14750000000001
MACROH2A1,pan_troglodytes,Pan troglodytes,ENSPTRG00000017256,lung,90.09,MACROH2A1:VGNC:4025,variant,90.09
MACROH2A1,pan_troglodytes,Pan troglodytes,ENSPTRG00000017256,spleen,85.24,MACROH2A1:VGNC:4025,variant,85.24
MACROH2A1,pan_troglodytes,Pan troglodytes,ENSPTRG00000017256,liver,89.93,MACROH2A1:VGNC:4025,variant,89.47333333333334
MACROH2A1,pan_troglodytes,Pan troglodytes,ENSPTRG00000017256,liver,90.79,MACROH2A1:VGNC:4025,variant,89.47333333333334
MACROH2A1,pan_troglodytes,Pan troglodytes,ENSPTRG00000017256,liver,93.93,MACROH2A1:VGNC:4025,variant,89.47333333333334
MACROH2A1,pan_troglodytes,Pan troglodytes,ENSPTRG00000017256,liver,81.97,MACROH2A1:VGNC:4025,variant,89.47333333333334
MACROH2A1,pan_troglodytes,Pan troglodytes,ENSPTRG00000017256,liver,91.4,MACROH2A1:VGNC:4025,variant,89.47333333333334
MACROH2A1,pan_troglodytes,Pan troglodytes,ENSPTRG00000017256,liver,88.82,MACROH2A1:VGNC:4025,variant,89.47333333333334
MACROH2A1,pan_troglodytes,Pan troglodytes,ENSPTRG00000017256,cerebellar cortex,95.2,MACROH2A1:VGNC:4025,variant,95.32000000000001
MACROH2A1,pan_troglodytes,Pan troglodytes,ENSPTRG00000017256,cerebellar cortex,94.19,MACROH2A1:VGNC:4025,variant,95.32000000000001
MACROH2A1,pan_troglodytes,Pan troglodytes,ENSPTRG00000017256,cerebellar cortex,95.04,MACROH2A1:VGNC:4025,variant,95.32000000000001
MACROH2A1,pan_troglodytes,Pan troglodytes,ENSPTRG00000017256,cerebellar cortex,96.62,MACROH2A1:VGNC:4025,variant,95.32000000000001
MACROH2A1,pan_troglodytes,Pan troglodytes,ENSPTRG00000017256,cerebellar cortex,95.55,MACROH2A1:VGNC:4025,variant,95.32000000000001
MACROH2A1,pan_troglodytes,Pan troglodytes,ENSPTRG00000017256,thymus,94.07,MACROH2A1:VGNC:4025,variant,94.07
MACROH2A1,pan_troglodytes,Pan troglodytes,ENSPTRG00000017256,bone marrow,94.62,MACROH2A1:VGNC:4025,variant,94.62
MACROH2A1,pan_troglodytes,Pan troglodytes,ENSPTRG00000017256,primary visual cortex,93.01,MACROH2A1:VGNC:4025,variant,93.015
MACROH2A1,pan_troglodytes,Pan troglodytes,ENSPTRG00000017256,primary visual cortex,93.02,MACROH2A1:VGNC:4025,variant,93.015
MACROH2A1,pan_troglodytes,Pan troglodytes,ENSPTRG00000017256,superior frontal gyrus,93.74,MACROH2A1:VGNC:4025,variant,94.06666666666666
MACROH2A1,pan_troglodytes,Pan troglodytes,ENSPTRG00000017256,superior frontal gyrus,93.56,MACROH2A1:VGNC:4025,variant,94.06666666666666
MACROH2A1,pan_troglodytes,Pan troglodytes,ENSPTRG00000017256,superior frontal gyrus,93.46,MACROH2A1:VGNC:4025,variant,94.06666666666666
MACROH2A1,pan_troglodytes,Pan troglodytes,ENSPTRG00000017256,superior frontal gyrus,94.22,MACROH2A1:VGNC:4025,variant,94.06666666666666
MACROH2A1,pan_troglodytes,Pan troglodytes,ENSPTRG00000017256,superior frontal gyrus,93.48,MACROH2A1:VGNC:4025,variant,94.06666666666666
MACROH2A1,pan_troglodytes,Pan troglodytes,ENSPTRG00000017256,superior frontal gyrus,93.5,MACROH2A1:VGNC:4025,variant,94.06666666666666
MACROH2A1,pan_troglodytes,Pan troglodytes,ENSPTRG00000017256,superior frontal gyrus,95.38,MACROH2A1:VGNC:4025,variant,94.06666666666666
MACROH2A1,pan_troglodytes,Pan troglodytes,ENSPTRG00000017256,superior frontal gyrus,94.27,MACROH2A1:VGNC:4025,variant,94.06666666666666
MACROH2A1,pan_troglodytes,Pan troglodytes,ENSPTRG00000017256,superior frontal gyrus,94.99,MACROH2A1:VGNC:4025,variant,94.06666666666666
MACROH2A1,pan_troglodytes,Pan troglodytes,ENSPTRG00000017256,hindlimb stylopod muscle,92.9,MACROH2A1:VGNC:4025,variant,92.41
MACROH2A1,pan_troglodytes,Pan troglodytes,ENSPTRG00000017256,hindlimb stylopod muscle,91.92,MACROH2A1:VGNC:4025,variant,92.41
MACROH2A1,pan_troglodytes,Pan troglodytes,ENSPTRG00000017256,dorsolateral prefrontal cortex,92.82,MACROH2A1:VGNC:4025,variant,92.61
MACROH2A1,pan_troglodytes,Pan troglodytes,ENSPTRG00000017256,dorsolateral prefrontal cortex,92.4,MACROH2A1:VGNC:4025,variant,92.61
MACROH2A1,pan_troglodytes,Pan troglodytes,ENSPTRG00000017256,Brodmann (1909) area 10,92.33,MACROH2A1:VGNC:4025,variant,92.33
MACROH2A1,sus_scrofa,Sus scrofa,ENSSSCG00000014307,oocyte,85.94,MACROH2A1:VGNC:109808,variant,85.94
MACROH2A1,sus_scrofa,Sus scrofa,ENSSSCG00000014307,granulosa cell,96.94,MACROH2A1:VGNC:109808,variant,96.94
MACROH2A1,sus_scrofa,Sus scrofa,ENSSSCG00000014307,pituitary gland,93.32,MACROH2A1:VGNC:109808,variant,93.115
MACROH2A1,sus_scrofa,Sus scrofa,ENSSSCG00000014307,pituitary gland,92.91,MACROH2A1:VGNC:109808,variant,93.115
MACROH2A1,sus_scrofa,Sus scrofa,ENSSSCG00000014307,lymph node,96.53,MACROH2A1:VGNC:109808,variant,96.53
MACROH2A1,sus_scrofa,Sus scrofa,ENSSSCG00000014307,adult mammalian kidney,96.48,MACROH2A1:VGNC:109808,variant,93.8425
MACROH2A1,sus_scrofa,Sus scrofa,ENSSSCG00000014307,adult mammalian kidney,94.63,MACROH2A1:VGNC:109808,variant,93.8425
MACROH2A1,sus_scrofa,Sus scrofa,ENSSSCG00000014307,adult mammalian kidney,94.81,MACROH2A1:VGNC:109808,variant,93.8425
MACROH2A1,sus_scrofa,Sus scrofa,ENSSSCG00000014307,adult mammalian kidney,89.45,MACROH2A1:VGNC:109808,variant,93.8425
MACROH2A1,sus_scrofa,Sus scrofa,ENSSSCG00000014307,blood,96.23,MACROH2A1:VGNC:109808,variant,96.26333333333334
MACROH2A1,sus_scrofa,Sus scrofa,ENSSSCG00000014307,blood,96.0,MACROH2A1:VGNC:109808,variant,96.26333333333334
MACROH2A1,sus_scrofa,Sus scrofa,ENSSSCG00000014307,blood,96.56,MACROH2A1:VGNC:109808,variant,96.26333333333334
MACROH2A1,sus_scrofa,Sus scrofa,ENSSSCG00000014307,prefrontal cortex,95.18,MACROH2A1:VGNC:109808,variant,95.18
MACROH2A1,sus_scrofa,Sus scrofa,ENSSSCG00000014307,material anatomical entity,93.11,MACROH2A1:VGNC:109808,variant,93.16
MACROH2A1,sus_scrofa,Sus scrofa,ENSSSCG00000014307,material anatomical entity,93.21,MACROH2A1:VGNC:109808,variant,93.16
MACROH2A1,sus_scrofa,Sus scrofa,ENSSSCG00000014307,testis,84.25,MACROH2A1:VGNC:109808,variant,83.94
MACROH2A1,sus_scrofa,Sus scrofa,ENSSSCG00000014307,testis,82.37,MACROH2A1:VGNC:109808,variant,83.94
MACROH2A1,sus_scrofa,Sus scrofa,ENSSSCG00000014307,testis,85.2,MACROH2A1:VGNC:109808,variant,83.94
MACROH2A1,sus_scrofa,Sus scrofa,ENSSSCG00000014307,stomach,89.72,MACROH2A1:VGNC:109808,variant,89.4
MACROH2A1,sus_scrofa,Sus scrofa,ENSSSCG00000014307,stomach,89.08,MACROH2A1:VGNC:109808,variant,89.4
MACROH2A1,sus_scrofa,Sus scrofa,ENSSSCG00000014307,heart,96.51,MACROH2A1:VGNC:109808,variant,95.97833333333334
MACROH2A1,sus_scrofa,Sus scrofa,ENSSSCG00000014307,heart,97.91,MACROH2A1:VGNC:109808,variant,95.97833333333334
MACROH2A1,sus_scrofa,Sus scrofa,ENSSSCG00000014307,heart,94.72,MACROH2A1:VGNC:109808,variant,95.97833333333334
MACROH2A1,sus_scrofa,Sus scrofa,ENSSSCG00000014307,heart,93.71,MACROH2A1:VGNC:109808,variant,95.97833333333334
MACROH2A1,sus_scrofa,Sus scrofa,ENSSSCG00000014307,heart,96.25,MACROH2A1:VGNC:109808,variant,95.97833333333334
MACROH2A1,sus_scrofa,Sus scrofa,ENSSSCG00000014307,heart,96.77,MACROH2A1:VGNC:109808,variant,95.97833333333334
MACROH2A1,sus_scrofa,Sus scrofa,ENSSSCG00000014307,cerebral cortex,91.25,MACROH2A1:VGNC:109808,variant,91.25
MACROH2A1,sus_scrofa,Sus scrofa,ENSSSCG00000014307,pons,91.48,MACROH2A1:VGNC:109808,variant,92.755
MACROH2A1,sus_scrofa,Sus scrofa,ENSSSCG00000014307,pons,94.03,MACROH2A1:VGNC:109808,variant,92.755
MACROH2A1,sus_scrofa,Sus scrofa,ENSSSCG00000014307,penis,95.38,MACROH2A1:VGNC:109808,variant,95.38
MACROH2A1,sus_scrofa,Sus scrofa,ENSSSCG00000014307,ovary,96.0,MACROH2A1:VGNC:109808,variant,95.19333333333334
MACROH2A1,sus_scrofa,Sus scrofa,ENSSSCG00000014307,ovary,96.29,MACROH2A1:VGNC:109808,variant,95.19333333333334
MACROH2A1,sus_scrofa,Sus scrofa,ENSSSCG00000014307,ovary,93.29,MACROH2A1:VGNC:109808,variant,95.19333333333334
MACROH2A1,sus_scrofa,Sus scrofa,ENSSSCG00000014307,uterus,96.99,MACROH2A1:VGNC:109808,variant,96.05
MACROH2A1,sus_scrofa,Sus scrofa,ENSSSCG00000014307,uterus,97.38,MACROH2A1:VGNC:109808,variant,96.05
MACROH2A1,sus_scrofa,Sus scrofa,ENSSSCG00000014307,uterus,93.78,MACROH2A1:VGNC:109808,variant,96.05
MACROH2A1,sus_scrofa,Sus scrofa,ENSSSCG00000014307,adipose tissue,93.18,MACROH2A1:VGNC:109808,variant,91.825
MACROH2A1,sus_scrofa,Sus scrofa,ENSSSCG00000014307,adipose tissue,90.47,MACROH2A1:VGNC:109808,variant,91.825
MACROH2A1,sus_scrofa,Sus scrofa,ENSSSCG00000014307,right lobe of liver,91.33,MACROH2A1:VGNC:109808,variant,91.33500000000001
MACROH2A1,sus_scrofa,Sus scrofa,ENSSSCG00000014307,right lobe of liver,91.34,MACROH2A1:VGNC:109808,variant,91.33500000000001
MACROH2A1,sus_scrofa,Sus scrofa,ENSSSCG00000014307,skeletal muscle tissue,91.74,MACROH2A1:VGNC:109808,variant,90.595
MACROH2A1,sus_scrofa,Sus scrofa,ENSSSCG00000014307,skeletal muscle tissue,89.45,MACROH2A1:VGNC:109808,variant,90.595
MACROH2A1,sus_scrofa,Sus scrofa,ENSSSCG00000014307,caecum,94.1,MACROH2A1:VGNC:109808,variant,94.74
MACROH2A1,sus_scrofa,Sus scrofa,ENSSSCG00000014307,caecum,95.38,MACROH2A1:VGNC:109808,variant,94.74
MACROH2A1,sus_scrofa,Sus scrofa,ENSSSCG00000014307,colon,94.1,MACROH2A1:VGNC:109808,variant,94.455
MACROH2A1,sus_scrofa,Sus scrofa,ENSSSCG00000014307,colon,94.81,MACROH2A1:VGNC:109808,variant,94.455
MACROH2A1,sus_scrofa,Sus scrofa,ENSSSCG00000014307,psoas major muscle,96.06,MACROH2A1:VGNC:109808,variant,95.475
MACROH2A1,sus_scrofa,Sus scrofa,ENSSSCG00000014307,psoas major muscle,94.89,MACROH2A1:VGNC:109808,variant,95.475
MACROH2A1,sus_scrofa,Sus scrofa,ENSSSCG00000014307,epididymis,92.9,MACROH2A1:VGNC:109808,variant,92.9
MACROH2A1,sus_scrofa,Sus scrofa,ENSSSCG00000014307,semimembranosus muscle,91.88,MACROH2A1:VGNC:109808,variant,92.205
MACROH2A1,sus_scrofa,Sus scrofa,ENSSSCG00000014307,semimembranosus muscle,92.53,MACROH2A1:VGNC:109808,variant,92.205
MACROH2A1,sus_scrofa,Sus scrofa,ENSSSCG00000014307,longissimus thoracis muscle,90.11,MACROH2A1:VGNC:109808,variant,92.982
MACROH2A1,sus_scrofa,Sus scrofa,ENSSSCG00000014307,longissimus thoracis muscle,92.67,MACROH2A1:VGNC:109808,variant,92.982
MACROH2A1,sus_scrofa,Sus scrofa,ENSSSCG00000014307,longissimus thoracis muscle,90.54,MACROH2A1:VGNC:109808,variant,92.982
MACROH2A1,sus_scrofa,Sus scrofa,ENSSSCG00000014307,longissimus thoracis muscle,95.68,MACROH2A1:VGNC:109808,variant,92.982
MACROH2A1,sus_scrofa,Sus scrofa,ENSSSCG00000014307,longissimus thoracis muscle,94.84,MACROH2A1:VGNC:109808,variant,92.982
MACROH2A1,sus_scrofa,Sus scrofa,ENSSSCG00000014307,longissimus thoracis muscle,94.9,MACROH2A1:VGNC:109808,variant,92.982
MACROH2A1,sus_scrofa,Sus scrofa,ENSSSCG00000014307,longissimus thoracis muscle,94.07,MACROH2A1:VGNC:109808,variant,92.982
MACROH2A1,sus_scrofa,Sus scrofa,ENSSSCG00000014307,longissimus thoracis muscle,95.1,MACROH2A1:VGNC:109808,variant,92.982
MACROH2A1,sus_scrofa,Sus scrofa,ENSSSCG00000014307,longissimus thoracis muscle,94.68,MACROH2A1:VGNC:109808,variant,92.982
MACROH2A1,sus_scrofa,Sus scrofa,ENSSSCG00000014307,longissimus thoracis muscle,94.74,MACROH2A1:VGNC:109808,variant,92.982
MACROH2A1,sus_scrofa,Sus scrofa,ENSSSCG00000014307,longissimus thoracis muscle,92.08,MACROH2A1:VGNC:109808,variant,92.982
MACROH2A1,sus_scrofa,Sus scrofa,ENSSSCG00000014307,longissimus thoracis muscle,93.44,MACROH2A1:VGNC:109808,variant,92.982
MACROH2A1,sus_scrofa,Sus scrofa,ENSSSCG00000014307,longissimus thoracis muscle,91.66,MACROH2A1:VGNC:109808,variant,92.982
MACROH2A1,sus_scrofa,Sus scrofa,ENSSSCG00000014307,longissimus thoracis muscle,93.44,MACROH2A1:VGNC:109808,variant,92.982
MACROH2A1,sus_scrofa,Sus scrofa,ENSSSCG00000014307,longissimus thoracis muscle,88.71,MACROH2A1:VGNC:109808,variant,92.982
MACROH2A1,sus_scrofa,Sus scrofa,ENSSSCG00000014307,longissimus thoracis muscle,92.86,MACROH2A1:VGNC:109808,variant,92.982
MACROH2A1,sus_scrofa,Sus scrofa,ENSSSCG00000014307,longissimus thoracis muscle,92.34,MACROH2A1:VGNC:109808,variant,92.982
MACROH2A1,sus_scrofa,Sus scrofa,ENSSSCG00000014307,longissimus thoracis muscle,92.24,MACROH2A1:VGNC:109808,variant,92.982
MACROH2A1,sus_scrofa,Sus scrofa,ENSSSCG00000014307,longissimus thoracis muscle,93.12,MACROH2A1:VGNC:109808,variant,92.982
MACROH2A1,sus_scrofa,Sus scrofa,ENSSSCG00000014307,longissimus thoracis muscle,92.42,MACROH2A1:VGNC:109808,variant,92.982
MACROH2A1,sus_scrofa,Sus scrofa,ENSSSCG00000014307,frontal cortex,95.29,MACROH2A1:VGNC:109808,variant,93.96428571428571
MACROH2A1,sus_scrofa,Sus scrofa,ENSSSCG00000014307,frontal cortex,95.62,MACROH2A1:VGNC:109808,variant,93.96428571428571
MACROH2A1,sus_scrofa,Sus scrofa,ENSSSCG00000014307,frontal cortex,92.76,MACROH2A1:VGNC:109808,variant,93.96428571428571
MACROH2A1,sus_scrofa,Sus scrofa,ENSSSCG00000014307,frontal cortex,89.89,MACROH2A1:VGNC:109808,variant,93.96428571428571
MACROH2A1,sus_scrofa,Sus scrofa,ENSSSCG00000014307,frontal cortex,95.8,MACROH2A1:VGNC:109808,variant,93.96428571428571
MACROH2A1,sus_scrofa,Sus scrofa,ENSSSCG00000014307,frontal cortex,95.78,MACROH2A1:VGNC:109808,variant,93.96428571428571
MACROH2A1,sus_scrofa,Sus scrofa,ENSSSCG00000014307,frontal cortex,92.61,MACROH2A1:VGNC:109808,variant,93.96428571428571
MACROH2A1,sus_scrofa,Sus scrofa,ENSSSCG00000014307,amygdala,91.36,MACROH2A1:VGNC:109808,variant,92.62
MACROH2A1,sus_scrofa,Sus scrofa,ENSSSCG00000014307,amygdala,93.88,MACROH2A1:VGNC:109808,variant,92.62
MACROH2A1,sus_scrofa,Sus scrofa,ENSSSCG00000014307,forebrain,93.91,MACROH2A1:VGNC:109808,variant,93.91
MACROH2A1,sus_scrofa,Sus scrofa,ENSSSCG00000014307,medulla oblongata,94.39,MACROH2A1:VGNC:109808,variant,92.205
MACROH2A1,sus_scrofa,Sus scrofa,ENSSSCG00000014307,medulla oblongata,90.02,MACROH2A1:VGNC:109808,variant,92.205
MACROH2A1,sus_scrofa,Sus scrofa,ENSSSCG00000014307,dorsal plus ventral thalamus,94.6,MACROH2A1:VGNC:109808,variant,94.085
MACROH2A1,sus_scrofa,Sus scrofa,ENSSSCG00000014307,dorsal plus ventral thalamus,93.57,MACROH2A1:VGNC:109808,variant,94.085
MACROH2A1,sus_scrofa,Sus scrofa,ENSSSCG00000014307,hypothalamus,95.24,MACROH2A1:VGNC:109808,variant,96.055
MACROH2A1,sus_scrofa,Sus scrofa,ENSSSCG00000014307,hypothalamus,96.87,MACROH2A1:VGNC:109808,variant,96.055
MACROH2A1,sus_scrofa,Sus scrofa,ENSSSCG00000014307,Ammon's horn,94.61,MACROH2A1:VGNC:109808,variant,94.61
MACROH2A1,sus_scrofa,Sus scrofa,ENSSSCG00000014307,cerebellum,94.79,MACROH2A1:VGNC:109808,variant,92.13333333333333
MACROH2A1,sus_scrofa,Sus scrofa,ENSSSCG00000014307,cerebellum,91.35,MACROH2A1:VGNC:109808,variant,92.13333333333333
MACROH2A1,sus_scrofa,Sus scrofa,ENSSSCG00000014307,cerebellum,90.26,MACROH2A1:VGNC:109808,variant,92.13333333333333
MACROH2A1,sus_scrofa,Sus scrofa,ENSSSCG00000014307,lung,94.34,MACROH2A1:VGNC:109808,variant,94.0075
MACROH2A1,sus_scrofa,Sus scrofa,ENSSSCG00000014307,lung,95.1,MACROH2A1:VGNC:109808,variant,94.0075
MACROH2A1,sus_scrofa,Sus scrofa,ENSSSCG00000014307,lung,92.35,MACROH2A1:VGNC:109808,variant,94.0075
MACROH2A1,sus_scrofa,Sus scrofa,ENSSSCG00000014307,lung,94.24,MACROH2A1:VGNC:109808,variant,94.0075
MACROH2A1,sus_scrofa,Sus scrofa,ENSSSCG00000014307,heart left ventricle,97.15,MACROH2A1:VGNC:109808,variant,96.805
MACROH2A1,sus_scrofa,Sus scrofa,ENSSSCG00000014307,heart left ventricle,96.46,MACROH2A1:VGNC:109808,variant,96.805
MACROH2A1,sus_scrofa,Sus scrofa,ENSSSCG00000014307,spleen,97.37,MACROH2A1:VGNC:109808,variant,95.62142857142858
MACROH2A1,sus_scrofa,Sus scrofa,ENSSSCG00000014307,spleen,95.84,MACROH2A1:VGNC:109808,variant,95.62142857142858
MACROH2A1,sus_scrofa,Sus scrofa,ENSSSCG00000014307,spleen,95.38,MACROH2A1:VGNC:109808,variant,95.62142857142858
MACROH2A1,sus_scrofa,Sus scrofa,ENSSSCG00000014307,spleen,95.09,MACROH2A1:VGNC:109808,variant,95.62142857142858
MACROH2A1,sus_scrofa,Sus scrofa,ENSSSCG00000014307,spleen,95.77,MACROH2A1:VGNC:109808,variant,95.62142857142858
MACROH2A1,sus_scrofa,Sus scrofa,ENSSSCG00000014307,spleen,95.43,MACROH2A1:VGNC:109808,variant,95.62142857142858
MACROH2A1,sus_scrofa,Sus scrofa,ENSSSCG00000014307,spleen,94.47,MACROH2A1:VGNC:109808,variant,95.62142857142858
MACROH2A1,sus_scrofa,Sus scrofa,ENSSSCG00000014307,liver,93.2,MACROH2A1:VGNC:109808,variant,91.13499999999999
MACROH2A1,sus_scrofa,Sus scrofa,ENSSSCG00000014307,liver,92.84,MACROH2A1:VGNC:109808,variant,91.13499999999999
MACROH2A1,sus_scrofa,Sus scrofa,ENSSSCG00000014307,liver,89.44,MACROH2A1:VGNC:109808,variant,91.13499999999999
MACROH2A1,sus_scrofa,Sus scrofa,ENSSSCG00000014307,liver,89.87,MACROH2A1:VGNC:109808,variant,91.13499999999999
MACROH2A1,sus_scrofa,Sus scrofa,ENSSSCG00000014307,liver,89.99,MACROH2A1:VGNC:109808,variant,91.13499999999999
MACROH2A1,sus_scrofa,Sus scrofa,ENSSSCG00000014307,liver,91.47,MACROH2A1:VGNC:109808,variant,91.13499999999999
MACROH2A1,sus_scrofa,Sus scrofa,ENSSSCG00000014307,kidney,95.72,MACROH2A1:VGNC:109808,variant,95.72
MACROH2A1,sus_scrofa,Sus scrofa,ENSSSCG00000014307,duodenum,93.43,MACROH2A1:VGNC:109808,variant,93.13
MACROH2A1,sus_scrofa,Sus scrofa,ENSSSCG00000014307,duodenum,92.83,MACROH2A1:VGNC:109808,variant,93.13
MACROH2A1,sus_scrofa,Sus scrofa,ENSSSCG00000014307,ileum,93.55,MACROH2A1:VGNC:109808,variant,93.595
MACROH2A1,sus_scrofa,Sus scrofa,ENSSSCG00000014307,ileum,93.64,MACROH2A1:VGNC:109808,variant,93.595
MACROH2A1,sus_scrofa,Sus scrofa,ENSSSCG00000014307,subcutaneous adipose tissue,94.22,MACROH2A1:VGNC:109808,variant,94.08333333333333
MACROH2A1,sus_scrofa,Sus scrofa,ENSSSCG00000014307,subcutaneous adipose tissue,93.65,MACROH2A1:VGNC:109808,variant,94.08333333333333
MACROH2A1,sus_scrofa,Sus scrofa,ENSSSCG00000014307,subcutaneous adipose tissue,94.38,MACROH2A1:VGNC:109808,variant,94.08333333333333
MACROH2A1,sus_scrofa,Sus scrofa,ENSSSCG00000014307,brainstem,88.36,MACROH2A1:VGNC:109808,variant,90.92999999999999
MACROH2A1,sus_scrofa,Sus scrofa,ENSSSCG00000014307,brainstem,92.97,MACROH2A1:VGNC:109808,variant,90.92999999999999
MACROH2A1,sus_scrofa,Sus scrofa,ENSSSCG00000014307,brainstem,91.46,MACROH2A1:VGNC:109808,variant,90.92999999999999
MACROH2A1,sus_scrofa,Sus scrofa,ENSSSCG00000014307,corpus callosum,93.19,MACROH2A1:VGNC:109808,variant,91.85
MACROH2A1,sus_scrofa,Sus scrofa,ENSSSCG00000014307,corpus callosum,90.51,MACROH2A1:VGNC:109808,variant,91.85
MACROH2A1,sus_scrofa,Sus scrofa,ENSSSCG00000014307,tonsil,95.05,MACROH2A1:VGNC:109808,variant,95.05
MACROH2A1,sus_scrofa,Sus scrofa,ENSSSCG00000014307,muscle tissue,93.15,MACROH2A1:VGNC:109808,variant,93.42500000000001
MACROH2A1,sus_scrofa,Sus scrofa,ENSSSCG00000014307,muscle tissue,93.7,MACROH2A1:VGNC:109808,variant,93.42500000000001
MACROH2A1,sus_scrofa,Sus scrofa,ENSSSCG00000014307,hippocampal formation,91.04,MACROH2A1:VGNC:109808,variant,91.44
MACROH2A1,sus_scrofa,Sus scrofa,ENSSSCG00000014307,hippocampal formation,91.84,MACROH2A1:VGNC:109808,variant,91.44
MACROH2A1,sus_scrofa,Sus scrofa,ENSSSCG00000014307,mesenteric lymph node,93.98,MACROH2A1:VGNC:109808,variant,94.03
MACROH2A1,sus_scrofa,Sus scrofa,ENSSSCG00000014307,mesenteric lymph node,94.08,MACROH2A1:VGNC:109808,variant,94.03
MACROH2A1,sus_scrofa,Sus scrofa,ENSSSCG00000014307,omentum,89.15,MACROH2A1:VGNC:109808,variant,89.14
MACROH2A1,sus_scrofa,Sus scrofa,ENSSSCG00000014307,omentum,89.13,MACROH2A1:VGNC:109808,variant,89.14
MACROH2A1,sus_scrofa,Sus scrofa,ENSSSCG00000014307,endocardial endothelium,92.51,MACROH2A1:VGNC:109808,variant,92.51
MACROH2A1,sus_scrofa,Sus scrofa,ENSSSCG00000014307,forelimb bud,98.67,MACROH2A1:VGNC:109808,variant,98.67
MACROH2A1,sus_scrofa,Sus scrofa,ENSSSCG00000014307,hindlimb bud,98.74,MACROH2A1:VGNC:109808,variant,98.74
MACROH2A1,sus_scrofa,Sus scrofa,ENSSSCG00000014307,metanephros cortex,92.24,MACROH2A1:VGNC:109808,variant,92.245
MACROH2A1,sus_scrofa,Sus scrofa,ENSSSCG00000014307,metanephros cortex,92.25,MACROH2A1:VGNC:109808,variant,92.245
MACROH2A1,sus_scrofa,Sus scrofa,ENSSSCG00000014307,longissimus lumborum muscle,91.17,MACROH2A1:VGNC:109808,variant,91.17
MACROH2A1,sus_scrofa,Sus scrofa,ENSSSCG00000014307,occipital cortex,94.1,MACROH2A1:VGNC:109808,variant,92.17333333333333
MACROH2A1,sus_scrofa,Sus scrofa,ENSSSCG00000014307,occipital cortex,92.59,MACROH2A1:VGNC:109808,variant,92.17333333333333
MACROH2A1,sus_scrofa,Sus scrofa,ENSSSCG00000014307,occipital cortex,89.83,MACROH2A1:VGNC:109808,variant,92.17333333333333
