Gene ID	Gene name	Anatomical entity name	cell_mean_score	cell_std_score	cell_n	cell_status	Expression score	Expression std	Expression n	raw_row_count	qualifying_row_count
ENSG00000099284	MACROH2A2	Ammon's horn	77.00818181818182	2.8373187147688386	22	present_gold	77.00818181818182	2.8373187147688386	22	24	22
ENSG00000099284	MACROH2A2	Brodmann (1909) area 23	78.598	3.0984786589550684	5	present_gold	78.598	3.0984786589550684	5	6	5
ENSG00000099284	MACROH2A2	Brodmann (1909) area 46	76.52666666666667	1.5621246215758018	3	present_gold	76.52666666666667	1.5621246215758018	3	5	3
ENSG00000099284	MACROH2A2	Brodmann (1909) area 9	80.7125	1.1990800044796248	8	present_gold	80.7125	1.1990800044796248	8	10	8
ENSG00000099284	MACROH2A2	C1 segment of cervical spinal cord	81.49888888888889	2.1246731774819176	9	present_gold	81.49888888888889	2.1246731774819176	9	9	9
ENSG00000099284	MACROH2A2	CA1 field of hippocampus	0.0	0.0	0	observed_zero	0.0	0.0	0	4	0
ENSG00000099284	MACROH2A2	adenohypophysis	86.17	2.116213599805086	6	present_gold	86.17	2.116213599805086	6	6	6
ENSG00000099284	MACROH2A2	adipose tissue	71.82846153846154	4.60195039476714	13	present_gold	71.82846153846154	4.60195039476714	13	16	13
ENSG00000099284	MACROH2A2	adipose tissue of abdominal region	73.80833333333334	2.811152195571537	6	present_gold	73.80833333333334	2.811152195571537	6	6	6
ENSG00000099284	MACROH2A2	adrenal cortex	71.43	0.0	1	present_gold	71.43	0.0	1	3	1
ENSG00000099284	MACROH2A2	adrenal gland	73.89500000000001	3.1224402849907817	4	present_gold	73.89500000000001	3.1224402849907817	4	4	4
ENSG00000099284	MACROH2A2	adrenal tissue	81.66666666666667	2.6133758499942874	3	present_gold	81.66666666666667	2.6133758499942874	3	3	3
ENSG00000099284	MACROH2A2	adult mammalian kidney	83.38416666666667	2.0850352442337696	12	present_gold	83.38416666666667	2.0850352442337696	12	12	12
ENSG00000099284	MACROH2A2	adult organism	76.85	0.0	1	present_gold	76.85	0.0	1	1	1
ENSG00000099284	MACROH2A2	amniotic fluid	77.81	0.0	1	present_gold	77.81	0.0	1	2	1
ENSG00000099284	MACROH2A2	amygdala	81.30181818181818	1.1228162644156716	11	present_gold	81.30181818181818	1.1228162644156716	11	13	11
ENSG00000099284	MACROH2A2	anatomical system	80.0	0.0	1	present_gold	80.0	0.0	1	1	1
ENSG00000099284	MACROH2A2	anterior cingulate cortex	80.60888888888888	2.1290164656740234	9	present_gold	80.60888888888888	2.1290164656740234	9	9	9
ENSG00000099284	MACROH2A2	aorta	76.685	0.20506096654409317	2	present_gold	76.685	0.20506096654409317	2	2	2
ENSG00000099284	MACROH2A2	apex of heart	85.87	0.0	1	present_gold	85.87	0.0	1	1	1
ENSG00000099284	MACROH2A2	ascending aorta	76.401	0.8582469212166024	10	present_gold	76.401	0.8582469212166024	10	10	10
ENSG00000099284	MACROH2A2	biceps brachii	79.015	0.9121677477306407	2	present_gold	79.015	0.9121677477306407	2	5	2
ENSG00000099284	MACROH2A2	blood	70.8588	4.60978969151522	25	present_gold	70.8588	4.60978969151522	25	37	25
ENSG00000099284	MACROH2A2	blood vessel layer	0.0	0.0	0	observed_zero	0.0	0.0	0	1	0
ENSG00000099284	MACROH2A2	body of pancreas	79.12100000000001	1.5196523725291056	10	present_gold	79.12100000000001	1.5196523725291056	10	10	10
ENSG00000099284	MACROH2A2	body of stomach	80.75272727272727	1.7042716386133447	11	present_gold	80.75272727272727	1.7042716386133447	11	11	11
ENSG00000099284	MACROH2A2	body of tongue	86.12666666666667	1.2744148984272474	3	present_gold	86.12666666666667	1.2744148984272474	3	3	3
ENSG00000099284	MACROH2A2	body of uterus	85.19	1.8273478048800686	5	present_gold	85.19	1.8273478048800686	5	5	5
ENSG00000099284	MACROH2A2	bone marrow	74.945	0.44547727214753174	2	present_gold	74.945	0.44547727214753174	2	14	2
ENSG00000099284	MACROH2A2	bone marrow cell	0.0	0.0	0	observed_zero	0.0	0.0	0	6	0
ENSG00000099284	MACROH2A2	brain	82.24428571428572	4.332217182261955	21	present_gold	82.24428571428572	4.332217182261955	21	23	21
ENSG00000099284	MACROH2A2	bronchial epithelial cell	75.03428571428572	1.0500074829665325	21	present_gold	75.03428571428572	1.0500074829665325	21	21	21
ENSG00000099284	MACROH2A2	bronchus	76.405	0.940452018978107	2	present_gold	76.405	0.940452018978107	2	2	2
ENSG00000099284	MACROH2A2	buccal mucosa cell	0.0	0.0	0	observed_zero	0.0	0.0	0	1	0
ENSG00000099284	MACROH2A2	caecum	88.485	3.9951533137039976	2	present_gold	88.485	3.9951533137039976	2	3	2
ENSG00000099284	MACROH2A2	calcaneal tendon	72.614	3.1156909346082435	5	present_gold	72.614	3.1156909346082435	5	5	5
ENSG00000099284	MACROH2A2	caput epididymis	79.87	2.2655021518418414	3	present_gold	79.87	2.2655021518418414	3	3	3
ENSG00000099284	MACROH2A2	cardia of stomach	84.2	0.0	1	present_gold	84.2	0.0	1	3	1
ENSG00000099284	MACROH2A2	cardiac atrium	84.57	0.7374957626996981	3	present_gold	84.57	0.7374957626996981	3	3	3
ENSG00000099284	MACROH2A2	cardiac muscle of right atrium	84.8675	0.33718194890395176	4	present_gold	84.8675	0.33718194890395176	4	8	4
ENSG00000099284	MACROH2A2	cardiac ventricle	86.91000000000001	1.0073231854772335	3	present_gold	86.91000000000001	1.0073231854772335	3	3	3
ENSG00000099284	MACROH2A2	cartilage tissue	78.05	0.0	1	present_gold	78.05	0.0	1	1	1
ENSG00000099284	MACROH2A2	cauda epididymis	80.24000000000001	0.6481512169239503	3	present_gold	80.24000000000001	0.6481512169239503	3	3	3
ENSG00000099284	MACROH2A2	caudate nucleus	80.25176470588235	1.805212021114547	17	present_gold	80.25176470588235	1.805212021114547	17	18	17
ENSG00000099284	MACROH2A2	cerebellar cortex	88.08500000000001	0.20506096654410322	2	present_gold	88.08500000000001	0.20506096654410322	2	2	2
ENSG00000099284	MACROH2A2	cerebellar hemisphere	88.21818181818182	0.5770757000917328	11	present_gold	88.21818181818182	0.5770757000917328	11	11	11
ENSG00000099284	MACROH2A2	cerebellar vermis	90.25	0.0	1	present_gold	90.25	0.0	1	1	1
ENSG00000099284	MACROH2A2	cerebellum	88.37928571428571	2.666453894899813	14	present_gold	88.37928571428571	2.666453894899813	14	14	14
ENSG00000099284	MACROH2A2	cerebral cortex	84.42333333333333	6.916563453045162	9	present_gold	84.42333333333333	6.916563453045162	9	9	9
ENSG00000099284	MACROH2A2	cervix epithelium	86.26599999999999	1.6592407902411292	5	present_gold	86.26599999999999	1.6592407902411292	5	6	5
ENSG00000099284	MACROH2A2	cervix squamous epithelium	0.0	0.0	0	observed_zero	0.0	0.0	0	1	0
ENSG00000099284	MACROH2A2	choroid plexus epithelium	0.0	0.0	0	observed_zero	0.0	0.0	0	1	0
ENSG00000099284	MACROH2A2	cingulate cortex	0.0	0.0	0	observed_zero	0.0	0.0	0	1	0
ENSG00000099284	MACROH2A2	colon	82.135	2.9820369074924384	18	present_gold	82.135	2.9820369074924384	18	18	18
ENSG00000099284	MACROH2A2	colonic epithelium	94.04	0.0	1	present_gold	94.04	0.0	1	1	1
ENSG00000099284	MACROH2A2	colonic mucosa	81.97	1.7078407419897186	6	present_gold	81.97	1.7078407419897186	6	6	6
ENSG00000099284	MACROH2A2	connective tissue	72.34	0.0	1	present_gold	72.34	0.0	1	1	1
ENSG00000099284	MACROH2A2	coronary artery	79.92500000000001	0.36062445840514284	2	present_gold	79.92500000000001	0.36062445840514284	2	2	2
ENSG00000099284	MACROH2A2	corpus callosum	79.18777777777778	4.0740390823413115	9	present_gold	79.18777777777778	4.0740390823413115	9	11	9
ENSG00000099284	MACROH2A2	corpus epididymis	80.31	0.4334743360338647	3	present_gold	80.31	0.4334743360338647	3	3	3
ENSG00000099284	MACROH2A2	cortex of kidney	84.02799999999999	2.58382855468392	5	present_gold	84.02799999999999	2.58382855468392	5	5	5
ENSG00000099284	MACROH2A2	cortical plate	97.975	0.12020815280171428	2	present_gold	97.975	0.12020815280171428	2	2	2
ENSG00000099284	MACROH2A2	cranial nerve II	0.0	0.0	0	observed_zero	0.0	0.0	0	1	0
ENSG00000099284	MACROH2A2	decidua	77.63	6.816509370638319	2	present_gold	77.63	6.816509370638319	2	2	2
ENSG00000099284	MACROH2A2	deltoid	78.59	0.0	1	present_gold	78.59	0.0	1	7	1
ENSG00000099284	MACROH2A2	descending thoracic aorta	75.90333333333332	0.9881970113966855	3	present_gold	75.90333333333332	0.9881970113966855	3	3	3
ENSG00000099284	MACROH2A2	diaphragm	0.0	0.0	0	observed_zero	0.0	0.0	0	1	0
ENSG00000099284	MACROH2A2	dorsal motor nucleus of vagus nerve	80.13	0.0	1	present_gold	80.13	0.0	1	2	1
ENSG00000099284	MACROH2A2	dorsal plus ventral thalamus	80.99	0.0	1	present_gold	80.99	0.0	1	7	1
ENSG00000099284	MACROH2A2	dorsal root ganglion	81.14	1.345139397980742	4	present_gold	81.14	1.345139397980742	4	6	4
ENSG00000099284	MACROH2A2	dorsolateral prefrontal cortex	79.24666666666667	1.7131793056575633	21	present_gold	79.24666666666667	1.7131793056575633	21	22	21
ENSG00000099284	MACROH2A2	duodenum	79.68	1.0209309477138968	3	present_gold	79.68	1.0209309477138968	3	4	3
ENSG00000099284	MACROH2A2	ectocervix	85.598	1.8868545253940505	5	present_gold	85.598	1.8868545253940505	5	5	5
ENSG00000099284	MACROH2A2	embryo	97.28333333333335	0.5487683178415699	6	present_gold	97.28333333333335	0.5487683178415699	6	6	6
ENSG00000099284	MACROH2A2	endocervix	84.19	2.0542395186540423	3	present_gold	84.19	2.0542395186540423	3	3	3
ENSG00000099284	MACROH2A2	endometrium	90.046875	2.9807643734451728	16	present_gold	90.046875	2.9807643734451728	16	16	16
ENSG00000099284	MACROH2A2	endothelial cell	0.0	0.0	0	observed_zero	0.0	0.0	0	1	0
ENSG00000099284	MACROH2A2	entorhinal cortex	80.48400000000001	3.631145099943283	20	present_gold	80.48400000000001	3.631145099943283	20	21	20
ENSG00000099284	MACROH2A2	epithelial cell of pancreas	0.0	0.0	0	observed_zero	0.0	0.0	0	1	0
ENSG00000099284	MACROH2A2	epithelium of bronchus	76.11384615384615	2.0814119344871735	13	present_gold	76.11384615384615	2.0814119344871735	13	13	13
ENSG00000099284	MACROH2A2	epithelium of esophagus	88.21	0.0	1	present_gold	88.21	0.0	1	1	1
ENSG00000099284	MACROH2A2	epithelium of mammary gland	86.66666666666667	2.717652172985597	3	present_gold	86.66666666666667	2.717652172985597	3	7	3
ENSG00000099284	MACROH2A2	epithelium of nasopharynx	84.44	0.0	1	present_gold	84.44	0.0	1	1	1
ENSG00000099284	MACROH2A2	esophagogastric junction muscularis propria	82.13363636363637	1.7016302343768612	11	present_gold	82.13363636363637	1.7016302343768612	11	11	11
ENSG00000099284	MACROH2A2	esophagus	84.90142857142857	0.43982680574019095	7	present_gold	84.90142857142857	0.43982680574019095	7	7	7
ENSG00000099284	MACROH2A2	esophagus mucosa	86.26363636363637	0.6635099506001788	11	present_gold	86.26363636363637	0.6635099506001788	11	11	11
ENSG00000099284	MACROH2A2	esophagus squamous epithelium	87.94	0.0	1	present_gold	87.94	0.0	1	1	1
ENSG00000099284	MACROH2A2	fallopian tube	81.815	0.9121677477306407	2	present_gold	81.815	0.9121677477306407	2	2	2
ENSG00000099284	MACROH2A2	female reproductive system	82.99	0.0	1	present_gold	82.99	0.0	1	1	1
ENSG00000099284	MACROH2A2	forebrain	93.65	2.8991378028648507	2	present_gold	93.65	2.8991378028648507	2	2	2
ENSG00000099284	MACROH2A2	frontal cortex	81.82631578947368	3.2362619220437305	19	present_gold	81.82631578947368	3.2362619220437305	19	19	19
ENSG00000099284	MACROH2A2	fundus of stomach	81.28428571428572	2.0230822782976254	7	present_gold	81.28428571428572	2.0230822782976254	7	7	7
ENSG00000099284	MACROH2A2	gall bladder	81.73	0.0	1	present_gold	81.73	0.0	1	1	1
ENSG00000099284	MACROH2A2	ganglionic eminence	97.33500000000001	0.47376154339498805	2	present_gold	97.33500000000001	0.47376154339498805	2	2	2
ENSG00000099284	MACROH2A2	gastrocnemius	80.2823076923077	0.6496685545485706	13	present_gold	80.2823076923077	0.6496685545485706	13	13	13
ENSG00000099284	MACROH2A2	germinal epithelium of ovary	86.19	0.0	1	present_gold	86.19	0.0	1	1	1
ENSG00000099284	MACROH2A2	gingiva	82.395	0.4596194077712599	2	present_gold	82.395	0.4596194077712599	2	2	2
ENSG00000099284	MACROH2A2	gingival epithelium	90.96	0.0	1	present_gold	90.96	0.0	1	1	1
ENSG00000099284	MACROH2A2	globus pallidus	0.0	0.0	0	observed_zero	0.0	0.0	0	1	0
ENSG00000099284	MACROH2A2	gluteal muscle	0.0	0.0	0	observed_zero	0.0	0.0	0	1	0
ENSG00000099284	MACROH2A2	granulocyte	75.59	0.0	1	present_gold	75.59	0.0	1	1	1
ENSG00000099284	MACROH2A2	hair follicle	0.0	0.0	0	observed_zero	0.0	0.0	0	3	0
ENSG00000099284	MACROH2A2	heart	84.95133333333334	2.5407447352152115	15	present_gold	84.95133333333334	2.5407447352152115	15	15	15
ENSG00000099284	MACROH2A2	heart left ventricle	86.19470588235293	1.3672879984071529	17	present_gold	86.19470588235293	1.3672879984071529	17	17	17
ENSG00000099284	MACROH2A2	heart right ventricle	83.14166666666667	1.8228704470331036	6	present_gold	83.14166666666667	1.8228704470331036	6	6	6
ENSG00000099284	MACROH2A2	hindlimb stylopod muscle	84.91499999999999	2.255670631985095	2	present_gold	84.91499999999999	2.255670631985095	2	2	2
ENSG00000099284	MACROH2A2	hypothalamus	81.58200000000001	1.9666294588893543	15	present_gold	81.58200000000001	1.9666294588893543	15	16	15
ENSG00000099284	MACROH2A2	ileal mucosa	0.0	0.0	0	observed_zero	0.0	0.0	0	1	0
ENSG00000099284	MACROH2A2	inferior olivary complex	79.315	0.09192388155424797	2	present_gold	79.315	0.09192388155424797	2	3	2
ENSG00000099284	MACROH2A2	inferior vagus X ganglion	80.22	1.0040916292848987	2	present_gold	80.22	1.0040916292848987	2	6	2
ENSG00000099284	MACROH2A2	intestine	88.06	4.28952988877181	4	present_gold	88.06	4.28952988877181	4	4	4
ENSG00000099284	MACROH2A2	islet of Langerhans	87.50666666666666	2.605484890601272	12	present_gold	87.50666666666666	2.605484890601272	12	16	12
ENSG00000099284	MACROH2A2	jejunal mucosa	75.79	0.0	1	present_gold	75.79	0.0	1	1	1
ENSG00000099284	MACROH2A2	jejunum	82.785	2.481944801964785	2	present_gold	82.785	2.481944801964785	2	2	2
ENSG00000099284	MACROH2A2	kidney	87.33	4.968327686455474	6	present_gold	87.33	4.968327686455474	6	6	6
ENSG00000099284	MACROH2A2	kidney epithelium	81.61	0.0	1	present_gold	81.61	0.0	1	1	1
ENSG00000099284	MACROH2A2	large intestine	82.035	0.21920310216783134	2	present_gold	82.035	0.21920310216783134	2	2	2
ENSG00000099284	MACROH2A2	lateral globus pallidus	0.0	0.0	0	observed_zero	0.0	0.0	0	2	0
ENSG00000099284	MACROH2A2	lateral nuclear group of thalamus	83.7	0.0	1	present_gold	83.7	0.0	1	2	1
ENSG00000099284	MACROH2A2	layer of synovial tissue	78.23	0.0	1	present_gold	78.23	0.0	1	7	1
ENSG00000099284	MACROH2A2	left adrenal gland	70.05	1.147855142677606	8	present_gold	70.05	1.147855142677606	8	8	8
ENSG00000099284	MACROH2A2	left adrenal gland cortex	68.86375	3.0794801857270824	8	present_gold	68.86375	3.0794801857270824	8	8	8
ENSG00000099284	MACROH2A2	left coronary artery	77.62555555555555	1.7611580785885699	9	present_gold	77.62555555555555	1.7611580785885699	9	9	9
ENSG00000099284	MACROH2A2	left lobe of thyroid gland	80.56181818181818	2.1142649700632035	11	present_gold	80.56181818181818	2.1142649700632035	11	11	11
ENSG00000099284	MACROH2A2	left ovary	84.712	1.401863046092591	5	present_gold	84.712	1.401863046092591	5	5	5
ENSG00000099284	MACROH2A2	left testis	80.99	1.0653074673539062	6	present_gold	80.99	1.0653074673539062	6	6	6
ENSG00000099284	MACROH2A2	left uterine tube	84.375	3.3587572106361008	2	present_gold	84.375	3.3587572106361008	2	2	2
ENSG00000099284	MACROH2A2	left ventricle myocardium	0.0	0.0	0	observed_zero	0.0	0.0	0	4	0
ENSG00000099284	MACROH2A2	leukocyte	80.73	0.0	1	present_gold	80.73	0.0	1	1	1
ENSG00000099284	MACROH2A2	liver	82.71000000000001	3.52806939900713	20	present_gold	82.71000000000001	3.52806939900713	20	23	20
ENSG00000099284	MACROH2A2	lower esophagus	82.97	0.5232590180780515	2	present_gold	82.97	0.5232590180780515	2	2	2
ENSG00000099284	MACROH2A2	lower esophagus mucosa	86.75	0.0	1	present_gold	86.75	0.0	1	1	1
ENSG00000099284	MACROH2A2	lower esophagus muscularis layer	83.50181818181818	0.6696389800753573	11	present_gold	83.50181818181818	0.6696389800753573	11	11	11
ENSG00000099284	MACROH2A2	lower lobe of lung	0.0	0.0	0	observed_zero	0.0	0.0	0	8	0
ENSG00000099284	MACROH2A2	lung	79.4875	6.822806362976065	16	present_gold	79.4875	6.822806362976065	16	22	16
ENSG00000099284	MACROH2A2	lymph node	80.63166666666666	2.969467404546928	6	present_gold	80.63166666666666	2.969467404546928	6	6	6
ENSG00000099284	MACROH2A2	male germ cell	0.0	0.0	0	observed_zero	0.0	0.0	0	1	0
ENSG00000099284	MACROH2A2	male germ line stem cell (sensu Vertebrata) in testis	79.89	0.0	1	present_gold	79.89	0.0	1	1	1
ENSG00000099284	MACROH2A2	mammalian vulva	82.212	0.5166913972575878	5	present_gold	82.212	0.5166913972575878	5	5	5
ENSG00000099284	MACROH2A2	mammary duct	83.24	0.0	1	present_gold	83.24	0.0	1	1	1
ENSG00000099284	MACROH2A2	mammary gland	81.56	0.0	1	present_gold	81.56	0.0	1	1	1
ENSG00000099284	MACROH2A2	material anatomical entity	79.73	0.0	1	present_gold	79.73	0.0	1	1	1
ENSG00000099284	MACROH2A2	medial globus pallidus	0.0	0.0	0	observed_zero	0.0	0.0	0	2	0
ENSG00000099284	MACROH2A2	medulla oblongata	82.645	1.2876982048083618	4	present_gold	82.645	1.2876982048083618	4	6	4
ENSG00000099284	MACROH2A2	metanephric glomerulus	81.88285714285715	2.217797062294884	7	present_gold	81.88285714285715	2.217797062294884	7	7	7
ENSG00000099284	MACROH2A2	metanephros	90.25	3.8424731619101764	4	present_gold	90.25	3.8424731619101764	4	4	4
ENSG00000099284	MACROH2A2	metanephros cortex	83.965	0.8131727983645337	2	present_gold	83.965	0.8131727983645337	2	2	2
ENSG00000099284	MACROH2A2	midbrain	82.3	1.6076691201861142	5	present_gold	82.3	1.6076691201861142	5	5	5
ENSG00000099284	MACROH2A2	middle temporal gyrus	77.61666666666667	1.820064101435264	3	present_gold	77.61666666666667	1.820064101435264	3	5	3
ENSG00000099284	MACROH2A2	minor salivary gland	79.069	2.294599698809745	10	present_gold	79.069	2.294599698809745	10	10	10
ENSG00000099284	MACROH2A2	monocyte	71.64	0.0	1	present_gold	71.64	0.0	1	1	1
ENSG00000099284	MACROH2A2	mononuclear cell	71.62	0.0	1	present_gold	71.62	0.0	1	2	1
ENSG00000099284	MACROH2A2	mouth mucosa	79.2575	1.3654639016344112	4	present_gold	79.2575	1.3654639016344112	4	4	4
ENSG00000099284	MACROH2A2	mucosa of paranasal sinus	0.0	0.0	0	observed_zero	0.0	0.0	0	1	0
ENSG00000099284	MACROH2A2	mucosa of sigmoid colon	83.23	0.0	1	present_gold	83.23	0.0	1	1	1
ENSG00000099284	MACROH2A2	mucosa of stomach	74.05	0.0	1	present_gold	74.05	0.0	1	1	1
ENSG00000099284	MACROH2A2	mucosa of transverse colon	86.79	0.0	1	present_gold	86.79	0.0	1	1	1
ENSG00000099284	MACROH2A2	mucosa of urinary bladder	0.0	0.0	0	observed_zero	0.0	0.0	0	1	0
ENSG00000099284	MACROH2A2	multicellular organism	79.73	0.0	1	present_gold	79.73	0.0	1	1	1
ENSG00000099284	MACROH2A2	muscle layer of sigmoid colon	82.58454545454545	2.42487675413149	11	present_gold	82.58454545454545	2.42487675413149	11	11	11
ENSG00000099284	MACROH2A2	muscle of leg	81.14500000000001	0.940452018978107	2	present_gold	81.14500000000001	0.940452018978107	2	2	2
ENSG00000099284	MACROH2A2	muscle organ	0.0	0.0	0	observed_zero	0.0	0.0	0	1	0
ENSG00000099284	MACROH2A2	muscle tissue	81.35	0.0	1	present_gold	81.35	0.0	1	1	1
ENSG00000099284	MACROH2A2	myocardium	84.0125	2.2153009577331306	4	present_gold	84.0125	2.2153009577331306	4	8	4
ENSG00000099284	MACROH2A2	myometrium	84.0025	1.5912596088813262	8	present_gold	84.0025	1.5912596088813262	8	11	8
ENSG00000099284	MACROH2A2	nasal cavity epithelium	80.24	0.0	1	present_gold	80.24	0.0	1	7	1
ENSG00000099284	MACROH2A2	nasal cavity mucosa	0.0	0.0	0	observed_zero	0.0	0.0	0	1	0
ENSG00000099284	MACROH2A2	neocortex	94.45	0.0	1	present_gold	94.45	0.0	1	1	1
ENSG00000099284	MACROH2A2	nephron tubule	81.81666666666666	0.7215492591177225	3	present_gold	81.81666666666666	0.7215492591177225	3	8	3
ENSG00000099284	MACROH2A2	nipple	83.99666666666667	1.971302445930946	3	present_gold	83.99666666666667	1.971302445930946	3	3	3
ENSG00000099284	MACROH2A2	nucleus accumbens	82.30230769230769	1.0669985461264218	13	present_gold	82.30230769230769	1.0669985461264218	13	14	13
ENSG00000099284	MACROH2A2	occipital lobe	82.8325	2.341030755885105	4	present_gold	82.8325	2.341030755885105	4	6	4
ENSG00000099284	MACROH2A2	olfactory bulb	0.0	0.0	0	observed_zero	0.0	0.0	0	1	0
ENSG00000099284	MACROH2A2	olfactory segment of nasal mucosa	79.41	0.0	1	present_gold	79.41	0.0	1	1	1
ENSG00000099284	MACROH2A2	omental fat pad	76.75454545454545	1.397772253526041	11	present_gold	76.75454545454545	1.397772253526041	11	11	11
ENSG00000099284	MACROH2A2	oocyte	79.61	0.0	1	present_gold	79.61	0.0	1	1	1
ENSG00000099284	MACROH2A2	oral cavity	79.355	1.0817716949523133	6	present_gold	79.355	1.0817716949523133	6	6	6
ENSG00000099284	MACROH2A2	orbitofrontal cortex	75.23	0.04242640687119446	2	present_gold	75.23	0.04242640687119446	2	6	2
ENSG00000099284	MACROH2A2	ovary	81.77363636363636	5.235735426331763	11	present_gold	81.77363636363636	5.235735426331763	11	11	11
ENSG00000099284	MACROH2A2	oviduct epithelium	78.77333333333333	5.40830225979774	3	present_gold	78.77333333333333	5.40830225979774	3	3	3
ENSG00000099284	MACROH2A2	palpebral conjunctiva	79.68166666666667	1.2937452093309065	6	present_gold	79.68166666666667	1.2937452093309065	6	6	6
ENSG00000099284	MACROH2A2	pancreas	82.655	0.0494974746830535	2	present_gold	82.655	0.0494974746830535	2	2	2
ENSG00000099284	MACROH2A2	pancreatic ductal cell	0.0	0.0	0	observed_zero	0.0	0.0	0	1	0
ENSG00000099284	MACROH2A2	parietal lobe	79.456	1.7070530161655764	5	present_gold	79.456	1.7070530161655764	5	6	5
ENSG00000099284	MACROH2A2	parietal pleura	77.5475	0.695527377845998	4	present_gold	77.5475	0.695527377845998	4	4	4
ENSG00000099284	MACROH2A2	parotid gland	0.0	0.0	0	observed_zero	0.0	0.0	0	8	0
ENSG00000099284	MACROH2A2	penis	81.41	0.0	1	present_gold	81.41	0.0	1	1	1
ENSG00000099284	MACROH2A2	pericardium	0.0	0.0	0	observed_zero	0.0	0.0	0	1	0
ENSG00000099284	MACROH2A2	periodontal ligament	0.0	0.0	0	observed_zero	0.0	0.0	0	1	0
ENSG00000099284	MACROH2A2	peritoneum	77.02	0.0	1	present_gold	77.02	0.0	1	1	1
ENSG00000099284	MACROH2A2	pharyngeal mucosa	85.50333333333333	1.9956536105580438	3	present_gold	85.50333333333333	1.9956536105580438	3	3	3
ENSG00000099284	MACROH2A2	pigmented layer of retina	84.12333333333333	6.866544497295078	3	present_gold	84.12333333333333	6.866544497295078	3	4	3
ENSG00000099284	MACROH2A2	pituitary gland	86.28076923076924	1.5788575064397126	13	present_gold	86.28076923076924	1.5788575064397126	13	13	13
ENSG00000099284	MACROH2A2	placenta	74.975	5.069955621107547	2	present_gold	74.975	5.069955621107547	2	4	2
ENSG00000099284	MACROH2A2	pleura	77.31	0.0	1	present_gold	77.31	0.0	1	1	1
ENSG00000099284	MACROH2A2	pons	84.59	0.0	1	present_gold	84.59	0.0	1	1	1
ENSG00000099284	MACROH2A2	popliteal artery	76.68	0.0	1	present_gold	76.68	0.0	1	1	1
ENSG00000099284	MACROH2A2	postcentral gyrus	77.78933333333333	0.8459438234191162	15	present_gold	77.78933333333333	0.8459438234191162	15	15	15
ENSG00000099284	MACROH2A2	prefrontal cortex	82.55250000000001	3.754356517053603	8	present_gold	82.55250000000001	3.754356517053603	8	10	8
ENSG00000099284	MACROH2A2	primary visual cortex	78.85000000000001	1.6921485356394297	7	present_gold	78.85000000000001	1.6921485356394297	7	7	7
ENSG00000099284	MACROH2A2	primordial germ cell in gonad	85.6	0.0	1	present_gold	85.6	0.0	1	1	1
ENSG00000099284	MACROH2A2	prostate gland	84.45444444444445	0.7332481011075188	9	present_gold	84.45444444444445	0.7332481011075188	9	10	9
ENSG00000099284	MACROH2A2	putamen	81.08166666666666	1.7535669276354904	12	present_gold	81.08166666666666	1.7535669276354904	12	16	12
ENSG00000099284	MACROH2A2	pylorus	86.43666666666667	1.882879001246056	3	present_gold	86.43666666666667	1.882879001246056	3	3	3
ENSG00000099284	MACROH2A2	quadriceps femoris	80.91	0.0	1	present_gold	80.91	0.0	1	15	1
ENSG00000099284	MACROH2A2	rectum	82.81	0.0	1	present_gold	82.81	0.0	1	1	1
ENSG00000099284	MACROH2A2	renal glomerulus	79.19	0.0	1	present_gold	79.19	0.0	1	1	1
ENSG00000099284	MACROH2A2	renal medulla	84.38666666666667	1.205252394037586	3	present_gold	84.38666666666667	1.205252394037586	3	3	3
ENSG00000099284	MACROH2A2	right adrenal gland	70.434	2.3496127340478923	5	present_gold	70.434	2.3496127340478923	5	5	5
ENSG00000099284	MACROH2A2	right adrenal gland cortex	67.66666666666667	1.1579435795121178	3	present_gold	67.66666666666667	1.1579435795121178	3	3	3
ENSG00000099284	MACROH2A2	right atrium auricular region	83.00636363636364	1.611361366840303	11	present_gold	83.00636363636364	1.611361366840303	11	11	11
ENSG00000099284	MACROH2A2	right coronary artery	79.21000000000001	3.634528855298855	2	present_gold	79.21000000000001	3.634528855298855	2	2	2
ENSG00000099284	MACROH2A2	right frontal lobe	80.87777777777778	1.277006047144822	9	present_gold	80.87777777777778	1.277006047144822	9	9	9
ENSG00000099284	MACROH2A2	right hemisphere of cerebellum	87.63	1.131768527570896	9	present_gold	87.63	1.131768527570896	9	9	9
ENSG00000099284	MACROH2A2	right lobe of liver	81.16111111111111	4.077016201968189	9	present_gold	81.16111111111111	4.077016201968189	9	9	9
ENSG00000099284	MACROH2A2	right lobe of thyroid gland	81.80625	1.9613110593244947	8	present_gold	81.80625	1.9613110593244947	8	8	8
ENSG00000099284	MACROH2A2	right lung	73.5	3.082985565973357	2	present_gold	73.5	3.082985565973357	2	2	2
ENSG00000099284	MACROH2A2	right ovary	84.614	1.3346647519133787	5	present_gold	84.614	1.3346647519133787	5	5	5
ENSG00000099284	MACROH2A2	right testis	83.152	2.693347359699449	5	present_gold	83.152	2.693347359699449	5	5	5
ENSG00000099284	MACROH2A2	right uterine tube	85.09	0.0	1	present_gold	85.09	0.0	1	1	1
ENSG00000099284	MACROH2A2	saliva-secreting gland	78.47	1.238890632784026	5	present_gold	78.47	1.238890632784026	5	5	5
ENSG00000099284	MACROH2A2	saphenous vein	78.85	0.0	1	present_gold	78.85	0.0	1	3	1
ENSG00000099284	MACROH2A2	secondary oocyte	80.51	0.0	1	present_gold	80.51	0.0	1	1	1
ENSG00000099284	MACROH2A2	seminal vesicle	73.99	0.0	1	present_gold	73.99	0.0	1	1	1
ENSG00000099284	MACROH2A2	skeletal muscle tissue	81.98125	0.7960875310811364	8	present_gold	81.98125	0.7960875310811364	8	15	8
ENSG00000099284	MACROH2A2	skeletal muscle tissue of biceps brachii	0.0	0.0	0	observed_zero	0.0	0.0	0	2	0
ENSG00000099284	MACROH2A2	skeletal muscle tissue of rectus abdominis	0.0	0.0	0	observed_zero	0.0	0.0	0	2	0
ENSG00000099284	MACROH2A2	skin of abdomen	81.572	1.0134298199678167	10	present_gold	81.572	1.0134298199678167	10	10	10
ENSG00000099284	MACROH2A2	skin of hip	0.0	0.0	0	observed_zero	0.0	0.0	0	1	0
ENSG00000099284	MACROH2A2	skin of leg	78.91083333333333	1.2824370148158126	12	present_gold	78.91083333333333	1.2824370148158126	12	12	12
ENSG00000099284	MACROH2A2	small intestine	80.875	0.558614357137367	2	present_gold	80.875	0.558614357137367	2	2	2
ENSG00000099284	MACROH2A2	small intestine Peyer's patch	80.00909090909092	1.1560229629679055	11	present_gold	80.00909090909092	1.1560229629679055	11	11	11
ENSG00000099284	MACROH2A2	smooth muscle tissue	86.44	0.0	1	present_gold	86.44	0.0	1	2	1
ENSG00000099284	MACROH2A2	sperm	0.0	0.0	0	observed_zero	0.0	0.0	0	1	0
ENSG00000099284	MACROH2A2	spinal cord	82.55428571428571	1.6289552596972203	7	present_gold	82.55428571428571	1.6289552596972203	7	10	7
ENSG00000099284	MACROH2A2	spleen	71.56666666666666	1.2081641469852544	12	present_gold	71.56666666666666	1.2081641469852544	12	12	12
ENSG00000099284	MACROH2A2	squamous epithelium	94.55333333333333	0.9783830197490879	3	present_gold	94.55333333333333	0.9783830197490879	3	3	3
ENSG00000099284	MACROH2A2	stomach	84.62083333333334	4.796097766713975	12	present_gold	84.62083333333334	4.796097766713975	12	12	12
ENSG00000099284	MACROH2A2	stromal cell of endometrium	74.97	0.0	1	present_gold	74.97	0.0	1	1	1
ENSG00000099284	MACROH2A2	subcutaneous adipose tissue	74.99153846153845	2.157412980685611	13	present_gold	74.99153846153845	2.157412980685611	13	19	13
ENSG00000099284	MACROH2A2	substantia nigra	79.65375	1.8923807756368707	16	present_gold	79.65375	1.8923807756368707	16	23	16
ENSG00000099284	MACROH2A2	substantia nigra pars compacta	80.95	0.0	1	present_gold	80.95	0.0	1	2	1
ENSG00000099284	MACROH2A2	substantia nigra pars reticulata	0.0	0.0	0	observed_zero	0.0	0.0	0	2	0
ENSG00000099284	MACROH2A2	subthalamic nucleus	84.345	0.6858935777509503	2	present_gold	84.345	0.6858935777509503	2	8	2
ENSG00000099284	MACROH2A2	superficial temporal artery	0.0	0.0	0	observed_zero	0.0	0.0	0	1	0
ENSG00000099284	MACROH2A2	superior frontal gyrus	78.79217391304348	1.50773447301132	23	present_gold	78.79217391304348	1.50773447301132	23	23	23
ENSG00000099284	MACROH2A2	superior surface of tongue	84.63333333333334	1.6274622371451026	3	present_gold	84.63333333333334	1.6274622371451026	3	3	3
ENSG00000099284	MACROH2A2	superior vestibular nucleus	81.93333333333334	1.0193298452087711	3	present_gold	81.93333333333334	1.0193298452087711	3	5	3
ENSG00000099284	MACROH2A2	sural nerve	78.54	8.876761796961775	3	present_gold	78.54	8.876761796961775	3	3	3
ENSG00000099284	MACROH2A2	synovial joint	76.3	0.0	1	present_gold	76.3	0.0	1	2	1
ENSG00000099284	MACROH2A2	telencephalon	80.67	0.0	1	present_gold	80.67	0.0	1	1	1
ENSG00000099284	MACROH2A2	temporal lobe	81.40166666666666	0.6468822664648228	6	present_gold	81.40166666666666	0.6468822664648228	6	7	6
ENSG00000099284	MACROH2A2	tendon	66.11	0.0	1	present_gold	66.11	0.0	1	5	1
ENSG00000099284	MACROH2A2	tendon of biceps brachii	0.0	0.0	0	observed_zero	0.0	0.0	0	1	0
ENSG00000099284	MACROH2A2	testis	79.30230769230769	3.954333390611187	13	present_gold	79.30230769230769	3.954333390611187	13	13	13
ENSG00000099284	MACROH2A2	thoracic aorta	76.43666666666667	0.9700034364200303	6	present_gold	76.43666666666667	0.9700034364200303	6	6	6
ENSG00000099284	MACROH2A2	thoracic mammary gland	81.54866666666666	4.029381141186869	15	present_gold	81.54866666666666	4.029381141186869	15	15	15
ENSG00000099284	MACROH2A2	thymus	86.695	5.28208765546352	2	present_gold	86.695	5.28208765546352	2	4	2
ENSG00000099284	MACROH2A2	thyroid gland	81.2	1.1032622081808114	17	present_gold	81.2	1.1032622081808114	17	17	17
ENSG00000099284	MACROH2A2	tibia	81.66	0.0	1	present_gold	81.66	0.0	1	1	1
ENSG00000099284	MACROH2A2	tibial artery	77.02818181818182	1.1301222781789448	11	present_gold	77.02818181818182	1.1301222781789448	11	11	11
ENSG00000099284	MACROH2A2	tibial nerve	72.42636363636365	1.0144582073922304	11	present_gold	72.42636363636365	1.0144582073922304	11	11	11
ENSG00000099284	MACROH2A2	tibialis anterior	0.0	0.0	0	observed_zero	0.0	0.0	0	2	0
ENSG00000099284	MACROH2A2	tongue	85.4	0.0	1	present_gold	85.4	0.0	1	1	1
ENSG00000099284	MACROH2A2	tongue squamous epithelium	95.0	0.0	1	present_gold	95.0	0.0	1	1	1
ENSG00000099284	MACROH2A2	tonsil	84.95333333333333	2.48906140275138	6	present_gold	84.95333333333333	2.48906140275138	6	6	6
ENSG00000099284	MACROH2A2	trabecular bone tissue	0.0	0.0	0	observed_zero	0.0	0.0	0	4	0
ENSG00000099284	MACROH2A2	trachea	82.41	0.0	1	present_gold	82.41	0.0	1	3	1
ENSG00000099284	MACROH2A2	transverse colon	81.09400000000001	0.453460766402858	10	present_gold	81.09400000000001	0.453460766402858	10	10	10
ENSG00000099284	MACROH2A2	triceps brachii	0.0	0.0	0	observed_zero	0.0	0.0	0	2	0
ENSG00000099284	MACROH2A2	trigeminal ganglion	81.814	2.1871854059498492	5	present_gold	81.814	2.1871854059498492	5	6	5
ENSG00000099284	MACROH2A2	type B pancreatic cell	0.0	0.0	0	observed_zero	0.0	0.0	0	1	0
ENSG00000099284	MACROH2A2	upper arm skin	82.07333333333334	0.14011899704656258	3	present_gold	82.07333333333334	0.14011899704656258	3	4	3
ENSG00000099284	MACROH2A2	upper leg skin	0.0	0.0	0	observed_zero	0.0	0.0	0	1	0
ENSG00000099284	MACROH2A2	upper lobe of left lung	76.28125	1.293604460412843	8	present_gold	76.28125	1.293604460412843	8	8	8
ENSG00000099284	MACROH2A2	upper lobe of lung	0.0	0.0	0	observed_zero	0.0	0.0	0	4	0
ENSG00000099284	MACROH2A2	urethra	80.37333333333333	0.7295432360959366	3	present_gold	80.37333333333333	0.7295432360959366	3	3	3
ENSG00000099284	MACROH2A2	urinary bladder	84.40875	0.7048898090177954	8	present_gold	84.40875	0.7048898090177954	8	8	8
ENSG00000099284	MACROH2A2	uterine cervix	86.732	0.46916947897321815	5	present_gold	86.732	0.46916947897321815	5	5	5
ENSG00000099284	MACROH2A2	uterus	85.525	0.14849242404917057	2	present_gold	85.525	0.14849242404917057	2	2	2
ENSG00000099284	MACROH2A2	vagina	72.13	8.603550007251236	12	present_gold	72.13	8.603550007251236	12	12	12
ENSG00000099284	MACROH2A2	vastus lateralis	82.105	0.84145706961199	2	present_gold	82.105	0.84145706961199	2	20	2
ENSG00000099284	MACROH2A2	vena cava	0.0	0.0	0	observed_zero	0.0	0.0	0	1	0
ENSG00000099284	MACROH2A2	ventral tegmental area	82.562	2.4852706090082015	5	present_gold	82.562	2.4852706090082015	5	6	5
ENSG00000099284	MACROH2A2	ventricular zone	96.81	0.14142135623731153	2	present_gold	96.81	0.14142135623731153	2	2	2
ENSG00000099284	MACROH2A2	vermiform appendix	77.6375	1.328467161807168	4	present_gold	77.6375	1.328467161807168	4	4	4
ENSG00000099284	MACROH2A2	visceral pleura	79.1325	1.6752586864919274	4	present_gold	79.1325	1.6752586864919274	4	4	4
ENSG00000099284	MACROH2A2	zone of skin	78.57000000000001	2.2597549220418367	14	present_gold	78.57000000000001	2.2597549220418367	14	14	14
ENSG00000105968	H2AZ2	Ammon's horn	96.64833333333333	0.5796450688111662	24	present_gold	96.64833333333333	0.5796450688111662	24	24	24
ENSG00000105968	H2AZ2	Brodmann (1909) area 10	93.72	0.0	1	present_gold	93.72	0.0	1	1	1
ENSG00000105968	H2AZ2	Brodmann (1909) area 23	96.77166666666666	1.079470549235444	6	present_gold	96.77166666666666	1.079470549235444	6	6	6
ENSG00000105968	H2AZ2	Brodmann (1909) area 46	97.378	0.7180320327116357	5	present_gold	97.378	0.7180320327116357	5	5	5
ENSG00000105968	H2AZ2	Brodmann (1909) area 9	96.495	0.8478371174805786	10	present_gold	96.495	0.8478371174805786	10	10	10
ENSG00000105968	H2AZ2	C1 segment of cervical spinal cord	97.00777777777778	0.5263976105991024	9	present_gold	97.00777777777778	0.5263976105991024	9	9	9
ENSG00000105968	H2AZ2	CA1 field of hippocampus	96.4175	0.32003906011610284	4	present_gold	96.4175	0.32003906011610284	4	4	4
ENSG00000105968	H2AZ2	adenohypophysis	95.24333333333334	0.9460373495093473	6	present_gold	95.24333333333334	0.9460373495093473	6	6	6
ENSG00000105968	H2AZ2	adipose tissue	96.25705882352942	0.9896007067618372	17	present_gold	96.25705882352942	0.9896007067618372	17	17	17
ENSG00000105968	H2AZ2	adipose tissue of abdominal region	95.185	1.3864883699476147	6	present_gold	95.185	1.3864883699476147	6	6	6
ENSG00000105968	H2AZ2	adrenal cortex	95.35666666666667	0.8649470118645007	3	present_gold	95.35666666666667	0.8649470118645007	3	3	3
ENSG00000105968	H2AZ2	adrenal gland	96.545	0.27634519475949615	4	present_gold	96.545	0.27634519475949615	4	4	4
ENSG00000105968	H2AZ2	adrenal tissue	96.48666666666666	0.7603507962337787	3	present_gold	96.48666666666666	0.7603507962337787	3	3	3
ENSG00000105968	H2AZ2	adult mammalian kidney	94.76866666666666	2.2456811460053294	15	present_gold	94.76866666666666	2.2456811460053294	15	15	15
ENSG00000105968	H2AZ2	adult organism	96.51	0.0	1	present_gold	96.51	0.0	1	1	1
ENSG00000105968	H2AZ2	amniotic fluid	92.74000000000001	1.2727922061357835	2	present_gold	92.74000000000001	1.2727922061357835	2	2	2
ENSG00000105968	H2AZ2	amygdala	96.72923076923077	1.070058110092326	13	present_gold	96.72923076923077	1.070058110092326	13	13	13
ENSG00000105968	H2AZ2	anatomical system	96.11333333333334	0.4743767841424544	3	present_gold	96.11333333333334	0.4743767841424544	3	3	3
ENSG00000105968	H2AZ2	anterior cingulate cortex	96.34	0.6406246951218804	11	present_gold	96.34	0.6406246951218804	11	11	11
ENSG00000105968	H2AZ2	aorta	96.63	0.00999999999999801	3	present_gold	96.63	0.00999999999999801	3	3	3
ENSG00000105968	H2AZ2	apex of heart	96.73	0.0	1	present_gold	96.73	0.0	1	1	1
ENSG00000105968	H2AZ2	ascending aorta	96.535	0.22760833806245906	10	present_gold	96.535	0.22760833806245906	10	10	10
ENSG00000105968	H2AZ2	biceps brachii	96.44	0.2963950067055808	5	present_gold	96.44	0.2963950067055808	5	5	5
ENSG00000105968	H2AZ2	blood	92.70025641025642	2.77549188355533	39	present_gold	92.70025641025642	2.77549188355533	39	39	39
ENSG00000105968	H2AZ2	blood vessel layer	98.21	0.0	1	present_gold	98.21	0.0	1	1	1
ENSG00000105968	H2AZ2	body of pancreas	95.98299999999999	0.2809527441482723	10	present_gold	95.98299999999999	0.2809527441482723	10	10	10
ENSG00000105968	H2AZ2	body of stomach	96.63909090909091	0.34794983964515774	11	present_gold	96.63909090909091	0.34794983964515774	11	11	11
ENSG00000105968	H2AZ2	body of tongue	91.56333333333333	1.5786175386499868	3	present_gold	91.56333333333333	1.5786175386499868	3	3	3
ENSG00000105968	H2AZ2	body of uterus	96.244	0.42997674355713705	5	present_gold	96.244	0.42997674355713705	5	5	5
ENSG00000105968	H2AZ2	bone marrow	94.06714285714285	1.3374627446798633	14	present_gold	94.06714285714285	1.3374627446798633	14	14	14
ENSG00000105968	H2AZ2	bone marrow cell	92.92333333333333	1.947004536889081	6	present_gold	92.92333333333333	1.947004536889081	6	6	6
ENSG00000105968	H2AZ2	brain	96.12958333333334	1.9974885953130743	24	present_gold	96.12958333333334	1.9974885953130743	24	24	24
ENSG00000105968	H2AZ2	bronchial epithelial cell	93.45952380952382	1.148130986388208	21	present_gold	93.45952380952382	1.148130986388208	21	21	21
ENSG00000105968	H2AZ2	bronchus	92.255	0.1060660171779761	2	present_gold	92.255	0.1060660171779761	2	2	2
ENSG00000105968	H2AZ2	buccal mucosa cell	0.0	0.0	0	observed_zero	0.0	0.0	0	1	0
ENSG00000105968	H2AZ2	caecum	95.06333333333333	0.2995552258488125	3	present_gold	95.06333333333333	0.2995552258488125	3	3	3
ENSG00000105968	H2AZ2	calcaneal tendon	97.56	0.2105943968865307	5	present_gold	97.56	0.2105943968865307	5	5	5
ENSG00000105968	H2AZ2	caput epididymis	93.40666666666668	2.961694334892332	3	present_gold	93.40666666666668	2.961694334892332	3	3	3
ENSG00000105968	H2AZ2	cardia of stomach	93.24000000000001	2.7762744821072656	3	present_gold	93.24000000000001	2.7762744821072656	3	3	3
ENSG00000105968	H2AZ2	cardiac atrium	97.28666666666668	0.1474222959166401	3	present_gold	97.28666666666668	0.1474222959166401	3	3	3
ENSG00000105968	H2AZ2	cardiac muscle of right atrium	96.1925	0.3901190294549329	8	present_gold	96.1925	0.3901190294549329	8	8	8
ENSG00000105968	H2AZ2	cardiac ventricle	97.64999999999999	0.1417744687875781	3	present_gold	97.64999999999999	0.1417744687875781	3	3	3
ENSG00000105968	H2AZ2	cartilage tissue	89.4	0.0	1	present_gold	89.4	0.0	1	1	1
ENSG00000105968	H2AZ2	cauda epididymis	93.59333333333332	1.1369403385109254	3	present_gold	93.59333333333332	1.1369403385109254	3	3	3
ENSG00000105968	H2AZ2	caudate nucleus	97.08631578947367	0.7119941520227682	19	present_gold	97.08631578947367	0.7119941520227682	19	19	19
ENSG00000105968	H2AZ2	central nervous system	96.6	0.0	1	present_gold	96.6	0.0	1	1	1
ENSG00000105968	H2AZ2	cerebellar cortex	97.185	0.0494974746830535	2	present_gold	97.185	0.0494974746830535	2	2	2
ENSG00000105968	H2AZ2	cerebellar hemisphere	97.3409090909091	0.26269581441106027	11	present_gold	97.3409090909091	0.26269581441106027	11	11	11
ENSG00000105968	H2AZ2	cerebellar vermis	89.14333333333333	1.8222605009529602	3	present_gold	89.14333333333333	1.8222605009529602	3	3	3
ENSG00000105968	H2AZ2	cerebellum	97.36117647058825	0.7039432004158878	17	present_gold	97.36117647058825	0.7039432004158878	17	17	17
ENSG00000105968	H2AZ2	cerebral cortex	96.916	0.801224063542779	10	present_gold	96.916	0.801224063542779	10	10	10
ENSG00000105968	H2AZ2	cervix epithelium	77.332	3.8749283864350326	5	present_gold	77.332	3.8749283864350326	5	6	5
ENSG00000105968	H2AZ2	cervix squamous epithelium	87.83	0.0	1	present_gold	87.83	0.0	1	1	1
ENSG00000105968	H2AZ2	choroid plexus epithelium	95.43	0.0	1	present_gold	95.43	0.0	1	1	1
ENSG00000105968	H2AZ2	cingulate cortex	86.92	0.0	1	present_gold	86.92	0.0	1	1	1
ENSG00000105968	H2AZ2	cochlea	57.32	0.0	1	present_gold	57.32	0.0	1	1	1
ENSG00000105968	H2AZ2	colon	96.73777777777778	1.1928983762029817	18	present_gold	96.73777777777778	1.1928983762029817	18	18	18
ENSG00000105968	H2AZ2	colonic epithelium	97.77	0.0	1	present_gold	97.77	0.0	1	1	1
ENSG00000105968	H2AZ2	colonic mucosa	93.30833333333334	2.0193109385794608	6	present_gold	93.30833333333334	2.0193109385794608	6	6	6
ENSG00000105968	H2AZ2	connective tissue	95.7	0.0	1	present_gold	95.7	0.0	1	1	1
ENSG00000105968	H2AZ2	coronary artery	96.12	0.8202438661763928	2	present_gold	96.12	0.8202438661763928	2	2	2
ENSG00000105968	H2AZ2	corpus callosum	96.70166666666667	0.5171923034886337	12	present_gold	96.70166666666667	0.5171923034886337	12	12	12
ENSG00000105968	H2AZ2	corpus epididymis	90.68666666666667	1.298319426540842	3	present_gold	90.68666666666667	1.298319426540842	3	3	3
ENSG00000105968	H2AZ2	cortex of kidney	96.016	0.5239561050317131	5	present_gold	96.016	0.5239561050317131	5	5	5
ENSG00000105968	H2AZ2	cortical plate	96.905	1.0818733752154186	2	present_gold	96.905	1.0818733752154186	2	2	2
ENSG00000105968	H2AZ2	cranial nerve II	98.78	0.0	1	present_gold	98.78	0.0	1	1	1
ENSG00000105968	H2AZ2	decidua	89.295	0.0494974746830535	2	present_gold	89.295	0.0494974746830535	2	2	2
ENSG00000105968	H2AZ2	deltoid	91.71625	2.740093520301816	8	present_gold	91.71625	2.740093520301816	8	8	8
ENSG00000105968	H2AZ2	descending thoracic aorta	96.78000000000002	0.1824828759089535	3	present_gold	96.78000000000002	0.1824828759089535	3	3	3
ENSG00000105968	H2AZ2	diaphragm	94.87	0.0	1	present_gold	94.87	0.0	1	1	1
ENSG00000105968	H2AZ2	dorsal motor nucleus of vagus nerve	96.795	1.1101576464628748	2	present_gold	96.795	1.1101576464628748	2	2	2
ENSG00000105968	H2AZ2	dorsal plus ventral thalamus	94.92142857142858	4.657289728913975	7	present_gold	94.92142857142858	4.657289728913975	7	7	7
ENSG00000105968	H2AZ2	dorsal root ganglion	94.79142857142857	0.8089175601058651	7	present_gold	94.79142857142857	0.8089175601058651	7	7	7
ENSG00000105968	H2AZ2	dorsolateral prefrontal cortex	96.8725	0.45042250696719033	24	present_gold	96.8725	0.45042250696719033	24	24	24
ENSG00000105968	H2AZ2	duodenum	92.17750000000001	6.837481870786445	4	present_gold	92.17750000000001	6.837481870786445	4	4	4
ENSG00000105968	H2AZ2	ectocervix	95.65	1.212332462652053	5	present_gold	95.65	1.212332462652053	5	5	5
ENSG00000105968	H2AZ2	embryo	94.36428571428571	1.4615272507763586	7	present_gold	94.36428571428571	1.4615272507763586	7	7	7
ENSG00000105968	H2AZ2	endocervix	96.16333333333334	0.6929165413910467	3	present_gold	96.16333333333334	0.6929165413910467	3	3	3
ENSG00000105968	H2AZ2	endometrium	92.220625	2.718314352069433	16	present_gold	92.220625	2.718314352069433	16	16	16
ENSG00000105968	H2AZ2	endometrium epithelium	98.8	0.0	1	present_gold	98.8	0.0	1	1	1
ENSG00000105968	H2AZ2	endothelial cell	97.75	0.0	1	present_gold	97.75	0.0	1	1	1
ENSG00000105968	H2AZ2	entorhinal cortex	95.12714285714286	3.8064473500327605	21	present_gold	95.12714285714286	3.8064473500327605	21	21	21
ENSG00000105968	H2AZ2	epithelial cell of pancreas	87.16	0.0	1	present_gold	87.16	0.0	1	1	1
ENSG00000105968	H2AZ2	epithelium of bronchus	91.83142857142857	1.4475116959424221	14	present_gold	91.83142857142857	1.4475116959424221	14	14	14
ENSG00000105968	H2AZ2	epithelium of esophagus	83.56	0.0	1	present_gold	83.56	0.0	1	1	1
ENSG00000105968	H2AZ2	epithelium of mammary gland	95.95285714285714	1.042140654066014	7	present_gold	95.95285714285714	1.042140654066014	7	7	7
ENSG00000105968	H2AZ2	epithelium of nasopharynx	91.02	0.0	1	present_gold	91.02	0.0	1	1	1
ENSG00000105968	H2AZ2	esophagogastric junction muscularis propria	97.19272727272727	0.281676797379225	11	present_gold	97.19272727272727	0.281676797379225	11	11	11
ENSG00000105968	H2AZ2	esophagus	96.56142857142856	0.19342772736679917	7	present_gold	96.56142857142856	0.19342772736679917	7	7	7
ENSG00000105968	H2AZ2	esophagus mucosa	96.08363636363637	0.2332926371436837	11	present_gold	96.08363636363637	0.2332926371436837	11	11	11
ENSG00000105968	H2AZ2	esophagus squamous epithelium	83.76	0.0	1	present_gold	83.76	0.0	1	1	1
ENSG00000105968	H2AZ2	eye	95.27666666666669	3.668914462526119	3	present_gold	95.27666666666669	3.668914462526119	3	3	3
ENSG00000105968	H2AZ2	fallopian tube	89.86	0.11313708498984519	2	present_gold	89.86	0.11313708498984519	2	2	2
ENSG00000105968	H2AZ2	female reproductive system	94.49	0.0	1	present_gold	94.49	0.0	1	1	1
ENSG00000105968	H2AZ2	forebrain	97.625	0.9828784258492914	2	present_gold	97.625	0.9828784258492914	2	2	2
ENSG00000105968	H2AZ2	frontal cortex	96.39	0.5283710817219279	26	present_gold	96.39	0.5283710817219279	26	26	26
ENSG00000105968	H2AZ2	frontal lobe	96.3	0.0	1	present_gold	96.3	0.0	1	1	1
ENSG00000105968	H2AZ2	frontal pole	93.775	0.02121320343559723	2	present_gold	93.775	0.02121320343559723	2	2	2
ENSG00000105968	H2AZ2	fundus of stomach	96.01857142857143	1.1494118578854233	7	present_gold	96.01857142857143	1.1494118578854233	7	7	7
ENSG00000105968	H2AZ2	gall bladder	96.4	0.0	1	present_gold	96.4	0.0	1	1	1
ENSG00000105968	H2AZ2	ganglionic eminence	99.275	0.04949747468306355	2	present_gold	99.275	0.04949747468306355	2	2	2
ENSG00000105968	H2AZ2	gastrocnemius	96.9923076923077	0.1890834844785854	13	present_gold	96.9923076923077	0.1890834844785854	13	13	13
ENSG00000105968	H2AZ2	germinal epithelium of ovary	95.32	0.0	1	present_gold	95.32	0.0	1	1	1
ENSG00000105968	H2AZ2	gingiva	87.175	1.039446968344224	2	present_gold	87.175	1.039446968344224	2	2	2
ENSG00000105968	H2AZ2	gingival epithelium	83.12	0.0	1	present_gold	83.12	0.0	1	1	1
ENSG00000105968	H2AZ2	globus pallidus	95.22	0.0	1	present_gold	95.22	0.0	1	1	1
ENSG00000105968	H2AZ2	gluteal muscle	96.82	0.0	1	present_gold	96.82	0.0	1	1	1
ENSG00000105968	H2AZ2	granulocyte	96.87	0.0	1	present_gold	96.87	0.0	1	1	1
ENSG00000105968	H2AZ2	hair follicle	87.695	4.914392129246507	2	present_gold	87.695	4.914392129246507	2	3	2
ENSG00000105968	H2AZ2	heart	97.665625	0.6307135509352365	16	present_gold	97.665625	0.6307135509352365	16	16	16
ENSG00000105968	H2AZ2	heart left ventricle	97.52	0.23154373237036768	17	present_gold	97.52	0.23154373237036768	17	17	17
ENSG00000105968	H2AZ2	heart right ventricle	97.85166666666667	0.1493206839880763	6	present_gold	97.85166666666667	0.1493206839880763	6	6	6
ENSG00000105968	H2AZ2	hindlimb stylopod muscle	96.42	0.04242640687119446	2	present_gold	96.42	0.04242640687119446	2	2	2
ENSG00000105968	H2AZ2	hypothalamus	96.380625	1.6178976842392296	16	present_gold	96.380625	1.6178976842392296	16	16	16
ENSG00000105968	H2AZ2	ileal mucosa	92.84	0.0	1	present_gold	92.84	0.0	1	1	1
ENSG00000105968	H2AZ2	inferior olivary complex	96.50666666666666	0.3219213154379988	3	present_gold	96.50666666666666	0.3219213154379988	3	3	3
ENSG00000105968	H2AZ2	inferior vagus X ganglion	96.72333333333334	0.6429204201661858	6	present_gold	96.72333333333334	0.6429204201661858	6	6	6
ENSG00000105968	H2AZ2	intestine	97.65	0.7566152699137553	4	present_gold	97.65	0.7566152699137553	4	4	4
ENSG00000105968	H2AZ2	islet of Langerhans	94.55642857142857	6.378567004662336	14	present_gold	94.55642857142857	6.378567004662336	14	18	14
ENSG00000105968	H2AZ2	jejunal mucosa	95.09	0.0	1	present_gold	95.09	0.0	1	1	1
ENSG00000105968	H2AZ2	jejunum	96.08	1.230365799264599	2	present_gold	96.08	1.230365799264599	2	2	2
ENSG00000105968	H2AZ2	kidney	96.60333333333334	1.2307829486415034	6	present_gold	96.60333333333334	1.2307829486415034	6	6	6
ENSG00000105968	H2AZ2	kidney epithelium	93.22	0.0	1	present_gold	93.22	0.0	1	1	1
ENSG00000105968	H2AZ2	large intestine	97.045	0.0494974746830535	2	present_gold	97.045	0.0494974746830535	2	2	2
ENSG00000105968	H2AZ2	lateral globus pallidus	96.825	0.28991378028648207	2	present_gold	96.825	0.28991378028648207	2	2	2
ENSG00000105968	H2AZ2	lateral nuclear group of thalamus	95.805	0.8555992052357181	2	present_gold	95.805	0.8555992052357181	2	2	2
ENSG00000105968	H2AZ2	layer of synovial tissue	90.47111111111111	2.9506543530395266	9	present_gold	90.47111111111111	2.9506543530395266	9	9	9
ENSG00000105968	H2AZ2	left adrenal gland	96.46125	0.13054145482784826	8	present_gold	96.46125	0.13054145482784826	8	8	8
ENSG00000105968	H2AZ2	left adrenal gland cortex	96.48875	0.38797781600793396	8	present_gold	96.48875	0.38797781600793396	8	8	8
ENSG00000105968	H2AZ2	left coronary artery	96.44444444444444	0.4082925149666329	9	present_gold	96.44444444444444	0.4082925149666329	9	9	9
ENSG00000105968	H2AZ2	left lobe of thyroid gland	95.84545454545454	0.3647290401479863	11	present_gold	95.84545454545454	0.3647290401479863	11	11	11
ENSG00000105968	H2AZ2	left ovary	95.46000000000001	0.26334388164527284	5	present_gold	95.46000000000001	0.26334388164527284	5	5	5
ENSG00000105968	H2AZ2	left testis	97.26666666666667	0.1574378184130705	6	present_gold	97.26666666666667	0.1574378184130705	6	6	6
ENSG00000105968	H2AZ2	left uterine tube	96.04499999999999	0.03535533905932537	2	present_gold	96.04499999999999	0.03535533905932537	2	2	2
ENSG00000105968	H2AZ2	left ventricle myocardium	96.565	0.500233278914286	4	present_gold	96.565	0.500233278914286	4	4	4
ENSG00000105968	H2AZ2	leukocyte	98.13	0.0	1	present_gold	98.13	0.0	1	1	1
ENSG00000105968	H2AZ2	liver	94.34	2.1571256127288696	23	present_gold	94.34	2.1571256127288696	23	23	23
ENSG00000105968	H2AZ2	lower esophagus	97.08	0.22627416997969038	2	present_gold	97.08	0.22627416997969038	2	2	2
ENSG00000105968	H2AZ2	lower esophagus mucosa	95.57	0.0	1	present_gold	95.57	0.0	1	1	1
ENSG00000105968	H2AZ2	lower esophagus muscularis layer	97.22636363636364	0.18618661215418905	11	present_gold	97.22636363636364	0.18618661215418905	11	11	11
ENSG00000105968	H2AZ2	lower lobe of lung	93.305	1.460430464916814	8	present_gold	93.305	1.460430464916814	8	8	8
ENSG00000105968	H2AZ2	lung	94.42571428571429	3.391434167765269	21	present_gold	94.42571428571429	3.391434167765269	21	22	21
ENSG00000105968	H2AZ2	lymph node	94.67	2.347449679971862	6	present_gold	94.67	2.347449679971862	6	6	6
ENSG00000105968	H2AZ2	male germ cell	0.0	0.0	0	observed_zero	0.0	0.0	0	1	0
ENSG00000105968	H2AZ2	male germ line stem cell (sensu Vertebrata) in testis	88.01	0.0	1	present_gold	88.01	0.0	1	1	1
ENSG00000105968	H2AZ2	mammalian vulva	92.94800000000001	1.2343500313930424	5	present_gold	92.94800000000001	1.2343500313930424	5	5	5
ENSG00000105968	H2AZ2	mammary duct	94.41	0.0	1	present_gold	94.41	0.0	1	1	1
ENSG00000105968	H2AZ2	mammary gland	95.21333333333332	0.09073771725877776	3	present_gold	95.21333333333332	0.09073771725877776	3	3	3
ENSG00000105968	H2AZ2	material anatomical entity	95.84	0.12727922061358338	2	present_gold	95.84	0.12727922061358338	2	2	2
ENSG00000105968	H2AZ2	medial globus pallidus	94.46333333333332	0.9602256679204804	3	present_gold	94.46333333333332	0.9602256679204804	3	3	3
ENSG00000105968	H2AZ2	medulla oblongata	96.73	0.4908360214980155	6	present_gold	96.73	0.4908360214980155	6	6	6
ENSG00000105968	H2AZ2	metanephric glomerulus	95.92	1.5839191898578657	9	present_gold	95.92	1.5839191898578657	9	9	9
ENSG00000105968	H2AZ2	metanephros	96.45	0.4977951385861434	4	present_gold	96.45	0.4977951385861434	4	5	4
ENSG00000105968	H2AZ2	metanephros cortex	95.13	0.8626702730475871	2	present_gold	95.13	0.8626702730475871	2	2	2
ENSG00000105968	H2AZ2	midbrain	96.432	0.6194110105576083	5	present_gold	96.432	0.6194110105576083	5	5	5
ENSG00000105968	H2AZ2	middle frontal gyrus	92.39	0.0	1	present_gold	92.39	0.0	1	1	1
ENSG00000105968	H2AZ2	middle temporal gyrus	91.03399999999999	5.4049958371861875	5	present_gold	91.03399999999999	5.4049958371861875	5	5	5
ENSG00000105968	H2AZ2	minor salivary gland	95.714	0.37698216875013607	10	present_gold	95.714	0.37698216875013607	10	10	10
ENSG00000105968	H2AZ2	monocyte	96.87	0.0	1	present_gold	96.87	0.0	1	1	1
ENSG00000105968	H2AZ2	mononuclear cell	93.875	4.009295449327715	2	present_gold	93.875	4.009295449327715	2	2	2
ENSG00000105968	H2AZ2	mouth mucosa	93.9775	0.6703916765593078	4	present_gold	93.9775	0.6703916765593078	4	4	4
ENSG00000105968	H2AZ2	mucosa of paranasal sinus	95.85	0.0	1	present_gold	95.85	0.0	1	1	1
ENSG00000105968	H2AZ2	mucosa of sigmoid colon	94.99	0.0	1	present_gold	94.99	0.0	1	1	1
ENSG00000105968	H2AZ2	mucosa of stomach	96.72	0.0	1	present_gold	96.72	0.0	1	1	1
ENSG00000105968	H2AZ2	mucosa of transverse colon	97.84	0.0	1	present_gold	97.84	0.0	1	1	1
ENSG00000105968	H2AZ2	mucosa of urinary bladder	88.63	0.0	1	present_gold	88.63	0.0	1	1	1
ENSG00000105968	H2AZ2	multicellular organism	95.77	0.0	1	present_gold	95.77	0.0	1	1	1
ENSG00000105968	H2AZ2	muscle layer of sigmoid colon	97.4909090909091	0.2548903507571269	11	present_gold	97.4909090909091	0.2548903507571269	11	11	11
ENSG00000105968	H2AZ2	muscle of leg	96.89	0.04242640687119446	2	present_gold	96.89	0.04242640687119446	2	2	2
ENSG00000105968	H2AZ2	muscle organ	93.51	0.0	1	present_gold	93.51	0.0	1	1	1
ENSG00000105968	H2AZ2	muscle tissue	95.14	0.0	1	present_gold	95.14	0.0	1	1	1
ENSG00000105968	H2AZ2	myocardium	96.62	0.3269556544854363	9	present_gold	96.62	0.3269556544854363	9	9	9
ENSG00000105968	H2AZ2	myometrium	95.10636363636364	1.9428858573126346	11	present_gold	95.10636363636364	1.9428858573126346	11	11	11
ENSG00000105968	H2AZ2	nasal cavity epithelium	85.94857142857143	2.670832757595959	7	present_gold	85.94857142857143	2.670832757595959	7	7	7
ENSG00000105968	H2AZ2	nasal cavity mucosa	94.57	0.0	1	present_gold	94.57	0.0	1	1	1
ENSG00000105968	H2AZ2	nasopharynx	91.0	0.0	1	present_gold	91.0	0.0	1	1	1
ENSG00000105968	H2AZ2	neocortex	97.18	0.0	1	present_gold	97.18	0.0	1	1	1
ENSG00000105968	H2AZ2	nephron tubule	94.27625	0.7046972500909257	8	present_gold	94.27625	0.7046972500909257	8	8	8
ENSG00000105968	H2AZ2	nerve	96.21	0.0	1	present_gold	96.21	0.0	1	1	1
ENSG00000105968	H2AZ2	nipple	91.88666666666666	1.2915236479961691	3	present_gold	91.88666666666666	1.2915236479961691	3	3	3
ENSG00000105968	H2AZ2	nucleus accumbens	96.60928571428572	0.6252564309110321	14	present_gold	96.60928571428572	0.6252564309110321	14	14	14
ENSG00000105968	H2AZ2	occipital lobe	96.01333333333334	1.770239155217921	6	present_gold	96.01333333333334	1.770239155217921	6	6	6
ENSG00000105968	H2AZ2	olfactory bulb	88.33	0.0	1	present_gold	88.33	0.0	1	1	1
ENSG00000105968	H2AZ2	olfactory segment of nasal mucosa	96.21	0.0	1	present_gold	96.21	0.0	1	1	1
ENSG00000105968	H2AZ2	omental fat pad	95.55909090909091	0.26009438846136373	11	present_gold	95.55909090909091	0.26009438846136373	11	11	11
ENSG00000105968	H2AZ2	oocyte	0.0	0.0	0	observed_zero	0.0	0.0	0	1	0
ENSG00000105968	H2AZ2	oral cavity	92.06	0.9022416527737992	6	present_gold	92.06	0.9022416527737992	6	6	6
ENSG00000105968	H2AZ2	orbitofrontal cortex	95.47333333333334	0.738286303995047	6	present_gold	95.47333333333334	0.738286303995047	6	6	6
ENSG00000105968	H2AZ2	ovary	95.04636363636364	1.4375692868677508	11	present_gold	95.04636363636364	1.4375692868677508	11	11	11
ENSG00000105968	H2AZ2	oviduct epithelium	82.41333333333334	3.249143476877152	3	present_gold	82.41333333333334	3.249143476877152	3	3	3
ENSG00000105968	H2AZ2	palpebral conjunctiva	89.71833333333332	0.5890472533393801	6	present_gold	89.71833333333332	0.5890472533393801	6	6	6
ENSG00000105968	H2AZ2	pancreas	96.03	0.14142135623730148	2	present_gold	96.03	0.14142135623730148	2	2	2
ENSG00000105968	H2AZ2	pancreatic ductal cell	0.0	0.0	0	observed_zero	0.0	0.0	0	1	0
ENSG00000105968	H2AZ2	paraflocculus	96.825	1.1101576464628748	2	present_gold	96.825	1.1101576464628748	2	2	2
ENSG00000105968	H2AZ2	parietal lobe	96.555	0.750806233325217	6	present_gold	96.555	0.750806233325217	6	6	6
ENSG00000105968	H2AZ2	parietal pleura	95.715	0.5680668974689501	4	present_gold	95.715	0.5680668974689501	4	4	4
ENSG00000105968	H2AZ2	parotid gland	96.13	1.0516110090169815	8	present_gold	96.13	1.0516110090169815	8	8	8
ENSG00000105968	H2AZ2	penis	93.08	0.0	1	present_gold	93.08	0.0	1	1	1
ENSG00000105968	H2AZ2	pericardium	88.84	0.0	1	present_gold	88.84	0.0	1	1	1
ENSG00000105968	H2AZ2	periodontal ligament	90.69	0.0	1	present_gold	90.69	0.0	1	1	1
ENSG00000105968	H2AZ2	peritoneum	95.58	0.0	1	present_gold	95.58	0.0	1	1	1
ENSG00000105968	H2AZ2	pharyngeal mucosa	87.45666666666666	3.5682255160420184	3	present_gold	87.45666666666666	3.5682255160420184	3	3	3
ENSG00000105968	H2AZ2	pigmented layer of retina	97.44500000000001	1.0053689206787093	4	present_gold	97.44500000000001	1.0053689206787093	4	4	4
ENSG00000105968	H2AZ2	pituitary gland	93.9976923076923	1.9402068353921877	13	present_gold	93.9976923076923	1.9402068353921877	13	13	13
ENSG00000105968	H2AZ2	placenta	87.945	2.1058727406944606	4	present_gold	87.945	2.1058727406944606	4	4	4
ENSG00000105968	H2AZ2	pleura	95.78	0.0	1	present_gold	95.78	0.0	1	1	1
ENSG00000105968	H2AZ2	pons	94.42	0.0	1	present_gold	94.42	0.0	1	1	1
ENSG00000105968	H2AZ2	popliteal artery	96.64	0.0	1	present_gold	96.64	0.0	1	1	1
ENSG00000105968	H2AZ2	postcentral gyrus	97.262	0.5954853962465045	15	present_gold	97.262	0.5954853962465045	15	15	15
ENSG00000105968	H2AZ2	prefrontal cortex	96.373	0.9691353534637652	10	present_gold	96.373	0.9691353534637652	10	10	10
ENSG00000105968	H2AZ2	primary visual cortex	97.56222222222222	0.5469181332196278	9	present_gold	97.56222222222222	0.5469181332196278	9	9	9
ENSG00000105968	H2AZ2	primordial germ cell in gonad	96.81	0.0	1	present_gold	96.81	0.0	1	1	1
ENSG00000105968	H2AZ2	prostate gland	92.07777777777778	3.9443385422587287	18	present_gold	92.07777777777778	3.9443385422587287	18	19	18
ENSG00000105968	H2AZ2	putamen	96.955	0.5167075252661479	16	present_gold	96.955	0.5167075252661479	16	16	16
ENSG00000105968	H2AZ2	pylorus	93.88	1.5634577064954411	3	present_gold	93.88	1.5634577064954411	3	3	3
ENSG00000105968	H2AZ2	quadriceps femoris	91.91499999999999	3.8990653400931605	20	present_gold	91.91499999999999	3.8990653400931605	20	20	20
ENSG00000105968	H2AZ2	rectum	97.89	0.0	1	present_gold	97.89	0.0	1	1	1
ENSG00000105968	H2AZ2	renal glomerulus	96.1	0.0	1	present_gold	96.1	0.0	1	1	1
ENSG00000105968	H2AZ2	renal medulla	96.03000000000002	0.20663978319771667	3	present_gold	96.03000000000002	0.20663978319771667	3	3	3
ENSG00000105968	H2AZ2	retina	98.16	0.0	1	present_gold	98.16	0.0	1	1	1
ENSG00000105968	H2AZ2	right adrenal gland	96.538	0.16664333169977166	5	present_gold	96.538	0.16664333169977166	5	5	5
ENSG00000105968	H2AZ2	right adrenal gland cortex	96.51666666666667	0.2676440422152766	3	present_gold	96.51666666666667	0.2676440422152766	3	3	3
ENSG00000105968	H2AZ2	right atrium auricular region	97.27999999999999	0.2146159360345805	11	present_gold	97.27999999999999	0.2146159360345805	11	11	11
ENSG00000105968	H2AZ2	right coronary artery	96.845	0.12020815280171428	2	present_gold	96.845	0.12020815280171428	2	2	2
ENSG00000105968	H2AZ2	right frontal lobe	95.78444444444443	0.22908028675068845	9	present_gold	95.78444444444443	0.22908028675068845	9	9	9
ENSG00000105968	H2AZ2	right hemisphere of cerebellum	96.42777777777776	0.24993888141792592	9	present_gold	96.42777777777776	0.24993888141792592	9	9	9
ENSG00000105968	H2AZ2	right lobe of liver	94.77888888888889	0.7052383363878548	9	present_gold	94.77888888888889	0.7052383363878548	9	9	9
ENSG00000105968	H2AZ2	right lobe of thyroid gland	95.86625000000001	0.3751166485241597	8	present_gold	95.86625000000001	0.3751166485241597	8	8	8
ENSG00000105968	H2AZ2	right lung	96.99000000000001	0.08485281374237887	2	present_gold	96.99000000000001	0.08485281374237887	2	2	2
ENSG00000105968	H2AZ2	right ovary	95.15	0.47644516998286357	5	present_gold	95.15	0.47644516998286357	5	5	5
ENSG00000105968	H2AZ2	right testis	97.08	0.539583172458149	5	present_gold	97.08	0.539583172458149	5	5	5
ENSG00000105968	H2AZ2	right uterine tube	95.03	0.0	1	present_gold	95.03	0.0	1	1	1
ENSG00000105968	H2AZ2	saliva-secreting gland	95.46000000000001	0.18124568960392015	5	present_gold	95.46000000000001	0.18124568960392015	5	5	5
ENSG00000105968	H2AZ2	saphenous vein	95.66666666666667	1.1154072499913832	3	present_gold	95.66666666666667	1.1154072499913832	3	3	3
ENSG00000105968	H2AZ2	secondary oocyte	0.0	0.0	0	observed_zero	0.0	0.0	0	1	0
ENSG00000105968	H2AZ2	seminal vesicle	97.23	0.0	1	present_gold	97.23	0.0	1	1	1
ENSG00000105968	H2AZ2	sigmoid colon	97.5275	0.0842120339777367	4	present_gold	97.5275	0.0842120339777367	4	4	4
ENSG00000105968	H2AZ2	skeletal muscle organ	96.5	0.0	1	present_gold	96.5	0.0	1	1	1
ENSG00000105968	H2AZ2	skeletal muscle tissue	94.86117647058825	1.6892227589669049	17	present_gold	94.86117647058825	1.6892227589669049	17	17	17
ENSG00000105968	H2AZ2	skeletal muscle tissue of biceps brachii	96.49	0.1979898987322341	2	present_gold	96.49	0.1979898987322341	2	2	2
ENSG00000105968	H2AZ2	skeletal muscle tissue of rectus abdominis	95.35499999999999	0.3040559159102102	2	present_gold	95.35499999999999	0.3040559159102102	2	2	2
ENSG00000105968	H2AZ2	skin of abdomen	94.569	0.3391967636113945	10	present_gold	94.569	0.3391967636113945	10	10	10
ENSG00000105968	H2AZ2	skin of hip	97.32	0.0	1	present_gold	97.32	0.0	1	1	1
ENSG00000105968	H2AZ2	skin of leg	94.13333333333333	0.815378699894976	12	present_gold	94.13333333333333	0.815378699894976	12	12	12
ENSG00000105968	H2AZ2	small intestine	96.605	0.10606601717798615	2	present_gold	96.605	0.10606601717798615	2	2	2
ENSG00000105968	H2AZ2	small intestine Peyer's patch	96.64454545454545	0.28150892122146276	11	present_gold	96.64454545454545	0.28150892122146276	11	11	11
ENSG00000105968	H2AZ2	smooth muscle tissue	97.59	0.0	1	present_gold	97.59	0.0	1	2	1
ENSG00000105968	H2AZ2	sperm	77.55	0.0	1	present_gold	77.55	0.0	1	1	1
ENSG00000105968	H2AZ2	spinal cord	97.038	0.36239327930976817	10	present_gold	97.038	0.36239327930976817	10	10	10
ENSG00000105968	H2AZ2	spleen	96.38499999999999	0.3858756276314958	12	present_gold	96.38499999999999	0.3858756276314958	12	12	12
ENSG00000105968	H2AZ2	squamous epithelium	78.98666666666666	0.9570963030611613	3	present_gold	78.98666666666666	0.9570963030611613	3	3	3
ENSG00000105968	H2AZ2	stomach	96.60166666666667	1.1451306660919698	12	present_gold	96.60166666666667	1.1451306660919698	12	12	12
ENSG00000105968	H2AZ2	stromal cell of endometrium	96.92	0.0	1	present_gold	96.92	0.0	1	1	1
ENSG00000105968	H2AZ2	subcutaneous adipose tissue	95.45473684210526	0.6633615439650511	19	present_gold	95.45473684210526	0.6633615439650511	19	21	19
ENSG00000105968	H2AZ2	substantia nigra	95.93173913043478	1.2940972710872898	23	present_gold	95.93173913043478	1.2940972710872898	23	23	23
ENSG00000105968	H2AZ2	substantia nigra pars compacta	96.775	0.37476659402887097	2	present_gold	96.775	0.37476659402887097	2	2	2
ENSG00000105968	H2AZ2	substantia nigra pars reticulata	96.83500000000001	0.5161879502661825	2	present_gold	96.83500000000001	0.5161879502661825	2	2	2
ENSG00000105968	H2AZ2	subthalamic nucleus	96.5725	0.5304916856760622	8	present_gold	96.5725	0.5304916856760622	8	8	8
ENSG00000105968	H2AZ2	superficial temporal artery	96.09	0.0	1	present_gold	96.09	0.0	1	1	1
ENSG00000105968	H2AZ2	superior frontal gyrus	96.5672	1.221868514475542	25	present_gold	96.5672	1.221868514475542	25	25	25
ENSG00000105968	H2AZ2	superior surface of tongue	92.96666666666665	1.354301788130449	3	present_gold	92.96666666666665	1.354301788130449	3	3	3
ENSG00000105968	H2AZ2	superior vestibular nucleus	96.046	0.7297122720634526	5	present_gold	96.046	0.7297122720634526	5	5	5
ENSG00000105968	H2AZ2	sural nerve	91.13666666666666	2.9670243230100652	3	present_gold	91.13666666666666	2.9670243230100652	3	3	3
ENSG00000105968	H2AZ2	synovial joint	96.16	1.131370849898472	2	present_gold	96.16	1.131370849898472	2	2	2
ENSG00000105968	H2AZ2	telencephalon	96.61	0.0	1	present_gold	96.61	0.0	1	1	1
ENSG00000105968	H2AZ2	temporal lobe	96.2325	1.3599658609160516	8	present_gold	96.2325	1.3599658609160516	8	8	8
ENSG00000105968	H2AZ2	tendon	90.624	3.194053850516614	5	present_gold	90.624	3.194053850516614	5	5	5
ENSG00000105968	H2AZ2	tendon of biceps brachii	85.52	0.0	1	present_gold	85.52	0.0	1	1	1
ENSG00000105968	H2AZ2	testis	95.85769230769232	1.368735145101455	13	present_gold	95.85769230769232	1.368735145101455	13	13	13
ENSG00000105968	H2AZ2	thoracic aorta	96.68833333333333	0.1747474367956977	6	present_gold	96.68833333333333	0.1747474367956977	6	6	6
ENSG00000105968	H2AZ2	thoracic mammary gland	95.19733333333333	1.490500714844638	15	present_gold	95.19733333333333	1.490500714844638	15	15	15
ENSG00000105968	H2AZ2	thymus	93.8925	3.971677857027177	4	present_gold	93.8925	3.971677857027177	4	4	4
ENSG00000105968	H2AZ2	thyroid gland	95.95529411764706	0.6190124963102421	17	present_gold	95.95529411764706	0.6190124963102421	17	17	17
ENSG00000105968	H2AZ2	tibia	95.37	0.0	1	present_gold	95.37	0.0	1	1	1
ENSG00000105968	H2AZ2	tibial artery	96.73454545454545	0.2698652862582974	11	present_gold	96.73454545454545	0.2698652862582974	11	11	11
ENSG00000105968	H2AZ2	tibial nerve	95.63545454545455	0.9318515293367664	11	present_gold	95.63545454545455	0.9318515293367664	11	11	11
ENSG00000105968	H2AZ2	tibialis anterior	93.895	0.9687362902255733	2	present_gold	93.895	0.9687362902255733	2	2	2
ENSG00000105968	H2AZ2	tongue	90.78	0.0	1	present_gold	90.78	0.0	1	1	1
ENSG00000105968	H2AZ2	tongue squamous epithelium	79.94	0.0	1	present_gold	79.94	0.0	1	1	1
ENSG00000105968	H2AZ2	tonsil	94.00166666666667	2.3450067519447897	6	present_gold	94.00166666666667	2.3450067519447897	6	6	6
ENSG00000105968	H2AZ2	trabecular bone tissue	97.1275	0.4598822313013049	4	present_gold	97.1275	0.4598822313013049	4	4	4
ENSG00000105968	H2AZ2	trachea	91.61666666666667	0.5852634734316986	3	present_gold	91.61666666666667	0.5852634734316986	3	3	3
ENSG00000105968	H2AZ2	transverse colon	97.104	0.19995555061618797	10	present_gold	97.104	0.19995555061618797	10	10	10
ENSG00000105968	H2AZ2	triceps brachii	92.565	5.3810826048296265	2	present_gold	92.565	5.3810826048296265	2	2	2
ENSG00000105968	H2AZ2	trigeminal ganglion	94.97500000000001	1.266124006564916	6	present_gold	94.97500000000001	1.266124006564916	6	6	6
ENSG00000105968	H2AZ2	type B pancreatic cell	83.29	0.0	1	present_gold	83.29	0.0	1	1	1
ENSG00000105968	H2AZ2	upper arm skin	87.275	0.7586611013269804	4	present_gold	87.275	0.7586611013269804	4	4	4
ENSG00000105968	H2AZ2	upper leg skin	96.12	0.0	1	present_gold	96.12	0.0	1	1	1
ENSG00000105968	H2AZ2	upper lobe of left lung	96.08	0.42108702867018954	8	present_gold	96.08	0.42108702867018954	8	8	8
ENSG00000105968	H2AZ2	upper lobe of lung	93.7375	1.6357337802955556	4	present_gold	93.7375	1.6357337802955556	4	4	4
ENSG00000105968	H2AZ2	urethra	95.39	0.4011234224026354	3	present_gold	95.39	0.4011234224026354	3	3	3
ENSG00000105968	H2AZ2	urinary bladder	96.07625	0.648667590416804	8	present_gold	96.07625	0.648667590416804	8	8	8
ENSG00000105968	H2AZ2	uterine cervix	90.574	1.7438835970327855	5	present_gold	90.574	1.7438835970327855	5	5	5
ENSG00000105968	H2AZ2	uterus	95.1	0.028284271247466325	2	present_gold	95.1	0.028284271247466325	2	2	2
ENSG00000105968	H2AZ2	vagina	90.99833333333333	3.670862750544254	12	present_gold	90.99833333333333	3.670862750544254	12	12	12
ENSG00000105968	H2AZ2	vastus lateralis	95.48454545454545	0.8676993514473563	22	present_gold	95.48454545454545	0.8676993514473563	22	22	22
ENSG00000105968	H2AZ2	vena cava	94.43	0.0	1	present_gold	94.43	0.0	1	1	1
ENSG00000105968	H2AZ2	ventral tegmental area	96.99666666666667	0.806366335276135	6	present_gold	96.99666666666667	0.806366335276135	6	6	6
ENSG00000105968	H2AZ2	ventricular zone	99.42	0.08485281374238891	2	present_gold	99.42	0.08485281374238891	2	2	2
ENSG00000105968	H2AZ2	vermiform appendix	93.86	2.478668997667904	4	present_gold	93.86	2.478668997667904	4	4	4
ENSG00000105968	H2AZ2	visceral pleura	96.1275	0.8567525897247147	4	present_gold	96.1275	0.8567525897247147	4	4	4
ENSG00000105968	H2AZ2	zone of skin	93.266	1.8337969976448942	15	present_gold	93.266	1.8337969976448942	15	15	15
ENSG00000113648	MACROH2A1	Ammon's horn	96.40375	0.6401753326407852	24	present_gold	96.40375	0.6401753326407852	24	24	24
ENSG00000113648	MACROH2A1	Brodmann (1909) area 10	93.45	0.0	1	present_gold	93.45	0.0	1	1	1
ENSG00000113648	MACROH2A1	Brodmann (1909) area 23	96.29166666666667	0.634615369075368	6	present_gold	96.29166666666667	0.634615369075368	6	6	6
ENSG00000113648	MACROH2A1	Brodmann (1909) area 46	95.86	1.1202231920470147	5	present_gold	95.86	1.1202231920470147	5	5	5
ENSG00000113648	MACROH2A1	Brodmann (1909) area 9	96.512	0.19147381602251032	10	present_gold	96.512	0.19147381602251032	10	10	10
ENSG00000113648	MACROH2A1	C1 segment of cervical spinal cord	95.86777777777777	0.5283885354967905	9	present_gold	95.86777777777777	0.5283885354967905	9	9	9
ENSG00000113648	MACROH2A1	CA1 field of hippocampus	93.03999999999999	0.7277362159464108	4	present_gold	93.03999999999999	0.7277362159464108	4	4	4
ENSG00000113648	MACROH2A1	adenohypophysis	97.30166666666666	0.747460143864985	6	present_gold	97.30166666666666	0.747460143864985	6	6	6
ENSG00000113648	MACROH2A1	adipose tissue	96.91529411764705	0.1651558978306123	17	present_gold	96.91529411764705	0.1651558978306123	17	17	17
ENSG00000113648	MACROH2A1	adipose tissue of abdominal region	97.04166666666667	0.2315527297758904	6	present_gold	97.04166666666667	0.2315527297758904	6	6	6
ENSG00000113648	MACROH2A1	adrenal cortex	96.84666666666668	0.5787342510456147	3	present_gold	96.84666666666668	0.5787342510456147	3	3	3
ENSG00000113648	MACROH2A1	adrenal gland	96.9025	0.38395963329496025	4	present_gold	96.9025	0.38395963329496025	4	4	4
ENSG00000113648	MACROH2A1	adrenal tissue	95.99333333333334	0.18876793513023887	3	present_gold	95.99333333333334	0.18876793513023887	3	3	3
ENSG00000113648	MACROH2A1	adult mammalian kidney	94.45538461538462	2.0831331185844997	13	present_gold	94.45538461538462	2.0831331185844997	13	14	13
ENSG00000113648	MACROH2A1	adult organism	97.74	0.0	1	present_gold	97.74	0.0	1	1	1
ENSG00000113648	MACROH2A1	amniotic fluid	98.55000000000001	0.7212489168102757	2	present_gold	98.55000000000001	0.7212489168102757	2	2	2
ENSG00000113648	MACROH2A1	amygdala	95.9276923076923	0.4631442152316746	13	present_gold	95.9276923076923	0.4631442152316746	13	13	13
ENSG00000113648	MACROH2A1	anatomical system	96.67	0.030000000000001137	3	present_gold	96.67	0.030000000000001137	3	3	3
ENSG00000113648	MACROH2A1	anterior cingulate cortex	96.00272727272727	0.5046006521813249	11	present_gold	96.00272727272727	0.5046006521813249	11	11	11
ENSG00000113648	MACROH2A1	aorta	95.935	0.06363961030679169	2	present_gold	95.935	0.06363961030679169	2	2	2
ENSG00000113648	MACROH2A1	apex of heart	96.15	0.0	1	present_gold	96.15	0.0	1	1	1
ENSG00000113648	MACROH2A1	artery	96.13	0.0	1	present_gold	96.13	0.0	1	1	1
ENSG00000113648	MACROH2A1	ascending aorta	95.624	0.2754471112774857	10	present_gold	95.624	0.2754471112774857	10	10	10
ENSG00000113648	MACROH2A1	biceps brachii	94.5	1.925733626439542	5	present_gold	94.5	1.925733626439542	5	5	5
ENSG00000113648	MACROH2A1	blood	98.69128205128206	0.3293868265603089	39	present_gold	98.69128205128206	0.3293868265603089	39	39	39
ENSG00000113648	MACROH2A1	blood vessel layer	95.47	0.0	1	present_gold	95.47	0.0	1	1	1
ENSG00000113648	MACROH2A1	body of pancreas	94.547	0.4378241656190299	10	present_gold	94.547	0.4378241656190299	10	10	10
ENSG00000113648	MACROH2A1	body of stomach	96.6309090909091	0.27558862623317726	11	present_gold	96.6309090909091	0.27558862623317726	11	11	11
ENSG00000113648	MACROH2A1	body of tongue	98.40333333333332	0.22300971578236298	3	present_gold	98.40333333333332	0.22300971578236298	3	3	3
ENSG00000113648	MACROH2A1	body of uterus	96.474	0.32516149833582475	5	present_gold	96.474	0.32516149833582475	5	5	5
ENSG00000113648	MACROH2A1	bone element	98.975	0.20506096654410322	2	present_gold	98.975	0.20506096654410322	2	2	2
ENSG00000113648	MACROH2A1	bone marrow	99.0442857142857	0.18462912036813867	14	present_gold	99.0442857142857	0.18462912036813867	14	14	14
ENSG00000113648	MACROH2A1	bone marrow cell	99.03500000000001	0.281336097932706	6	present_gold	99.03500000000001	0.281336097932706	6	6	6
ENSG00000113648	MACROH2A1	brain	96.52458333333334	0.6672068916249932	24	present_gold	96.52458333333334	0.6672068916249932	24	24	24
ENSG00000113648	MACROH2A1	bronchial epithelial cell	98.6495238095238	0.13771260619406647	21	present_gold	98.6495238095238	0.13771260619406647	21	21	21
ENSG00000113648	MACROH2A1	bronchus	98.51	0.15556349186103965	2	present_gold	98.51	0.15556349186103965	2	2	2
ENSG00000113648	MACROH2A1	buccal mucosa cell	99.01	0.0	1	present_gold	99.01	0.0	1	1	1
ENSG00000113648	MACROH2A1	caecum	98.50666666666666	0.8164149271867434	3	present_gold	98.50666666666666	0.8164149271867434	3	3	3
ENSG00000113648	MACROH2A1	calcaneal tendon	92.676	1.2580858476272576	5	present_gold	92.676	1.2580858476272576	5	5	5
ENSG00000113648	MACROH2A1	caput epididymis	96.96666666666665	0.50520622851795	3	present_gold	96.96666666666665	0.50520622851795	3	3	3
ENSG00000113648	MACROH2A1	cardia of stomach	97.62333333333333	0.5676559991168337	3	present_gold	97.62333333333333	0.5676559991168337	3	3	3
ENSG00000113648	MACROH2A1	cardiac atrium	96.82666666666667	0.8720282870029723	3	present_gold	96.82666666666667	0.8720282870029723	3	3	3
ENSG00000113648	MACROH2A1	cardiac muscle of right atrium	85.32625	0.5452898966866794	8	present_gold	85.32625	0.5452898966866794	8	8	8
ENSG00000113648	MACROH2A1	cardiac ventricle	95.54333333333334	1.1211749789097731	3	present_gold	95.54333333333334	1.1211749789097731	3	3	3
ENSG00000113648	MACROH2A1	cartilage tissue	95.82	0.0	1	present_gold	95.82	0.0	1	1	1
ENSG00000113648	MACROH2A1	cauda epididymis	96.58333333333333	0.3400490160746472	3	present_gold	96.58333333333333	0.3400490160746472	3	3	3
ENSG00000113648	MACROH2A1	caudate nucleus	96.0057894736842	0.8430586890699694	19	present_gold	96.0057894736842	0.8430586890699694	19	19	19
ENSG00000113648	MACROH2A1	central nervous system	96.33	0.0	1	present_gold	96.33	0.0	1	1	1
ENSG00000113648	MACROH2A1	cerebellar cortex	97.24666666666667	0.02309401076758864	3	present_gold	97.24666666666667	0.02309401076758864	3	3	3
ENSG00000113648	MACROH2A1	cerebellar hemisphere	97.43363636363637	0.309201317179364	11	present_gold	97.43363636363637	0.309201317179364	11	11	11
ENSG00000113648	MACROH2A1	cerebellar vermis	86.00666666666666	2.783600785553368	3	present_gold	86.00666666666666	2.783600785553368	3	3	3
ENSG00000113648	MACROH2A1	cerebellum	97.26352941176471	0.5619935628687226	17	present_gold	97.26352941176471	0.5619935628687226	17	17	17
ENSG00000113648	MACROH2A1	cerebral cortex	96.46900000000001	1.1789020315530894	10	present_gold	96.46900000000001	1.1789020315530894	10	10	10
ENSG00000113648	MACROH2A1	cervix epithelium	98.09833333333334	0.2803866378176144	6	present_gold	98.09833333333334	0.2803866378176144	6	6	6
ENSG00000113648	MACROH2A1	cervix squamous epithelium	97.39	0.0	1	present_gold	97.39	0.0	1	1	1
ENSG00000113648	MACROH2A1	choroid plexus epithelium	97.63	0.0	1	present_gold	97.63	0.0	1	1	1
ENSG00000113648	MACROH2A1	cingulate cortex	92.87	0.0	1	present_gold	92.87	0.0	1	1	1
ENSG00000113648	MACROH2A1	colon	97.43055555555556	0.5439341679697717	18	present_gold	97.43055555555556	0.5439341679697717	18	18	18
ENSG00000113648	MACROH2A1	colonic epithelium	97.78	0.0	1	present_gold	97.78	0.0	1	1	1
ENSG00000113648	MACROH2A1	colonic mucosa	98.85000000000001	0.21052315787105266	6	present_gold	98.85000000000001	0.21052315787105266	6	6	6
ENSG00000113648	MACROH2A1	connective tissue	96.64	0.0	1	present_gold	96.64	0.0	1	1	1
ENSG00000113648	MACROH2A1	coronary artery	96.4	0.14142135623731153	2	present_gold	96.4	0.14142135623731153	2	2	2
ENSG00000113648	MACROH2A1	corpus callosum	95.27333333333333	1.00154728779872	12	present_gold	95.27333333333333	1.00154728779872	12	12	12
ENSG00000113648	MACROH2A1	corpus epididymis	96.92666666666666	0.2753785273643058	3	present_gold	96.92666666666666	0.2753785273643058	3	3	3
ENSG00000113648	MACROH2A1	cortex of kidney	95.056	0.4778388849811189	5	present_gold	95.056	0.4778388849811189	5	5	5
ENSG00000113648	MACROH2A1	cortical plate	97.725	0.21920310216783134	2	present_gold	97.725	0.21920310216783134	2	2	2
ENSG00000113648	MACROH2A1	cranial nerve II	93.9	0.0	1	present_gold	93.9	0.0	1	1	1
ENSG00000113648	MACROH2A1	decidua	96.125	0.8273149339882517	2	present_gold	96.125	0.8273149339882517	2	2	2
ENSG00000113648	MACROH2A1	deltoid	90.92	4.159579305650995	7	present_gold	90.92	4.159579305650995	7	8	7
ENSG00000113648	MACROH2A1	descending thoracic aorta	95.7	0.7754353615872833	3	present_gold	95.7	0.7754353615872833	3	3	3
ENSG00000113648	MACROH2A1	diaphragm	92.57	0.0	1	present_gold	92.57	0.0	1	1	1
ENSG00000113648	MACROH2A1	dorsal motor nucleus of vagus nerve	92.31	4.030508652763323	2	present_gold	92.31	4.030508652763323	2	2	2
ENSG00000113648	MACROH2A1	dorsal plus ventral thalamus	95.68857142857144	1.7393334793480386	7	present_gold	95.68857142857144	1.7393334793480386	7	7	7
ENSG00000113648	MACROH2A1	dorsal root ganglion	95.25874999999999	0.5609796915091647	8	present_gold	95.25874999999999	0.5609796915091647	8	8	8
ENSG00000113648	MACROH2A1	dorsolateral prefrontal cortex	96.32958333333333	0.3456497242644036	24	present_gold	96.32958333333333	0.3456497242644036	24	24	24
ENSG00000113648	MACROH2A1	duodenum	98.125	0.4878865988458068	4	present_gold	98.125	0.4878865988458068	4	4	4
ENSG00000113648	MACROH2A1	ectocervix	97.15799999999999	1.4633078965139268	5	present_gold	97.15799999999999	1.4633078965139268	5	5	5
ENSG00000113648	MACROH2A1	embryo	98.555	0.4785394445602145	8	present_gold	98.555	0.4785394445602145	8	8	8
ENSG00000113648	MACROH2A1	endocervix	96.31333333333333	1.0271481554933206	3	present_gold	96.31333333333333	1.0271481554933206	3	3	3
ENSG00000113648	MACROH2A1	endometrium	97.76625	1.2413104634484733	16	present_gold	97.76625	1.2413104634484733	16	16	16
ENSG00000113648	MACROH2A1	endometrium epithelium	98.44	0.0	1	present_gold	98.44	0.0	1	1	1
ENSG00000113648	MACROH2A1	endothelial cell	94.53	0.0	1	present_gold	94.53	0.0	1	1	1
ENSG00000113648	MACROH2A1	entorhinal cortex	96.8547619047619	0.4998561697890612	21	present_gold	96.8547619047619	0.4998561697890612	21	21	21
ENSG00000113648	MACROH2A1	epithelial cell of pancreas	86.79	0.0	1	present_gold	86.79	0.0	1	1	1
ENSG00000113648	MACROH2A1	epithelium of bronchus	98.59928571428573	0.07780293505579658	14	present_gold	98.59928571428573	0.07780293505579658	14	14	14
ENSG00000113648	MACROH2A1	epithelium of esophagus	98.97	0.0	1	present_gold	98.97	0.0	1	1	1
ENSG00000113648	MACROH2A1	epithelium of mammary gland	97.10571428571428	0.49348614107041494	7	present_gold	97.10571428571428	0.49348614107041494	7	7	7
ENSG00000113648	MACROH2A1	epithelium of nasopharynx	99.39	0.0	1	present_gold	99.39	0.0	1	1	1
ENSG00000113648	MACROH2A1	esophagogastric junction muscularis propria	96.67454545454547	0.30842709467112533	11	present_gold	96.67454545454547	0.30842709467112533	11	11	11
ENSG00000113648	MACROH2A1	esophagus	97.72428571428573	0.11731114508819947	7	present_gold	97.72428571428573	0.11731114508819947	7	7	7
ENSG00000113648	MACROH2A1	esophagus mucosa	98.56181818181818	0.14204352725965116	11	present_gold	98.56181818181818	0.14204352725965116	11	11	11
ENSG00000113648	MACROH2A1	esophagus squamous epithelium	99.06	0.0	1	present_gold	99.06	0.0	1	1	1
ENSG00000113648	MACROH2A1	eye	98.04	0.7071067811865476	2	present_gold	98.04	0.7071067811865476	2	2	2
ENSG00000113648	MACROH2A1	fallopian tube	97.995	0.06363961030679169	2	present_gold	97.995	0.06363961030679169	2	2	2
ENSG00000113648	MACROH2A1	female reproductive system	96.94	0.0	1	present_gold	96.94	0.0	1	1	1
ENSG00000113648	MACROH2A1	forebrain	98.13	0.3394112549695456	2	present_gold	98.13	0.3394112549695456	2	2	2
ENSG00000113648	MACROH2A1	frontal cortex	95.45846153846153	1.117571267732641	26	present_gold	95.45846153846153	1.117571267732641	26	26	26
ENSG00000113648	MACROH2A1	frontal pole	94.66499999999999	0.23334523779155947	2	present_gold	94.66499999999999	0.23334523779155947	2	2	2
ENSG00000113648	MACROH2A1	fundus of stomach	96.54714285714284	0.8574908023940989	7	present_gold	96.54714285714284	0.8574908023940989	7	7	7
ENSG00000113648	MACROH2A1	gall bladder	97.89	0.0	1	present_gold	97.89	0.0	1	1	1
ENSG00000113648	MACROH2A1	ganglionic eminence	99.015	0.0494974746830535	2	present_gold	99.015	0.0494974746830535	2	2	2
ENSG00000113648	MACROH2A1	gastrocnemius	96.60615384615386	0.18154606676812077	13	present_gold	96.60615384615386	0.18154606676812077	13	13	13
ENSG00000113648	MACROH2A1	germinal epithelium of ovary	97.85	0.0	1	present_gold	97.85	0.0	1	1	1
ENSG00000113648	MACROH2A1	gingiva	98.955	0.0494974746830535	2	present_gold	98.955	0.0494974746830535	2	2	2
ENSG00000113648	MACROH2A1	gingival epithelium	98.81	0.0	1	present_gold	98.81	0.0	1	1	1
ENSG00000113648	MACROH2A1	globus pallidus	93.72	0.0	1	present_gold	93.72	0.0	1	1	1
ENSG00000113648	MACROH2A1	gluteal muscle	92.39	0.0	1	present_gold	92.39	0.0	1	1	1
ENSG00000113648	MACROH2A1	granulocyte	98.31	0.0	1	present_gold	98.31	0.0	1	1	1
ENSG00000113648	MACROH2A1	hair follicle	97.23333333333333	0.35921210076128574	3	present_gold	97.23333333333333	0.35921210076128574	3	3	3
ENSG00000113648	MACROH2A1	heart	96.154	1.471659898598467	15	present_gold	96.154	1.471659898598467	15	15	15
ENSG00000113648	MACROH2A1	heart left ventricle	96.29529411764706	1.0406315248868045	17	present_gold	96.29529411764706	1.0406315248868045	17	17	17
ENSG00000113648	MACROH2A1	heart right ventricle	96.05333333333333	0.5428689221779665	6	present_gold	96.05333333333333	0.5428689221779665	6	6	6
ENSG00000113648	MACROH2A1	hindlimb stylopod muscle	95.565	0.12020815280171428	2	present_gold	95.565	0.12020815280171428	2	2	2
ENSG00000113648	MACROH2A1	hypothalamus	96.50294117647059	0.42957485823023855	17	present_gold	96.50294117647059	0.42957485823023855	17	17	17
ENSG00000113648	MACROH2A1	ileal mucosa	88.47	0.0	1	present_gold	88.47	0.0	1	1	1
ENSG00000113648	MACROH2A1	inferior olivary complex	93.7	0.9727795228107987	3	present_gold	93.7	0.9727795228107987	3	3	3
ENSG00000113648	MACROH2A1	inferior vagus X ganglion	96.37666666666667	0.575105787370174	6	present_gold	96.37666666666667	0.575105787370174	6	6	6
ENSG00000113648	MACROH2A1	intestine	97.7675	0.5554202613036923	4	present_gold	97.7675	0.5554202613036923	4	4	4
ENSG00000113648	MACROH2A1	islet of Langerhans	95.41277777777778	4.163805959138765	18	present_gold	95.41277777777778	4.163805959138765	18	18	18
ENSG00000113648	MACROH2A1	jejunal mucosa	98.51	0.0	1	present_gold	98.51	0.0	1	1	1
ENSG00000113648	MACROH2A1	jejunum	97.195	0.3181980515339484	2	present_gold	97.195	0.3181980515339484	2	2	2
ENSG00000113648	MACROH2A1	kidney	94.64666666666666	0.4657323981286533	6	present_gold	94.64666666666666	0.4657323981286533	6	6	6
ENSG00000113648	MACROH2A1	kidney epithelium	92.2	0.0	1	present_gold	92.2	0.0	1	1	1
ENSG00000113648	MACROH2A1	large intestine	97.39	0.014142135623738184	2	present_gold	97.39	0.014142135623738184	2	2	2
ENSG00000113648	MACROH2A1	lateral globus pallidus	98.095	0.26162950903902576	2	present_gold	98.095	0.26162950903902576	2	2	2
ENSG00000113648	MACROH2A1	lateral nuclear group of thalamus	98.10499999999999	0.007071067811869092	2	present_gold	98.10499999999999	0.007071067811869092	2	2	2
ENSG00000113648	MACROH2A1	layer of synovial tissue	93.16555555555556	4.21332739978485	9	present_gold	93.16555555555556	4.21332739978485	9	9	9
ENSG00000113648	MACROH2A1	left adrenal gland	96.4925	0.23407874133047207	8	present_gold	96.4925	0.23407874133047207	8	8	8
ENSG00000113648	MACROH2A1	left adrenal gland cortex	96.525	0.3560898762952963	8	present_gold	96.525	0.3560898762952963	8	8	8
ENSG00000113648	MACROH2A1	left coronary artery	96.30666666666667	0.5277546778570509	9	present_gold	96.30666666666667	0.5277546778570509	9	9	9
ENSG00000113648	MACROH2A1	left lobe of thyroid gland	96.60363636363635	0.30411421299481495	11	present_gold	96.60363636363635	0.30411421299481495	11	11	11
ENSG00000113648	MACROH2A1	left ovary	95.60600000000001	0.4727895937941113	5	present_gold	95.60600000000001	0.4727895937941113	5	5	5
ENSG00000113648	MACROH2A1	left testis	91.625	0.6673454877348028	6	present_gold	91.625	0.6673454877348028	6	6	6
ENSG00000113648	MACROH2A1	left uterine tube	97.46000000000001	0.6363961030678867	2	present_gold	97.46000000000001	0.6363961030678867	2	2	2
ENSG00000113648	MACROH2A1	left ventricle myocardium	83.5025	1.9518602238206855	4	present_gold	83.5025	1.9518602238206855	4	4	4
ENSG00000113648	MACROH2A1	leukocyte	98.71	0.0	1	present_gold	98.71	0.0	1	1	1
ENSG00000113648	MACROH2A1	liver	94.20565217391304	1.8837844551640694	23	present_gold	94.20565217391304	1.8837844551640694	23	23	23
ENSG00000113648	MACROH2A1	lower esophagus	96.57499999999999	0.07778174593051983	2	present_gold	96.57499999999999	0.07778174593051983	2	2	2
ENSG00000113648	MACROH2A1	lower esophagus mucosa	98.33	0.0	1	present_gold	98.33	0.0	1	1	1
ENSG00000113648	MACROH2A1	lower esophagus muscularis layer	96.75818181818181	0.22166723627176982	11	present_gold	96.75818181818181	0.22166723627176982	11	11	11
ENSG00000113648	MACROH2A1	lower lobe of lung	98.815	0.228910462845193	8	present_gold	98.815	0.228910462845193	8	8	8
ENSG00000113648	MACROH2A1	lung	97.9531818181818	0.49853486637046185	22	present_gold	97.9531818181818	0.49853486637046185	22	22	22
ENSG00000113648	MACROH2A1	lymph node	97.60666666666667	0.9004813527589932	6	present_gold	97.60666666666667	0.9004813527589932	6	6	6
ENSG00000113648	MACROH2A1	male germ cell	91.28	0.0	1	present_gold	91.28	0.0	1	1	1
ENSG00000113648	MACROH2A1	male germ line stem cell (sensu Vertebrata) in testis	85.89	0.0	1	present_gold	85.89	0.0	1	1	1
ENSG00000113648	MACROH2A1	mammalian vulva	98.612	0.22174309459371885	5	present_gold	98.612	0.22174309459371885	5	5	5
ENSG00000113648	MACROH2A1	mammary duct	98.21	0.0	1	present_gold	98.21	0.0	1	1	1
ENSG00000113648	MACROH2A1	mammary gland	97.11	0.1979898987322341	2	present_gold	97.11	0.1979898987322341	2	2	2
ENSG00000113648	MACROH2A1	material anatomical entity	96.65	0.014142135623728137	2	present_gold	96.65	0.014142135623728137	2	2	2
ENSG00000113648	MACROH2A1	medial globus pallidus	91.94333333333334	1.2623126923759171	3	present_gold	91.94333333333334	1.2623126923759171	3	3	3
ENSG00000113648	MACROH2A1	medulla oblongata	96.5657142857143	0.47042027815055054	7	present_gold	96.5657142857143	0.47042027815055054	7	7	7
ENSG00000113648	MACROH2A1	metanephric glomerulus	91.88444444444445	1.5318135584260164	9	present_gold	91.88444444444445	1.5318135584260164	9	9	9
ENSG00000113648	MACROH2A1	metanephros	90.6725	5.045184998259892	4	present_gold	90.6725	5.045184998259892	4	5	4
ENSG00000113648	MACROH2A1	metanephros cortex	96.60499999999999	1.0111626970967578	2	present_gold	96.60499999999999	1.0111626970967578	2	2	2
ENSG00000113648	MACROH2A1	midbrain	96.292	0.388677243995579	5	present_gold	96.292	0.388677243995579	5	5	5
ENSG00000113648	MACROH2A1	middle frontal gyrus	94.04	0.0	1	present_gold	94.04	0.0	1	1	1
ENSG00000113648	MACROH2A1	middle temporal gyrus	97.662	0.36615570458481306	5	present_gold	97.662	0.36615570458481306	5	5	5
ENSG00000113648	MACROH2A1	minor salivary gland	97.449	0.36528375576012295	10	present_gold	97.449	0.36528375576012295	10	10	10
ENSG00000113648	MACROH2A1	monocyte	99.2	0.0	1	present_gold	99.2	0.0	1	1	1
ENSG00000113648	MACROH2A1	mononuclear cell	98.975	0.3040559159102102	2	present_gold	98.975	0.3040559159102102	2	2	2
ENSG00000113648	MACROH2A1	mouth mucosa	97.71	0.36212336756046687	4	present_gold	97.71	0.36212336756046687	4	4	4
ENSG00000113648	MACROH2A1	mucosa of paranasal sinus	98.18	0.0	1	present_gold	98.18	0.0	1	1	1
ENSG00000113648	MACROH2A1	mucosa of sigmoid colon	98.82	0.0	1	present_gold	98.82	0.0	1	1	1
ENSG00000113648	MACROH2A1	mucosa of stomach	96.62	0.0	1	present_gold	96.62	0.0	1	1	1
ENSG00000113648	MACROH2A1	mucosa of transverse colon	98.27	0.0	1	present_gold	98.27	0.0	1	1	1
ENSG00000113648	MACROH2A1	mucosa of urinary bladder	96.66	0.0	1	present_gold	96.66	0.0	1	1	1
ENSG00000113648	MACROH2A1	multicellular organism	96.67	0.0	1	present_gold	96.67	0.0	1	1	1
ENSG00000113648	MACROH2A1	muscle layer of sigmoid colon	96.75272727272727	0.3359193626182014	11	present_gold	96.75272727272727	0.3359193626182014	11	11	11
ENSG00000113648	MACROH2A1	muscle of leg	96.41	0.18384776310850598	2	present_gold	96.41	0.18384776310850598	2	2	2
ENSG00000113648	MACROH2A1	muscle organ	91.26	0.0	1	present_gold	91.26	0.0	1	1	1
ENSG00000113648	MACROH2A1	muscle tissue	93.24	0.0	1	present_gold	93.24	0.0	1	1	1
ENSG00000113648	MACROH2A1	myocardium	92.5425	3.662784849966329	8	present_gold	92.5425	3.662784849966329	8	8	8
ENSG00000113648	MACROH2A1	myometrium	95.88727272727273	0.9607194273989783	11	present_gold	95.88727272727273	0.9607194273989783	11	11	11
ENSG00000113648	MACROH2A1	nasal cavity epithelium	97.63	1.4682415786693064	7	present_gold	97.63	1.4682415786693064	7	7	7
ENSG00000113648	MACROH2A1	nasal cavity mucosa	97.74	0.0	1	present_gold	97.74	0.0	1	1	1
ENSG00000113648	MACROH2A1	neocortex	97.66	0.0	1	present_gold	97.66	0.0	1	1	1
ENSG00000113648	MACROH2A1	nephron tubule	93.72749999999999	0.4954867736450112	8	present_gold	93.72749999999999	0.4954867736450112	8	8	8
ENSG00000113648	MACROH2A1	nerve	96.05	0.0	1	present_gold	96.05	0.0	1	1	1
ENSG00000113648	MACROH2A1	nipple	98.14666666666666	0.38370995990896245	3	present_gold	98.14666666666666	0.38370995990896245	3	3	3
ENSG00000113648	MACROH2A1	nucleus accumbens	96.36142857142856	0.6285986507591828	14	present_gold	96.36142857142856	0.6285986507591828	14	14	14
ENSG00000113648	MACROH2A1	occipital lobe	95.87666666666667	1.2592643355017528	6	present_gold	95.87666666666667	1.2592643355017528	6	6	6
ENSG00000113648	MACROH2A1	olfactory bulb	94.57	0.0	1	present_gold	94.57	0.0	1	1	1
ENSG00000113648	MACROH2A1	olfactory segment of nasal mucosa	97.76	0.0	1	present_gold	97.76	0.0	1	1	1
ENSG00000113648	MACROH2A1	omental fat pad	97.02272727272727	0.18407014473243039	11	present_gold	97.02272727272727	0.18407014473243039	11	11	11
ENSG00000113648	MACROH2A1	oocyte	0.0	0.0	0	observed_zero	0.0	0.0	0	1	0
ENSG00000113648	MACROH2A1	oral cavity	98.66666666666667	0.16020819787597215	6	present_gold	98.66666666666667	0.16020819787597215	6	6	6
ENSG00000113648	MACROH2A1	orbitofrontal cortex	94.41000000000001	0.36889022757454526	6	present_gold	94.41000000000001	0.36889022757454526	6	6	6
ENSG00000113648	MACROH2A1	ovary	97.18181818181819	1.5581451677030491	11	present_gold	97.18181818181819	1.5581451677030491	11	11	11
ENSG00000113648	MACROH2A1	oviduct epithelium	98.67666666666666	0.27319101986217326	3	present_gold	98.67666666666666	0.27319101986217326	3	3	3
ENSG00000113648	MACROH2A1	palpebral conjunctiva	98.90666666666668	0.12143585412334666	6	present_gold	98.90666666666668	0.12143585412334666	6	6	6
ENSG00000113648	MACROH2A1	pancreas	95.38	0.04242640687119446	2	present_gold	95.38	0.04242640687119446	2	2	2
ENSG00000113648	MACROH2A1	pancreatic ductal cell	97.18	0.0	1	present_gold	97.18	0.0	1	1	1
ENSG00000113648	MACROH2A1	paraflocculus	96.89500000000001	0.5868986283848332	2	present_gold	96.89500000000001	0.5868986283848332	2	2	2
ENSG00000113648	MACROH2A1	parietal lobe	96.21999999999998	0.8213160171334805	6	present_gold	96.21999999999998	0.8213160171334805	6	6	6
ENSG00000113648	MACROH2A1	parietal pleura	97.51	0.543200392734271	4	present_gold	97.51	0.543200392734271	4	4	4
ENSG00000113648	MACROH2A1	parotid gland	95.175	0.37363083384538764	8	present_gold	95.175	0.37363083384538764	8	8	8
ENSG00000113648	MACROH2A1	penis	99.08	0.0	1	present_gold	99.08	0.0	1	1	1
ENSG00000113648	MACROH2A1	pericardium	97.49	0.0	1	present_gold	97.49	0.0	1	1	1
ENSG00000113648	MACROH2A1	periodontal ligament	95.39	0.0	1	present_gold	95.39	0.0	1	1	1
ENSG00000113648	MACROH2A1	peripheral nervous system	96.03	0.0	1	present_gold	96.03	0.0	1	1	1
ENSG00000113648	MACROH2A1	peritoneum	97.03	0.0	1	present_gold	97.03	0.0	1	1	1
ENSG00000113648	MACROH2A1	pharyngeal mucosa	99.11666666666667	0.055075705472860816	3	present_gold	99.11666666666667	0.055075705472860816	3	3	3
ENSG00000113648	MACROH2A1	pigmented layer of retina	97.2575	0.8330016006387203	4	present_gold	97.2575	0.8330016006387203	4	4	4
ENSG00000113648	MACROH2A1	pituitary gland	97.82857142857142	0.3782928686950024	14	present_gold	97.82857142857142	0.3782928686950024	14	14	14
ENSG00000113648	MACROH2A1	placenta	97.1025	0.4499166589491919	4	present_gold	97.1025	0.4499166589491919	4	4	4
ENSG00000113648	MACROH2A1	pleura	97.69	0.0	1	present_gold	97.69	0.0	1	1	1
ENSG00000113648	MACROH2A1	pons	97.0	0.0	1	present_gold	97.0	0.0	1	1	1
ENSG00000113648	MACROH2A1	popliteal artery	95.95	0.0	1	present_gold	95.95	0.0	1	1	1
ENSG00000113648	MACROH2A1	postcentral gyrus	96.91266666666667	0.2139581623544551	15	present_gold	96.91266666666667	0.2139581623544551	15	15	15
ENSG00000113648	MACROH2A1	prefrontal cortex	96.13	0.7423835486682985	10	present_gold	96.13	0.7423835486682985	10	10	10
ENSG00000113648	MACROH2A1	primary visual cortex	95.39888888888889	0.6033540512096589	9	present_gold	95.39888888888889	0.6033540512096589	9	9	9
ENSG00000113648	MACROH2A1	primordial germ cell in gonad	90.41	0.0	1	present_gold	90.41	0.0	1	1	1
ENSG00000113648	MACROH2A1	prostate gland	95.75333333333333	0.9847484002346508	18	present_gold	95.75333333333333	0.9847484002346508	18	18	18
ENSG00000113648	MACROH2A1	putamen	96.22125	0.37435945293260564	16	present_gold	96.22125	0.37435945293260564	16	16	16
ENSG00000113648	MACROH2A1	pylorus	98.38333333333333	0.23072349974229336	3	present_gold	98.38333333333333	0.23072349974229336	3	3	3
ENSG00000113648	MACROH2A1	quadriceps femoris	89.997	5.04024445940138	20	present_gold	89.997	5.04024445940138	20	20	20
ENSG00000113648	MACROH2A1	rectum	98.38	0.0	1	present_gold	98.38	0.0	1	1	1
ENSG00000113648	MACROH2A1	renal glomerulus	93.35	0.0	1	present_gold	93.35	0.0	1	1	1
ENSG00000113648	MACROH2A1	renal medulla	97.57666666666667	0.17616280348965074	3	present_gold	97.57666666666667	0.17616280348965074	3	3	3
ENSG00000113648	MACROH2A1	retina	97.19	0.0	1	present_gold	97.19	0.0	1	1	1
ENSG00000113648	MACROH2A1	right adrenal gland	96.232	0.4098414327517405	5	present_gold	96.232	0.4098414327517405	5	5	5
ENSG00000113648	MACROH2A1	right adrenal gland cortex	96.43333333333334	0.14571661996262567	3	present_gold	96.43333333333334	0.14571661996262567	3	3	3
ENSG00000113648	MACROH2A1	right atrium auricular region	97.3509090909091	0.21332859843230034	11	present_gold	97.3509090909091	0.21332859843230034	11	11	11
ENSG00000113648	MACROH2A1	right coronary artery	96.1	0.3111269837220793	2	present_gold	96.1	0.3111269837220793	2	2	2
ENSG00000113648	MACROH2A1	right frontal lobe	95.52444444444444	0.2808518787150565	9	present_gold	95.52444444444444	0.2808518787150565	9	9	9
ENSG00000113648	MACROH2A1	right hemisphere of cerebellum	97.02888888888889	0.4271254044318945	9	present_gold	97.02888888888889	0.4271254044318945	9	9	9
ENSG00000113648	MACROH2A1	right lobe of liver	93.06888888888889	0.7300247332187543	9	present_gold	93.06888888888889	0.7300247332187543	9	9	9
ENSG00000113648	MACROH2A1	right lobe of thyroid gland	96.45375	0.7133209556113496	8	present_gold	96.45375	0.7133209556113496	8	8	8
ENSG00000113648	MACROH2A1	right lung	97.945	0.04949747468306355	2	present_gold	97.945	0.04949747468306355	2	2	2
ENSG00000113648	MACROH2A1	right ovary	96.16	0.5941801073748582	5	present_gold	96.16	0.5941801073748582	5	5	5
ENSG00000113648	MACROH2A1	right testis	92.772	1.4188798398736941	5	present_gold	92.772	1.4188798398736941	5	5	5
ENSG00000113648	MACROH2A1	right uterine tube	96.39	0.0	1	present_gold	96.39	0.0	1	1	1
ENSG00000113648	MACROH2A1	saliva-secreting gland	97.01599999999999	0.4883441409498002	5	present_gold	97.01599999999999	0.4883441409498002	5	5	5
ENSG00000113648	MACROH2A1	saphenous vein	95.69333333333333	1.4368484030451225	3	present_gold	95.69333333333333	1.4368484030451225	3	3	3
ENSG00000113648	MACROH2A1	secondary oocyte	82.04	0.0	1	present_gold	82.04	0.0	1	1	1
ENSG00000113648	MACROH2A1	seminal vesicle	96.27	0.0	1	present_gold	96.27	0.0	1	1	1
ENSG00000113648	MACROH2A1	sigmoid colon	96.83	0.26495282598983916	4	present_gold	96.83	0.26495282598983916	4	4	4
ENSG00000113648	MACROH2A1	skeletal muscle organ	95.68	0.0	1	present_gold	95.68	0.0	1	1	1
ENSG00000113648	MACROH2A1	skeletal muscle tissue	94.38058823529411	1.8166468788272905	17	present_gold	94.38058823529411	1.8166468788272905	17	17	17
ENSG00000113648	MACROH2A1	skeletal muscle tissue of biceps brachii	95.15	0.2404163056034185	2	present_gold	95.15	0.2404163056034185	2	2	2
ENSG00000113648	MACROH2A1	skeletal muscle tissue of rectus abdominis	96.33000000000001	0.14142135623731153	2	present_gold	96.33000000000001	0.14142135623731153	2	2	2
ENSG00000113648	MACROH2A1	skin of abdomen	97.65	0.12613925285616504	10	present_gold	97.65	0.12613925285616504	10	10	10
ENSG00000113648	MACROH2A1	skin of hip	98.17	0.0	1	present_gold	98.17	0.0	1	1	1
ENSG00000113648	MACROH2A1	skin of leg	97.55916666666667	0.15429949233012186	12	present_gold	97.55916666666667	0.15429949233012186	12	12	12
ENSG00000113648	MACROH2A1	small intestine	97.92500000000001	0.007071067811869092	2	present_gold	97.92500000000001	0.007071067811869092	2	2	2
ENSG00000113648	MACROH2A1	small intestine Peyer's patch	97.88636363636364	0.5397642583067683	11	present_gold	97.88636363636364	0.5397642583067683	11	11	11
ENSG00000113648	MACROH2A1	smooth muscle tissue	95.3	3.0264170234784245	2	present_gold	95.3	3.0264170234784245	2	2	2
ENSG00000113648	MACROH2A1	sperm	91.26	0.0	1	present_gold	91.26	0.0	1	1	1
ENSG00000113648	MACROH2A1	spinal cord	96.408	0.8689303769577869	10	present_gold	96.408	0.8689303769577869	10	10	10
ENSG00000113648	MACROH2A1	spleen	97.69	0.13731185474876395	12	present_gold	97.69	0.13731185474876395	12	12	12
ENSG00000113648	MACROH2A1	squamous epithelium	98.83999999999999	0.11532562594670288	3	present_gold	98.83999999999999	0.11532562594670288	3	3	3
ENSG00000113648	MACROH2A1	stomach	96.99416666666667	0.4657049072170725	12	present_gold	96.99416666666667	0.4657049072170725	12	12	12
ENSG00000113648	MACROH2A1	stromal cell of endometrium	97.91	0.0	1	present_gold	97.91	0.0	1	1	1
ENSG00000113648	MACROH2A1	subcutaneous adipose tissue	95.94947368421053	1.6994883991111702	19	present_gold	95.94947368421053	1.6994883991111702	19	21	19
ENSG00000113648	MACROH2A1	substantia nigra	94.92956521739131	2.0060011743422406	23	present_gold	94.92956521739131	2.0060011743422406	23	23	23
ENSG00000113648	MACROH2A1	substantia nigra pars compacta	98.33000000000001	0.4949747468305853	2	present_gold	98.33000000000001	0.4949747468305853	2	2	2
ENSG00000113648	MACROH2A1	substantia nigra pars reticulata	98.18	0.2687005768508949	2	present_gold	98.18	0.2687005768508949	2	2	2
ENSG00000113648	MACROH2A1	subthalamic nucleus	96.7975	0.30522825182850577	8	present_gold	96.7975	0.30522825182850577	8	8	8
ENSG00000113648	MACROH2A1	superficial temporal artery	96.18	0.0	1	present_gold	96.18	0.0	1	1	1
ENSG00000113648	MACROH2A1	superior frontal gyrus	96.348	1.3591020319804321	25	present_gold	96.348	1.3591020319804321	25	25	25
ENSG00000113648	MACROH2A1	superior surface of tongue	98.42666666666666	0.48418316093533975	3	present_gold	98.42666666666666	0.48418316093533975	3	3	3
ENSG00000113648	MACROH2A1	superior vestibular nucleus	97.202	0.3307113545072171	5	present_gold	97.202	0.3307113545072171	5	5	5
ENSG00000113648	MACROH2A1	sural nerve	94.93	1.8719241437622378	3	present_gold	94.93	1.8719241437622378	3	3	3
ENSG00000113648	MACROH2A1	synovial joint	97.77	0.11313708498984519	2	present_gold	97.77	0.11313708498984519	2	2	2
ENSG00000113648	MACROH2A1	telencephalon	96.03	0.0	1	present_gold	96.03	0.0	1	1	1
ENSG00000113648	MACROH2A1	temporal lobe	96.30875	0.18795421174925928	8	present_gold	96.30875	0.18795421174925928	8	8	8
ENSG00000113648	MACROH2A1	tendon	90.44800000000001	3.0138131992543924	5	present_gold	90.44800000000001	3.0138131992543924	5	5	5
ENSG00000113648	MACROH2A1	tendon of biceps brachii	86.83	0.0	1	present_gold	86.83	0.0	1	1	1
ENSG00000113648	MACROH2A1	testis	94.39769230769231	3.592930915576107	13	present_gold	94.39769230769231	3.592930915576107	13	13	13
ENSG00000113648	MACROH2A1	thoracic aorta	95.62	0.2714406012371801	6	present_gold	95.62	0.2714406012371801	6	6	6
ENSG00000113648	MACROH2A1	thoracic mammary gland	96.82	0.4206117993046376	15	present_gold	96.82	0.4206117993046376	15	15	15
ENSG00000113648	MACROH2A1	thymus	98.9825	0.8935463054593205	4	present_gold	98.9825	0.8935463054593205	4	4	4
ENSG00000113648	MACROH2A1	thyroid gland	96.58705882352942	0.3468566834061712	17	present_gold	96.58705882352942	0.3468566834061712	17	17	17
ENSG00000113648	MACROH2A1	tibia	98.33	0.0	1	present_gold	98.33	0.0	1	1	1
ENSG00000113648	MACROH2A1	tibial artery	96.11272727272727	0.19708327727592237	11	present_gold	96.11272727272727	0.19708327727592237	11	11	11
ENSG00000113648	MACROH2A1	tibial nerve	96.10272727272726	0.1890550665330553	11	present_gold	96.10272727272726	0.1890550665330553	11	11	11
ENSG00000113648	MACROH2A1	tibialis anterior	0.0	0.0	0	observed_zero	0.0	0.0	0	2	0
ENSG00000113648	MACROH2A1	tongue	98.43	0.0	1	present_gold	98.43	0.0	1	1	1
ENSG00000113648	MACROH2A1	tongue squamous epithelium	99.23	0.0	1	present_gold	99.23	0.0	1	1	1
ENSG00000113648	MACROH2A1	tonsil	98.69	0.40014997188554235	6	present_gold	98.69	0.40014997188554235	6	6	6
ENSG00000113648	MACROH2A1	trabecular bone tissue	99.105	0.22605309110914576	4	present_gold	99.105	0.22605309110914576	4	4	4
ENSG00000113648	MACROH2A1	trachea	97.94	0.21283796653792803	3	present_gold	97.94	0.21283796653792803	3	3	3
ENSG00000113648	MACROH2A1	transverse colon	97.711	0.19790289425765437	10	present_gold	97.711	0.19790289425765437	10	10	10
ENSG00000113648	MACROH2A1	triceps brachii	92.58	1.4283556979968333	2	present_gold	92.58	1.4283556979968333	2	2	2
ENSG00000113648	MACROH2A1	trigeminal ganglion	96.23166666666667	0.42906487465960685	6	present_gold	96.23166666666667	0.42906487465960685	6	6	6
ENSG00000113648	MACROH2A1	type B pancreatic cell	97.67	0.0	1	present_gold	97.67	0.0	1	1	1
ENSG00000113648	MACROH2A1	upper arm skin	86.8025	0.462916479147879	4	present_gold	86.8025	0.462916479147879	4	4	4
ENSG00000113648	MACROH2A1	upper leg skin	98.42	0.0	1	present_gold	98.42	0.0	1	1	1
ENSG00000113648	MACROH2A1	upper lobe of left lung	97.865	0.393155730686236	8	present_gold	97.865	0.393155730686236	8	8	8
ENSG00000113648	MACROH2A1	upper lobe of lung	98.7325	0.46031691981359024	4	present_gold	98.7325	0.46031691981359024	4	4	4
ENSG00000113648	MACROH2A1	urethra	97.73333333333333	0.06506407098647472	3	present_gold	97.73333333333333	0.06506407098647472	3	3	3
ENSG00000113648	MACROH2A1	urinary bladder	97.27875	0.26952007611413975	8	present_gold	97.27875	0.26952007611413975	8	8	8
ENSG00000113648	MACROH2A1	uterine cervix	97.63000000000001	0.46679760067935316	5	present_gold	97.63000000000001	0.46679760067935316	5	5	5
ENSG00000113648	MACROH2A1	uterus	96.88	0.11313708498984519	2	present_gold	96.88	0.11313708498984519	2	2	2
ENSG00000113648	MACROH2A1	vagina	98.73916666666666	0.9333756754464676	12	present_gold	98.73916666666666	0.9333756754464676	12	12	12
ENSG00000113648	MACROH2A1	vastus lateralis	93.76863636363636	1.9359783928707313	22	present_gold	93.76863636363636	1.9359783928707313	22	22	22
ENSG00000113648	MACROH2A1	vena cava	95.47	0.0	1	present_gold	95.47	0.0	1	1	1
ENSG00000113648	MACROH2A1	ventral tegmental area	97.02	0.41914198071774983	6	present_gold	97.02	0.41914198071774983	6	6	6
ENSG00000113648	MACROH2A1	ventricular zone	98.815	0.10606601717798615	2	present_gold	98.815	0.10606601717798615	2	2	2
ENSG00000113648	MACROH2A1	vermiform appendix	98.36500000000001	0.20436894741292466	4	present_gold	98.36500000000001	0.20436894741292466	4	4	4
ENSG00000113648	MACROH2A1	visceral pleura	98.0175	1.318948444784703	4	present_gold	98.0175	1.318948444784703	4	4	4
ENSG00000113648	MACROH2A1	zone of skin	95.94066666666667	2.791160707526187	15	present_gold	95.94066666666667	2.791160707526187	15	15	15
ENSG00000164032	H2AZ1	Ammon's horn	97.32541666666667	1.1198407463123714	24	present_gold	97.32541666666667	1.1198407463123714	24	24	24
ENSG00000164032	H2AZ1	Brodmann (1909) area 10	88.93	0.0	1	present_gold	88.93	0.0	1	1	1
ENSG00000164032	H2AZ1	Brodmann (1909) area 23	98.205	0.7157303961688354	6	present_gold	98.205	0.7157303961688354	6	6	6
ENSG00000164032	H2AZ1	Brodmann (1909) area 46	97.69	0.7309924760214668	5	present_gold	97.69	0.7309924760214668	5	5	5
ENSG00000164032	H2AZ1	Brodmann (1909) area 9	98.24	0.8570621655140068	10	present_gold	98.24	0.8570621655140068	10	10	10
ENSG00000164032	H2AZ1	C1 segment of cervical spinal cord	97.57333333333332	0.40549352645880693	9	present_gold	97.57333333333332	0.40549352645880693	9	9	9
ENSG00000164032	H2AZ1	CA1 field of hippocampus	93.60499999999999	1.5902515524281042	4	present_gold	93.60499999999999	1.5902515524281042	4	4	4
ENSG00000164032	H2AZ1	adenohypophysis	98.56166666666667	0.4644746135868674	6	present_gold	98.56166666666667	0.4644746135868674	6	6	6
ENSG00000164032	H2AZ1	adipose tissue	97.64	0.2576561015514012	16	present_gold	97.64	0.2576561015514012	16	16	16
ENSG00000164032	H2AZ1	adipose tissue of abdominal region	97.49333333333334	1.2897855118843053	6	present_gold	97.49333333333334	1.2897855118843053	6	6	6
ENSG00000164032	H2AZ1	adrenal cortex	96.25	0.9459915433025817	3	present_gold	96.25	0.9459915433025817	3	3	3
ENSG00000164032	H2AZ1	adrenal gland	97.805	0.6365270352991024	4	present_gold	97.805	0.6365270352991024	4	4	4
ENSG00000164032	H2AZ1	adrenal tissue	97.59333333333332	0.8769454563046314	3	present_gold	97.59333333333332	0.8769454563046314	3	3	3
ENSG00000164032	H2AZ1	adult mammalian kidney	96.83500000000001	1.9303277920123783	14	present_gold	96.83500000000001	1.9303277920123783	14	15	14
ENSG00000164032	H2AZ1	adult organism	99.42	0.0	1	present_gold	99.42	0.0	1	1	1
ENSG00000164032	H2AZ1	amniotic fluid	96.32	4.8366103833159775	2	present_gold	96.32	4.8366103833159775	2	2	2
ENSG00000164032	H2AZ1	amygdala	97.42846153846153	1.103810416646551	13	present_gold	97.42846153846153	1.103810416646551	13	13	13
ENSG00000164032	H2AZ1	anatomical system	98.16000000000001	0.33645207682521466	3	present_gold	98.16000000000001	0.33645207682521466	3	3	3
ENSG00000164032	H2AZ1	anterior cingulate cortex	98.12272727272726	0.7847558971946712	11	present_gold	98.12272727272726	0.7847558971946712	11	11	11
ENSG00000164032	H2AZ1	aorta	98.39999999999999	0.00999999999999801	3	present_gold	98.39999999999999	0.00999999999999801	3	3	3
ENSG00000164032	H2AZ1	apex of heart	95.65	0.0	1	present_gold	95.65	0.0	1	1	1
ENSG00000164032	H2AZ1	artery	98.36	0.0	1	present_gold	98.36	0.0	1	1	1
ENSG00000164032	H2AZ1	ascending aorta	98.393	0.08260347046785234	10	present_gold	98.393	0.08260347046785234	10	10	10
ENSG00000164032	H2AZ1	biceps brachii	97.606	0.6031003233293795	5	present_gold	97.606	0.6031003233293795	5	5	5
ENSG00000164032	H2AZ1	blood	98.18538461538462	0.8344485924497052	39	present_gold	98.18538461538462	0.8344485924497052	39	39	39
ENSG00000164032	H2AZ1	blood vessel layer	97.28	0.0	1	present_gold	97.28	0.0	1	1	1
ENSG00000164032	H2AZ1	body of pancreas	97.454	0.21726583819009507	10	present_gold	97.454	0.21726583819009507	10	10	10
ENSG00000164032	H2AZ1	body of stomach	98.50090909090909	0.41862762798111	11	present_gold	98.50090909090909	0.41862762798111	11	11	11
ENSG00000164032	H2AZ1	body of tongue	98.24333333333334	0.22052966542697708	3	present_gold	98.24333333333334	0.22052966542697708	3	3	3
ENSG00000164032	H2AZ1	body of uterus	98.60799999999999	0.24283739415501773	5	present_gold	98.60799999999999	0.24283739415501773	5	5	5
ENSG00000164032	H2AZ1	bone element	99.24000000000001	0.21213203435596226	2	present_gold	99.24000000000001	0.21213203435596226	2	2	2
ENSG00000164032	H2AZ1	bone marrow	99.54785714285715	0.15947889040094584	14	present_gold	99.54785714285715	0.15947889040094584	14	14	14
ENSG00000164032	H2AZ1	bone marrow cell	99.21333333333332	0.5444140581089583	6	present_gold	99.21333333333332	0.5444140581089583	6	6	6
ENSG00000164032	H2AZ1	brain	97.805	0.6921987651208156	24	present_gold	97.805	0.6921987651208156	24	24	24
ENSG00000164032	H2AZ1	bronchial epithelial cell	98.03714285714287	0.28730024116145164	21	present_gold	98.03714285714287	0.28730024116145164	21	21	21
ENSG00000164032	H2AZ1	bronchus	97.96000000000001	0.014142135623728137	2	present_gold	97.96000000000001	0.014142135623728137	2	2	2
ENSG00000164032	H2AZ1	buccal mucosa cell	83.83	0.0	1	present_gold	83.83	0.0	1	1	1
ENSG00000164032	H2AZ1	caecum	98.78333333333335	0.6046762219017177	3	present_gold	98.78333333333335	0.6046762219017177	3	3	3
ENSG00000164032	H2AZ1	calcaneal tendon	95.398	0.5457746787823755	5	present_gold	95.398	0.5457746787823755	5	5	5
ENSG00000164032	H2AZ1	caput epididymis	97.74000000000001	0.3315116890850156	3	present_gold	97.74000000000001	0.3315116890850156	3	3	3
ENSG00000164032	H2AZ1	cardia of stomach	97.96333333333332	0.4100406483915146	3	present_gold	97.96333333333332	0.4100406483915146	3	3	3
ENSG00000164032	H2AZ1	cardiac atrium	97.00333333333333	0.18876793513023274	3	present_gold	97.00333333333333	0.18876793513023274	3	3	3
ENSG00000164032	H2AZ1	cardiac muscle of right atrium	94.50375	0.7737466824299978	8	present_gold	94.50375	0.7737466824299978	8	8	8
ENSG00000164032	H2AZ1	cardiac ventricle	96.72333333333334	0.3723349746308225	3	present_gold	96.72333333333334	0.3723349746308225	3	3	3
ENSG00000164032	H2AZ1	cartilage tissue	98.77	0.0	1	present_gold	98.77	0.0	1	1	1
ENSG00000164032	H2AZ1	cauda epididymis	97.66333333333334	0.2657693235370357	3	present_gold	97.66333333333334	0.2657693235370357	3	3	3
ENSG00000164032	H2AZ1	caudate nucleus	98.20947368421052	1.2731826860457947	19	present_gold	98.20947368421052	1.2731826860457947	19	19	19
ENSG00000164032	H2AZ1	central nervous system	97.84	0.0	1	present_gold	97.84	0.0	1	1	1
ENSG00000164032	H2AZ1	cerebellar cortex	98.58	0.17776388834631396	3	present_gold	98.58	0.17776388834631396	3	3	3
ENSG00000164032	H2AZ1	cerebellar hemisphere	98.58545454545455	0.32228445933254835	11	present_gold	98.58545454545455	0.32228445933254835	11	11	11
ENSG00000164032	H2AZ1	cerebellar vermis	97.04	0.6757958271549152	3	present_gold	97.04	0.6757958271549152	3	3	3
ENSG00000164032	H2AZ1	cerebellum	98.07235294117648	0.8528154065488371	17	present_gold	98.07235294117648	0.8528154065488371	17	17	17
ENSG00000164032	H2AZ1	cerebral cortex	98.171	0.7585138979170578	10	present_gold	98.171	0.7585138979170578	10	10	10
ENSG00000164032	H2AZ1	cervix epithelium	97.955	0.6504690615240684	6	present_gold	97.955	0.6504690615240684	6	6	6
ENSG00000164032	H2AZ1	cervix squamous epithelium	97.75	0.0	1	present_gold	97.75	0.0	1	1	1
ENSG00000164032	H2AZ1	choroid plexus epithelium	95.74	0.0	1	present_gold	95.74	0.0	1	1	1
ENSG00000164032	H2AZ1	cingulate cortex	96.35	0.0	1	present_gold	96.35	0.0	1	1	1
ENSG00000164032	H2AZ1	colon	98.65944444444443	0.44627177451865063	18	present_gold	98.65944444444443	0.44627177451865063	18	18	18
ENSG00000164032	H2AZ1	colonic epithelium	93.26	0.0	1	present_gold	93.26	0.0	1	1	1
ENSG00000164032	H2AZ1	colonic mucosa	98.86500000000001	0.2843765109849944	6	present_gold	98.86500000000001	0.2843765109849944	6	6	6
ENSG00000164032	H2AZ1	connective tissue	97.53	0.0	1	present_gold	97.53	0.0	1	1	1
ENSG00000164032	H2AZ1	coronary artery	97.63999999999999	0.4525483399593908	2	present_gold	97.63999999999999	0.4525483399593908	2	2	2
ENSG00000164032	H2AZ1	corpus callosum	93.52333333333333	1.30002330981433	12	present_gold	93.52333333333333	1.30002330981433	12	12	12
ENSG00000164032	H2AZ1	corpus epididymis	97.66666666666667	0.23692474191888974	3	present_gold	97.66666666666667	0.23692474191888974	3	3	3
ENSG00000164032	H2AZ1	cortex of kidney	96.036	2.7267526473811317	5	present_gold	96.036	2.7267526473811317	5	5	5
ENSG00000164032	H2AZ1	cortical plate	98.91499999999999	0.03535533905932537	2	present_gold	98.91499999999999	0.03535533905932537	2	2	2
ENSG00000164032	H2AZ1	cranial nerve II	94.29	0.0	1	present_gold	94.29	0.0	1	1	1
ENSG00000164032	H2AZ1	decidua	97.99000000000001	0.6363961030678867	2	present_gold	97.99000000000001	0.6363961030678867	2	2	2
ENSG00000164032	H2AZ1	deltoid	96.165	1.0190752110194237	8	present_gold	96.165	1.0190752110194237	8	8	8
ENSG00000164032	H2AZ1	descending thoracic aorta	98.74000000000001	0.062449979983986346	3	present_gold	98.74000000000001	0.062449979983986346	3	3	3
ENSG00000164032	H2AZ1	diaphragm	94.23	0.0	1	present_gold	94.23	0.0	1	1	1
ENSG00000164032	H2AZ1	dorsal motor nucleus of vagus nerve	87.515	11.84403858487467	2	present_gold	87.515	11.84403858487467	2	2	2
ENSG00000164032	H2AZ1	dorsal plus ventral thalamus	95.37714285714286	0.7595550075694374	7	present_gold	95.37714285714286	0.7595550075694374	7	7	7
ENSG00000164032	H2AZ1	dorsal root ganglion	94.64714285714285	2.0100390898828686	7	present_gold	94.64714285714285	2.0100390898828686	7	7	7
ENSG00000164032	H2AZ1	dorsolateral prefrontal cortex	98.31166666666667	0.39099279062259057	24	present_gold	98.31166666666667	0.39099279062259057	24	24	24
ENSG00000164032	H2AZ1	duodenum	95.9825	3.747028822947586	4	present_gold	95.9825	3.747028822947586	4	4	4
ENSG00000164032	H2AZ1	ectocervix	98.52000000000001	0.35651086939951554	5	present_gold	98.52000000000001	0.35651086939951554	5	5	5
ENSG00000164032	H2AZ1	embryo	99.66875	0.02356601669474641	8	present_gold	99.66875	0.02356601669474641	8	8	8
ENSG00000164032	H2AZ1	endocervix	98.26666666666667	0.41476901202155203	3	present_gold	98.26666666666667	0.41476901202155203	3	3	3
ENSG00000164032	H2AZ1	endometrium	98.31375	0.3197055937369036	16	present_gold	98.31375	0.3197055937369036	16	16	16
ENSG00000164032	H2AZ1	endometrium epithelium	98.79	0.0	1	present_gold	98.79	0.0	1	1	1
ENSG00000164032	H2AZ1	endothelial cell	98.82	0.0	1	present_gold	98.82	0.0	1	1	1
ENSG00000164032	H2AZ1	entorhinal cortex	95.19761904761906	3.684619254091126	21	present_gold	95.19761904761906	3.684619254091126	21	21	21
ENSG00000164032	H2AZ1	epithelial cell of pancreas	95.11	0.0	1	present_gold	95.11	0.0	1	1	1
ENSG00000164032	H2AZ1	epithelium of bronchus	97.77785714285713	0.2550166984405469	14	present_gold	97.77785714285713	0.2550166984405469	14	14	14
ENSG00000164032	H2AZ1	epithelium of esophagus	99.14	0.0	1	present_gold	99.14	0.0	1	1	1
ENSG00000164032	H2AZ1	epithelium of mammary gland	95.21285714285715	0.863533714565031	7	present_gold	95.21285714285715	0.863533714565031	7	7	7
ENSG00000164032	H2AZ1	epithelium of nasopharynx	99.13	0.0	1	present_gold	99.13	0.0	1	1	1
ENSG00000164032	H2AZ1	esophagogastric junction muscularis propria	98.80727272727273	0.24100169746667294	11	present_gold	98.80727272727273	0.24100169746667294	11	11	11
ENSG00000164032	H2AZ1	esophagus	98.7757142857143	0.039520940802370653	7	present_gold	98.7757142857143	0.039520940802370653	7	7	7
ENSG00000164032	H2AZ1	esophagus mucosa	98.86272727272727	0.11393778206467861	11	present_gold	98.86272727272727	0.11393778206467861	11	11	11
ENSG00000164032	H2AZ1	esophagus squamous epithelium	99.29	0.0	1	present_gold	99.29	0.0	1	1	1
ENSG00000164032	H2AZ1	eye	98.57666666666667	0.5485739087245497	3	present_gold	98.57666666666667	0.5485739087245497	3	3	3
ENSG00000164032	H2AZ1	fallopian tube	95.83500000000001	0.3181980515339484	2	present_gold	95.83500000000001	0.3181980515339484	2	2	2
ENSG00000164032	H2AZ1	female reproductive system	98.22	0.0	1	present_gold	98.22	0.0	1	1	1
ENSG00000164032	H2AZ1	forebrain	98.97999999999999	0.12727922061357333	2	present_gold	98.97999999999999	0.12727922061357333	2	2	2
ENSG00000164032	H2AZ1	frontal cortex	97.52807692307692	1.3104656248243032	26	present_gold	97.52807692307692	1.3104656248243032	26	26	26
ENSG00000164032	H2AZ1	frontal lobe	97.945	0.007071067811869092	2	present_gold	97.945	0.007071067811869092	2	2	2
ENSG00000164032	H2AZ1	frontal pole	92.235	0.37476659402887097	2	present_gold	92.235	0.37476659402887097	2	2	2
ENSG00000164032	H2AZ1	fundus of stomach	98.33857142857143	0.5604589955690642	7	present_gold	98.33857142857143	0.5604589955690642	7	7	7
ENSG00000164032	H2AZ1	gall bladder	98.43	0.0	1	present_gold	98.43	0.0	1	1	1
ENSG00000164032	H2AZ1	ganglionic eminence	99.59	0.028284271247466325	2	present_gold	99.59	0.028284271247466325	2	2	2
ENSG00000164032	H2AZ1	gastrocnemius	97.19538461538461	0.1707637444256123	13	present_gold	97.19538461538461	0.1707637444256123	13	13	13
ENSG00000164032	H2AZ1	germinal epithelium of ovary	99.31	0.0	1	present_gold	99.31	0.0	1	1	1
ENSG00000164032	H2AZ1	gingiva	98.565	0.0494974746830535	2	present_gold	98.565	0.0494974746830535	2	2	2
ENSG00000164032	H2AZ1	gingival epithelium	99.39	0.0	1	present_gold	99.39	0.0	1	1	1
ENSG00000164032	H2AZ1	globus pallidus	95.56	0.0	1	present_gold	95.56	0.0	1	1	1
ENSG00000164032	H2AZ1	gluteal muscle	94.44	0.0	1	present_gold	94.44	0.0	1	1	1
ENSG00000164032	H2AZ1	granulocyte	98.4	0.0	1	present_gold	98.4	0.0	1	1	1
ENSG00000164032	H2AZ1	hair follicle	97.6	0.565685424949236	2	present_gold	97.6	0.565685424949236	2	3	2
ENSG00000164032	H2AZ1	heart	97.57625	0.8249757572195701	16	present_gold	97.57625	0.8249757572195701	16	16	16
ENSG00000164032	H2AZ1	heart left ventricle	97.1635294117647	0.3823437781707498	17	present_gold	97.1635294117647	0.3823437781707498	17	17	17
ENSG00000164032	H2AZ1	heart right ventricle	97.705	0.20945166506857882	6	present_gold	97.705	0.20945166506857882	6	6	6
ENSG00000164032	H2AZ1	hindlimb stylopod muscle	96.49000000000001	0.2687005768508949	2	present_gold	96.49000000000001	0.2687005768508949	2	2	2
ENSG00000164032	H2AZ1	hypothalamus	97.52111111111111	1.0477813472447337	18	present_gold	97.52111111111111	1.0477813472447337	18	19	18
ENSG00000164032	H2AZ1	ileal mucosa	96.63	0.0	1	present_gold	96.63	0.0	1	1	1
ENSG00000164032	H2AZ1	inferior olivary complex	89.10000000000001	3.658045926447615	3	present_gold	89.10000000000001	3.658045926447615	3	3	3
ENSG00000164032	H2AZ1	inferior vagus X ganglion	93.98	2.037449385874406	6	present_gold	93.98	2.037449385874406	6	6	6
ENSG00000164032	H2AZ1	intestine	98.575	0.34317148288671795	4	present_gold	98.575	0.34317148288671795	4	4	4
ENSG00000164032	H2AZ1	islet of Langerhans	98.63722222222222	0.6395936720758578	18	present_gold	98.63722222222222	0.6395936720758578	18	18	18
ENSG00000164032	H2AZ1	jejunal mucosa	97.97	0.0	1	present_gold	97.97	0.0	1	1	1
ENSG00000164032	H2AZ1	jejunum	97.91999999999999	0.650538238691625	2	present_gold	97.91999999999999	0.650538238691625	2	2	2
ENSG00000164032	H2AZ1	kidney	98.24666666666667	1.1828214855449104	6	present_gold	98.24666666666667	1.1828214855449104	6	6	6
ENSG00000164032	H2AZ1	kidney epithelium	96.4	0.0	1	present_gold	96.4	0.0	1	1	1
ENSG00000164032	H2AZ1	large intestine	98.83500000000001	0.007071067811869092	2	present_gold	98.83500000000001	0.007071067811869092	2	2	2
ENSG00000164032	H2AZ1	lateral globus pallidus	97.045	0.21920310216783134	2	present_gold	97.045	0.21920310216783134	2	2	2
ENSG00000164032	H2AZ1	lateral nuclear group of thalamus	96.965	0.07778174593051983	2	present_gold	96.965	0.07778174593051983	2	2	2
ENSG00000164032	H2AZ1	layer of synovial tissue	95.45444444444445	1.207063700795353	9	present_gold	95.45444444444445	1.207063700795353	9	9	9
ENSG00000164032	H2AZ1	left adrenal gland	97.45875	0.3731884816780146	8	present_gold	97.45875	0.3731884816780146	8	8	8
ENSG00000164032	H2AZ1	left adrenal gland cortex	97.43	0.43051464219333707	8	present_gold	97.43	0.43051464219333707	8	8	8
ENSG00000164032	H2AZ1	left coronary artery	98.32	0.3084234102658231	9	present_gold	98.32	0.3084234102658231	9	9	9
ENSG00000164032	H2AZ1	left lobe of thyroid gland	97.46727272727274	0.45882656656063425	11	present_gold	97.46727272727274	0.45882656656063425	11	11	11
ENSG00000164032	H2AZ1	left ovary	98.55600000000001	0.13296616110875917	5	present_gold	98.55600000000001	0.13296616110875917	5	5	5
ENSG00000164032	H2AZ1	left testis	99.03833333333334	0.05036533199202224	6	present_gold	99.03833333333334	0.05036533199202224	6	6	6
ENSG00000164032	H2AZ1	left uterine tube	98.6	0.1979898987322341	2	present_gold	98.6	0.1979898987322341	2	2	2
ENSG00000164032	H2AZ1	left ventricle myocardium	94.95750000000001	0.36426867373776106	4	present_gold	94.95750000000001	0.36426867373776106	4	4	4
ENSG00000164032	H2AZ1	leukocyte	98.77	0.0	1	present_gold	98.77	0.0	1	1	1
ENSG00000164032	H2AZ1	liver	95.57260869565218	2.0483257406772366	23	present_gold	95.57260869565218	2.0483257406772366	23	23	23
ENSG00000164032	H2AZ1	lower esophagus	98.625	0.12020815280170424	2	present_gold	98.625	0.12020815280170424	2	2	2
ENSG00000164032	H2AZ1	lower esophagus mucosa	98.63	0.0	1	present_gold	98.63	0.0	1	1	1
ENSG00000164032	H2AZ1	lower esophagus muscularis layer	98.7309090909091	0.09994543966129978	11	present_gold	98.7309090909091	0.09994543966129978	11	11	11
ENSG00000164032	H2AZ1	lower lobe of lung	97.3525	0.5854607465187457	8	present_gold	97.3525	0.5854607465187457	8	8	8
ENSG00000164032	H2AZ1	lung	98.17636363636365	0.5853574036802559	22	present_gold	98.17636363636365	0.5853574036802559	22	22	22
ENSG00000164032	H2AZ1	lymph node	98.35166666666667	0.85401209983622	6	present_gold	98.35166666666667	0.85401209983622	6	6	6
ENSG00000164032	H2AZ1	male germ cell	96.73	0.0	1	present_gold	96.73	0.0	1	1	1
ENSG00000164032	H2AZ1	male germ line stem cell (sensu Vertebrata) in testis	97.18	0.0	1	present_gold	97.18	0.0	1	1	1
ENSG00000164032	H2AZ1	mammalian vulva	98.72200000000001	0.18240065789354842	5	present_gold	98.72200000000001	0.18240065789354842	5	5	5
ENSG00000164032	H2AZ1	mammary duct	96.97	0.0	1	present_gold	96.97	0.0	1	1	1
ENSG00000164032	H2AZ1	mammary gland	97.51	0.0	1	present_gold	97.51	0.0	1	1	1
ENSG00000164032	H2AZ1	material anatomical entity	97.89	0.0	1	present_gold	97.89	0.0	1	1	1
ENSG00000164032	H2AZ1	medial globus pallidus	95.23	0.8770974860299169	3	present_gold	95.23	0.8770974860299169	3	3	3
ENSG00000164032	H2AZ1	medulla oblongata	95.47428571428573	0.7288771534092062	7	present_gold	95.47428571428573	0.7288771534092062	7	7	7
ENSG00000164032	H2AZ1	metanephric glomerulus	94.19333333333333	5.136538231143617	9	present_gold	94.19333333333333	5.136538231143617	9	9	9
ENSG00000164032	H2AZ1	metanephros	99.375	0.3682843104631708	4	present_gold	99.375	0.3682843104631708	4	4	4
ENSG00000164032	H2AZ1	metanephros cortex	98.41499999999999	0.7707463914933291	2	present_gold	98.41499999999999	0.7707463914933291	2	2	2
ENSG00000164032	H2AZ1	midbrain	95.762	1.1900084033316716	5	present_gold	95.762	1.1900084033316716	5	5	5
ENSG00000164032	H2AZ1	middle frontal gyrus	90.82	0.0	1	present_gold	90.82	0.0	1	1	1
ENSG00000164032	H2AZ1	middle temporal gyrus	97.426	1.6281523270259446	5	present_gold	97.426	1.6281523270259446	5	5	5
ENSG00000164032	H2AZ1	minor salivary gland	98.37	0.24639624816768446	10	present_gold	98.37	0.24639624816768446	10	10	10
ENSG00000164032	H2AZ1	monocyte	98.98	0.0	1	present_gold	98.98	0.0	1	1	1
ENSG00000164032	H2AZ1	mononuclear cell	98.695	0.3040559159102102	2	present_gold	98.695	0.3040559159102102	2	2	2
ENSG00000164032	H2AZ1	mouth mucosa	98.4325	0.2851169350751816	4	present_gold	98.4325	0.2851169350751816	4	4	4
ENSG00000164032	H2AZ1	mucosa of paranasal sinus	97.84	0.0	1	present_gold	97.84	0.0	1	1	1
ENSG00000164032	H2AZ1	mucosa of sigmoid colon	99.02	0.0	1	present_gold	99.02	0.0	1	1	1
ENSG00000164032	H2AZ1	mucosa of stomach	98.5	0.0	1	present_gold	98.5	0.0	1	1	1
ENSG00000164032	H2AZ1	mucosa of transverse colon	99.13	0.0	1	present_gold	99.13	0.0	1	1	1
ENSG00000164032	H2AZ1	mucosa of urinary bladder	97.73	0.0	1	present_gold	97.73	0.0	1	1	1
ENSG00000164032	H2AZ1	multicellular organism	98.215	0.4596194077712599	2	present_gold	98.215	0.4596194077712599	2	2	2
ENSG00000164032	H2AZ1	muscle layer of sigmoid colon	98.9809090909091	0.1420179246049265	11	present_gold	98.9809090909091	0.1420179246049265	11	11	11
ENSG00000164032	H2AZ1	muscle of leg	96.84	0.15556349186103965	2	present_gold	96.84	0.15556349186103965	2	2	2
ENSG00000164032	H2AZ1	muscle organ	95.38	0.0	1	present_gold	95.38	0.0	1	1	1
ENSG00000164032	H2AZ1	muscle tissue	96.2	0.0	1	present_gold	96.2	0.0	1	1	1
ENSG00000164032	H2AZ1	myocardium	97.31375	1.1090142018928333	8	present_gold	97.31375	1.1090142018928333	8	8	8
ENSG00000164032	H2AZ1	myometrium	98.21090909090908	1.158140358898302	11	present_gold	98.21090909090908	1.158140358898302	11	11	11
ENSG00000164032	H2AZ1	nasal cavity epithelium	98.52571428571427	0.13364843718467062	7	present_gold	98.52571428571427	0.13364843718467062	7	7	7
ENSG00000164032	H2AZ1	nasal cavity mucosa	98.87	0.0	1	present_gold	98.87	0.0	1	1	1
ENSG00000164032	H2AZ1	nasopharynx	99.12	0.0	1	present_gold	99.12	0.0	1	1	1
ENSG00000164032	H2AZ1	neocortex	99.13	0.0	1	present_gold	99.13	0.0	1	1	1
ENSG00000164032	H2AZ1	nephron tubule	97.00625	0.40496692986676897	8	present_gold	97.00625	0.40496692986676897	8	8	8
ENSG00000164032	H2AZ1	nerve	97.42	0.0	1	present_gold	97.42	0.0	1	1	1
ENSG00000164032	H2AZ1	nipple	97.56333333333333	1.2178806728630442	3	present_gold	97.56333333333333	1.2178806728630442	3	3	3
ENSG00000164032	H2AZ1	nucleus accumbens	98.13642857142858	1.1568565308485887	14	present_gold	98.13642857142858	1.1568565308485887	14	14	14
ENSG00000164032	H2AZ1	occipital lobe	97.00166666666667	1.3442383221239704	6	present_gold	97.00166666666667	1.3442383221239704	6	6	6
ENSG00000164032	H2AZ1	olfactory bulb	93.61	0.0	1	present_gold	93.61	0.0	1	1	1
ENSG00000164032	H2AZ1	olfactory segment of nasal mucosa	98.76	0.0	1	present_gold	98.76	0.0	1	1	1
ENSG00000164032	H2AZ1	omental fat pad	97.96	0.1558204094462593	11	present_gold	97.96	0.1558204094462593	11	11	11
ENSG00000164032	H2AZ1	oocyte	81.52	0.0	1	present_gold	81.52	0.0	1	1	1
ENSG00000164032	H2AZ1	oral cavity	99.09500000000001	0.12565826673959865	6	present_gold	99.09500000000001	0.12565826673959865	6	6	6
ENSG00000164032	H2AZ1	orbitofrontal cortex	97.00999999999999	0.3913055072446599	6	present_gold	97.00999999999999	0.3913055072446599	6	6	6
ENSG00000164032	H2AZ1	ovary	98.31727272727272	0.43389148203418243	11	present_gold	98.31727272727272	0.43389148203418243	11	11	11
ENSG00000164032	H2AZ1	oviduct epithelium	94.07666666666667	2.2926040507103114	3	present_gold	94.07666666666667	2.2926040507103114	3	3	3
ENSG00000164032	H2AZ1	palpebral conjunctiva	99.44166666666666	0.13644290625264047	6	present_gold	99.44166666666666	0.13644290625264047	6	6	6
ENSG00000164032	H2AZ1	pancreas	97.845	0.24748737341528762	2	present_gold	97.845	0.24748737341528762	2	2	2
ENSG00000164032	H2AZ1	pancreatic ductal cell	84.61	0.0	1	present_gold	84.61	0.0	1	1	1
ENSG00000164032	H2AZ1	paraflocculus	91.1	2.2627416997969543	2	present_gold	91.1	2.2627416997969543	2	2	2
ENSG00000164032	H2AZ1	parietal lobe	96.99666666666667	0.844716915106279	6	present_gold	96.99666666666667	0.844716915106279	6	6	6
ENSG00000164032	H2AZ1	parietal pleura	98.8675	0.09069178573608505	4	present_gold	98.8675	0.09069178573608505	4	4	4
ENSG00000164032	H2AZ1	parotid gland	97.46125	0.6575156163273115	8	present_gold	97.46125	0.6575156163273115	8	8	8
ENSG00000164032	H2AZ1	penis	99.24	0.0	1	present_gold	99.24	0.0	1	1	1
ENSG00000164032	H2AZ1	pericardium	97.03	0.0	1	present_gold	97.03	0.0	1	1	1
ENSG00000164032	H2AZ1	periodontal ligament	97.59	0.0	1	present_gold	97.59	0.0	1	1	1
ENSG00000164032	H2AZ1	peritoneum	97.92	0.0	1	present_gold	97.92	0.0	1	1	1
ENSG00000164032	H2AZ1	pharyngeal mucosa	98.77666666666666	0.3412232895529421	3	present_gold	98.77666666666666	0.3412232895529421	3	3	3
ENSG00000164032	H2AZ1	pigmented layer of retina	98.72	0.639218272579875	4	present_gold	98.72	0.639218272579875	4	4	4
ENSG00000164032	H2AZ1	pituitary gland	98.4723076923077	0.2846387724278457	13	present_gold	98.4723076923077	0.2846387724278457	13	13	13
ENSG00000164032	H2AZ1	placenta	98.00800000000001	0.5879795914825614	5	present_gold	98.00800000000001	0.5879795914825614	5	5	5
ENSG00000164032	H2AZ1	pleura	98.77	0.0	1	present_gold	98.77	0.0	1	1	1
ENSG00000164032	H2AZ1	pons	97.7	0.0	1	present_gold	97.7	0.0	1	1	1
ENSG00000164032	H2AZ1	popliteal artery	98.38	0.0	1	present_gold	98.38	0.0	1	1	1
ENSG00000164032	H2AZ1	postcentral gyrus	97.35733333333333	0.7329438359565246	15	present_gold	97.35733333333333	0.7329438359565246	15	15	15
ENSG00000164032	H2AZ1	prefrontal cortex	97.592	1.2618663426316856	10	present_gold	97.592	1.2618663426316856	10	10	10
ENSG00000164032	H2AZ1	primary visual cortex	97.86333333333333	1.0070129095498217	9	present_gold	97.86333333333333	1.0070129095498217	9	9	9
ENSG00000164032	H2AZ1	primordial germ cell in gonad	97.85	0.0	1	present_gold	97.85	0.0	1	1	1
ENSG00000164032	H2AZ1	prostate gland	96.19333333333333	2.33518106112466	18	present_gold	96.19333333333333	2.33518106112466	18	18	18
ENSG00000164032	H2AZ1	putamen	97.9375	1.1619724609473323	16	present_gold	97.9375	1.1619724609473323	16	16	16
ENSG00000164032	H2AZ1	pylorus	98.87333333333333	0.40820746359337573	3	present_gold	98.87333333333333	0.40820746359337573	3	3	3
ENSG00000164032	H2AZ1	quadriceps femoris	95.147	2.5205870243592923	20	present_gold	95.147	2.5205870243592923	20	20	20
ENSG00000164032	H2AZ1	rectum	98.89	0.0	1	present_gold	98.89	0.0	1	1	1
ENSG00000164032	H2AZ1	renal glomerulus	96.4	0.0	1	present_gold	96.4	0.0	1	1	1
ENSG00000164032	H2AZ1	renal medulla	97.35666666666667	0.248260615751543	3	present_gold	97.35666666666667	0.248260615751543	3	3	3
ENSG00000164032	H2AZ1	retina	98.29	0.450333209967911	3	present_gold	98.29	0.450333209967911	3	3	3
ENSG00000164032	H2AZ1	right adrenal gland	97.684	0.4244172475288905	5	present_gold	97.684	0.4244172475288905	5	5	5
ENSG00000164032	H2AZ1	right adrenal gland cortex	97.76333333333332	0.2107921567168329	3	present_gold	97.76333333333332	0.2107921567168329	3	3	3
ENSG00000164032	H2AZ1	right atrium auricular region	97.50363636363636	0.1697216973325854	11	present_gold	97.50363636363636	0.1697216973325854	11	11	11
ENSG00000164032	H2AZ1	right coronary artery	97.92	0.1979898987322341	2	present_gold	97.92	0.1979898987322341	2	2	2
ENSG00000164032	H2AZ1	right frontal lobe	98.58666666666666	0.2354251473398716	9	present_gold	98.58666666666666	0.2354251473398716	9	9	9
ENSG00000164032	H2AZ1	right hemisphere of cerebellum	98.57555555555557	0.1352877591572046	9	present_gold	98.57555555555557	0.1352877591572046	9	9	9
ENSG00000164032	H2AZ1	right lobe of liver	95.47888888888889	1.3622173509066418	9	present_gold	95.47888888888889	1.3622173509066418	9	9	9
ENSG00000164032	H2AZ1	right lobe of thyroid gland	97.23125	0.46063426769122445	8	present_gold	97.23125	0.46063426769122445	8	8	8
ENSG00000164032	H2AZ1	right lung	98.64	0.08485281374238891	2	present_gold	98.64	0.08485281374238891	2	2	2
ENSG00000164032	H2AZ1	right ovary	98.604	0.23308796622734662	5	present_gold	98.604	0.23308796622734662	5	5	5
ENSG00000164032	H2AZ1	right testis	99.126	0.1892881401461801	5	present_gold	99.126	0.1892881401461801	5	5	5
ENSG00000164032	H2AZ1	right uterine tube	97.13	0.0	1	present_gold	97.13	0.0	1	1	1
ENSG00000164032	H2AZ1	saliva-secreting gland	98.11600000000001	0.19007893097342732	5	present_gold	98.11600000000001	0.19007893097342732	5	5	5
ENSG00000164032	H2AZ1	saphenous vein	96.63666666666667	0.6994521665799128	3	present_gold	96.63666666666667	0.6994521665799128	3	3	3
ENSG00000164032	H2AZ1	secondary oocyte	75.75	0.0	1	present_gold	75.75	0.0	1	1	1
ENSG00000164032	H2AZ1	seminal vesicle	98.41	0.0	1	present_gold	98.41	0.0	1	1	1
ENSG00000164032	H2AZ1	sigmoid colon	98.9425	0.06551081335677729	4	present_gold	98.9425	0.06551081335677729	4	4	4
ENSG00000164032	H2AZ1	skeletal muscle organ	96.79499999999999	0.07778174593051983	2	present_gold	96.79499999999999	0.07778174593051983	2	2	2
ENSG00000164032	H2AZ1	skeletal muscle tissue	96.186875	0.8768786974262742	16	present_gold	96.186875	0.8768786974262742	16	16	16
ENSG00000164032	H2AZ1	skeletal muscle tissue of biceps brachii	97.05000000000001	0.2969848480983512	2	present_gold	97.05000000000001	0.2969848480983512	2	2	2
ENSG00000164032	H2AZ1	skeletal muscle tissue of rectus abdominis	96.53999999999999	0.08485281374237887	2	present_gold	96.53999999999999	0.08485281374237887	2	2	2
ENSG00000164032	H2AZ1	skin of abdomen	98.37100000000001	0.14011503210655943	10	present_gold	98.37100000000001	0.14011503210655943	10	10	10
ENSG00000164032	H2AZ1	skin of hip	97.97	0.0	1	present_gold	97.97	0.0	1	1	1
ENSG00000164032	H2AZ1	skin of leg	98.19416666666666	0.23387869168490483	12	present_gold	98.19416666666666	0.23387869168490483	12	12	12
ENSG00000164032	H2AZ1	small intestine	98.345	0.23334523779155947	2	present_gold	98.345	0.23334523779155947	2	2	2
ENSG00000164032	H2AZ1	small intestine Peyer's patch	98.57090909090908	0.20906719233081805	11	present_gold	98.57090909090908	0.20906719233081805	11	11	11
ENSG00000164032	H2AZ1	smooth muscle tissue	98.545	0.9263098833543789	2	present_gold	98.545	0.9263098833543789	2	2	2
ENSG00000164032	H2AZ1	sperm	97.83	0.0	1	present_gold	97.83	0.0	1	1	1
ENSG00000164032	H2AZ1	spinal cord	96.851	0.6566658206424327	10	present_gold	96.851	0.6566658206424327	10	10	10
ENSG00000164032	H2AZ1	spleen	98.73666666666666	0.11308350360631271	12	present_gold	98.73666666666666	0.11308350360631271	12	12	12
ENSG00000164032	H2AZ1	squamous epithelium	98.56	0.19974984355438155	3	present_gold	98.56	0.19974984355438155	3	3	3
ENSG00000164032	H2AZ1	stomach	98.00083333333333	0.7521539776273239	12	present_gold	98.00083333333333	0.7521539776273239	12	12	12
ENSG00000164032	H2AZ1	stromal cell of endometrium	98.84	0.0	1	present_gold	98.84	0.0	1	1	1
ENSG00000164032	H2AZ1	subcutaneous adipose tissue	97.49789473684211	0.9501378785755736	19	present_gold	97.49789473684211	0.9501378785755736	19	21	19
ENSG00000164032	H2AZ1	substantia nigra	96.50826086956522	0.9200427469017306	23	present_gold	96.50826086956522	0.9200427469017306	23	23	23
ENSG00000164032	H2AZ1	substantia nigra pars compacta	95.10499999999999	0.8697413408594563	2	present_gold	95.10499999999999	0.8697413408594563	2	2	2
ENSG00000164032	H2AZ1	substantia nigra pars reticulata	94.17	1.1030865786510158	2	present_gold	94.17	1.1030865786510158	2	2	2
ENSG00000164032	H2AZ1	subthalamic nucleus	94.5975	1.1207873508004487	8	present_gold	94.5975	1.1207873508004487	8	8	8
ENSG00000164032	H2AZ1	superficial temporal artery	98.64	0.0	1	present_gold	98.64	0.0	1	1	1
ENSG00000164032	H2AZ1	superior frontal gyrus	97.6476	0.8753155621450667	25	present_gold	97.6476	0.8753155621450667	25	25	25
ENSG00000164032	H2AZ1	superior surface of tongue	98.27333333333333	0.43247350593225176	3	present_gold	98.27333333333333	0.43247350593225176	3	3	3
ENSG00000164032	H2AZ1	superior vestibular nucleus	96.024	0.608711754445403	5	present_gold	96.024	0.608711754445403	5	5	5
ENSG00000164032	H2AZ1	sural nerve	78.85666666666667	8.136131349316662	3	present_gold	78.85666666666667	8.136131349316662	3	3	3
ENSG00000164032	H2AZ1	synovial joint	98.065	0.3606244584051328	2	present_gold	98.065	0.3606244584051328	2	2	2
ENSG00000164032	H2AZ1	telencephalon	97.92500000000001	0.007071067811869092	2	present_gold	97.92500000000001	0.007071067811869092	2	2	2
ENSG00000164032	H2AZ1	temporal lobe	96.77	1.1390095948423153	8	present_gold	96.77	1.1390095948423153	8	8	8
ENSG00000164032	H2AZ1	tendon	95.238	0.8289571762159959	5	present_gold	95.238	0.8289571762159959	5	5	5
ENSG00000164032	H2AZ1	tendon of biceps brachii	95.55	0.0	1	present_gold	95.55	0.0	1	1	1
ENSG00000164032	H2AZ1	testis	98.53307692307693	0.6403434575208379	13	present_gold	98.53307692307693	0.6403434575208379	13	13	13
ENSG00000164032	H2AZ1	thoracic aorta	98.39999999999999	0.06899275324264123	6	present_gold	98.39999999999999	0.06899275324264123	6	6	6
ENSG00000164032	H2AZ1	thoracic mammary gland	97.446	0.5846830643299715	15	present_gold	97.446	0.5846830643299715	15	15	15
ENSG00000164032	H2AZ1	thymus	99.57249999999999	0.3493207694941755	4	present_gold	99.57249999999999	0.3493207694941755	4	4	4
ENSG00000164032	H2AZ1	thyroid gland	97.54588235294118	0.37373217053675994	17	present_gold	97.54588235294118	0.37373217053675994	17	17	17
ENSG00000164032	H2AZ1	tibia	98.54	0.0	1	present_gold	98.54	0.0	1	1	1
ENSG00000164032	H2AZ1	tibial artery	98.40454545454546	0.09933414683417184	11	present_gold	98.40454545454546	0.09933414683417184	11	11	11
ENSG00000164032	H2AZ1	tibial nerve	96.1809090909091	4.075670385459191	11	present_gold	96.1809090909091	4.075670385459191	11	11	11
ENSG00000164032	H2AZ1	tibialis anterior	93.65	0.3111269837220793	2	present_gold	93.65	0.3111269837220793	2	2	2
ENSG00000164032	H2AZ1	tongue	98.38	0.0	1	present_gold	98.38	0.0	1	1	1
ENSG00000164032	H2AZ1	tongue squamous epithelium	99.05	0.0	1	present_gold	99.05	0.0	1	1	1
ENSG00000164032	H2AZ1	tonsil	99.15333333333332	0.6741414292762803	6	present_gold	99.15333333333332	0.6741414292762803	6	6	6
ENSG00000164032	H2AZ1	trabecular bone tissue	99.35499999999999	0.15066519173319654	4	present_gold	99.35499999999999	0.15066519173319654	4	4	4
ENSG00000164032	H2AZ1	trachea	97.72333333333331	0.4473626418615343	3	present_gold	97.72333333333331	0.4473626418615343	3	3	3
ENSG00000164032	H2AZ1	transverse colon	98.688	0.1505397695701111	10	present_gold	98.688	0.1505397695701111	10	10	10
ENSG00000164032	H2AZ1	triceps brachii	95.655	0.47376154339498805	2	present_gold	95.655	0.47376154339498805	2	2	2
ENSG00000164032	H2AZ1	trigeminal ganglion	96.02666666666666	0.8376315817032407	6	present_gold	96.02666666666666	0.8376315817032407	6	6	6
ENSG00000164032	H2AZ1	type B pancreatic cell	97.42	0.0	1	present_gold	97.42	0.0	1	1	1
ENSG00000164032	H2AZ1	upper arm skin	97.94	0.11999999999999744	4	present_gold	97.94	0.11999999999999744	4	4	4
ENSG00000164032	H2AZ1	upper leg skin	98.3	0.0	1	present_gold	98.3	0.0	1	1	1
ENSG00000164032	H2AZ1	upper lobe of left lung	98.3925	0.23285495178635898	8	present_gold	98.3925	0.23285495178635898	8	8	8
ENSG00000164032	H2AZ1	upper lobe of lung	97.7325	1.0644051546912654	4	present_gold	97.7325	1.0644051546912654	4	4	4
ENSG00000164032	H2AZ1	urethra	97.58333333333333	0.4318950489798802	3	present_gold	97.58333333333333	0.4318950489798802	3	3	3
ENSG00000164032	H2AZ1	urinary bladder	98.7425	0.3719350941840693	8	present_gold	98.7425	0.3719350941840693	8	8	8
ENSG00000164032	H2AZ1	uterine cervix	98.064	0.4985779778530133	5	present_gold	98.064	0.4985779778530133	5	5	5
ENSG00000164032	H2AZ1	uterus	98.58	0.07071067811865074	2	present_gold	98.58	0.07071067811865074	2	2	2
ENSG00000164032	H2AZ1	vagina	95.50333333333333	2.5002702884191375	12	present_gold	95.50333333333333	2.5002702884191375	12	12	12
ENSG00000164032	H2AZ1	vastus lateralis	96.09478260869564	1.0059679624630085	23	present_gold	96.09478260869564	1.0059679624630085	23	23	23
ENSG00000164032	H2AZ1	vena cava	97.73	0.0	1	present_gold	97.73	0.0	1	1	1
ENSG00000164032	H2AZ1	ventral tegmental area	95.11666666666667	2.5996589519909477	6	present_gold	95.11666666666667	2.5996589519909477	6	6	6
ENSG00000164032	H2AZ1	ventricular zone	99.66	0.07071067811865074	2	present_gold	99.66	0.07071067811865074	2	2	2
ENSG00000164032	H2AZ1	vermiform appendix	99.1225	0.07932002689527164	4	present_gold	99.1225	0.07932002689527164	4	4	4
ENSG00000164032	H2AZ1	visceral pleura	99.055	0.18592113023179002	4	present_gold	99.055	0.18592113023179002	4	4	4
ENSG00000164032	H2AZ1	zone of skin	98.30571428571429	0.1811805001272878	14	present_gold	98.30571428571429	0.1811805001272878	14	15	14
ENSG00000164508	H2AC1	Ammon's horn	0.0	0.0	0	observed_zero	0.0	0.0	0	8	0
ENSG00000164508	H2AC1	Brodmann (1909) area 9	0.0	0.0	0	observed_zero	0.0	0.0	0	8	0
ENSG00000164508	H2AC1	C1 segment of cervical spinal cord	0.0	0.0	0	observed_zero	0.0	0.0	0	9	0
ENSG00000164508	H2AC1	adenohypophysis	0.0	0.0	0	observed_zero	0.0	0.0	0	6	0
ENSG00000164508	H2AC1	adipose tissue	0.0	0.0	0	observed_zero	0.0	0.0	0	3	0
ENSG00000164508	H2AC1	adrenal gland	0.0	0.0	0	observed_zero	0.0	0.0	0	1	0
ENSG00000164508	H2AC1	adrenal tissue	0.0	0.0	0	observed_zero	0.0	0.0	0	3	0
ENSG00000164508	H2AC1	adult mammalian kidney	46.895	9.356721113723546	6	present_gold	46.895	9.356721113723546	6	11	6
ENSG00000164508	H2AC1	amygdala	0.0	0.0	0	observed_zero	0.0	0.0	0	8	0
ENSG00000164508	H2AC1	anterior cingulate cortex	0.0	0.0	0	observed_zero	0.0	0.0	0	9	0
ENSG00000164508	H2AC1	apex of heart	0.0	0.0	0	observed_zero	0.0	0.0	0	1	0
ENSG00000164508	H2AC1	ascending aorta	0.0	0.0	0	observed_zero	0.0	0.0	0	10	0
ENSG00000164508	H2AC1	blood	0.0	0.0	0	observed_zero	0.0	0.0	0	16	0
ENSG00000164508	H2AC1	body of pancreas	33.29	0.0	1	present_gold	33.29	0.0	1	10	1
ENSG00000164508	H2AC1	body of stomach	0.0	0.0	0	observed_zero	0.0	0.0	0	11	0
ENSG00000164508	H2AC1	body of uterus	0.0	0.0	0	observed_zero	0.0	0.0	0	5	0
ENSG00000164508	H2AC1	bone marrow	0.0	0.0	0	observed_zero	0.0	0.0	0	1	0
ENSG00000164508	H2AC1	bone marrow cell	0.0	0.0	0	observed_zero	0.0	0.0	0	1	0
ENSG00000164508	H2AC1	brain	0.0	0.0	0	observed_zero	0.0	0.0	0	4	0
ENSG00000164508	H2AC1	calcaneal tendon	0.0	0.0	0	observed_zero	0.0	0.0	0	5	0
ENSG00000164508	H2AC1	caudate nucleus	0.0	0.0	0	observed_zero	0.0	0.0	0	9	0
ENSG00000164508	H2AC1	cerebellar cortex	0.0	0.0	0	observed_zero	0.0	0.0	0	2	0
ENSG00000164508	H2AC1	cerebellar hemisphere	0.0	0.0	0	observed_zero	0.0	0.0	0	10	0
ENSG00000164508	H2AC1	cerebellum	0.0	0.0	0	observed_zero	0.0	0.0	0	3	0
ENSG00000164508	H2AC1	cerebral cortex	0.0	0.0	0	observed_zero	0.0	0.0	0	1	0
ENSG00000164508	H2AC1	colon	0.0	0.0	0	observed_zero	0.0	0.0	0	10	0
ENSG00000164508	H2AC1	colonic epithelium	0.0	0.0	0	observed_zero	0.0	0.0	0	1	0
ENSG00000164508	H2AC1	corpus callosum	0.0	0.0	0	observed_zero	0.0	0.0	0	4	0
ENSG00000164508	H2AC1	cortex of kidney	30.56	0.0	1	present_gold	30.56	0.0	1	2	1
ENSG00000164508	H2AC1	cortical plate	0.0	0.0	0	observed_zero	0.0	0.0	0	2	0
ENSG00000164508	H2AC1	descending thoracic aorta	0.0	0.0	0	observed_zero	0.0	0.0	0	3	0
ENSG00000164508	H2AC1	dorsolateral prefrontal cortex	0.0	0.0	0	observed_zero	0.0	0.0	0	11	0
ENSG00000164508	H2AC1	duodenum	0.0	0.0	0	observed_zero	0.0	0.0	0	1	0
ENSG00000164508	H2AC1	ectocervix	0.0	0.0	0	observed_zero	0.0	0.0	0	5	0
ENSG00000164508	H2AC1	endocervix	0.0	0.0	0	observed_zero	0.0	0.0	0	3	0
ENSG00000164508	H2AC1	endometrium	0.0	0.0	0	observed_zero	0.0	0.0	0	2	0
ENSG00000164508	H2AC1	esophagogastric junction muscularis propria	0.0	0.0	0	observed_zero	0.0	0.0	0	11	0
ENSG00000164508	H2AC1	esophagus	0.0	0.0	0	observed_zero	0.0	0.0	0	4	0
ENSG00000164508	H2AC1	esophagus mucosa	0.0	0.0	0	observed_zero	0.0	0.0	0	11	0
ENSG00000164508	H2AC1	fallopian tube	0.0	0.0	0	observed_zero	0.0	0.0	0	1	0
ENSG00000164508	H2AC1	frontal cortex	0.0	0.0	0	observed_zero	0.0	0.0	0	5	0
ENSG00000164508	H2AC1	fundus of stomach	0.0	0.0	0	observed_zero	0.0	0.0	0	4	0
ENSG00000164508	H2AC1	gall bladder	0.0	0.0	0	observed_zero	0.0	0.0	0	1	0
ENSG00000164508	H2AC1	ganglionic eminence	0.0	0.0	0	observed_zero	0.0	0.0	0	2	0
ENSG00000164508	H2AC1	gastrocnemius	0.0	0.0	0	observed_zero	0.0	0.0	0	11	0
ENSG00000164508	H2AC1	granulocyte	0.0	0.0	0	observed_zero	0.0	0.0	0	1	0
ENSG00000164508	H2AC1	heart	0.0	0.0	0	observed_zero	0.0	0.0	0	10	0
ENSG00000164508	H2AC1	heart left ventricle	22.92	0.0	1	present_gold	22.92	0.0	1	14	1
ENSG00000164508	H2AC1	hindlimb stylopod muscle	0.0	0.0	0	observed_zero	0.0	0.0	0	2	0
ENSG00000164508	H2AC1	hypothalamus	0.0	0.0	0	observed_zero	0.0	0.0	0	8	0
ENSG00000164508	H2AC1	intestine	0.0	0.0	0	observed_zero	0.0	0.0	0	4	0
ENSG00000164508	H2AC1	islet of Langerhans	0.0	0.0	0	observed_zero	0.0	0.0	0	10	0
ENSG00000164508	H2AC1	kidney	35.42	0.0	1	present_gold	35.42	0.0	1	4	1
ENSG00000164508	H2AC1	left adrenal gland	0.0	0.0	0	observed_zero	0.0	0.0	0	8	0
ENSG00000164508	H2AC1	left adrenal gland cortex	0.0	0.0	0	observed_zero	0.0	0.0	0	8	0
ENSG00000164508	H2AC1	left coronary artery	0.0	0.0	0	observed_zero	0.0	0.0	0	9	0
ENSG00000164508	H2AC1	left lobe of thyroid gland	0.0	0.0	0	observed_zero	0.0	0.0	0	11	0
ENSG00000164508	H2AC1	left ovary	0.0	0.0	0	observed_zero	0.0	0.0	0	5	0
ENSG00000164508	H2AC1	left testis	70.285	0.8516043682368019	6	present_gold	70.285	0.8516043682368019	6	6	6
ENSG00000164508	H2AC1	left uterine tube	0.0	0.0	0	observed_zero	0.0	0.0	0	2	0
ENSG00000164508	H2AC1	leukocyte	0.0	0.0	0	observed_zero	0.0	0.0	0	1	0
ENSG00000164508	H2AC1	liver	40.521428571428565	6.265927514665934	7	present_gold	40.521428571428565	6.265927514665934	7	11	7
ENSG00000164508	H2AC1	lower esophagus	0.0	0.0	0	observed_zero	0.0	0.0	0	2	0
ENSG00000164508	H2AC1	lower esophagus mucosa	0.0	0.0	0	observed_zero	0.0	0.0	0	1	0
ENSG00000164508	H2AC1	lower esophagus muscularis layer	0.0	0.0	0	observed_zero	0.0	0.0	0	11	0
ENSG00000164508	H2AC1	lung	24.643333333333334	6.2677055876399725	3	present_gold	24.643333333333334	6.2677055876399725	3	7	3
ENSG00000164508	H2AC1	lymph node	0.0	0.0	0	observed_zero	0.0	0.0	0	2	0
ENSG00000164508	H2AC1	male germ line stem cell (sensu Vertebrata) in testis	92.96	0.0	1	present_gold	92.96	0.0	1	1	1
ENSG00000164508	H2AC1	material anatomical entity	23.16	0.0	1	present_gold	23.16	0.0	1	1	1
ENSG00000164508	H2AC1	metanephros cortex	35.54	0.0	1	present_gold	35.54	0.0	1	2	1
ENSG00000164508	H2AC1	minor salivary gland	0.0	0.0	0	observed_zero	0.0	0.0	0	10	0
ENSG00000164508	H2AC1	monocyte	0.0	0.0	0	observed_zero	0.0	0.0	0	1	0
ENSG00000164508	H2AC1	mucosa of stomach	0.0	0.0	0	observed_zero	0.0	0.0	0	1	0
ENSG00000164508	H2AC1	mucosa of transverse colon	0.0	0.0	0	observed_zero	0.0	0.0	0	1	0
ENSG00000164508	H2AC1	multicellular organism	23.16	0.0	1	present_gold	23.16	0.0	1	1	1
ENSG00000164508	H2AC1	muscle layer of sigmoid colon	0.0	0.0	0	observed_zero	0.0	0.0	0	11	0
ENSG00000164508	H2AC1	muscle of leg	0.0	0.0	0	observed_zero	0.0	0.0	0	2	0
ENSG00000164508	H2AC1	muscle tissue	0.0	0.0	0	observed_zero	0.0	0.0	0	1	0
ENSG00000164508	H2AC1	myometrium	0.0	0.0	0	observed_zero	0.0	0.0	0	7	0
ENSG00000164508	H2AC1	nucleus accumbens	0.0	0.0	0	observed_zero	0.0	0.0	0	9	0
ENSG00000164508	H2AC1	olfactory segment of nasal mucosa	0.0	0.0	0	observed_zero	0.0	0.0	0	1	0
ENSG00000164508	H2AC1	omental fat pad	0.0	0.0	0	observed_zero	0.0	0.0	0	11	0
ENSG00000164508	H2AC1	ovary	0.0	0.0	0	observed_zero	0.0	0.0	0	4	0
ENSG00000164508	H2AC1	pancreas	31.475	0.19091883092036754	2	present_gold	31.475	0.19091883092036754	2	2	2
ENSG00000164508	H2AC1	pituitary gland	0.0	0.0	0	observed_zero	0.0	0.0	0	10	0
ENSG00000164508	H2AC1	placenta	0.0	0.0	0	observed_zero	0.0	0.0	0	1	0
ENSG00000164508	H2AC1	popliteal artery	0.0	0.0	0	observed_zero	0.0	0.0	0	1	0
ENSG00000164508	H2AC1	prefrontal cortex	0.0	0.0	0	observed_zero	0.0	0.0	0	7	0
ENSG00000164508	H2AC1	primary visual cortex	0.0	0.0	0	observed_zero	0.0	0.0	0	2	0
ENSG00000164508	H2AC1	primordial germ cell in gonad	81.3	0.0	1	present_gold	81.3	0.0	1	1	1
ENSG00000164508	H2AC1	prostate gland	0.0	0.0	0	observed_zero	0.0	0.0	0	9	0
ENSG00000164508	H2AC1	putamen	0.0	0.0	0	observed_zero	0.0	0.0	0	8	0
ENSG00000164508	H2AC1	rectum	0.0	0.0	0	observed_zero	0.0	0.0	0	1	0
ENSG00000164508	H2AC1	right adrenal gland	0.0	0.0	0	observed_zero	0.0	0.0	0	5	0
ENSG00000164508	H2AC1	right adrenal gland cortex	0.0	0.0	0	observed_zero	0.0	0.0	0	3	0
ENSG00000164508	H2AC1	right atrium auricular region	0.0	0.0	0	observed_zero	0.0	0.0	0	11	0
ENSG00000164508	H2AC1	right coronary artery	0.0	0.0	0	observed_zero	0.0	0.0	0	2	0
ENSG00000164508	H2AC1	right frontal lobe	0.0	0.0	0	observed_zero	0.0	0.0	0	9	0
ENSG00000164508	H2AC1	right hemisphere of cerebellum	0.0	0.0	0	observed_zero	0.0	0.0	0	9	0
ENSG00000164508	H2AC1	right lobe of liver	44.495	5.6677420548221855	4	present_gold	44.495	5.6677420548221855	4	9	4
ENSG00000164508	H2AC1	right lobe of thyroid gland	0.0	0.0	0	observed_zero	0.0	0.0	0	8	0
ENSG00000164508	H2AC1	right lung	0.0	0.0	0	observed_zero	0.0	0.0	0	2	0
ENSG00000164508	H2AC1	right ovary	0.0	0.0	0	observed_zero	0.0	0.0	0	5	0
ENSG00000164508	H2AC1	right testis	68.348	2.6141671713951258	5	present_gold	68.348	2.6141671713951258	5	5	5
ENSG00000164508	H2AC1	right uterine tube	0.0	0.0	0	observed_zero	0.0	0.0	0	1	0
ENSG00000164508	H2AC1	saliva-secreting gland	0.0	0.0	0	observed_zero	0.0	0.0	0	1	0
ENSG00000164508	H2AC1	skeletal muscle tissue	0.0	0.0	0	observed_zero	0.0	0.0	0	4	0
ENSG00000164508	H2AC1	skin of abdomen	0.0	0.0	0	observed_zero	0.0	0.0	0	10	0
ENSG00000164508	H2AC1	skin of leg	0.0	0.0	0	observed_zero	0.0	0.0	0	12	0
ENSG00000164508	H2AC1	small intestine	0.0	0.0	0	observed_zero	0.0	0.0	0	2	0
ENSG00000164508	H2AC1	small intestine Peyer's patch	0.0	0.0	0	observed_zero	0.0	0.0	0	11	0
ENSG00000164508	H2AC1	smooth muscle tissue	0.0	0.0	0	observed_zero	0.0	0.0	0	1	0
ENSG00000164508	H2AC1	spleen	0.0	0.0	0	observed_zero	0.0	0.0	0	10	0
ENSG00000164508	H2AC1	stomach	0.0	0.0	0	observed_zero	0.0	0.0	0	12	0
ENSG00000164508	H2AC1	stromal cell of endometrium	0.0	0.0	0	observed_zero	0.0	0.0	0	1	0
ENSG00000164508	H2AC1	subcutaneous adipose tissue	0.0	0.0	0	observed_zero	0.0	0.0	0	12	0
ENSG00000164508	H2AC1	substantia nigra	0.0	0.0	0	observed_zero	0.0	0.0	0	9	0
ENSG00000164508	H2AC1	superior frontal gyrus	0.0	0.0	0	observed_zero	0.0	0.0	0	2	0
ENSG00000164508	H2AC1	sural nerve	0.0	0.0	0	observed_zero	0.0	0.0	0	3	0
ENSG00000164508	H2AC1	temporal lobe	0.0	0.0	0	observed_zero	0.0	0.0	0	1	0
ENSG00000164508	H2AC1	testis	74.38	5.548029251133105	8	present_gold	74.38	5.548029251133105	8	8	8
ENSG00000164508	H2AC1	thoracic aorta	0.0	0.0	0	observed_zero	0.0	0.0	0	6	0
ENSG00000164508	H2AC1	thoracic mammary gland	0.0	0.0	0	observed_zero	0.0	0.0	0	11	0
ENSG00000164508	H2AC1	thyroid gland	0.0	0.0	0	observed_zero	0.0	0.0	0	13	0
ENSG00000164508	H2AC1	tibial artery	0.0	0.0	0	observed_zero	0.0	0.0	0	11	0
ENSG00000164508	H2AC1	tibial nerve	0.0	0.0	0	observed_zero	0.0	0.0	0	11	0
ENSG00000164508	H2AC1	tonsil	0.0	0.0	0	observed_zero	0.0	0.0	0	3	0
ENSG00000164508	H2AC1	transverse colon	0.0	0.0	0	observed_zero	0.0	0.0	0	10	0
ENSG00000164508	H2AC1	upper lobe of left lung	0.0	0.0	0	observed_zero	0.0	0.0	0	8	0
ENSG00000164508	H2AC1	urinary bladder	0.0	0.0	0	observed_zero	0.0	0.0	0	4	0
ENSG00000164508	H2AC1	vagina	0.0	0.0	0	observed_zero	0.0	0.0	0	5	0
ENSG00000164508	H2AC1	ventricular zone	0.0	0.0	0	observed_zero	0.0	0.0	0	2	0
ENSG00000164508	H2AC1	vermiform appendix	0.0	0.0	0	observed_zero	0.0	0.0	0	1	0
ENSG00000164508	H2AC1	zone of skin	0.0	0.0	0	observed_zero	0.0	0.0	0	2	0
ENSG00000180573	H2AC6	Ammon's horn	83.75625000000001	3.545755346644897	24	present_gold	83.75625000000001	3.545755346644897	24	24	24
ENSG00000180573	H2AC6	Brodmann (1909) area 10	0.0	0.0	0	observed_zero	0.0	0.0	0	1	0
ENSG00000180573	H2AC6	Brodmann (1909) area 23	74.4825	5.504691181165389	4	present_gold	74.4825	5.504691181165389	4	6	4
ENSG00000180573	H2AC6	Brodmann (1909) area 46	84.262	9.679283031299375	5	present_gold	84.262	9.679283031299375	5	5	5
ENSG00000180573	H2AC6	Brodmann (1909) area 9	81.034	7.657635550365545	10	present_gold	81.034	7.657635550365545	10	10	10
ENSG00000180573	H2AC6	C1 segment of cervical spinal cord	93.70555555555556	0.9696147574051136	9	present_gold	93.70555555555556	0.9696147574051136	9	9	9
ENSG00000180573	H2AC6	CA1 field of hippocampus	85.17	7.1292402587279025	4	present_gold	85.17	7.1292402587279025	4	4	4
ENSG00000180573	H2AC6	adenohypophysis	85.62	4.9478641856865915	6	present_gold	85.62	4.9478641856865915	6	6	6
ENSG00000180573	H2AC6	adipose tissue	84.59705882352942	2.0137240523029782	17	present_gold	84.59705882352942	2.0137240523029782	17	17	17
ENSG00000180573	H2AC6	adipose tissue of abdominal region	86.63333333333333	3.083405044211133	6	present_gold	86.63333333333333	3.083405044211133	6	6	6
ENSG00000180573	H2AC6	adrenal cortex	80.10499999999999	7.785245660863892	2	present_gold	80.10499999999999	7.785245660863892	2	3	2
ENSG00000180573	H2AC6	adrenal gland	84.4875	3.2141082226127176	4	present_gold	84.4875	3.2141082226127176	4	4	4
ENSG00000180573	H2AC6	adrenal tissue	88.96999999999998	3.0507703945069315	3	present_gold	88.96999999999998	3.0507703945069315	3	3	3
ENSG00000180573	H2AC6	adult mammalian kidney	90.28461538461539	3.153964741360244	13	present_gold	90.28461538461539	3.153964741360244	13	15	13
ENSG00000180573	H2AC6	adult organism	80.87	0.0	1	present_gold	80.87	0.0	1	1	1
ENSG00000180573	H2AC6	amniotic fluid	98.43	0.0	1	present_gold	98.43	0.0	1	2	1
ENSG00000180573	H2AC6	amygdala	82.92090909090909	6.590539362670487	11	present_gold	82.92090909090909	6.590539362670487	11	13	11
ENSG00000180573	H2AC6	anatomical system	85.61	0.5992495306631436	3	present_gold	85.61	0.5992495306631436	3	3	3
ENSG00000180573	H2AC6	anterior cingulate cortex	80.80636363636364	3.7323940647452374	11	present_gold	80.80636363636364	3.7323940647452374	11	11	11
ENSG00000180573	H2AC6	aorta	81.83000000000001	0.565685424949236	2	present_gold	81.83000000000001	0.565685424949236	2	2	2
ENSG00000180573	H2AC6	apex of heart	86.14	0.0	1	present_gold	86.14	0.0	1	1	1
ENSG00000180573	H2AC6	ascending aorta	81.438	1.969053918340818	10	present_gold	81.438	1.969053918340818	10	10	10
ENSG00000180573	H2AC6	biceps brachii	88.626	2.626324427788769	5	present_gold	88.626	2.626324427788769	5	5	5
ENSG00000180573	H2AC6	blood	98.34589743589744	0.6391430033079161	39	present_gold	98.34589743589744	0.6391430033079161	39	39	39
ENSG00000180573	H2AC6	blood vessel layer	72.74	0.0	1	present_gold	72.74	0.0	1	1	1
ENSG00000180573	H2AC6	body of pancreas	80.563	2.6948059093168264	10	present_gold	80.563	2.6948059093168264	10	10	10
ENSG00000180573	H2AC6	body of stomach	82.42818181818183	3.114263374160312	11	present_gold	82.42818181818183	3.114263374160312	11	11	11
ENSG00000180573	H2AC6	body of tongue	78.2	1.2150308638055283	3	present_gold	78.2	1.2150308638055283	3	3	3
ENSG00000180573	H2AC6	body of uterus	76.952	4.548661341537749	5	present_gold	76.952	4.548661341537749	5	5	5
ENSG00000180573	H2AC6	bone marrow	94.80857142857143	3.920861085061756	14	present_gold	94.80857142857143	3.920861085061756	14	14	14
ENSG00000180573	H2AC6	bone marrow cell	87.31666666666666	5.721086726604771	3	present_gold	87.31666666666666	5.721086726604771	3	6	3
ENSG00000180573	H2AC6	brain	79.80428571428573	3.521598460115194	21	present_gold	79.80428571428573	3.521598460115194	21	24	21
ENSG00000180573	H2AC6	bronchial epithelial cell	92.59904761904761	1.4506719296998363	21	present_gold	92.59904761904761	1.4506719296998363	21	21	21
ENSG00000180573	H2AC6	bronchus	91.145	1.3222896808188471	2	present_gold	91.145	1.3222896808188471	2	2	2
ENSG00000180573	H2AC6	buccal mucosa cell	97.57	0.0	1	present_gold	97.57	0.0	1	1	1
ENSG00000180573	H2AC6	caecum	82.43	0.0	1	present_gold	82.43	0.0	1	3	1
ENSG00000180573	H2AC6	calcaneal tendon	90.78399999999999	2.06284512264009	5	present_gold	90.78399999999999	2.06284512264009	5	5	5
ENSG00000180573	H2AC6	caput epididymis	76.41000000000001	18.600776865496773	3	present_gold	76.41000000000001	18.600776865496773	3	3	3
ENSG00000180573	H2AC6	cardia of stomach	77.39	0.15556349186103965	2	present_gold	77.39	0.15556349186103965	2	3	2
ENSG00000180573	H2AC6	cardiac atrium	78.94333333333333	3.532709064348961	3	present_gold	78.94333333333333	3.532709064348961	3	3	3
ENSG00000180573	H2AC6	cardiac muscle of right atrium	0.0	0.0	0	observed_zero	0.0	0.0	0	8	0
ENSG00000180573	H2AC6	cardiac ventricle	83.06	5.157450920755333	3	present_gold	83.06	5.157450920755333	3	3	3
ENSG00000180573	H2AC6	cartilage tissue	82.31	0.0	1	present_gold	82.31	0.0	1	1	1
ENSG00000180573	H2AC6	cauda epididymis	73.76499999999999	1.3364318164425752	2	present_gold	73.76499999999999	1.3364318164425752	2	3	2
ENSG00000180573	H2AC6	caudate nucleus	84.35470588235295	4.5695761806307855	17	present_gold	84.35470588235295	4.5695761806307855	17	19	17
ENSG00000180573	H2AC6	central nervous system	81.81	0.0	1	present_gold	81.81	0.0	1	1	1
ENSG00000180573	H2AC6	cerebellar cortex	76.26499999999999	1.138441917710341	2	present_gold	76.26499999999999	1.138441917710341	2	2	2
ENSG00000180573	H2AC6	cerebellar hemisphere	76.44818181818182	2.3336787190263295	11	present_gold	76.44818181818182	2.3336787190263295	11	11	11
ENSG00000180573	H2AC6	cerebellar vermis	0.0	0.0	0	observed_zero	0.0	0.0	0	3	0
ENSG00000180573	H2AC6	cerebellum	75.08500000000001	3.968170960181878	14	present_gold	75.08500000000001	3.968170960181878	14	17	14
ENSG00000180573	H2AC6	cerebral cortex	78.676	2.7080628582890105	10	present_gold	78.676	2.7080628582890105	10	10	10
ENSG00000180573	H2AC6	cervix epithelium	85.975	2.6067924095843655	4	present_gold	85.975	2.6067924095843655	4	6	4
ENSG00000180573	H2AC6	cervix squamous epithelium	0.0	0.0	0	observed_zero	0.0	0.0	0	1	0
ENSG00000180573	H2AC6	choroid plexus epithelium	93.18	0.0	1	present_gold	93.18	0.0	1	1	1
ENSG00000180573	H2AC6	cingulate cortex	0.0	0.0	0	observed_zero	0.0	0.0	0	1	0
ENSG00000180573	H2AC6	colon	88.48333333333333	4.139805337850333	18	present_gold	88.48333333333333	4.139805337850333	18	18	18
ENSG00000180573	H2AC6	colonic epithelium	89.32	0.0	1	present_gold	89.32	0.0	1	1	1
ENSG00000180573	H2AC6	colonic mucosa	94.15666666666668	2.6562053133496017	6	present_gold	94.15666666666668	2.6562053133496017	6	6	6
ENSG00000180573	H2AC6	connective tissue	83.41	0.0	1	present_gold	83.41	0.0	1	1	1
ENSG00000180573	H2AC6	coronary artery	80.88	2.2203152929257595	2	present_gold	80.88	2.2203152929257595	2	2	2
ENSG00000180573	H2AC6	corpus callosum	92.17833333333334	4.616804942683618	12	present_gold	92.17833333333334	4.616804942683618	12	12	12
ENSG00000180573	H2AC6	corpus epididymis	92.57000000000001	2.6722462461382572	3	present_gold	92.57000000000001	2.6722462461382572	3	3	3
ENSG00000180573	H2AC6	cortex of kidney	84.89	2.3634015034832014	4	present_gold	84.89	2.3634015034832014	4	5	4
ENSG00000180573	H2AC6	cortical plate	74.87	4.850752518939715	2	present_gold	74.87	4.850752518939715	2	2	2
ENSG00000180573	H2AC6	cranial nerve II	94.25	0.0	1	present_gold	94.25	0.0	1	1	1
ENSG00000180573	H2AC6	decidua	91.03	3.3516861428242417	2	present_gold	91.03	3.3516861428242417	2	2	2
ENSG00000180573	H2AC6	deltoid	84.5075	3.7877202906233722	4	present_gold	84.5075	3.7877202906233722	4	8	4
ENSG00000180573	H2AC6	descending thoracic aorta	82.00999999999999	5.130994055736177	3	present_gold	82.00999999999999	5.130994055736177	3	3	3
ENSG00000180573	H2AC6	diaphragm	0.0	0.0	0	observed_zero	0.0	0.0	0	1	0
ENSG00000180573	H2AC6	dorsal motor nucleus of vagus nerve	87.91999999999999	8.428712831743647	2	present_gold	87.91999999999999	8.428712831743647	2	2	2
ENSG00000180573	H2AC6	dorsal plus ventral thalamus	81.38	4.044644607378997	5	present_gold	81.38	4.044644607378997	5	7	5
ENSG00000180573	H2AC6	dorsal root ganglion	78.53142857142858	1.2303038726459468	7	present_gold	78.53142857142858	1.2303038726459468	7	7	7
ENSG00000180573	H2AC6	dorsolateral prefrontal cortex	76.8804347826087	4.920394919720155	23	present_gold	76.8804347826087	4.920394919720155	23	24	23
ENSG00000180573	H2AC6	duodenum	91.13250000000001	3.731356991765865	4	present_gold	91.13250000000001	3.731356991765865	4	4	4
ENSG00000180573	H2AC6	ectocervix	86.372	10.680995740098389	5	present_gold	86.372	10.680995740098389	5	5	5
ENSG00000180573	H2AC6	embryo	78.35714285714286	5.092830628395549	7	present_gold	78.35714285714286	5.092830628395549	7	7	7
ENSG00000180573	H2AC6	endocervix	86.32666666666667	8.766951199438342	3	present_gold	86.32666666666667	8.766951199438342	3	3	3
ENSG00000180573	H2AC6	endometrium	90.00466666666667	3.9955973389767534	15	present_gold	90.00466666666667	3.9955973389767534	15	16	15
ENSG00000180573	H2AC6	endometrium epithelium	78.41	0.0	1	present_gold	78.41	0.0	1	1	1
ENSG00000180573	H2AC6	endothelial cell	0.0	0.0	0	observed_zero	0.0	0.0	0	1	0
ENSG00000180573	H2AC6	entorhinal cortex	71.96352941176471	5.001598420975627	17	present_gold	71.96352941176471	5.001598420975627	17	21	17
ENSG00000180573	H2AC6	epithelial cell of pancreas	0.0	0.0	0	observed_zero	0.0	0.0	0	1	0
ENSG00000180573	H2AC6	epithelium of bronchus	90.63714285714286	1.5503767709392866	14	present_gold	90.63714285714286	1.5503767709392866	14	14	14
ENSG00000180573	H2AC6	epithelium of esophagus	93.26	0.0	1	present_gold	93.26	0.0	1	1	1
ENSG00000180573	H2AC6	epithelium of mammary gland	81.50333333333333	5.330409615279738	6	present_gold	81.50333333333333	5.330409615279738	6	7	6
ENSG00000180573	H2AC6	epithelium of nasopharynx	85.8	0.0	1	present_gold	85.8	0.0	1	1	1
ENSG00000180573	H2AC6	esophagogastric junction muscularis propria	81.83181818181818	1.6049350029320084	11	present_gold	81.83181818181818	1.6049350029320084	11	11	11
ENSG00000180573	H2AC6	esophagus	87.89285714285714	0.6489662108747591	7	present_gold	87.89285714285714	0.6489662108747591	7	7	7
ENSG00000180573	H2AC6	esophagus mucosa	91.39727272727272	0.9661479276911056	11	present_gold	91.39727272727272	0.9661479276911056	11	11	11
ENSG00000180573	H2AC6	esophagus squamous epithelium	94.03	0.0	1	present_gold	94.03	0.0	1	1	1
ENSG00000180573	H2AC6	eye	77.56666666666666	8.898456795047856	3	present_gold	77.56666666666666	8.898456795047856	3	3	3
ENSG00000180573	H2AC6	fallopian tube	87.38499999999999	0.8980256121069126	2	present_gold	87.38499999999999	0.8980256121069126	2	2	2
ENSG00000180573	H2AC6	female reproductive system	85.81	0.0	1	present_gold	85.81	0.0	1	1	1
ENSG00000180573	H2AC6	forebrain	74.265	4.8153971798803905	2	present_gold	74.265	4.8153971798803905	2	2	2
ENSG00000180573	H2AC6	frontal cortex	76.0392	4.822818954373744	25	present_gold	76.0392	4.822818954373744	25	26	25
ENSG00000180573	H2AC6	frontal pole	0.0	0.0	0	observed_zero	0.0	0.0	0	2	0
ENSG00000180573	H2AC6	fundus of stomach	81.11142857142856	5.741775069817779	7	present_gold	81.11142857142856	5.741775069817779	7	7	7
ENSG00000180573	H2AC6	gall bladder	89.29	0.0	1	present_gold	89.29	0.0	1	1	1
ENSG00000180573	H2AC6	ganglionic eminence	82.14	0.48083261120685716	2	present_gold	82.14	0.48083261120685716	2	2	2
ENSG00000180573	H2AC6	gastrocnemius	89.58615384615383	0.710581199459737	13	present_gold	89.58615384615383	0.710581199459737	13	13	13
ENSG00000180573	H2AC6	germinal epithelium of ovary	85.12	0.0	1	present_gold	85.12	0.0	1	1	1
ENSG00000180573	H2AC6	gingiva	90.96000000000001	1.0889444430272877	2	present_gold	90.96000000000001	1.0889444430272877	2	2	2
ENSG00000180573	H2AC6	gingival epithelium	84.81	0.0	1	present_gold	84.81	0.0	1	1	1
ENSG00000180573	H2AC6	globus pallidus	87.53	0.0	1	present_gold	87.53	0.0	1	1	1
ENSG00000180573	H2AC6	gluteal muscle	82.53	0.0	1	present_gold	82.53	0.0	1	1	1
ENSG00000180573	H2AC6	granulocyte	93.95	0.0	1	present_gold	93.95	0.0	1	1	1
ENSG00000180573	H2AC6	hair follicle	87.61666666666667	1.0042078138181008	3	present_gold	87.61666666666667	1.0042078138181008	3	3	3
ENSG00000180573	H2AC6	heart	85.49266666666668	3.5774900751917174	15	present_gold	85.49266666666668	3.5774900751917174	15	15	15
ENSG00000180573	H2AC6	heart left ventricle	84.98823529411764	3.1973743823919762	17	present_gold	84.98823529411764	3.1973743823919762	17	17	17
ENSG00000180573	H2AC6	heart right ventricle	82.81166666666667	2.558221387344469	6	present_gold	82.81166666666667	2.558221387344469	6	6	6
ENSG00000180573	H2AC6	hindlimb stylopod muscle	86.44	0.3394112549695456	2	present_gold	86.44	0.3394112549695456	2	2	2
ENSG00000180573	H2AC6	hypothalamus	85.02600000000001	2.4885015571624622	15	present_gold	85.02600000000001	2.4885015571624622	15	17	15
ENSG00000180573	H2AC6	ileal mucosa	90.3	0.0	1	present_gold	90.3	0.0	1	1	1
ENSG00000180573	H2AC6	inferior olivary complex	79.20333333333333	4.801294964208444	3	present_gold	79.20333333333333	4.801294964208444	3	3	3
ENSG00000180573	H2AC6	inferior vagus X ganglion	88.594	3.02074990689398	5	present_gold	88.594	3.02074990689398	5	6	5
ENSG00000180573	H2AC6	intestine	92.1525	4.415520920570981	4	present_gold	92.1525	4.415520920570981	4	4	4
ENSG00000180573	H2AC6	islet of Langerhans	88.968	1.4171611461953486	15	present_gold	88.968	1.4171611461953486	15	17	15
ENSG00000180573	H2AC6	jejunal mucosa	95.03	0.0	1	present_gold	95.03	0.0	1	1	1
ENSG00000180573	H2AC6	jejunum	83.1	2.8567113959936568	2	present_gold	83.1	2.8567113959936568	2	2	2
ENSG00000180573	H2AC6	kidney	89.57166666666666	2.0962959396675562	6	present_gold	89.57166666666666	2.0962959396675562	6	6	6
ENSG00000180573	H2AC6	kidney epithelium	85.67	0.0	1	present_gold	85.67	0.0	1	1	1
ENSG00000180573	H2AC6	large intestine	86.545	0.5303300858899106	2	present_gold	86.545	0.5303300858899106	2	2	2
ENSG00000180573	H2AC6	lateral globus pallidus	86.28999999999999	2.644579361637684	2	present_gold	86.28999999999999	2.644579361637684	2	2	2
ENSG00000180573	H2AC6	lateral nuclear group of thalamus	77.25	0.0	1	present_gold	77.25	0.0	1	2	1
ENSG00000180573	H2AC6	layer of synovial tissue	65.965	10.78337841309485	2	present_gold	65.965	10.78337841309485	2	9	2
ENSG00000180573	H2AC6	left adrenal gland	87.99625	3.476796298318326	8	present_gold	87.99625	3.476796298318326	8	8	8
ENSG00000180573	H2AC6	left adrenal gland cortex	87.81	5.202515874898552	8	present_gold	87.81	5.202515874898552	8	8	8
ENSG00000180573	H2AC6	left coronary artery	83.63444444444445	3.207012282137033	9	present_gold	83.63444444444445	3.207012282137033	9	9	9
ENSG00000180573	H2AC6	left lobe of thyroid gland	84.27	5.024316868988259	11	present_gold	84.27	5.024316868988259	11	11	11
ENSG00000180573	H2AC6	left ovary	83.59200000000001	6.569837897543589	5	present_gold	83.59200000000001	6.569837897543589	5	5	5
ENSG00000180573	H2AC6	left testis	74.685	1.6797470047599439	6	present_gold	74.685	1.6797470047599439	6	6	6
ENSG00000180573	H2AC6	left uterine tube	73.055	6.342747827243341	2	present_gold	73.055	6.342747827243341	2	2	2
ENSG00000180573	H2AC6	left ventricle myocardium	78.13	0.0	1	present_gold	78.13	0.0	1	4	1
ENSG00000180573	H2AC6	leukocyte	97.76	0.0	1	present_gold	97.76	0.0	1	1	1
ENSG00000180573	H2AC6	liver	90.51190476190476	3.9024308053412287	21	present_gold	90.51190476190476	3.9024308053412287	21	23	21
ENSG00000180573	H2AC6	lower esophagus	83.815	1.6758430714121209	2	present_gold	83.815	1.6758430714121209	2	2	2
ENSG00000180573	H2AC6	lower esophagus mucosa	96.21	0.0	1	present_gold	96.21	0.0	1	1	1
ENSG00000180573	H2AC6	lower esophagus muscularis layer	83.33090909090909	3.770926821208428	11	present_gold	83.33090909090909	3.770926821208428	11	11	11
ENSG00000180573	H2AC6	lower lobe of lung	74.84125	4.6839008086972	8	present_gold	74.84125	4.6839008086972	8	8	8
ENSG00000180573	H2AC6	lung	85.08947368421053	5.850555029400782	19	present_gold	85.08947368421053	5.850555029400782	19	22	19
ENSG00000180573	H2AC6	lymph node	84.04666666666667	7.981638094192614	6	present_gold	84.04666666666667	7.981638094192614	6	6	6
ENSG00000180573	H2AC6	male germ cell	0.0	0.0	0	observed_zero	0.0	0.0	0	1	0
ENSG00000180573	H2AC6	male germ line stem cell (sensu Vertebrata) in testis	82.12	0.0	1	present_gold	82.12	0.0	1	1	1
ENSG00000180573	H2AC6	mammalian vulva	83.702	3.173597327954507	5	present_gold	83.702	3.173597327954507	5	5	5
ENSG00000180573	H2AC6	mammary duct	79.41	0.0	1	present_gold	79.41	0.0	1	1	1
ENSG00000180573	H2AC6	mammary gland	83.35499999999999	1.1808683245815357	2	present_gold	83.35499999999999	1.1808683245815357	2	2	2
ENSG00000180573	H2AC6	material anatomical entity	85.28999999999999	0.07071067811866079	2	present_gold	85.28999999999999	0.07071067811866079	2	2	2
ENSG00000180573	H2AC6	medial globus pallidus	88.0	2.9943446695395615	3	present_gold	88.0	2.9943446695395615	3	3	3
ENSG00000180573	H2AC6	medulla oblongata	79.56	1.6147693333724156	6	present_gold	79.56	1.6147693333724156	6	6	6
ENSG00000180573	H2AC6	metanephric glomerulus	84.39714285714285	2.8803744796219037	7	present_gold	84.39714285714285	2.8803744796219037	7	9	7
ENSG00000180573	H2AC6	metanephros	82.5375	5.102348315563466	4	present_gold	82.5375	5.102348315563466	4	4	4
ENSG00000180573	H2AC6	metanephros cortex	83.56	1.8526197667087578	2	present_gold	83.56	1.8526197667087578	2	2	2
ENSG00000180573	H2AC6	midbrain	82.80199999999999	4.382364658492036	5	present_gold	82.80199999999999	4.382364658492036	5	5	5
ENSG00000180573	H2AC6	middle frontal gyrus	76.51	0.0	1	present_gold	76.51	0.0	1	1	1
ENSG00000180573	H2AC6	middle temporal gyrus	73.91499999999999	0.27577164466275395	2	present_gold	73.91499999999999	0.27577164466275395	2	5	2
ENSG00000180573	H2AC6	minor salivary gland	83.686	5.12047133247191	10	present_gold	83.686	5.12047133247191	10	10	10
ENSG00000180573	H2AC6	monocyte	99.19	0.0	1	present_gold	99.19	0.0	1	1	1
ENSG00000180573	H2AC6	mononuclear cell	98.575	0.657609306503494	2	present_gold	98.575	0.657609306503494	2	2	2
ENSG00000180573	H2AC6	mouth mucosa	83.9925	5.817401338513043	4	present_gold	83.9925	5.817401338513043	4	4	4
ENSG00000180573	H2AC6	mucosa of paranasal sinus	79.14	0.0	1	present_gold	79.14	0.0	1	1	1
ENSG00000180573	H2AC6	mucosa of sigmoid colon	89.54	0.0	1	present_gold	89.54	0.0	1	1	1
ENSG00000180573	H2AC6	mucosa of stomach	67.11	0.0	1	present_gold	67.11	0.0	1	1	1
ENSG00000180573	H2AC6	mucosa of transverse colon	94.27	0.0	1	present_gold	94.27	0.0	1	1	1
ENSG00000180573	H2AC6	mucosa of urinary bladder	0.0	0.0	0	observed_zero	0.0	0.0	0	1	0
ENSG00000180573	H2AC6	multicellular organism	85.35	0.0	1	present_gold	85.35	0.0	1	1	1
ENSG00000180573	H2AC6	muscle layer of sigmoid colon	83.59363636363636	1.903219759918821	11	present_gold	83.59363636363636	1.903219759918821	11	11	11
ENSG00000180573	H2AC6	muscle of leg	89.00999999999999	1.9091883092036803	2	present_gold	89.00999999999999	1.9091883092036803	2	2	2
ENSG00000180573	H2AC6	muscle organ	0.0	0.0	0	observed_zero	0.0	0.0	0	1	0
ENSG00000180573	H2AC6	muscle tissue	80.4	0.0	1	present_gold	80.4	0.0	1	1	1
ENSG00000180573	H2AC6	myocardium	83.56	3.1373237002260375	5	present_gold	83.56	3.1373237002260375	5	8	5
ENSG00000180573	H2AC6	myometrium	79.4	9.972835604781622	9	present_gold	79.4	9.972835604781622	9	11	9
ENSG00000180573	H2AC6	nasal cavity epithelium	80.41000000000001	3.258849490234247	3	present_gold	80.41000000000001	3.258849490234247	3	7	3
ENSG00000180573	H2AC6	nasal cavity mucosa	0.0	0.0	0	observed_zero	0.0	0.0	0	1	0
ENSG00000180573	H2AC6	nasopharynx	85.78	0.0	1	present_gold	85.78	0.0	1	1	1
ENSG00000180573	H2AC6	neocortex	68.03	0.0	1	present_gold	68.03	0.0	1	1	1
ENSG00000180573	H2AC6	nephron tubule	86.66375	2.161540042919136	8	present_gold	86.66375	2.161540042919136	8	8	8
ENSG00000180573	H2AC6	nipple	77.10499999999999	3.8537319574666857	2	present_gold	77.10499999999999	3.8537319574666857	2	3	2
ENSG00000180573	H2AC6	nucleus accumbens	82.89461538461539	5.70612188119715	13	present_gold	82.89461538461539	5.70612188119715	13	14	13
ENSG00000180573	H2AC6	occipital lobe	74.79666666666667	5.100356196711494	3	present_gold	74.79666666666667	5.100356196711494	3	6	3
ENSG00000180573	H2AC6	olfactory bulb	0.0	0.0	0	observed_zero	0.0	0.0	0	1	0
ENSG00000180573	H2AC6	olfactory segment of nasal mucosa	77.16	0.0	1	present_gold	77.16	0.0	1	1	1
ENSG00000180573	H2AC6	omental fat pad	86.50272727272727	1.9608370197907374	11	present_gold	86.50272727272727	1.9608370197907374	11	11	11
ENSG00000180573	H2AC6	oocyte	0.0	0.0	0	observed_zero	0.0	0.0	0	1	0
ENSG00000180573	H2AC6	oral cavity	91.15833333333335	2.215702296489007	6	present_gold	91.15833333333335	2.215702296489007	6	6	6
ENSG00000180573	H2AC6	orbitofrontal cortex	0.0	0.0	0	observed_zero	0.0	0.0	0	6	0
ENSG00000180573	H2AC6	ovary	86.89	6.895452124407796	11	present_gold	86.89	6.895452124407796	11	11	11
ENSG00000180573	H2AC6	oviduct epithelium	90.86	3.00604391185491	3	present_gold	90.86	3.00604391185491	3	3	3
ENSG00000180573	H2AC6	palpebral conjunctiva	89.16166666666668	3.019857060634937	6	present_gold	89.16166666666668	3.019857060634937	6	6	6
ENSG00000180573	H2AC6	pancreas	83.45500000000001	0.03535533905932537	2	present_gold	83.45500000000001	0.03535533905932537	2	2	2
ENSG00000180573	H2AC6	pancreatic ductal cell	0.0	0.0	0	observed_zero	0.0	0.0	0	1	0
ENSG00000180573	H2AC6	paraflocculus	71.0	0.0	1	present_gold	71.0	0.0	1	2	1
ENSG00000180573	H2AC6	parietal lobe	71.75	4.599739123037303	4	present_gold	71.75	4.599739123037303	4	6	4
ENSG00000180573	H2AC6	parietal pleura	87.0775	3.443412793532995	4	present_gold	87.0775	3.443412793532995	4	4	4
ENSG00000180573	H2AC6	parotid gland	68.708	1.9649860050392176	5	present_gold	68.708	1.9649860050392176	5	8	5
ENSG00000180573	H2AC6	penis	76.85	0.0	1	present_gold	76.85	0.0	1	1	1
ENSG00000180573	H2AC6	pericardium	95.89	0.0	1	present_gold	95.89	0.0	1	1	1
ENSG00000180573	H2AC6	periodontal ligament	93.01	0.0	1	present_gold	93.01	0.0	1	1	1
ENSG00000180573	H2AC6	peritoneum	86.03	0.0	1	present_gold	86.03	0.0	1	1	1
ENSG00000180573	H2AC6	pharyngeal mucosa	87.23333333333333	6.611099253023908	3	present_gold	87.23333333333333	6.611099253023908	3	3	3
ENSG00000180573	H2AC6	pigmented layer of retina	73.1925	8.173181245186395	4	present_gold	73.1925	8.173181245186395	4	4	4
ENSG00000180573	H2AC6	pituitary gland	87.45357142857144	2.752969325998765	14	present_gold	87.45357142857144	2.752969325998765	14	14	14
ENSG00000180573	H2AC6	placenta	90.85799999999999	2.9709964658343164	5	present_gold	90.85799999999999	2.9709964658343164	5	5	5
ENSG00000180573	H2AC6	pleura	85.01	0.0	1	present_gold	85.01	0.0	1	1	1
ENSG00000180573	H2AC6	pons	0.0	0.0	0	observed_zero	0.0	0.0	0	1	0
ENSG00000180573	H2AC6	popliteal artery	82.63	0.0	1	present_gold	82.63	0.0	1	1	1
ENSG00000180573	H2AC6	postcentral gyrus	72.94533333333334	5.919051404051964	15	present_gold	72.94533333333334	5.919051404051964	15	15	15
ENSG00000180573	H2AC6	prefrontal cortex	81.88111111111112	4.267418553541604	9	present_gold	81.88111111111112	4.267418553541604	9	10	9
ENSG00000180573	H2AC6	primary visual cortex	76.16166666666668	5.297721837419052	6	present_gold	76.16166666666668	5.297721837419052	6	9	6
ENSG00000180573	H2AC6	primordial germ cell in gonad	81.09	0.0	1	present_gold	81.09	0.0	1	1	1
ENSG00000180573	H2AC6	prostate gland	91.685	3.7132627162644987	16	present_gold	91.685	3.7132627162644987	16	18	16
ENSG00000180573	H2AC6	putamen	84.70928571428571	5.921512883982002	14	present_gold	84.70928571428571	5.921512883982002	14	16	14
ENSG00000180573	H2AC6	pylorus	88.52	7.847362614280039	3	present_gold	88.52	7.847362614280039	3	3	3
ENSG00000180573	H2AC6	quadriceps femoris	83.89399999999999	2.9025902225426186	5	present_gold	83.89399999999999	2.9025902225426186	5	20	5
ENSG00000180573	H2AC6	rectum	90.13499999999999	0.007071067811869092	2	present_gold	90.13499999999999	0.007071067811869092	2	2	2
ENSG00000180573	H2AC6	renal glomerulus	87.05	0.0	1	present_gold	87.05	0.0	1	1	1
ENSG00000180573	H2AC6	renal medulla	90.31666666666666	3.849757568124697	3	present_gold	90.31666666666666	3.849757568124697	3	3	3
ENSG00000180573	H2AC6	retina	73.98	0.0	1	present_gold	73.98	0.0	1	1	1
ENSG00000180573	H2AC6	right adrenal gland	91.044	2.558579684121642	5	present_gold	91.044	2.558579684121642	5	5	5
ENSG00000180573	H2AC6	right adrenal gland cortex	92.02333333333333	1.7307898004475695	3	present_gold	92.02333333333333	1.7307898004475695	3	3	3
ENSG00000180573	H2AC6	right atrium auricular region	84.16727272727273	3.249812582008662	11	present_gold	84.16727272727273	3.249812582008662	11	11	11
ENSG00000180573	H2AC6	right coronary artery	82.505	0.8273149339882618	2	present_gold	82.505	0.8273149339882618	2	2	2
ENSG00000180573	H2AC6	right frontal lobe	79.03333333333333	3.2995378464263756	9	present_gold	79.03333333333333	3.2995378464263756	9	9	9
ENSG00000180573	H2AC6	right hemisphere of cerebellum	76.0311111111111	4.584379577555843	9	present_gold	76.0311111111111	4.584379577555843	9	9	9
ENSG00000180573	H2AC6	right lobe of liver	91.31	3.8510777712219735	9	present_gold	91.31	3.8510777712219735	9	9	9
ENSG00000180573	H2AC6	right lobe of thyroid gland	87.3675	4.384237187275083	8	present_gold	87.3675	4.384237187275083	8	8	8
ENSG00000180573	H2AC6	right lung	90.64500000000001	3.3446150750123724	2	present_gold	90.64500000000001	3.3446150750123724	2	2	2
ENSG00000180573	H2AC6	right ovary	80.248	6.897363264320647	5	present_gold	80.248	6.897363264320647	5	5	5
ENSG00000180573	H2AC6	right testis	74.488	3.7605345364721754	5	present_gold	74.488	3.7605345364721754	5	5	5
ENSG00000180573	H2AC6	right uterine tube	90.54	0.0	1	present_gold	90.54	0.0	1	1	1
ENSG00000180573	H2AC6	saliva-secreting gland	78.862	4.652361765813146	5	present_gold	78.862	4.652361765813146	5	5	5
ENSG00000180573	H2AC6	saphenous vein	0.0	0.0	0	observed_zero	0.0	0.0	0	3	0
ENSG00000180573	H2AC6	secondary oocyte	0.0	0.0	0	observed_zero	0.0	0.0	0	1	0
ENSG00000180573	H2AC6	seminal vesicle	83.27	0.0	1	present_gold	83.27	0.0	1	1	1
ENSG00000180573	H2AC6	sigmoid colon	84.1075	1.0690611145611169	4	present_gold	84.1075	1.0690611145611169	4	4	4
ENSG00000180573	H2AC6	skeletal muscle tissue	81.73333333333333	1.0821390853305302	9	present_gold	81.73333333333333	1.0821390853305302	9	15	9
ENSG00000180573	H2AC6	skeletal muscle tissue of biceps brachii	85.085	1.3930003589374977	2	present_gold	85.085	1.3930003589374977	2	2	2
ENSG00000180573	H2AC6	skeletal muscle tissue of rectus abdominis	0.0	0.0	0	observed_zero	0.0	0.0	0	2	0
ENSG00000180573	H2AC6	skin of abdomen	87.78999999999999	1.4403317519084142	10	present_gold	87.78999999999999	1.4403317519084142	10	10	10
ENSG00000180573	H2AC6	skin of hip	77.45	0.0	1	present_gold	77.45	0.0	1	1	1
ENSG00000180573	H2AC6	skin of leg	86.67166666666667	2.008789021608127	12	present_gold	86.67166666666667	2.008789021608127	12	12	12
ENSG00000180573	H2AC6	small intestine	86.075	0.09192388155424797	2	present_gold	86.075	0.09192388155424797	2	2	2
ENSG00000180573	H2AC6	small intestine Peyer's patch	83.69636363636363	4.611906921713129	11	present_gold	83.69636363636363	4.611906921713129	11	11	11
ENSG00000180573	H2AC6	smooth muscle tissue	80.83	0.0	1	present_gold	80.83	0.0	1	2	1
ENSG00000180573	H2AC6	sperm	83.88	0.0	1	present_gold	83.88	0.0	1	1	1
ENSG00000180573	H2AC6	spinal cord	88.273	4.575004675164582	10	present_gold	88.273	4.575004675164582	10	10	10
ENSG00000180573	H2AC6	spleen	90.17416666666666	1.725653806708072	12	present_gold	90.17416666666666	1.725653806708072	12	12	12
ENSG00000180573	H2AC6	squamous epithelium	0.0	0.0	0	observed_zero	0.0	0.0	0	3	0
ENSG00000180573	H2AC6	stomach	88.92	7.510120444500812	12	present_gold	88.92	7.510120444500812	12	12	12
ENSG00000180573	H2AC6	stromal cell of endometrium	81.26	0.0	1	present_gold	81.26	0.0	1	1	1
ENSG00000180573	H2AC6	subcutaneous adipose tissue	77.82894736842105	3.3093720363316357	19	present_gold	77.82894736842105	3.3093720363316357	19	21	19
ENSG00000180573	H2AC6	substantia nigra	87.208	3.390237687677276	20	present_gold	87.208	3.390237687677276	20	23	20
ENSG00000180573	H2AC6	substantia nigra pars compacta	81.225	0.5444722215136388	2	present_gold	81.225	0.5444722215136388	2	2	2
ENSG00000180573	H2AC6	substantia nigra pars reticulata	84.5	1.5414927829866785	2	present_gold	84.5	1.5414927829866785	2	2	2
ENSG00000180573	H2AC6	subthalamic nucleus	83.605	3.640835853795897	8	present_gold	83.605	3.640835853795897	8	8	8
ENSG00000180573	H2AC6	superficial temporal artery	0.0	0.0	0	observed_zero	0.0	0.0	0	1	0
ENSG00000180573	H2AC6	superior frontal gyrus	72.13904761904762	4.377960603707971	21	present_gold	72.13904761904762	4.377960603707971	21	25	21
ENSG00000180573	H2AC6	superior surface of tongue	82.345	10.062129496284564	2	present_gold	82.345	10.062129496284564	2	3	2
ENSG00000180573	H2AC6	superior vestibular nucleus	78.038	1.5605351646150085	5	present_gold	78.038	1.5605351646150085	5	5	5
ENSG00000180573	H2AC6	sural nerve	0.0	0.0	0	observed_zero	0.0	0.0	0	3	0
ENSG00000180573	H2AC6	synovial joint	70.41	0.0	1	present_gold	70.41	0.0	1	2	1
ENSG00000180573	H2AC6	telencephalon	81.91499999999999	0.24748737341529767	2	present_gold	81.91499999999999	0.24748737341529767	2	2	2
ENSG00000180573	H2AC6	temporal lobe	75.73571428571428	6.785629072146656	7	present_gold	75.73571428571428	6.785629072146656	7	8	7
ENSG00000180573	H2AC6	tendon	65.15666666666667	6.336642118135864	3	present_gold	65.15666666666667	6.336642118135864	3	5	3
ENSG00000180573	H2AC6	tendon of biceps brachii	0.0	0.0	0	observed_zero	0.0	0.0	0	1	0
ENSG00000180573	H2AC6	testis	81.27	11.643835994493683	13	present_gold	81.27	11.643835994493683	13	13	13
ENSG00000180573	H2AC6	thoracic aorta	81.93666666666667	0.8325543025332718	6	present_gold	81.93666666666667	0.8325543025332718	6	6	6
ENSG00000180573	H2AC6	thoracic mammary gland	84.146	3.441245206524605	15	present_gold	84.146	3.441245206524605	15	15	15
ENSG00000180573	H2AC6	thymus	93.245	5.231739672422549	4	present_gold	93.245	5.231739672422549	4	4	4
ENSG00000180573	H2AC6	thyroid gland	86.93235294117646	2.368864520745553	17	present_gold	86.93235294117646	2.368864520745553	17	17	17
ENSG00000180573	H2AC6	tibia	84.62	0.0	1	present_gold	84.62	0.0	1	1	1
ENSG00000180573	H2AC6	tibial artery	82.70636363636363	2.531944994375955	11	present_gold	82.70636363636363	2.531944994375955	11	11	11
ENSG00000180573	H2AC6	tibial nerve	77.24727272727273	4.063001577427926	11	present_gold	77.24727272727273	4.063001577427926	11	11	11
ENSG00000180573	H2AC6	tibialis anterior	85.53	0.0	1	present_gold	85.53	0.0	1	2	1
ENSG00000180573	H2AC6	tongue	79.69	0.0	1	present_gold	79.69	0.0	1	1	1
ENSG00000180573	H2AC6	tongue squamous epithelium	81.33	0.0	1	present_gold	81.33	0.0	1	1	1
ENSG00000180573	H2AC6	tonsil	80.47	3.9798793951576004	6	present_gold	80.47	3.9798793951576004	6	6	6
ENSG00000180573	H2AC6	trabecular bone tissue	91.035	1.4793129035693116	4	present_gold	91.035	1.4793129035693116	4	4	4
ENSG00000180573	H2AC6	trachea	89.2	0.0	1	present_gold	89.2	0.0	1	3	1
ENSG00000180573	H2AC6	transverse colon	85.977	2.3973598904721087	10	present_gold	85.977	2.3973598904721087	10	10	10
ENSG00000180573	H2AC6	triceps brachii	83.91	0.0	1	present_gold	83.91	0.0	1	2	1
ENSG00000180573	H2AC6	trigeminal ganglion	76.99600000000001	2.7041505135624377	5	present_gold	76.99600000000001	2.7041505135624377	5	6	5
ENSG00000180573	H2AC6	type B pancreatic cell	0.0	0.0	0	observed_zero	0.0	0.0	0	1	0
ENSG00000180573	H2AC6	upper arm skin	67.83	0.0	1	present_gold	67.83	0.0	1	4	1
ENSG00000180573	H2AC6	upper leg skin	89.46	0.0	1	present_gold	89.46	0.0	1	1	1
ENSG00000180573	H2AC6	upper lobe of left lung	87.39	3.2116262013414403	8	present_gold	87.39	3.2116262013414403	8	8	8
ENSG00000180573	H2AC6	upper lobe of lung	78.33	5.398042855208422	4	present_gold	78.33	5.398042855208422	4	4	4
ENSG00000180573	H2AC6	urethra	74.26333333333334	7.107857154820522	3	present_gold	74.26333333333334	7.107857154820522	3	3	3
ENSG00000180573	H2AC6	urinary bladder	81.1525	2.4465938421755733	8	present_gold	81.1525	2.4465938421755733	8	8	8
ENSG00000180573	H2AC6	uterine cervix	84.4	5.701170932361179	5	present_gold	84.4	5.701170932361179	5	5	5
ENSG00000180573	H2AC6	uterus	84.70500000000001	0.47376154339498805	2	present_gold	84.70500000000001	0.47376154339498805	2	2	2
ENSG00000180573	H2AC6	vagina	95.305	3.5699388841216373	12	present_gold	95.305	3.5699388841216373	12	12	12
ENSG00000180573	H2AC6	vastus lateralis	82.30666666666667	3.24771458105542	9	present_gold	82.30666666666667	3.24771458105542	9	23	9
ENSG00000180573	H2AC6	vena cava	0.0	0.0	0	observed_zero	0.0	0.0	0	1	0
ENSG00000180573	H2AC6	ventral tegmental area	80.1275	5.120334461731964	4	present_gold	80.1275	5.120334461731964	4	6	4
ENSG00000180573	H2AC6	ventricular zone	76.505	0.06363961030679169	2	present_gold	76.505	0.06363961030679169	2	2	2
ENSG00000180573	H2AC6	vermiform appendix	78.6125	5.396284987532321	4	present_gold	78.6125	5.396284987532321	4	4	4
ENSG00000180573	H2AC6	visceral pleura	81.605	5.429785140009383	4	present_gold	81.605	5.429785140009383	4	4	4
ENSG00000180573	H2AC6	zone of skin	84.56857142857143	4.404284377639672	14	present_gold	84.56857142857143	4.404284377639672	14	15	14
ENSG00000181218	H2AW	Ammon's horn	82.97125	2.158150249635087	8	present_gold	82.97125	2.158150249635087	8	8	8
ENSG00000181218	H2AW	Brodmann (1909) area 9	83.3725	1.2513963629253742	8	present_gold	83.3725	1.2513963629253742	8	8	8
ENSG00000181218	H2AW	C1 segment of cervical spinal cord	81.20666666666666	3.1630286119477296	9	present_gold	81.20666666666666	3.1630286119477296	9	9	9
ENSG00000181218	H2AW	adenohypophysis	76.87	6.028024552040244	6	present_gold	76.87	6.028024552040244	6	6	6
ENSG00000181218	H2AW	adipose tissue	64.93666666666667	5.657352148605682	3	present_gold	64.93666666666667	5.657352148605682	3	3	3
ENSG00000181218	H2AW	adrenal gland	77.53333333333335	17.018067849592484	3	present_gold	77.53333333333335	17.018067849592484	3	3	3
ENSG00000181218	H2AW	adrenal tissue	68.45333333333333	10.75654839311074	3	present_gold	68.45333333333333	10.75654839311074	3	3	3
ENSG00000181218	H2AW	adult mammalian kidney	63.73181818181818	4.362276511597627	11	present_gold	63.73181818181818	4.362276511597627	11	11	11
ENSG00000181218	H2AW	amygdala	80.12125	3.023609184401978	8	present_gold	80.12125	3.023609184401978	8	8	8
ENSG00000181218	H2AW	anterior cingulate cortex	82.75777777777779	1.4977214175020805	9	present_gold	82.75777777777779	1.4977214175020805	9	9	9
ENSG00000181218	H2AW	apex of heart	89.81	0.0	1	present_gold	89.81	0.0	1	1	1
ENSG00000181218	H2AW	ascending aorta	67.44300000000001	1.4889970524558565	10	present_gold	67.44300000000001	1.4889970524558565	10	10	10
ENSG00000181218	H2AW	blood	81.006875	2.5945499770351956	16	present_gold	81.006875	2.5945499770351956	16	16	16
ENSG00000181218	H2AW	body of pancreas	65.702	3.258594789169098	10	present_gold	65.702	3.258594789169098	10	10	10
ENSG00000181218	H2AW	body of stomach	73.79272727272728	2.196679725900391	11	present_gold	73.79272727272728	2.196679725900391	11	11	11
ENSG00000181218	H2AW	body of uterus	74.07000000000001	3.598805357337348	5	present_gold	74.07000000000001	3.598805357337348	5	5	5
ENSG00000181218	H2AW	bone marrow	78.26	0.0	1	present_gold	78.26	0.0	1	1	1
ENSG00000181218	H2AW	bone marrow cell	76.9	0.0	1	present_gold	76.9	0.0	1	1	1
ENSG00000181218	H2AW	brain	81.9825	4.049562733596475	4	present_gold	81.9825	4.049562733596475	4	4	4
ENSG00000181218	H2AW	calcaneal tendon	73.506	3.8274900391771114	5	present_gold	73.506	3.8274900391771114	5	5	5
ENSG00000181218	H2AW	caudate nucleus	83.61444444444444	1.3080434923112385	9	present_gold	83.61444444444444	1.3080434923112385	9	9	9
ENSG00000181218	H2AW	cerebellar cortex	94.02	0.3535533905932738	2	present_gold	94.02	0.3535533905932738	2	2	2
ENSG00000181218	H2AW	cerebellar hemisphere	94.088	0.542008610017712	10	present_gold	94.088	0.542008610017712	10	10	10
ENSG00000181218	H2AW	cerebellum	95.21999999999998	1.6992939710362134	3	present_gold	95.21999999999998	1.6992939710362134	3	3	3
ENSG00000181218	H2AW	cerebral cortex	83.08	0.0	1	present_gold	83.08	0.0	1	1	1
ENSG00000181218	H2AW	colon	72.10499999999999	2.2596226331944123	10	present_gold	72.10499999999999	2.2596226331944123	10	10	10
ENSG00000181218	H2AW	colonic epithelium	0.0	0.0	0	observed_zero	0.0	0.0	0	1	0
ENSG00000181218	H2AW	corpus callosum	75.555	3.7604742608701196	4	present_gold	75.555	3.7604742608701196	4	4	4
ENSG00000181218	H2AW	cortex of kidney	71.345	5.7346359954229005	2	present_gold	71.345	5.7346359954229005	2	2	2
ENSG00000181218	H2AW	cortical plate	91.53999999999999	0.21213203435596226	2	present_gold	91.53999999999999	0.21213203435596226	2	2	2
ENSG00000181218	H2AW	descending thoracic aorta	66.7	1.5258767971235465	3	present_gold	66.7	1.5258767971235465	3	3	3
ENSG00000181218	H2AW	dorsolateral prefrontal cortex	83.06727272727272	2.2075601505240607	11	present_gold	83.06727272727272	2.2075601505240607	11	11	11
ENSG00000181218	H2AW	duodenum	75.71	0.0	1	present_gold	75.71	0.0	1	1	1
ENSG00000181218	H2AW	ectocervix	82.194	10.351612434785217	5	present_gold	82.194	10.351612434785217	5	5	5
ENSG00000181218	H2AW	endocervix	77.96333333333332	5.040082671279643	3	present_gold	77.96333333333332	5.040082671279643	3	3	3
ENSG00000181218	H2AW	endometrium	67.07	0.848528137423859	2	present_gold	67.07	0.848528137423859	2	2	2
ENSG00000181218	H2AW	esophagogastric junction muscularis propria	72.30727272727273	1.4699938156950951	11	present_gold	72.30727272727273	1.4699938156950951	11	11	11
ENSG00000181218	H2AW	esophagus	76.0475	0.22969182252168027	4	present_gold	76.0475	0.22969182252168027	4	4	4
ENSG00000181218	H2AW	esophagus mucosa	81.64454545454545	1.6224016989411958	11	present_gold	81.64454545454545	1.6224016989411958	11	11	11
ENSG00000181218	H2AW	fallopian tube	70.92	0.0	1	present_gold	70.92	0.0	1	1	1
ENSG00000181218	H2AW	frontal cortex	82.81800000000001	1.433185263669703	5	present_gold	82.81800000000001	1.433185263669703	5	5	5
ENSG00000181218	H2AW	fundus of stomach	70.515	4.738878207621152	4	present_gold	70.515	4.738878207621152	4	4	4
ENSG00000181218	H2AW	gall bladder	67.23	0.0	1	present_gold	67.23	0.0	1	1	1
ENSG00000181218	H2AW	ganglionic eminence	91.75999999999999	1.6263455967290572	2	present_gold	91.75999999999999	1.6263455967290572	2	2	2
ENSG00000181218	H2AW	gastrocnemius	60.31727272727273	1.7294686519800873	11	present_gold	60.31727272727273	1.7294686519800873	11	11	11
ENSG00000181218	H2AW	granulocyte	79.33	0.0	1	present_gold	79.33	0.0	1	1	1
ENSG00000181218	H2AW	heart	77.623	5.574395931399204	10	present_gold	77.623	5.574395931399204	10	10	10
ENSG00000181218	H2AW	heart left ventricle	82.88357142857144	3.2231079295106935	14	present_gold	82.88357142857144	3.2231079295106935	14	14	14
ENSG00000181218	H2AW	hindlimb stylopod muscle	64.64	5.642712113868647	2	present_gold	64.64	5.642712113868647	2	2	2
ENSG00000181218	H2AW	hypothalamus	81.35125	2.7568171994944786	8	present_gold	81.35125	2.7568171994944786	8	8	8
ENSG00000181218	H2AW	intestine	67.3975	5.535957460096671	4	present_gold	67.3975	5.535957460096671	4	4	4
ENSG00000181218	H2AW	islet of Langerhans	70.321	2.5894677702827935	10	present_gold	70.321	2.5894677702827935	10	10	10
ENSG00000181218	H2AW	kidney	66.07	5.635707586452656	4	present_gold	66.07	5.635707586452656	4	4	4
ENSG00000181218	H2AW	left adrenal gland	89.3225	1.3011176514278584	8	present_gold	89.3225	1.3011176514278584	8	8	8
ENSG00000181218	H2AW	left adrenal gland cortex	90.0725	1.0495134927329766	8	present_gold	90.0725	1.0495134927329766	8	8	8
ENSG00000181218	H2AW	left coronary artery	71.22666666666666	0.8411004696229808	9	present_gold	71.22666666666666	0.8411004696229808	9	9	9
ENSG00000181218	H2AW	left lobe of thyroid gland	60.18181818181818	1.636751772150059	11	present_gold	60.18181818181818	1.636751772150059	11	11	11
ENSG00000181218	H2AW	left ovary	77.384	5.40771023631999	5	present_gold	77.384	5.40771023631999	5	5	5
ENSG00000181218	H2AW	left testis	66.67666666666666	1.8209631151307453	6	present_gold	66.67666666666666	1.8209631151307453	6	6	6
ENSG00000181218	H2AW	left uterine tube	69.17500000000001	5.89019948728394	2	present_gold	69.17500000000001	5.89019948728394	2	2	2
ENSG00000181218	H2AW	leukocyte	77.47	0.0	1	present_gold	77.47	0.0	1	1	1
ENSG00000181218	H2AW	liver	53.722	4.950162286901982	10	present_gold	53.722	4.950162286901982	10	11	10
ENSG00000181218	H2AW	lower esophagus	70.31	0.8343860018001309	2	present_gold	70.31	0.8343860018001309	2	2	2
ENSG00000181218	H2AW	lower esophagus mucosa	81.65	0.0	1	present_gold	81.65	0.0	1	1	1
ENSG00000181218	H2AW	lower esophagus muscularis layer	69.27636363636363	2.525534686862458	11	present_gold	69.27636363636363	2.525534686862458	11	11	11
ENSG00000181218	H2AW	lung	67.73857142857143	4.330301870044892	7	present_gold	67.73857142857143	4.330301870044892	7	7	7
ENSG00000181218	H2AW	lymph node	74.685	7.785245660863882	2	present_gold	74.685	7.785245660863882	2	2	2
ENSG00000181218	H2AW	male germ line stem cell (sensu Vertebrata) in testis	92.27	0.0	1	present_gold	92.27	0.0	1	1	1
ENSG00000181218	H2AW	metanephros cortex	61.644999999999996	6.498311319104371	2	present_gold	61.644999999999996	6.498311319104371	2	2	2
ENSG00000181218	H2AW	minor salivary gland	76.551	3.7145523133870215	10	present_gold	76.551	3.7145523133870215	10	10	10
ENSG00000181218	H2AW	monocyte	75.67	0.0	1	present_gold	75.67	0.0	1	1	1
ENSG00000181218	H2AW	mucosa of stomach	78.28	0.0	1	present_gold	78.28	0.0	1	1	1
ENSG00000181218	H2AW	mucosa of transverse colon	76.51	0.0	1	present_gold	76.51	0.0	1	1	1
ENSG00000181218	H2AW	multicellular organism	74.59	0.0	1	present_gold	74.59	0.0	1	1	1
ENSG00000181218	H2AW	muscle layer of sigmoid colon	70.88909090909091	2.7835964310418815	11	present_gold	70.88909090909091	2.7835964310418815	11	11	11
ENSG00000181218	H2AW	muscle of leg	55.075	0.5868986283848383	2	present_gold	55.075	0.5868986283848383	2	2	2
ENSG00000181218	H2AW	muscle tissue	52.13	0.0	1	present_gold	52.13	0.0	1	1	1
ENSG00000181218	H2AW	myometrium	72.36428571428571	2.7770599389933803	7	present_gold	72.36428571428571	2.7770599389933803	7	7	7
ENSG00000181218	H2AW	nucleus accumbens	85.35333333333334	1.8747266467407981	9	present_gold	85.35333333333334	1.8747266467407981	9	9	9
ENSG00000181218	H2AW	olfactory segment of nasal mucosa	82.49	0.0	1	present_gold	82.49	0.0	1	1	1
ENSG00000181218	H2AW	omental fat pad	72.72090909090909	1.442313797656075	11	present_gold	72.72090909090909	1.442313797656075	11	11	11
ENSG00000181218	H2AW	ovary	77.035	2.597864507629293	4	present_gold	77.035	2.597864507629293	4	4	4
ENSG00000181218	H2AW	pancreas	67.335	0.33234018715767655	2	present_gold	67.335	0.33234018715767655	2	2	2
ENSG00000181218	H2AW	pituitary gland	80.308	3.1818226782075025	10	present_gold	80.308	3.1818226782075025	10	10	10
ENSG00000181218	H2AW	placenta	71.82	0.0	1	present_gold	71.82	0.0	1	1	1
ENSG00000181218	H2AW	popliteal artery	67.8	0.0	1	present_gold	67.8	0.0	1	1	1
ENSG00000181218	H2AW	prefrontal cortex	84.11285714285714	2.5823420525156013	7	present_gold	84.11285714285714	2.5823420525156013	7	7	7
ENSG00000181218	H2AW	primary visual cortex	81.9	0.2969848480983512	2	present_gold	81.9	0.2969848480983512	2	2	2
ENSG00000181218	H2AW	primordial germ cell in gonad	87.57	0.0	1	present_gold	87.57	0.0	1	1	1
ENSG00000181218	H2AW	prostate gland	76.13555555555556	1.5077724555707264	9	present_gold	76.13555555555556	1.5077724555707264	9	9	9
ENSG00000181218	H2AW	putamen	84.64375	2.4380140483598565	8	present_gold	84.64375	2.4380140483598565	8	8	8
ENSG00000181218	H2AW	rectum	65.8	0.0	1	present_gold	65.8	0.0	1	1	1
ENSG00000181218	H2AW	right adrenal gland	90.36	2.8918851982746454	5	present_gold	90.36	2.8918851982746454	5	5	5
ENSG00000181218	H2AW	right adrenal gland cortex	88.76333333333334	2.224911983277845	3	present_gold	88.76333333333334	2.224911983277845	3	3	3
ENSG00000181218	H2AW	right atrium auricular region	78.41090909090909	1.1904071114157078	11	present_gold	78.41090909090909	1.1904071114157078	11	11	11
ENSG00000181218	H2AW	right coronary artery	69.66999999999999	3.8325187540310885	2	present_gold	69.66999999999999	3.8325187540310885	2	2	2
ENSG00000181218	H2AW	right frontal lobe	82.72111111111111	0.7003828318220776	9	present_gold	82.72111111111111	0.7003828318220776	9	9	9
ENSG00000181218	H2AW	right hemisphere of cerebellum	93.55222222222223	0.9816411994432849	9	present_gold	93.55222222222223	0.9816411994432849	9	9	9
ENSG00000181218	H2AW	right lobe of liver	56.77375	2.635623740217864	8	present_gold	56.77375	2.635623740217864	8	9	8
ENSG00000181218	H2AW	right lobe of thyroid gland	59.1375	4.12979331893775	8	present_gold	59.1375	4.12979331893775	8	8	8
ENSG00000181218	H2AW	right lung	65.35	2.8708535316173793	2	present_gold	65.35	2.8708535316173793	2	2	2
ENSG00000181218	H2AW	right ovary	80.92	1.9300906714452566	5	present_gold	80.92	1.9300906714452566	5	5	5
ENSG00000181218	H2AW	right testis	67.02799999999999	2.369603342333905	5	present_gold	67.02799999999999	2.369603342333905	5	5	5
ENSG00000181218	H2AW	right uterine tube	75.31	0.0	1	present_gold	75.31	0.0	1	1	1
ENSG00000181218	H2AW	saliva-secreting gland	76.51	0.0	1	present_gold	76.51	0.0	1	1	1
ENSG00000181218	H2AW	skeletal muscle tissue	48.925	1.2374368670764582	2	present_gold	48.925	1.2374368670764582	2	4	2
ENSG00000181218	H2AW	skin of abdomen	82.726	0.6601548639860529	10	present_gold	82.726	0.6601548639860529	10	10	10
ENSG00000181218	H2AW	skin of leg	81.7625	2.0355393522468317	12	present_gold	81.7625	2.0355393522468317	12	12	12
ENSG00000181218	H2AW	small intestine	70.11500000000001	0.3040559159102102	2	present_gold	70.11500000000001	0.3040559159102102	2	2	2
ENSG00000181218	H2AW	small intestine Peyer's patch	70.89636363636363	2.343118745293429	11	present_gold	70.89636363636363	2.343118745293429	11	11	11
ENSG00000181218	H2AW	smooth muscle tissue	60.84	0.0	1	present_gold	60.84	0.0	1	1	1
ENSG00000181218	H2AW	spleen	79.5390909090909	1.2605669720046988	11	present_gold	79.5390909090909	1.2605669720046988	11	11	11
ENSG00000181218	H2AW	stomach	70.94833333333334	4.124846737281349	12	present_gold	70.94833333333334	4.124846737281349	12	12	12
ENSG00000181218	H2AW	stromal cell of endometrium	73.74	0.0	1	present_gold	73.74	0.0	1	1	1
ENSG00000181218	H2AW	subcutaneous adipose tissue	65.52	3.2726358573091283	12	present_gold	65.52	3.2726358573091283	12	12	12
ENSG00000181218	H2AW	substantia nigra	77.14444444444445	1.98210816500457	9	present_gold	77.14444444444445	1.98210816500457	9	9	9
ENSG00000181218	H2AW	superior frontal gyrus	78.625	0.1626345596728987	2	present_gold	78.625	0.1626345596728987	2	2	2
ENSG00000181218	H2AW	sural nerve	0.0	0.0	0	observed_zero	0.0	0.0	0	3	0
ENSG00000181218	H2AW	temporal lobe	90.06	0.0	1	present_gold	90.06	0.0	1	1	1
ENSG00000181218	H2AW	testis	65.33375	2.7398171862892067	8	present_gold	65.33375	2.7398171862892067	8	8	8
ENSG00000181218	H2AW	thoracic aorta	67.15333333333334	1.4264594865143099	6	present_gold	67.15333333333334	1.4264594865143099	6	6	6
ENSG00000181218	H2AW	thoracic mammary gland	72.41166666666666	4.815720154458791	12	present_gold	72.41166666666666	4.815720154458791	12	12	12
ENSG00000181218	H2AW	thyroid gland	59.91692307692308	1.493303857309828	13	present_gold	59.91692307692308	1.493303857309828	13	13	13
ENSG00000181218	H2AW	tibial artery	70.47090909090909	2.687312615031805	11	present_gold	70.47090909090909	2.687312615031805	11	11	11
ENSG00000181218	H2AW	tibial nerve	73.72545454545455	3.323008768078604	11	present_gold	73.72545454545455	3.323008768078604	11	11	11
ENSG00000181218	H2AW	tonsil	66.62666666666667	1.3465635274034926	3	present_gold	66.62666666666667	1.3465635274034926	3	3	3
ENSG00000181218	H2AW	transverse colon	72.975	2.0495162030749263	10	present_gold	72.975	2.0495162030749263	10	10	10
ENSG00000181218	H2AW	upper lobe of left lung	67.32000000000001	2.0483442790981896	8	present_gold	67.32000000000001	2.0483442790981896	8	8	8
ENSG00000181218	H2AW	urinary bladder	69.31833333333334	1.9023082470164152	6	present_gold	69.31833333333334	1.9023082470164152	6	6	6
ENSG00000181218	H2AW	uterine cervix	76.69	0.0	1	present_gold	76.69	0.0	1	1	1
ENSG00000181218	H2AW	vagina	83.386	1.8676536081404391	5	present_gold	83.386	1.8676536081404391	5	5	5
ENSG00000181218	H2AW	ventricular zone	85.96000000000001	0.09899494936611705	2	present_gold	85.96000000000001	0.09899494936611705	2	2	2
ENSG00000181218	H2AW	vermiform appendix	64.69	0.0	1	present_gold	64.69	0.0	1	1	1
ENSG00000181218	H2AW	zone of skin	81.97	0.056568542494922595	2	present_gold	81.97	0.056568542494922595	2	2	2
ENSG00000184260	H2AC20	Ammon's horn	55.035	5.950750252819267	8	present_gold	55.035	5.950750252819267	8	8	8
ENSG00000184260	H2AC20	Brodmann (1909) area 9	52.06625	6.044870168758205	8	present_gold	52.06625	6.044870168758205	8	8	8
ENSG00000184260	H2AC20	C1 segment of cervical spinal cord	63.68222222222222	5.758625655870021	9	present_gold	63.68222222222222	5.758625655870021	9	9	9
ENSG00000184260	H2AC20	adenohypophysis	67.59833333333334	4.338457867337965	6	present_gold	67.59833333333334	4.338457867337965	6	6	6
ENSG00000184260	H2AC20	adipose tissue	64.89999999999999	2.0788458336298064	3	present_gold	64.89999999999999	2.0788458336298064	3	3	3
ENSG00000184260	H2AC20	adrenal gland	72.58333333333333	4.267251262034298	3	present_gold	72.58333333333333	4.267251262034298	3	3	3
ENSG00000184260	H2AC20	adrenal tissue	94.41000000000001	0.36166282640050873	3	present_gold	94.41000000000001	0.36166282640050873	3	3	3
ENSG00000184260	H2AC20	adult mammalian kidney	66.4709090909091	13.426639530832318	11	present_gold	66.4709090909091	13.426639530832318	11	11	11
ENSG00000184260	H2AC20	amygdala	55.83428571428571	4.533761709452234	7	present_gold	55.83428571428571	4.533761709452234	7	8	7
ENSG00000184260	H2AC20	anterior cingulate cortex	52.69428571428572	5.447139485218693	7	present_gold	52.69428571428572	5.447139485218693	7	9	7
ENSG00000184260	H2AC20	apex of heart	55.56	0.0	1	present_gold	55.56	0.0	1	1	1
ENSG00000184260	H2AC20	ascending aorta	62.404999999999994	2.2874354878577687	10	present_gold	62.404999999999994	2.2874354878577687	10	10	10
ENSG00000184260	H2AC20	blood	83.72625000000001	3.692018192443439	16	present_gold	83.72625000000001	3.692018192443439	16	16	16
ENSG00000184260	H2AC20	body of pancreas	59.760000000000005	3.644819763871886	10	present_gold	59.760000000000005	3.644819763871886	10	10	10
ENSG00000184260	H2AC20	body of stomach	61.36181818181819	2.6435234751438017	11	present_gold	61.36181818181819	2.6435234751438017	11	11	11
ENSG00000184260	H2AC20	body of uterus	63.688	1.5039182158614897	5	present_gold	63.688	1.5039182158614897	5	5	5
ENSG00000184260	H2AC20	bone marrow	83.8	0.0	1	present_gold	83.8	0.0	1	1	1
ENSG00000184260	H2AC20	bone marrow cell	99.21	0.0	1	present_gold	99.21	0.0	1	1	1
ENSG00000184260	H2AC20	brain	51.86333333333334	0.5870547958524253	3	present_gold	51.86333333333334	0.5870547958524253	3	4	3
ENSG00000184260	H2AC20	calcaneal tendon	99.582	0.12696456198483141	5	present_gold	99.582	0.12696456198483141	5	5	5
ENSG00000184260	H2AC20	caudate nucleus	53.43888888888889	5.401734546524026	9	present_gold	53.43888888888889	5.401734546524026	9	9	9
ENSG00000184260	H2AC20	cerebellar cortex	52.55	2.630437226013956	2	present_gold	52.55	2.630437226013956	2	2	2
ENSG00000184260	H2AC20	cerebellar hemisphere	51.833333333333336	2.37056955181661	9	present_gold	51.833333333333336	2.37056955181661	9	10	9
ENSG00000184260	H2AC20	cerebellum	56.04	9.006014656883476	3	present_gold	56.04	9.006014656883476	3	3	3
ENSG00000184260	H2AC20	cerebral cortex	48.25	0.0	1	present_gold	48.25	0.0	1	1	1
ENSG00000184260	H2AC20	colon	75.327	16.433204901458915	10	present_gold	75.327	16.433204901458915	10	10	10
ENSG00000184260	H2AC20	colonic epithelium	97.04	0.0	1	present_gold	97.04	0.0	1	1	1
ENSG00000184260	H2AC20	corpus callosum	97.0825	1.0597916461896313	4	present_gold	97.0825	1.0597916461896313	4	4	4
ENSG00000184260	H2AC20	cortex of kidney	62.19	1.5414927829866734	2	present_gold	62.19	1.5414927829866734	2	2	2
ENSG00000184260	H2AC20	cortical plate	0.0	0.0	0	observed_zero	0.0	0.0	0	2	0
ENSG00000184260	H2AC20	descending thoracic aorta	61.15	1.9315278926280108	3	present_gold	61.15	1.9315278926280108	3	3	3
ENSG00000184260	H2AC20	dorsolateral prefrontal cortex	50.6975	4.136875114659096	8	present_gold	50.6975	4.136875114659096	8	11	8
ENSG00000184260	H2AC20	duodenum	41.72	0.0	1	present_gold	41.72	0.0	1	1	1
ENSG00000184260	H2AC20	ectocervix	73.144	3.6782373496010305	5	present_gold	73.144	3.6782373496010305	5	5	5
ENSG00000184260	H2AC20	endocervix	69.17333333333333	4.94057014253753	3	present_gold	69.17333333333333	4.94057014253753	3	3	3
ENSG00000184260	H2AC20	endometrium	52.605000000000004	0.19091883092037004	2	present_gold	52.605000000000004	0.19091883092037004	2	2	2
ENSG00000184260	H2AC20	esophagogastric junction muscularis propria	64.77454545454545	1.6362173672001163	11	present_gold	64.77454545454545	1.6362173672001163	11	11	11
ENSG00000184260	H2AC20	esophagus	63.4125	0.27512118541956543	4	present_gold	63.4125	0.27512118541956543	4	4	4
ENSG00000184260	H2AC20	esophagus mucosa	63.3	1.3393804537919753	11	present_gold	63.3	1.3393804537919753	11	11	11
ENSG00000184260	H2AC20	fallopian tube	54.78	0.0	1	present_gold	54.78	0.0	1	1	1
ENSG00000184260	H2AC20	frontal cortex	47.019999999999996	6.75194416446108	5	present_gold	47.019999999999996	6.75194416446108	5	5	5
ENSG00000184260	H2AC20	fundus of stomach	62.95	6.518026286128852	4	present_gold	62.95	6.518026286128852	4	4	4
ENSG00000184260	H2AC20	gall bladder	41.34	0.0	1	present_gold	41.34	0.0	1	1	1
ENSG00000184260	H2AC20	ganglionic eminence	65.775	0.4171930009000554	2	present_gold	65.775	0.4171930009000554	2	2	2
ENSG00000184260	H2AC20	gastrocnemius	58.73090909090909	2.8321562617392932	11	present_gold	58.73090909090909	2.8321562617392932	11	11	11
ENSG00000184260	H2AC20	granulocyte	75.45	0.0	1	present_gold	75.45	0.0	1	1	1
ENSG00000184260	H2AC20	heart	72.94800000000001	17.88670940484396	10	present_gold	72.94800000000001	17.88670940484396	10	10	10
ENSG00000184260	H2AC20	heart left ventricle	64.06	3.0240726486999914	14	present_gold	64.06	3.0240726486999914	14	14	14
ENSG00000184260	H2AC20	hindlimb stylopod muscle	67.44500000000001	14.474475810888631	2	present_gold	67.44500000000001	14.474475810888631	2	2	2
ENSG00000184260	H2AC20	hypothalamus	52.8125	5.154043488923457	8	present_gold	52.8125	5.154043488923457	8	8	8
ENSG00000184260	H2AC20	intestine	89.3475	16.192307587246482	4	present_gold	89.3475	16.192307587246482	4	4	4
ENSG00000184260	H2AC20	islet of Langerhans	55.12	8.456343772576892	9	present_gold	55.12	8.456343772576892	9	10	9
ENSG00000184260	H2AC20	kidney	90.8075	14.775604612558727	4	present_gold	90.8075	14.775604612558727	4	4	4
ENSG00000184260	H2AC20	left adrenal gland	69.74875	1.5116919329016743	8	present_gold	69.74875	1.5116919329016743	8	8	8
ENSG00000184260	H2AC20	left adrenal gland cortex	70.67125	2.6888045006763037	8	present_gold	70.67125	2.6888045006763037	8	8	8
ENSG00000184260	H2AC20	left coronary artery	64.58777777777777	2.226324200210842	9	present_gold	64.58777777777777	2.226324200210842	9	9	9
ENSG00000184260	H2AC20	left lobe of thyroid gland	59.58818181818182	2.8066414740105943	11	present_gold	59.58818181818182	2.8066414740105943	11	11	11
ENSG00000184260	H2AC20	left ovary	70.468	1.0746022519983838	5	present_gold	70.468	1.0746022519983838	5	5	5
ENSG00000184260	H2AC20	left testis	47.04833333333334	1.3230633645697658	6	present_gold	47.04833333333334	1.3230633645697658	6	6	6
ENSG00000184260	H2AC20	left uterine tube	67.56	8.51356564548603	2	present_gold	67.56	8.51356564548603	2	2	2
ENSG00000184260	H2AC20	leukocyte	66.59	0.0	1	present_gold	66.59	0.0	1	1	1
ENSG00000184260	H2AC20	liver	66.07636363636364	4.931120101411589	11	present_gold	66.07636363636364	4.931120101411589	11	11	11
ENSG00000184260	H2AC20	lower esophagus	62.585	0.4879036790187162	2	present_gold	62.585	0.4879036790187162	2	2	2
ENSG00000184260	H2AC20	lower esophagus mucosa	69.74	0.0	1	present_gold	69.74	0.0	1	1	1
ENSG00000184260	H2AC20	lower esophagus muscularis layer	63.21272727272728	1.471129436243399	11	present_gold	63.21272727272728	1.471129436243399	11	11	11
ENSG00000184260	H2AC20	lung	78.79285714285713	14.439628012620586	7	present_gold	78.79285714285713	14.439628012620586	7	7	7
ENSG00000184260	H2AC20	lymph node	50.565	5.635641046056783	2	present_gold	50.565	5.635641046056783	2	2	2
ENSG00000184260	H2AC20	male germ line stem cell (sensu Vertebrata) in testis	0.0	0.0	0	observed_zero	0.0	0.0	0	1	0
ENSG00000184260	H2AC20	metanephros cortex	54.815	1.1525840533340743	2	present_gold	54.815	1.1525840533340743	2	2	2
ENSG00000184260	H2AC20	minor salivary gland	58.24499999999999	2.20191961706144	10	present_gold	58.24499999999999	2.20191961706144	10	10	10
ENSG00000184260	H2AC20	monocyte	75.1	0.0	1	present_gold	75.1	0.0	1	1	1
ENSG00000184260	H2AC20	mucosa of stomach	69.95	0.0	1	present_gold	69.95	0.0	1	1	1
ENSG00000184260	H2AC20	mucosa of transverse colon	72.7	0.0	1	present_gold	72.7	0.0	1	1	1
ENSG00000184260	H2AC20	multicellular organism	62.75	0.0	1	present_gold	62.75	0.0	1	1	1
ENSG00000184260	H2AC20	muscle layer of sigmoid colon	65.4890909090909	2.128339514952699	11	present_gold	65.4890909090909	2.128339514952699	11	11	11
ENSG00000184260	H2AC20	muscle of leg	54.205	5.536646096690666	2	present_gold	54.205	5.536646096690666	2	2	2
ENSG00000184260	H2AC20	muscle tissue	64.74	0.0	1	present_gold	64.74	0.0	1	1	1
ENSG00000184260	H2AC20	myometrium	63.34142857142857	2.7123017812147956	7	present_gold	63.34142857142857	2.7123017812147956	7	7	7
ENSG00000184260	H2AC20	nucleus accumbens	53.492222222222225	3.5232789336702313	9	present_gold	53.492222222222225	3.5232789336702313	9	9	9
ENSG00000184260	H2AC20	olfactory segment of nasal mucosa	65.4	0.0	1	present_gold	65.4	0.0	1	1	1
ENSG00000184260	H2AC20	omental fat pad	68.49909090909091	2.2002520516770545	11	present_gold	68.49909090909091	2.2002520516770545	11	11	11
ENSG00000184260	H2AC20	ovary	68.4475	0.890594370818353	4	present_gold	68.4475	0.890594370818353	4	4	4
ENSG00000184260	H2AC20	pancreas	58.03	1.03237590053236	2	present_gold	58.03	1.03237590053236	2	2	2
ENSG00000184260	H2AC20	pituitary gland	65.47	2.068681813243507	10	present_gold	65.47	2.068681813243507	10	10	10
ENSG00000184260	H2AC20	placenta	59.84	0.0	1	present_gold	59.84	0.0	1	1	1
ENSG00000184260	H2AC20	popliteal artery	63.65	0.0	1	present_gold	63.65	0.0	1	1	1
ENSG00000184260	H2AC20	prefrontal cortex	44.974000000000004	4.354047542230102	5	present_gold	44.974000000000004	4.354047542230102	5	7	5
ENSG00000184260	H2AC20	primary visual cortex	61.18	1.4707821048680176	2	present_gold	61.18	1.4707821048680176	2	2	2
ENSG00000184260	H2AC20	primordial germ cell in gonad	85.69	0.0	1	present_gold	85.69	0.0	1	1	1
ENSG00000184260	H2AC20	prostate gland	65.37	1.1700747839347723	9	present_gold	65.37	1.1700747839347723	9	9	9
ENSG00000184260	H2AC20	putamen	53.58625	5.869494837109675	8	present_gold	53.58625	5.869494837109675	8	8	8
ENSG00000184260	H2AC20	rectum	41.57	0.0	1	present_gold	41.57	0.0	1	1	1
ENSG00000184260	H2AC20	right adrenal gland	71.47200000000001	3.445674099505061	5	present_gold	71.47200000000001	3.445674099505061	5	5	5
ENSG00000184260	H2AC20	right adrenal gland cortex	69.75666666666666	1.7653989162037378	3	present_gold	69.75666666666666	1.7653989162037378	3	3	3
ENSG00000184260	H2AC20	right atrium auricular region	64.56727272727272	2.163761035369161	11	present_gold	64.56727272727272	2.163761035369161	11	11	11
ENSG00000184260	H2AC20	right coronary artery	52.96	6.972072862499358	2	present_gold	52.96	6.972072862499358	2	2	2
ENSG00000184260	H2AC20	right frontal lobe	46.73625	7.12978047648433	8	present_gold	46.73625	7.12978047648433	8	9	8
ENSG00000184260	H2AC20	right hemisphere of cerebellum	51.95625	2.848508068144746	8	present_gold	51.95625	2.848508068144746	8	9	8
ENSG00000184260	H2AC20	right lobe of liver	66.19	3.477304990937666	9	present_gold	66.19	3.477304990937666	9	9	9
ENSG00000184260	H2AC20	right lobe of thyroid gland	58.31	2.072734563669109	8	present_gold	58.31	2.072734563669109	8	8	8
ENSG00000184260	H2AC20	right lung	69.775	6.851864709697644	2	present_gold	69.775	6.851864709697644	2	2	2
ENSG00000184260	H2AC20	right ovary	68.184	2.23776227513112	5	present_gold	68.184	2.23776227513112	5	5	5
ENSG00000184260	H2AC20	right testis	45.546	1.7999805554505293	5	present_gold	45.546	1.7999805554505293	5	5	5
ENSG00000184260	H2AC20	right uterine tube	56.74	0.0	1	present_gold	56.74	0.0	1	1	1
ENSG00000184260	H2AC20	saliva-secreting gland	57.03	0.0	1	present_gold	57.03	0.0	1	1	1
ENSG00000184260	H2AC20	skeletal muscle tissue	56.27	14.009421829611671	3	present_gold	56.27	14.009421829611671	3	4	3
ENSG00000184260	H2AC20	skin of abdomen	66.564	5.65705302157306	10	present_gold	66.564	5.65705302157306	10	10	10
ENSG00000184260	H2AC20	skin of leg	59.9925	4.714093232001251	12	present_gold	59.9925	4.714093232001251	12	12	12
ENSG00000184260	H2AC20	small intestine	62.504999999999995	1.3505739520663085	2	present_gold	62.504999999999995	1.3505739520663085	2	2	2
ENSG00000184260	H2AC20	small intestine Peyer's patch	63.821000000000005	1.8072904827085479	10	present_gold	63.821000000000005	1.8072904827085479	10	11	10
ENSG00000184260	H2AC20	smooth muscle tissue	49.06	0.0	1	present_gold	49.06	0.0	1	1	1
ENSG00000184260	H2AC20	spleen	68.82090909090908	3.5150887742572148	11	present_gold	68.82090909090908	3.5150887742572148	11	11	11
ENSG00000184260	H2AC20	stomach	80.34083333333334	16.927454009461204	12	present_gold	80.34083333333334	16.927454009461204	12	12	12
ENSG00000184260	H2AC20	stromal cell of endometrium	48.92	0.0	1	present_gold	48.92	0.0	1	1	1
ENSG00000184260	H2AC20	subcutaneous adipose tissue	63.93	2.987187792739337	12	present_gold	63.93	2.987187792739337	12	12	12
ENSG00000184260	H2AC20	substantia nigra	56.87875	4.612701215123303	8	present_gold	56.87875	4.612701215123303	8	9	8
ENSG00000184260	H2AC20	superior frontal gyrus	47.94	16.41901945915163	2	present_gold	47.94	16.41901945915163	2	2	2
ENSG00000184260	H2AC20	sural nerve	95.11333333333334	3.5222483349890776	3	present_gold	95.11333333333334	3.5222483349890776	3	3	3
ENSG00000184260	H2AC20	temporal lobe	0.0	0.0	0	observed_zero	0.0	0.0	0	1	0
ENSG00000184260	H2AC20	testis	47.2325	7.472832222696521	8	present_gold	47.2325	7.472832222696521	8	8	8
ENSG00000184260	H2AC20	thoracic aorta	62.413333333333334	1.6647482292126525	6	present_gold	62.413333333333334	1.6647482292126525	6	6	6
ENSG00000184260	H2AC20	thoracic mammary gland	65.89916666666666	4.246075103890509	12	present_gold	65.89916666666666	4.246075103890509	12	12	12
ENSG00000184260	H2AC20	thyroid gland	59.6576923076923	1.688713286529886	13	present_gold	59.6576923076923	1.688713286529886	13	13	13
ENSG00000184260	H2AC20	tibial artery	64.935	3.9995978964557595	10	present_gold	64.935	3.9995978964557595	10	11	10
ENSG00000184260	H2AC20	tibial nerve	65.54636363636364	4.6480324283018355	11	present_gold	65.54636363636364	4.6480324283018355	11	11	11
ENSG00000184260	H2AC20	tonsil	59.81666666666666	17.805651724475954	3	present_gold	59.81666666666666	17.805651724475954	3	3	3
ENSG00000184260	H2AC20	transverse colon	63.859	1.0078850243069477	10	present_gold	63.859	1.0078850243069477	10	10	10
ENSG00000184260	H2AC20	upper lobe of left lung	63.37125	2.6906156358722084	8	present_gold	63.37125	2.6906156358722084	8	8	8
ENSG00000184260	H2AC20	urinary bladder	66.06833333333333	5.4136250947647495	6	present_gold	66.06833333333333	5.4136250947647495	6	6	6
ENSG00000184260	H2AC20	uterine cervix	75.66	0.0	1	present_gold	75.66	0.0	1	1	1
ENSG00000184260	H2AC20	vagina	66.766	0.8677153911277565	5	present_gold	66.766	0.8677153911277565	5	5	5
ENSG00000184260	H2AC20	ventricular zone	55.165	6.993286065934956	2	present_gold	55.165	6.993286065934956	2	2	2
ENSG00000184260	H2AC20	vermiform appendix	43.81	0.0	1	present_gold	43.81	0.0	1	1	1
ENSG00000184260	H2AC20	zone of skin	63.715	0.2757716446627489	2	present_gold	63.715	0.2757716446627489	2	2	2
ENSG00000184270	H2AC21	Ammon's horn	44.63	0.0	1	present_gold	44.63	0.0	1	8	1
ENSG00000184270	H2AC21	Brodmann (1909) area 9	35.14	10.967346990042763	3	present_gold	35.14	10.967346990042763	3	8	3
ENSG00000184270	H2AC21	C1 segment of cervical spinal cord	43.75	11.719475244224887	7	present_gold	43.75	11.719475244224887	7	9	7
ENSG00000184270	H2AC21	adenohypophysis	41.25	0.0	1	present_gold	41.25	0.0	1	6	1
ENSG00000184270	H2AC21	adipose tissue	39.894999999999996	0.2050609665440982	2	present_gold	39.894999999999996	0.2050609665440982	2	3	2
ENSG00000184270	H2AC21	adrenal gland	44.41	14.466723886215565	3	present_gold	44.41	14.466723886215565	3	3	3
ENSG00000184270	H2AC21	adrenal tissue	87.48	3.073694844970792	3	present_gold	87.48	3.073694844970792	3	3	3
ENSG00000184270	H2AC21	adult mammalian kidney	55.052	19.175994628701794	5	present_gold	55.052	19.175994628701794	5	11	5
ENSG00000184270	H2AC21	amygdala	29.64	0.0	1	present_gold	29.64	0.0	1	8	1
ENSG00000184270	H2AC21	anterior cingulate cortex	32.98	5.773482484601472	3	present_gold	32.98	5.773482484601472	3	9	3
ENSG00000184270	H2AC21	apex of heart	0.0	0.0	0	observed_zero	0.0	0.0	0	1	0
ENSG00000184270	H2AC21	ascending aorta	39.96142857142858	2.982417523706948	7	present_gold	39.96142857142858	2.982417523706948	7	10	7
ENSG00000184270	H2AC21	blood	57.580000000000005	5.130264543443573	15	present_gold	57.580000000000005	5.130264543443573	15	16	15
ENSG00000184270	H2AC21	body of pancreas	36.29	13.896200919675854	3	present_gold	36.29	13.896200919675854	3	10	3
ENSG00000184270	H2AC21	body of stomach	34.77	3.513228063842629	8	present_gold	34.77	3.513228063842629	8	11	8
ENSG00000184270	H2AC21	body of uterus	34.07	0.0	1	present_gold	34.07	0.0	1	5	1
ENSG00000184270	H2AC21	bone marrow	68.21	0.0	1	present_gold	68.21	0.0	1	1	1
ENSG00000184270	H2AC21	bone marrow cell	97.24	0.0	1	present_gold	97.24	0.0	1	1	1
ENSG00000184270	H2AC21	brain	30.16	0.6000833275471	3	present_gold	30.16	0.6000833275471	3	4	3
ENSG00000184270	H2AC21	calcaneal tendon	97.718	0.9622733499375301	5	present_gold	97.718	0.9622733499375301	5	5	5
ENSG00000184270	H2AC21	caudate nucleus	38.0375	7.899355986408008	4	present_gold	38.0375	7.899355986408008	4	9	4
ENSG00000184270	H2AC21	cerebellar cortex	36.06	1.0465180361560882	2	present_gold	36.06	1.0465180361560882	2	2	2
ENSG00000184270	H2AC21	cerebellar hemisphere	36.20333333333333	2.6950386515471974	3	present_gold	36.20333333333333	2.6950386515471974	3	10	3
ENSG00000184270	H2AC21	cerebellum	34.765	1.5768481220460038	2	present_gold	34.765	1.5768481220460038	2	3	2
ENSG00000184270	H2AC21	cerebral cortex	28.97	0.0	1	present_gold	28.97	0.0	1	1	1
ENSG00000184270	H2AC21	colon	58.904444444444444	28.552324384851364	9	present_gold	58.904444444444444	28.552324384851364	9	10	9
ENSG00000184270	H2AC21	colonic epithelium	86.13	0.0	1	present_gold	86.13	0.0	1	1	1
ENSG00000184270	H2AC21	corpus callosum	89.115	2.234942206560761	4	present_gold	89.115	2.234942206560761	4	4	4
ENSG00000184270	H2AC21	cortex of kidney	44.31	0.0	1	present_gold	44.31	0.0	1	2	1
ENSG00000184270	H2AC21	cortical plate	0.0	0.0	0	observed_zero	0.0	0.0	0	2	0
ENSG00000184270	H2AC21	descending thoracic aorta	48.535	3.7547370081005638	2	present_gold	48.535	3.7547370081005638	2	3	2
ENSG00000184270	H2AC21	dorsolateral prefrontal cortex	38.29	8.800460215238747	3	present_gold	38.29	8.800460215238747	3	11	3
ENSG00000184270	H2AC21	duodenum	0.0	0.0	0	observed_zero	0.0	0.0	0	1	0
ENSG00000184270	H2AC21	ectocervix	52.193333333333335	10.25078696165974	3	present_gold	52.193333333333335	10.25078696165974	3	5	3
ENSG00000184270	H2AC21	endocervix	50.185	11.165216074935586	2	present_gold	50.185	11.165216074935586	2	3	2
ENSG00000184270	H2AC21	endometrium	31.15	0.0	1	present_gold	31.15	0.0	1	2	1
ENSG00000184270	H2AC21	esophagogastric junction muscularis propria	37.02625	3.011999513849325	8	present_gold	37.02625	3.011999513849325	8	11	8
ENSG00000184270	H2AC21	esophagus	34.58	1.6848936662788763	4	present_gold	34.58	1.6848936662788763	4	4	4
ENSG00000184270	H2AC21	esophagus mucosa	35.809999999999995	3.64476336680449	7	present_gold	35.809999999999995	3.64476336680449	7	11	7
ENSG00000184270	H2AC21	fallopian tube	30.57	0.0	1	present_gold	30.57	0.0	1	1	1
ENSG00000184270	H2AC21	frontal cortex	37.56	9.248956697920043	2	present_gold	37.56	9.248956697920043	2	5	2
ENSG00000184270	H2AC21	fundus of stomach	53.89	0.0	1	present_gold	53.89	0.0	1	4	1
ENSG00000184270	H2AC21	gall bladder	0.0	0.0	0	observed_zero	0.0	0.0	0	1	0
ENSG00000184270	H2AC21	ganglionic eminence	45.709999999999994	1.0889444430272825	2	present_gold	45.709999999999994	1.0889444430272825	2	2	2
ENSG00000184270	H2AC21	gastrocnemius	42.592222222222226	4.670384828303171	9	present_gold	42.592222222222226	4.670384828303171	9	11	9
ENSG00000184270	H2AC21	granulocyte	68.06	0.0	1	present_gold	68.06	0.0	1	1	1
ENSG00000184270	H2AC21	heart	67.00399999999999	31.983775261841746	5	present_gold	67.00399999999999	31.983775261841746	5	10	5
ENSG00000184270	H2AC21	heart left ventricle	31.7	0.0	1	present_gold	31.7	0.0	1	14	1
ENSG00000184270	H2AC21	hindlimb stylopod muscle	60.59	0.0	1	present_gold	60.59	0.0	1	2	1
ENSG00000184270	H2AC21	hypothalamus	36.696666666666665	7.733158043990395	3	present_gold	36.696666666666665	7.733158043990395	3	8	3
ENSG00000184270	H2AC21	intestine	81.23	26.95225531688706	4	present_gold	81.23	26.95225531688706	4	4	4
ENSG00000184270	H2AC21	islet of Langerhans	40.24857142857143	7.535350972961663	7	present_gold	40.24857142857143	7.535350972961663	7	10	7
ENSG00000184270	H2AC21	kidney	83.64	24.704732340181305	4	present_gold	83.64	24.704732340181305	4	4	4
ENSG00000184270	H2AC21	left adrenal gland	30.679999999999996	2.6250142856754133	3	present_gold	30.679999999999996	2.6250142856754133	3	8	3
ENSG00000184270	H2AC21	left adrenal gland cortex	42.4975	7.345753308318122	4	present_gold	42.4975	7.345753308318122	4	8	4
ENSG00000184270	H2AC21	left coronary artery	41.815	11.076842209462647	4	present_gold	41.815	11.076842209462647	4	9	4
ENSG00000184270	H2AC21	left lobe of thyroid gland	30.9825	3.4832779102448894	4	present_gold	30.9825	3.4832779102448894	4	11	4
ENSG00000184270	H2AC21	left ovary	43.518	3.3761768318617444	5	present_gold	43.518	3.3761768318617444	5	5	5
ENSG00000184270	H2AC21	left testis	0.0	0.0	0	observed_zero	0.0	0.0	0	6	0
ENSG00000184270	H2AC21	left uterine tube	47.32	0.0	1	present_gold	47.32	0.0	1	2	1
ENSG00000184270	H2AC21	leukocyte	0.0	0.0	0	observed_zero	0.0	0.0	0	1	0
ENSG00000184270	H2AC21	liver	45.3125	7.045729709750235	8	present_gold	45.3125	7.045729709750235	8	10	8
ENSG00000184270	H2AC21	lower esophagus	33.510000000000005	1.0889444430272825	2	present_gold	33.510000000000005	1.0889444430272825	2	2	2
ENSG00000184270	H2AC21	lower esophagus mucosa	0.0	0.0	0	observed_zero	0.0	0.0	0	1	0
ENSG00000184270	H2AC21	lower esophagus muscularis layer	37.21909090909091	5.818000437513656	11	present_gold	37.21909090909091	5.818000437513656	11	11	11
ENSG00000184270	H2AC21	lung	63.714285714285715	23.98771828606107	7	present_gold	63.714285714285715	23.98771828606107	7	7	7
ENSG00000184270	H2AC21	lymph node	53.25	0.0	1	present_gold	53.25	0.0	1	2	1
ENSG00000184270	H2AC21	male germ line stem cell (sensu Vertebrata) in testis	0.0	0.0	0	observed_zero	0.0	0.0	0	1	0
ENSG00000184270	H2AC21	metanephros cortex	0.0	0.0	0	observed_zero	0.0	0.0	0	2	0
ENSG00000184270	H2AC21	minor salivary gland	34.775	0.02121320343559723	2	present_gold	34.775	0.02121320343559723	2	10	2
ENSG00000184270	H2AC21	monocyte	51.23	0.0	1	present_gold	51.23	0.0	1	1	1
ENSG00000184270	H2AC21	mucosa of stomach	49.44	0.0	1	present_gold	49.44	0.0	1	1	1
ENSG00000184270	H2AC21	mucosa of transverse colon	0.0	0.0	0	observed_zero	0.0	0.0	0	1	0
ENSG00000184270	H2AC21	multicellular organism	38.58	0.0	1	present_gold	38.58	0.0	1	1	1
ENSG00000184270	H2AC21	muscle layer of sigmoid colon	40.92888888888889	7.358416005575596	9	present_gold	40.92888888888889	7.358416005575596	9	11	9
ENSG00000184270	H2AC21	muscle of leg	42.08	6.123544725075499	2	present_gold	42.08	6.123544725075499	2	2	2
ENSG00000184270	H2AC21	muscle tissue	45.97	0.0	1	present_gold	45.97	0.0	1	1	1
ENSG00000184270	H2AC21	myometrium	35.25	1.9938154377975899	3	present_gold	35.25	1.9938154377975899	3	7	3
ENSG00000184270	H2AC21	nucleus accumbens	39.8	0.0	1	present_gold	39.8	0.0	1	9	1
ENSG00000184270	H2AC21	olfactory segment of nasal mucosa	46.04	0.0	1	present_gold	46.04	0.0	1	1	1
ENSG00000184270	H2AC21	omental fat pad	40.743	4.228737794346362	10	present_gold	40.743	4.228737794346362	10	11	10
ENSG00000184270	H2AC21	ovary	43.875	5.082843692265186	4	present_gold	43.875	5.082843692265186	4	4	4
ENSG00000184270	H2AC21	pancreas	33.375	1.2940054095713807	2	present_gold	33.375	1.2940054095713807	2	2	2
ENSG00000184270	H2AC21	pituitary gland	30.615000000000002	1.1950104602052662	2	present_gold	30.615000000000002	1.1950104602052662	2	10	2
ENSG00000184270	H2AC21	placenta	36.91	0.0	1	present_gold	36.91	0.0	1	1	1
ENSG00000184270	H2AC21	popliteal artery	40.43	0.0	1	present_gold	40.43	0.0	1	1	1
ENSG00000184270	H2AC21	prefrontal cortex	34.7625	1.6287495203376092	4	present_gold	34.7625	1.6287495203376092	4	7	4
ENSG00000184270	H2AC21	primary visual cortex	53.3	0.0	1	present_gold	53.3	0.0	1	2	1
ENSG00000184270	H2AC21	prostate gland	34.84285714285714	3.064950865760136	7	present_gold	34.84285714285714	3.064950865760136	7	9	7
ENSG00000184270	H2AC21	putamen	36.419999999999995	9.609250751229252	3	present_gold	36.419999999999995	9.609250751229252	3	8	3
ENSG00000184270	H2AC21	rectum	38.43	0.0	1	present_gold	38.43	0.0	1	1	1
ENSG00000184270	H2AC21	right adrenal gland	46.379999999999995	1.0465180361560882	2	present_gold	46.379999999999995	1.0465180361560882	2	5	2
ENSG00000184270	H2AC21	right adrenal gland cortex	45.79	0.0	1	present_gold	45.79	0.0	1	3	1
ENSG00000184270	H2AC21	right atrium auricular region	37.19199999999999	10.550818451665254	5	present_gold	37.19199999999999	10.550818451665254	5	11	5
ENSG00000184270	H2AC21	right coronary artery	51.86	0.0	1	present_gold	51.86	0.0	1	2	1
ENSG00000184270	H2AC21	right frontal lobe	28.835	3.669884194358182	2	present_gold	28.835	3.669884194358182	2	9	2
ENSG00000184270	H2AC21	right hemisphere of cerebellum	0.0	0.0	0	observed_zero	0.0	0.0	0	9	0
ENSG00000184270	H2AC21	right lobe of liver	40.12	11.957945754462454	4	present_gold	40.12	11.957945754462454	4	9	4
ENSG00000184270	H2AC21	right lobe of thyroid gland	35.605000000000004	1.421284630184959	2	present_gold	35.605000000000004	1.421284630184959	2	8	2
ENSG00000184270	H2AC21	right lung	0.0	0.0	0	observed_zero	0.0	0.0	0	2	0
ENSG00000184270	H2AC21	right ovary	42.056666666666665	5.835703328077372	3	present_gold	42.056666666666665	5.835703328077372	3	5	3
ENSG00000184270	H2AC21	right testis	0.0	0.0	0	observed_zero	0.0	0.0	0	5	0
ENSG00000184270	H2AC21	right uterine tube	0.0	0.0	0	observed_zero	0.0	0.0	0	1	0
ENSG00000184270	H2AC21	saliva-secreting gland	29.47	0.0	1	present_gold	29.47	0.0	1	1	1
ENSG00000184270	H2AC21	skeletal muscle tissue	47.91	8.117585848021562	2	present_gold	47.91	8.117585848021562	2	4	2
ENSG00000184270	H2AC21	skin of abdomen	49.602	5.547341305125868	10	present_gold	49.602	5.547341305125868	10	10	10
ENSG00000184270	H2AC21	skin of leg	45.764545454545456	2.5476120726529916	11	present_gold	45.764545454545456	2.5476120726529916	11	12	11
ENSG00000184270	H2AC21	small intestine	36.894999999999996	1.9304015126392726	2	present_gold	36.894999999999996	1.9304015126392726	2	2	2
ENSG00000184270	H2AC21	small intestine Peyer's patch	38.53111111111111	5.375719590074533	9	present_gold	38.53111111111111	5.375719590074533	9	11	9
ENSG00000184270	H2AC21	smooth muscle tissue	0.0	0.0	0	observed_zero	0.0	0.0	0	1	0
ENSG00000184270	H2AC21	spleen	37.798	5.516141767576317	5	present_gold	37.798	5.516141767576317	5	11	5
ENSG00000184270	H2AC21	stomach	64.11749999999999	29.242042002133594	12	present_gold	64.11749999999999	29.242042002133594	12	12	12
ENSG00000184270	H2AC21	stromal cell of endometrium	0.0	0.0	0	observed_zero	0.0	0.0	0	1	0
ENSG00000184270	H2AC21	subcutaneous adipose tissue	40.051	5.073233573263593	10	present_gold	40.051	5.073233573263593	10	12	10
ENSG00000184270	H2AC21	substantia nigra	36.71	12.33194226389339	2	present_gold	36.71	12.33194226389339	2	9	2
ENSG00000184270	H2AC21	superior frontal gyrus	34.23	0.0	1	present_gold	34.23	0.0	1	2	1
ENSG00000184270	H2AC21	sural nerve	90.28	0.0	1	present_gold	90.28	0.0	1	3	1
ENSG00000184270	H2AC21	temporal lobe	0.0	0.0	0	observed_zero	0.0	0.0	0	1	0
ENSG00000184270	H2AC21	testis	0.0	0.0	0	observed_zero	0.0	0.0	0	7	0
ENSG00000184270	H2AC21	thoracic aorta	41.519999999999996	3.5429084097673207	4	present_gold	41.519999999999996	3.5429084097673207	4	6	4
ENSG00000184270	H2AC21	thoracic mammary gland	44.3275	3.404898781797444	8	present_gold	44.3275	3.404898781797444	8	12	8
ENSG00000184270	H2AC21	thyroid gland	33.52	10.34386170634546	9	present_gold	33.52	10.34386170634546	9	13	9
ENSG00000184270	H2AC21	tibial artery	42.76363636363636	6.61857427657539	11	present_gold	42.76363636363636	6.61857427657539	11	11	11
ENSG00000184270	H2AC21	tibial nerve	39.5775	6.917201643108908	8	present_gold	39.5775	6.917201643108908	8	11	8
ENSG00000184270	H2AC21	tonsil	64.77	0.0	1	present_gold	64.77	0.0	1	3	1
ENSG00000184270	H2AC21	transverse colon	38.558	2.6907033363870574	10	present_gold	38.558	2.6907033363870574	10	10	10
ENSG00000184270	H2AC21	upper lobe of left lung	38.22	1.9516147160748698	2	present_gold	38.22	1.9516147160748698	2	8	2
ENSG00000184270	H2AC21	urinary bladder	47.3575	6.049878097945445	4	present_gold	47.3575	6.049878097945445	4	6	4
ENSG00000184270	H2AC21	uterine cervix	53.21	0.0	1	present_gold	53.21	0.0	1	1	1
ENSG00000184270	H2AC21	vagina	38.31	3.557189902155914	5	present_gold	38.31	3.557189902155914	5	5	5
ENSG00000184270	H2AC21	ventricular zone	69.42	0.0	1	present_gold	69.42	0.0	1	2	1
ENSG00000184270	H2AC21	vermiform appendix	0.0	0.0	0	observed_zero	0.0	0.0	0	1	0
ENSG00000184270	H2AC21	zone of skin	47.370000000000005	0.3394112549695406	2	present_gold	47.370000000000005	0.3394112549695406	2	2	2
ENSG00000187516	H2AP	Ammon's horn	30.275	0.07778174593051983	2	present_gold	30.275	0.07778174593051983	2	23	2
ENSG00000187516	H2AP	Brodmann (1909) area 10	0.0	0.0	0	observed_zero	0.0	0.0	0	1	0
ENSG00000187516	H2AP	Brodmann (1909) area 23	0.0	0.0	0	observed_zero	0.0	0.0	0	6	0
ENSG00000187516	H2AP	Brodmann (1909) area 46	0.0	0.0	0	observed_zero	0.0	0.0	0	5	0
ENSG00000187516	H2AP	Brodmann (1909) area 9	25.42	0.0	1	present_gold	25.42	0.0	1	10	1
ENSG00000187516	H2AP	C1 segment of cervical spinal cord	0.0	0.0	0	observed_zero	0.0	0.0	0	9	0
ENSG00000187516	H2AP	CA1 field of hippocampus	0.0	0.0	0	observed_zero	0.0	0.0	0	4	0
ENSG00000187516	H2AP	adenohypophysis	0.0	0.0	0	observed_zero	0.0	0.0	0	6	0
ENSG00000187516	H2AP	adipose tissue	0.0	0.0	0	observed_zero	0.0	0.0	0	13	0
ENSG00000187516	H2AP	adipose tissue of abdominal region	0.0	0.0	0	observed_zero	0.0	0.0	0	6	0
ENSG00000187516	H2AP	adrenal cortex	44.25	0.0	1	present_gold	44.25	0.0	1	3	1
ENSG00000187516	H2AP	adrenal gland	30.02	0.12727922061357835	2	present_gold	30.02	0.12727922061357835	2	4	2
ENSG00000187516	H2AP	adrenal tissue	0.0	0.0	0	observed_zero	0.0	0.0	0	3	0
ENSG00000187516	H2AP	adult mammalian kidney	0.0	0.0	0	observed_zero	0.0	0.0	0	13	0
ENSG00000187516	H2AP	adult organism	60.36	0.0	1	present_gold	60.36	0.0	1	1	1
ENSG00000187516	H2AP	amniotic fluid	0.0	0.0	0	observed_zero	0.0	0.0	0	2	0
ENSG00000187516	H2AP	amygdala	0.0	0.0	0	observed_zero	0.0	0.0	0	11	0
ENSG00000187516	H2AP	anatomical system	29.34	0.0	1	present_gold	29.34	0.0	1	1	1
ENSG00000187516	H2AP	anterior cingulate cortex	0.0	0.0	0	observed_zero	0.0	0.0	0	11	0
ENSG00000187516	H2AP	aorta	0.0	0.0	0	observed_zero	0.0	0.0	0	1	0
ENSG00000187516	H2AP	apex of heart	0.0	0.0	0	observed_zero	0.0	0.0	0	1	0
ENSG00000187516	H2AP	ascending aorta	0.0	0.0	0	observed_zero	0.0	0.0	0	10	0
ENSG00000187516	H2AP	biceps brachii	0.0	0.0	0	observed_zero	0.0	0.0	0	5	0
ENSG00000187516	H2AP	blood	0.0	0.0	0	observed_zero	0.0	0.0	0	38	0
ENSG00000187516	H2AP	body of pancreas	28.653333333333336	4.676123750857471	3	present_gold	28.653333333333336	4.676123750857471	3	10	3
ENSG00000187516	H2AP	body of stomach	0.0	0.0	0	observed_zero	0.0	0.0	0	11	0
ENSG00000187516	H2AP	body of tongue	0.0	0.0	0	observed_zero	0.0	0.0	0	3	0
ENSG00000187516	H2AP	body of uterus	0.0	0.0	0	observed_zero	0.0	0.0	0	5	0
ENSG00000187516	H2AP	bone marrow	0.0	0.0	0	observed_zero	0.0	0.0	0	14	0
ENSG00000187516	H2AP	bone marrow cell	0.0	0.0	0	observed_zero	0.0	0.0	0	6	0
ENSG00000187516	H2AP	brain	27.073333333333334	2.0236188705715628	3	present_gold	27.073333333333334	2.0236188705715628	3	20	3
ENSG00000187516	H2AP	bronchial epithelial cell	0.0	0.0	0	observed_zero	0.0	0.0	0	21	0
ENSG00000187516	H2AP	bronchus	0.0	0.0	0	observed_zero	0.0	0.0	0	2	0
ENSG00000187516	H2AP	buccal mucosa cell	0.0	0.0	0	observed_zero	0.0	0.0	0	1	0
ENSG00000187516	H2AP	caecum	0.0	0.0	0	observed_zero	0.0	0.0	0	3	0
ENSG00000187516	H2AP	calcaneal tendon	0.0	0.0	0	observed_zero	0.0	0.0	0	5	0
ENSG00000187516	H2AP	caput epididymis	0.0	0.0	0	observed_zero	0.0	0.0	0	3	0
ENSG00000187516	H2AP	cardia of stomach	0.0	0.0	0	observed_zero	0.0	0.0	0	3	0
ENSG00000187516	H2AP	cardiac atrium	0.0	0.0	0	observed_zero	0.0	0.0	0	2	0
ENSG00000187516	H2AP	cardiac muscle of right atrium	0.0	0.0	0	observed_zero	0.0	0.0	0	8	0
ENSG00000187516	H2AP	cardiac ventricle	0.0	0.0	0	observed_zero	0.0	0.0	0	3	0
ENSG00000187516	H2AP	cartilage tissue	0.0	0.0	0	observed_zero	0.0	0.0	0	1	0
ENSG00000187516	H2AP	cauda epididymis	0.0	0.0	0	observed_zero	0.0	0.0	0	3	0
ENSG00000187516	H2AP	caudate nucleus	35.651428571428575	2.415832696824767	7	present_gold	35.651428571428575	2.415832696824767	7	18	7
ENSG00000187516	H2AP	central nervous system	0.0	0.0	0	observed_zero	0.0	0.0	0	1	0
ENSG00000187516	H2AP	cerebellar cortex	0.0	0.0	0	observed_zero	0.0	0.0	0	2	0
ENSG00000187516	H2AP	cerebellar hemisphere	0.0	0.0	0	observed_zero	0.0	0.0	0	11	0
ENSG00000187516	H2AP	cerebellar vermis	0.0	0.0	0	observed_zero	0.0	0.0	0	3	0
ENSG00000187516	H2AP	cerebellum	0.0	0.0	0	observed_zero	0.0	0.0	0	17	0
ENSG00000187516	H2AP	cerebral cortex	29.04	6.561950929411162	2	present_gold	29.04	6.561950929411162	2	8	2
ENSG00000187516	H2AP	cervix epithelium	0.0	0.0	0	observed_zero	0.0	0.0	0	6	0
ENSG00000187516	H2AP	cervix squamous epithelium	0.0	0.0	0	observed_zero	0.0	0.0	0	1	0
ENSG00000187516	H2AP	cingulate cortex	0.0	0.0	0	observed_zero	0.0	0.0	0	1	0
ENSG00000187516	H2AP	colon	0.0	0.0	0	observed_zero	0.0	0.0	0	15	0
ENSG00000187516	H2AP	colonic epithelium	0.0	0.0	0	observed_zero	0.0	0.0	0	1	0
ENSG00000187516	H2AP	colonic mucosa	0.0	0.0	0	observed_zero	0.0	0.0	0	6	0
ENSG00000187516	H2AP	coronary artery	0.0	0.0	0	observed_zero	0.0	0.0	0	2	0
ENSG00000187516	H2AP	corpus callosum	0.0	0.0	0	observed_zero	0.0	0.0	0	12	0
ENSG00000187516	H2AP	corpus epididymis	0.0	0.0	0	observed_zero	0.0	0.0	0	3	0
ENSG00000187516	H2AP	cortex of kidney	0.0	0.0	0	observed_zero	0.0	0.0	0	4	0
ENSG00000187516	H2AP	cortical plate	0.0	0.0	0	observed_zero	0.0	0.0	0	2	0
ENSG00000187516	H2AP	decidua	0.0	0.0	0	observed_zero	0.0	0.0	0	1	0
ENSG00000187516	H2AP	deltoid	0.0	0.0	0	observed_zero	0.0	0.0	0	8	0
ENSG00000187516	H2AP	descending thoracic aorta	0.0	0.0	0	observed_zero	0.0	0.0	0	3	0
ENSG00000187516	H2AP	diaphragm	0.0	0.0	0	observed_zero	0.0	0.0	0	1	0
ENSG00000187516	H2AP	dorsal plus ventral thalamus	0.0	0.0	0	observed_zero	0.0	0.0	0	7	0
ENSG00000187516	H2AP	dorsal root ganglion	0.0	0.0	0	observed_zero	0.0	0.0	0	7	0
ENSG00000187516	H2AP	dorsolateral prefrontal cortex	26.56	0.0	1	present_gold	26.56	0.0	1	23	1
ENSG00000187516	H2AP	duodenum	0.0	0.0	0	observed_zero	0.0	0.0	0	4	0
ENSG00000187516	H2AP	ectocervix	0.0	0.0	0	observed_zero	0.0	0.0	0	5	0
ENSG00000187516	H2AP	embryo	0.0	0.0	0	observed_zero	0.0	0.0	0	6	0
ENSG00000187516	H2AP	endocervix	0.0	0.0	0	observed_zero	0.0	0.0	0	3	0
ENSG00000187516	H2AP	endometrium	36.707499999999996	0.4638516285767836	4	present_gold	36.707499999999996	0.4638516285767836	4	16	4
ENSG00000187516	H2AP	endometrium epithelium	0.0	0.0	0	observed_zero	0.0	0.0	0	1	0
ENSG00000187516	H2AP	endothelial cell	0.0	0.0	0	observed_zero	0.0	0.0	0	1	0
ENSG00000187516	H2AP	entorhinal cortex	0.0	0.0	0	observed_zero	0.0	0.0	0	21	0
ENSG00000187516	H2AP	epithelial cell of pancreas	0.0	0.0	0	observed_zero	0.0	0.0	0	1	0
ENSG00000187516	H2AP	epithelium of bronchus	0.0	0.0	0	observed_zero	0.0	0.0	0	14	0
ENSG00000187516	H2AP	epithelium of esophagus	0.0	0.0	0	observed_zero	0.0	0.0	0	1	0
ENSG00000187516	H2AP	epithelium of mammary gland	0.0	0.0	0	observed_zero	0.0	0.0	0	6	0
ENSG00000187516	H2AP	epithelium of nasopharynx	0.0	0.0	0	observed_zero	0.0	0.0	0	1	0
ENSG00000187516	H2AP	esophagogastric junction muscularis propria	0.0	0.0	0	observed_zero	0.0	0.0	0	11	0
ENSG00000187516	H2AP	esophagus	0.0	0.0	0	observed_zero	0.0	0.0	0	7	0
ENSG00000187516	H2AP	esophagus mucosa	0.0	0.0	0	observed_zero	0.0	0.0	0	11	0
ENSG00000187516	H2AP	esophagus squamous epithelium	0.0	0.0	0	observed_zero	0.0	0.0	0	1	0
ENSG00000187516	H2AP	fallopian tube	0.0	0.0	0	observed_zero	0.0	0.0	0	2	0
ENSG00000187516	H2AP	female reproductive system	30.21	0.0	1	present_gold	30.21	0.0	1	1	1
ENSG00000187516	H2AP	forebrain	0.0	0.0	0	observed_zero	0.0	0.0	0	2	0
ENSG00000187516	H2AP	frontal cortex	32.76	0.0	1	present_gold	32.76	0.0	1	24	1
ENSG00000187516	H2AP	frontal pole	0.0	0.0	0	observed_zero	0.0	0.0	0	2	0
ENSG00000187516	H2AP	fundus of stomach	0.0	0.0	0	observed_zero	0.0	0.0	0	7	0
ENSG00000187516	H2AP	gall bladder	0.0	0.0	0	observed_zero	0.0	0.0	0	1	0
ENSG00000187516	H2AP	ganglionic eminence	0.0	0.0	0	observed_zero	0.0	0.0	0	2	0
ENSG00000187516	H2AP	gastrocnemius	25.75333333333333	0.6448514040717699	3	present_gold	25.75333333333333	0.6448514040717699	3	13	3
ENSG00000187516	H2AP	germinal epithelium of ovary	0.0	0.0	0	observed_zero	0.0	0.0	0	1	0
ENSG00000187516	H2AP	gingiva	0.0	0.0	0	observed_zero	0.0	0.0	0	2	0
ENSG00000187516	H2AP	gingival epithelium	0.0	0.0	0	observed_zero	0.0	0.0	0	1	0
ENSG00000187516	H2AP	globus pallidus	0.0	0.0	0	observed_zero	0.0	0.0	0	1	0
ENSG00000187516	H2AP	gluteal muscle	0.0	0.0	0	observed_zero	0.0	0.0	0	1	0
ENSG00000187516	H2AP	granulocyte	0.0	0.0	0	observed_zero	0.0	0.0	0	1	0
ENSG00000187516	H2AP	hair follicle	0.0	0.0	0	observed_zero	0.0	0.0	0	1	0
ENSG00000187516	H2AP	heart	31.94	0.0	1	present_gold	31.94	0.0	1	13	1
ENSG00000187516	H2AP	heart left ventricle	0.0	0.0	0	observed_zero	0.0	0.0	0	16	0
ENSG00000187516	H2AP	heart right ventricle	0.0	0.0	0	observed_zero	0.0	0.0	0	6	0
ENSG00000187516	H2AP	hindlimb stylopod muscle	0.0	0.0	0	observed_zero	0.0	0.0	0	2	0
ENSG00000187516	H2AP	hypothalamus	35.54	7.189634900326997	5	present_gold	35.54	7.189634900326997	5	15	5
ENSG00000187516	H2AP	ileal mucosa	0.0	0.0	0	observed_zero	0.0	0.0	0	1	0
ENSG00000187516	H2AP	inferior vagus X ganglion	0.0	0.0	0	observed_zero	0.0	0.0	0	6	0
ENSG00000187516	H2AP	intestine	0.0	0.0	0	observed_zero	0.0	0.0	0	3	0
ENSG00000187516	H2AP	islet of Langerhans	0.0	0.0	0	observed_zero	0.0	0.0	0	16	0
ENSG00000187516	H2AP	jejunal mucosa	0.0	0.0	0	observed_zero	0.0	0.0	0	1	0
ENSG00000187516	H2AP	jejunum	0.0	0.0	0	observed_zero	0.0	0.0	0	2	0
ENSG00000187516	H2AP	kidney	0.0	0.0	0	observed_zero	0.0	0.0	0	3	0
ENSG00000187516	H2AP	kidney epithelium	0.0	0.0	0	observed_zero	0.0	0.0	0	1	0
ENSG00000187516	H2AP	large intestine	0.0	0.0	0	observed_zero	0.0	0.0	0	1	0
ENSG00000187516	H2AP	lateral globus pallidus	0.0	0.0	0	observed_zero	0.0	0.0	0	2	0
ENSG00000187516	H2AP	lateral nuclear group of thalamus	0.0	0.0	0	observed_zero	0.0	0.0	0	2	0
ENSG00000187516	H2AP	layer of synovial tissue	0.0	0.0	0	observed_zero	0.0	0.0	0	9	0
ENSG00000187516	H2AP	left adrenal gland	35.718	10.406162597230548	5	present_gold	35.718	10.406162597230548	5	8	5
ENSG00000187516	H2AP	left adrenal gland cortex	41.185	5.225519112968587	2	present_gold	41.185	5.225519112968587	2	8	2
ENSG00000187516	H2AP	left coronary artery	29.17	0.0	1	present_gold	29.17	0.0	1	9	1
ENSG00000187516	H2AP	left lobe of thyroid gland	18.96	0.0	1	present_gold	18.96	0.0	1	11	1
ENSG00000187516	H2AP	left ovary	0.0	0.0	0	observed_zero	0.0	0.0	0	5	0
ENSG00000187516	H2AP	left testis	91.31166666666667	1.668477349761349	6	present_gold	91.31166666666667	1.668477349761349	6	6	6
ENSG00000187516	H2AP	left uterine tube	0.0	0.0	0	observed_zero	0.0	0.0	0	2	0
ENSG00000187516	H2AP	left ventricle myocardium	0.0	0.0	0	observed_zero	0.0	0.0	0	4	0
ENSG00000187516	H2AP	leukocyte	0.0	0.0	0	observed_zero	0.0	0.0	0	1	0
ENSG00000187516	H2AP	liver	46.989999999999995	3.3092597359530425	2	present_gold	46.989999999999995	3.3092597359530425	2	21	2
ENSG00000187516	H2AP	lower esophagus	0.0	0.0	0	observed_zero	0.0	0.0	0	2	0
ENSG00000187516	H2AP	lower esophagus mucosa	0.0	0.0	0	observed_zero	0.0	0.0	0	1	0
ENSG00000187516	H2AP	lower esophagus muscularis layer	0.0	0.0	0	observed_zero	0.0	0.0	0	11	0
ENSG00000187516	H2AP	lower lobe of lung	0.0	0.0	0	observed_zero	0.0	0.0	0	8	0
ENSG00000187516	H2AP	lung	0.0	0.0	0	observed_zero	0.0	0.0	0	22	0
ENSG00000187516	H2AP	lymph node	0.0	0.0	0	observed_zero	0.0	0.0	0	6	0
ENSG00000187516	H2AP	male germ cell	0.0	0.0	0	observed_zero	0.0	0.0	0	1	0
ENSG00000187516	H2AP	male germ line stem cell (sensu Vertebrata) in testis	95.5	0.0	1	present_gold	95.5	0.0	1	1	1
ENSG00000187516	H2AP	mammalian vulva	0.0	0.0	0	observed_zero	0.0	0.0	0	5	0
ENSG00000187516	H2AP	mammary duct	0.0	0.0	0	observed_zero	0.0	0.0	0	1	0
ENSG00000187516	H2AP	material anatomical entity	29.7	0.0	1	present_gold	29.7	0.0	1	1	1
ENSG00000187516	H2AP	medial globus pallidus	0.0	0.0	0	observed_zero	0.0	0.0	0	3	0
ENSG00000187516	H2AP	medulla oblongata	0.0	0.0	0	observed_zero	0.0	0.0	0	6	0
ENSG00000187516	H2AP	metanephric glomerulus	0.0	0.0	0	observed_zero	0.0	0.0	0	7	0
ENSG00000187516	H2AP	metanephros	0.0	0.0	0	observed_zero	0.0	0.0	0	4	0
ENSG00000187516	H2AP	metanephros cortex	0.0	0.0	0	observed_zero	0.0	0.0	0	2	0
ENSG00000187516	H2AP	midbrain	0.0	0.0	0	observed_zero	0.0	0.0	0	5	0
ENSG00000187516	H2AP	middle frontal gyrus	0.0	0.0	0	observed_zero	0.0	0.0	0	1	0
ENSG00000187516	H2AP	middle temporal gyrus	0.0	0.0	0	observed_zero	0.0	0.0	0	5	0
ENSG00000187516	H2AP	minor salivary gland	0.0	0.0	0	observed_zero	0.0	0.0	0	10	0
ENSG00000187516	H2AP	monocyte	0.0	0.0	0	observed_zero	0.0	0.0	0	1	0
ENSG00000187516	H2AP	mononuclear cell	0.0	0.0	0	observed_zero	0.0	0.0	0	1	0
ENSG00000187516	H2AP	mouth mucosa	0.0	0.0	0	observed_zero	0.0	0.0	0	4	0
ENSG00000187516	H2AP	mucosa of paranasal sinus	0.0	0.0	0	observed_zero	0.0	0.0	0	1	0
ENSG00000187516	H2AP	mucosa of sigmoid colon	0.0	0.0	0	observed_zero	0.0	0.0	0	1	0
ENSG00000187516	H2AP	mucosa of stomach	0.0	0.0	0	observed_zero	0.0	0.0	0	1	0
ENSG00000187516	H2AP	mucosa of transverse colon	0.0	0.0	0	observed_zero	0.0	0.0	0	1	0
ENSG00000187516	H2AP	mucosa of urinary bladder	0.0	0.0	0	observed_zero	0.0	0.0	0	1	0
ENSG00000187516	H2AP	multicellular organism	29.66	0.0	1	present_gold	29.66	0.0	1	1	1
ENSG00000187516	H2AP	muscle layer of sigmoid colon	0.0	0.0	0	observed_zero	0.0	0.0	0	11	0
ENSG00000187516	H2AP	muscle of leg	0.0	0.0	0	observed_zero	0.0	0.0	0	2	0
ENSG00000187516	H2AP	muscle organ	0.0	0.0	0	observed_zero	0.0	0.0	0	1	0
ENSG00000187516	H2AP	myocardium	0.0	0.0	0	observed_zero	0.0	0.0	0	8	0
ENSG00000187516	H2AP	myometrium	0.0	0.0	0	observed_zero	0.0	0.0	0	11	0
ENSG00000187516	H2AP	nasal cavity epithelium	0.0	0.0	0	observed_zero	0.0	0.0	0	6	0
ENSG00000187516	H2AP	nasal cavity mucosa	0.0	0.0	0	observed_zero	0.0	0.0	0	1	0
ENSG00000187516	H2AP	neocortex	0.0	0.0	0	observed_zero	0.0	0.0	0	1	0
ENSG00000187516	H2AP	nephron tubule	0.0	0.0	0	observed_zero	0.0	0.0	0	5	0
ENSG00000187516	H2AP	nipple	0.0	0.0	0	observed_zero	0.0	0.0	0	3	0
ENSG00000187516	H2AP	nucleus accumbens	36.69833333333333	4.528149364438707	6	present_gold	36.69833333333333	4.528149364438707	6	13	6
ENSG00000187516	H2AP	occipital lobe	0.0	0.0	0	observed_zero	0.0	0.0	0	6	0
ENSG00000187516	H2AP	olfactory bulb	0.0	0.0	0	observed_zero	0.0	0.0	0	1	0
ENSG00000187516	H2AP	olfactory segment of nasal mucosa	0.0	0.0	0	observed_zero	0.0	0.0	0	1	0
ENSG00000187516	H2AP	omental fat pad	0.0	0.0	0	observed_zero	0.0	0.0	0	11	0
ENSG00000187516	H2AP	oocyte	0.0	0.0	0	observed_zero	0.0	0.0	0	1	0
ENSG00000187516	H2AP	oral cavity	0.0	0.0	0	observed_zero	0.0	0.0	0	6	0
ENSG00000187516	H2AP	orbitofrontal cortex	0.0	0.0	0	observed_zero	0.0	0.0	0	6	0
ENSG00000187516	H2AP	ovary	0.0	0.0	0	observed_zero	0.0	0.0	0	8	0
ENSG00000187516	H2AP	oviduct epithelium	0.0	0.0	0	observed_zero	0.0	0.0	0	3	0
ENSG00000187516	H2AP	palpebral conjunctiva	0.0	0.0	0	observed_zero	0.0	0.0	0	5	0
ENSG00000187516	H2AP	pancreas	0.0	0.0	0	observed_zero	0.0	0.0	0	2	0
ENSG00000187516	H2AP	pancreatic ductal cell	0.0	0.0	0	observed_zero	0.0	0.0	0	1	0
ENSG00000187516	H2AP	paraflocculus	0.0	0.0	0	observed_zero	0.0	0.0	0	2	0
ENSG00000187516	H2AP	parietal lobe	0.0	0.0	0	observed_zero	0.0	0.0	0	6	0
ENSG00000187516	H2AP	parietal pleura	0.0	0.0	0	observed_zero	0.0	0.0	0	4	0
ENSG00000187516	H2AP	parotid gland	0.0	0.0	0	observed_zero	0.0	0.0	0	8	0
ENSG00000187516	H2AP	penis	0.0	0.0	0	observed_zero	0.0	0.0	0	1	0
ENSG00000187516	H2AP	pericardium	0.0	0.0	0	observed_zero	0.0	0.0	0	1	0
ENSG00000187516	H2AP	peritoneum	0.0	0.0	0	observed_zero	0.0	0.0	0	1	0
ENSG00000187516	H2AP	pharyngeal mucosa	0.0	0.0	0	observed_zero	0.0	0.0	0	3	0
ENSG00000187516	H2AP	pigmented layer of retina	0.0	0.0	0	observed_zero	0.0	0.0	0	4	0
ENSG00000187516	H2AP	pituitary gland	0.0	0.0	0	observed_zero	0.0	0.0	0	11	0
ENSG00000187516	H2AP	placenta	0.0	0.0	0	observed_zero	0.0	0.0	0	4	0
ENSG00000187516	H2AP	pleura	0.0	0.0	0	observed_zero	0.0	0.0	0	1	0
ENSG00000187516	H2AP	pons	0.0	0.0	0	observed_zero	0.0	0.0	0	1	0
ENSG00000187516	H2AP	popliteal artery	0.0	0.0	0	observed_zero	0.0	0.0	0	1	0
ENSG00000187516	H2AP	postcentral gyrus	0.0	0.0	0	observed_zero	0.0	0.0	0	15	0
ENSG00000187516	H2AP	prefrontal cortex	31.61	0.0	1	present_gold	31.61	0.0	1	10	1
ENSG00000187516	H2AP	primary visual cortex	0.0	0.0	0	observed_zero	0.0	0.0	0	9	0
ENSG00000187516	H2AP	prostate gland	25.015	2.0433387710639996	4	present_gold	25.015	2.0433387710639996	4	18	4
ENSG00000187516	H2AP	putamen	35.234	9.636715207994891	5	present_gold	35.234	9.636715207994891	5	16	5
ENSG00000187516	H2AP	pylorus	0.0	0.0	0	observed_zero	0.0	0.0	0	3	0
ENSG00000187516	H2AP	quadriceps femoris	0.0	0.0	0	observed_zero	0.0	0.0	0	20	0
ENSG00000187516	H2AP	rectum	0.0	0.0	0	observed_zero	0.0	0.0	0	1	0
ENSG00000187516	H2AP	renal medulla	0.0	0.0	0	observed_zero	0.0	0.0	0	3	0
ENSG00000187516	H2AP	right adrenal gland	44.07333333333333	12.640847809119979	3	present_gold	44.07333333333333	12.640847809119979	3	5	3
ENSG00000187516	H2AP	right adrenal gland cortex	0.0	0.0	0	observed_zero	0.0	0.0	0	3	0
ENSG00000187516	H2AP	right atrium auricular region	0.0	0.0	0	observed_zero	0.0	0.0	0	11	0
ENSG00000187516	H2AP	right coronary artery	0.0	0.0	0	observed_zero	0.0	0.0	0	2	0
ENSG00000187516	H2AP	right frontal lobe	0.0	0.0	0	observed_zero	0.0	0.0	0	9	0
ENSG00000187516	H2AP	right hemisphere of cerebellum	0.0	0.0	0	observed_zero	0.0	0.0	0	9	0
ENSG00000187516	H2AP	right lobe of liver	50.24333333333334	11.055389334317146	3	present_gold	50.24333333333334	11.055389334317146	3	9	3
ENSG00000187516	H2AP	right lobe of thyroid gland	0.0	0.0	0	observed_zero	0.0	0.0	0	8	0
ENSG00000187516	H2AP	right lung	0.0	0.0	0	observed_zero	0.0	0.0	0	2	0
ENSG00000187516	H2AP	right ovary	0.0	0.0	0	observed_zero	0.0	0.0	0	5	0
ENSG00000187516	H2AP	right testis	87.76	5.856607379703714	5	present_gold	87.76	5.856607379703714	5	5	5
ENSG00000187516	H2AP	right uterine tube	0.0	0.0	0	observed_zero	0.0	0.0	0	1	0
ENSG00000187516	H2AP	saliva-secreting gland	0.0	0.0	0	observed_zero	0.0	0.0	0	5	0
ENSG00000187516	H2AP	saphenous vein	0.0	0.0	0	observed_zero	0.0	0.0	0	3	0
ENSG00000187516	H2AP	secondary oocyte	0.0	0.0	0	observed_zero	0.0	0.0	0	1	0
ENSG00000187516	H2AP	seminal vesicle	0.0	0.0	0	observed_zero	0.0	0.0	0	1	0
ENSG00000187516	H2AP	sigmoid colon	0.0	0.0	0	observed_zero	0.0	0.0	0	4	0
ENSG00000187516	H2AP	skeletal muscle tissue	0.0	0.0	0	observed_zero	0.0	0.0	0	16	0
ENSG00000187516	H2AP	skeletal muscle tissue of biceps brachii	0.0	0.0	0	observed_zero	0.0	0.0	0	2	0
ENSG00000187516	H2AP	skeletal muscle tissue of rectus abdominis	0.0	0.0	0	observed_zero	0.0	0.0	0	2	0
ENSG00000187516	H2AP	skin of abdomen	0.0	0.0	0	observed_zero	0.0	0.0	0	10	0
ENSG00000187516	H2AP	skin of hip	0.0	0.0	0	observed_zero	0.0	0.0	0	1	0
ENSG00000187516	H2AP	skin of leg	21.875	1.8031222920256942	2	present_gold	21.875	1.8031222920256942	2	12	2
ENSG00000187516	H2AP	small intestine	0.0	0.0	0	observed_zero	0.0	0.0	0	2	0
ENSG00000187516	H2AP	small intestine Peyer's patch	0.0	0.0	0	observed_zero	0.0	0.0	0	11	0
ENSG00000187516	H2AP	smooth muscle tissue	0.0	0.0	0	observed_zero	0.0	0.0	0	2	0
ENSG00000187516	H2AP	sperm	91.14	0.0	1	present_gold	91.14	0.0	1	1	1
ENSG00000187516	H2AP	spinal cord	0.0	0.0	0	observed_zero	0.0	0.0	0	10	0
ENSG00000187516	H2AP	spleen	0.0	0.0	0	observed_zero	0.0	0.0	0	12	0
ENSG00000187516	H2AP	squamous epithelium	0.0	0.0	0	observed_zero	0.0	0.0	0	3	0
ENSG00000187516	H2AP	stomach	0.0	0.0	0	observed_zero	0.0	0.0	0	11	0
ENSG00000187516	H2AP	stromal cell of endometrium	0.0	0.0	0	observed_zero	0.0	0.0	0	1	0
ENSG00000187516	H2AP	subcutaneous adipose tissue	0.0	0.0	0	observed_zero	0.0	0.0	0	19	0
ENSG00000187516	H2AP	substantia nigra	0.0	0.0	0	observed_zero	0.0	0.0	0	23	0
ENSG00000187516	H2AP	substantia nigra pars compacta	0.0	0.0	0	observed_zero	0.0	0.0	0	2	0
ENSG00000187516	H2AP	substantia nigra pars reticulata	0.0	0.0	0	observed_zero	0.0	0.0	0	2	0
ENSG00000187516	H2AP	subthalamic nucleus	0.0	0.0	0	observed_zero	0.0	0.0	0	8	0
ENSG00000187516	H2AP	superficial temporal artery	0.0	0.0	0	observed_zero	0.0	0.0	0	1	0
ENSG00000187516	H2AP	superior frontal gyrus	0.0	0.0	0	observed_zero	0.0	0.0	0	25	0
ENSG00000187516	H2AP	superior surface of tongue	0.0	0.0	0	observed_zero	0.0	0.0	0	3	0
ENSG00000187516	H2AP	superior vestibular nucleus	0.0	0.0	0	observed_zero	0.0	0.0	0	5	0
ENSG00000187516	H2AP	sural nerve	0.0	0.0	0	observed_zero	0.0	0.0	0	3	0
ENSG00000187516	H2AP	synovial joint	0.0	0.0	0	observed_zero	0.0	0.0	0	2	0
ENSG00000187516	H2AP	telencephalon	0.0	0.0	0	observed_zero	0.0	0.0	0	1	0
ENSG00000187516	H2AP	temporal lobe	0.0	0.0	0	observed_zero	0.0	0.0	0	7	0
ENSG00000187516	H2AP	tendon	0.0	0.0	0	observed_zero	0.0	0.0	0	5	0
ENSG00000187516	H2AP	tendon of biceps brachii	0.0	0.0	0	observed_zero	0.0	0.0	0	1	0
ENSG00000187516	H2AP	testis	89.9088888888889	3.505190595546996	9	present_gold	89.9088888888889	3.505190595546996	9	13	9
ENSG00000187516	H2AP	thoracic aorta	0.0	0.0	0	observed_zero	0.0	0.0	0	6	0
ENSG00000187516	H2AP	thoracic mammary gland	28.49	0.0	1	present_gold	28.49	0.0	1	12	1
ENSG00000187516	H2AP	thymus	0.0	0.0	0	observed_zero	0.0	0.0	0	4	0
ENSG00000187516	H2AP	thyroid gland	18.72	0.141421356237309	2	present_gold	18.72	0.141421356237309	2	17	2
ENSG00000187516	H2AP	tibia	0.0	0.0	0	observed_zero	0.0	0.0	0	1	0
ENSG00000187516	H2AP	tibial artery	22.62	0.0	1	present_gold	22.62	0.0	1	11	1
ENSG00000187516	H2AP	tibial nerve	21.12	0.0	1	present_gold	21.12	0.0	1	11	1
ENSG00000187516	H2AP	tibialis anterior	0.0	0.0	0	observed_zero	0.0	0.0	0	2	0
ENSG00000187516	H2AP	tongue	0.0	0.0	0	observed_zero	0.0	0.0	0	1	0
ENSG00000187516	H2AP	tongue squamous epithelium	0.0	0.0	0	observed_zero	0.0	0.0	0	1	0
ENSG00000187516	H2AP	tonsil	0.0	0.0	0	observed_zero	0.0	0.0	0	6	0
ENSG00000187516	H2AP	trabecular bone tissue	0.0	0.0	0	observed_zero	0.0	0.0	0	4	0
ENSG00000187516	H2AP	trachea	0.0	0.0	0	observed_zero	0.0	0.0	0	3	0
ENSG00000187516	H2AP	transverse colon	0.0	0.0	0	observed_zero	0.0	0.0	0	10	0
ENSG00000187516	H2AP	triceps brachii	0.0	0.0	0	observed_zero	0.0	0.0	0	2	0
ENSG00000187516	H2AP	trigeminal ganglion	0.0	0.0	0	observed_zero	0.0	0.0	0	6	0
ENSG00000187516	H2AP	type B pancreatic cell	0.0	0.0	0	observed_zero	0.0	0.0	0	1	0
ENSG00000187516	H2AP	upper arm skin	0.0	0.0	0	observed_zero	0.0	0.0	0	4	0
ENSG00000187516	H2AP	upper leg skin	0.0	0.0	0	observed_zero	0.0	0.0	0	1	0
ENSG00000187516	H2AP	upper lobe of left lung	0.0	0.0	0	observed_zero	0.0	0.0	0	8	0
ENSG00000187516	H2AP	upper lobe of lung	0.0	0.0	0	observed_zero	0.0	0.0	0	4	0
ENSG00000187516	H2AP	urethra	0.0	0.0	0	observed_zero	0.0	0.0	0	3	0
ENSG00000187516	H2AP	urinary bladder	0.0	0.0	0	observed_zero	0.0	0.0	0	5	0
ENSG00000187516	H2AP	uterine cervix	0.0	0.0	0	observed_zero	0.0	0.0	0	5	0
ENSG00000187516	H2AP	uterus	32.565	1.407142494561231	2	present_gold	32.565	1.407142494561231	2	2	2
ENSG00000187516	H2AP	vagina	0.0	0.0	0	observed_zero	0.0	0.0	0	12	0
ENSG00000187516	H2AP	vastus lateralis	0.0	0.0	0	observed_zero	0.0	0.0	0	22	0
ENSG00000187516	H2AP	vena cava	0.0	0.0	0	observed_zero	0.0	0.0	0	1	0
ENSG00000187516	H2AP	ventral tegmental area	0.0	0.0	0	observed_zero	0.0	0.0	0	6	0
ENSG00000187516	H2AP	ventricular zone	0.0	0.0	0	observed_zero	0.0	0.0	0	2	0
ENSG00000187516	H2AP	vermiform appendix	0.0	0.0	0	observed_zero	0.0	0.0	0	1	0
ENSG00000187516	H2AP	visceral pleura	0.0	0.0	0	observed_zero	0.0	0.0	0	4	0
ENSG00000187516	H2AP	zone of skin	20.6575	1.2500766643157	4	present_gold	20.6575	1.2500766643157	4	7	4
ENSG00000188486	H2AX	Ammon's horn	86.13208333333334	5.207929555362975	24	present_gold	86.13208333333334	5.207929555362975	24	24	24
ENSG00000188486	H2AX	Brodmann (1909) area 10	84.47	0.0	1	present_gold	84.47	0.0	1	1	1
ENSG00000188486	H2AX	Brodmann (1909) area 23	73.87	2.995438198327586	5	present_gold	73.87	2.995438198327586	5	6	5
ENSG00000188486	H2AX	Brodmann (1909) area 46	83.194	2.932111866897307	5	present_gold	83.194	2.932111866897307	5	5	5
ENSG00000188486	H2AX	Brodmann (1909) area 9	89.19999999999999	2.3907948469076126	9	present_gold	89.19999999999999	2.3907948469076126	9	10	9
ENSG00000188486	H2AX	C1 segment of cervical spinal cord	92.4588888888889	1.57524953931468	9	present_gold	92.4588888888889	1.57524953931468	9	9	9
ENSG00000188486	H2AX	CA1 field of hippocampus	90.0175	2.3727392749028873	4	present_gold	90.0175	2.3727392749028873	4	4	4
ENSG00000188486	H2AX	adenohypophysis	89.33166666666666	2.9631160400272343	6	present_gold	89.33166666666666	2.9631160400272343	6	6	6
ENSG00000188486	H2AX	adipose tissue	74.88	4.1279918443071875	13	present_gold	74.88	4.1279918443071875	13	16	13
ENSG00000188486	H2AX	adipose tissue of abdominal region	80.37	1.036011582946833	6	present_gold	80.37	1.036011582946833	6	6	6
ENSG00000188486	H2AX	adrenal cortex	86.28000000000002	1.096676798332123	3	present_gold	86.28000000000002	1.096676798332123	3	3	3
ENSG00000188486	H2AX	adrenal gland	83.215	2.0375393656728877	4	present_gold	83.215	2.0375393656728877	4	4	4
ENSG00000188486	H2AX	adrenal tissue	75.03333333333333	6.642547202190836	3	present_gold	75.03333333333333	6.642547202190836	3	3	3
ENSG00000188486	H2AX	adult mammalian kidney	80.815	3.565354757307404	12	present_gold	80.815	3.565354757307404	12	14	12
ENSG00000188486	H2AX	adult organism	79.67	0.0	1	present_gold	79.67	0.0	1	1	1
ENSG00000188486	H2AX	amniotic fluid	80.21	0.0	1	present_gold	80.21	0.0	1	2	1
ENSG00000188486	H2AX	amygdala	89.91384615384617	1.108629322343124	13	present_gold	89.91384615384617	1.108629322343124	13	13	13
ENSG00000188486	H2AX	anatomical system	81.92	0.0	1	present_gold	81.92	0.0	1	1	1
ENSG00000188486	H2AX	anterior cingulate cortex	88.10363636363637	2.602442209645674	11	present_gold	88.10363636363637	2.602442209645674	11	11	11
ENSG00000188486	H2AX	aorta	79.35499999999999	0.16263455967290874	2	present_gold	79.35499999999999	0.16263455967290874	2	2	2
ENSG00000188486	H2AX	apex of heart	82.25	0.0	1	present_gold	82.25	0.0	1	1	1
ENSG00000188486	H2AX	ascending aorta	80.85	1.0159068198740815	10	present_gold	80.85	1.0159068198740815	10	10	10
ENSG00000188486	H2AX	biceps brachii	76.62	0.0	1	present_gold	76.62	0.0	1	5	1
ENSG00000188486	H2AX	blood	79.90176470588234	4.63635924993676	34	present_gold	79.90176470588234	4.63635924993676	34	39	34
ENSG00000188486	H2AX	blood vessel layer	0.0	0.0	0	observed_zero	0.0	0.0	0	1	0
ENSG00000188486	H2AX	body of pancreas	78.31800000000001	1.4599528150670544	10	present_gold	78.31800000000001	1.4599528150670544	10	10	10
ENSG00000188486	H2AX	body of stomach	83.7990909090909	1.9103321938629134	11	present_gold	83.7990909090909	1.9103321938629134	11	11	11
ENSG00000188486	H2AX	body of tongue	86.59333333333332	0.3350124375800615	3	present_gold	86.59333333333332	0.3350124375800615	3	3	3
ENSG00000188486	H2AX	body of uterus	79.762	2.5883430993591237	5	present_gold	79.762	2.5883430993591237	5	5	5
ENSG00000188486	H2AX	bone marrow	90.37428571428572	2.8298728274924683	14	present_gold	90.37428571428572	2.8298728274924683	14	14	14
ENSG00000188486	H2AX	bone marrow cell	93.29	1.7599431809010222	6	present_gold	93.29	1.7599431809010222	6	6	6
ENSG00000188486	H2AX	brain	87.9659090909091	3.2797817277706423	22	present_gold	87.9659090909091	3.2797817277706423	22	23	22
ENSG00000188486	H2AX	bronchial epithelial cell	74.5895238095238	1.7605893223306681	21	present_gold	74.5895238095238	1.7605893223306681	21	21	21
ENSG00000188486	H2AX	bronchus	77.61500000000001	0.6010407640085714	2	present_gold	77.61500000000001	0.6010407640085714	2	2	2
ENSG00000188486	H2AX	buccal mucosa cell	0.0	0.0	0	observed_zero	0.0	0.0	0	1	0
ENSG00000188486	H2AX	caecum	92.85499999999999	3.0617723625377495	2	present_gold	92.85499999999999	3.0617723625377495	2	3	2
ENSG00000188486	H2AX	calcaneal tendon	60.83	5.067647383155225	5	present_gold	60.83	5.067647383155225	5	5	5
ENSG00000188486	H2AX	caput epididymis	73.08	1.5273506473629404	2	present_gold	73.08	1.5273506473629404	2	3	2
ENSG00000188486	H2AX	cardia of stomach	82.195	7.785245660863892	2	present_gold	82.195	7.785245660863892	2	3	2
ENSG00000188486	H2AX	cardiac atrium	80.67666666666666	0.9525929525948298	3	present_gold	80.67666666666666	0.9525929525948298	3	3	3
ENSG00000188486	H2AX	cardiac muscle of right atrium	0.0	0.0	0	observed_zero	0.0	0.0	0	8	0
ENSG00000188486	H2AX	cardiac ventricle	79.76666666666667	2.3962957524757558	3	present_gold	79.76666666666667	2.3962957524757558	3	3	3
ENSG00000188486	H2AX	cartilage tissue	88.2	0.0	1	present_gold	88.2	0.0	1	1	1
ENSG00000188486	H2AX	cauda epididymis	72.83	1.9284190415985867	3	present_gold	72.83	1.9284190415985867	3	3	3
ENSG00000188486	H2AX	caudate nucleus	84.1370588235294	5.26513742069697	17	present_gold	84.1370588235294	5.26513742069697	17	18	17
ENSG00000188486	H2AX	central nervous system	87.37	0.0	1	present_gold	87.37	0.0	1	1	1
ENSG00000188486	H2AX	cerebellar cortex	87.13	0.014142135623728137	2	present_gold	87.13	0.014142135623728137	2	2	2
ENSG00000188486	H2AX	cerebellar hemisphere	86.95	1.739166467018039	11	present_gold	86.95	1.739166467018039	11	11	11
ENSG00000188486	H2AX	cerebellar vermis	83.97999999999999	3.196122650963192	2	present_gold	83.97999999999999	3.196122650963192	2	3	2
ENSG00000188486	H2AX	cerebellum	86.90411764705881	1.8441870120175203	17	present_gold	86.90411764705881	1.8441870120175203	17	17	17
ENSG00000188486	H2AX	cerebral cortex	86.787	5.116952326445022	10	present_gold	86.787	5.116952326445022	10	10	10
ENSG00000188486	H2AX	cervix epithelium	91.58999999999999	0.5726255320888138	3	present_gold	91.58999999999999	0.5726255320888138	3	6	3
ENSG00000188486	H2AX	cervix squamous epithelium	0.0	0.0	0	observed_zero	0.0	0.0	0	1	0
ENSG00000188486	H2AX	choroid plexus epithelium	0.0	0.0	0	observed_zero	0.0	0.0	0	1	0
ENSG00000188486	H2AX	cingulate cortex	0.0	0.0	0	observed_zero	0.0	0.0	0	1	0
ENSG00000188486	H2AX	colon	83.82666666666667	3.6440136243046135	18	present_gold	83.82666666666667	3.6440136243046135	18	18	18
ENSG00000188486	H2AX	colonic epithelium	0.0	0.0	0	observed_zero	0.0	0.0	0	1	0
ENSG00000188486	H2AX	colonic mucosa	83.76666666666667	2.9069342384489314	6	present_gold	83.76666666666667	2.9069342384489314	6	6	6
ENSG00000188486	H2AX	connective tissue	75.23	0.0	1	present_gold	75.23	0.0	1	1	1
ENSG00000188486	H2AX	coronary artery	82.39	3.2385490578343967	2	present_gold	82.39	3.2385490578343967	2	2	2
ENSG00000188486	H2AX	corpus callosum	81.60000000000001	10.87903989747758	12	present_gold	81.60000000000001	10.87903989747758	12	12	12
ENSG00000188486	H2AX	corpus epididymis	70.94333333333333	1.9171941303199658	3	present_gold	70.94333333333333	1.9171941303199658	3	3	3
ENSG00000188486	H2AX	cortex of kidney	79.0025	1.6252666447899136	4	present_gold	79.0025	1.6252666447899136	4	5	4
ENSG00000188486	H2AX	cortical plate	81.22	1.5697770542341347	2	present_gold	81.22	1.5697770542341347	2	2	2
ENSG00000188486	H2AX	cranial nerve II	85.23	0.0	1	present_gold	85.23	0.0	1	1	1
ENSG00000188486	H2AX	decidua	86.62	0.0	1	present_gold	86.62	0.0	1	1	1
ENSG00000188486	H2AX	deltoid	0.0	0.0	0	observed_zero	0.0	0.0	0	8	0
ENSG00000188486	H2AX	descending thoracic aorta	80.73333333333333	1.789869641435749	3	present_gold	80.73333333333333	1.789869641435749	3	3	3
ENSG00000188486	H2AX	diaphragm	0.0	0.0	0	observed_zero	0.0	0.0	0	1	0
ENSG00000188486	H2AX	dorsal motor nucleus of vagus nerve	86.275	4.716402230514273	2	present_gold	86.275	4.716402230514273	2	2	2
ENSG00000188486	H2AX	dorsal plus ventral thalamus	91.35833333333333	0.9532348433972915	6	present_gold	91.35833333333333	0.9532348433972915	6	7	6
ENSG00000188486	H2AX	dorsal root ganglion	82.25142857142858	1.4165501352632333	7	present_gold	82.25142857142858	1.4165501352632333	7	7	7
ENSG00000188486	H2AX	dorsolateral prefrontal cortex	83.53750000000001	5.080778141361727	24	present_gold	83.53750000000001	5.080778141361727	24	24	24
ENSG00000188486	H2AX	duodenum	83.3575	0.6025708810311632	4	present_gold	83.3575	0.6025708810311632	4	4	4
ENSG00000188486	H2AX	ectocervix	81.512	6.754218681683323	5	present_gold	81.512	6.754218681683323	5	5	5
ENSG00000188486	H2AX	embryo	98.81833333333333	0.33748580217050267	6	present_gold	98.81833333333333	0.33748580217050267	6	6	6
ENSG00000188486	H2AX	endocervix	79.31333333333333	4.1063893304621475	3	present_gold	79.31333333333333	4.1063893304621475	3	3	3
ENSG00000188486	H2AX	endometrium	84.468125	6.203180064826965	16	present_gold	84.468125	6.203180064826965	16	16	16
ENSG00000188486	H2AX	endometrium epithelium	98.57	0.0	1	present_gold	98.57	0.0	1	1	1
ENSG00000188486	H2AX	endothelial cell	0.0	0.0	0	observed_zero	0.0	0.0	0	1	0
ENSG00000188486	H2AX	entorhinal cortex	87.9935	4.360755940020153	20	present_gold	87.9935	4.360755940020153	20	21	20
ENSG00000188486	H2AX	epithelial cell of pancreas	0.0	0.0	0	observed_zero	0.0	0.0	0	1	0
ENSG00000188486	H2AX	epithelium of bronchus	76.99357142857143	1.3461489638843978	14	present_gold	76.99357142857143	1.3461489638843978	14	14	14
ENSG00000188486	H2AX	epithelium of esophagus	80.05	0.0	1	present_gold	80.05	0.0	1	1	1
ENSG00000188486	H2AX	epithelium of mammary gland	79.03	0.0	1	present_gold	79.03	0.0	1	7	1
ENSG00000188486	H2AX	epithelium of nasopharynx	0.0	0.0	0	observed_zero	0.0	0.0	0	1	0
ENSG00000188486	H2AX	esophagogastric junction muscularis propria	81.34	1.6226768008448251	11	present_gold	81.34	1.6226768008448251	11	11	11
ENSG00000188486	H2AX	esophagus	85.63285714285715	0.525696816479942	7	present_gold	85.63285714285715	0.525696816479942	7	7	7
ENSG00000188486	H2AX	esophagus mucosa	90.68636363636364	1.2893120082220013	11	present_gold	90.68636363636364	1.2893120082220013	11	11	11
ENSG00000188486	H2AX	esophagus squamous epithelium	77.6	0.0	1	present_gold	77.6	0.0	1	1	1
ENSG00000188486	H2AX	fallopian tube	73.23500000000001	0.7848885271170674	2	present_gold	73.23500000000001	0.7848885271170674	2	2	2
ENSG00000188486	H2AX	female reproductive system	80.21	0.0	1	present_gold	80.21	0.0	1	1	1
ENSG00000188486	H2AX	forebrain	85.49000000000001	4.369919907732858	2	present_gold	85.49000000000001	4.369919907732858	2	2	2
ENSG00000188486	H2AX	frontal cortex	84.3096153846154	4.354681601007569	26	present_gold	84.3096153846154	4.354681601007569	26	26	26
ENSG00000188486	H2AX	frontal pole	0.0	0.0	0	observed_zero	0.0	0.0	0	2	0
ENSG00000188486	H2AX	fundus of stomach	79.97142857142856	1.5815122359251426	7	present_gold	79.97142857142856	1.5815122359251426	7	7	7
ENSG00000188486	H2AX	gall bladder	69.85	0.0	1	present_gold	69.85	0.0	1	1	1
ENSG00000188486	H2AX	ganglionic eminence	97.70500000000001	0.43133513652379357	2	present_gold	97.70500000000001	0.43133513652379357	2	2	2
ENSG00000188486	H2AX	gastrocnemius	82.35307692307691	0.5037754892705131	13	present_gold	82.35307692307691	0.5037754892705131	13	13	13
ENSG00000188486	H2AX	germinal epithelium of ovary	0.0	0.0	0	observed_zero	0.0	0.0	0	1	0
ENSG00000188486	H2AX	gingiva	82.82499999999999	0.07778174593051983	2	present_gold	82.82499999999999	0.07778174593051983	2	2	2
ENSG00000188486	H2AX	gingival epithelium	85.52	0.0	1	present_gold	85.52	0.0	1	1	1
ENSG00000188486	H2AX	globus pallidus	0.0	0.0	0	observed_zero	0.0	0.0	0	1	0
ENSG00000188486	H2AX	gluteal muscle	0.0	0.0	0	observed_zero	0.0	0.0	0	1	0
ENSG00000188486	H2AX	granulocyte	91.38	0.0	1	present_gold	91.38	0.0	1	1	1
ENSG00000188486	H2AX	hair follicle	0.0	0.0	0	observed_zero	0.0	0.0	0	1	0
ENSG00000188486	H2AX	heart	79.20333333333333	1.9122524738667548	15	present_gold	79.20333333333333	1.9122524738667548	15	15	15
ENSG00000188486	H2AX	heart left ventricle	80.92882352941176	1.7676887535456456	17	present_gold	80.92882352941176	1.7676887535456456	17	17	17
ENSG00000188486	H2AX	heart right ventricle	82.15	0.0	1	present_gold	82.15	0.0	1	6	1
ENSG00000188486	H2AX	hindlimb stylopod muscle	83.29499999999999	1.8455486988968888	2	present_gold	83.29499999999999	1.8455486988968888	2	2	2
ENSG00000188486	H2AX	hypothalamus	90.06733333333334	2.112393587063421	15	present_gold	90.06733333333334	2.112393587063421	15	16	15
ENSG00000188486	H2AX	ileal mucosa	90.94	0.0	1	present_gold	90.94	0.0	1	1	1
ENSG00000188486	H2AX	inferior olivary complex	88.12333333333333	1.6385766180845311	3	present_gold	88.12333333333333	1.6385766180845311	3	3	3
ENSG00000188486	H2AX	inferior vagus X ganglion	93.505	0.6919176251548987	6	present_gold	93.505	0.6919176251548987	6	6	6
ENSG00000188486	H2AX	intestine	72.065	8.237291221431144	4	present_gold	72.065	8.237291221431144	4	4	4
ENSG00000188486	H2AX	islet of Langerhans	70.83166666666666	4.059482352430782	12	present_gold	70.83166666666666	4.059482352430782	12	16	12
ENSG00000188486	H2AX	jejunal mucosa	78.98	0.0	1	present_gold	78.98	0.0	1	1	1
ENSG00000188486	H2AX	jejunum	84.27	0.0	1	present_gold	84.27	0.0	1	2	1
ENSG00000188486	H2AX	kidney	75.78666666666668	3.827692080962973	6	present_gold	75.78666666666668	3.827692080962973	6	6	6
ENSG00000188486	H2AX	kidney epithelium	0.0	0.0	0	observed_zero	0.0	0.0	0	1	0
ENSG00000188486	H2AX	large intestine	82.49	0.3535533905932738	2	present_gold	82.49	0.3535533905932738	2	2	2
ENSG00000188486	H2AX	lateral globus pallidus	0.0	0.0	0	observed_zero	0.0	0.0	0	2	0
ENSG00000188486	H2AX	lateral nuclear group of thalamus	87.94999999999999	1.400071426749367	2	present_gold	87.94999999999999	1.400071426749367	2	2	2
ENSG00000188486	H2AX	layer of synovial tissue	83.61333333333333	1.6793054119684907	6	present_gold	83.61333333333333	1.6793054119684907	6	9	6
ENSG00000188486	H2AX	left adrenal gland	86.11375	0.6400655658379305	8	present_gold	86.11375	0.6400655658379305	8	8	8
ENSG00000188486	H2AX	left adrenal gland cortex	86.0475	3.021190635683698	8	present_gold	86.0475	3.021190635683698	8	8	8
ENSG00000188486	H2AX	left coronary artery	81.12111111111112	2.09335522812329	9	present_gold	81.12111111111112	2.09335522812329	9	9	9
ENSG00000188486	H2AX	left lobe of thyroid gland	78.22545454545455	2.2956844889329346	11	present_gold	78.22545454545455	2.2956844889329346	11	11	11
ENSG00000188486	H2AX	left ovary	84.19	1.3856226037417283	5	present_gold	84.19	1.3856226037417283	5	5	5
ENSG00000188486	H2AX	left testis	85.75833333333333	0.6064459305384646	6	present_gold	85.75833333333333	0.6064459305384646	6	6	6
ENSG00000188486	H2AX	left uterine tube	82.05	4.115361466505702	2	present_gold	82.05	4.115361466505702	2	2	2
ENSG00000188486	H2AX	left ventricle myocardium	0.0	0.0	0	observed_zero	0.0	0.0	0	4	0
ENSG00000188486	H2AX	leukocyte	82.55	0.0	1	present_gold	82.55	0.0	1	1	1
ENSG00000188486	H2AX	liver	81.16799999999999	7.5020275154191	20	present_gold	81.16799999999999	7.5020275154191	20	23	20
ENSG00000188486	H2AX	lower esophagus	81.15	0.056568542494922595	2	present_gold	81.15	0.056568542494922595	2	2	2
ENSG00000188486	H2AX	lower esophagus mucosa	91.89	0.0	1	present_gold	91.89	0.0	1	1	1
ENSG00000188486	H2AX	lower esophagus muscularis layer	81.35818181818182	0.4452149634012356	11	present_gold	81.35818181818182	0.4452149634012356	11	11	11
ENSG00000188486	H2AX	lower lobe of lung	80.27000000000001	3.9511770398199086	4	present_gold	80.27000000000001	3.9511770398199086	4	8	4
ENSG00000188486	H2AX	lung	80.99944444444445	2.6455411371771804	18	present_gold	80.99944444444445	2.6455411371771804	18	22	18
ENSG00000188486	H2AX	lymph node	83.59166666666667	2.8785164002775203	6	present_gold	83.59166666666667	2.8785164002775203	6	6	6
ENSG00000188486	H2AX	male germ cell	0.0	0.0	0	observed_zero	0.0	0.0	0	1	0
ENSG00000188486	H2AX	male germ line stem cell (sensu Vertebrata) in testis	81.64	0.0	1	present_gold	81.64	0.0	1	1	1
ENSG00000188486	H2AX	mammalian vulva	83.056	1.7642363787202695	5	present_gold	83.056	1.7642363787202695	5	5	5
ENSG00000188486	H2AX	mammary duct	80.93	0.0	1	present_gold	80.93	0.0	1	1	1
ENSG00000188486	H2AX	mammary gland	74.4	0.0	1	present_gold	74.4	0.0	1	1	1
ENSG00000188486	H2AX	material anatomical entity	81.66	0.0	1	present_gold	81.66	0.0	1	1	1
ENSG00000188486	H2AX	medial globus pallidus	0.0	0.0	0	observed_zero	0.0	0.0	0	3	0
ENSG00000188486	H2AX	medulla oblongata	90.395	0.9207551248839185	6	present_gold	90.395	0.9207551248839185	6	6	6
ENSG00000188486	H2AX	metanephric glomerulus	75.615	0.709577338984271	4	present_gold	75.615	0.709577338984271	4	9	4
ENSG00000188486	H2AX	metanephros	82.62333333333333	3.6717343767398707	3	present_gold	82.62333333333333	3.6717343767398707	3	4	3
ENSG00000188486	H2AX	metanephros cortex	82.46000000000001	1.1596551211459383	2	present_gold	82.46000000000001	1.1596551211459383	2	2	2
ENSG00000188486	H2AX	midbrain	91.65	1.5763565586503594	5	present_gold	91.65	1.5763565586503594	5	5	5
ENSG00000188486	H2AX	middle frontal gyrus	82.86	0.0	1	present_gold	82.86	0.0	1	1	1
ENSG00000188486	H2AX	middle temporal gyrus	79.605	4.348706704297271	2	present_gold	79.605	4.348706704297271	2	5	2
ENSG00000188486	H2AX	minor salivary gland	79.124	2.729962148699743	10	present_gold	79.124	2.729962148699743	10	10	10
ENSG00000188486	H2AX	monocyte	78.0	0.0	1	present_gold	78.0	0.0	1	1	1
ENSG00000188486	H2AX	mononuclear cell	0.0	0.0	0	observed_zero	0.0	0.0	0	1	0
ENSG00000188486	H2AX	mouth mucosa	81.19	1.4713259326199608	4	present_gold	81.19	1.4713259326199608	4	4	4
ENSG00000188486	H2AX	mucosa of paranasal sinus	0.0	0.0	0	observed_zero	0.0	0.0	0	1	0
ENSG00000188486	H2AX	mucosa of sigmoid colon	82.81	0.0	1	present_gold	82.81	0.0	1	1	1
ENSG00000188486	H2AX	mucosa of stomach	80.16	0.0	1	present_gold	80.16	0.0	1	1	1
ENSG00000188486	H2AX	mucosa of transverse colon	94.76	0.0	1	present_gold	94.76	0.0	1	1	1
ENSG00000188486	H2AX	mucosa of urinary bladder	0.0	0.0	0	observed_zero	0.0	0.0	0	1	0
ENSG00000188486	H2AX	multicellular organism	81.67	0.0	1	present_gold	81.67	0.0	1	1	1
ENSG00000188486	H2AX	muscle layer of sigmoid colon	80.39181818181818	1.4283474239961251	11	present_gold	80.39181818181818	1.4283474239961251	11	11	11
ENSG00000188486	H2AX	muscle of leg	79.005	0.24748737341529767	2	present_gold	79.005	0.24748737341529767	2	2	2
ENSG00000188486	H2AX	muscle organ	0.0	0.0	0	observed_zero	0.0	0.0	0	1	0
ENSG00000188486	H2AX	muscle tissue	76.83	0.0	1	present_gold	76.83	0.0	1	1	1
ENSG00000188486	H2AX	myocardium	0.0	0.0	0	observed_zero	0.0	0.0	0	7	0
ENSG00000188486	H2AX	myometrium	79.05363636363637	3.5506852091597003	11	present_gold	79.05363636363637	3.5506852091597003	11	11	11
ENSG00000188486	H2AX	nasal cavity epithelium	84.8325	1.2146981792472824	4	present_gold	84.8325	1.2146981792472824	4	7	4
ENSG00000188486	H2AX	nasal cavity mucosa	76.94	0.0	1	present_gold	76.94	0.0	1	1	1
ENSG00000188486	H2AX	neocortex	83.5	0.0	1	present_gold	83.5	0.0	1	1	1
ENSG00000188486	H2AX	nephron tubule	0.0	0.0	0	observed_zero	0.0	0.0	0	6	0
ENSG00000188486	H2AX	nipple	85.75999999999999	1.365173981586229	3	present_gold	85.75999999999999	1.365173981586229	3	3	3
ENSG00000188486	H2AX	nucleus accumbens	88.3153846153846	1.4927581596082233	13	present_gold	88.3153846153846	1.4927581596082233	13	13	13
ENSG00000188486	H2AX	occipital lobe	88.55666666666667	1.237346623491843	6	present_gold	88.55666666666667	1.237346623491843	6	6	6
ENSG00000188486	H2AX	olfactory bulb	0.0	0.0	0	observed_zero	0.0	0.0	0	1	0
ENSG00000188486	H2AX	olfactory segment of nasal mucosa	87.95	0.0	1	present_gold	87.95	0.0	1	1	1
ENSG00000188486	H2AX	omental fat pad	82.56363636363636	1.9242779047074923	11	present_gold	82.56363636363636	1.9242779047074923	11	11	11
ENSG00000188486	H2AX	oocyte	95.94	0.0	1	present_gold	95.94	0.0	1	1	1
ENSG00000188486	H2AX	oral cavity	81.64666666666666	1.7388233569476423	6	present_gold	81.64666666666666	1.7388233569476423	6	6	6
ENSG00000188486	H2AX	orbitofrontal cortex	84.745	1.087248821567538	6	present_gold	84.745	1.087248821567538	6	6	6
ENSG00000188486	H2AX	ovary	81.89272727272727	3.54247679148104	11	present_gold	81.89272727272727	3.54247679148104	11	11	11
ENSG00000188486	H2AX	oviduct epithelium	77.61	0.0	1	present_gold	77.61	0.0	1	3	1
ENSG00000188486	H2AX	palpebral conjunctiva	77.22999999999999	1.4817219712213205	5	present_gold	77.22999999999999	1.4817219712213205	5	5	5
ENSG00000188486	H2AX	pancreas	75.22	0.22627416997969038	2	present_gold	75.22	0.22627416997969038	2	2	2
ENSG00000188486	H2AX	pancreatic ductal cell	83.37	0.0	1	present_gold	83.37	0.0	1	1	1
ENSG00000188486	H2AX	paraflocculus	85.66	0.0	1	present_gold	85.66	0.0	1	2	1
ENSG00000188486	H2AX	parietal lobe	89.19500000000001	0.6716472288337066	6	present_gold	89.19500000000001	0.6716472288337066	6	6	6
ENSG00000188486	H2AX	parietal pleura	72.45	2.2422533309151294	3	present_gold	72.45	2.2422533309151294	3	4	3
ENSG00000188486	H2AX	parotid gland	78.7825	4.475178767379016	4	present_gold	78.7825	4.475178767379016	4	8	4
ENSG00000188486	H2AX	penis	84.15	0.0	1	present_gold	84.15	0.0	1	1	1
ENSG00000188486	H2AX	pericardium	0.0	0.0	0	observed_zero	0.0	0.0	0	1	0
ENSG00000188486	H2AX	periodontal ligament	83.39	0.0	1	present_gold	83.39	0.0	1	1	1
ENSG00000188486	H2AX	peritoneum	81.9	0.0	1	present_gold	81.9	0.0	1	1	1
ENSG00000188486	H2AX	pharyngeal mucosa	90.69	5.27201100150597	3	present_gold	90.69	5.27201100150597	3	3	3
ENSG00000188486	H2AX	pigmented layer of retina	81.7175	3.469508850927845	4	present_gold	81.7175	3.469508850927845	4	4	4
ENSG00000188486	H2AX	pituitary gland	87.08461538461538	2.1645539008635444	13	present_gold	87.08461538461538	2.1645539008635444	13	13	13
ENSG00000188486	H2AX	placenta	82.9075	7.49612511012634	4	present_gold	82.9075	7.49612511012634	4	4	4
ENSG00000188486	H2AX	pleura	0.0	0.0	0	observed_zero	0.0	0.0	0	1	0
ENSG00000188486	H2AX	pons	90.73	0.0	1	present_gold	90.73	0.0	1	1	1
ENSG00000188486	H2AX	popliteal artery	77.93	0.0	1	present_gold	77.93	0.0	1	1	1
ENSG00000188486	H2AX	postcentral gyrus	89.69266666666667	1.6163338881849982	15	present_gold	89.69266666666667	1.6163338881849982	15	15	15
ENSG00000188486	H2AX	prefrontal cortex	84.535	7.039757334832879	10	present_gold	84.535	7.039757334832879	10	10	10
ENSG00000188486	H2AX	primary visual cortex	79.1425	3.7630563186249075	8	present_gold	79.1425	3.7630563186249075	8	9	8
ENSG00000188486	H2AX	primordial germ cell in gonad	85.5	0.0	1	present_gold	85.5	0.0	1	1	1
ENSG00000188486	H2AX	prostate gland	81.69222222222223	2.6312914024190555	9	present_gold	81.69222222222223	2.6312914024190555	9	18	9
ENSG00000188486	H2AX	putamen	88.38142857142857	1.5343495597250876	14	present_gold	88.38142857142857	1.5343495597250876	14	16	14
ENSG00000188486	H2AX	pylorus	87.66333333333334	3.6951635056291297	3	present_gold	87.66333333333334	3.6951635056291297	3	3	3
ENSG00000188486	H2AX	quadriceps femoris	0.0	0.0	0	observed_zero	0.0	0.0	0	15	0
ENSG00000188486	H2AX	rectum	73.4	0.0	1	present_gold	73.4	0.0	1	1	1
ENSG00000188486	H2AX	renal glomerulus	0.0	0.0	0	observed_zero	0.0	0.0	0	1	0
ENSG00000188486	H2AX	renal medulla	77.925	1.590990257669732	2	present_gold	77.925	1.590990257669732	2	3	2
ENSG00000188486	H2AX	right adrenal gland	86.808	1.6100527941654603	5	present_gold	86.808	1.6100527941654603	5	5	5
ENSG00000188486	H2AX	right adrenal gland cortex	85.50666666666666	1.6850618188462205	3	present_gold	85.50666666666666	1.6850618188462205	3	3	3
ENSG00000188486	H2AX	right atrium auricular region	80.98818181818181	1.3523003969667267	11	present_gold	80.98818181818181	1.3523003969667267	11	11	11
ENSG00000188486	H2AX	right coronary artery	81.28999999999999	4.5396255352176365	2	present_gold	81.28999999999999	4.5396255352176365	2	2	2
ENSG00000188486	H2AX	right frontal lobe	89.03	1.7239997099767748	9	present_gold	89.03	1.7239997099767748	9	9	9
ENSG00000188486	H2AX	right hemisphere of cerebellum	87.91555555555556	0.5901294584900676	9	present_gold	87.91555555555556	0.5901294584900676	9	9	9
ENSG00000188486	H2AX	right lobe of liver	82.52	4.951297809665664	9	present_gold	82.52	4.951297809665664	9	9	9
ENSG00000188486	H2AX	right lobe of thyroid gland	78.18375	2.077381163869548	8	present_gold	78.18375	2.077381163869548	8	8	8
ENSG00000188486	H2AX	right lung	77.66499999999999	2.8920667350529716	2	present_gold	77.66499999999999	2.8920667350529716	2	2	2
ENSG00000188486	H2AX	right ovary	84.716	1.8255629268803673	5	present_gold	84.716	1.8255629268803673	5	5	5
ENSG00000188486	H2AX	right testis	87.2	1.9839984879026489	5	present_gold	87.2	1.9839984879026489	5	5	5
ENSG00000188486	H2AX	right uterine tube	82.2	0.0	1	present_gold	82.2	0.0	1	1	1
ENSG00000188486	H2AX	saliva-secreting gland	79.03399999999999	0.8266075247661365	5	present_gold	79.03399999999999	0.8266075247661365	5	5	5
ENSG00000188486	H2AX	saphenous vein	77.58	2.432447327281722	2	present_gold	77.58	2.432447327281722	2	3	2
ENSG00000188486	H2AX	secondary oocyte	88.25	0.0	1	present_gold	88.25	0.0	1	1	1
ENSG00000188486	H2AX	seminal vesicle	71.0	0.0	1	present_gold	71.0	0.0	1	1	1
ENSG00000188486	H2AX	sigmoid colon	80.765	1.3269137123415398	4	present_gold	80.765	1.3269137123415398	4	4	4
ENSG00000188486	H2AX	skeletal muscle tissue	78.33875	1.517652675303919	8	present_gold	78.33875	1.517652675303919	8	16	8
ENSG00000188486	H2AX	skeletal muscle tissue of biceps brachii	0.0	0.0	0	observed_zero	0.0	0.0	0	2	0
ENSG00000188486	H2AX	skeletal muscle tissue of rectus abdominis	0.0	0.0	0	observed_zero	0.0	0.0	0	2	0
ENSG00000188486	H2AX	skin of abdomen	82.782	1.9374599637440533	10	present_gold	82.782	1.9374599637440533	10	10	10
ENSG00000188486	H2AX	skin of hip	74.7	0.0	1	present_gold	74.7	0.0	1	1	1
ENSG00000188486	H2AX	skin of leg	80.645	1.2961446327825104	12	present_gold	80.645	1.2961446327825104	12	12	12
ENSG00000188486	H2AX	small intestine	83.53	0.26870057685088483	2	present_gold	83.53	0.26870057685088483	2	2	2
ENSG00000188486	H2AX	small intestine Peyer's patch	83.71181818181817	2.6513876298339243	11	present_gold	83.71181818181817	2.6513876298339243	11	11	11
ENSG00000188486	H2AX	smooth muscle tissue	82.24	13.831008640008871	2	present_gold	82.24	13.831008640008871	2	2	2
ENSG00000188486	H2AX	sperm	0.0	0.0	0	observed_zero	0.0	0.0	0	1	0
ENSG00000188486	H2AX	spinal cord	92.792	1.5168446781980636	10	present_gold	92.792	1.5168446781980636	10	10	10
ENSG00000188486	H2AX	spleen	86.57916666666667	1.9122973253670719	12	present_gold	86.57916666666667	1.9122973253670719	12	12	12
ENSG00000188486	H2AX	squamous epithelium	87.39500000000001	3.8395898218429476	2	present_gold	87.39500000000001	3.8395898218429476	2	3	2
ENSG00000188486	H2AX	stomach	79.34666666666666	5.133576342142587	12	present_gold	79.34666666666666	5.133576342142587	12	12	12
ENSG00000188486	H2AX	stromal cell of endometrium	88.03	0.0	1	present_gold	88.03	0.0	1	1	1
ENSG00000188486	H2AX	subcutaneous adipose tissue	75.69714285714285	2.041520657109939	14	present_gold	75.69714285714285	2.041520657109939	14	21	14
ENSG00000188486	H2AX	substantia nigra	90.3221052631579	1.9489557857916517	19	present_gold	90.3221052631579	1.9489557857916517	19	23	19
ENSG00000188486	H2AX	substantia nigra pars compacta	88.44999999999999	0.2969848480983512	2	present_gold	88.44999999999999	0.2969848480983512	2	2	2
ENSG00000188486	H2AX	substantia nigra pars reticulata	0.0	0.0	0	observed_zero	0.0	0.0	0	2	0
ENSG00000188486	H2AX	subthalamic nucleus	92.91	1.8515630462627284	8	present_gold	92.91	1.8515630462627284	8	8	8
ENSG00000188486	H2AX	superficial temporal artery	0.0	0.0	0	observed_zero	0.0	0.0	0	1	0
ENSG00000188486	H2AX	superior frontal gyrus	84.00391304347826	5.9955852994519185	23	present_gold	84.00391304347826	5.9955852994519185	23	25	23
ENSG00000188486	H2AX	superior surface of tongue	86.79	2.5524693925687	3	present_gold	86.79	2.5524693925687	3	3	3
ENSG00000188486	H2AX	superior vestibular nucleus	90.20599999999999	1.0458393758125542	5	present_gold	90.20599999999999	1.0458393758125542	5	5	5
ENSG00000188486	H2AX	sural nerve	71.66	9.842926394116743	2	present_gold	71.66	9.842926394116743	2	3	2
ENSG00000188486	H2AX	synovial joint	0.0	0.0	0	observed_zero	0.0	0.0	0	2	0
ENSG00000188486	H2AX	telencephalon	87.14	0.0	1	present_gold	87.14	0.0	1	1	1
ENSG00000188486	H2AX	temporal lobe	88.92875	1.0704263169410557	8	present_gold	88.92875	1.0704263169410557	8	8	8
ENSG00000188486	H2AX	tendon	79.86	0.0	1	present_gold	79.86	0.0	1	5	1
ENSG00000188486	H2AX	tendon of biceps brachii	0.0	0.0	0	observed_zero	0.0	0.0	0	1	0
ENSG00000188486	H2AX	testis	80.59307692307692	5.457487799063146	13	present_gold	80.59307692307692	5.457487799063146	13	13	13
ENSG00000188486	H2AX	thoracic aorta	80.72666666666667	0.783777179220388	6	present_gold	80.72666666666667	0.783777179220388	6	6	6
ENSG00000188486	H2AX	thoracic mammary gland	75.09357142857142	2.984615958139743	14	present_gold	75.09357142857142	2.984615958139743	14	15	14
ENSG00000188486	H2AX	thymus	96.0675	2.0765737004338005	4	present_gold	96.0675	2.0765737004338005	4	4	4
ENSG00000188486	H2AX	thyroid gland	78.63529411764705	1.2829123004275231	17	present_gold	78.63529411764705	1.2829123004275231	17	17	17
ENSG00000188486	H2AX	tibia	0.0	0.0	0	observed_zero	0.0	0.0	0	1	0
ENSG00000188486	H2AX	tibial artery	78.78	1.5921369287847071	11	present_gold	78.78	1.5921369287847071	11	11	11
ENSG00000188486	H2AX	tibial nerve	79.64272727272727	2.4023242533392133	11	present_gold	79.64272727272727	2.4023242533392133	11	11	11
ENSG00000188486	H2AX	tibialis anterior	0.0	0.0	0	observed_zero	0.0	0.0	0	2	0
ENSG00000188486	H2AX	tongue	87.25	0.0	1	present_gold	87.25	0.0	1	1	1
ENSG00000188486	H2AX	tongue squamous epithelium	0.0	0.0	0	observed_zero	0.0	0.0	0	1	0
ENSG00000188486	H2AX	tonsil	87.16166666666668	4.0972840597970075	6	present_gold	87.16166666666668	4.0972840597970075	6	6	6
ENSG00000188486	H2AX	trabecular bone tissue	93.2875	1.9248787840623482	4	present_gold	93.2875	1.9248787840623482	4	4	4
ENSG00000188486	H2AX	trachea	82.625	0.9545941546018352	2	present_gold	82.625	0.9545941546018352	2	3	2
ENSG00000188486	H2AX	transverse colon	84.551	2.2169922066720145	10	present_gold	84.551	2.2169922066720145	10	10	10
ENSG00000188486	H2AX	triceps brachii	0.0	0.0	0	observed_zero	0.0	0.0	0	2	0
ENSG00000188486	H2AX	trigeminal ganglion	82.24166666666666	2.391555281959141	6	present_gold	82.24166666666666	2.391555281959141	6	6	6
ENSG00000188486	H2AX	type B pancreatic cell	0.0	0.0	0	observed_zero	0.0	0.0	0	1	0
ENSG00000188486	H2AX	upper arm skin	0.0	0.0	0	observed_zero	0.0	0.0	0	4	0
ENSG00000188486	H2AX	upper leg skin	74.46	0.0	1	present_gold	74.46	0.0	1	1	1
ENSG00000188486	H2AX	upper lobe of left lung	81.01875	3.4762559395336297	8	present_gold	81.01875	3.4762559395336297	8	8	8
ENSG00000188486	H2AX	upper lobe of lung	94.16	0.0	1	present_gold	94.16	0.0	1	4	1
ENSG00000188486	H2AX	urethra	77.89333333333333	1.1881217670480342	3	present_gold	77.89333333333333	1.1881217670480342	3	3	3
ENSG00000188486	H2AX	urinary bladder	78.7825	2.333756934338157	8	present_gold	78.7825	2.333756934338157	8	8	8
ENSG00000188486	H2AX	uterine cervix	83.508	3.8697700190062942	5	present_gold	83.508	3.8697700190062942	5	5	5
ENSG00000188486	H2AX	uterus	79.28999999999999	0.282842712474613	2	present_gold	79.28999999999999	0.282842712474613	2	2	2
ENSG00000188486	H2AX	vagina	73.38555555555556	9.164796930525945	9	present_gold	73.38555555555556	9.164796930525945	9	12	9
ENSG00000188486	H2AX	vastus lateralis	0.0	0.0	0	observed_zero	0.0	0.0	0	18	0
ENSG00000188486	H2AX	vena cava	0.0	0.0	0	observed_zero	0.0	0.0	0	1	0
ENSG00000188486	H2AX	ventral tegmental area	90.60833333333333	2.7625525636024837	6	present_gold	90.60833333333333	2.7625525636024837	6	6	6
ENSG00000188486	H2AX	ventricular zone	98.905	0.12020815280171428	2	present_gold	98.905	0.12020815280171428	2	2	2
ENSG00000188486	H2AX	vermiform appendix	87.3275	3.815760081556486	4	present_gold	87.3275	3.815760081556486	4	4	4
ENSG00000188486	H2AX	visceral pleura	0.0	0.0	0	observed_zero	0.0	0.0	0	4	0
ENSG00000188486	H2AX	zone of skin	77.75384615384615	5.3869031586827	13	present_gold	77.75384615384615	5.3869031586827	13	15	13
ENSG00000196747	H2AC13	Ammon's horn	32.76	11.20252650074973	4	present_gold	32.76	11.20252650074973	4	9	4
ENSG00000196747	H2AC13	Brodmann (1909) area 10	0.0	0.0	0	observed_zero	0.0	0.0	0	1	0
ENSG00000196747	H2AC13	Brodmann (1909) area 9	0.0	0.0	0	observed_zero	0.0	0.0	0	8	0
ENSG00000196747	H2AC13	C1 segment of cervical spinal cord	50.00375	15.9864495633914	8	present_gold	50.00375	15.9864495633914	8	9	8
ENSG00000196747	H2AC13	adenohypophysis	0.0	0.0	0	observed_zero	0.0	0.0	0	6	0
ENSG00000196747	H2AC13	adipose tissue	30.805	1.5485638507985375	2	present_gold	30.805	1.5485638507985375	2	3	2
ENSG00000196747	H2AC13	adrenal gland	50.03	3.6501643798601715	3	present_gold	50.03	3.6501643798601715	3	3	3
ENSG00000196747	H2AC13	adrenal tissue	90.16000000000001	4.877202066759178	3	present_gold	90.16000000000001	4.877202066759178	3	3	3
ENSG00000196747	H2AC13	adult mammalian kidney	50.137499999999996	18.42100680382771	4	present_gold	50.137499999999996	18.42100680382771	4	13	4
ENSG00000196747	H2AC13	amygdala	0.0	0.0	0	observed_zero	0.0	0.0	0	8	0
ENSG00000196747	H2AC13	anterior cingulate cortex	26.857999999999997	4.6166405534760875	5	present_gold	26.857999999999997	4.6166405534760875	5	11	5
ENSG00000196747	H2AC13	apex of heart	0.0	0.0	0	observed_zero	0.0	0.0	0	1	0
ENSG00000196747	H2AC13	ascending aorta	36.23375	4.040650363139932	8	present_gold	36.23375	4.040650363139932	8	10	8
ENSG00000196747	H2AC13	blood	73.05470588235295	3.711280300730227	17	present_gold	73.05470588235295	3.711280300730227	17	17	17
ENSG00000196747	H2AC13	body of pancreas	0.0	0.0	0	observed_zero	0.0	0.0	0	10	0
ENSG00000196747	H2AC13	body of stomach	38.40875	4.59932429043348	8	present_gold	38.40875	4.59932429043348	8	11	8
ENSG00000196747	H2AC13	body of uterus	0.0	0.0	0	observed_zero	0.0	0.0	0	5	0
ENSG00000196747	H2AC13	bone marrow	75.53999999999999	10.267190462828667	2	present_gold	75.53999999999999	10.267190462828667	2	2	2
ENSG00000196747	H2AC13	bone marrow cell	98.73	0.0	1	present_gold	98.73	0.0	1	1	1
ENSG00000196747	H2AC13	brain	31.9075	10.847452465901846	4	present_gold	31.9075	10.847452465901846	4	5	4
ENSG00000196747	H2AC13	calcaneal tendon	62.1175	7.264233728802142	4	present_gold	62.1175	7.264233728802142	4	5	4
ENSG00000196747	H2AC13	caudate nucleus	36.675	9.916136680515587	4	present_gold	36.675	9.916136680515587	4	10	4
ENSG00000196747	H2AC13	central nervous system	27.6	0.0	1	present_gold	27.6	0.0	1	1	1
ENSG00000196747	H2AC13	cerebellar cortex	27.17	0.0	1	present_gold	27.17	0.0	1	2	1
ENSG00000196747	H2AC13	cerebellar hemisphere	27.77	0.0	1	present_gold	27.77	0.0	1	10	1
ENSG00000196747	H2AC13	cerebellar vermis	0.0	0.0	0	observed_zero	0.0	0.0	0	2	0
ENSG00000196747	H2AC13	cerebellum	27.325	2.128391411371507	2	present_gold	27.325	2.128391411371507	2	8	2
ENSG00000196747	H2AC13	cerebral cortex	27.58	0.0	1	present_gold	27.58	0.0	1	1	1
ENSG00000196747	H2AC13	colon	60.782000000000004	26.207106245783372	10	present_gold	60.782000000000004	26.207106245783372	10	10	10
ENSG00000196747	H2AC13	colonic epithelium	76.91	0.0	1	present_gold	76.91	0.0	1	1	1
ENSG00000196747	H2AC13	corpus callosum	52.35	0.0	1	present_gold	52.35	0.0	1	4	1
ENSG00000196747	H2AC13	cortex of kidney	42.92	0.0	1	present_gold	42.92	0.0	1	1	1
ENSG00000196747	H2AC13	cortical plate	0.0	0.0	0	observed_zero	0.0	0.0	0	2	0
ENSG00000196747	H2AC13	descending thoracic aorta	32.64	0.0	1	present_gold	32.64	0.0	1	3	1
ENSG00000196747	H2AC13	dorsolateral prefrontal cortex	27.36	0.0	1	present_gold	27.36	0.0	1	11	1
ENSG00000196747	H2AC13	duodenum	45.88	0.0	1	present_gold	45.88	0.0	1	1	1
ENSG00000196747	H2AC13	ectocervix	60.535	19.02824348172999	2	present_gold	60.535	19.02824348172999	2	5	2
ENSG00000196747	H2AC13	endocervix	48.88	0.0	1	present_gold	48.88	0.0	1	3	1
ENSG00000196747	H2AC13	endometrium	49.83	2.446589462905455	2	present_gold	49.83	2.446589462905455	2	2	2
ENSG00000196747	H2AC13	endometrium epithelium	0.0	0.0	0	observed_zero	0.0	0.0	0	1	0
ENSG00000196747	H2AC13	epithelium of bronchus	0.0	0.0	0	observed_zero	0.0	0.0	0	1	0
ENSG00000196747	H2AC13	esophagogastric junction muscularis propria	28.05	2.5278647115698263	5	present_gold	28.05	2.5278647115698263	5	11	5
ENSG00000196747	H2AC13	esophagus	42.785	1.029061060708579	4	present_gold	42.785	1.029061060708579	4	4	4
ENSG00000196747	H2AC13	esophagus mucosa	55.305454545454545	3.0106788724019173	11	present_gold	55.305454545454545	3.0106788724019173	11	11	11
ENSG00000196747	H2AC13	fallopian tube	32.04	0.0	1	present_gold	32.04	0.0	1	1	1
ENSG00000196747	H2AC13	frontal cortex	29.8525	2.753450865126645	4	present_gold	29.8525	2.753450865126645	4	21	4
ENSG00000196747	H2AC13	frontal pole	0.0	0.0	0	observed_zero	0.0	0.0	0	2	0
ENSG00000196747	H2AC13	fundus of stomach	46.94499999999999	0.657609306503489	2	present_gold	46.94499999999999	0.657609306503489	2	4	2
ENSG00000196747	H2AC13	gall bladder	47.82	0.0	1	present_gold	47.82	0.0	1	1	1
ENSG00000196747	H2AC13	ganglionic eminence	46.575	1.5627059864222705	2	present_gold	46.575	1.5627059864222705	2	2	2
ENSG00000196747	H2AC13	gastrocnemius	29.355	3.2643988726869764	4	present_gold	29.355	3.2643988726869764	4	11	4
ENSG00000196747	H2AC13	granulocyte	58.73	0.0	1	present_gold	58.73	0.0	1	1	1
ENSG00000196747	H2AC13	heart	61.625	30.559588184398034	6	present_gold	61.625	30.559588184398034	6	11	6
ENSG00000196747	H2AC13	heart left ventricle	28.845999999999997	2.429347649061368	5	present_gold	28.845999999999997	2.429347649061368	5	17	5
ENSG00000196747	H2AC13	hindlimb stylopod muscle	0.0	0.0	0	observed_zero	0.0	0.0	0	2	0
ENSG00000196747	H2AC13	hypothalamus	42.325	1.223294731452725	2	present_gold	42.325	1.223294731452725	2	8	2
ENSG00000196747	H2AC13	intestine	81.52000000000001	23.26072655787003	4	present_gold	81.52000000000001	23.26072655787003	4	4	4
ENSG00000196747	H2AC13	islet of Langerhans	35.3675	3.7270754844336946	4	present_gold	35.3675	3.7270754844336946	4	10	4
ENSG00000196747	H2AC13	kidney	82.935	27.15872419683959	4	present_gold	82.935	27.15872419683959	4	4	4
ENSG00000196747	H2AC13	left adrenal gland	47.78125	6.772535793292536	8	present_gold	47.78125	6.772535793292536	8	8	8
ENSG00000196747	H2AC13	left adrenal gland cortex	50.22	9.046691581535681	8	present_gold	50.22	9.046691581535681	8	8	8
ENSG00000196747	H2AC13	left coronary artery	46.730000000000004	12.327293566175289	7	present_gold	46.730000000000004	12.327293566175289	7	9	7
ENSG00000196747	H2AC13	left lobe of thyroid gland	30.96166666666667	5.483339918942346	6	present_gold	30.96166666666667	5.483339918942346	6	11	6
ENSG00000196747	H2AC13	left ovary	33.21333333333333	0.4411726797222763	3	present_gold	33.21333333333333	0.4411726797222763	3	5	3
ENSG00000196747	H2AC13	left testis	30.0925	2.5678184645076962	4	present_gold	30.0925	2.5678184645076962	4	6	4
ENSG00000196747	H2AC13	left uterine tube	27.87	0.0	1	present_gold	27.87	0.0	1	2	1
ENSG00000196747	H2AC13	leukocyte	69.39	0.0	1	present_gold	69.39	0.0	1	1	1
ENSG00000196747	H2AC13	liver	39.82	1.2029630085750769	6	present_gold	39.82	1.2029630085750769	6	10	6
ENSG00000196747	H2AC13	lower esophagus	25.79	0.0	1	present_gold	25.79	0.0	1	2	1
ENSG00000196747	H2AC13	lower esophagus mucosa	59.98	0.0	1	present_gold	59.98	0.0	1	1	1
ENSG00000196747	H2AC13	lower esophagus muscularis layer	28.73	2.4367396249907376	3	present_gold	28.73	2.4367396249907376	3	11	3
ENSG00000196747	H2AC13	lung	67.74666666666667	23.91073120309512	6	present_gold	67.74666666666667	23.91073120309512	6	7	6
ENSG00000196747	H2AC13	lymph node	60.045	1.2940054095713807	2	present_gold	60.045	1.2940054095713807	2	2	2
ENSG00000196747	H2AC13	metanephric glomerulus	0.0	0.0	0	observed_zero	0.0	0.0	0	2	0
ENSG00000196747	H2AC13	metanephros cortex	0.0	0.0	0	observed_zero	0.0	0.0	0	2	0
ENSG00000196747	H2AC13	middle frontal gyrus	0.0	0.0	0	observed_zero	0.0	0.0	0	1	0
ENSG00000196747	H2AC13	minor salivary gland	39.89	6.392107633636969	6	present_gold	39.89	6.392107633636969	6	10	6
ENSG00000196747	H2AC13	monocyte	79.08	0.0	1	present_gold	79.08	0.0	1	1	1
ENSG00000196747	H2AC13	mucosa of stomach	44.35	0.0	1	present_gold	44.35	0.0	1	1	1
ENSG00000196747	H2AC13	mucosa of transverse colon	71.1	0.0	1	present_gold	71.1	0.0	1	1	1
ENSG00000196747	H2AC13	multicellular organism	37.63	0.0	1	present_gold	37.63	0.0	1	1	1
ENSG00000196747	H2AC13	muscle layer of sigmoid colon	33.61714285714286	4.513984619253496	7	present_gold	33.61714285714286	4.513984619253496	7	11	7
ENSG00000196747	H2AC13	muscle of leg	32.69	2.3193102422918743	2	present_gold	32.69	2.3193102422918743	2	2	2
ENSG00000196747	H2AC13	muscle tissue	40.94	0.0	1	present_gold	40.94	0.0	1	1	1
ENSG00000196747	H2AC13	myometrium	33.455	3.9810111780802644	2	present_gold	33.455	3.9810111780802644	2	7	2
ENSG00000196747	H2AC13	nucleus accumbens	32.832499999999996	13.808551396387193	4	present_gold	32.832499999999996	13.808551396387193	4	9	4
ENSG00000196747	H2AC13	olfactory segment of nasal mucosa	38.79	0.0	1	present_gold	38.79	0.0	1	1	1
ENSG00000196747	H2AC13	omental fat pad	39.3	8.176101061718144	8	present_gold	39.3	8.176101061718144	8	11	8
ENSG00000196747	H2AC13	ovary	34.43	0.4877499359302886	3	present_gold	34.43	0.4877499359302886	3	4	3
ENSG00000196747	H2AC13	pancreas	28.37	0.9899494936611655	2	present_gold	28.37	0.9899494936611655	2	2	2
ENSG00000196747	H2AC13	paraflocculus	0.0	0.0	0	observed_zero	0.0	0.0	0	2	0
ENSG00000196747	H2AC13	pituitary gland	27.785	7.375123727775691	2	present_gold	27.785	7.375123727775691	2	10	2
ENSG00000196747	H2AC13	placenta	54.47	0.0	1	present_gold	54.47	0.0	1	1	1
ENSG00000196747	H2AC13	popliteal artery	34.42	0.0	1	present_gold	34.42	0.0	1	1	1
ENSG00000196747	H2AC13	prefrontal cortex	34.495000000000005	3.521983342758263	4	present_gold	34.495000000000005	3.521983342758263	4	8	4
ENSG00000196747	H2AC13	primary visual cortex	0.0	0.0	0	observed_zero	0.0	0.0	0	4	0
ENSG00000196747	H2AC13	primordial germ cell in gonad	88.75	0.0	1	present_gold	88.75	0.0	1	1	1
ENSG00000196747	H2AC13	prostate gland	37.83142857142857	2.2635033949715244	7	present_gold	37.83142857142857	2.2635033949715244	7	17	7
ENSG00000196747	H2AC13	putamen	43.11	0.0	1	present_gold	43.11	0.0	1	8	1
ENSG00000196747	H2AC13	quadriceps femoris	0.0	0.0	0	observed_zero	0.0	0.0	0	8	0
ENSG00000196747	H2AC13	rectum	65.91	0.0	1	present_gold	65.91	0.0	1	1	1
ENSG00000196747	H2AC13	right adrenal gland	52.545	3.6023186977278945	4	present_gold	52.545	3.6023186977278945	4	5	4
ENSG00000196747	H2AC13	right adrenal gland cortex	51.89333333333334	2.333459520397413	3	present_gold	51.89333333333334	2.333459520397413	3	3	3
ENSG00000196747	H2AC13	right atrium auricular region	32.222857142857144	3.3307542403371366	7	present_gold	32.222857142857144	3.3307542403371366	7	11	7
ENSG00000196747	H2AC13	right coronary artery	0.0	0.0	0	observed_zero	0.0	0.0	0	2	0
ENSG00000196747	H2AC13	right frontal lobe	25.13	0.0	1	present_gold	25.13	0.0	1	9	1
ENSG00000196747	H2AC13	right hemisphere of cerebellum	0.0	0.0	0	observed_zero	0.0	0.0	0	9	0
ENSG00000196747	H2AC13	right lobe of liver	47.67666666666667	4.8760674045108665	3	present_gold	47.67666666666667	4.8760674045108665	3	9	3
ENSG00000196747	H2AC13	right lobe of thyroid gland	50.15	0.0	1	present_gold	50.15	0.0	1	8	1
ENSG00000196747	H2AC13	right lung	52.599999999999994	8.711555544218266	2	present_gold	52.599999999999994	8.711555544218266	2	2	2
ENSG00000196747	H2AC13	right ovary	0.0	0.0	0	observed_zero	0.0	0.0	0	5	0
ENSG00000196747	H2AC13	right testis	29.465	1.223294731452725	2	present_gold	29.465	1.223294731452725	2	5	2
ENSG00000196747	H2AC13	right uterine tube	0.0	0.0	0	observed_zero	0.0	0.0	0	1	0
ENSG00000196747	H2AC13	saliva-secreting gland	31.96	0.0	1	present_gold	31.96	0.0	1	1	1
ENSG00000196747	H2AC13	sigmoid colon	35.6375	4.04043211385449	4	present_gold	35.6375	4.04043211385449	4	4	4
ENSG00000196747	H2AC13	skeletal muscle tissue	0.0	0.0	0	observed_zero	0.0	0.0	0	4	0
ENSG00000196747	H2AC13	skin of abdomen	35.58571428571428	5.543364974281887	7	present_gold	35.58571428571428	5.543364974281887	7	10	7
ENSG00000196747	H2AC13	skin of leg	33.7025	2.1663118757134545	8	present_gold	33.7025	2.1663118757134545	8	12	8
ENSG00000196747	H2AC13	small intestine	45.705	1.039446968344224	2	present_gold	45.705	1.039446968344224	2	2	2
ENSG00000196747	H2AC13	small intestine Peyer's patch	45.979	4.946499211002104	10	present_gold	45.979	4.946499211002104	10	11	10
ENSG00000196747	H2AC13	smooth muscle tissue	33.95	0.0	1	present_gold	33.95	0.0	1	1	1
ENSG00000196747	H2AC13	spinal cord	43.87	0.0	1	present_gold	43.87	0.0	1	1	1
ENSG00000196747	H2AC13	spleen	55.259166666666665	4.076423250246657	12	present_gold	55.259166666666665	4.076423250246657	12	12	12
ENSG00000196747	H2AC13	stomach	65.09083333333334	29.531166420436477	12	present_gold	65.09083333333334	29.531166420436477	12	12	12
ENSG00000196747	H2AC13	stromal cell of endometrium	47.8	0.0	1	present_gold	47.8	0.0	1	1	1
ENSG00000196747	H2AC13	subcutaneous adipose tissue	55.09166666666667	31.12838666983348	6	present_gold	55.09166666666667	31.12838666983348	6	14	6
ENSG00000196747	H2AC13	substantia nigra	35.07	14.487570534772212	3	present_gold	35.07	14.487570534772212	3	9	3
ENSG00000196747	H2AC13	superior frontal gyrus	0.0	0.0	0	observed_zero	0.0	0.0	0	4	0
ENSG00000196747	H2AC13	sural nerve	0.0	0.0	0	observed_zero	0.0	0.0	0	3	0
ENSG00000196747	H2AC13	temporal lobe	0.0	0.0	0	observed_zero	0.0	0.0	0	3	0
ENSG00000196747	H2AC13	testis	34.802499999999995	13.122612481260479	4	present_gold	34.802499999999995	13.122612481260479	4	8	4
ENSG00000196747	H2AC13	thoracic aorta	34.894	4.597812523363691	5	present_gold	34.894	4.597812523363691	5	6	5
ENSG00000196747	H2AC13	thoracic mammary gland	35.04	7.813571526517178	3	present_gold	35.04	7.813571526517178	3	11	3
ENSG00000196747	H2AC13	thymus	0.0	0.0	0	observed_zero	0.0	0.0	0	1	0
ENSG00000196747	H2AC13	thyroid gland	31.367	4.697257000988271	10	present_gold	31.367	4.697257000988271	10	13	10
ENSG00000196747	H2AC13	tibial artery	36.15857142857143	6.795847821945958	7	present_gold	36.15857142857143	6.795847821945958	7	11	7
ENSG00000196747	H2AC13	tibial nerve	31.653333333333336	1.2809892010994226	3	present_gold	31.653333333333336	1.2809892010994226	3	11	3
ENSG00000196747	H2AC13	tonsil	62.92333333333334	5.784741423204096	3	present_gold	62.92333333333334	5.784741423204096	3	3	3
ENSG00000196747	H2AC13	transverse colon	49.46	6.35741037425355	10	present_gold	49.46	6.35741037425355	10	10	10
ENSG00000196747	H2AC13	upper lobe of left lung	44.0	5.400518493626329	5	present_gold	44.0	5.400518493626329	5	8	5
ENSG00000196747	H2AC13	urinary bladder	38.84	3.8325187540310837	2	present_gold	38.84	3.8325187540310837	2	6	2
ENSG00000196747	H2AC13	uterine cervix	45.08	0.0	1	present_gold	45.08	0.0	1	1	1
ENSG00000196747	H2AC13	vagina	45.422	6.468660603247014	5	present_gold	45.422	6.468660603247014	5	5	5
ENSG00000196747	H2AC13	vastus lateralis	0.0	0.0	0	observed_zero	0.0	0.0	0	2	0
ENSG00000196747	H2AC13	ventricular zone	62.650000000000006	18.2292128189892	2	present_gold	62.650000000000006	18.2292128189892	2	2	2
ENSG00000196747	H2AC13	vermiform appendix	36.32	0.0	1	present_gold	36.32	0.0	1	1	1
ENSG00000196747	H2AC13	zone of skin	33.55	0.4384062043356577	2	present_gold	33.55	0.4384062043356577	2	2	2
ENSG00000196787	H2AC11	Ammon's horn	43.751999999999995	1.3597683626265191	5	present_gold	43.751999999999995	1.3597683626265191	5	24	5
ENSG00000196787	H2AC11	Brodmann (1909) area 10	0.0	0.0	0	observed_zero	0.0	0.0	0	1	0
ENSG00000196787	H2AC11	Brodmann (1909) area 23	0.0	0.0	0	observed_zero	0.0	0.0	0	6	0
ENSG00000196787	H2AC11	Brodmann (1909) area 46	0.0	0.0	0	observed_zero	0.0	0.0	0	5	0
ENSG00000196787	H2AC11	Brodmann (1909) area 9	46.705	0.5868986283848332	2	present_gold	46.705	0.5868986283848332	2	10	2
ENSG00000196787	H2AC11	C1 segment of cervical spinal cord	52.333333333333336	4.808788828800865	9	present_gold	52.333333333333336	4.808788828800865	9	9	9
ENSG00000196787	H2AC11	CA1 field of hippocampus	0.0	0.0	0	observed_zero	0.0	0.0	0	4	0
ENSG00000196787	H2AC11	adenohypophysis	51.03	0.0	1	present_gold	51.03	0.0	1	6	1
ENSG00000196787	H2AC11	adipose tissue	42.38375	0.8846458129023808	8	present_gold	42.38375	0.8846458129023808	8	15	8
ENSG00000196787	H2AC11	adipose tissue of abdominal region	45.33	0.42343830719480247	5	present_gold	45.33	0.42343830719480247	5	6	5
ENSG00000196787	H2AC11	adrenal cortex	48.33	0.0	1	present_gold	48.33	0.0	1	3	1
ENSG00000196787	H2AC11	adrenal gland	51.1	2.022893966573634	3	present_gold	51.1	2.022893966573634	3	4	3
ENSG00000196787	H2AC11	adrenal tissue	80.61666666666667	1.6696207154121387	3	present_gold	80.61666666666667	1.6696207154121387	3	3	3
ENSG00000196787	H2AC11	adult mammalian kidney	47.9775	7.696511655722135	4	present_gold	47.9775	7.696511655722135	4	13	4
ENSG00000196787	H2AC11	adult organism	0.0	0.0	0	observed_zero	0.0	0.0	0	1	0
ENSG00000196787	H2AC11	amniotic fluid	81.58	0.0	1	present_gold	81.58	0.0	1	2	1
ENSG00000196787	H2AC11	amygdala	40.27	2.4071975407099453	4	present_gold	40.27	2.4071975407099453	4	13	4
ENSG00000196787	H2AC11	anatomical system	48.27	0.0	1	present_gold	48.27	0.0	1	1	1
ENSG00000196787	H2AC11	anterior cingulate cortex	37.45	0.0	1	present_gold	37.45	0.0	1	10	1
ENSG00000196787	H2AC11	aorta	54.32	0.7212489168102756	2	present_gold	54.32	0.7212489168102756	2	2	2
ENSG00000196787	H2AC11	apex of heart	0.0	0.0	0	observed_zero	0.0	0.0	0	1	0
ENSG00000196787	H2AC11	ascending aorta	54.702	2.238143079529199	10	present_gold	54.702	2.238143079529199	10	10	10
ENSG00000196787	H2AC11	biceps brachii	0.0	0.0	0	observed_zero	0.0	0.0	0	5	0
ENSG00000196787	H2AC11	blood	69.79942857142858	5.125160509886578	35	present_gold	69.79942857142858	5.125160509886578	35	39	35
ENSG00000196787	H2AC11	blood vessel layer	0.0	0.0	0	observed_zero	0.0	0.0	0	1	0
ENSG00000196787	H2AC11	body of pancreas	48.9	0.0	1	present_gold	48.9	0.0	1	10	1
ENSG00000196787	H2AC11	body of stomach	47.32272727272727	2.8723408255605425	11	present_gold	47.32272727272727	2.8723408255605425	11	11	11
ENSG00000196787	H2AC11	body of tongue	0.0	0.0	0	observed_zero	0.0	0.0	0	3	0
ENSG00000196787	H2AC11	body of uterus	39.88	0.0	1	present_gold	39.88	0.0	1	5	1
ENSG00000196787	H2AC11	bone marrow	63.36	3.747665940288705	2	present_gold	63.36	3.747665940288705	2	14	2
ENSG00000196787	H2AC11	bone marrow cell	83.9	0.0	1	present_gold	83.9	0.0	1	6	1
ENSG00000196787	H2AC11	brain	42.25875	7.749915091700775	8	present_gold	42.25875	7.749915091700775	8	20	8
ENSG00000196787	H2AC11	bronchial epithelial cell	0.0	0.0	0	observed_zero	0.0	0.0	0	21	0
ENSG00000196787	H2AC11	bronchus	0.0	0.0	0	observed_zero	0.0	0.0	0	1	0
ENSG00000196787	H2AC11	buccal mucosa cell	0.0	0.0	0	observed_zero	0.0	0.0	0	1	0
ENSG00000196787	H2AC11	caecum	0.0	0.0	0	observed_zero	0.0	0.0	0	3	0
ENSG00000196787	H2AC11	calcaneal tendon	65.9125	6.21772935510491	4	present_gold	65.9125	6.21772935510491	4	5	4
ENSG00000196787	H2AC11	caput epididymis	0.0	0.0	0	observed_zero	0.0	0.0	0	3	0
ENSG00000196787	H2AC11	cardia of stomach	0.0	0.0	0	observed_zero	0.0	0.0	0	3	0
ENSG00000196787	H2AC11	cardiac atrium	45.09	0.0	1	present_gold	45.09	0.0	1	3	1
ENSG00000196787	H2AC11	cardiac muscle of right atrium	0.0	0.0	0	observed_zero	0.0	0.0	0	8	0
ENSG00000196787	H2AC11	cardiac ventricle	47.405	1.7606958851545047	2	present_gold	47.405	1.7606958851545047	2	2	2
ENSG00000196787	H2AC11	cartilage tissue	0.0	0.0	0	observed_zero	0.0	0.0	0	1	0
ENSG00000196787	H2AC11	cauda epididymis	0.0	0.0	0	observed_zero	0.0	0.0	0	3	0
ENSG00000196787	H2AC11	caudate nucleus	39.72	0.0	1	present_gold	39.72	0.0	1	19	1
ENSG00000196787	H2AC11	central nervous system	40.64	0.0	1	present_gold	40.64	0.0	1	1	1
ENSG00000196787	H2AC11	cerebellar cortex	0.0	0.0	0	observed_zero	0.0	0.0	0	2	0
ENSG00000196787	H2AC11	cerebellar hemisphere	0.0	0.0	0	observed_zero	0.0	0.0	0	11	0
ENSG00000196787	H2AC11	cerebellar vermis	0.0	0.0	0	observed_zero	0.0	0.0	0	3	0
ENSG00000196787	H2AC11	cerebellum	0.0	0.0	0	observed_zero	0.0	0.0	0	17	0
ENSG00000196787	H2AC11	cerebral cortex	50.21333333333334	12.894387668025706	3	present_gold	50.21333333333334	12.894387668025706	3	8	3
ENSG00000196787	H2AC11	cervix epithelium	0.0	0.0	0	observed_zero	0.0	0.0	0	6	0
ENSG00000196787	H2AC11	cervix squamous epithelium	0.0	0.0	0	observed_zero	0.0	0.0	0	1	0
ENSG00000196787	H2AC11	choroid plexus epithelium	0.0	0.0	0	observed_zero	0.0	0.0	0	1	0
ENSG00000196787	H2AC11	cingulate cortex	0.0	0.0	0	observed_zero	0.0	0.0	0	1	0
ENSG00000196787	H2AC11	colon	59.79764705882353	14.828200130752453	17	present_gold	59.79764705882353	14.828200130752453	17	18	17
ENSG00000196787	H2AC11	colonic epithelium	72.52	0.0	1	present_gold	72.52	0.0	1	1	1
ENSG00000196787	H2AC11	colonic mucosa	57.74333333333334	6.042932511068885	3	present_gold	57.74333333333334	6.042932511068885	3	6	3
ENSG00000196787	H2AC11	connective tissue	42.24	0.0	1	present_gold	42.24	0.0	1	1	1
ENSG00000196787	H2AC11	coronary artery	49.095	5.267945519839781	2	present_gold	49.095	5.267945519839781	2	2	2
ENSG00000196787	H2AC11	corpus callosum	0.0	0.0	0	observed_zero	0.0	0.0	0	9	0
ENSG00000196787	H2AC11	corpus epididymis	0.0	0.0	0	observed_zero	0.0	0.0	0	3	0
ENSG00000196787	H2AC11	cortex of kidney	52.42	0.0	1	present_gold	52.42	0.0	1	4	1
ENSG00000196787	H2AC11	cortical plate	56.3	3.4365389565666207	2	present_gold	56.3	3.4365389565666207	2	2	2
ENSG00000196787	H2AC11	cranial nerve II	0.0	0.0	0	observed_zero	0.0	0.0	0	1	0
ENSG00000196787	H2AC11	decidua	0.0	0.0	0	observed_zero	0.0	0.0	0	2	0
ENSG00000196787	H2AC11	deltoid	0.0	0.0	0	observed_zero	0.0	0.0	0	8	0
ENSG00000196787	H2AC11	descending thoracic aorta	58.86333333333334	4.84545491500368	3	present_gold	58.86333333333334	4.84545491500368	3	3	3
ENSG00000196787	H2AC11	diaphragm	0.0	0.0	0	observed_zero	0.0	0.0	0	1	0
ENSG00000196787	H2AC11	dorsal motor nucleus of vagus nerve	0.0	0.0	0	observed_zero	0.0	0.0	0	2	0
ENSG00000196787	H2AC11	dorsal plus ventral thalamus	0.0	0.0	0	observed_zero	0.0	0.0	0	7	0
ENSG00000196787	H2AC11	dorsal root ganglion	0.0	0.0	0	observed_zero	0.0	0.0	0	7	0
ENSG00000196787	H2AC11	dorsolateral prefrontal cortex	42.35333333333333	3.600837865460391	3	present_gold	42.35333333333333	3.600837865460391	3	22	3
ENSG00000196787	H2AC11	duodenum	62.415	1.0253048327204959	2	present_gold	62.415	1.0253048327204959	2	4	2
ENSG00000196787	H2AC11	ectocervix	50.376666666666665	9.586533958284056	3	present_gold	50.376666666666665	9.586533958284056	3	5	3
ENSG00000196787	H2AC11	embryo	0.0	0.0	0	observed_zero	0.0	0.0	0	6	0
ENSG00000196787	H2AC11	endocervix	43.2	0.0	1	present_gold	43.2	0.0	1	3	1
ENSG00000196787	H2AC11	endometrium	56.905	1.8538338652640907	4	present_gold	56.905	1.8538338652640907	4	16	4
ENSG00000196787	H2AC11	endometrium epithelium	0.0	0.0	0	observed_zero	0.0	0.0	0	1	0
ENSG00000196787	H2AC11	endothelial cell	0.0	0.0	0	observed_zero	0.0	0.0	0	1	0
ENSG00000196787	H2AC11	entorhinal cortex	0.0	0.0	0	observed_zero	0.0	0.0	0	21	0
ENSG00000196787	H2AC11	epithelial cell of pancreas	0.0	0.0	0	observed_zero	0.0	0.0	0	1	0
ENSG00000196787	H2AC11	epithelium of bronchus	0.0	0.0	0	observed_zero	0.0	0.0	0	11	0
ENSG00000196787	H2AC11	epithelium of esophagus	0.0	0.0	0	observed_zero	0.0	0.0	0	1	0
ENSG00000196787	H2AC11	epithelium of mammary gland	0.0	0.0	0	observed_zero	0.0	0.0	0	7	0
ENSG00000196787	H2AC11	epithelium of nasopharynx	0.0	0.0	0	observed_zero	0.0	0.0	0	1	0
ENSG00000196787	H2AC11	esophagogastric junction muscularis propria	48.351	2.2749087893803557	10	present_gold	48.351	2.2749087893803557	10	11	10
ENSG00000196787	H2AC11	esophagus	51.708571428571425	1.0735987545234411	7	present_gold	51.708571428571425	1.0735987545234411	7	7	7
ENSG00000196787	H2AC11	esophagus mucosa	54.277272727272724	1.5351878771609087	11	present_gold	54.277272727272724	1.5351878771609087	11	11	11
ENSG00000196787	H2AC11	esophagus squamous epithelium	0.0	0.0	0	observed_zero	0.0	0.0	0	1	0
ENSG00000196787	H2AC11	fallopian tube	46.23	0.0	1	present_gold	46.23	0.0	1	2	1
ENSG00000196787	H2AC11	female reproductive system	48.53	0.0	1	present_gold	48.53	0.0	1	1	1
ENSG00000196787	H2AC11	forebrain	59.53	7.99030662740799	2	present_gold	59.53	7.99030662740799	2	2	2
ENSG00000196787	H2AC11	frontal cortex	43.68833333333333	1.4533191895336217	6	present_gold	43.68833333333333	1.4533191895336217	6	23	6
ENSG00000196787	H2AC11	frontal pole	0.0	0.0	0	observed_zero	0.0	0.0	0	2	0
ENSG00000196787	H2AC11	fundus of stomach	45.725	0.6400781202322103	4	present_gold	45.725	0.6400781202322103	4	7	4
ENSG00000196787	H2AC11	gall bladder	51.1	0.0	1	present_gold	51.1	0.0	1	1	1
ENSG00000196787	H2AC11	ganglionic eminence	65.935	1.3930003589374977	2	present_gold	65.935	1.3930003589374977	2	2	2
ENSG00000196787	H2AC11	gastrocnemius	46.516666666666666	3.0065553379241163	9	present_gold	46.516666666666666	3.0065553379241163	9	13	9
ENSG00000196787	H2AC11	germinal epithelium of ovary	0.0	0.0	0	observed_zero	0.0	0.0	0	1	0
ENSG00000196787	H2AC11	gingiva	0.0	0.0	0	observed_zero	0.0	0.0	0	2	0
ENSG00000196787	H2AC11	gingival epithelium	0.0	0.0	0	observed_zero	0.0	0.0	0	1	0
ENSG00000196787	H2AC11	globus pallidus	0.0	0.0	0	observed_zero	0.0	0.0	0	1	0
ENSG00000196787	H2AC11	gluteal muscle	0.0	0.0	0	observed_zero	0.0	0.0	0	1	0
ENSG00000196787	H2AC11	granulocyte	65.7	0.0	1	present_gold	65.7	0.0	1	1	1
ENSG00000196787	H2AC11	hair follicle	0.0	0.0	0	observed_zero	0.0	0.0	0	3	0
ENSG00000196787	H2AC11	heart	53.513333333333335	13.929386545135774	15	present_gold	53.513333333333335	13.929386545135774	15	15	15
ENSG00000196787	H2AC11	heart left ventricle	49.85999999999999	3.647614413433924	12	present_gold	49.85999999999999	3.647614413433924	12	17	12
ENSG00000196787	H2AC11	heart right ventricle	0.0	0.0	0	observed_zero	0.0	0.0	0	6	0
ENSG00000196787	H2AC11	hindlimb stylopod muscle	54.66	0.0	1	present_gold	54.66	0.0	1	2	1
ENSG00000196787	H2AC11	hypothalamus	44.334	2.774820114289693	10	present_gold	44.334	2.774820114289693	10	16	10
ENSG00000196787	H2AC11	ileal mucosa	0.0	0.0	0	observed_zero	0.0	0.0	0	1	0
ENSG00000196787	H2AC11	inferior olivary complex	0.0	0.0	0	observed_zero	0.0	0.0	0	3	0
ENSG00000196787	H2AC11	inferior vagus X ganglion	0.0	0.0	0	observed_zero	0.0	0.0	0	6	0
ENSG00000196787	H2AC11	intestine	77.6675	15.978613571479432	4	present_gold	77.6675	15.978613571479432	4	4	4
ENSG00000196787	H2AC11	islet of Langerhans	48.593333333333334	3.8565398999621414	9	present_gold	48.593333333333334	3.8565398999621414	9	16	9
ENSG00000196787	H2AC11	jejunal mucosa	71.51	0.0	1	present_gold	71.51	0.0	1	1	1
ENSG00000196787	H2AC11	jejunum	0.0	0.0	0	observed_zero	0.0	0.0	0	2	0
ENSG00000196787	H2AC11	kidney	63.52	15.83398560059974	5	present_gold	63.52	15.83398560059974	5	6	5
ENSG00000196787	H2AC11	kidney epithelium	0.0	0.0	0	observed_zero	0.0	0.0	0	1	0
ENSG00000196787	H2AC11	large intestine	53.09	0.848528137423854	2	present_gold	53.09	0.848528137423854	2	2	2
ENSG00000196787	H2AC11	lateral globus pallidus	0.0	0.0	0	observed_zero	0.0	0.0	0	2	0
ENSG00000196787	H2AC11	lateral nuclear group of thalamus	0.0	0.0	0	observed_zero	0.0	0.0	0	2	0
ENSG00000196787	H2AC11	layer of synovial tissue	0.0	0.0	0	observed_zero	0.0	0.0	0	9	0
ENSG00000196787	H2AC11	left adrenal gland	48.655	2.7380702276290454	8	present_gold	48.655	2.7380702276290454	8	8	8
ENSG00000196787	H2AC11	left adrenal gland cortex	50.085	4.846736751965918	8	present_gold	50.085	4.846736751965918	8	8	8
ENSG00000196787	H2AC11	left coronary artery	53.2425	2.345906769551716	8	present_gold	53.2425	2.345906769551716	8	9	8
ENSG00000196787	H2AC11	left lobe of thyroid gland	43.33714285714286	2.7155522107895136	7	present_gold	43.33714285714286	2.7155522107895136	7	11	7
ENSG00000196787	H2AC11	left ovary	0.0	0.0	0	observed_zero	0.0	0.0	0	5	0
ENSG00000196787	H2AC11	left testis	61.83166666666667	1.1423732606581214	6	present_gold	61.83166666666667	1.1423732606581214	6	6	6
ENSG00000196787	H2AC11	left uterine tube	39.98	0.0	1	present_gold	39.98	0.0	1	2	1
ENSG00000196787	H2AC11	left ventricle myocardium	0.0	0.0	0	observed_zero	0.0	0.0	0	4	0
ENSG00000196787	H2AC11	leukocyte	76.08	0.0	1	present_gold	76.08	0.0	1	1	1
ENSG00000196787	H2AC11	liver	57.458	8.674316934820533	15	present_gold	57.458	8.674316934820533	15	23	15
ENSG00000196787	H2AC11	lower esophagus	47.05	1.5132085117392122	2	present_gold	47.05	1.5132085117392122	2	2	2
ENSG00000196787	H2AC11	lower esophagus mucosa	52.86	0.0	1	present_gold	52.86	0.0	1	1	1
ENSG00000196787	H2AC11	lower esophagus muscularis layer	49.20454545454545	1.9006754780149282	11	present_gold	49.20454545454545	1.9006754780149282	11	11	11
ENSG00000196787	H2AC11	lower lobe of lung	0.0	0.0	0	observed_zero	0.0	0.0	0	8	0
ENSG00000196787	H2AC11	lung	61.1390909090909	17.52817244012932	11	present_gold	61.1390909090909	17.52817244012932	11	22	11
ENSG00000196787	H2AC11	lymph node	62.18000000000001	3.8003552465526176	3	present_gold	62.18000000000001	3.8003552465526176	3	6	3
ENSG00000196787	H2AC11	male germ cell	0.0	0.0	0	observed_zero	0.0	0.0	0	1	0
ENSG00000196787	H2AC11	male germ line stem cell (sensu Vertebrata) in testis	79.02	0.0	1	present_gold	79.02	0.0	1	1	1
ENSG00000196787	H2AC11	mammalian vulva	0.0	0.0	0	observed_zero	0.0	0.0	0	5	0
ENSG00000196787	H2AC11	mammary duct	0.0	0.0	0	observed_zero	0.0	0.0	0	1	0
ENSG00000196787	H2AC11	mammary gland	42.82	0.0	1	present_gold	42.82	0.0	1	1	1
ENSG00000196787	H2AC11	material anatomical entity	48.26	0.0	1	present_gold	48.26	0.0	1	1	1
ENSG00000196787	H2AC11	medial globus pallidus	0.0	0.0	0	observed_zero	0.0	0.0	0	3	0
ENSG00000196787	H2AC11	medulla oblongata	0.0	0.0	0	observed_zero	0.0	0.0	0	6	0
ENSG00000196787	H2AC11	metanephric glomerulus	0.0	0.0	0	observed_zero	0.0	0.0	0	9	0
ENSG00000196787	H2AC11	metanephros	0.0	0.0	0	observed_zero	0.0	0.0	0	4	0
ENSG00000196787	H2AC11	metanephros cortex	0.0	0.0	0	observed_zero	0.0	0.0	0	2	0
ENSG00000196787	H2AC11	midbrain	45.5	3.266833329081853	2	present_gold	45.5	3.266833329081853	2	4	2
ENSG00000196787	H2AC11	middle frontal gyrus	0.0	0.0	0	observed_zero	0.0	0.0	0	1	0
ENSG00000196787	H2AC11	middle temporal gyrus	0.0	0.0	0	observed_zero	0.0	0.0	0	5	0
ENSG00000196787	H2AC11	minor salivary gland	44.43666666666667	3.608342186286292	3	present_gold	44.43666666666667	3.608342186286292	3	10	3
ENSG00000196787	H2AC11	monocyte	82.8	0.0	1	present_gold	82.8	0.0	1	1	1
ENSG00000196787	H2AC11	mononuclear cell	82.35	0.0	1	present_gold	82.35	0.0	1	2	1
ENSG00000196787	H2AC11	mouth mucosa	0.0	0.0	0	observed_zero	0.0	0.0	0	4	0
ENSG00000196787	H2AC11	mucosa of paranasal sinus	0.0	0.0	0	observed_zero	0.0	0.0	0	1	0
ENSG00000196787	H2AC11	mucosa of sigmoid colon	0.0	0.0	0	observed_zero	0.0	0.0	0	1	0
ENSG00000196787	H2AC11	mucosa of stomach	0.0	0.0	0	observed_zero	0.0	0.0	0	1	0
ENSG00000196787	H2AC11	mucosa of transverse colon	65.72	0.0	1	present_gold	65.72	0.0	1	1	1
ENSG00000196787	H2AC11	mucosa of urinary bladder	0.0	0.0	0	observed_zero	0.0	0.0	0	1	0
ENSG00000196787	H2AC11	multicellular organism	48.25	0.0	1	present_gold	48.25	0.0	1	1	1
ENSG00000196787	H2AC11	muscle layer of sigmoid colon	48.03363636363636	2.831668316478019	11	present_gold	48.03363636363636	2.831668316478019	11	11	11
ENSG00000196787	H2AC11	muscle of leg	46.125	5.847773080412746	2	present_gold	46.125	5.847773080412746	2	2	2
ENSG00000196787	H2AC11	muscle organ	0.0	0.0	0	observed_zero	0.0	0.0	0	1	0
ENSG00000196787	H2AC11	muscle tissue	49.31	0.0	1	present_gold	49.31	0.0	1	1	1
ENSG00000196787	H2AC11	myocardium	0.0	0.0	0	observed_zero	0.0	0.0	0	8	0
ENSG00000196787	H2AC11	myometrium	48.6375	9.643620948585648	4	present_gold	48.6375	9.643620948585648	4	11	4
ENSG00000196787	H2AC11	nasal cavity epithelium	0.0	0.0	0	observed_zero	0.0	0.0	0	7	0
ENSG00000196787	H2AC11	nasal cavity mucosa	0.0	0.0	0	observed_zero	0.0	0.0	0	1	0
ENSG00000196787	H2AC11	neocortex	51.17	0.0	1	present_gold	51.17	0.0	1	1	1
ENSG00000196787	H2AC11	nephron tubule	0.0	0.0	0	observed_zero	0.0	0.0	0	8	0
ENSG00000196787	H2AC11	nipple	0.0	0.0	0	observed_zero	0.0	0.0	0	3	0
ENSG00000196787	H2AC11	nucleus accumbens	40.295	2.6917837951811796	4	present_gold	40.295	2.6917837951811796	4	14	4
ENSG00000196787	H2AC11	occipital lobe	0.0	0.0	0	observed_zero	0.0	0.0	0	6	0
ENSG00000196787	H2AC11	olfactory bulb	0.0	0.0	0	observed_zero	0.0	0.0	0	1	0
ENSG00000196787	H2AC11	olfactory segment of nasal mucosa	48.1	0.0	1	present_gold	48.1	0.0	1	1	1
ENSG00000196787	H2AC11	omental fat pad	43.51555555555555	1.7433524536873712	9	present_gold	43.51555555555555	1.7433524536873712	9	11	9
ENSG00000196787	H2AC11	oocyte	0.0	0.0	0	observed_zero	0.0	0.0	0	1	0
ENSG00000196787	H2AC11	oral cavity	0.0	0.0	0	observed_zero	0.0	0.0	0	6	0
ENSG00000196787	H2AC11	orbitofrontal cortex	0.0	0.0	0	observed_zero	0.0	0.0	0	6	0
ENSG00000196787	H2AC11	ovary	75.20599999999999	18.06650713336698	5	present_gold	75.20599999999999	18.06650713336698	5	11	5
ENSG00000196787	H2AC11	oviduct epithelium	0.0	0.0	0	observed_zero	0.0	0.0	0	3	0
ENSG00000196787	H2AC11	palpebral conjunctiva	67.1375	2.9509249962229305	4	present_gold	67.1375	2.9509249962229305	4	6	4
ENSG00000196787	H2AC11	pancreas	41.935	0.7424621202458779	2	present_gold	41.935	0.7424621202458779	2	2	2
ENSG00000196787	H2AC11	pancreatic ductal cell	0.0	0.0	0	observed_zero	0.0	0.0	0	1	0
ENSG00000196787	H2AC11	paraflocculus	0.0	0.0	0	observed_zero	0.0	0.0	0	2	0
ENSG00000196787	H2AC11	parietal lobe	0.0	0.0	0	observed_zero	0.0	0.0	0	6	0
ENSG00000196787	H2AC11	parietal pleura	0.0	0.0	0	observed_zero	0.0	0.0	0	4	0
ENSG00000196787	H2AC11	parotid gland	0.0	0.0	0	observed_zero	0.0	0.0	0	8	0
ENSG00000196787	H2AC11	penis	0.0	0.0	0	observed_zero	0.0	0.0	0	1	0
ENSG00000196787	H2AC11	pericardium	0.0	0.0	0	observed_zero	0.0	0.0	0	1	0
ENSG00000196787	H2AC11	periodontal ligament	0.0	0.0	0	observed_zero	0.0	0.0	0	1	0
ENSG00000196787	H2AC11	peritoneum	42.82	0.0	1	present_gold	42.82	0.0	1	1	1
ENSG00000196787	H2AC11	pharyngeal mucosa	0.0	0.0	0	observed_zero	0.0	0.0	0	3	0
ENSG00000196787	H2AC11	pigmented layer of retina	0.0	0.0	0	observed_zero	0.0	0.0	0	4	0
ENSG00000196787	H2AC11	pituitary gland	34.19	2.5534290669607422	3	present_gold	34.19	2.5534290669607422	3	12	3
ENSG00000196787	H2AC11	placenta	60.27	2.714019159843939	3	present_gold	60.27	2.714019159843939	3	4	3
ENSG00000196787	H2AC11	pleura	0.0	0.0	0	observed_zero	0.0	0.0	0	1	0
ENSG00000196787	H2AC11	pons	0.0	0.0	0	observed_zero	0.0	0.0	0	1	0
ENSG00000196787	H2AC11	popliteal artery	53.99	0.0	1	present_gold	53.99	0.0	1	1	1
ENSG00000196787	H2AC11	postcentral gyrus	0.0	0.0	0	observed_zero	0.0	0.0	0	15	0
ENSG00000196787	H2AC11	prefrontal cortex	45.4925	0.504603804979706	4	present_gold	45.4925	0.504603804979706	4	10	4
ENSG00000196787	H2AC11	primary visual cortex	0.0	0.0	0	observed_zero	0.0	0.0	0	9	0
ENSG00000196787	H2AC11	primordial germ cell in gonad	75.62	0.0	1	present_gold	75.62	0.0	1	1	1
ENSG00000196787	H2AC11	prostate gland	49.52125	2.1149024800212426	8	present_gold	49.52125	2.1149024800212426	8	18	8
ENSG00000196787	H2AC11	putamen	43.94	0.0	1	present_gold	43.94	0.0	1	15	1
ENSG00000196787	H2AC11	pylorus	0.0	0.0	0	observed_zero	0.0	0.0	0	3	0
ENSG00000196787	H2AC11	quadriceps femoris	0.0	0.0	0	observed_zero	0.0	0.0	0	20	0
ENSG00000196787	H2AC11	rectum	57.9	0.0	1	present_gold	57.9	0.0	1	1	1
ENSG00000196787	H2AC11	renal glomerulus	0.0	0.0	0	observed_zero	0.0	0.0	0	1	0
ENSG00000196787	H2AC11	renal medulla	0.0	0.0	0	observed_zero	0.0	0.0	0	3	0
ENSG00000196787	H2AC11	right adrenal gland	49.956	3.17446530930801	5	present_gold	49.956	3.17446530930801	5	5	5
ENSG00000196787	H2AC11	right adrenal gland cortex	52.02	1.6614451540752133	3	present_gold	52.02	1.6614451540752133	3	3	3
ENSG00000196787	H2AC11	right atrium auricular region	46.98125	3.005706180393743	8	present_gold	46.98125	3.005706180393743	8	11	8
ENSG00000196787	H2AC11	right coronary artery	52.47	2.1354624791833707	2	present_gold	52.47	2.1354624791833707	2	2	2
ENSG00000196787	H2AC11	right frontal lobe	36.12	1.7111984104714462	2	present_gold	36.12	1.7111984104714462	2	9	2
ENSG00000196787	H2AC11	right hemisphere of cerebellum	0.0	0.0	0	observed_zero	0.0	0.0	0	9	0
ENSG00000196787	H2AC11	right lobe of liver	51.26833333333334	6.157884106303615	6	present_gold	51.26833333333334	6.157884106303615	6	9	6
ENSG00000196787	H2AC11	right lobe of thyroid gland	46.39166666666667	3.586945311357097	6	present_gold	46.39166666666667	3.586945311357097	6	8	6
ENSG00000196787	H2AC11	right lung	51.35	0.0	1	present_gold	51.35	0.0	1	2	1
ENSG00000196787	H2AC11	right ovary	46.585	3.5143207024971406	2	present_gold	46.585	3.5143207024971406	2	5	2
ENSG00000196787	H2AC11	right testis	63.294000000000004	1.805846062099425	5	present_gold	63.294000000000004	1.805846062099425	5	5	5
ENSG00000196787	H2AC11	right uterine tube	0.0	0.0	0	observed_zero	0.0	0.0	0	1	0
ENSG00000196787	H2AC11	saliva-secreting gland	0.0	0.0	0	observed_zero	0.0	0.0	0	5	0
ENSG00000196787	H2AC11	saphenous vein	0.0	0.0	0	observed_zero	0.0	0.0	0	3	0
ENSG00000196787	H2AC11	secondary oocyte	0.0	0.0	0	observed_zero	0.0	0.0	0	1	0
ENSG00000196787	H2AC11	seminal vesicle	0.0	0.0	0	observed_zero	0.0	0.0	0	1	0
ENSG00000196787	H2AC11	sigmoid colon	46.7725	0.604172988472672	4	present_gold	46.7725	0.604172988472672	4	4	4
ENSG00000196787	H2AC11	skeletal muscle tissue	0.0	0.0	0	observed_zero	0.0	0.0	0	16	0
ENSG00000196787	H2AC11	skeletal muscle tissue of biceps brachii	0.0	0.0	0	observed_zero	0.0	0.0	0	2	0
ENSG00000196787	H2AC11	skeletal muscle tissue of rectus abdominis	0.0	0.0	0	observed_zero	0.0	0.0	0	2	0
ENSG00000196787	H2AC11	skin of abdomen	42.45428571428572	1.721190064488883	7	present_gold	42.45428571428572	1.721190064488883	7	10	7
ENSG00000196787	H2AC11	skin of hip	0.0	0.0	0	observed_zero	0.0	0.0	0	1	0
ENSG00000196787	H2AC11	skin of leg	38.89	3.196122650963192	2	present_gold	38.89	3.196122650963192	2	12	2
ENSG00000196787	H2AC11	small intestine	51.445	0.558614357137377	2	present_gold	51.445	0.558614357137377	2	2	2
ENSG00000196787	H2AC11	small intestine Peyer's patch	49.809999999999995	2.3757104200638595	9	present_gold	49.809999999999995	2.3757104200638595	9	11	9
ENSG00000196787	H2AC11	smooth muscle tissue	50.47	0.0	1	present_gold	50.47	0.0	1	2	1
ENSG00000196787	H2AC11	sperm	0.0	0.0	0	observed_zero	0.0	0.0	0	1	0
ENSG00000196787	H2AC11	spinal cord	48.915	2.6780421953359883	6	present_gold	48.915	2.6780421953359883	6	10	6
ENSG00000196787	H2AC11	spleen	54.814166666666665	2.099612337955978	12	present_gold	54.814166666666665	2.099612337955978	12	12	12
ENSG00000196787	H2AC11	squamous epithelium	0.0	0.0	0	observed_zero	0.0	0.0	0	3	0
ENSG00000196787	H2AC11	stomach	66.73583333333333	22.767335636162986	12	present_gold	66.73583333333333	22.767335636162986	12	12	12
ENSG00000196787	H2AC11	stromal cell of endometrium	65.1	0.0	1	present_gold	65.1	0.0	1	1	1
ENSG00000196787	H2AC11	subcutaneous adipose tissue	40.9825	1.957249345382443	4	present_gold	40.9825	1.957249345382443	4	20	4
ENSG00000196787	H2AC11	substantia nigra	49.35545454545454	2.1895586936018123	11	present_gold	49.35545454545454	2.1895586936018123	11	23	11
ENSG00000196787	H2AC11	substantia nigra pars compacta	0.0	0.0	0	observed_zero	0.0	0.0	0	2	0
ENSG00000196787	H2AC11	substantia nigra pars reticulata	0.0	0.0	0	observed_zero	0.0	0.0	0	2	0
ENSG00000196787	H2AC11	subthalamic nucleus	0.0	0.0	0	observed_zero	0.0	0.0	0	8	0
ENSG00000196787	H2AC11	superficial temporal artery	0.0	0.0	0	observed_zero	0.0	0.0	0	1	0
ENSG00000196787	H2AC11	superior frontal gyrus	0.0	0.0	0	observed_zero	0.0	0.0	0	25	0
ENSG00000196787	H2AC11	superior surface of tongue	0.0	0.0	0	observed_zero	0.0	0.0	0	3	0
ENSG00000196787	H2AC11	superior vestibular nucleus	0.0	0.0	0	observed_zero	0.0	0.0	0	5	0
ENSG00000196787	H2AC11	sural nerve	0.0	0.0	0	observed_zero	0.0	0.0	0	3	0
ENSG00000196787	H2AC11	synovial joint	0.0	0.0	0	observed_zero	0.0	0.0	0	2	0
ENSG00000196787	H2AC11	telencephalon	0.0	0.0	0	observed_zero	0.0	0.0	0	1	0
ENSG00000196787	H2AC11	temporal lobe	41.92	0.0	1	present_gold	41.92	0.0	1	6	1
ENSG00000196787	H2AC11	tendon	0.0	0.0	0	observed_zero	0.0	0.0	0	5	0
ENSG00000196787	H2AC11	tendon of biceps brachii	0.0	0.0	0	observed_zero	0.0	0.0	0	1	0
ENSG00000196787	H2AC11	testis	66.72461538461538	7.676446243091717	13	present_gold	66.72461538461538	7.676446243091717	13	13	13
ENSG00000196787	H2AC11	thoracic aorta	55.745	1.5889210175461836	6	present_gold	55.745	1.5889210175461836	6	6	6
ENSG00000196787	H2AC11	thoracic mammary gland	44.50714285714286	3.534325556999121	7	present_gold	44.50714285714286	3.534325556999121	7	15	7
ENSG00000196787	H2AC11	thymus	76.51	0.0	1	present_gold	76.51	0.0	1	3	1
ENSG00000196787	H2AC11	thyroid gland	45.45066666666666	5.838765117320451	15	present_gold	45.45066666666666	5.838765117320451	15	17	15
ENSG00000196787	H2AC11	tibia	0.0	0.0	0	observed_zero	0.0	0.0	0	1	0
ENSG00000196787	H2AC11	tibial artery	55.08818181818182	3.563155394258909	11	present_gold	55.08818181818182	3.563155394258909	11	11	11
ENSG00000196787	H2AC11	tibial nerve	36.56	0.0	1	present_gold	36.56	0.0	1	11	1
ENSG00000196787	H2AC11	tibialis anterior	0.0	0.0	0	observed_zero	0.0	0.0	0	2	0
ENSG00000196787	H2AC11	tongue	0.0	0.0	0	observed_zero	0.0	0.0	0	1	0
ENSG00000196787	H2AC11	tongue squamous epithelium	0.0	0.0	0	observed_zero	0.0	0.0	0	1	0
ENSG00000196787	H2AC11	tonsil	51.68	4.367264590106719	4	present_gold	51.68	4.367264590106719	4	6	4
ENSG00000196787	H2AC11	trabecular bone tissue	0.0	0.0	0	observed_zero	0.0	0.0	0	4	0
ENSG00000196787	H2AC11	trachea	0.0	0.0	0	observed_zero	0.0	0.0	0	3	0
ENSG00000196787	H2AC11	transverse colon	53.535000000000004	3.1066997494661983	10	present_gold	53.535000000000004	3.1066997494661983	10	10	10
ENSG00000196787	H2AC11	triceps brachii	0.0	0.0	0	observed_zero	0.0	0.0	0	2	0
ENSG00000196787	H2AC11	trigeminal ganglion	0.0	0.0	0	observed_zero	0.0	0.0	0	6	0
ENSG00000196787	H2AC11	type B pancreatic cell	0.0	0.0	0	observed_zero	0.0	0.0	0	1	0
ENSG00000196787	H2AC11	upper arm skin	0.0	0.0	0	observed_zero	0.0	0.0	0	4	0
ENSG00000196787	H2AC11	upper leg skin	0.0	0.0	0	observed_zero	0.0	0.0	0	1	0
ENSG00000196787	H2AC11	upper lobe of left lung	46.42166666666666	5.558713580197008	6	present_gold	46.42166666666666	5.558713580197008	6	8	6
ENSG00000196787	H2AC11	upper lobe of lung	0.0	0.0	0	observed_zero	0.0	0.0	0	4	0
ENSG00000196787	H2AC11	urethra	0.0	0.0	0	observed_zero	0.0	0.0	0	3	0
ENSG00000196787	H2AC11	urinary bladder	46.5025	2.6982309019059136	8	present_gold	46.5025	2.6982309019059136	8	8	8
ENSG00000196787	H2AC11	uterine cervix	51.93	3.1536962440919973	2	present_gold	51.93	3.1536962440919973	2	5	2
ENSG00000196787	H2AC11	uterus	49.614999999999995	0.26162950903902077	2	present_gold	49.614999999999995	0.26162950903902077	2	2	2
ENSG00000196787	H2AC11	vagina	59.892727272727264	10.514713587073201	11	present_gold	59.892727272727264	10.514713587073201	11	12	11
ENSG00000196787	H2AC11	vastus lateralis	0.0	0.0	0	observed_zero	0.0	0.0	0	22	0
ENSG00000196787	H2AC11	vena cava	0.0	0.0	0	observed_zero	0.0	0.0	0	1	0
ENSG00000196787	H2AC11	ventral tegmental area	0.0	0.0	0	observed_zero	0.0	0.0	0	6	0
ENSG00000196787	H2AC11	ventricular zone	68.965	2.8496403281817875	2	present_gold	68.965	2.8496403281817875	2	2	2
ENSG00000196787	H2AC11	vermiform appendix	50.76	0.0	1	present_gold	50.76	0.0	1	4	1
ENSG00000196787	H2AC11	visceral pleura	0.0	0.0	0	observed_zero	0.0	0.0	0	4	0
ENSG00000196787	H2AC11	zone of skin	40.534285714285716	0.35570854843336414	7	present_gold	40.534285714285716	0.35570854843336414	7	15	7
ENSG00000196866	H2AC7	Ammon's horn	37.446	11.930898122102962	5	present_gold	37.446	11.930898122102962	5	8	5
ENSG00000196866	H2AC7	Brodmann (1909) area 9	39.235	8.899417583939599	4	present_gold	39.235	8.899417583939599	4	8	4
ENSG00000196866	H2AC7	C1 segment of cervical spinal cord	54.98125	11.004768365836435	8	present_gold	54.98125	11.004768365836435	8	9	8
ENSG00000196866	H2AC7	adenohypophysis	33.68	0.0	1	present_gold	33.68	0.0	1	6	1
ENSG00000196866	H2AC7	adipose tissue	40.02	8.047912772887141	3	present_gold	40.02	8.047912772887141	3	3	3
ENSG00000196866	H2AC7	adrenal gland	42.080000000000005	10.020663650677037	3	present_gold	42.080000000000005	10.020663650677037	3	3	3
ENSG00000196866	H2AC7	adrenal tissue	91.91000000000001	3.065632071857288	3	present_gold	91.91000000000001	3.065632071857288	3	3	3
ENSG00000196866	H2AC7	adult mammalian kidney	51.8725	18.54206857777355	8	present_gold	51.8725	18.54206857777355	8	11	8
ENSG00000196866	H2AC7	amygdala	30.68	0.07071067811865576	2	present_gold	30.68	0.07071067811865576	2	8	2
ENSG00000196866	H2AC7	anterior cingulate cortex	29.63	1.4369759914487092	3	present_gold	29.63	1.4369759914487092	3	9	3
ENSG00000196866	H2AC7	apex of heart	0.0	0.0	0	observed_zero	0.0	0.0	0	1	0
ENSG00000196866	H2AC7	ascending aorta	34.964	5.408555362674131	10	present_gold	34.964	5.408555362674131	10	10	10
ENSG00000196866	H2AC7	blood	71.580625	5.941550267677059	16	present_gold	71.580625	5.941550267677059	16	16	16
ENSG00000196866	H2AC7	body of pancreas	34.50333333333333	3.409550312480127	3	present_gold	34.50333333333333	3.409550312480127	3	10	3
ENSG00000196866	H2AC7	body of stomach	37.561	9.890463925755284	10	present_gold	37.561	9.890463925755284	10	11	10
ENSG00000196866	H2AC7	body of uterus	38.24	9.135819612930195	2	present_gold	38.24	9.135819612930195	2	5	2
ENSG00000196866	H2AC7	bone marrow	64.32	0.0	1	present_gold	64.32	0.0	1	1	1
ENSG00000196866	H2AC7	bone marrow cell	97.24	0.0	1	present_gold	97.24	0.0	1	1	1
ENSG00000196866	H2AC7	brain	30.096666666666664	0.4718403684863494	3	present_gold	30.096666666666664	0.4718403684863494	3	4	3
ENSG00000196866	H2AC7	calcaneal tendon	85.762	3.65838352281441	5	present_gold	85.762	3.65838352281441	5	5	5
ENSG00000196866	H2AC7	caudate nucleus	34.019999999999996	5.539801440485029	4	present_gold	34.019999999999996	5.539801440485029	4	9	4
ENSG00000196866	H2AC7	cerebellar cortex	0.0	0.0	0	observed_zero	0.0	0.0	0	1	0
ENSG00000196866	H2AC7	cerebellar hemisphere	0.0	0.0	0	observed_zero	0.0	0.0	0	9	0
ENSG00000196866	H2AC7	cerebellum	0.0	0.0	0	observed_zero	0.0	0.0	0	2	0
ENSG00000196866	H2AC7	cerebral cortex	29.26	0.0	1	present_gold	29.26	0.0	1	1	1
ENSG00000196866	H2AC7	colon	59.18333333333333	29.670575912846722	9	present_gold	59.18333333333333	29.670575912846722	9	10	9
ENSG00000196866	H2AC7	colonic epithelium	73.21	0.0	1	present_gold	73.21	0.0	1	1	1
ENSG00000196866	H2AC7	corpus callosum	86.745	1.933054577605089	4	present_gold	86.745	1.933054577605089	4	4	4
ENSG00000196866	H2AC7	cortex of kidney	43.39	0.0	1	present_gold	43.39	0.0	1	2	1
ENSG00000196866	H2AC7	cortical plate	0.0	0.0	0	observed_zero	0.0	0.0	0	2	0
ENSG00000196866	H2AC7	descending thoracic aorta	44.26	0.0	1	present_gold	44.26	0.0	1	3	1
ENSG00000196866	H2AC7	dorsolateral prefrontal cortex	34.123333333333335	8.04898958462075	3	present_gold	34.123333333333335	8.04898958462075	3	10	3
ENSG00000196866	H2AC7	duodenum	34.62	0.0	1	present_gold	34.62	0.0	1	1	1
ENSG00000196866	H2AC7	ectocervix	71.45	13.19746945440678	3	present_gold	71.45	13.19746945440678	3	5	3
ENSG00000196866	H2AC7	endocervix	56.665	21.09299528279471	2	present_gold	56.665	21.09299528279471	2	3	2
ENSG00000196866	H2AC7	endometrium	31.16	0.0	1	present_gold	31.16	0.0	1	2	1
ENSG00000196866	H2AC7	esophagogastric junction muscularis propria	32.982	5.606636246449382	5	present_gold	32.982	5.606636246449382	5	11	5
ENSG00000196866	H2AC7	esophagus	44.975	0.9982818573262084	4	present_gold	44.975	0.9982818573262084	4	4	4
ENSG00000196866	H2AC7	esophagus mucosa	54.6109090909091	8.159808152824985	11	present_gold	54.6109090909091	8.159808152824985	11	11	11
ENSG00000196866	H2AC7	fallopian tube	26.66	0.0	1	present_gold	26.66	0.0	1	1	1
ENSG00000196866	H2AC7	frontal cortex	29.573333333333334	4.120440914918371	3	present_gold	29.573333333333334	4.120440914918371	3	5	3
ENSG00000196866	H2AC7	fundus of stomach	50.01	3.120913327857726	3	present_gold	50.01	3.120913327857726	3	4	3
ENSG00000196866	H2AC7	gall bladder	44.46	0.0	1	present_gold	44.46	0.0	1	1	1
ENSG00000196866	H2AC7	ganglionic eminence	57.155	0.24748737341529264	2	present_gold	57.155	0.24748737341529264	2	2	2
ENSG00000196866	H2AC7	gastrocnemius	29.52	0.0	1	present_gold	29.52	0.0	1	11	1
ENSG00000196866	H2AC7	granulocyte	66.43	0.0	1	present_gold	66.43	0.0	1	1	1
ENSG00000196866	H2AC7	heart	58.958749999999995	28.512064332489153	8	present_gold	58.958749999999995	28.512064332489153	8	10	8
ENSG00000196866	H2AC7	heart left ventricle	34.845	3.1768492927067595	8	present_gold	34.845	3.1768492927067595	8	14	8
ENSG00000196866	H2AC7	hindlimb stylopod muscle	49.01	0.0	1	present_gold	49.01	0.0	1	2	1
ENSG00000196866	H2AC7	hypothalamus	36.92	5.378890839816948	4	present_gold	36.92	5.378890839816948	4	8	4
ENSG00000196866	H2AC7	intestine	81.9225	27.26357444772543	4	present_gold	81.9225	27.26357444772543	4	4	4
ENSG00000196866	H2AC7	islet of Langerhans	37.207499999999996	2.9608712118789184	4	present_gold	37.207499999999996	2.9608712118789184	4	10	4
ENSG00000196866	H2AC7	kidney	84.3325	24.633841729079396	4	present_gold	84.3325	24.633841729079396	4	4	4
ENSG00000196866	H2AC7	left adrenal gland	41.9525	12.473869688272362	4	present_gold	41.9525	12.473869688272362	4	7	4
ENSG00000196866	H2AC7	left adrenal gland cortex	52.345	4.2921381618023435	2	present_gold	52.345	4.2921381618023435	2	8	2
ENSG00000196866	H2AC7	left coronary artery	47.49666666666667	11.289498955519091	6	present_gold	47.49666666666667	11.289498955519091	6	9	6
ENSG00000196866	H2AC7	left lobe of thyroid gland	34.3725	10.664754702155266	8	present_gold	34.3725	10.664754702155266	8	11	8
ENSG00000196866	H2AC7	left ovary	44.362	11.395346418604392	5	present_gold	44.362	11.395346418604392	5	5	5
ENSG00000196866	H2AC7	left testis	27.444	4.564102321377118	5	present_gold	27.444	4.564102321377118	5	6	5
ENSG00000196866	H2AC7	left uterine tube	0.0	0.0	0	observed_zero	0.0	0.0	0	2	0
ENSG00000196866	H2AC7	leukocyte	68.51	0.0	1	present_gold	68.51	0.0	1	1	1
ENSG00000196866	H2AC7	liver	49.57125	3.537628089553792	8	present_gold	49.57125	3.537628089553792	8	11	8
ENSG00000196866	H2AC7	lower esophagus	31.48	0.8202438661763978	2	present_gold	31.48	0.8202438661763978	2	2	2
ENSG00000196866	H2AC7	lower esophagus mucosa	73.05	0.0	1	present_gold	73.05	0.0	1	1	1
ENSG00000196866	H2AC7	lower esophagus muscularis layer	32.107777777777784	1.3921007307104056	9	present_gold	32.107777777777784	1.3921007307104056	9	11	9
ENSG00000196866	H2AC7	lung	64.38714285714285	23.140062456186033	7	present_gold	64.38714285714285	23.140062456186033	7	7	7
ENSG00000196866	H2AC7	lymph node	45.644999999999996	0.7141778489984116	2	present_gold	45.644999999999996	0.7141778489984116	2	2	2
ENSG00000196866	H2AC7	male germ line stem cell (sensu Vertebrata) in testis	88.5	0.0	1	present_gold	88.5	0.0	1	1	1
ENSG00000196866	H2AC7	metanephros cortex	42.739999999999995	7.665037508062173	2	present_gold	42.739999999999995	7.665037508062173	2	2	2
ENSG00000196866	H2AC7	minor salivary gland	49.06	5.819752081121177	8	present_gold	49.06	5.819752081121177	8	10	8
ENSG00000196866	H2AC7	monocyte	48.98	0.0	1	present_gold	48.98	0.0	1	1	1
ENSG00000196866	H2AC7	mucosa of stomach	0.0	0.0	0	observed_zero	0.0	0.0	0	1	0
ENSG00000196866	H2AC7	mucosa of transverse colon	54.22	0.0	1	present_gold	54.22	0.0	1	1	1
ENSG00000196866	H2AC7	multicellular organism	40.13	0.0	1	present_gold	40.13	0.0	1	1	1
ENSG00000196866	H2AC7	muscle layer of sigmoid colon	39.06777777777778	7.8334519494565376	9	present_gold	39.06777777777778	7.8334519494565376	9	11	9
ENSG00000196866	H2AC7	muscle of leg	33.61	0.0	1	present_gold	33.61	0.0	1	2	1
ENSG00000196866	H2AC7	muscle tissue	0.0	0.0	0	observed_zero	0.0	0.0	0	1	0
ENSG00000196866	H2AC7	myometrium	38.7125	10.654577654698475	4	present_gold	38.7125	10.654577654698475	4	7	4
ENSG00000196866	H2AC7	nucleus accumbens	28.763333333333335	0.8467782078757894	3	present_gold	28.763333333333335	0.8467782078757894	3	9	3
ENSG00000196866	H2AC7	olfactory segment of nasal mucosa	45.33	0.0	1	present_gold	45.33	0.0	1	1	1
ENSG00000196866	H2AC7	omental fat pad	40.899	7.324489288225721	10	present_gold	40.899	7.324489288225721	10	11	10
ENSG00000196866	H2AC7	ovary	38.10333333333333	1.040016025517555	3	present_gold	38.10333333333333	1.040016025517555	3	4	3
ENSG00000196866	H2AC7	pancreas	31.259999999999998	1.0889444430272852	2	present_gold	31.259999999999998	1.0889444430272852	2	2	2
ENSG00000196866	H2AC7	pituitary gland	38.04375	6.338778470651898	8	present_gold	38.04375	6.338778470651898	8	10	8
ENSG00000196866	H2AC7	placenta	43.99	0.0	1	present_gold	43.99	0.0	1	1	1
ENSG00000196866	H2AC7	popliteal artery	30.59	0.0	1	present_gold	30.59	0.0	1	1	1
ENSG00000196866	H2AC7	prefrontal cortex	38.86	7.646920948983321	5	present_gold	38.86	7.646920948983321	5	7	5
ENSG00000196866	H2AC7	primary visual cortex	49.75	0.0	1	present_gold	49.75	0.0	1	2	1
ENSG00000196866	H2AC7	primordial germ cell in gonad	85.55	0.0	1	present_gold	85.55	0.0	1	1	1
ENSG00000196866	H2AC7	prostate gland	50.80125	6.091728437573598	8	present_gold	50.80125	6.091728437573598	8	9	8
ENSG00000196866	H2AC7	putamen	37.53666666666666	4.801253308599052	3	present_gold	37.53666666666666	4.801253308599052	3	8	3
ENSG00000196866	H2AC7	rectum	33.32	0.0	1	present_gold	33.32	0.0	1	1	1
ENSG00000196866	H2AC7	right adrenal gland	50.010000000000005	13.859292911256333	2	present_gold	50.010000000000005	13.859292911256333	2	5	2
ENSG00000196866	H2AC7	right adrenal gland cortex	42.445	4.74468650176173	2	present_gold	42.445	4.74468650176173	2	3	2
ENSG00000196866	H2AC7	right atrium auricular region	43.2575	3.443892108812767	8	present_gold	43.2575	3.443892108812767	8	11	8
ENSG00000196866	H2AC7	right coronary artery	0.0	0.0	0	observed_zero	0.0	0.0	0	2	0
ENSG00000196866	H2AC7	right frontal lobe	29.9	4.675567701716373	4	present_gold	29.9	4.675567701716373	4	9	4
ENSG00000196866	H2AC7	right hemisphere of cerebellum	23.74	0.0	1	present_gold	23.74	0.0	1	9	1
ENSG00000196866	H2AC7	right lobe of liver	49.27285714285714	8.92444155915972	7	present_gold	49.27285714285714	8.92444155915972	7	9	7
ENSG00000196866	H2AC7	right lobe of thyroid gland	34.53	3.3941125496954263	2	present_gold	34.53	3.3941125496954263	2	8	2
ENSG00000196866	H2AC7	right lung	68.98	0.0	1	present_gold	68.98	0.0	1	2	1
ENSG00000196866	H2AC7	right ovary	45.06	8.456997102991108	2	present_gold	45.06	8.456997102991108	2	5	2
ENSG00000196866	H2AC7	right testis	37.489999999999995	8.37214428924872	2	present_gold	37.489999999999995	8.37214428924872	2	5	2
ENSG00000196866	H2AC7	right uterine tube	47.46	0.0	1	present_gold	47.46	0.0	1	1	1
ENSG00000196866	H2AC7	saliva-secreting gland	44.55	0.0	1	present_gold	44.55	0.0	1	1	1
ENSG00000196866	H2AC7	skeletal muscle tissue	0.0	0.0	0	observed_zero	0.0	0.0	0	4	0
ENSG00000196866	H2AC7	skin of abdomen	47.63666666666667	9.700552819298496	9	present_gold	47.63666666666667	9.700552819298496	9	10	9
ENSG00000196866	H2AC7	skin of leg	40.94555555555556	4.662076015872949	9	present_gold	40.94555555555556	4.662076015872949	9	12	9
ENSG00000196866	H2AC7	small intestine	39.725	1.5344217151748092	2	present_gold	39.725	1.5344217151748092	2	2	2
ENSG00000196866	H2AC7	small intestine Peyer's patch	42.03333333333333	7.329824349873604	9	present_gold	42.03333333333333	7.329824349873604	9	11	9
ENSG00000196866	H2AC7	smooth muscle tissue	0.0	0.0	0	observed_zero	0.0	0.0	0	1	0
ENSG00000196866	H2AC7	spleen	48.408181818181816	7.856846464303369	11	present_gold	48.408181818181816	7.856846464303369	11	11	11
ENSG00000196866	H2AC7	stomach	66.8625	28.264860331256806	12	present_gold	66.8625	28.264860331256806	12	12	12
ENSG00000196866	H2AC7	stromal cell of endometrium	0.0	0.0	0	observed_zero	0.0	0.0	0	1	0
ENSG00000196866	H2AC7	subcutaneous adipose tissue	33.11714285714286	4.98809821570544	7	present_gold	33.11714285714286	4.98809821570544	7	12	7
ENSG00000196866	H2AC7	substantia nigra	41.16571428571428	7.698404287346085	7	present_gold	41.16571428571428	7.698404287346085	7	9	7
ENSG00000196866	H2AC7	superior frontal gyrus	0.0	0.0	0	observed_zero	0.0	0.0	0	2	0
ENSG00000196866	H2AC7	sural nerve	0.0	0.0	0	observed_zero	0.0	0.0	0	3	0
ENSG00000196866	H2AC7	temporal lobe	0.0	0.0	0	observed_zero	0.0	0.0	0	1	0
ENSG00000196866	H2AC7	testis	32.8	10.582694993872463	7	present_gold	32.8	10.582694993872463	7	8	7
ENSG00000196866	H2AC7	thoracic aorta	33.73666666666667	1.896213771352446	6	present_gold	33.73666666666667	1.896213771352446	6	6	6
ENSG00000196866	H2AC7	thoracic mammary gland	41.66857142857143	7.1421552036049265	7	present_gold	41.66857142857143	7.1421552036049265	7	12	7
ENSG00000196866	H2AC7	thyroid gland	35.367777777777775	3.8342658286097544	9	present_gold	35.367777777777775	3.8342658286097544	9	13	9
ENSG00000196866	H2AC7	tibial artery	38.26166666666666	8.64437254325996	6	present_gold	38.26166666666666	8.64437254325996	6	11	6
ENSG00000196866	H2AC7	tibial nerve	37.27	5.656149308496021	9	present_gold	37.27	5.656149308496021	9	11	9
ENSG00000196866	H2AC7	tonsil	55.24666666666667	13.67154831514461	3	present_gold	55.24666666666667	13.67154831514461	3	3	3
ENSG00000196866	H2AC7	transverse colon	37.196999999999996	3.3290407360412733	10	present_gold	37.196999999999996	3.3290407360412733	10	10	10
ENSG00000196866	H2AC7	upper lobe of left lung	45.27333333333333	8.90120141703729	6	present_gold	45.27333333333333	8.90120141703729	6	8	6
ENSG00000196866	H2AC7	urinary bladder	41.419999999999995	6.029129290370214	3	present_gold	41.419999999999995	6.029129290370214	3	6	3
ENSG00000196866	H2AC7	uterine cervix	53.7	0.0	1	present_gold	53.7	0.0	1	1	1
ENSG00000196866	H2AC7	vagina	61.592	4.756424076972109	5	present_gold	61.592	4.756424076972109	5	5	5
ENSG00000196866	H2AC7	ventricular zone	57.355	13.866363979068197	2	present_gold	57.355	13.866363979068197	2	2	2
ENSG00000196866	H2AC7	vermiform appendix	37.26	0.0	1	present_gold	37.26	0.0	1	1	1
ENSG00000196866	H2AC7	zone of skin	42.93	0.3535533905932738	2	present_gold	42.93	0.3535533905932738	2	2	2
ENSG00000203812	H2AC18	Ammon's horn	62.050000000000004	14.77851932141151	7	present_gold	62.050000000000004	14.77851932141151	7	8	7
ENSG00000203812	H2AC18	Brodmann (1909) area 9	56.424285714285716	8.266234243682463	7	present_gold	56.424285714285716	8.266234243682463	7	8	7
ENSG00000203812	H2AC18	C1 segment of cervical spinal cord	87.7811111111111	6.169624065622728	9	present_gold	87.7811111111111	6.169624065622728	9	9	9
ENSG00000203812	H2AC18	adenohypophysis	84.505	7.033575904189846	6	present_gold	84.505	7.033575904189846	6	6	6
ENSG00000203812	H2AC18	adipose tissue	85.16000000000001	3.534671130388231	3	present_gold	85.16000000000001	3.534671130388231	3	3	3
ENSG00000203812	H2AC18	adrenal gland	85.22	10.702340865436865	3	present_gold	85.22	10.702340865436865	3	3	3
ENSG00000203812	H2AC18	adrenal tissue	89.72	4.582051942088821	2	present_gold	89.72	4.582051942088821	2	3	2
ENSG00000203812	H2AC18	adult mammalian kidney	84.57090909090908	11.689179145299686	11	present_gold	84.57090909090908	11.689179145299686	11	11	11
ENSG00000203812	H2AC18	amygdala	62.621428571428574	12.07273709447783	7	present_gold	62.621428571428574	12.07273709447783	7	8	7
ENSG00000203812	H2AC18	anterior cingulate cortex	53.25375	16.076782671648846	8	present_gold	53.25375	16.076782671648846	8	9	8
ENSG00000203812	H2AC18	apex of heart	0.0	0.0	0	observed_zero	0.0	0.0	0	1	0
ENSG00000203812	H2AC18	ascending aorta	80.583	5.836898053665909	10	present_gold	80.583	5.836898053665909	10	10	10
ENSG00000203812	H2AC18	blood	95.326875	4.218397355631638	16	present_gold	95.326875	4.218397355631638	16	16	16
ENSG00000203812	H2AC18	body of pancreas	61.202999999999996	9.764914575492538	10	present_gold	61.202999999999996	9.764914575492538	10	10	10
ENSG00000203812	H2AC18	body of stomach	83.90181818181819	7.1362914993458855	11	present_gold	83.90181818181819	7.1362914993458855	11	11	11
ENSG00000203812	H2AC18	body of uterus	78.942	3.161893420088665	5	present_gold	78.942	3.161893420088665	5	5	5
ENSG00000203812	H2AC18	bone marrow	97.28	0.0	1	present_gold	97.28	0.0	1	1	1
ENSG00000203812	H2AC18	bone marrow cell	99.26	0.0	1	present_gold	99.26	0.0	1	1	1
ENSG00000203812	H2AC18	brain	61.34	12.087729315301532	4	present_gold	61.34	12.087729315301532	4	4	4
ENSG00000203812	H2AC18	calcaneal tendon	84.566	13.634549130792697	5	present_gold	84.566	13.634549130792697	5	5	5
ENSG00000203812	H2AC18	caudate nucleus	54.3625	18.282627780804063	8	present_gold	54.3625	18.282627780804063	8	9	8
ENSG00000203812	H2AC18	cerebellar cortex	36.92	0.8061017305526645	2	present_gold	36.92	0.8061017305526645	2	2	2
ENSG00000203812	H2AC18	cerebellar hemisphere	35.0625	6.278952938189616	8	present_gold	35.0625	6.278952938189616	8	10	8
ENSG00000203812	H2AC18	cerebellum	56.31666666666666	35.00120331264817	3	present_gold	56.31666666666666	35.00120331264817	3	3	3
ENSG00000203812	H2AC18	cerebral cortex	54.67	0.0	1	present_gold	54.67	0.0	1	1	1
ENSG00000203812	H2AC18	colon	84.9	9.559082940673058	10	present_gold	84.9	9.559082940673058	10	10	10
ENSG00000203812	H2AC18	colonic epithelium	69.71	0.0	1	present_gold	69.71	0.0	1	1	1
ENSG00000203812	H2AC18	corpus callosum	98.0625	0.4211393276972995	4	present_gold	98.0625	0.4211393276972995	4	4	4
ENSG00000203812	H2AC18	cortex of kidney	88.59	3.224406922210658	2	present_gold	88.59	3.224406922210658	2	2	2
ENSG00000203812	H2AC18	cortical plate	75.895	3.4718942956259458	2	present_gold	75.895	3.4718942956259458	2	2	2
ENSG00000203812	H2AC18	descending thoracic aorta	81.61333333333333	3.2844228310820944	3	present_gold	81.61333333333333	3.2844228310820944	3	3	3
ENSG00000203812	H2AC18	dorsolateral prefrontal cortex	65.135	13.714640393065766	10	present_gold	65.135	13.714640393065766	10	11	10
ENSG00000203812	H2AC18	duodenum	71.23	0.0	1	present_gold	71.23	0.0	1	1	1
ENSG00000203812	H2AC18	ectocervix	92.884	9.32604846652643	5	present_gold	92.884	9.32604846652643	5	5	5
ENSG00000203812	H2AC18	endocervix	91.46333333333332	7.573059707498245	3	present_gold	91.46333333333332	7.573059707498245	3	3	3
ENSG00000203812	H2AC18	endometrium	42.985	4.857823586751585	2	present_gold	42.985	4.857823586751585	2	2	2
ENSG00000203812	H2AC18	esophagogastric junction muscularis propria	74.39	9.020070214065225	10	present_gold	74.39	9.020070214065225	10	11	10
ENSG00000203812	H2AC18	esophagus	85.495	1.0807559083036902	4	present_gold	85.495	1.0807559083036902	4	4	4
ENSG00000203812	H2AC18	esophagus mucosa	91.14272727272727	2.6663349036049113	11	present_gold	91.14272727272727	2.6663349036049113	11	11	11
ENSG00000203812	H2AC18	fallopian tube	80.28	0.0	1	present_gold	80.28	0.0	1	1	1
ENSG00000203812	H2AC18	frontal cortex	48.26333333333333	6.216376221990858	3	present_gold	48.26333333333333	6.216376221990858	3	5	3
ENSG00000203812	H2AC18	fundus of stomach	86.9175	8.393042257330373	4	present_gold	86.9175	8.393042257330373	4	4	4
ENSG00000203812	H2AC18	gall bladder	67.23	0.0	1	present_gold	67.23	0.0	1	1	1
ENSG00000203812	H2AC18	ganglionic eminence	57.545	14.927024150848013	2	present_gold	57.545	14.927024150848013	2	2	2
ENSG00000203812	H2AC18	gastrocnemius	79.82181818181817	7.9559736276357995	11	present_gold	79.82181818181817	7.9559736276357995	11	11	11
ENSG00000203812	H2AC18	granulocyte	96.29	0.0	1	present_gold	96.29	0.0	1	1	1
ENSG00000203812	H2AC18	heart	70.90555555555555	12.01578764699917	9	present_gold	70.90555555555555	12.01578764699917	9	10	9
ENSG00000203812	H2AC18	heart left ventricle	73.595	11.308514491302562	12	present_gold	73.595	11.308514491302562	12	14	12
ENSG00000203812	H2AC18	hindlimb stylopod muscle	85.005	0.9828784258493014	2	present_gold	85.005	0.9828784258493014	2	2	2
ENSG00000203812	H2AC18	hypothalamus	63.465714285714284	8.935054294076519	7	present_gold	63.465714285714284	8.935054294076519	7	8	7
ENSG00000203812	H2AC18	intestine	77.05250000000001	12.57776444100196	4	present_gold	77.05250000000001	12.57776444100196	4	4	4
ENSG00000203812	H2AC18	islet of Langerhans	63.415	12.297238946783366	8	present_gold	63.415	12.297238946783366	8	10	8
ENSG00000203812	H2AC18	kidney	87.52	7.361243101542018	3	present_gold	87.52	7.361243101542018	3	4	3
ENSG00000203812	H2AC18	left adrenal gland	80.91	7.722889910611737	8	present_gold	80.91	7.722889910611737	8	8	8
ENSG00000203812	H2AC18	left adrenal gland cortex	85.27	9.944283354197598	8	present_gold	85.27	9.944283354197598	8	8	8
ENSG00000203812	H2AC18	left coronary artery	86.54375	6.908421232710945	8	present_gold	86.54375	6.908421232710945	8	9	8
ENSG00000203812	H2AC18	left lobe of thyroid gland	72.22272727272728	10.609515625992632	11	present_gold	72.22272727272728	10.609515625992632	11	11	11
ENSG00000203812	H2AC18	left ovary	84.888	5.548663803115122	5	present_gold	84.888	5.548663803115122	5	5	5
ENSG00000203812	H2AC18	left testis	60.27333333333333	6.407834787716257	6	present_gold	60.27333333333333	6.407834787716257	6	6	6
ENSG00000203812	H2AC18	left uterine tube	85.14500000000001	3.486036431249674	2	present_gold	85.14500000000001	3.486036431249674	2	2	2
ENSG00000203812	H2AC18	leukocyte	90.9	0.0	1	present_gold	90.9	0.0	1	1	1
ENSG00000203812	H2AC18	liver	80.5190909090909	10.486599500834819	11	present_gold	80.5190909090909	10.486599500834819	11	11	11
ENSG00000203812	H2AC18	lower esophagus	80.97	2.6728636328851505	2	present_gold	80.97	2.6728636328851505	2	2	2
ENSG00000203812	H2AC18	lower esophagus mucosa	97.04	0.0	1	present_gold	97.04	0.0	1	1	1
ENSG00000203812	H2AC18	lower esophagus muscularis layer	80.06272727272727	5.042933850268297	11	present_gold	80.06272727272727	5.042933850268297	11	11	11
ENSG00000203812	H2AC18	lung	81.32571428571428	14.043451447967788	7	present_gold	81.32571428571428	14.043451447967788	7	7	7
ENSG00000203812	H2AC18	lymph node	79.235	3.8961583643378703	2	present_gold	79.235	3.8961583643378703	2	2	2
ENSG00000203812	H2AC18	male germ line stem cell (sensu Vertebrata) in testis	91.48	0.0	1	present_gold	91.48	0.0	1	1	1
ENSG00000203812	H2AC18	metanephros cortex	90.67	6.137686860699237	2	present_gold	90.67	6.137686860699237	2	2	2
ENSG00000203812	H2AC18	minor salivary gland	91.58500000000001	3.4985814585660613	10	present_gold	91.58500000000001	3.4985814585660613	10	10	10
ENSG00000203812	H2AC18	monocyte	29.79	0.0	1	present_gold	29.79	0.0	1	1	1
ENSG00000203812	H2AC18	mucosa of stomach	83.49	0.0	1	present_gold	83.49	0.0	1	1	1
ENSG00000203812	H2AC18	mucosa of transverse colon	91.89	0.0	1	present_gold	91.89	0.0	1	1	1
ENSG00000203812	H2AC18	multicellular organism	75.87	0.0	1	present_gold	75.87	0.0	1	1	1
ENSG00000203812	H2AC18	muscle layer of sigmoid colon	81.54727272727273	8.217191845039387	11	present_gold	81.54727272727273	8.217191845039387	11	11	11
ENSG00000203812	H2AC18	muscle of leg	79.945	3.5991735162395195	2	present_gold	79.945	3.5991735162395195	2	2	2
ENSG00000203812	H2AC18	muscle tissue	74.09	0.0	1	present_gold	74.09	0.0	1	1	1
ENSG00000203812	H2AC18	myometrium	76.82142857142857	4.735079825344128	7	present_gold	76.82142857142857	4.735079825344128	7	7	7
ENSG00000203812	H2AC18	nucleus accumbens	66.66857142857143	20.822111187046193	7	present_gold	66.66857142857143	20.822111187046193	7	9	7
ENSG00000203812	H2AC18	olfactory segment of nasal mucosa	85.01	0.0	1	present_gold	85.01	0.0	1	1	1
ENSG00000203812	H2AC18	omental fat pad	87.47181818181818	5.848248999797833	11	present_gold	87.47181818181818	5.848248999797833	11	11	11
ENSG00000203812	H2AC18	ovary	80.2725	3.0571705328075316	4	present_gold	80.2725	3.0571705328075316	4	4	4
ENSG00000203812	H2AC18	pancreas	62.03	0.056568542494922595	2	present_gold	62.03	0.056568542494922595	2	2	2
ENSG00000203812	H2AC18	pituitary gland	79.87111111111112	10.232898470673454	9	present_gold	79.87111111111112	10.232898470673454	9	10	9
ENSG00000203812	H2AC18	placenta	81.79	0.0	1	present_gold	81.79	0.0	1	1	1
ENSG00000203812	H2AC18	popliteal artery	80.27	0.0	1	present_gold	80.27	0.0	1	1	1
ENSG00000203812	H2AC18	prefrontal cortex	68.072	13.521012166254415	5	present_gold	68.072	13.521012166254415	5	7	5
ENSG00000203812	H2AC18	primary visual cortex	49.879999999999995	11.97838887330012	2	present_gold	49.879999999999995	11.97838887330012	2	2	2
ENSG00000203812	H2AC18	primordial germ cell in gonad	83.58	0.0	1	present_gold	83.58	0.0	1	1	1
ENSG00000203812	H2AC18	prostate gland	95.15777777777777	3.178646637241147	9	present_gold	95.15777777777777	3.178646637241147	9	9	9
ENSG00000203812	H2AC18	putamen	60.597142857142856	11.429484844450505	7	present_gold	60.597142857142856	11.429484844450505	7	8	7
ENSG00000203812	H2AC18	rectum	54.51	0.0	1	present_gold	54.51	0.0	1	1	1
ENSG00000203812	H2AC18	right adrenal gland	88.276	9.696165737032345	5	present_gold	88.276	9.696165737032345	5	5	5
ENSG00000203812	H2AC18	right adrenal gland cortex	83.67	9.899494936611665	2	present_gold	83.67	9.899494936611665	2	3	2
ENSG00000203812	H2AC18	right atrium auricular region	61.98909090909091	13.132051214144312	11	present_gold	61.98909090909091	13.132051214144312	11	11	11
ENSG00000203812	H2AC18	right coronary artery	84.195	0.7000357133746784	2	present_gold	84.195	0.7000357133746784	2	2	2
ENSG00000203812	H2AC18	right frontal lobe	54.792500000000004	12.460300099573386	8	present_gold	54.792500000000004	12.460300099573386	8	9	8
ENSG00000203812	H2AC18	right hemisphere of cerebellum	35.545	6.356909626540241	4	present_gold	35.545	6.356909626540241	4	9	4
ENSG00000203812	H2AC18	right lobe of liver	86.58	9.533610281525041	9	present_gold	86.58	9.533610281525041	9	9	9
ENSG00000203812	H2AC18	right lobe of thyroid gland	76.93857142857144	9.182598449551973	7	present_gold	76.93857142857144	9.182598449551973	7	8	7
ENSG00000203812	H2AC18	right lung	92.455	8.42164176393178	2	present_gold	92.455	8.42164176393178	2	2	2
ENSG00000203812	H2AC18	right ovary	78.13199999999999	19.775118710136734	5	present_gold	78.13199999999999	19.775118710136734	5	5	5
ENSG00000203812	H2AC18	right testis	64.348	21.929626535807675	5	present_gold	64.348	21.929626535807675	5	5	5
ENSG00000203812	H2AC18	right uterine tube	96.47	0.0	1	present_gold	96.47	0.0	1	1	1
ENSG00000203812	H2AC18	saliva-secreting gland	89.07	0.0	1	present_gold	89.07	0.0	1	1	1
ENSG00000203812	H2AC18	skeletal muscle tissue	82.6375	4.951695837454749	4	present_gold	82.6375	4.951695837454749	4	4	4
ENSG00000203812	H2AC18	skin of abdomen	86.435	7.4277785672732906	10	present_gold	86.435	7.4277785672732906	10	10	10
ENSG00000203812	H2AC18	skin of leg	82.9825	9.744362589350176	12	present_gold	82.9825	9.744362589350176	12	12	12
ENSG00000203812	H2AC18	small intestine	75.5	0.38183766184073004	2	present_gold	75.5	0.38183766184073004	2	2	2
ENSG00000203812	H2AC18	small intestine Peyer's patch	76.61727272727272	8.186067542977021	11	present_gold	76.61727272727272	8.186067542977021	11	11	11
ENSG00000203812	H2AC18	smooth muscle tissue	60.47	0.0	1	present_gold	60.47	0.0	1	1	1
ENSG00000203812	H2AC18	spleen	92.08272727272727	4.158103151460027	11	present_gold	92.08272727272727	4.158103151460027	11	11	11
ENSG00000203812	H2AC18	stomach	84.53090909090909	12.316004591218254	11	present_gold	84.53090909090909	12.316004591218254	11	12	11
ENSG00000203812	H2AC18	stromal cell of endometrium	78.12	0.0	1	present_gold	78.12	0.0	1	1	1
ENSG00000203812	H2AC18	subcutaneous adipose tissue	78.93249999999999	6.091756165656845	12	present_gold	78.93249999999999	6.091756165656845	12	12	12
ENSG00000203812	H2AC18	substantia nigra	79.74875	11.015025371217781	8	present_gold	79.74875	11.015025371217781	8	9	8
ENSG00000203812	H2AC18	superior frontal gyrus	65.235	15.252293270193826	2	present_gold	65.235	15.252293270193826	2	2	2
ENSG00000203812	H2AC18	sural nerve	58.68	0.0	1	present_gold	58.68	0.0	1	3	1
ENSG00000203812	H2AC18	temporal lobe	0.0	0.0	0	observed_zero	0.0	0.0	0	1	0
ENSG00000203812	H2AC18	testis	66.31800000000001	16.921311119413886	5	present_gold	66.31800000000001	16.921311119413886	5	8	5
ENSG00000203812	H2AC18	thoracic aorta	83.07833333333333	3.461730299527486	6	present_gold	83.07833333333333	3.461730299527486	6	6	6
ENSG00000203812	H2AC18	thoracic mammary gland	84.54083333333334	8.009434730177263	12	present_gold	84.54083333333334	8.009434730177263	12	12	12
ENSG00000203812	H2AC18	thyroid gland	73.75846153846155	8.88045686339189	13	present_gold	73.75846153846155	8.88045686339189	13	13	13
ENSG00000203812	H2AC18	tibial artery	81.76636363636364	6.261102574989924	11	present_gold	81.76636363636364	6.261102574989924	11	11	11
ENSG00000203812	H2AC18	tibial nerve	80.15181818181817	7.88281779338051	11	present_gold	80.15181818181817	7.88281779338051	11	11	11
ENSG00000203812	H2AC18	tonsil	64.625	10.076271631908302	2	present_gold	64.625	10.076271631908302	2	3	2
ENSG00000203812	H2AC18	transverse colon	78.854	6.393389294158982	10	present_gold	78.854	6.393389294158982	10	10	10
ENSG00000203812	H2AC18	upper lobe of left lung	87.3225	9.139923022495479	8	present_gold	87.3225	9.139923022495479	8	8	8
ENSG00000203812	H2AC18	urinary bladder	85.28166666666667	8.092765699479173	6	present_gold	85.28166666666667	8.092765699479173	6	6	6
ENSG00000203812	H2AC18	uterine cervix	87.54	0.0	1	present_gold	87.54	0.0	1	1	1
ENSG00000203812	H2AC18	vagina	93.362	1.6466238186058157	5	present_gold	93.362	1.6466238186058157	5	5	5
ENSG00000203812	H2AC18	ventricular zone	76.26	10.762165209659253	2	present_gold	76.26	10.762165209659253	2	2	2
ENSG00000203812	H2AC18	vermiform appendix	82.64	0.0	1	present_gold	82.64	0.0	1	1	1
ENSG00000203812	H2AC18	zone of skin	86.55	0.07071067811865074	2	present_gold	86.55	0.07071067811865074	2	2	2
ENSG00000229674	H2AL1RP	Ammon's horn	0.0	0.0	0	observed_zero	0.0	0.0	0	8	0
ENSG00000229674	H2AL1RP	Brodmann (1909) area 9	0.0	0.0	0	observed_zero	0.0	0.0	0	8	0
ENSG00000229674	H2AL1RP	C1 segment of cervical spinal cord	0.0	0.0	0	observed_zero	0.0	0.0	0	9	0
ENSG00000229674	H2AL1RP	adenohypophysis	47.245000000000005	6.017478707897518	2	present_gold	47.245000000000005	6.017478707897518	2	6	2
ENSG00000229674	H2AL1RP	adipose tissue	0.0	0.0	0	observed_zero	0.0	0.0	0	3	0
ENSG00000229674	H2AL1RP	adrenal gland	0.0	0.0	0	observed_zero	0.0	0.0	0	1	0
ENSG00000229674	H2AL1RP	adrenal tissue	0.0	0.0	0	observed_zero	0.0	0.0	0	3	0
ENSG00000229674	H2AL1RP	adult mammalian kidney	0.0	0.0	0	observed_zero	0.0	0.0	0	11	0
ENSG00000229674	H2AL1RP	amygdala	26.02	0.0	1	present_gold	26.02	0.0	1	8	1
ENSG00000229674	H2AL1RP	anterior cingulate cortex	0.0	0.0	0	observed_zero	0.0	0.0	0	9	0
ENSG00000229674	H2AL1RP	apex of heart	0.0	0.0	0	observed_zero	0.0	0.0	0	1	0
ENSG00000229674	H2AL1RP	ascending aorta	0.0	0.0	0	observed_zero	0.0	0.0	0	10	0
ENSG00000229674	H2AL1RP	blood	0.0	0.0	0	observed_zero	0.0	0.0	0	13	0
ENSG00000229674	H2AL1RP	body of pancreas	0.0	0.0	0	observed_zero	0.0	0.0	0	10	0
ENSG00000229674	H2AL1RP	body of stomach	0.0	0.0	0	observed_zero	0.0	0.0	0	11	0
ENSG00000229674	H2AL1RP	body of uterus	0.0	0.0	0	observed_zero	0.0	0.0	0	5	0
ENSG00000229674	H2AL1RP	bone marrow	0.0	0.0	0	observed_zero	0.0	0.0	0	1	0
ENSG00000229674	H2AL1RP	bone marrow cell	0.0	0.0	0	observed_zero	0.0	0.0	0	1	0
ENSG00000229674	H2AL1RP	brain	26.536666666666665	0.12741009902410963	3	present_gold	26.536666666666665	0.12741009902410963	3	4	3
ENSG00000229674	H2AL1RP	calcaneal tendon	0.0	0.0	0	observed_zero	0.0	0.0	0	5	0
ENSG00000229674	H2AL1RP	caudate nucleus	33.21	0.0	1	present_gold	33.21	0.0	1	9	1
ENSG00000229674	H2AL1RP	cerebellar cortex	0.0	0.0	0	observed_zero	0.0	0.0	0	2	0
ENSG00000229674	H2AL1RP	cerebellar hemisphere	0.0	0.0	0	observed_zero	0.0	0.0	0	10	0
ENSG00000229674	H2AL1RP	cerebellum	0.0	0.0	0	observed_zero	0.0	0.0	0	3	0
ENSG00000229674	H2AL1RP	colon	25.275	0.03535533905932788	2	present_gold	25.275	0.03535533905932788	2	10	2
ENSG00000229674	H2AL1RP	colonic epithelium	0.0	0.0	0	observed_zero	0.0	0.0	0	1	0
ENSG00000229674	H2AL1RP	corpus callosum	0.0	0.0	0	observed_zero	0.0	0.0	0	4	0
ENSG00000229674	H2AL1RP	cortex of kidney	0.0	0.0	0	observed_zero	0.0	0.0	0	1	0
ENSG00000229674	H2AL1RP	cortical plate	0.0	0.0	0	observed_zero	0.0	0.0	0	2	0
ENSG00000229674	H2AL1RP	descending thoracic aorta	0.0	0.0	0	observed_zero	0.0	0.0	0	3	0
ENSG00000229674	H2AL1RP	dorsolateral prefrontal cortex	0.0	0.0	0	observed_zero	0.0	0.0	0	10	0
ENSG00000229674	H2AL1RP	duodenum	0.0	0.0	0	observed_zero	0.0	0.0	0	1	0
ENSG00000229674	H2AL1RP	ectocervix	0.0	0.0	0	observed_zero	0.0	0.0	0	5	0
ENSG00000229674	H2AL1RP	endocervix	0.0	0.0	0	observed_zero	0.0	0.0	0	3	0
ENSG00000229674	H2AL1RP	endometrium	0.0	0.0	0	observed_zero	0.0	0.0	0	2	0
ENSG00000229674	H2AL1RP	esophagogastric junction muscularis propria	0.0	0.0	0	observed_zero	0.0	0.0	0	11	0
ENSG00000229674	H2AL1RP	esophagus	0.0	0.0	0	observed_zero	0.0	0.0	0	2	0
ENSG00000229674	H2AL1RP	esophagus mucosa	35.88	0.0	1	present_gold	35.88	0.0	1	11	1
ENSG00000229674	H2AL1RP	fallopian tube	0.0	0.0	0	observed_zero	0.0	0.0	0	1	0
ENSG00000229674	H2AL1RP	frontal cortex	0.0	0.0	0	observed_zero	0.0	0.0	0	5	0
ENSG00000229674	H2AL1RP	fundus of stomach	0.0	0.0	0	observed_zero	0.0	0.0	0	4	0
ENSG00000229674	H2AL1RP	gall bladder	33.08	0.0	1	present_gold	33.08	0.0	1	1	1
ENSG00000229674	H2AL1RP	ganglionic eminence	0.0	0.0	0	observed_zero	0.0	0.0	0	2	0
ENSG00000229674	H2AL1RP	gastrocnemius	26.59	0.0	1	present_gold	26.59	0.0	1	11	1
ENSG00000229674	H2AL1RP	granulocyte	0.0	0.0	0	observed_zero	0.0	0.0	0	1	0
ENSG00000229674	H2AL1RP	heart	0.0	0.0	0	observed_zero	0.0	0.0	0	9	0
ENSG00000229674	H2AL1RP	heart left ventricle	0.0	0.0	0	observed_zero	0.0	0.0	0	14	0
ENSG00000229674	H2AL1RP	hindlimb stylopod muscle	0.0	0.0	0	observed_zero	0.0	0.0	0	2	0
ENSG00000229674	H2AL1RP	hypothalamus	45.458	15.138677947561998	5	present_gold	45.458	15.138677947561998	5	8	5
ENSG00000229674	H2AL1RP	intestine	0.0	0.0	0	observed_zero	0.0	0.0	0	4	0
ENSG00000229674	H2AL1RP	islet of Langerhans	36.25857142857143	6.725611319355856	7	present_gold	36.25857142857143	6.725611319355856	7	10	7
ENSG00000229674	H2AL1RP	kidney	0.0	0.0	0	observed_zero	0.0	0.0	0	3	0
ENSG00000229674	H2AL1RP	left adrenal gland	33.34	0.0	1	present_gold	33.34	0.0	1	7	1
ENSG00000229674	H2AL1RP	left adrenal gland cortex	37.92	0.0	1	present_gold	37.92	0.0	1	8	1
ENSG00000229674	H2AL1RP	left coronary artery	0.0	0.0	0	observed_zero	0.0	0.0	0	9	0
ENSG00000229674	H2AL1RP	left lobe of thyroid gland	24.48	0.0	1	present_gold	24.48	0.0	1	11	1
ENSG00000229674	H2AL1RP	left ovary	0.0	0.0	0	observed_zero	0.0	0.0	0	5	0
ENSG00000229674	H2AL1RP	left testis	63.68833333333333	2.413822003932078	6	present_gold	63.68833333333333	2.413822003932078	6	6	6
ENSG00000229674	H2AL1RP	left uterine tube	0.0	0.0	0	observed_zero	0.0	0.0	0	2	0
ENSG00000229674	H2AL1RP	leukocyte	0.0	0.0	0	observed_zero	0.0	0.0	0	1	0
ENSG00000229674	H2AL1RP	liver	0.0	0.0	0	observed_zero	0.0	0.0	0	6	0
ENSG00000229674	H2AL1RP	lower esophagus	0.0	0.0	0	observed_zero	0.0	0.0	0	2	0
ENSG00000229674	H2AL1RP	lower esophagus mucosa	0.0	0.0	0	observed_zero	0.0	0.0	0	1	0
ENSG00000229674	H2AL1RP	lower esophagus muscularis layer	0.0	0.0	0	observed_zero	0.0	0.0	0	11	0
ENSG00000229674	H2AL1RP	lung	0.0	0.0	0	observed_zero	0.0	0.0	0	7	0
ENSG00000229674	H2AL1RP	lymph node	0.0	0.0	0	observed_zero	0.0	0.0	0	2	0
ENSG00000229674	H2AL1RP	metanephros cortex	0.0	0.0	0	observed_zero	0.0	0.0	0	2	0
ENSG00000229674	H2AL1RP	minor salivary gland	0.0	0.0	0	observed_zero	0.0	0.0	0	10	0
ENSG00000229674	H2AL1RP	monocyte	0.0	0.0	0	observed_zero	0.0	0.0	0	1	0
ENSG00000229674	H2AL1RP	mucosa of stomach	0.0	0.0	0	observed_zero	0.0	0.0	0	1	0
ENSG00000229674	H2AL1RP	mucosa of transverse colon	47.98	0.0	1	present_gold	47.98	0.0	1	1	1
ENSG00000229674	H2AL1RP	multicellular organism	25.38	0.0	1	present_gold	25.38	0.0	1	1	1
ENSG00000229674	H2AL1RP	muscle layer of sigmoid colon	0.0	0.0	0	observed_zero	0.0	0.0	0	11	0
ENSG00000229674	H2AL1RP	muscle of leg	0.0	0.0	0	observed_zero	0.0	0.0	0	2	0
ENSG00000229674	H2AL1RP	muscle tissue	0.0	0.0	0	observed_zero	0.0	0.0	0	1	0
ENSG00000229674	H2AL1RP	myometrium	0.0	0.0	0	observed_zero	0.0	0.0	0	7	0
ENSG00000229674	H2AL1RP	nucleus accumbens	0.0	0.0	0	observed_zero	0.0	0.0	0	9	0
ENSG00000229674	H2AL1RP	olfactory segment of nasal mucosa	0.0	0.0	0	observed_zero	0.0	0.0	0	1	0
ENSG00000229674	H2AL1RP	omental fat pad	0.0	0.0	0	observed_zero	0.0	0.0	0	11	0
ENSG00000229674	H2AL1RP	ovary	0.0	0.0	0	observed_zero	0.0	0.0	0	4	0
ENSG00000229674	H2AL1RP	pancreas	28.215	0.38890872965259915	2	present_gold	28.215	0.38890872965259915	2	2	2
ENSG00000229674	H2AL1RP	pituitary gland	33.42	0.0	1	present_gold	33.42	0.0	1	8	1
ENSG00000229674	H2AL1RP	placenta	0.0	0.0	0	observed_zero	0.0	0.0	0	1	0
ENSG00000229674	H2AL1RP	popliteal artery	0.0	0.0	0	observed_zero	0.0	0.0	0	1	0
ENSG00000229674	H2AL1RP	prefrontal cortex	0.0	0.0	0	observed_zero	0.0	0.0	0	7	0
ENSG00000229674	H2AL1RP	primary visual cortex	0.0	0.0	0	observed_zero	0.0	0.0	0	2	0
ENSG00000229674	H2AL1RP	prostate gland	0.0	0.0	0	observed_zero	0.0	0.0	0	7	0
ENSG00000229674	H2AL1RP	putamen	32.83	1.8384776310850246	2	present_gold	32.83	1.8384776310850246	2	8	2
ENSG00000229674	H2AL1RP	rectum	0.0	0.0	0	observed_zero	0.0	0.0	0	1	0
ENSG00000229674	H2AL1RP	right adrenal gland	0.0	0.0	0	observed_zero	0.0	0.0	0	5	0
ENSG00000229674	H2AL1RP	right adrenal gland cortex	0.0	0.0	0	observed_zero	0.0	0.0	0	3	0
ENSG00000229674	H2AL1RP	right atrium auricular region	0.0	0.0	0	observed_zero	0.0	0.0	0	11	0
ENSG00000229674	H2AL1RP	right coronary artery	0.0	0.0	0	observed_zero	0.0	0.0	0	2	0
ENSG00000229674	H2AL1RP	right frontal lobe	0.0	0.0	0	observed_zero	0.0	0.0	0	9	0
ENSG00000229674	H2AL1RP	right hemisphere of cerebellum	0.0	0.0	0	observed_zero	0.0	0.0	0	9	0
ENSG00000229674	H2AL1RP	right lobe of liver	33.98	0.0	1	present_gold	33.98	0.0	1	9	1
ENSG00000229674	H2AL1RP	right lobe of thyroid gland	0.0	0.0	0	observed_zero	0.0	0.0	0	8	0
ENSG00000229674	H2AL1RP	right lung	0.0	0.0	0	observed_zero	0.0	0.0	0	2	0
ENSG00000229674	H2AL1RP	right ovary	0.0	0.0	0	observed_zero	0.0	0.0	0	5	0
ENSG00000229674	H2AL1RP	right testis	61.065999999999995	4.7989613459581015	5	present_gold	61.065999999999995	4.7989613459581015	5	5	5
ENSG00000229674	H2AL1RP	right uterine tube	0.0	0.0	0	observed_zero	0.0	0.0	0	1	0
ENSG00000229674	H2AL1RP	skeletal muscle tissue	0.0	0.0	0	observed_zero	0.0	0.0	0	4	0
ENSG00000229674	H2AL1RP	skin of abdomen	0.0	0.0	0	observed_zero	0.0	0.0	0	10	0
ENSG00000229674	H2AL1RP	skin of leg	0.0	0.0	0	observed_zero	0.0	0.0	0	12	0
ENSG00000229674	H2AL1RP	small intestine	0.0	0.0	0	observed_zero	0.0	0.0	0	2	0
ENSG00000229674	H2AL1RP	small intestine Peyer's patch	0.0	0.0	0	observed_zero	0.0	0.0	0	11	0
ENSG00000229674	H2AL1RP	smooth muscle tissue	0.0	0.0	0	observed_zero	0.0	0.0	0	1	0
ENSG00000229674	H2AL1RP	spleen	0.0	0.0	0	observed_zero	0.0	0.0	0	11	0
ENSG00000229674	H2AL1RP	stomach	0.0	0.0	0	observed_zero	0.0	0.0	0	9	0
ENSG00000229674	H2AL1RP	stromal cell of endometrium	0.0	0.0	0	observed_zero	0.0	0.0	0	1	0
ENSG00000229674	H2AL1RP	subcutaneous adipose tissue	0.0	0.0	0	observed_zero	0.0	0.0	0	12	0
ENSG00000229674	H2AL1RP	substantia nigra	0.0	0.0	0	observed_zero	0.0	0.0	0	9	0
ENSG00000229674	H2AL1RP	superior frontal gyrus	0.0	0.0	0	observed_zero	0.0	0.0	0	2	0
ENSG00000229674	H2AL1RP	sural nerve	0.0	0.0	0	observed_zero	0.0	0.0	0	3	0
ENSG00000229674	H2AL1RP	temporal lobe	0.0	0.0	0	observed_zero	0.0	0.0	0	1	0
ENSG00000229674	H2AL1RP	testis	65.77	7.337997001907263	8	present_gold	65.77	7.337997001907263	8	8	8
ENSG00000229674	H2AL1RP	thoracic aorta	0.0	0.0	0	observed_zero	0.0	0.0	0	6	0
ENSG00000229674	H2AL1RP	thoracic mammary gland	0.0	0.0	0	observed_zero	0.0	0.0	0	12	0
ENSG00000229674	H2AL1RP	thyroid gland	23.19	0.0	1	present_gold	23.19	0.0	1	11	1
ENSG00000229674	H2AL1RP	tibial artery	0.0	0.0	0	observed_zero	0.0	0.0	0	11	0
ENSG00000229674	H2AL1RP	tibial nerve	0.0	0.0	0	observed_zero	0.0	0.0	0	10	0
ENSG00000229674	H2AL1RP	tonsil	0.0	0.0	0	observed_zero	0.0	0.0	0	3	0
ENSG00000229674	H2AL1RP	transverse colon	29.94	2.473216529137714	3	present_gold	29.94	2.473216529137714	3	10	3
ENSG00000229674	H2AL1RP	upper lobe of left lung	0.0	0.0	0	observed_zero	0.0	0.0	0	8	0
ENSG00000229674	H2AL1RP	urinary bladder	0.0	0.0	0	observed_zero	0.0	0.0	0	6	0
ENSG00000229674	H2AL1RP	uterine cervix	0.0	0.0	0	observed_zero	0.0	0.0	0	1	0
ENSG00000229674	H2AL1RP	vagina	0.0	0.0	0	observed_zero	0.0	0.0	0	5	0
ENSG00000229674	H2AL1RP	ventricular zone	0.0	0.0	0	observed_zero	0.0	0.0	0	2	0
ENSG00000229674	H2AL1RP	vermiform appendix	0.0	0.0	0	observed_zero	0.0	0.0	0	1	0
ENSG00000229674	H2AL1RP	zone of skin	0.0	0.0	0	observed_zero	0.0	0.0	0	2	0
ENSG00000246705	H2AJ	Ammon's horn	81.31454545454545	5.169861126690357	22	present_gold	81.31454545454545	5.169861126690357	22	24	22
ENSG00000246705	H2AJ	Brodmann (1909) area 23	72.96	1.8455893367702367	4	present_gold	72.96	1.8455893367702367	4	6	4
ENSG00000246705	H2AJ	Brodmann (1909) area 46	83.9575	3.5421497709724195	4	present_gold	83.9575	3.5421497709724195	4	5	4
ENSG00000246705	H2AJ	Brodmann (1909) area 9	83.9125	3.8528644260750076	8	present_gold	83.9125	3.8528644260750076	8	10	8
ENSG00000246705	H2AJ	C1 segment of cervical spinal cord	96.23777777777778	0.7307492349940866	9	present_gold	96.23777777777778	0.7307492349940866	9	9	9
ENSG00000246705	H2AJ	CA1 field of hippocampus	0.0	0.0	0	observed_zero	0.0	0.0	0	4	0
ENSG00000246705	H2AJ	adenohypophysis	91.25833333333333	2.7430378536700255	6	present_gold	91.25833333333333	2.7430378536700255	6	6	6
ENSG00000246705	H2AJ	adipose tissue	98.433125	0.10970984459017315	16	present_gold	98.433125	0.10970984459017315	16	16	16
ENSG00000246705	H2AJ	adipose tissue of abdominal region	98.41833333333334	0.23625551139955817	6	present_gold	98.41833333333334	0.23625551139955817	6	6	6
ENSG00000246705	H2AJ	adrenal cortex	96.69333333333333	1.5742405576446485	3	present_gold	96.69333333333333	1.5742405576446485	3	3	3
ENSG00000246705	H2AJ	adrenal gland	97.28	0.6447221623821088	4	present_gold	97.28	0.6447221623821088	4	4	4
ENSG00000246705	H2AJ	adrenal tissue	78.96333333333332	15.341373254481924	3	present_gold	78.96333333333332	15.341373254481924	3	3	3
ENSG00000246705	H2AJ	adult mammalian kidney	93.00166666666667	4.784713980875752	12	present_gold	93.00166666666667	4.784713980875752	12	12	12
ENSG00000246705	H2AJ	adult organism	99.06	0.0	1	present_gold	99.06	0.0	1	1	1
ENSG00000246705	H2AJ	amniotic fluid	98.41	0.0	1	present_gold	98.41	0.0	1	2	1
ENSG00000246705	H2AJ	amygdala	87.194	2.8121648442278575	10	present_gold	87.194	2.8121648442278575	10	13	10
ENSG00000246705	H2AJ	anatomical system	92.5	0.0	1	present_gold	92.5	0.0	1	1	1
ENSG00000246705	H2AJ	anterior cingulate cortex	82.49111111111111	4.087974573197723	9	present_gold	82.49111111111111	4.087974573197723	9	9	9
ENSG00000246705	H2AJ	aorta	98.735	0.007071067811859044	2	present_gold	98.735	0.007071067811859044	2	2	2
ENSG00000246705	H2AJ	apex of heart	95.13	0.0	1	present_gold	95.13	0.0	1	1	1
ENSG00000246705	H2AJ	ascending aorta	98.679	0.09492101980067472	10	present_gold	98.679	0.09492101980067472	10	10	10
ENSG00000246705	H2AJ	biceps brachii	90.90599999999999	1.2225710613293566	5	present_gold	90.90599999999999	1.2225710613293566	5	5	5
ENSG00000246705	H2AJ	blood	90.41916666666667	4.567106852264353	36	present_gold	90.41916666666667	4.567106852264353	36	37	36
ENSG00000246705	H2AJ	blood vessel layer	79.47	0.0	1	present_gold	79.47	0.0	1	1	1
ENSG00000246705	H2AJ	body of pancreas	97.588	0.6457863423764858	10	present_gold	97.588	0.6457863423764858	10	10	10
ENSG00000246705	H2AJ	body of stomach	97.17545454545456	0.2841958351687657	11	present_gold	97.17545454545456	0.2841958351687657	11	11	11
ENSG00000246705	H2AJ	body of tongue	95.37333333333333	1.0862933919219706	3	present_gold	95.37333333333333	1.0862933919219706	3	3	3
ENSG00000246705	H2AJ	body of uterus	96.744	0.6026026883444854	5	present_gold	96.744	0.6026026883444854	5	5	5
ENSG00000246705	H2AJ	bone marrow	90.56230769230768	6.437741780373706	13	present_gold	90.56230769230768	6.437741780373706	13	14	13
ENSG00000246705	H2AJ	bone marrow cell	76.3	0.0	1	present_gold	76.3	0.0	1	6	1
ENSG00000246705	H2AJ	brain	81.9045	4.434336685695536	20	present_gold	81.9045	4.434336685695536	20	23	20
ENSG00000246705	H2AJ	bronchial epithelial cell	97.44761904761906	0.9173598245067476	21	present_gold	97.44761904761906	0.9173598245067476	21	21	21
ENSG00000246705	H2AJ	bronchus	95.97	2.0223253941935257	2	present_gold	95.97	2.0223253941935257	2	2	2
ENSG00000246705	H2AJ	buccal mucosa cell	91.6	0.0	1	present_gold	91.6	0.0	1	1	1
ENSG00000246705	H2AJ	caecum	94.48666666666666	1.278840620770757	3	present_gold	94.48666666666666	1.278840620770757	3	3	3
ENSG00000246705	H2AJ	calcaneal tendon	96.488	1.692149520580261	5	present_gold	96.488	1.692149520580261	5	5	5
ENSG00000246705	H2AJ	caput epididymis	94.87666666666667	1.8341846508280832	3	present_gold	94.87666666666667	1.8341846508280832	3	3	3
ENSG00000246705	H2AJ	cardia of stomach	93.19	1.1596551211459383	2	present_gold	93.19	1.1596551211459383	2	3	2
ENSG00000246705	H2AJ	cardiac atrium	95.50666666666666	1.2478114173757697	3	present_gold	95.50666666666666	1.2478114173757697	3	3	3
ENSG00000246705	H2AJ	cardiac muscle of right atrium	0.0	0.0	0	observed_zero	0.0	0.0	0	8	0
ENSG00000246705	H2AJ	cardiac ventricle	92.66666666666667	2.5597135256378474	3	present_gold	92.66666666666667	2.5597135256378474	3	3	3
ENSG00000246705	H2AJ	cartilage tissue	87.7	0.0	1	present_gold	87.7	0.0	1	1	1
ENSG00000246705	H2AJ	cauda epididymis	93.30666666666667	0.17785762095938762	3	present_gold	93.30666666666667	0.17785762095938762	3	3	3
ENSG00000246705	H2AJ	caudate nucleus	85.55529411764707	6.242442548441134	17	present_gold	85.55529411764707	6.242442548441134	17	17	17
ENSG00000246705	H2AJ	cerebellar cortex	81.36	0.014142135623738184	2	present_gold	81.36	0.014142135623738184	2	2	2
ENSG00000246705	H2AJ	cerebellar hemisphere	81.38090909090909	1.0570000430033542	11	present_gold	81.38090909090909	1.0570000430033542	11	11	11
ENSG00000246705	H2AJ	cerebellar vermis	0.0	0.0	0	observed_zero	0.0	0.0	0	3	0
ENSG00000246705	H2AJ	cerebellum	80.753	1.4366322501678082	10	present_gold	80.753	1.4366322501678082	10	14	10
ENSG00000246705	H2AJ	cerebral cortex	79.38333333333334	4.786076159026306	9	present_gold	79.38333333333334	4.786076159026306	9	9	9
ENSG00000246705	H2AJ	cervix epithelium	0.0	0.0	0	observed_zero	0.0	0.0	0	6	0
ENSG00000246705	H2AJ	cervix squamous epithelium	0.0	0.0	0	observed_zero	0.0	0.0	0	1	0
ENSG00000246705	H2AJ	choroid plexus epithelium	0.0	0.0	0	observed_zero	0.0	0.0	0	1	0
ENSG00000246705	H2AJ	cingulate cortex	0.0	0.0	0	observed_zero	0.0	0.0	0	1	0
ENSG00000246705	H2AJ	colon	94.08176470588236	5.216568837960107	17	present_gold	94.08176470588236	5.216568837960107	17	18	17
ENSG00000246705	H2AJ	colonic epithelium	83.94	0.0	1	present_gold	83.94	0.0	1	1	1
ENSG00000246705	H2AJ	colonic mucosa	96.83666666666666	1.1724959132835662	6	present_gold	96.83666666666666	1.1724959132835662	6	6	6
ENSG00000246705	H2AJ	connective tissue	97.95	0.0	1	present_gold	97.95	0.0	1	1	1
ENSG00000246705	H2AJ	coronary artery	98.375	0.10606601717798615	2	present_gold	98.375	0.10606601717798615	2	2	2
ENSG00000246705	H2AJ	corpus callosum	85.43545454545455	5.30828666075291	11	present_gold	85.43545454545455	5.30828666075291	11	11	11
ENSG00000246705	H2AJ	corpus epididymis	95.75	1.413117121826775	3	present_gold	95.75	1.413117121826775	3	3	3
ENSG00000246705	H2AJ	cortex of kidney	89.958	2.7823497264003327	5	present_gold	89.958	2.7823497264003327	5	5	5
ENSG00000246705	H2AJ	cortical plate	79.29	0.0	2	present_gold	79.29	0.0	2	2	2
ENSG00000246705	H2AJ	cranial nerve II	59.58	0.0	1	present_gold	59.58	0.0	1	1	1
ENSG00000246705	H2AJ	decidua	97.98	0.0	1	present_gold	97.98	0.0	1	1	1
ENSG00000246705	H2AJ	deltoid	76.01	12.490392307689941	3	present_gold	76.01	12.490392307689941	3	8	3
ENSG00000246705	H2AJ	descending thoracic aorta	98.71666666666665	0.35004761580866306	3	present_gold	98.71666666666665	0.35004761580866306	3	3	3
ENSG00000246705	H2AJ	diaphragm	0.0	0.0	0	observed_zero	0.0	0.0	0	1	0
ENSG00000246705	H2AJ	dorsal motor nucleus of vagus nerve	0.0	0.0	0	observed_zero	0.0	0.0	0	2	0
ENSG00000246705	H2AJ	dorsal plus ventral thalamus	86.35249999999999	2.8321178765486943	4	present_gold	86.35249999999999	2.8321178765486943	4	7	4
ENSG00000246705	H2AJ	dorsal root ganglion	92.435	2.255009977804976	6	present_gold	92.435	2.255009977804976	6	6	6
ENSG00000246705	H2AJ	dorsolateral prefrontal cortex	76.4305	6.5217526502910985	20	present_gold	76.4305	6.5217526502910985	20	22	20
ENSG00000246705	H2AJ	duodenum	91.64333333333333	1.30791182169645	3	present_gold	91.64333333333333	1.30791182169645	3	4	3
ENSG00000246705	H2AJ	ectocervix	97.71600000000001	0.7626467071980312	5	present_gold	97.71600000000001	0.7626467071980312	5	5	5
ENSG00000246705	H2AJ	embryo	0.0	0.0	0	observed_zero	0.0	0.0	0	6	0
ENSG00000246705	H2AJ	endocervix	97.75	0.546168472176855	3	present_gold	97.75	0.546168472176855	3	3	3
ENSG00000246705	H2AJ	endometrium	91.746875	2.702366169982646	16	present_gold	91.746875	2.702366169982646	16	16	16
ENSG00000246705	H2AJ	endothelial cell	82.88	0.0	1	present_gold	82.88	0.0	1	1	1
ENSG00000246705	H2AJ	entorhinal cortex	75.70769230769231	3.3829822983233635	13	present_gold	75.70769230769231	3.3829822983233635	13	21	13
ENSG00000246705	H2AJ	epithelium of bronchus	90.89307692307693	4.113211204187843	13	present_gold	90.89307692307693	4.113211204187843	13	13	13
ENSG00000246705	H2AJ	epithelium of esophagus	90.54	0.0	1	present_gold	90.54	0.0	1	1	1
ENSG00000246705	H2AJ	epithelium of mammary gland	86.83	10.564175310927018	2	present_gold	86.83	10.564175310927018	2	7	2
ENSG00000246705	H2AJ	epithelium of nasopharynx	97.35	0.0	1	present_gold	97.35	0.0	1	1	1
ENSG00000246705	H2AJ	esophagogastric junction muscularis propria	97.35363636363637	0.48849304452105774	11	present_gold	97.35363636363637	0.48849304452105774	11	11	11
ENSG00000246705	H2AJ	esophagus	97.31285714285715	0.13487207342691906	7	present_gold	97.31285714285715	0.13487207342691906	7	7	7
ENSG00000246705	H2AJ	esophagus mucosa	97.64363636363636	0.18456829236208103	11	present_gold	97.64363636363636	0.18456829236208103	11	11	11
ENSG00000246705	H2AJ	esophagus squamous epithelium	98.39	0.0	1	present_gold	98.39	0.0	1	1	1
ENSG00000246705	H2AJ	fallopian tube	80.195	0.7424621202458729	2	present_gold	80.195	0.7424621202458729	2	2	2
ENSG00000246705	H2AJ	female reproductive system	92.01	0.0	1	present_gold	92.01	0.0	1	1	1
ENSG00000246705	H2AJ	forebrain	74.245	2.6940768363207477	2	present_gold	74.245	2.6940768363207477	2	2	2
ENSG00000246705	H2AJ	frontal cortex	79.24166666666666	4.694839783020853	18	present_gold	79.24166666666666	4.694839783020853	18	19	18
ENSG00000246705	H2AJ	fundus of stomach	95.26857142857143	3.087282670199522	7	present_gold	95.26857142857143	3.087282670199522	7	7	7
ENSG00000246705	H2AJ	gall bladder	91.8	0.0	1	present_gold	91.8	0.0	1	1	1
ENSG00000246705	H2AJ	ganglionic eminence	73.405	1.873832970144355	2	present_gold	73.405	1.873832970144355	2	2	2
ENSG00000246705	H2AJ	gastrocnemius	94.63230769230769	0.6516537148689954	13	present_gold	94.63230769230769	0.6516537148689954	13	13	13
ENSG00000246705	H2AJ	germinal epithelium of ovary	91.28	0.0	1	present_gold	91.28	0.0	1	1	1
ENSG00000246705	H2AJ	gingiva	97.33	0.28284271247462306	2	present_gold	97.33	0.28284271247462306	2	2	2
ENSG00000246705	H2AJ	gingival epithelium	97.95	0.0	1	present_gold	97.95	0.0	1	1	1
ENSG00000246705	H2AJ	globus pallidus	85.37	0.0	1	present_gold	85.37	0.0	1	1	1
ENSG00000246705	H2AJ	gluteal muscle	0.0	0.0	0	observed_zero	0.0	0.0	0	1	0
ENSG00000246705	H2AJ	granulocyte	92.98	0.0	1	present_gold	92.98	0.0	1	1	1
ENSG00000246705	H2AJ	hair follicle	0.0	0.0	0	observed_zero	0.0	0.0	0	1	0
ENSG00000246705	H2AJ	heart	91.80333333333333	5.969623901370129	15	present_gold	91.80333333333333	5.969623901370129	15	15	15
ENSG00000246705	H2AJ	heart left ventricle	93.63058823529411	2.234453150628347	17	present_gold	93.63058823529411	2.234453150628347	17	17	17
ENSG00000246705	H2AJ	heart right ventricle	94.28833333333334	0.7352935921566748	6	present_gold	94.28833333333334	0.7352935921566748	6	6	6
ENSG00000246705	H2AJ	hindlimb stylopod muscle	93.425	1.3505739520663034	2	present_gold	93.425	1.3505739520663034	2	2	2
ENSG00000246705	H2AJ	hypothalamus	86.48333333333333	2.8342891945063124	15	present_gold	86.48333333333333	2.8342891945063124	15	16	15
ENSG00000246705	H2AJ	ileal mucosa	0.0	0.0	0	observed_zero	0.0	0.0	0	1	0
ENSG00000246705	H2AJ	inferior olivary complex	0.0	0.0	0	observed_zero	0.0	0.0	0	3	0
ENSG00000246705	H2AJ	inferior vagus X ganglion	90.21000000000001	2.045238372415302	5	present_gold	90.21000000000001	2.045238372415302	5	6	5
ENSG00000246705	H2AJ	intestine	79.28999999999999	11.46554548782278	4	present_gold	79.28999999999999	11.46554548782278	4	4	4
ENSG00000246705	H2AJ	islet of Langerhans	83.24083333333333	6.37770043815072	12	present_gold	83.24083333333333	6.37770043815072	12	16	12
ENSG00000246705	H2AJ	jejunal mucosa	92.46	0.0	1	present_gold	92.46	0.0	1	1	1
ENSG00000246705	H2AJ	jejunum	91.005	0.36062445840514284	2	present_gold	91.005	0.36062445840514284	2	2	2
ENSG00000246705	H2AJ	kidney	80.67833333333333	9.622744757431047	6	present_gold	80.67833333333333	9.622744757431047	6	6	6
ENSG00000246705	H2AJ	kidney epithelium	0.0	0.0	0	observed_zero	0.0	0.0	0	1	0
ENSG00000246705	H2AJ	large intestine	95.97	0.26870057685088483	2	present_gold	95.97	0.26870057685088483	2	2	2
ENSG00000246705	H2AJ	lateral globus pallidus	0.0	0.0	0	observed_zero	0.0	0.0	0	2	0
ENSG00000246705	H2AJ	lateral nuclear group of thalamus	0.0	0.0	0	observed_zero	0.0	0.0	0	2	0
ENSG00000246705	H2AJ	layer of synovial tissue	69.912	6.609649763792333	5	present_gold	69.912	6.609649763792333	5	7	5
ENSG00000246705	H2AJ	left adrenal gland	98.2725	0.20190167338158999	8	present_gold	98.2725	0.20190167338158999	8	8	8
ENSG00000246705	H2AJ	left adrenal gland cortex	98.4525	0.27038332577498664	8	present_gold	98.4525	0.27038332577498664	8	8	8
ENSG00000246705	H2AJ	left coronary artery	98.81222222222222	0.22089464557667374	9	present_gold	98.81222222222222	0.22089464557667374	9	9	9
ENSG00000246705	H2AJ	left lobe of thyroid gland	96.10454545454546	0.693892839512899	11	present_gold	96.10454545454546	0.693892839512899	11	11	11
ENSG00000246705	H2AJ	left ovary	93.394	1.8463558703565233	5	present_gold	93.394	1.8463558703565233	5	5	5
ENSG00000246705	H2AJ	left testis	99.66000000000001	0.09570788891204612	6	present_gold	99.66000000000001	0.09570788891204612	6	6	6
ENSG00000246705	H2AJ	left uterine tube	97.215	0.37476659402887097	2	present_gold	97.215	0.37476659402887097	2	2	2
ENSG00000246705	H2AJ	left ventricle myocardium	0.0	0.0	0	observed_zero	0.0	0.0	0	4	0
ENSG00000246705	H2AJ	leukocyte	90.0	0.0	1	present_gold	90.0	0.0	1	1	1
ENSG00000246705	H2AJ	liver	93.15904761904761	3.027084248516887	21	present_gold	93.15904761904761	3.027084248516887	21	23	21
ENSG00000246705	H2AJ	lower esophagus	97.16	0.1979898987322341	2	present_gold	97.16	0.1979898987322341	2	2	2
ENSG00000246705	H2AJ	lower esophagus mucosa	97.47	0.0	1	present_gold	97.47	0.0	1	1	1
ENSG00000246705	H2AJ	lower esophagus muscularis layer	97.30272727272727	0.2730600999447121	11	present_gold	97.30272727272727	0.2730600999447121	11	11	11
ENSG00000246705	H2AJ	lower lobe of lung	94.335	1.5011329055083675	8	present_gold	94.335	1.5011329055083675	8	8	8
ENSG00000246705	H2AJ	lung	89.01866666666666	6.437956493292248	15	present_gold	89.01866666666666	6.437956493292248	15	22	15
ENSG00000246705	H2AJ	lymph node	92.42166666666667	4.271830599013342	6	present_gold	92.42166666666667	4.271830599013342	6	6	6
ENSG00000246705	H2AJ	male germ cell	0.0	0.0	0	observed_zero	0.0	0.0	0	1	0
ENSG00000246705	H2AJ	male germ line stem cell (sensu Vertebrata) in testis	82.78	0.0	1	present_gold	82.78	0.0	1	1	1
ENSG00000246705	H2AJ	mammalian vulva	97.494	0.3663741257239669	5	present_gold	97.494	0.3663741257239669	5	5	5
ENSG00000246705	H2AJ	mammary duct	96.29	0.0	1	present_gold	96.29	0.0	1	1	1
ENSG00000246705	H2AJ	mammary gland	96.07	0.0	1	present_gold	96.07	0.0	1	1	1
ENSG00000246705	H2AJ	material anatomical entity	92.57	0.0	1	present_gold	92.57	0.0	1	1	1
ENSG00000246705	H2AJ	medial globus pallidus	83.48	1.4967965793654157	3	present_gold	83.48	1.4967965793654157	3	3	3
ENSG00000246705	H2AJ	medulla oblongata	87.312	2.592039737349722	5	present_gold	87.312	2.592039737349722	5	6	5
ENSG00000246705	H2AJ	metanephric glomerulus	83.2	3.4571838250229043	6	present_gold	83.2	3.4571838250229043	6	7	6
ENSG00000246705	H2AJ	metanephros	85.2675	11.95882205737672	4	present_gold	85.2675	11.95882205737672	4	5	4
ENSG00000246705	H2AJ	metanephros cortex	97.70500000000001	0.7424621202458729	2	present_gold	97.70500000000001	0.7424621202458729	2	2	2
ENSG00000246705	H2AJ	midbrain	88.144	2.344062712471666	5	present_gold	88.144	2.344062712471666	5	5	5
ENSG00000246705	H2AJ	middle temporal gyrus	75.59	0.0	1	present_gold	75.59	0.0	1	5	1
ENSG00000246705	H2AJ	minor salivary gland	97.686	0.3835564568033707	10	present_gold	97.686	0.3835564568033707	10	10	10
ENSG00000246705	H2AJ	monocyte	96.6	0.0	1	present_gold	96.6	0.0	1	1	1
ENSG00000246705	H2AJ	mononuclear cell	0.0	0.0	0	observed_zero	0.0	0.0	0	1	0
ENSG00000246705	H2AJ	mouth mucosa	97.88	0.2842534080710394	4	present_gold	97.88	0.2842534080710394	4	4	4
ENSG00000246705	H2AJ	mucosa of paranasal sinus	95.57	0.0	1	present_gold	95.57	0.0	1	1	1
ENSG00000246705	H2AJ	mucosa of sigmoid colon	94.8	0.0	1	present_gold	94.8	0.0	1	1	1
ENSG00000246705	H2AJ	mucosa of stomach	98.49	0.0	1	present_gold	98.49	0.0	1	1	1
ENSG00000246705	H2AJ	mucosa of transverse colon	98.82	0.0	1	present_gold	98.82	0.0	1	1	1
ENSG00000246705	H2AJ	mucosa of urinary bladder	0.0	0.0	0	observed_zero	0.0	0.0	0	1	0
ENSG00000246705	H2AJ	multicellular organism	92.58	0.0	1	present_gold	92.58	0.0	1	1	1
ENSG00000246705	H2AJ	muscle layer of sigmoid colon	96.9718181818182	0.544128995401241	11	present_gold	96.9718181818182	0.544128995401241	11	11	11
ENSG00000246705	H2AJ	muscle of leg	94.61	0.6222539674441586	2	present_gold	94.61	0.6222539674441586	2	2	2
ENSG00000246705	H2AJ	muscle organ	0.0	0.0	0	observed_zero	0.0	0.0	0	1	0
ENSG00000246705	H2AJ	muscle tissue	79.78	0.0	1	present_gold	79.78	0.0	1	1	1
ENSG00000246705	H2AJ	myocardium	90.59833333333334	4.374381861093824	6	present_gold	90.59833333333334	4.374381861093824	6	8	6
ENSG00000246705	H2AJ	myometrium	88.298	15.572795224721574	10	present_gold	88.298	15.572795224721574	10	11	10
ENSG00000246705	H2AJ	nasal cavity epithelium	89.75571428571428	8.576224610598102	7	present_gold	89.75571428571428	8.576224610598102	7	7	7
ENSG00000246705	H2AJ	nasal cavity mucosa	95.43	0.0	1	present_gold	95.43	0.0	1	1	1
ENSG00000246705	H2AJ	neocortex	72.88	0.0	1	present_gold	72.88	0.0	1	1	1
ENSG00000246705	H2AJ	nephron tubule	0.0	0.0	0	observed_zero	0.0	0.0	0	8	0
ENSG00000246705	H2AJ	nipple	97.70666666666666	0.646554973171916	3	present_gold	97.70666666666666	0.646554973171916	3	3	3
ENSG00000246705	H2AJ	nucleus accumbens	91.14	2.0674885951097997	12	present_gold	91.14	2.0674885951097997	12	13	12
ENSG00000246705	H2AJ	occipital lobe	81.01	4.781506038896116	3	present_gold	81.01	4.781506038896116	3	6	3
ENSG00000246705	H2AJ	olfactory bulb	0.0	0.0	0	observed_zero	0.0	0.0	0	1	0
ENSG00000246705	H2AJ	olfactory segment of nasal mucosa	99.01	0.0	1	present_gold	99.01	0.0	1	1	1
ENSG00000246705	H2AJ	omental fat pad	98.37272727272726	0.20040413713747926	11	present_gold	98.37272727272726	0.20040413713747926	11	11	11
ENSG00000246705	H2AJ	oocyte	0.0	0.0	0	observed_zero	0.0	0.0	0	1	0
ENSG00000246705	H2AJ	oral cavity	97.35333333333334	0.5361964814008622	6	present_gold	97.35333333333334	0.5361964814008622	6	6	6
ENSG00000246705	H2AJ	orbitofrontal cortex	0.0	0.0	0	observed_zero	0.0	0.0	0	6	0
ENSG00000246705	H2AJ	ovary	85.0281818181818	10.856731384889116	11	present_gold	85.0281818181818	10.856731384889116	11	11	11
ENSG00000246705	H2AJ	oviduct epithelium	70.0	0.0	1	present_gold	70.0	0.0	1	3	1
ENSG00000246705	H2AJ	palpebral conjunctiva	97.606	0.3811561359862896	5	present_gold	97.606	0.3811561359862896	5	5	5
ENSG00000246705	H2AJ	pancreas	92.75	0.24041630560342858	2	present_gold	92.75	0.24041630560342858	2	2	2
ENSG00000246705	H2AJ	pancreatic ductal cell	0.0	0.0	0	observed_zero	0.0	0.0	0	1	0
ENSG00000246705	H2AJ	parietal lobe	78.128	4.493063542840227	5	present_gold	78.128	4.493063542840227	5	6	5
ENSG00000246705	H2AJ	parietal pleura	93.96	3.467573599315045	4	present_gold	93.96	3.467573599315045	4	4	4
ENSG00000246705	H2AJ	parotid gland	98.53	0.14774495398683282	8	present_gold	98.53	0.14774495398683282	8	8	8
ENSG00000246705	H2AJ	penis	97.56	0.0	1	present_gold	97.56	0.0	1	1	1
ENSG00000246705	H2AJ	pericardium	97.67	0.0	1	present_gold	97.67	0.0	1	1	1
ENSG00000246705	H2AJ	periodontal ligament	0.0	0.0	0	observed_zero	0.0	0.0	0	1	0
ENSG00000246705	H2AJ	peritoneum	98.32	0.0	1	present_gold	98.32	0.0	1	1	1
ENSG00000246705	H2AJ	pharyngeal mucosa	97.28333333333335	0.9176237427907638	3	present_gold	97.28333333333335	0.9176237427907638	3	3	3
ENSG00000246705	H2AJ	pigmented layer of retina	90.8875	1.3184934584593162	4	present_gold	90.8875	1.3184934584593162	4	4	4
ENSG00000246705	H2AJ	pituitary gland	88.48461538461538	2.524762745898499	13	present_gold	88.48461538461538	2.524762745898499	13	13	13
ENSG00000246705	H2AJ	placenta	88.935	4.616279165446274	4	present_gold	88.935	4.616279165446274	4	4	4
ENSG00000246705	H2AJ	pleura	91.65	0.0	1	present_gold	91.65	0.0	1	1	1
ENSG00000246705	H2AJ	pons	89.42	0.0	1	present_gold	89.42	0.0	1	1	1
ENSG00000246705	H2AJ	popliteal artery	98.76	0.0	1	present_gold	98.76	0.0	1	1	1
ENSG00000246705	H2AJ	postcentral gyrus	75.38933333333334	3.05616582073184	15	present_gold	75.38933333333334	3.05616582073184	15	15	15
ENSG00000246705	H2AJ	prefrontal cortex	84.36625	3.5915414020803302	8	present_gold	84.36625	3.5915414020803302	8	10	8
ENSG00000246705	H2AJ	primary visual cortex	74.94833333333334	2.8670920227063994	6	present_gold	74.94833333333334	2.8670920227063994	6	7	6
ENSG00000246705	H2AJ	primordial germ cell in gonad	88.94	0.0	1	present_gold	88.94	0.0	1	1	1
ENSG00000246705	H2AJ	prostate gland	93.51153846153846	5.499739154653682	13	present_gold	93.51153846153846	5.499739154653682	13	18	13
ENSG00000246705	H2AJ	putamen	89.52	2.8481924092308075	13	present_gold	89.52	2.8481924092308075	13	16	13
ENSG00000246705	H2AJ	pylorus	95.22333333333334	1.017660716218002	3	present_gold	95.22333333333334	1.017660716218002	3	3	3
ENSG00000246705	H2AJ	quadriceps femoris	78.2	4.9495824739736065	7	present_gold	78.2	4.9495824739736065	7	20	7
ENSG00000246705	H2AJ	rectum	91.66	0.0	1	present_gold	91.66	0.0	1	1	1
ENSG00000246705	H2AJ	renal glomerulus	0.0	0.0	0	observed_zero	0.0	0.0	0	1	0
ENSG00000246705	H2AJ	renal medulla	92.09333333333332	0.8038863933002832	3	present_gold	92.09333333333332	0.8038863933002832	3	3	3
ENSG00000246705	H2AJ	right adrenal gland	98.322	0.1544991909363925	5	present_gold	98.322	0.1544991909363925	5	5	5
ENSG00000246705	H2AJ	right adrenal gland cortex	98.08333333333333	0.2967041174863169	3	present_gold	98.08333333333333	0.2967041174863169	3	3	3
ENSG00000246705	H2AJ	right atrium auricular region	97.15454545454546	0.4978827901497245	11	present_gold	97.15454545454546	0.4978827901497245	11	11	11
ENSG00000246705	H2AJ	right coronary artery	98.685	0.13435028842544242	2	present_gold	98.685	0.13435028842544242	2	2	2
ENSG00000246705	H2AJ	right frontal lobe	81.55000000000001	3.2905508657366185	9	present_gold	81.55000000000001	3.2905508657366185	9	9	9
ENSG00000246705	H2AJ	right hemisphere of cerebellum	81.74777777777778	1.4019341797832205	9	present_gold	81.74777777777778	1.4019341797832205	9	9	9
ENSG00000246705	H2AJ	right lobe of liver	93.4111111111111	1.192596373930052	9	present_gold	93.4111111111111	1.192596373930052	9	9	9
ENSG00000246705	H2AJ	right lobe of thyroid gland	96.33625	0.7865646372494951	8	present_gold	96.33625	0.7865646372494951	8	8	8
ENSG00000246705	H2AJ	right lung	97.725	1.1101576464628848	2	present_gold	97.725	1.1101576464628848	2	2	2
ENSG00000246705	H2AJ	right ovary	94.284	1.5388892097873703	5	present_gold	94.284	1.5388892097873703	5	5	5
ENSG00000246705	H2AJ	right testis	99.338	0.79402141029068	5	present_gold	99.338	0.79402141029068	5	5	5
ENSG00000246705	H2AJ	right uterine tube	97.2	0.0	1	present_gold	97.2	0.0	1	1	1
ENSG00000246705	H2AJ	saliva-secreting gland	97.94	0.17986105748604947	5	present_gold	97.94	0.17986105748604947	5	5	5
ENSG00000246705	H2AJ	saphenous vein	98.00999999999999	0.530188645672458	3	present_gold	98.00999999999999	0.530188645672458	3	3	3
ENSG00000246705	H2AJ	secondary oocyte	0.0	0.0	0	observed_zero	0.0	0.0	0	1	0
ENSG00000246705	H2AJ	seminal vesicle	97.08	0.0	1	present_gold	97.08	0.0	1	1	1
ENSG00000246705	H2AJ	skeletal muscle tissue	81.93083333333333	6.782065196776963	12	present_gold	81.93083333333333	6.782065196776963	12	17	12
ENSG00000246705	H2AJ	skeletal muscle tissue of biceps brachii	93.4	0.48083261120684706	2	present_gold	93.4	0.48083261120684706	2	2	2
ENSG00000246705	H2AJ	skeletal muscle tissue of rectus abdominis	92.625	0.3181980515339384	2	present_gold	92.625	0.3181980515339384	2	2	2
ENSG00000246705	H2AJ	skin of abdomen	98.143	0.16221042575069544	10	present_gold	98.143	0.16221042575069544	10	10	10
ENSG00000246705	H2AJ	skin of hip	94.88	0.0	1	present_gold	94.88	0.0	1	1	1
ENSG00000246705	H2AJ	skin of leg	98.42083333333333	0.29271327371005973	12	present_gold	98.42083333333333	0.29271327371005973	12	12	12
ENSG00000246705	H2AJ	small intestine	94.86	0.48083261120685716	2	present_gold	94.86	0.48083261120685716	2	2	2
ENSG00000246705	H2AJ	small intestine Peyer's patch	95.88454545454546	0.6120190133707225	11	present_gold	95.88454545454546	0.6120190133707225	11	11	11
ENSG00000246705	H2AJ	smooth muscle tissue	90.33	0.0	1	present_gold	90.33	0.0	1	2	1
ENSG00000246705	H2AJ	sperm	97.97	0.0	1	present_gold	97.97	0.0	1	1	1
ENSG00000246705	H2AJ	spinal cord	85.31555555555556	16.42437526293703	9	present_gold	85.31555555555556	16.42437526293703	9	10	9
ENSG00000246705	H2AJ	spleen	95.63666666666667	0.6135490398023803	12	present_gold	95.63666666666667	0.6135490398023803	12	12	12
ENSG00000246705	H2AJ	squamous epithelium	0.0	0.0	0	observed_zero	0.0	0.0	0	3	0
ENSG00000246705	H2AJ	stomach	91.18666666666667	6.587600381616874	12	present_gold	91.18666666666667	6.587600381616874	12	12	12
ENSG00000246705	H2AJ	stromal cell of endometrium	91.7	0.0	1	present_gold	91.7	0.0	1	1	1
ENSG00000246705	H2AJ	subcutaneous adipose tissue	98.32684210526315	1.0303130734101	19	present_gold	98.32684210526315	1.0303130734101	19	21	19
ENSG00000246705	H2AJ	substantia nigra	87.73705882352941	6.825261684274348	17	present_gold	87.73705882352941	6.825261684274348	17	23	17
ENSG00000246705	H2AJ	substantia nigra pars compacta	88.33500000000001	0.9970205614730396	2	present_gold	88.33500000000001	0.9970205614730396	2	2	2
ENSG00000246705	H2AJ	substantia nigra pars reticulata	90.295	1.5627059864222757	2	present_gold	90.295	1.5627059864222757	2	2	2
ENSG00000246705	H2AJ	subthalamic nucleus	89.96857142857142	1.6974532744814015	7	present_gold	89.96857142857142	1.6974532744814015	7	8	7
ENSG00000246705	H2AJ	superficial temporal artery	94.39	0.0	1	present_gold	94.39	0.0	1	1	1
ENSG00000246705	H2AJ	superior frontal gyrus	74.79	3.338852722118781	17	present_gold	74.79	3.338852722118781	17	23	17
ENSG00000246705	H2AJ	superior surface of tongue	95.14	1.4697959041989455	3	present_gold	95.14	1.4697959041989455	3	3	3
ENSG00000246705	H2AJ	superior vestibular nucleus	85.7875	2.585657556599485	4	present_gold	85.7875	2.585657556599485	4	5	4
ENSG00000246705	H2AJ	sural nerve	95.44333333333333	1.815002295682667	3	present_gold	95.44333333333333	1.815002295682667	3	3	3
ENSG00000246705	H2AJ	synovial joint	96.745	0.3181980515339484	2	present_gold	96.745	0.3181980515339484	2	2	2
ENSG00000246705	H2AJ	telencephalon	84.23	0.0	1	present_gold	84.23	0.0	1	1	1
ENSG00000246705	H2AJ	temporal lobe	81.02166666666666	4.407781376913633	6	present_gold	81.02166666666666	4.407781376913633	6	7	6
ENSG00000246705	H2AJ	tendon	93.696	1.9439727364343373	5	present_gold	93.696	1.9439727364343373	5	5	5
ENSG00000246705	H2AJ	tendon of biceps brachii	95.06	0.0	1	present_gold	95.06	0.0	1	1	1
ENSG00000246705	H2AJ	testis	91.19461538461539	12.702982993103507	13	present_gold	91.19461538461539	12.702982993103507	13	13	13
ENSG00000246705	H2AJ	thoracic aorta	98.68	0.037947331922020495	6	present_gold	98.68	0.037947331922020495	6	6	6
ENSG00000246705	H2AJ	thoracic mammary gland	96.33500000000001	2.8905090049491817	14	present_gold	96.33500000000001	2.8905090049491817	14	15	14
ENSG00000246705	H2AJ	thymus	92.905	2.4678026663410573	2	present_gold	92.905	2.4678026663410573	2	4	2
ENSG00000246705	H2AJ	thyroid gland	95.49764705882353	2.0889097916489976	17	present_gold	95.49764705882353	2.0889097916489976	17	17	17
ENSG00000246705	H2AJ	tibia	89.05	0.0	1	present_gold	89.05	0.0	1	1	1
ENSG00000246705	H2AJ	tibial artery	98.88636363636364	0.17704647566515955	11	present_gold	98.88636363636364	0.17704647566515955	11	11	11
ENSG00000246705	H2AJ	tibial nerve	98.56272727272727	0.27903730607540245	11	present_gold	98.56272727272727	0.27903730607540245	11	11	11
ENSG00000246705	H2AJ	tibialis anterior	0.0	0.0	0	observed_zero	0.0	0.0	0	2	0
ENSG00000246705	H2AJ	tongue	93.15	0.0	1	present_gold	93.15	0.0	1	1	1
ENSG00000246705	H2AJ	tongue squamous epithelium	0.0	0.0	0	observed_zero	0.0	0.0	0	1	0
ENSG00000246705	H2AJ	tonsil	91.67	2.543674507479288	6	present_gold	91.67	2.543674507479288	6	6	6
ENSG00000246705	H2AJ	trabecular bone tissue	94.7875	0.25276800957927087	4	present_gold	94.7875	0.25276800957927087	4	4	4
ENSG00000246705	H2AJ	trachea	95.75666666666666	2.9869940296782214	3	present_gold	95.75666666666666	2.9869940296782214	3	3	3
ENSG00000246705	H2AJ	transverse colon	97.488	0.250812014597919	10	present_gold	97.488	0.250812014597919	10	10	10
ENSG00000246705	H2AJ	triceps brachii	0.0	0.0	0	observed_zero	0.0	0.0	0	2	0
ENSG00000246705	H2AJ	trigeminal ganglion	93.985	1.5876366082954894	6	present_gold	93.985	1.5876366082954894	6	6	6
ENSG00000246705	H2AJ	type B pancreatic cell	0.0	0.0	0	observed_zero	0.0	0.0	0	1	0
ENSG00000246705	H2AJ	upper arm skin	75.7525	3.510274205813559	4	present_gold	75.7525	3.510274205813559	4	4	4
ENSG00000246705	H2AJ	upper leg skin	96.33	0.0	1	present_gold	96.33	0.0	1	1	1
ENSG00000246705	H2AJ	upper lobe of left lung	96.6725	0.49459218409860595	8	present_gold	96.6725	0.49459218409860595	8	8	8
ENSG00000246705	H2AJ	upper lobe of lung	96.45	0.9280445391610642	4	present_gold	96.45	0.9280445391610642	4	4	4
ENSG00000246705	H2AJ	urethra	95.79333333333334	0.3118225991382504	3	present_gold	95.79333333333334	0.3118225991382504	3	3	3
ENSG00000246705	H2AJ	urinary bladder	96.39875	2.515900506209032	8	present_gold	96.39875	2.515900506209032	8	8	8
ENSG00000246705	H2AJ	uterine cervix	85.044	4.531504165285521	5	present_gold	85.044	4.531504165285521	5	5	5
ENSG00000246705	H2AJ	uterus	91.555	0.6717514421272222	2	present_gold	91.555	0.6717514421272222	2	2	2
ENSG00000246705	H2AJ	vagina	88.33666666666666	7.068192945523735	12	present_gold	88.33666666666666	7.068192945523735	12	12	12
ENSG00000246705	H2AJ	vastus lateralis	84.7011111111111	6.640471452473169	9	present_gold	84.7011111111111	6.640471452473169	9	21	9
ENSG00000246705	H2AJ	vena cava	97.07	0.0	1	present_gold	97.07	0.0	1	1	1
ENSG00000246705	H2AJ	ventral tegmental area	86.34	4.326597970692449	5	present_gold	86.34	4.326597970692449	5	6	5
ENSG00000246705	H2AJ	ventricular zone	76.655	1.1525840533340692	2	present_gold	76.655	1.1525840533340692	2	2	2
ENSG00000246705	H2AJ	vermiform appendix	73.26	23.914351339729038	2	present_gold	73.26	23.914351339729038	2	4	2
ENSG00000246705	H2AJ	visceral pleura	93.29249999999999	1.6761538314446784	4	present_gold	93.29249999999999	1.6761538314446784	4	4	4
ENSG00000246705	H2AJ	zone of skin	85.81428571428572	14.295311073261704	14	present_gold	85.81428571428572	14.295311073261704	14	14	14
ENSG00000249467	H2AL1QP	Ammon's horn	25.28	0.0	1	present_gold	25.28	0.0	1	8	1
ENSG00000249467	H2AL1QP	Brodmann (1909) area 9	0.0	0.0	0	observed_zero	0.0	0.0	0	8	0
ENSG00000249467	H2AL1QP	C1 segment of cervical spinal cord	42.58857142857143	10.87199679386056	7	present_gold	42.58857142857143	10.87199679386056	7	9	7
ENSG00000249467	H2AL1QP	adenohypophysis	52.995000000000005	2.6799347006970144	2	present_gold	52.995000000000005	2.6799347006970144	2	6	2
ENSG00000249467	H2AL1QP	adipose tissue	22.7	0.0	1	present_gold	22.7	0.0	1	3	1
ENSG00000249467	H2AL1QP	adrenal gland	0.0	0.0	0	observed_zero	0.0	0.0	0	1	0
ENSG00000249467	H2AL1QP	adrenal tissue	0.0	0.0	0	observed_zero	0.0	0.0	0	3	0
ENSG00000249467	H2AL1QP	adult mammalian kidney	0.0	0.0	0	observed_zero	0.0	0.0	0	11	0
ENSG00000249467	H2AL1QP	amygdala	26.09	0.0	1	present_gold	26.09	0.0	1	8	1
ENSG00000249467	H2AL1QP	anterior cingulate cortex	0.0	0.0	0	observed_zero	0.0	0.0	0	9	0
ENSG00000249467	H2AL1QP	apex of heart	0.0	0.0	0	observed_zero	0.0	0.0	0	1	0
ENSG00000249467	H2AL1QP	ascending aorta	29.83285714285714	6.529208002725686	7	present_gold	29.83285714285714	6.529208002725686	7	10	7
ENSG00000249467	H2AL1QP	blood	0.0	0.0	0	observed_zero	0.0	0.0	0	15	0
ENSG00000249467	H2AL1QP	body of pancreas	25.17	0.0	1	present_gold	25.17	0.0	1	10	1
ENSG00000249467	H2AL1QP	body of stomach	24.36	2.644579361637689	2	present_gold	24.36	2.644579361637689	2	11	2
ENSG00000249467	H2AL1QP	body of uterus	0.0	0.0	0	observed_zero	0.0	0.0	0	5	0
ENSG00000249467	H2AL1QP	bone marrow	0.0	0.0	0	observed_zero	0.0	0.0	0	1	0
ENSG00000249467	H2AL1QP	bone marrow cell	0.0	0.0	0	observed_zero	0.0	0.0	0	1	0
ENSG00000249467	H2AL1QP	brain	22.21666666666667	0.20599352740640497	3	present_gold	22.21666666666667	0.20599352740640497	3	4	3
ENSG00000249467	H2AL1QP	calcaneal tendon	0.0	0.0	0	observed_zero	0.0	0.0	0	5	0
ENSG00000249467	H2AL1QP	caudate nucleus	19.83	0.424264068711927	2	present_gold	19.83	0.424264068711927	2	9	2
ENSG00000249467	H2AL1QP	cerebellar cortex	0.0	0.0	0	observed_zero	0.0	0.0	0	2	0
ENSG00000249467	H2AL1QP	cerebellar hemisphere	0.0	0.0	0	observed_zero	0.0	0.0	0	10	0
ENSG00000249467	H2AL1QP	cerebellum	0.0	0.0	0	observed_zero	0.0	0.0	0	2	0
ENSG00000249467	H2AL1QP	cerebral cortex	21.59	0.0	1	present_gold	21.59	0.0	1	1	1
ENSG00000249467	H2AL1QP	colon	0.0	0.0	0	observed_zero	0.0	0.0	0	5	0
ENSG00000249467	H2AL1QP	colonic epithelium	0.0	0.0	0	observed_zero	0.0	0.0	0	1	0
ENSG00000249467	H2AL1QP	corpus callosum	51.96	0.0	1	present_gold	51.96	0.0	1	4	1
ENSG00000249467	H2AL1QP	cortex of kidney	0.0	0.0	0	observed_zero	0.0	0.0	0	2	0
ENSG00000249467	H2AL1QP	cortical plate	0.0	0.0	0	observed_zero	0.0	0.0	0	2	0
ENSG00000249467	H2AL1QP	descending thoracic aorta	36.55	0.0	1	present_gold	36.55	0.0	1	3	1
ENSG00000249467	H2AL1QP	dorsolateral prefrontal cortex	0.0	0.0	0	observed_zero	0.0	0.0	0	11	0
ENSG00000249467	H2AL1QP	duodenum	0.0	0.0	0	observed_zero	0.0	0.0	0	1	0
ENSG00000249467	H2AL1QP	ectocervix	30.72	0.0	1	present_gold	30.72	0.0	1	5	1
ENSG00000249467	H2AL1QP	endocervix	48.1	0.0	1	present_gold	48.1	0.0	1	3	1
ENSG00000249467	H2AL1QP	endometrium	0.0	0.0	0	observed_zero	0.0	0.0	0	2	0
ENSG00000249467	H2AL1QP	esophagogastric junction muscularis propria	23.7	3.6062445840513933	2	present_gold	23.7	3.6062445840513933	2	11	2
ENSG00000249467	H2AL1QP	esophagus	0.0	0.0	0	observed_zero	0.0	0.0	0	1	0
ENSG00000249467	H2AL1QP	esophagus mucosa	28.62	0.0	1	present_gold	28.62	0.0	1	11	1
ENSG00000249467	H2AL1QP	fallopian tube	0.0	0.0	0	observed_zero	0.0	0.0	0	1	0
ENSG00000249467	H2AL1QP	frontal cortex	31.116666666666664	11.343016941419656	3	present_gold	31.116666666666664	11.343016941419656	3	5	3
ENSG00000249467	H2AL1QP	fundus of stomach	34.61	0.0	1	present_gold	34.61	0.0	1	4	1
ENSG00000249467	H2AL1QP	gall bladder	0.0	0.0	0	observed_zero	0.0	0.0	0	1	0
ENSG00000249467	H2AL1QP	ganglionic eminence	0.0	0.0	0	observed_zero	0.0	0.0	0	2	0
ENSG00000249467	H2AL1QP	gastrocnemius	26.6425	1.927543773822011	4	present_gold	26.6425	1.927543773822011	4	11	4
ENSG00000249467	H2AL1QP	granulocyte	0.0	0.0	0	observed_zero	0.0	0.0	0	1	0
ENSG00000249467	H2AL1QP	heart	25.045	4.037579720575184	2	present_gold	25.045	4.037579720575184	2	10	2
ENSG00000249467	H2AL1QP	heart left ventricle	29.03	0.0	1	present_gold	29.03	0.0	1	14	1
ENSG00000249467	H2AL1QP	hindlimb stylopod muscle	0.0	0.0	0	observed_zero	0.0	0.0	0	2	0
ENSG00000249467	H2AL1QP	hypothalamus	27.81	0.0	1	present_gold	27.81	0.0	1	8	1
ENSG00000249467	H2AL1QP	intestine	0.0	0.0	0	observed_zero	0.0	0.0	0	3	0
ENSG00000249467	H2AL1QP	islet of Langerhans	0.0	0.0	0	observed_zero	0.0	0.0	0	10	0
ENSG00000249467	H2AL1QP	kidney	0.0	0.0	0	observed_zero	0.0	0.0	0	4	0
ENSG00000249467	H2AL1QP	left adrenal gland	23.13	0.0	1	present_gold	23.13	0.0	1	8	1
ENSG00000249467	H2AL1QP	left adrenal gland cortex	0.0	0.0	0	observed_zero	0.0	0.0	0	8	0
ENSG00000249467	H2AL1QP	left coronary artery	48.97	17.5928167159213	2	present_gold	48.97	17.5928167159213	2	9	2
ENSG00000249467	H2AL1QP	left lobe of thyroid gland	0.0	0.0	0	observed_zero	0.0	0.0	0	11	0
ENSG00000249467	H2AL1QP	left ovary	0.0	0.0	0	observed_zero	0.0	0.0	0	5	0
ENSG00000249467	H2AL1QP	left testis	92.35833333333333	1.5493923540106485	6	present_gold	92.35833333333333	1.5493923540106485	6	6	6
ENSG00000249467	H2AL1QP	left uterine tube	0.0	0.0	0	observed_zero	0.0	0.0	0	2	0
ENSG00000249467	H2AL1QP	leukocyte	0.0	0.0	0	observed_zero	0.0	0.0	0	1	0
ENSG00000249467	H2AL1QP	liver	43.49	0.0	1	present_gold	43.49	0.0	1	8	1
ENSG00000249467	H2AL1QP	lower esophagus	0.0	0.0	0	observed_zero	0.0	0.0	0	2	0
ENSG00000249467	H2AL1QP	lower esophagus mucosa	0.0	0.0	0	observed_zero	0.0	0.0	0	1	0
ENSG00000249467	H2AL1QP	lower esophagus muscularis layer	23.98	0.0	1	present_gold	23.98	0.0	1	11	1
ENSG00000249467	H2AL1QP	lung	0.0	0.0	0	observed_zero	0.0	0.0	0	7	0
ENSG00000249467	H2AL1QP	lymph node	0.0	0.0	0	observed_zero	0.0	0.0	0	2	0
ENSG00000249467	H2AL1QP	metanephros cortex	0.0	0.0	0	observed_zero	0.0	0.0	0	2	0
ENSG00000249467	H2AL1QP	minor salivary gland	0.0	0.0	0	observed_zero	0.0	0.0	0	10	0
ENSG00000249467	H2AL1QP	monocyte	0.0	0.0	0	observed_zero	0.0	0.0	0	1	0
ENSG00000249467	H2AL1QP	mucosa of stomach	0.0	0.0	0	observed_zero	0.0	0.0	0	1	0
ENSG00000249467	H2AL1QP	mucosa of transverse colon	0.0	0.0	0	observed_zero	0.0	0.0	0	1	0
ENSG00000249467	H2AL1QP	multicellular organism	25.23	0.0	1	present_gold	25.23	0.0	1	1	1
ENSG00000249467	H2AL1QP	muscle layer of sigmoid colon	0.0	0.0	0	observed_zero	0.0	0.0	0	11	0
ENSG00000249467	H2AL1QP	muscle of leg	0.0	0.0	0	observed_zero	0.0	0.0	0	2	0
ENSG00000249467	H2AL1QP	muscle tissue	0.0	0.0	0	observed_zero	0.0	0.0	0	1	0
ENSG00000249467	H2AL1QP	myometrium	0.0	0.0	0	observed_zero	0.0	0.0	0	6	0
ENSG00000249467	H2AL1QP	nucleus accumbens	0.0	0.0	0	observed_zero	0.0	0.0	0	9	0
ENSG00000249467	H2AL1QP	olfactory segment of nasal mucosa	0.0	0.0	0	observed_zero	0.0	0.0	0	1	0
ENSG00000249467	H2AL1QP	omental fat pad	0.0	0.0	0	observed_zero	0.0	0.0	0	11	0
ENSG00000249467	H2AL1QP	ovary	0.0	0.0	0	observed_zero	0.0	0.0	0	4	0
ENSG00000249467	H2AL1QP	pancreas	0.0	0.0	0	observed_zero	0.0	0.0	0	2	0
ENSG00000249467	H2AL1QP	pituitary gland	41.018	11.658353990927614	10	present_gold	41.018	11.658353990927614	10	10	10
ENSG00000249467	H2AL1QP	placenta	0.0	0.0	0	observed_zero	0.0	0.0	0	1	0
ENSG00000249467	H2AL1QP	popliteal artery	0.0	0.0	0	observed_zero	0.0	0.0	0	1	0
ENSG00000249467	H2AL1QP	prefrontal cortex	30.265	0.4879036790187162	2	present_gold	30.265	0.4879036790187162	2	7	2
ENSG00000249467	H2AL1QP	primary visual cortex	0.0	0.0	0	observed_zero	0.0	0.0	0	2	0
ENSG00000249467	H2AL1QP	prostate gland	22.186666666666667	0.7778388864882841	3	present_gold	22.186666666666667	0.7778388864882841	3	9	3
ENSG00000249467	H2AL1QP	putamen	0.0	0.0	0	observed_zero	0.0	0.0	0	8	0
ENSG00000249467	H2AL1QP	rectum	0.0	0.0	0	observed_zero	0.0	0.0	0	1	0
ENSG00000249467	H2AL1QP	right adrenal gland	0.0	0.0	0	observed_zero	0.0	0.0	0	5	0
ENSG00000249467	H2AL1QP	right adrenal gland cortex	0.0	0.0	0	observed_zero	0.0	0.0	0	3	0
ENSG00000249467	H2AL1QP	right atrium auricular region	0.0	0.0	0	observed_zero	0.0	0.0	0	11	0
ENSG00000249467	H2AL1QP	right coronary artery	0.0	0.0	0	observed_zero	0.0	0.0	0	2	0
ENSG00000249467	H2AL1QP	right frontal lobe	22.15	1.725340546095177	2	present_gold	22.15	1.725340546095177	2	9	2
ENSG00000249467	H2AL1QP	right hemisphere of cerebellum	0.0	0.0	0	observed_zero	0.0	0.0	0	9	0
ENSG00000249467	H2AL1QP	right lobe of liver	44.644999999999996	16.39780625571604	2	present_gold	44.644999999999996	16.39780625571604	2	9	2
ENSG00000249467	H2AL1QP	right lobe of thyroid gland	32.81	0.0	1	present_gold	32.81	0.0	1	8	1
ENSG00000249467	H2AL1QP	right lung	0.0	0.0	0	observed_zero	0.0	0.0	0	2	0
ENSG00000249467	H2AL1QP	right ovary	35.62	7.764032457428292	2	present_gold	35.62	7.764032457428292	2	5	2
ENSG00000249467	H2AL1QP	right testis	88.322	7.925406614174445	5	present_gold	88.322	7.925406614174445	5	5	5
ENSG00000249467	H2AL1QP	right uterine tube	0.0	0.0	0	observed_zero	0.0	0.0	0	1	0
ENSG00000249467	H2AL1QP	skeletal muscle tissue	0.0	0.0	0	observed_zero	0.0	0.0	0	4	0
ENSG00000249467	H2AL1QP	skin of abdomen	20.605	3.4294678887547567	2	present_gold	20.605	3.4294678887547567	2	10	2
ENSG00000249467	H2AL1QP	skin of leg	21.886666666666667	2.1023161830070496	3	present_gold	21.886666666666667	2.1023161830070496	3	12	3
ENSG00000249467	H2AL1QP	small intestine Peyer's patch	0.0	0.0	0	observed_zero	0.0	0.0	0	11	0
ENSG00000249467	H2AL1QP	smooth muscle tissue	0.0	0.0	0	observed_zero	0.0	0.0	0	1	0
ENSG00000249467	H2AL1QP	spleen	35.06	5.487221519129695	5	present_gold	35.06	5.487221519129695	5	11	5
ENSG00000249467	H2AL1QP	stomach	0.0	0.0	0	observed_zero	0.0	0.0	0	12	0
ENSG00000249467	H2AL1QP	stromal cell of endometrium	0.0	0.0	0	observed_zero	0.0	0.0	0	1	0
ENSG00000249467	H2AL1QP	subcutaneous adipose tissue	27.12	5.860366882713061	7	present_gold	27.12	5.860366882713061	7	12	7
ENSG00000249467	H2AL1QP	substantia nigra	32.416666666666664	12.739585288906907	3	present_gold	32.416666666666664	12.739585288906907	3	9	3
ENSG00000249467	H2AL1QP	superior frontal gyrus	0.0	0.0	0	observed_zero	0.0	0.0	0	2	0
ENSG00000249467	H2AL1QP	sural nerve	0.0	0.0	0	observed_zero	0.0	0.0	0	3	0
ENSG00000249467	H2AL1QP	temporal lobe	0.0	0.0	0	observed_zero	0.0	0.0	0	1	0
ENSG00000249467	H2AL1QP	testis	89.1825	3.2690966423681718	8	present_gold	89.1825	3.2690966423681718	8	8	8
ENSG00000249467	H2AL1QP	thoracic aorta	28.062	6.343084423212418	5	present_gold	28.062	6.343084423212418	5	6	5
ENSG00000249467	H2AL1QP	thoracic mammary gland	29.232499999999998	4.8268234896254505	4	present_gold	29.232499999999998	4.8268234896254505	4	12	4
ENSG00000249467	H2AL1QP	thyroid gland	27.11	0.0	1	present_gold	27.11	0.0	1	11	1
ENSG00000249467	H2AL1QP	tibial artery	29.863333333333333	10.51821214212124	6	present_gold	29.863333333333333	10.51821214212124	6	11	6
ENSG00000249467	H2AL1QP	tibial nerve	20.4	3.040559159102155	2	present_gold	20.4	3.040559159102155	2	11	2
ENSG00000249467	H2AL1QP	tonsil	0.0	0.0	0	observed_zero	0.0	0.0	0	3	0
ENSG00000249467	H2AL1QP	transverse colon	0.0	0.0	0	observed_zero	0.0	0.0	0	10	0
ENSG00000249467	H2AL1QP	upper lobe of left lung	23.45	1.0606601717798212	2	present_gold	23.45	1.0606601717798212	2	8	2
ENSG00000249467	H2AL1QP	urinary bladder	30.85	6.561950929411162	2	present_gold	30.85	6.561950929411162	2	6	2
ENSG00000249467	H2AL1QP	uterine cervix	0.0	0.0	0	observed_zero	0.0	0.0	0	1	0
ENSG00000249467	H2AL1QP	vagina	21.77	0.0	1	present_gold	21.77	0.0	1	5	1
ENSG00000249467	H2AL1QP	ventricular zone	0.0	0.0	0	observed_zero	0.0	0.0	0	2	0
ENSG00000249467	H2AL1QP	vermiform appendix	0.0	0.0	0	observed_zero	0.0	0.0	0	1	0
ENSG00000249467	H2AL1QP	zone of skin	20.855	0.07778174593051983	2	present_gold	20.855	0.07778174593051983	2	2	2
ENSG00000272196	H2AC19	Ammon's horn	85.05625	5.988634324403903	8	present_gold	85.05625	5.988634324403903	8	8	8
ENSG00000272196	H2AC19	Brodmann (1909) area 9	83.81125	5.138183218387049	8	present_gold	83.81125	5.138183218387049	8	8	8
ENSG00000272196	H2AC19	C1 segment of cervical spinal cord	92.38333333333334	2.2173012876016656	9	present_gold	92.38333333333334	2.2173012876016656	9	9	9
ENSG00000272196	H2AC19	adenohypophysis	86.815	3.790127966177395	6	present_gold	86.815	3.790127966177395	6	6	6
ENSG00000272196	H2AC19	adipose tissue	81.55666666666667	4.390675726278736	3	present_gold	81.55666666666667	4.390675726278736	3	3	3
ENSG00000272196	H2AC19	adrenal gland	87.64666666666666	0.94495149787348	3	present_gold	87.64666666666666	0.94495149787348	3	3	3
ENSG00000272196	H2AC19	adrenal tissue	92.50333333333333	7.357644550624425	3	present_gold	92.50333333333333	7.357644550624425	3	3	3
ENSG00000272196	H2AC19	adult mammalian kidney	87.00181818181818	6.974412976275232	11	present_gold	87.00181818181818	6.974412976275232	11	11	11
ENSG00000272196	H2AC19	amygdala	85.22	4.256960686418689	8	present_gold	85.22	4.256960686418689	8	8	8
ENSG00000272196	H2AC19	anterior cingulate cortex	81.83444444444444	3.1678269804043535	9	present_gold	81.83444444444444	3.1678269804043535	9	9	9
ENSG00000272196	H2AC19	apex of heart	94.17	0.0	1	present_gold	94.17	0.0	1	1	1
ENSG00000272196	H2AC19	ascending aorta	87.283	2.00401291856559	10	present_gold	87.283	2.00401291856559	10	10	10
ENSG00000272196	H2AC19	blood	97.985625	0.7194717390789801	16	present_gold	97.985625	0.7194717390789801	16	16	16
ENSG00000272196	H2AC19	body of pancreas	78.46700000000001	4.578151130945524	10	present_gold	78.46700000000001	4.578151130945524	10	10	10
ENSG00000272196	H2AC19	body of stomach	89.14818181818181	3.312798871594283	11	present_gold	89.14818181818181	3.312798871594283	11	11	11
ENSG00000272196	H2AC19	body of uterus	76.396	6.651310397207452	5	present_gold	76.396	6.651310397207452	5	5	5
ENSG00000272196	H2AC19	bone marrow	82.56	0.0	1	present_gold	82.56	0.0	1	1	1
ENSG00000272196	H2AC19	bone marrow cell	99.25	0.0	1	present_gold	99.25	0.0	1	1	1
ENSG00000272196	H2AC19	brain	74.5025	15.85822263054722	4	present_gold	74.5025	15.85822263054722	4	4	4
ENSG00000272196	H2AC19	calcaneal tendon	97.256	1.2189667755931657	5	present_gold	97.256	1.2189667755931657	5	5	5
ENSG00000272196	H2AC19	caudate nucleus	85.13111111111112	6.780553894123336	9	present_gold	85.13111111111112	6.780553894123336	9	9	9
ENSG00000272196	H2AC19	cerebellar cortex	84.755	0.1767766952966369	2	present_gold	84.755	0.1767766952966369	2	2	2
ENSG00000272196	H2AC19	cerebellar hemisphere	84.78999999999999	2.55874100986316	10	present_gold	84.78999999999999	2.55874100986316	10	10	10
ENSG00000272196	H2AC19	cerebellum	87.59666666666668	5.036728435535639	3	present_gold	87.59666666666668	5.036728435535639	3	3	3
ENSG00000272196	H2AC19	cerebral cortex	78.57	0.0	1	present_gold	78.57	0.0	1	1	1
ENSG00000272196	H2AC19	colon	87.725	6.089724040454453	10	present_gold	87.725	6.089724040454453	10	10	10
ENSG00000272196	H2AC19	colonic epithelium	91.56	0.0	1	present_gold	91.56	0.0	1	1	1
ENSG00000272196	H2AC19	corpus callosum	84.785	4.764763023138365	4	present_gold	84.785	4.764763023138365	4	4	4
ENSG00000272196	H2AC19	cortex of kidney	72.36	23.546655813512036	2	present_gold	72.36	23.546655813512036	2	2	2
ENSG00000272196	H2AC19	cortical plate	51.6	0.0	1	present_gold	51.6	0.0	1	2	1
ENSG00000272196	H2AC19	descending thoracic aorta	90.7	1.7303467860518629	3	present_gold	90.7	1.7303467860518629	3	3	3
ENSG00000272196	H2AC19	dorsolateral prefrontal cortex	78.56666666666666	4.984084670227825	9	present_gold	78.56666666666666	4.984084670227825	9	11	9
ENSG00000272196	H2AC19	duodenum	55.39	0.0	1	present_gold	55.39	0.0	1	1	1
ENSG00000272196	H2AC19	ectocervix	89.668	8.800503962842127	5	present_gold	89.668	8.800503962842127	5	5	5
ENSG00000272196	H2AC19	endocervix	88.49666666666667	9.128583314695295	3	present_gold	88.49666666666667	9.128583314695295	3	3	3
ENSG00000272196	H2AC19	endometrium	62.09	0.466690475583124	2	present_gold	62.09	0.466690475583124	2	2	2
ENSG00000272196	H2AC19	esophagogastric junction muscularis propria	88.70545454545454	2.5089255215584365	11	present_gold	88.70545454545454	2.5089255215584365	11	11	11
ENSG00000272196	H2AC19	esophagus	87.97749999999999	0.22081289213570032	4	present_gold	87.97749999999999	0.22081289213570032	4	4	4
ENSG00000272196	H2AC19	esophagus mucosa	88.30545454545455	2.065780063977593	11	present_gold	88.30545454545455	2.065780063977593	11	11	11
ENSG00000272196	H2AC19	fallopian tube	80.95	0.0	1	present_gold	80.95	0.0	1	1	1
ENSG00000272196	H2AC19	frontal cortex	78.866	6.3116424169941725	5	present_gold	78.866	6.3116424169941725	5	5	5
ENSG00000272196	H2AC19	fundus of stomach	87.52250000000001	3.3077321032191636	4	present_gold	87.52250000000001	3.3077321032191636	4	4	4
ENSG00000272196	H2AC19	gall bladder	65.97	0.0	1	present_gold	65.97	0.0	1	1	1
ENSG00000272196	H2AC19	ganglionic eminence	70.33	12.61478497636801	2	present_gold	70.33	12.61478497636801	2	2	2
ENSG00000272196	H2AC19	gastrocnemius	85.95363636363636	5.2281206426923115	11	present_gold	85.95363636363636	5.2281206426923115	11	11	11
ENSG00000272196	H2AC19	granulocyte	91.35	0.0	1	present_gold	91.35	0.0	1	1	1
ENSG00000272196	H2AC19	heart	85.498	11.796811998728018	10	present_gold	85.498	11.796811998728018	10	10	10
ENSG00000272196	H2AC19	heart left ventricle	88.57285714285715	4.05998944403976	14	present_gold	88.57285714285715	4.05998944403976	14	14	14
ENSG00000272196	H2AC19	hindlimb stylopod muscle	74.53999999999999	19.134309498907975	2	present_gold	74.53999999999999	19.134309498907975	2	2	2
ENSG00000272196	H2AC19	hypothalamus	85.76125	3.626211866397217	8	present_gold	85.76125	3.626211866397217	8	8	8
ENSG00000272196	H2AC19	intestine	87.4125	5.016880670961452	4	present_gold	87.4125	5.016880670961452	4	4	4
ENSG00000272196	H2AC19	islet of Langerhans	63.395555555555546	8.51507503066049	9	present_gold	63.395555555555546	8.51507503066049	9	10	9
ENSG00000272196	H2AC19	kidney	90.165	6.039616433737051	4	present_gold	90.165	6.039616433737051	4	4	4
ENSG00000272196	H2AC19	left adrenal gland	88.775	1.34555352391285	8	present_gold	88.775	1.34555352391285	8	8	8
ENSG00000272196	H2AC19	left adrenal gland cortex	87.56125	2.835723326721826	8	present_gold	87.56125	2.835723326721826	8	8	8
ENSG00000272196	H2AC19	left coronary artery	89.26	3.7111420075227506	9	present_gold	89.26	3.7111420075227506	9	9	9
ENSG00000272196	H2AC19	left lobe of thyroid gland	82.36	3.1600727839719154	11	present_gold	82.36	3.1600727839719154	11	11	11
ENSG00000272196	H2AC19	left ovary	83.884	2.1980514097718475	5	present_gold	83.884	2.1980514097718475	5	5	5
ENSG00000272196	H2AC19	left testis	98.34166666666665	0.28280146157095504	6	present_gold	98.34166666666665	0.28280146157095504	6	6	6
ENSG00000272196	H2AC19	left uterine tube	76.31	0.16970562748477783	2	present_gold	76.31	0.16970562748477783	2	2	2
ENSG00000272196	H2AC19	leukocyte	81.85	0.0	1	present_gold	81.85	0.0	1	1	1
ENSG00000272196	H2AC19	liver	86.9809090909091	4.130131849095025	11	present_gold	86.9809090909091	4.130131849095025	11	11	11
ENSG00000272196	H2AC19	lower esophagus	86.87	0.7495331880577419	2	present_gold	86.87	0.7495331880577419	2	2	2
ENSG00000272196	H2AC19	lower esophagus mucosa	84.89	0.0	1	present_gold	84.89	0.0	1	1	1
ENSG00000272196	H2AC19	lower esophagus muscularis layer	87.95181818181818	1.8940370544517784	11	present_gold	87.95181818181818	1.8940370544517784	11	11	11
ENSG00000272196	H2AC19	lung	90.57000000000001	5.730267591192116	7	present_gold	90.57000000000001	5.730267591192116	7	7	7
ENSG00000272196	H2AC19	lymph node	67.18	20.477812383162412	2	present_gold	67.18	20.477812383162412	2	2	2
ENSG00000272196	H2AC19	male germ line stem cell (sensu Vertebrata) in testis	92.83	0.0	1	present_gold	92.83	0.0	1	1	1
ENSG00000272196	H2AC19	metanephros cortex	86.45	4.171930009000635	2	present_gold	86.45	4.171930009000635	2	2	2
ENSG00000272196	H2AC19	minor salivary gland	86.708	2.014639752743237	10	present_gold	86.708	2.014639752743237	10	10	10
ENSG00000272196	H2AC19	monocyte	98.1	0.0	1	present_gold	98.1	0.0	1	1	1
ENSG00000272196	H2AC19	mucosa of stomach	90.11	0.0	1	present_gold	90.11	0.0	1	1	1
ENSG00000272196	H2AC19	mucosa of transverse colon	85.35	0.0	1	present_gold	85.35	0.0	1	1	1
ENSG00000272196	H2AC19	multicellular organism	85.95	0.0	1	present_gold	85.95	0.0	1	1	1
ENSG00000272196	H2AC19	muscle layer of sigmoid colon	88.83727272727273	1.7819376583320243	11	present_gold	88.83727272727273	1.7819376583320243	11	11	11
ENSG00000272196	H2AC19	muscle of leg	72.27000000000001	7.749890321804556	2	present_gold	72.27000000000001	7.749890321804556	2	2	2
ENSG00000272196	H2AC19	muscle tissue	63.79	0.0	1	present_gold	63.79	0.0	1	1	1
ENSG00000272196	H2AC19	myometrium	79.17999999999999	9.73796522209166	7	present_gold	79.17999999999999	9.73796522209166	7	7	7
ENSG00000272196	H2AC19	nucleus accumbens	87.09777777777778	3.3060315250227776	9	present_gold	87.09777777777778	3.3060315250227776	9	9	9
ENSG00000272196	H2AC19	olfactory segment of nasal mucosa	96.09	0.0	1	present_gold	96.09	0.0	1	1	1
ENSG00000272196	H2AC19	omental fat pad	87.84181818181818	2.7574184237500776	11	present_gold	87.84181818181818	2.7574184237500776	11	11	11
ENSG00000272196	H2AC19	ovary	77.37	6.333887695036386	4	present_gold	77.37	6.333887695036386	4	4	4
ENSG00000272196	H2AC19	pancreas	71.33000000000001	0.6081118318204305	2	present_gold	71.33000000000001	0.6081118318204305	2	2	2
ENSG00000272196	H2AC19	pituitary gland	86.366	3.6019321975233716	10	present_gold	86.366	3.6019321975233716	10	10	10
ENSG00000272196	H2AC19	placenta	81.94	0.0	1	present_gold	81.94	0.0	1	1	1
ENSG00000272196	H2AC19	popliteal artery	89.15	0.0	1	present_gold	89.15	0.0	1	1	1
ENSG00000272196	H2AC19	prefrontal cortex	75.37142857142858	12.217781343287369	7	present_gold	75.37142857142858	12.217781343287369	7	7	7
ENSG00000272196	H2AC19	primary visual cortex	63.474999999999994	2.3829498525986637	2	present_gold	63.474999999999994	2.3829498525986637	2	2	2
ENSG00000272196	H2AC19	primordial germ cell in gonad	92.14	0.0	1	present_gold	92.14	0.0	1	1	1
ENSG00000272196	H2AC19	prostate gland	92.78555555555555	3.183948457148417	9	present_gold	92.78555555555555	3.183948457148417	9	9	9
ENSG00000272196	H2AC19	putamen	87.315	4.279258947862016	8	present_gold	87.315	4.279258947862016	8	8	8
ENSG00000272196	H2AC19	rectum	59.49	0.0	1	present_gold	59.49	0.0	1	1	1
ENSG00000272196	H2AC19	right adrenal gland	88.536	3.3426232213637257	5	present_gold	88.536	3.3426232213637257	5	5	5
ENSG00000272196	H2AC19	right adrenal gland cortex	92.04333333333334	0.4864497233356491	3	present_gold	92.04333333333334	0.4864497233356491	3	3	3
ENSG00000272196	H2AC19	right atrium auricular region	89.875	2.7334115842457547	10	present_gold	89.875	2.7334115842457547	10	11	10
ENSG00000272196	H2AC19	right coronary artery	85.88499999999999	5.140666299226198	2	present_gold	85.88499999999999	5.140666299226198	2	2	2
ENSG00000272196	H2AC19	right frontal lobe	81.02	3.0102491591228815	9	present_gold	81.02	3.0102491591228815	9	9	9
ENSG00000272196	H2AC19	right hemisphere of cerebellum	84.31888888888889	3.5033143037859324	9	present_gold	84.31888888888889	3.5033143037859324	9	9	9
ENSG00000272196	H2AC19	right lobe of liver	82.85333333333332	9.801978116686445	9	present_gold	82.85333333333332	9.801978116686445	9	9	9
ENSG00000272196	H2AC19	right lobe of thyroid gland	83.495	3.179896673972736	8	present_gold	83.495	3.179896673972736	8	8	8
ENSG00000272196	H2AC19	right lung	89.62	12.529932162625622	2	present_gold	89.62	12.529932162625622	2	2	2
ENSG00000272196	H2AC19	right ovary	78.78	18.02881998357075	5	present_gold	78.78	18.02881998357075	5	5	5
ENSG00000272196	H2AC19	right testis	98.036	0.8398095022086852	5	present_gold	98.036	0.8398095022086852	5	5	5
ENSG00000272196	H2AC19	right uterine tube	96.36	0.0	1	present_gold	96.36	0.0	1	1	1
ENSG00000272196	H2AC19	saliva-secreting gland	85.43	0.0	1	present_gold	85.43	0.0	1	1	1
ENSG00000272196	H2AC19	skeletal muscle tissue	67.02333333333333	6.865801725460274	3	present_gold	67.02333333333333	6.865801725460274	3	4	3
ENSG00000272196	H2AC19	skin of abdomen	91.095	2.7574958446629303	10	present_gold	91.095	2.7574958446629303	10	10	10
ENSG00000272196	H2AC19	skin of leg	89.2375	2.69554556798636	12	present_gold	89.2375	2.69554556798636	12	12	12
ENSG00000272196	H2AC19	small intestine	83.67	0.08485281374238891	2	present_gold	83.67	0.08485281374238891	2	2	2
ENSG00000272196	H2AC19	small intestine Peyer's patch	87.62818181818182	2.5928162996318074	11	present_gold	87.62818181818182	2.5928162996318074	11	11	11
ENSG00000272196	H2AC19	smooth muscle tissue	53.04	0.0	1	present_gold	53.04	0.0	1	1	1
ENSG00000272196	H2AC19	spleen	91.1590909090909	1.696870381292893	11	present_gold	91.1590909090909	1.696870381292893	11	11	11
ENSG00000272196	H2AC19	stomach	89.63666666666667	10.578352967979068	12	present_gold	89.63666666666667	10.578352967979068	12	12	12
ENSG00000272196	H2AC19	stromal cell of endometrium	77.56	0.0	1	present_gold	77.56	0.0	1	1	1
ENSG00000272196	H2AC19	subcutaneous adipose tissue	82.64999999999999	3.1849760952435306	12	present_gold	82.64999999999999	3.1849760952435306	12	12	12
ENSG00000272196	H2AC19	substantia nigra	88.32222222222222	5.350677008047154	9	present_gold	88.32222222222222	5.350677008047154	9	9	9
ENSG00000272196	H2AC19	superior frontal gyrus	60.650000000000006	26.700352057604032	2	present_gold	60.650000000000006	26.700352057604032	2	2	2
ENSG00000272196	H2AC19	sural nerve	75.81	12.632580892280084	3	present_gold	75.81	12.632580892280084	3	3	3
ENSG00000272196	H2AC19	temporal lobe	88.79	0.0	1	present_gold	88.79	0.0	1	1	1
ENSG00000272196	H2AC19	testis	96.25	3.8101143589886393	8	present_gold	96.25	3.8101143589886393	8	8	8
ENSG00000272196	H2AC19	thoracic aorta	87.08166666666666	1.284763272617432	6	present_gold	87.08166666666666	1.284763272617432	6	6	6
ENSG00000272196	H2AC19	thoracic mammary gland	82.94083333333333	4.798642721613788	12	present_gold	82.94083333333333	4.798642721613788	12	12	12
ENSG00000272196	H2AC19	thyroid gland	82.77461538461537	1.5075566069229116	13	present_gold	82.77461538461537	1.5075566069229116	13	13	13
ENSG00000272196	H2AC19	tibial artery	89.47272727272728	1.7316298155731258	11	present_gold	89.47272727272728	1.7316298155731258	11	11	11
ENSG00000272196	H2AC19	tibial nerve	83.16	3.8559330907058023	11	present_gold	83.16	3.8559330907058023	11	11	11
ENSG00000272196	H2AC19	tonsil	76.07666666666667	7.44449013252979	3	present_gold	76.07666666666667	7.44449013252979	3	3	3
ENSG00000272196	H2AC19	transverse colon	84.16	4.702833661149887	10	present_gold	84.16	4.702833661149887	10	10	10
ENSG00000272196	H2AC19	upper lobe of left lung	86.605	3.603026505592209	8	present_gold	86.605	3.603026505592209	8	8	8
ENSG00000272196	H2AC19	urinary bladder	82.35833333333333	10.239442204859925	6	present_gold	82.35833333333333	10.239442204859925	6	6	6
ENSG00000272196	H2AC19	uterine cervix	88.6	0.0	1	present_gold	88.6	0.0	1	1	1
ENSG00000272196	H2AC19	vagina	89.124	2.971099123220228	5	present_gold	89.124	2.971099123220228	5	5	5
ENSG00000272196	H2AC19	ventricular zone	50.58	0.0	1	present_gold	50.58	0.0	1	2	1
ENSG00000272196	H2AC19	vermiform appendix	62.61	0.0	1	present_gold	62.61	0.0	1	1	1
ENSG00000272196	H2AC19	zone of skin	90.175	0.0494974746830535	2	present_gold	90.175	0.0494974746830535	2	2	2
ENSG00000274183	H2AB1	Ammon's horn	32.03666666666667	4.499437001818486	3	present_gold	32.03666666666667	4.499437001818486	3	8	3
ENSG00000274183	H2AB1	Brodmann (1909) area 9	31.153333333333332	3.258072027032754	3	present_gold	31.153333333333332	3.258072027032754	3	8	3
ENSG00000274183	H2AB1	C1 segment of cervical spinal cord	29.5	2.44	3	present_gold	29.5	2.44	3	9	3
ENSG00000274183	H2AB1	adenohypophysis	50.64333333333334	8.547428463188991	3	present_gold	50.64333333333334	8.547428463188991	3	6	3
ENSG00000274183	H2AB1	adipose tissue	28.53	0.29698484809834863	2	present_gold	28.53	0.29698484809834863	2	3	2
ENSG00000274183	H2AB1	adrenal gland	38.166666666666664	18.198783842150917	3	present_gold	38.166666666666664	18.198783842150917	3	3	3
ENSG00000274183	H2AB1	adrenal tissue	0.0	0.0	0	observed_zero	0.0	0.0	0	3	0
ENSG00000274183	H2AB1	adult mammalian kidney	42.17333333333334	23.337946210695865	3	present_gold	42.17333333333334	23.337946210695865	3	11	3
ENSG00000274183	H2AB1	amygdala	32.7775	5.221943284512641	4	present_gold	32.7775	5.221943284512641	4	8	4
ENSG00000274183	H2AB1	anterior cingulate cortex	33.474999999999994	6.205086623085933	4	present_gold	33.474999999999994	6.205086623085933	4	9	4
ENSG00000274183	H2AB1	apex of heart	63.94	0.0	1	present_gold	63.94	0.0	1	1	1
ENSG00000274183	H2AB1	ascending aorta	31.768749999999997	4.3699769123286805	8	present_gold	31.768749999999997	4.3699769123286805	8	10	8
ENSG00000274183	H2AB1	blood	49.376875	6.890113418273075	16	present_gold	49.376875	6.890113418273075	16	16	16
ENSG00000274183	H2AB1	body of pancreas	33.2775	5.5797334165710835	4	present_gold	33.2775	5.5797334165710835	4	10	4
ENSG00000274183	H2AB1	body of stomach	30.743333333333336	3.1754474750287827	6	present_gold	30.743333333333336	3.1754474750287827	6	11	6
ENSG00000274183	H2AB1	body of uterus	30.57	5.501290757631341	2	present_gold	30.57	5.501290757631341	2	5	2
ENSG00000274183	H2AB1	bone marrow	49.68	0.0	1	present_gold	49.68	0.0	1	1	1
ENSG00000274183	H2AB1	bone marrow cell	0.0	0.0	0	observed_zero	0.0	0.0	0	1	0
ENSG00000274183	H2AB1	brain	27.676666666666666	0.3496188400720605	3	present_gold	27.676666666666666	0.3496188400720605	3	4	3
ENSG00000274183	H2AB1	calcaneal tendon	0.0	0.0	0	observed_zero	0.0	0.0	0	5	0
ENSG00000274183	H2AB1	caudate nucleus	29.497500000000002	6.733713066850016	4	present_gold	29.497500000000002	6.733713066850016	4	9	4
ENSG00000274183	H2AB1	cerebellar cortex	26.275	2.7506453788156704	2	present_gold	26.275	2.7506453788156704	2	2	2
ENSG00000274183	H2AB1	cerebellar hemisphere	28.68285714285714	5.542161775233303	7	present_gold	28.68285714285714	5.542161775233303	7	10	7
ENSG00000274183	H2AB1	cerebellum	24.560000000000002	1.6546298679765212	2	present_gold	24.560000000000002	1.6546298679765212	2	3	2
ENSG00000274183	H2AB1	cerebral cortex	28.92	0.0	1	present_gold	28.92	0.0	1	1	1
ENSG00000274183	H2AB1	colon	31.201428571428572	5.34365177436875	7	present_gold	31.201428571428572	5.34365177436875	7	10	7
ENSG00000274183	H2AB1	colonic epithelium	0.0	0.0	0	observed_zero	0.0	0.0	0	1	0
ENSG00000274183	H2AB1	corpus callosum	0.0	0.0	0	observed_zero	0.0	0.0	0	4	0
ENSG00000274183	H2AB1	cortex of kidney	47.754999999999995	13.34310496099015	2	present_gold	47.754999999999995	13.34310496099015	2	2	2
ENSG00000274183	H2AB1	cortical plate	53.105000000000004	2.7789296500631315	2	present_gold	53.105000000000004	2.7789296500631315	2	2	2
ENSG00000274183	H2AB1	descending thoracic aorta	0.0	0.0	0	observed_zero	0.0	0.0	0	3	0
ENSG00000274183	H2AB1	dorsolateral prefrontal cortex	29.728333333333335	4.791343931160303	6	present_gold	29.728333333333335	4.791343931160303	6	11	6
ENSG00000274183	H2AB1	duodenum	44.93	0.0	1	present_gold	44.93	0.0	1	1	1
ENSG00000274183	H2AB1	ectocervix	55.69	1.880904037956219	2	present_gold	55.69	1.880904037956219	2	5	2
ENSG00000274183	H2AB1	endocervix	51.7	0.0	1	present_gold	51.7	0.0	1	3	1
ENSG00000274183	H2AB1	endometrium	30.28	0.0	1	present_gold	30.28	0.0	1	2	1
ENSG00000274183	H2AB1	esophagogastric junction muscularis propria	32.066250000000004	4.9683453339258605	8	present_gold	32.066250000000004	4.9683453339258605	8	11	8
ENSG00000274183	H2AB1	esophagus	29.794999999999998	0.7884795495128584	4	present_gold	29.794999999999998	0.7884795495128584	4	4	4
ENSG00000274183	H2AB1	esophagus mucosa	30.681428571428572	2.5995988701556034	7	present_gold	30.681428571428572	2.5995988701556034	7	11	7
ENSG00000274183	H2AB1	fallopian tube	31.15	0.0	1	present_gold	31.15	0.0	1	1	1
ENSG00000274183	H2AB1	frontal cortex	32.95	7.186491958296946	4	present_gold	32.95	7.186491958296946	4	5	4
ENSG00000274183	H2AB1	fundus of stomach	46.315	9.157032816365787	2	present_gold	46.315	9.157032816365787	2	4	2
ENSG00000274183	H2AB1	gall bladder	34.48	0.0	1	present_gold	34.48	0.0	1	1	1
ENSG00000274183	H2AB1	ganglionic eminence	50.605000000000004	7.360981592151963	2	present_gold	50.605000000000004	7.360981592151963	2	2	2
ENSG00000274183	H2AB1	gastrocnemius	36.31699999999999	5.0115046531844	10	present_gold	36.31699999999999	5.0115046531844	10	11	10
ENSG00000274183	H2AB1	granulocyte	0.0	0.0	0	observed_zero	0.0	0.0	0	1	0
ENSG00000274183	H2AB1	heart	37.2	9.309403847723011	4	present_gold	37.2	9.309403847723011	4	10	4
ENSG00000274183	H2AB1	heart left ventricle	41.470000000000006	10.929338192833697	7	present_gold	41.470000000000006	10.929338192833697	7	14	7
ENSG00000274183	H2AB1	hindlimb stylopod muscle	48.87	0.0	1	present_gold	48.87	0.0	1	2	1
ENSG00000274183	H2AB1	hypothalamus	27.456666666666667	1.2764142483274523	3	present_gold	27.456666666666667	1.2764142483274523	3	8	3
ENSG00000274183	H2AB1	intestine	29.81	0.0	1	present_gold	29.81	0.0	1	4	1
ENSG00000274183	H2AB1	islet of Langerhans	31.16	0.0	1	present_gold	31.16	0.0	1	10	1
ENSG00000274183	H2AB1	kidney	33.45	0.0	1	present_gold	33.45	0.0	1	4	1
ENSG00000274183	H2AB1	left adrenal gland	24.843333333333334	2.3937905784202034	3	present_gold	24.843333333333334	2.3937905784202034	3	8	3
ENSG00000274183	H2AB1	left adrenal gland cortex	41.48	14.546576916924474	3	present_gold	41.48	14.546576916924474	3	8	3
ENSG00000274183	H2AB1	left coronary artery	30.675	0.37476659402887097	2	present_gold	30.675	0.37476659402887097	2	9	2
ENSG00000274183	H2AB1	left lobe of thyroid gland	24.416666666666668	2.5230404937957953	3	present_gold	24.416666666666668	2.5230404937957953	3	11	3
ENSG00000274183	H2AB1	left ovary	30.73	3.8933875567000342	4	present_gold	30.73	3.8933875567000342	4	5	4
ENSG00000274183	H2AB1	left testis	54.544999999999995	6.468006648110373	6	present_gold	54.544999999999995	6.468006648110373	6	6	6
ENSG00000274183	H2AB1	left uterine tube	35.85	0.0	1	present_gold	35.85	0.0	1	2	1
ENSG00000274183	H2AB1	leukocyte	0.0	0.0	0	observed_zero	0.0	0.0	0	1	0
ENSG00000274183	H2AB1	liver	40.472857142857144	3.997364608029121	7	present_gold	40.472857142857144	3.997364608029121	7	11	7
ENSG00000274183	H2AB1	lower esophagus	28.285	1.1950104602052638	2	present_gold	28.285	1.1950104602052638	2	2	2
ENSG00000274183	H2AB1	lower esophagus mucosa	69.03	0.0	1	present_gold	69.03	0.0	1	1	1
ENSG00000274183	H2AB1	lower esophagus muscularis layer	33.063	6.47611174496961	10	present_gold	33.063	6.47611174496961	10	11	10
ENSG00000274183	H2AB1	lung	24.683333333333334	3.495773638743409	3	present_gold	24.683333333333334	3.495773638743409	3	7	3
ENSG00000274183	H2AB1	lymph node	40.0	1.9233304448274084	2	present_gold	40.0	1.9233304448274084	2	2	2
ENSG00000274183	H2AB1	male germ line stem cell (sensu Vertebrata) in testis	96.98	0.0	1	present_gold	96.98	0.0	1	1	1
ENSG00000274183	H2AB1	metanephros cortex	48.18	0.0	1	present_gold	48.18	0.0	1	2	1
ENSG00000274183	H2AB1	minor salivary gland	32.292500000000004	10.99521524724884	4	present_gold	32.292500000000004	10.99521524724884	4	10	4
ENSG00000274183	H2AB1	monocyte	33.48	0.0	1	present_gold	33.48	0.0	1	1	1
ENSG00000274183	H2AB1	mucosa of stomach	0.0	0.0	0	observed_zero	0.0	0.0	0	1	0
ENSG00000274183	H2AB1	mucosa of transverse colon	0.0	0.0	0	observed_zero	0.0	0.0	0	1	0
ENSG00000274183	H2AB1	multicellular organism	31.51	0.0	1	present_gold	31.51	0.0	1	1	1
ENSG00000274183	H2AB1	muscle layer of sigmoid colon	33.06777777777778	9.675739994669371	9	present_gold	33.06777777777778	9.675739994669371	9	11	9
ENSG00000274183	H2AB1	muscle of leg	36.14	1.6263455967290572	2	present_gold	36.14	1.6263455967290572	2	2	2
ENSG00000274183	H2AB1	muscle tissue	37.24	0.0	1	present_gold	37.24	0.0	1	1	1
ENSG00000274183	H2AB1	myometrium	38.16833333333333	12.917991200905295	6	present_gold	38.16833333333333	12.917991200905295	6	7	6
ENSG00000274183	H2AB1	nucleus accumbens	26.4625	3.9036254516368074	4	present_gold	26.4625	3.9036254516368074	4	9	4
ENSG00000274183	H2AB1	olfactory segment of nasal mucosa	43.97	0.0	1	present_gold	43.97	0.0	1	1	1
ENSG00000274183	H2AB1	omental fat pad	29.3125	3.8218348248676883	8	present_gold	29.3125	3.8218348248676883	8	11	8
ENSG00000274183	H2AB1	ovary	31.48	5.570987345166023	3	present_gold	31.48	5.570987345166023	3	4	3
ENSG00000274183	H2AB1	pancreas	0.0	0.0	0	observed_zero	0.0	0.0	0	2	0
ENSG00000274183	H2AB1	pituitary gland	30.766666666666666	11.321144229567375	6	present_gold	30.766666666666666	11.321144229567375	6	10	6
ENSG00000274183	H2AB1	placenta	0.0	0.0	0	observed_zero	0.0	0.0	0	1	0
ENSG00000274183	H2AB1	popliteal artery	0.0	0.0	0	observed_zero	0.0	0.0	0	1	0
ENSG00000274183	H2AB1	prefrontal cortex	38.045	4.8906066426705515	4	present_gold	38.045	4.8906066426705515	4	7	4
ENSG00000274183	H2AB1	primary visual cortex	36.61	0.0	1	present_gold	36.61	0.0	1	2	1
ENSG00000274183	H2AB1	prostate gland	26.331666666666667	5.107404102542373	6	present_gold	26.331666666666667	5.107404102542373	6	9	6
ENSG00000274183	H2AB1	putamen	32.760000000000005	7.428539560371204	5	present_gold	32.760000000000005	7.428539560371204	5	8	5
ENSG00000274183	H2AB1	rectum	0.0	0.0	0	observed_zero	0.0	0.0	0	1	0
ENSG00000274183	H2AB1	right adrenal gland	37.38	0.0	1	present_gold	37.38	0.0	1	5	1
ENSG00000274183	H2AB1	right adrenal gland cortex	0.0	0.0	0	observed_zero	0.0	0.0	0	3	0
ENSG00000274183	H2AB1	right atrium auricular region	39.0875	8.554991441926084	8	present_gold	39.0875	8.554991441926084	8	11	8
ENSG00000274183	H2AB1	right coronary artery	0.0	0.0	0	observed_zero	0.0	0.0	0	2	0
ENSG00000274183	H2AB1	right frontal lobe	29.83666666666667	8.980571622489666	6	present_gold	29.83666666666667	8.980571622489666	6	9	6
ENSG00000274183	H2AB1	right hemisphere of cerebellum	40.3225	13.772911517419498	4	present_gold	40.3225	13.772911517419498	4	9	4
ENSG00000274183	H2AB1	right lobe of liver	50.452	9.851998274461886	5	present_gold	50.452	9.851998274461886	5	9	5
ENSG00000274183	H2AB1	right lobe of thyroid gland	36.846666666666664	0.2853652630109934	3	present_gold	36.846666666666664	0.2853652630109934	3	8	3
ENSG00000274183	H2AB1	right lung	49.04	0.0	1	present_gold	49.04	0.0	1	2	1
ENSG00000274183	H2AB1	right ovary	32.69	0.0	1	present_gold	32.69	0.0	1	5	1
ENSG00000274183	H2AB1	right testis	59.197500000000005	16.458425147423227	4	present_gold	59.197500000000005	16.458425147423227	4	5	4
ENSG00000274183	H2AB1	right uterine tube	0.0	0.0	0	observed_zero	0.0	0.0	0	1	0
ENSG00000274183	H2AB1	saliva-secreting gland	25.09	0.0	1	present_gold	25.09	0.0	1	1	1
ENSG00000274183	H2AB1	skeletal muscle tissue	44.93	0.0	1	present_gold	44.93	0.0	1	4	1
ENSG00000274183	H2AB1	skin of abdomen	27.73	2.4917564086402977	5	present_gold	27.73	2.4917564086402977	5	10	5
ENSG00000274183	H2AB1	skin of leg	33.32	7.067179423221119	9	present_gold	33.32	7.067179423221119	9	12	9
ENSG00000274183	H2AB1	small intestine	30.435000000000002	0.28991378028648457	2	present_gold	30.435000000000002	0.28991378028648457	2	2	2
ENSG00000274183	H2AB1	small intestine Peyer's patch	29.766	3.063156868330449	5	present_gold	29.766	3.063156868330449	5	11	5
ENSG00000274183	H2AB1	smooth muscle tissue	39.46	0.0	1	present_gold	39.46	0.0	1	1	1
ENSG00000274183	H2AB1	spleen	29.8425	2.041678231259765	8	present_gold	29.8425	2.041678231259765	8	11	8
ENSG00000274183	H2AB1	stomach	28.601999999999997	0.6720639850490424	5	present_gold	28.601999999999997	0.6720639850490424	5	12	5
ENSG00000274183	H2AB1	stromal cell of endometrium	0.0	0.0	0	observed_zero	0.0	0.0	0	1	0
ENSG00000274183	H2AB1	subcutaneous adipose tissue	31.28	5.384081475361729	7	present_gold	31.28	5.384081475361729	7	12	7
ENSG00000274183	H2AB1	substantia nigra	39.036	14.679064343479117	5	present_gold	39.036	14.679064343479117	5	9	5
ENSG00000274183	H2AB1	superior frontal gyrus	42.26	13.336033893178286	2	present_gold	42.26	13.336033893178286	2	2	2
ENSG00000274183	H2AB1	sural nerve	0.0	0.0	0	observed_zero	0.0	0.0	0	3	0
ENSG00000274183	H2AB1	temporal lobe	0.0	0.0	0	observed_zero	0.0	0.0	0	1	0
ENSG00000274183	H2AB1	testis	63.47714285714286	15.518701314098115	7	present_gold	63.47714285714286	15.518701314098115	7	8	7
ENSG00000274183	H2AB1	thoracic aorta	31.330000000000002	2.7029613389761975	5	present_gold	31.330000000000002	2.7029613389761975	5	6	5
ENSG00000274183	H2AB1	thoracic mammary gland	31.471666666666664	6.369842750544684	6	present_gold	31.471666666666664	6.369842750544684	6	12	6
ENSG00000274183	H2AB1	thyroid gland	29.34375	10.074095404267606	8	present_gold	29.34375	10.074095404267606	8	12	8
ENSG00000274183	H2AB1	tibial artery	32.7	4.171690304900402	7	present_gold	32.7	4.171690304900402	7	11	7
ENSG00000274183	H2AB1	tibial nerve	29.54875	5.320779850199188	8	present_gold	29.54875	5.320779850199188	8	11	8
ENSG00000274183	H2AB1	tonsil	42.175	11.589480143647515	2	present_gold	42.175	11.589480143647515	2	3	2
ENSG00000274183	H2AB1	transverse colon	27.951	3.5504473896491784	10	present_gold	27.951	3.5504473896491784	10	10	10
ENSG00000274183	H2AB1	upper lobe of left lung	28.814	2.6749448592447664	5	present_gold	28.814	2.6749448592447664	5	8	5
ENSG00000274183	H2AB1	urinary bladder	32.449999999999996	2.772598059582384	3	present_gold	32.449999999999996	2.772598059582384	3	6	3
ENSG00000274183	H2AB1	uterine cervix	30.56	0.0	1	present_gold	30.56	0.0	1	1	1
ENSG00000274183	H2AB1	vagina	28.375	0.07778174593051983	2	present_gold	28.375	0.07778174593051983	2	5	2
ENSG00000274183	H2AB1	ventricular zone	0.0	0.0	0	observed_zero	0.0	0.0	0	2	0
ENSG00000274183	H2AB1	vermiform appendix	35.46	0.0	1	present_gold	35.46	0.0	1	1	1
ENSG00000274183	H2AB1	zone of skin	28.955	0.007071067811866581	2	present_gold	28.955	0.007071067811866581	2	2	2
ENSG00000274997	H2AC12	Ammon's horn	48.785	7.431692270270613	2	present_gold	48.785	7.431692270270613	2	8	2
ENSG00000274997	H2AC12	Brodmann (1909) area 9	0.0	0.0	0	observed_zero	0.0	0.0	0	8	0
ENSG00000274997	H2AC12	C1 segment of cervical spinal cord	47.47428571428571	12.962230848562626	7	present_gold	47.47428571428571	12.962230848562626	7	9	7
ENSG00000274997	H2AC12	adenohypophysis	0.0	0.0	0	observed_zero	0.0	0.0	0	6	0
ENSG00000274997	H2AC12	adipose tissue	34.585	0.43133513652379357	2	present_gold	34.585	0.43133513652379357	2	3	2
ENSG00000274997	H2AC12	adrenal gland	43.06	15.672144077949257	3	present_gold	43.06	15.672144077949257	3	3	3
ENSG00000274997	H2AC12	adrenal tissue	90.05	2.5104780421266355	3	present_gold	90.05	2.5104780421266355	3	3	3
ENSG00000274997	H2AC12	adult mammalian kidney	46.03666666666667	16.87923675209674	3	present_gold	46.03666666666667	16.87923675209674	3	11	3
ENSG00000274997	H2AC12	amygdala	0.0	0.0	0	observed_zero	0.0	0.0	0	8	0
ENSG00000274997	H2AC12	anterior cingulate cortex	27.67	4.963889603929563	2	present_gold	27.67	4.963889603929563	2	9	2
ENSG00000274997	H2AC12	apex of heart	0.0	0.0	0	observed_zero	0.0	0.0	0	1	0
ENSG00000274997	H2AC12	ascending aorta	32.61	2.116135291381099	8	present_gold	32.61	2.116135291381099	8	10	8
ENSG00000274997	H2AC12	blood	53.89666666666667	5.13464516323971	15	present_gold	53.89666666666667	5.13464516323971	15	16	15
ENSG00000274997	H2AC12	body of pancreas	37.98	14.547229976871884	3	present_gold	37.98	14.547229976871884	3	10	3
ENSG00000274997	H2AC12	body of stomach	33.175	4.150328902629284	6	present_gold	33.175	4.150328902629284	6	11	6
ENSG00000274997	H2AC12	body of uterus	32.23	0.0	1	present_gold	32.23	0.0	1	5	1
ENSG00000274997	H2AC12	bone marrow	77.07	0.0	1	present_gold	77.07	0.0	1	1	1
ENSG00000274997	H2AC12	bone marrow cell	98.6	0.0	1	present_gold	98.6	0.0	1	1	1
ENSG00000274997	H2AC12	brain	24.103333333333335	0.44162578427140453	3	present_gold	24.103333333333335	0.44162578427140453	3	4	3
ENSG00000274997	H2AC12	calcaneal tendon	83.856	4.559948464621065	5	present_gold	83.856	4.559948464621065	5	5	5
ENSG00000274997	H2AC12	caudate nucleus	28.57	0.0	1	present_gold	28.57	0.0	1	9	1
ENSG00000274997	H2AC12	cerebellar cortex	0.0	0.0	0	observed_zero	0.0	0.0	0	2	0
ENSG00000274997	H2AC12	cerebellar hemisphere	0.0	0.0	0	observed_zero	0.0	0.0	0	10	0
ENSG00000274997	H2AC12	cerebellum	0.0	0.0	0	observed_zero	0.0	0.0	0	3	0
ENSG00000274997	H2AC12	cerebral cortex	24.97	0.0	1	present_gold	24.97	0.0	1	1	1
ENSG00000274997	H2AC12	colon	62.0488888888889	27.472064649587423	9	present_gold	62.0488888888889	27.472064649587423	9	10	9
ENSG00000274997	H2AC12	colonic epithelium	82.27	0.0	1	present_gold	82.27	0.0	1	1	1
ENSG00000274997	H2AC12	corpus callosum	73.10249999999999	2.1166541994383476	4	present_gold	73.10249999999999	2.1166541994383476	4	4	4
ENSG00000274997	H2AC12	cortex of kidney	0.0	0.0	0	observed_zero	0.0	0.0	0	2	0
ENSG00000274997	H2AC12	cortical plate	45.26	0.0	1	present_gold	45.26	0.0	1	2	1
ENSG00000274997	H2AC12	descending thoracic aorta	0.0	0.0	0	observed_zero	0.0	0.0	0	3	0
ENSG00000274997	H2AC12	dorsolateral prefrontal cortex	36.31	0.0	1	present_gold	36.31	0.0	1	11	1
ENSG00000274997	H2AC12	duodenum	41.8	0.0	1	present_gold	41.8	0.0	1	1	1
ENSG00000274997	H2AC12	ectocervix	49.105000000000004	2.694076836320743	2	present_gold	49.105000000000004	2.694076836320743	2	5	2
ENSG00000274997	H2AC12	endocervix	43.305	3.7547370081005687	2	present_gold	43.305	3.7547370081005687	2	3	2
ENSG00000274997	H2AC12	endometrium	0.0	0.0	0	observed_zero	0.0	0.0	0	2	0
ENSG00000274997	H2AC12	esophagogastric junction muscularis propria	35.564	2.3637956764492145	5	present_gold	35.564	2.3637956764492145	5	11	5
ENSG00000274997	H2AC12	esophagus	36.89	0.9314504817756013	3	present_gold	36.89	0.9314504817756013	3	4	3
ENSG00000274997	H2AC12	esophagus mucosa	37.46727272727273	3.256397060891349	11	present_gold	37.46727272727273	3.256397060891349	11	11	11
ENSG00000274997	H2AC12	fallopian tube	29.0	0.0	1	present_gold	29.0	0.0	1	1	1
ENSG00000274997	H2AC12	frontal cortex	28.43	0.0	1	present_gold	28.43	0.0	1	5	1
ENSG00000274997	H2AC12	fundus of stomach	49.7775	2.8856238493608264	4	present_gold	49.7775	2.8856238493608264	4	4	4
ENSG00000274997	H2AC12	gall bladder	34.95	0.0	1	present_gold	34.95	0.0	1	1	1
ENSG00000274997	H2AC12	ganglionic eminence	54.644999999999996	3.4436100243784846	2	present_gold	54.644999999999996	3.4436100243784846	2	2	2
ENSG00000274997	H2AC12	gastrocnemius	31.776666666666667	6.157810758161812	3	present_gold	31.776666666666667	6.157810758161812	3	11	3
ENSG00000274997	H2AC12	granulocyte	61.78	0.0	1	present_gold	61.78	0.0	1	1	1
ENSG00000274997	H2AC12	heart	60.04571428571428	27.046149976871543	7	present_gold	60.04571428571428	27.046149976871543	7	10	7
ENSG00000274997	H2AC12	heart left ventricle	32.195	3.245073188696981	4	present_gold	32.195	3.245073188696981	4	14	4
ENSG00000274997	H2AC12	hindlimb stylopod muscle	40.26	0.0	1	present_gold	40.26	0.0	1	2	1
ENSG00000274997	H2AC12	hypothalamus	36.465	16.567511883200808	2	present_gold	36.465	16.567511883200808	2	8	2
ENSG00000274997	H2AC12	intestine	80.1	24.074200575166216	4	present_gold	80.1	24.074200575166216	4	4	4
ENSG00000274997	H2AC12	islet of Langerhans	36.394999999999996	10.21769298814561	2	present_gold	36.394999999999996	10.21769298814561	2	10	2
ENSG00000274997	H2AC12	kidney	79.3925	28.541884281408848	4	present_gold	79.3925	28.541884281408848	4	4	4
ENSG00000274997	H2AC12	left adrenal gland	38.906666666666666	9.497548806578113	3	present_gold	38.906666666666666	9.497548806578113	3	7	3
ENSG00000274997	H2AC12	left adrenal gland cortex	41.602	4.925314203175264	5	present_gold	41.602	4.925314203175264	5	8	5
ENSG00000274997	H2AC12	left coronary artery	40.0825	5.066217359463896	4	present_gold	40.0825	5.066217359463896	4	9	4
ENSG00000274997	H2AC12	left lobe of thyroid gland	35.45	0.0	1	present_gold	35.45	0.0	1	11	1
ENSG00000274997	H2AC12	left ovary	30.59	0.0	1	present_gold	30.59	0.0	1	5	1
ENSG00000274997	H2AC12	left testis	52.968333333333334	1.8594129898079852	6	present_gold	52.968333333333334	1.8594129898079852	6	6	6
ENSG00000274997	H2AC12	left uterine tube	27.6	0.0	1	present_gold	27.6	0.0	1	2	1
ENSG00000274997	H2AC12	leukocyte	0.0	0.0	0	observed_zero	0.0	0.0	0	1	0
ENSG00000274997	H2AC12	liver	36.705	6.965043431307517	6	present_gold	36.705	6.965043431307517	6	11	6
ENSG00000274997	H2AC12	lower esophagus	34.34	4.002224381515859	2	present_gold	34.34	4.002224381515859	2	2	2
ENSG00000274997	H2AC12	lower esophagus mucosa	0.0	0.0	0	observed_zero	0.0	0.0	0	1	0
ENSG00000274997	H2AC12	lower esophagus muscularis layer	34.40833333333333	2.5363865373137964	6	present_gold	34.40833333333333	2.5363865373137964	6	11	6
ENSG00000274997	H2AC12	lung	63.096666666666664	26.973810755372824	6	present_gold	63.096666666666664	26.973810755372824	6	7	6
ENSG00000274997	H2AC12	lymph node	54.265	4.065863991822648	2	present_gold	54.265	4.065863991822648	2	2	2
ENSG00000274997	H2AC12	metanephros cortex	0.0	0.0	0	observed_zero	0.0	0.0	0	2	0
ENSG00000274997	H2AC12	minor salivary gland	36.6475	11.63422071591676	4	present_gold	36.6475	11.63422071591676	4	10	4
ENSG00000274997	H2AC12	monocyte	43.08	0.0	1	present_gold	43.08	0.0	1	1	1
ENSG00000274997	H2AC12	mucosa of stomach	0.0	0.0	0	observed_zero	0.0	0.0	0	1	0
ENSG00000274997	H2AC12	mucosa of transverse colon	58.4	0.0	1	present_gold	58.4	0.0	1	1	1
ENSG00000274997	H2AC12	multicellular organism	35.6	0.0	1	present_gold	35.6	0.0	1	1	1
ENSG00000274997	H2AC12	muscle layer of sigmoid colon	36.45333333333333	4.574743162189545	9	present_gold	36.45333333333333	4.574743162189545	9	11	9
ENSG00000274997	H2AC12	muscle of leg	33.19	0.0	1	present_gold	33.19	0.0	1	1	1
ENSG00000274997	H2AC12	muscle tissue	45.52	0.0	1	present_gold	45.52	0.0	1	1	1
ENSG00000274997	H2AC12	myometrium	38.983333333333334	10.8230787363547	3	present_gold	38.983333333333334	10.8230787363547	3	7	3
ENSG00000274997	H2AC12	nucleus accumbens	0.0	0.0	0	observed_zero	0.0	0.0	0	9	0
ENSG00000274997	H2AC12	olfactory segment of nasal mucosa	30.53	0.0	1	present_gold	30.53	0.0	1	1	1
ENSG00000274997	H2AC12	omental fat pad	38.4	3.863861051101891	10	present_gold	38.4	3.863861051101891	10	11	10
ENSG00000274997	H2AC12	ovary	31.425	1.1101576464628797	2	present_gold	31.425	1.1101576464628797	2	4	2
ENSG00000274997	H2AC12	pancreas	28.975	1.180868324581533	2	present_gold	28.975	1.180868324581533	2	2	2
ENSG00000274997	H2AC12	pituitary gland	48.86	0.0	1	present_gold	48.86	0.0	1	10	1
ENSG00000274997	H2AC12	placenta	52.92	0.0	1	present_gold	52.92	0.0	1	1	1
ENSG00000274997	H2AC12	popliteal artery	37.31	0.0	1	present_gold	37.31	0.0	1	1	1
ENSG00000274997	H2AC12	prefrontal cortex	37.154	8.611209554992842	5	present_gold	37.154	8.611209554992842	5	7	5
ENSG00000274997	H2AC12	primary visual cortex	0.0	0.0	0	observed_zero	0.0	0.0	0	2	0
ENSG00000274997	H2AC12	prostate gland	31.65	1.3817742217887834	5	present_gold	31.65	1.3817742217887834	5	9	5
ENSG00000274997	H2AC12	putamen	27.48	0.0	1	present_gold	27.48	0.0	1	8	1
ENSG00000274997	H2AC12	rectum	40.27	0.0	1	present_gold	40.27	0.0	1	1	1
ENSG00000274997	H2AC12	right adrenal gland	0.0	0.0	0	observed_zero	0.0	0.0	0	5	0
ENSG00000274997	H2AC12	right adrenal gland cortex	44.99	0.0	1	present_gold	44.99	0.0	1	3	1
ENSG00000274997	H2AC12	right atrium auricular region	33.19	0.0	1	present_gold	33.19	0.0	1	11	1
ENSG00000274997	H2AC12	right coronary artery	0.0	0.0	0	observed_zero	0.0	0.0	0	2	0
ENSG00000274997	H2AC12	right frontal lobe	0.0	0.0	0	observed_zero	0.0	0.0	0	9	0
ENSG00000274997	H2AC12	right hemisphere of cerebellum	0.0	0.0	0	observed_zero	0.0	0.0	0	9	0
ENSG00000274997	H2AC12	right lobe of liver	41.36	0.0	1	present_gold	41.36	0.0	1	9	1
ENSG00000274997	H2AC12	right lobe of thyroid gland	35.05	0.0	1	present_gold	35.05	0.0	1	8	1
ENSG00000274997	H2AC12	right lung	0.0	0.0	0	observed_zero	0.0	0.0	0	2	0
ENSG00000274997	H2AC12	right ovary	33.85	0.0	1	present_gold	33.85	0.0	1	5	1
ENSG00000274997	H2AC12	right testis	55.112	3.6103420890547215	5	present_gold	55.112	3.6103420890547215	5	5	5
ENSG00000274997	H2AC12	right uterine tube	50.83	0.0	1	present_gold	50.83	0.0	1	1	1
ENSG00000274997	H2AC12	saliva-secreting gland	0.0	0.0	0	observed_zero	0.0	0.0	0	1	0
ENSG00000274997	H2AC12	skeletal muscle tissue	45.35	0.0	1	present_gold	45.35	0.0	1	4	1
ENSG00000274997	H2AC12	skin of abdomen	33.5	4.874450396369489	7	present_gold	33.5	4.874450396369489	7	10	7
ENSG00000274997	H2AC12	skin of leg	29.28	2.359720322411112	6	present_gold	29.28	2.359720322411112	6	12	6
ENSG00000274997	H2AC12	small intestine	43.370000000000005	1.329360748630711	2	present_gold	43.370000000000005	1.329360748630711	2	2	2
ENSG00000274997	H2AC12	small intestine Peyer's patch	45.11555555555555	8.036121749810526	9	present_gold	45.11555555555555	8.036121749810526	9	11	9
ENSG00000274997	H2AC12	smooth muscle tissue	40.45	0.0	1	present_gold	40.45	0.0	1	1	1
ENSG00000274997	H2AC12	spleen	47.16375	5.270494521389809	8	present_gold	47.16375	5.270494521389809	8	11	8
ENSG00000274997	H2AC12	stomach	62.51916666666667	31.3765515975149	12	present_gold	62.51916666666667	31.3765515975149	12	12	12
ENSG00000274997	H2AC12	stromal cell of endometrium	0.0	0.0	0	observed_zero	0.0	0.0	0	1	0
ENSG00000274997	H2AC12	subcutaneous adipose tissue	34.7525	1.558247642156314	8	present_gold	34.7525	1.558247642156314	8	12	8
ENSG00000274997	H2AC12	substantia nigra	36.97	10.309616869699862	2	present_gold	36.97	10.309616869699862	2	9	2
ENSG00000274997	H2AC12	superior frontal gyrus	37.61	4.398204178980325	2	present_gold	37.61	4.398204178980325	2	2	2
ENSG00000274997	H2AC12	sural nerve	76.89500000000001	10.17526658127442	2	present_gold	76.89500000000001	10.17526658127442	2	3	2
ENSG00000274997	H2AC12	temporal lobe	60.41	0.0	1	present_gold	60.41	0.0	1	1	1
ENSG00000274997	H2AC12	testis	53.8325	3.438661492084217	8	present_gold	53.8325	3.438661492084217	8	8	8
ENSG00000274997	H2AC12	thoracic aorta	31.883333333333336	2.2905094047685823	3	present_gold	31.883333333333336	2.2905094047685823	3	5	3
ENSG00000274997	H2AC12	thoracic mammary gland	42.17	5.500399985455603	5	present_gold	42.17	5.500399985455603	5	12	5
ENSG00000274997	H2AC12	thyroid gland	30.406666666666666	3.722020060845098	3	present_gold	30.406666666666666	3.722020060845098	3	10	3
ENSG00000274997	H2AC12	tibial artery	33.61142857142857	3.414266288049936	7	present_gold	33.61142857142857	3.414266288049936	7	11	7
ENSG00000274997	H2AC12	tibial nerve	36.64857142857142	6.253461517622136	7	present_gold	36.64857142857142	6.253461517622136	7	11	7
ENSG00000274997	H2AC12	tonsil	58.89000000000001	12.292583129676206	3	present_gold	58.89000000000001	12.292583129676206	3	3	3
ENSG00000274997	H2AC12	transverse colon	45.436	5.624427279485638	10	present_gold	45.436	5.624427279485638	10	10	10
ENSG00000274997	H2AC12	upper lobe of left lung	40.292	4.758342148269709	5	present_gold	40.292	4.758342148269709	5	8	5
ENSG00000274997	H2AC12	urinary bladder	49.11666666666667	5.853429194355503	3	present_gold	49.11666666666667	5.853429194355503	3	6	3
ENSG00000274997	H2AC12	uterine cervix	45.39	0.0	1	present_gold	45.39	0.0	1	1	1
ENSG00000274997	H2AC12	vagina	35.95333333333333	3.336844817088942	3	present_gold	35.95333333333333	3.336844817088942	3	5	3
ENSG00000274997	H2AC12	ventricular zone	58.61	14.410836200581835	2	present_gold	58.61	14.410836200581835	2	2	2
ENSG00000274997	H2AC12	vermiform appendix	30.88	0.0	1	present_gold	30.88	0.0	1	1	1
ENSG00000274997	H2AC12	zone of skin	30.66	0.4384062043356577	2	present_gold	30.66	0.4384062043356577	2	2	2
ENSG00000275221	H2AC15	Ammon's horn	50.43666666666667	17.605953538505094	9	present_gold	50.43666666666667	17.605953538505094	9	9	9
ENSG00000275221	H2AC15	Brodmann (1909) area 10	0.0	0.0	0	observed_zero	0.0	0.0	0	1	0
ENSG00000275221	H2AC15	Brodmann (1909) area 9	39.55571428571428	4.025497307343351	7	present_gold	39.55571428571428	4.025497307343351	7	8	7
ENSG00000275221	H2AC15	C1 segment of cervical spinal cord	55.17777777777778	7.263640233687544	9	present_gold	55.17777777777778	7.263640233687544	9	9	9
ENSG00000275221	H2AC15	adenohypophysis	51.444	5.238690676113642	5	present_gold	51.444	5.238690676113642	5	6	5
ENSG00000275221	H2AC15	adipose tissue	39.705	0.6434671708797558	2	present_gold	39.705	0.6434671708797558	2	3	2
ENSG00000275221	H2AC15	adrenal gland	45.81	1.3576450198781724	2	present_gold	45.81	1.3576450198781724	2	3	2
ENSG00000275221	H2AC15	adrenal tissue	75.39333333333333	4.099760155586341	3	present_gold	75.39333333333333	4.099760155586341	3	3	3
ENSG00000275221	H2AC15	adult mammalian kidney	55.50909090909091	18.78644269389256	11	present_gold	55.50909090909091	18.78644269389256	11	13	11
ENSG00000275221	H2AC15	amygdala	37.26833333333334	4.404821978998321	6	present_gold	37.26833333333334	4.404821978998321	6	9	6
ENSG00000275221	H2AC15	anterior cingulate cortex	42.385555555555555	4.884805807581073	9	present_gold	42.385555555555555	4.884805807581073	9	11	9
ENSG00000275221	H2AC15	apex of heart	55.85	0.0	1	present_gold	55.85	0.0	1	1	1
ENSG00000275221	H2AC15	ascending aorta	52.45700000000001	3.75863465163142	10	present_gold	52.45700000000001	3.75863465163142	10	10	10
ENSG00000275221	H2AC15	blood	59.37529411764706	4.744889510893613	17	present_gold	59.37529411764706	4.744889510893613	17	18	17
ENSG00000275221	H2AC15	body of pancreas	40.82833333333333	5.387271727569221	6	present_gold	40.82833333333333	5.387271727569221	6	10	6
ENSG00000275221	H2AC15	body of stomach	41.31363636363636	8.182842137946048	11	present_gold	41.31363636363636	8.182842137946048	11	11	11
ENSG00000275221	H2AC15	body of uterus	50.186	5.063509652405137	5	present_gold	50.186	5.063509652405137	5	5	5
ENSG00000275221	H2AC15	bone marrow	66.41	8.980256121069155	2	present_gold	66.41	8.980256121069155	2	2	2
ENSG00000275221	H2AC15	bone marrow cell	84.77	0.0	1	present_gold	84.77	0.0	1	1	1
ENSG00000275221	H2AC15	brain	46.702	3.6895487528964837	5	present_gold	46.702	3.6895487528964837	5	5	5
ENSG00000275221	H2AC15	calcaneal tendon	71.148	3.582606592971096	5	present_gold	71.148	3.582606592971096	5	5	5
ENSG00000275221	H2AC15	caudate nucleus	50.0875	17.72291635949666	8	present_gold	50.0875	17.72291635949666	8	11	8
ENSG00000275221	H2AC15	central nervous system	45.02	0.0	1	present_gold	45.02	0.0	1	1	1
ENSG00000275221	H2AC15	cerebellar cortex	51.535	2.2698127676088182	2	present_gold	51.535	2.2698127676088182	2	2	2
ENSG00000275221	H2AC15	cerebellar hemisphere	52.455	3.5255330566218395	10	present_gold	52.455	3.5255330566218395	10	10	10
ENSG00000275221	H2AC15	cerebellar vermis	78.695	1.5485638507985475	2	present_gold	78.695	1.5485638507985475	2	2	2
ENSG00000275221	H2AC15	cerebellum	58.595	12.54907281720162	8	present_gold	58.595	12.54907281720162	8	8	8
ENSG00000275221	H2AC15	cerebral cortex	43.635	0.1767766952966369	2	present_gold	43.635	0.1767766952966369	2	2	2
ENSG00000275221	H2AC15	colon	58.612	21.086679207499692	10	present_gold	58.612	21.086679207499692	10	10	10
ENSG00000275221	H2AC15	colonic epithelium	0.0	0.0	0	observed_zero	0.0	0.0	0	1	0
ENSG00000275221	H2AC15	corpus callosum	54.68	7.023225754594536	3	present_gold	54.68	7.023225754594536	3	5	3
ENSG00000275221	H2AC15	cortex of kidney	45.11	1.1596551211459383	2	present_gold	45.11	1.1596551211459383	2	2	2
ENSG00000275221	H2AC15	cortical plate	46.975	2.3970919882223964	2	present_gold	46.975	2.3970919882223964	2	2	2
ENSG00000275221	H2AC15	descending thoracic aorta	51.31666666666666	3.675354858150888	3	present_gold	51.31666666666666	3.675354858150888	3	3	3
ENSG00000275221	H2AC15	dorsal plus ventral thalamus	91.35	0.0	1	present_gold	91.35	0.0	1	1	1
ENSG00000275221	H2AC15	dorsal root ganglion	89.74	0.0	1	present_gold	89.74	0.0	1	1	1
ENSG00000275221	H2AC15	dorsolateral prefrontal cortex	39.965	9.756409004683368	10	present_gold	39.965	9.756409004683368	10	13	10
ENSG00000275221	H2AC15	duodenum	42.82	0.0	1	present_gold	42.82	0.0	1	1	1
ENSG00000275221	H2AC15	ectocervix	53.1275	7.070183283810022	4	present_gold	53.1275	7.070183283810022	4	5	4
ENSG00000275221	H2AC15	endocervix	50.71333333333333	8.610716191661025	3	present_gold	50.71333333333333	8.610716191661025	3	3	3
ENSG00000275221	H2AC15	endometrium	40.935	1.3364318164425752	2	present_gold	40.935	1.3364318164425752	2	2	2
ENSG00000275221	H2AC15	endometrium epithelium	88.31	0.0	1	present_gold	88.31	0.0	1	1	1
ENSG00000275221	H2AC15	epithelium of bronchus	88.61	0.0	1	present_gold	88.61	0.0	1	1	1
ENSG00000275221	H2AC15	esophagogastric junction muscularis propria	43.019999999999996	5.6612248380246015	10	present_gold	43.019999999999996	5.6612248380246015	10	11	10
ENSG00000275221	H2AC15	esophagus	43.307500000000005	0.9103982644974687	4	present_gold	43.307500000000005	0.9103982644974687	4	4	4
ENSG00000275221	H2AC15	esophagus mucosa	41.42111111111111	2.1056260615577287	9	present_gold	41.42111111111111	2.1056260615577287	9	11	9
ENSG00000275221	H2AC15	fallopian tube	48.27	0.0	1	present_gold	48.27	0.0	1	1	1
ENSG00000275221	H2AC15	frontal cortex	49.66090909090909	14.535007020669411	11	present_gold	49.66090909090909	14.535007020669411	11	21	11
ENSG00000275221	H2AC15	frontal pole	85.315	2.5950818869546306	2	present_gold	85.315	2.5950818869546306	2	2	2
ENSG00000275221	H2AC15	fundus of stomach	46.31	14.608826099314074	2	present_gold	46.31	14.608826099314074	2	4	2
ENSG00000275221	H2AC15	gall bladder	54.96	0.0	1	present_gold	54.96	0.0	1	1	1
ENSG00000275221	H2AC15	ganglionic eminence	52.66	2.6587214972614173	2	present_gold	52.66	2.6587214972614173	2	2	2
ENSG00000275221	H2AC15	gastrocnemius	53.178999999999995	3.0338624080717804	10	present_gold	53.178999999999995	3.0338624080717804	10	11	10
ENSG00000275221	H2AC15	granulocyte	0.0	0.0	0	observed_zero	0.0	0.0	0	1	0
ENSG00000275221	H2AC15	heart	64.24454545454546	9.573862714324209	11	present_gold	64.24454545454546	9.573862714324209	11	11	11
ENSG00000275221	H2AC15	heart left ventricle	59.62352941176471	9.320413712100224	17	present_gold	59.62352941176471	9.320413712100224	17	17	17
ENSG00000275221	H2AC15	hindlimb stylopod muscle	38.41	0.0	1	present_gold	38.41	0.0	1	2	1
ENSG00000275221	H2AC15	hypothalamus	43.699999999999996	8.770251991818707	6	present_gold	43.699999999999996	8.770251991818707	6	8	6
ENSG00000275221	H2AC15	intestine	66.745	16.254596273054585	4	present_gold	66.745	16.254596273054585	4	4	4
ENSG00000275221	H2AC15	islet of Langerhans	43.22	9.130958328675037	8	present_gold	43.22	9.130958328675037	8	10	8
ENSG00000275221	H2AC15	kidney	72.77	16.458065905000296	4	present_gold	72.77	16.458065905000296	4	4	4
ENSG00000275221	H2AC15	layer of synovial tissue	84.04	0.0	1	present_gold	84.04	0.0	1	3	1
ENSG00000275221	H2AC15	left adrenal gland	47.08375	9.69590773397284	8	present_gold	47.08375	9.69590773397284	8	8	8
ENSG00000275221	H2AC15	left adrenal gland cortex	50.238	6.49218915312855	5	present_gold	50.238	6.49218915312855	5	8	5
ENSG00000275221	H2AC15	left coronary artery	55.52	7.8018235047968085	9	present_gold	55.52	7.8018235047968085	9	9	9
ENSG00000275221	H2AC15	left lobe of thyroid gland	50.61363636363637	7.2391204890197445	11	present_gold	50.61363636363637	7.2391204890197445	11	11	11
ENSG00000275221	H2AC15	left ovary	58.903999999999996	4.779155783190163	5	present_gold	58.903999999999996	4.779155783190163	5	5	5
ENSG00000275221	H2AC15	left testis	53.27	2.480475760816864	6	present_gold	53.27	2.480475760816864	6	6	6
ENSG00000275221	H2AC15	left uterine tube	50.91	0.0	1	present_gold	50.91	0.0	1	2	1
ENSG00000275221	H2AC15	leukocyte	0.0	0.0	0	observed_zero	0.0	0.0	0	1	0
ENSG00000275221	H2AC15	liver	53.1625	17.93215766636655	8	present_gold	53.1625	17.93215766636655	8	11	8
ENSG00000275221	H2AC15	lower esophagus	43.775000000000006	4.235569619307421	2	present_gold	43.775000000000006	4.235569619307421	2	2	2
ENSG00000275221	H2AC15	lower esophagus mucosa	0.0	0.0	0	observed_zero	0.0	0.0	0	1	0
ENSG00000275221	H2AC15	lower esophagus muscularis layer	46.98363636363637	4.867400276795145	11	present_gold	46.98363636363637	4.867400276795145	11	11	11
ENSG00000275221	H2AC15	lung	62.97428571428571	16.077687289266095	7	present_gold	62.97428571428571	16.077687289266095	7	7	7
ENSG00000275221	H2AC15	lymph node	53.88	0.0	1	present_gold	53.88	0.0	1	2	1
ENSG00000275221	H2AC15	male germ line stem cell (sensu Vertebrata) in testis	93.63	0.0	1	present_gold	93.63	0.0	1	1	1
ENSG00000275221	H2AC15	metanephric glomerulus	0.0	0.0	0	observed_zero	0.0	0.0	0	2	0
ENSG00000275221	H2AC15	metanephros cortex	32.11	0.0	1	present_gold	32.11	0.0	1	2	1
ENSG00000275221	H2AC15	middle frontal gyrus	86.59	0.0	1	present_gold	86.59	0.0	1	1	1
ENSG00000275221	H2AC15	minor salivary gland	45.92375	7.274797861698388	8	present_gold	45.92375	7.274797861698388	8	10	8
ENSG00000275221	H2AC15	monocyte	62.25	0.0	1	present_gold	62.25	0.0	1	1	1
ENSG00000275221	H2AC15	mucosa of stomach	46.66	0.0	1	present_gold	46.66	0.0	1	1	1
ENSG00000275221	H2AC15	mucosa of transverse colon	53.75	0.0	1	present_gold	53.75	0.0	1	1	1
ENSG00000275221	H2AC15	multicellular organism	46.86	0.0	1	present_gold	46.86	0.0	1	1	1
ENSG00000275221	H2AC15	muscle layer of sigmoid colon	46.18285714285714	2.1017113208503395	7	present_gold	46.18285714285714	2.1017113208503395	7	11	7
ENSG00000275221	H2AC15	muscle of leg	51.385	1.5485638507985375	2	present_gold	51.385	1.5485638507985375	2	2	2
ENSG00000275221	H2AC15	muscle tissue	0.0	0.0	0	observed_zero	0.0	0.0	0	1	0
ENSG00000275221	H2AC15	myometrium	51.644285714285715	5.4838668144016065	7	present_gold	51.644285714285715	5.4838668144016065	7	7	7
ENSG00000275221	H2AC15	nucleus accumbens	49.425555555555555	8.78576421136931	9	present_gold	49.425555555555555	8.78576421136931	9	9	9
ENSG00000275221	H2AC15	olfactory segment of nasal mucosa	36.51	0.0	1	present_gold	36.51	0.0	1	1	1
ENSG00000275221	H2AC15	omental fat pad	41.96888888888889	7.101157378280748	9	present_gold	41.96888888888889	7.101157378280748	9	11	9
ENSG00000275221	H2AC15	ovary	55.086666666666666	2.0568017243607475	3	present_gold	55.086666666666666	2.0568017243607475	3	4	3
ENSG00000275221	H2AC15	pancreas	38.545	0.26162950903902077	2	present_gold	38.545	0.26162950903902077	2	2	2
ENSG00000275221	H2AC15	paraflocculus	87.37	1.4707821048680176	2	present_gold	87.37	1.4707821048680176	2	2	2
ENSG00000275221	H2AC15	pituitary gland	55.083000000000006	2.943105125165898	10	present_gold	55.083000000000006	2.943105125165898	10	11	10
ENSG00000275221	H2AC15	placenta	47.91	0.0	1	present_gold	47.91	0.0	1	1	1
ENSG00000275221	H2AC15	popliteal artery	61.16	0.0	1	present_gold	61.16	0.0	1	1	1
ENSG00000275221	H2AC15	prefrontal cortex	53.565	15.929635454532086	8	present_gold	53.565	15.929635454532086	8	8	8
ENSG00000275221	H2AC15	primary visual cortex	79.42500000000001	3.3728993462598287	2	present_gold	79.42500000000001	3.3728993462598287	2	4	2
ENSG00000275221	H2AC15	prostate gland	70.20764705882353	20.06881023174137	17	present_gold	70.20764705882353	20.06881023174137	17	17	17
ENSG00000275221	H2AC15	putamen	41.274	5.737881142024466	5	present_gold	41.274	5.737881142024466	5	8	5
ENSG00000275221	H2AC15	quadriceps femoris	85.99428571428572	0.7585261398013287	7	present_gold	85.99428571428572	0.7585261398013287	7	8	7
ENSG00000275221	H2AC15	rectum	36.44	0.0	1	present_gold	36.44	0.0	1	1	1
ENSG00000275221	H2AC15	right adrenal gland	49.9725	11.097679562262853	4	present_gold	49.9725	11.097679562262853	4	5	4
ENSG00000275221	H2AC15	right adrenal gland cortex	45.94333333333333	11.153785605494368	3	present_gold	45.94333333333333	11.153785605494368	3	3	3
ENSG00000275221	H2AC15	right atrium auricular region	50.61272727272728	7.758171293428743	11	present_gold	50.61272727272728	7.758171293428743	11	11	11
ENSG00000275221	H2AC15	right coronary artery	54.42	0.0	1	present_gold	54.42	0.0	1	2	1
ENSG00000275221	H2AC15	right frontal lobe	39.8975	8.707366134486364	4	present_gold	39.8975	8.707366134486364	4	9	4
ENSG00000275221	H2AC15	right hemisphere of cerebellum	53.83	4.604647109171342	9	present_gold	53.83	4.604647109171342	9	9	9
ENSG00000275221	H2AC15	right lobe of liver	46.675	7.541841066123487	4	present_gold	46.675	7.541841066123487	4	9	4
ENSG00000275221	H2AC15	right lobe of thyroid gland	54.97375	6.831186756340366	8	present_gold	54.97375	6.831186756340366	8	8	8
ENSG00000275221	H2AC15	right lung	51.575	0.5444722215136438	2	present_gold	51.575	0.5444722215136438	2	2	2
ENSG00000275221	H2AC15	right ovary	58.854	6.25295770016078	5	present_gold	58.854	6.25295770016078	5	5	5
ENSG00000275221	H2AC15	right testis	55.048	5.86410436469202	5	present_gold	55.048	5.86410436469202	5	5	5
ENSG00000275221	H2AC15	right uterine tube	62.39	0.0	1	present_gold	62.39	0.0	1	1	1
ENSG00000275221	H2AC15	saliva-secreting gland	42.345	0.10606601717798113	2	present_gold	42.345	0.10606601717798113	2	2	2
ENSG00000275221	H2AC15	sigmoid colon	44.7175	4.774588114870923	4	present_gold	44.7175	4.774588114870923	4	4	4
ENSG00000275221	H2AC15	skeletal muscle tissue	0.0	0.0	0	observed_zero	0.0	0.0	0	4	0
ENSG00000275221	H2AC15	skin of abdomen	32.615	3.3003282665011766	4	present_gold	32.615	3.3003282665011766	4	10	4
ENSG00000275221	H2AC15	skin of leg	31.256	5.376237531954851	5	present_gold	31.256	5.376237531954851	5	12	5
ENSG00000275221	H2AC15	small intestine	41.5	0.2545584412271567	2	present_gold	41.5	0.2545584412271567	2	2	2
ENSG00000275221	H2AC15	small intestine Peyer's patch	40.827777777777776	3.7713882648760064	9	present_gold	40.827777777777776	3.7713882648760064	9	11	9
ENSG00000275221	H2AC15	smooth muscle tissue	0.0	0.0	0	observed_zero	0.0	0.0	0	1	0
ENSG00000275221	H2AC15	spinal cord	54.79	0.0	1	present_gold	54.79	0.0	1	1	1
ENSG00000275221	H2AC15	spleen	47.8125	5.260885036154693	12	present_gold	47.8125	5.260885036154693	12	12	12
ENSG00000275221	H2AC15	stomach	61.49	23.88828240714757	12	present_gold	61.49	23.88828240714757	12	12	12
ENSG00000275221	H2AC15	stromal cell of endometrium	66.75	0.0	1	present_gold	66.75	0.0	1	1	1
ENSG00000275221	H2AC15	subcutaneous adipose tissue	40.97727272727273	6.439063737701453	11	present_gold	40.97727272727273	6.439063737701453	11	14	11
ENSG00000275221	H2AC15	substantia nigra	46.76875	10.029830418022316	8	present_gold	46.76875	10.029830418022316	8	9	8
ENSG00000275221	H2AC15	superior frontal gyrus	55.64333333333334	19.58358836713367	3	present_gold	55.64333333333334	19.58358836713367	3	4	3
ENSG00000275221	H2AC15	sural nerve	60.47	0.0	1	present_gold	60.47	0.0	1	3	1
ENSG00000275221	H2AC15	temporal lobe	47.1875	7.966000146455768	4	present_gold	47.1875	7.966000146455768	4	4	4
ENSG00000275221	H2AC15	testis	54.56166666666667	5.588035134702239	6	present_gold	54.56166666666667	5.588035134702239	6	8	6
ENSG00000275221	H2AC15	thoracic aorta	52.18666666666667	5.388542165249026	6	present_gold	52.18666666666667	5.388542165249026	6	6	6
ENSG00000275221	H2AC15	thoracic mammary gland	42.71111111111111	5.807584361084314	9	present_gold	42.71111111111111	5.807584361084314	9	12	9
ENSG00000275221	H2AC15	thymus	80.59	0.0	1	present_gold	80.59	0.0	1	1	1
ENSG00000275221	H2AC15	thyroid gland	52.52076923076923	4.60004431416782	13	present_gold	52.52076923076923	4.60004431416782	13	13	13
ENSG00000275221	H2AC15	tibial artery	59.15909090909091	4.203585266282711	11	present_gold	59.15909090909091	4.203585266282711	11	11	11
ENSG00000275221	H2AC15	tibial nerve	48.303636363636365	4.083398762617417	11	present_gold	48.303636363636365	4.083398762617417	11	11	11
ENSG00000275221	H2AC15	tonsil	0.0	0.0	0	observed_zero	0.0	0.0	0	3	0
ENSG00000275221	H2AC15	trachea	92.67	0.0	1	present_gold	92.67	0.0	1	1	1
ENSG00000275221	H2AC15	transverse colon	41.445	3.1242643578573457	10	present_gold	41.445	3.1242643578573457	10	10	10
ENSG00000275221	H2AC15	upper lobe of left lung	47.69375	8.549786860334173	8	present_gold	47.69375	8.549786860334173	8	8	8
ENSG00000275221	H2AC15	urinary bladder	45.808	5.902653640524744	5	present_gold	45.808	5.902653640524744	5	6	5
ENSG00000275221	H2AC15	uterine cervix	46.79	0.0	1	present_gold	46.79	0.0	1	1	1
ENSG00000275221	H2AC15	uterus	47.0	0.0	1	present_gold	47.0	0.0	1	1	1
ENSG00000275221	H2AC15	vagina	47.584	2.52068046368436	5	present_gold	47.584	2.52068046368436	5	5	5
ENSG00000275221	H2AC15	vastus lateralis	94.34166666666665	1.3359852793600215	6	present_gold	94.34166666666665	1.3359852793600215	6	6	6
ENSG00000275221	H2AC15	ventricular zone	52.94	4.949747468305833	2	present_gold	52.94	4.949747468305833	2	2	2
ENSG00000275221	H2AC15	vermiform appendix	50.43	0.0	1	present_gold	50.43	0.0	1	1	1
ENSG00000275221	H2AC15	zone of skin	31.975	0.13435028842544494	2	present_gold	31.975	0.13435028842544494	2	3	2
ENSG00000276368	H2AC14	Ammon's horn	29.730000000000004	10.408611819065982	2	present_gold	29.730000000000004	10.408611819065982	2	8	2
ENSG00000276368	H2AC14	Brodmann (1909) area 9	0.0	0.0	0	observed_zero	0.0	0.0	0	8	0
ENSG00000276368	H2AC14	C1 segment of cervical spinal cord	39.02	18.842932362029007	5	present_gold	39.02	18.842932362029007	5	9	5
ENSG00000276368	H2AC14	adenohypophysis	0.0	0.0	0	observed_zero	0.0	0.0	0	6	0
ENSG00000276368	H2AC14	adipose tissue	33.169999999999995	13.374763549311815	3	present_gold	33.169999999999995	13.374763549311815	3	3	3
ENSG00000276368	H2AC14	adrenal gland	40.39	15.08844922448957	3	present_gold	40.39	15.08844922448957	3	3	3
ENSG00000276368	H2AC14	adrenal tissue	91.45666666666666	3.067659259652763	3	present_gold	91.45666666666666	3.067659259652763	3	3	3
ENSG00000276368	H2AC14	adult mammalian kidney	46.945	27.38624563535499	2	present_gold	46.945	27.38624563535499	2	10	2
ENSG00000276368	H2AC14	amygdala	0.0	0.0	0	observed_zero	0.0	0.0	0	8	0
ENSG00000276368	H2AC14	anterior cingulate cortex	23.41	0.0	1	present_gold	23.41	0.0	1	9	1
ENSG00000276368	H2AC14	apex of heart	0.0	0.0	0	observed_zero	0.0	0.0	0	1	0
ENSG00000276368	H2AC14	ascending aorta	27.820000000000004	5.598044301360968	3	present_gold	27.820000000000004	5.598044301360968	3	10	3
ENSG00000276368	H2AC14	blood	51.14666666666667	4.366794618263519	15	present_gold	51.14666666666667	4.366794618263519	15	16	15
ENSG00000276368	H2AC14	body of pancreas	0.0	0.0	0	observed_zero	0.0	0.0	0	10	0
ENSG00000276368	H2AC14	body of stomach	34.78	5.115520501376181	5	present_gold	34.78	5.115520501376181	5	11	5
ENSG00000276368	H2AC14	body of uterus	26.12	0.0	1	present_gold	26.12	0.0	1	5	1
ENSG00000276368	H2AC14	bone marrow	75.65	0.0	1	present_gold	75.65	0.0	1	1	1
ENSG00000276368	H2AC14	bone marrow cell	98.35	0.0	1	present_gold	98.35	0.0	1	1	1
ENSG00000276368	H2AC14	brain	22.680000000000003	0.39949968710876327	3	present_gold	22.680000000000003	0.39949968710876327	3	4	3
ENSG00000276368	H2AC14	calcaneal tendon	73.255	9.531311557178265	4	present_gold	73.255	9.531311557178265	4	5	4
ENSG00000276368	H2AC14	caudate nucleus	26.91	0.0	1	present_gold	26.91	0.0	1	9	1
ENSG00000276368	H2AC14	cerebellar cortex	0.0	0.0	0	observed_zero	0.0	0.0	0	1	0
ENSG00000276368	H2AC14	cerebellar hemisphere	0.0	0.0	0	observed_zero	0.0	0.0	0	10	0
ENSG00000276368	H2AC14	cerebellum	0.0	0.0	0	observed_zero	0.0	0.0	0	2	0
ENSG00000276368	H2AC14	cerebral cortex	23.27	0.0	1	present_gold	23.27	0.0	1	1	1
ENSG00000276368	H2AC14	colon	55.437777777777775	32.2785264447503	9	present_gold	55.437777777777775	32.2785264447503	9	10	9
ENSG00000276368	H2AC14	colonic epithelium	68.83	0.0	1	present_gold	68.83	0.0	1	1	1
ENSG00000276368	H2AC14	corpus callosum	52.97	9.008540392316617	2	present_gold	52.97	9.008540392316617	2	4	2
ENSG00000276368	H2AC14	cortex of kidney	25.76	0.0	1	present_gold	25.76	0.0	1	2	1
ENSG00000276368	H2AC14	cortical plate	45.1	0.0	1	present_gold	45.1	0.0	1	2	1
ENSG00000276368	H2AC14	descending thoracic aorta	39.435	8.803479425772514	2	present_gold	39.435	8.803479425772514	2	3	2
ENSG00000276368	H2AC14	dorsolateral prefrontal cortex	0.0	0.0	0	observed_zero	0.0	0.0	0	11	0
ENSG00000276368	H2AC14	duodenum	41.59	0.0	1	present_gold	41.59	0.0	1	1	1
ENSG00000276368	H2AC14	ectocervix	64.05	0.0	1	present_gold	64.05	0.0	1	5	1
ENSG00000276368	H2AC14	endocervix	0.0	0.0	0	observed_zero	0.0	0.0	0	3	0
ENSG00000276368	H2AC14	endometrium	37.37	1.315218613006978	2	present_gold	37.37	1.315218613006978	2	2	2
ENSG00000276368	H2AC14	esophagogastric junction muscularis propria	25.5225	2.425673446007658	4	present_gold	25.5225	2.425673446007658	4	11	4
ENSG00000276368	H2AC14	esophagus	34.085	1.539318030817545	4	present_gold	34.085	1.539318030817545	4	4	4
ENSG00000276368	H2AC14	esophagus mucosa	45.76	5.030675898922529	11	present_gold	45.76	5.030675898922529	11	11	11
ENSG00000276368	H2AC14	fallopian tube	26.32	0.0	1	present_gold	26.32	0.0	1	1	1
ENSG00000276368	H2AC14	frontal cortex	27.15	0.0	1	present_gold	27.15	0.0	1	5	1
ENSG00000276368	H2AC14	fundus of stomach	0.0	0.0	0	observed_zero	0.0	0.0	0	4	0
ENSG00000276368	H2AC14	gall bladder	0.0	0.0	0	observed_zero	0.0	0.0	0	1	0
ENSG00000276368	H2AC14	ganglionic eminence	54.84	5.00631601080076	2	present_gold	54.84	5.00631601080076	2	2	2
ENSG00000276368	H2AC14	gastrocnemius	0.0	0.0	0	observed_zero	0.0	0.0	0	11	0
ENSG00000276368	H2AC14	granulocyte	0.0	0.0	0	observed_zero	0.0	0.0	0	1	0
ENSG00000276368	H2AC14	heart	66.356	32.28307420305569	5	present_gold	66.356	32.28307420305569	5	10	5
ENSG00000276368	H2AC14	heart left ventricle	38.065	15.011876964590403	2	present_gold	38.065	15.011876964590403	2	14	2
ENSG00000276368	H2AC14	hindlimb stylopod muscle	46.81	0.0	1	present_gold	46.81	0.0	1	2	1
ENSG00000276368	H2AC14	hypothalamus	39.28	0.0	1	present_gold	39.28	0.0	1	8	1
ENSG00000276368	H2AC14	intestine	79.6375	29.336855517704464	4	present_gold	79.6375	29.336855517704464	4	4	4
ENSG00000276368	H2AC14	islet of Langerhans	0.0	0.0	0	observed_zero	0.0	0.0	0	10	0
ENSG00000276368	H2AC14	kidney	81.15	31.35636777434529	4	present_gold	81.15	31.35636777434529	4	4	4
ENSG00000276368	H2AC14	left adrenal gland	32.97	0.6383572667401853	3	present_gold	32.97	0.6383572667401853	3	8	3
ENSG00000276368	H2AC14	left adrenal gland cortex	34.0	4.6244783489600225	2	present_gold	34.0	4.6244783489600225	2	8	2
ENSG00000276368	H2AC14	left coronary artery	36.370000000000005	0.8909545442950485	2	present_gold	36.370000000000005	0.8909545442950485	2	9	2
ENSG00000276368	H2AC14	left lobe of thyroid gland	19.76	0.0	1	present_gold	19.76	0.0	1	11	1
ENSG00000276368	H2AC14	left ovary	29.46	10.040916292848976	2	present_gold	29.46	10.040916292848976	2	5	2
ENSG00000276368	H2AC14	left testis	0.0	0.0	0	observed_zero	0.0	0.0	0	6	0
ENSG00000276368	H2AC14	left uterine tube	0.0	0.0	0	observed_zero	0.0	0.0	0	2	0
ENSG00000276368	H2AC14	leukocyte	0.0	0.0	0	observed_zero	0.0	0.0	0	1	0
ENSG00000276368	H2AC14	liver	41.035714285714285	2.2652509584507174	7	present_gold	41.035714285714285	2.2652509584507174	7	11	7
ENSG00000276368	H2AC14	lower esophagus	0.0	0.0	0	observed_zero	0.0	0.0	0	2	0
ENSG00000276368	H2AC14	lower esophagus mucosa	0.0	0.0	0	observed_zero	0.0	0.0	0	1	0
ENSG00000276368	H2AC14	lower esophagus muscularis layer	25.036666666666665	1.8194596267390306	3	present_gold	25.036666666666665	1.8194596267390306	3	11	3
ENSG00000276368	H2AC14	lung	59.012857142857136	27.508537895403624	7	present_gold	59.012857142857136	27.508537895403624	7	7	7
ENSG00000276368	H2AC14	lymph node	46.47	0.0	1	present_gold	46.47	0.0	1	2	1
ENSG00000276368	H2AC14	male germ line stem cell (sensu Vertebrata) in testis	89.57	0.0	1	present_gold	89.57	0.0	1	1	1
ENSG00000276368	H2AC14	metanephros cortex	0.0	0.0	0	observed_zero	0.0	0.0	0	2	0
ENSG00000276368	H2AC14	minor salivary gland	29.655	6.030420106979832	4	present_gold	29.655	6.030420106979832	4	10	4
ENSG00000276368	H2AC14	monocyte	47.31	0.0	1	present_gold	47.31	0.0	1	1	1
ENSG00000276368	H2AC14	mucosa of stomach	0.0	0.0	0	observed_zero	0.0	0.0	0	1	0
ENSG00000276368	H2AC14	mucosa of transverse colon	58.84	0.0	1	present_gold	58.84	0.0	1	1	1
ENSG00000276368	H2AC14	multicellular organism	30.3	0.0	1	present_gold	30.3	0.0	1	1	1
ENSG00000276368	H2AC14	muscle layer of sigmoid colon	27.052	2.563624387463966	5	present_gold	27.052	2.563624387463966	5	11	5
ENSG00000276368	H2AC14	muscle of leg	32.95	0.0	1	present_gold	32.95	0.0	1	2	1
ENSG00000276368	H2AC14	muscle tissue	37.61	0.0	1	present_gold	37.61	0.0	1	1	1
ENSG00000276368	H2AC14	myometrium	30.665	5.593214639185589	2	present_gold	30.665	5.593214639185589	2	7	2
ENSG00000276368	H2AC14	nucleus accumbens	0.0	0.0	0	observed_zero	0.0	0.0	0	9	0
ENSG00000276368	H2AC14	olfactory segment of nasal mucosa	30.68	0.0	1	present_gold	30.68	0.0	1	1	1
ENSG00000276368	H2AC14	omental fat pad	31.785	5.61209408331685	8	present_gold	31.785	5.61209408331685	8	11	8
ENSG00000276368	H2AC14	ovary	23.1	0.0	1	present_gold	23.1	0.0	1	4	1
ENSG00000276368	H2AC14	pancreas	26.94	0.0	1	present_gold	26.94	0.0	1	2	1
ENSG00000276368	H2AC14	pituitary gland	0.0	0.0	0	observed_zero	0.0	0.0	0	10	0
ENSG00000276368	H2AC14	placenta	43.96	0.0	1	present_gold	43.96	0.0	1	1	1
ENSG00000276368	H2AC14	popliteal artery	0.0	0.0	0	observed_zero	0.0	0.0	0	1	0
ENSG00000276368	H2AC14	prefrontal cortex	32.925	3.047080569988262	4	present_gold	32.925	3.047080569988262	4	7	4
ENSG00000276368	H2AC14	primary visual cortex	0.0	0.0	0	observed_zero	0.0	0.0	0	2	0
ENSG00000276368	H2AC14	primordial germ cell in gonad	72.75	0.0	1	present_gold	72.75	0.0	1	1	1
ENSG00000276368	H2AC14	prostate gland	0.0	0.0	0	observed_zero	0.0	0.0	0	9	0
ENSG00000276368	H2AC14	putamen	0.0	0.0	0	observed_zero	0.0	0.0	0	8	0
ENSG00000276368	H2AC14	rectum	0.0	0.0	0	observed_zero	0.0	0.0	0	1	0
ENSG00000276368	H2AC14	right adrenal gland	41.81	0.0	1	present_gold	41.81	0.0	1	5	1
ENSG00000276368	H2AC14	right adrenal gland cortex	0.0	0.0	0	observed_zero	0.0	0.0	0	3	0
ENSG00000276368	H2AC14	right atrium auricular region	44.21	0.0	1	present_gold	44.21	0.0	1	11	1
ENSG00000276368	H2AC14	right coronary artery	0.0	0.0	0	observed_zero	0.0	0.0	0	2	0
ENSG00000276368	H2AC14	right frontal lobe	0.0	0.0	0	observed_zero	0.0	0.0	0	9	0
ENSG00000276368	H2AC14	right hemisphere of cerebellum	0.0	0.0	0	observed_zero	0.0	0.0	0	9	0
ENSG00000276368	H2AC14	right lobe of liver	41.165	7.736728421410866	4	present_gold	41.165	7.736728421410866	4	9	4
ENSG00000276368	H2AC14	right lobe of thyroid gland	0.0	0.0	0	observed_zero	0.0	0.0	0	8	0
ENSG00000276368	H2AC14	right lung	0.0	0.0	0	observed_zero	0.0	0.0	0	2	0
ENSG00000276368	H2AC14	right ovary	0.0	0.0	0	observed_zero	0.0	0.0	0	5	0
ENSG00000276368	H2AC14	right testis	0.0	0.0	0	observed_zero	0.0	0.0	0	5	0
ENSG00000276368	H2AC14	right uterine tube	0.0	0.0	0	observed_zero	0.0	0.0	0	1	0
ENSG00000276368	H2AC14	saliva-secreting gland	26.74	0.0	1	present_gold	26.74	0.0	1	1	1
ENSG00000276368	H2AC14	skeletal muscle tissue	0.0	0.0	0	observed_zero	0.0	0.0	0	4	0
ENSG00000276368	H2AC14	skin of abdomen	32.64666666666667	4.620923428637758	3	present_gold	32.64666666666667	4.620923428637758	3	10	3
ENSG00000276368	H2AC14	skin of leg	24.259999999999998	0.0848528137423864	2	present_gold	24.259999999999998	0.0848528137423864	2	12	2
ENSG00000276368	H2AC14	small intestine	33.980000000000004	1.3010764773832448	2	present_gold	33.980000000000004	1.3010764773832448	2	2	2
ENSG00000276368	H2AC14	small intestine Peyer's patch	35.44857142857143	4.862795590232121	7	present_gold	35.44857142857143	4.862795590232121	7	11	7
ENSG00000276368	H2AC14	smooth muscle tissue	0.0	0.0	0	observed_zero	0.0	0.0	0	1	0
ENSG00000276368	H2AC14	spleen	44.434000000000005	6.099931147152401	10	present_gold	44.434000000000005	6.099931147152401	10	11	10
ENSG00000276368	H2AC14	stomach	61.16166666666667	32.945759786029946	12	present_gold	61.16166666666667	32.945759786029946	12	12	12
ENSG00000276368	H2AC14	stromal cell of endometrium	0.0	0.0	0	observed_zero	0.0	0.0	0	1	0
ENSG00000276368	H2AC14	subcutaneous adipose tissue	26.98	1.7253405460951743	2	present_gold	26.98	1.7253405460951743	2	12	2
ENSG00000276368	H2AC14	substantia nigra	32.52	0.0	1	present_gold	32.52	0.0	1	9	1
ENSG00000276368	H2AC14	superior frontal gyrus	0.0	0.0	0	observed_zero	0.0	0.0	0	2	0
ENSG00000276368	H2AC14	sural nerve	74.16	0.0	1	present_gold	74.16	0.0	1	3	1
ENSG00000276368	H2AC14	temporal lobe	0.0	0.0	0	observed_zero	0.0	0.0	0	1	0
ENSG00000276368	H2AC14	testis	31.560000000000002	13.845150775632602	2	present_gold	31.560000000000002	13.845150775632602	2	7	2
ENSG00000276368	H2AC14	thoracic aorta	26.93	3.8183766184073558	2	present_gold	26.93	3.8183766184073558	2	6	2
ENSG00000276368	H2AC14	thoracic mammary gland	0.0	0.0	0	observed_zero	0.0	0.0	0	12	0
ENSG00000276368	H2AC14	thyroid gland	0.0	0.0	0	observed_zero	0.0	0.0	0	13	0
ENSG00000276368	H2AC14	tibial artery	48.72	0.0	1	present_gold	48.72	0.0	1	11	1
ENSG00000276368	H2AC14	tibial nerve	0.0	0.0	0	observed_zero	0.0	0.0	0	11	0
ENSG00000276368	H2AC14	tonsil	57.095	7.375123727775691	2	present_gold	57.095	7.375123727775691	2	3	2
ENSG00000276368	H2AC14	transverse colon	38.12375	5.024516856659667	8	present_gold	38.12375	5.024516856659667	8	10	8
ENSG00000276368	H2AC14	upper lobe of left lung	32.36	0.0	1	present_gold	32.36	0.0	1	8	1
ENSG00000276368	H2AC14	urinary bladder	33.965	1.8172644276494274	2	present_gold	33.965	1.8172644276494274	2	6	2
ENSG00000276368	H2AC14	uterine cervix	34.67	0.0	1	present_gold	34.67	0.0	1	1	1
ENSG00000276368	H2AC14	vagina	33.012	4.23961908666333	5	present_gold	33.012	4.23961908666333	5	5	5
ENSG00000276368	H2AC14	ventricular zone	46.89	0.0	1	present_gold	46.89	0.0	1	2	1
ENSG00000276368	H2AC14	vermiform appendix	41.1	0.0	1	present_gold	41.1	0.0	1	1	1
ENSG00000276368	H2AC14	zone of skin	27.36	0.4525483399593908	2	present_gold	27.36	0.4525483399593908	2	2	2
ENSG00000276903	H2AC16	Ammon's horn	37.489999999999995	15.443212101114195	2	present_gold	37.489999999999995	15.443212101114195	2	9	2
ENSG00000276903	H2AC16	Brodmann (1909) area 10	0.0	0.0	0	observed_zero	0.0	0.0	0	1	0
ENSG00000276903	H2AC16	Brodmann (1909) area 9	24.27	0.0	1	present_gold	24.27	0.0	1	8	1
ENSG00000276903	H2AC16	C1 segment of cervical spinal cord	46.35	12.688857879482862	8	present_gold	46.35	12.688857879482862	8	9	8
ENSG00000276903	H2AC16	adenohypophysis	0.0	0.0	0	observed_zero	0.0	0.0	0	6	0
ENSG00000276903	H2AC16	adipose tissue	29.055	0.9263098833543789	2	present_gold	29.055	0.9263098833543789	2	3	2
ENSG00000276903	H2AC16	adrenal gland	39.07	3.012274887854696	2	present_gold	39.07	3.012274887854696	2	3	2
ENSG00000276903	H2AC16	adrenal tissue	88.45333333333333	1.9825824909277647	3	present_gold	88.45333333333333	1.9825824909277647	3	3	3
ENSG00000276903	H2AC16	adult mammalian kidney	46.96	24.310331137193508	2	present_gold	46.96	24.310331137193508	2	13	2
ENSG00000276903	H2AC16	amygdala	24.564999999999998	3.2031937187750583	2	present_gold	24.564999999999998	3.2031937187750583	2	9	2
ENSG00000276903	H2AC16	anterior cingulate cortex	25.19666666666667	2.4857661461475686	3	present_gold	25.19666666666667	2.4857661461475686	3	11	3
ENSG00000276903	H2AC16	apex of heart	0.0	0.0	0	observed_zero	0.0	0.0	0	1	0
ENSG00000276903	H2AC16	ascending aorta	33.12666666666667	2.3987983102656494	3	present_gold	33.12666666666667	2.3987983102656494	3	10	3
ENSG00000276903	H2AC16	blood	63.15111111111111	4.266910838601524	18	present_gold	63.15111111111111	4.266910838601524	18	18	18
ENSG00000276903	H2AC16	body of pancreas	0.0	0.0	0	observed_zero	0.0	0.0	0	10	0
ENSG00000276903	H2AC16	body of stomach	34.14222222222222	6.864739211684916	9	present_gold	34.14222222222222	6.864739211684916	9	11	9
ENSG00000276903	H2AC16	body of uterus	0.0	0.0	0	observed_zero	0.0	0.0	0	5	0
ENSG00000276903	H2AC16	bone marrow	80.67500000000001	8.87419010389117	2	present_gold	80.67500000000001	8.87419010389117	2	2	2
ENSG00000276903	H2AC16	bone marrow cell	98.29	0.0	1	present_gold	98.29	0.0	1	1	1
ENSG00000276903	H2AC16	brain	32.307500000000005	13.276368416601482	4	present_gold	32.307500000000005	13.276368416601482	4	5	4
ENSG00000276903	H2AC16	calcaneal tendon	66.438	10.04000846613189	5	present_gold	66.438	10.04000846613189	5	5	5
ENSG00000276903	H2AC16	caudate nucleus	31.473333333333333	2.78072532504261	3	present_gold	31.473333333333333	2.78072532504261	3	11	3
ENSG00000276903	H2AC16	central nervous system	27.07	0.0	1	present_gold	27.07	0.0	1	1	1
ENSG00000276903	H2AC16	cerebellar cortex	25.56	0.0	1	present_gold	25.56	0.0	1	1	1
ENSG00000276903	H2AC16	cerebellar hemisphere	29.1	0.0	1	present_gold	29.1	0.0	1	9	1
ENSG00000276903	H2AC16	cerebellar vermis	0.0	0.0	0	observed_zero	0.0	0.0	0	2	0
ENSG00000276903	H2AC16	cerebellum	28.92	0.0	1	present_gold	28.92	0.0	1	6	1
ENSG00000276903	H2AC16	cerebral cortex	27.595	0.27577164466275395	2	present_gold	27.595	0.27577164466275395	2	2	2
ENSG00000276903	H2AC16	colon	54.05111111111111	32.10706520551374	9	present_gold	54.05111111111111	32.10706520551374	9	10	9
ENSG00000276903	H2AC16	colonic epithelium	71.58	0.0	1	present_gold	71.58	0.0	1	1	1
ENSG00000276903	H2AC16	corpus callosum	54.935	3.5282526364571276	4	present_gold	54.935	3.5282526364571276	4	5	4
ENSG00000276903	H2AC16	cortex of kidney	0.0	0.0	0	observed_zero	0.0	0.0	0	2	0
ENSG00000276903	H2AC16	cortical plate	48.79	0.0	1	present_gold	48.79	0.0	1	2	1
ENSG00000276903	H2AC16	descending thoracic aorta	0.0	0.0	0	observed_zero	0.0	0.0	0	3	0
ENSG00000276903	H2AC16	dorsal plus ventral thalamus	0.0	0.0	0	observed_zero	0.0	0.0	0	1	0
ENSG00000276903	H2AC16	dorsal root ganglion	0.0	0.0	0	observed_zero	0.0	0.0	0	1	0
ENSG00000276903	H2AC16	dorsolateral prefrontal cortex	25.21	0.0	1	present_gold	25.21	0.0	1	11	1
ENSG00000276903	H2AC16	duodenum	36.32	0.0	1	present_gold	36.32	0.0	1	1	1
ENSG00000276903	H2AC16	ectocervix	50.1	0.04242640687119446	2	present_gold	50.1	0.04242640687119446	2	5	2
ENSG00000276903	H2AC16	endocervix	0.0	0.0	0	observed_zero	0.0	0.0	0	3	0
ENSG00000276903	H2AC16	endometrium	32.4	0.0	1	present_gold	32.4	0.0	1	2	1
ENSG00000276903	H2AC16	endometrium epithelium	91.16	0.0	1	present_gold	91.16	0.0	1	1	1
ENSG00000276903	H2AC16	epithelium of bronchus	88.4	0.0	1	present_gold	88.4	0.0	1	1	1
ENSG00000276903	H2AC16	esophagogastric junction muscularis propria	20.57	0.0	1	present_gold	20.57	0.0	1	11	1
ENSG00000276903	H2AC16	esophagus	32.76	0.4495182606598608	4	present_gold	32.76	0.4495182606598608	4	4	4
ENSG00000276903	H2AC16	esophagus mucosa	42.894	5.031364294768038	10	present_gold	42.894	5.031364294768038	10	11	10
ENSG00000276903	H2AC16	frontal cortex	0.0	0.0	0	observed_zero	0.0	0.0	0	20	0
ENSG00000276903	H2AC16	frontal pole	0.0	0.0	0	observed_zero	0.0	0.0	0	2	0
ENSG00000276903	H2AC16	fundus of stomach	0.0	0.0	0	observed_zero	0.0	0.0	0	4	0
ENSG00000276903	H2AC16	gall bladder	34.66	0.0	1	present_gold	34.66	0.0	1	1	1
ENSG00000276903	H2AC16	ganglionic eminence	50.83	1.0606601717798212	2	present_gold	50.83	1.0606601717798212	2	2	2
ENSG00000276903	H2AC16	gastrocnemius	26.17	0.0	1	present_gold	26.17	0.0	1	11	1
ENSG00000276903	H2AC16	granulocyte	58.21	0.0	1	present_gold	58.21	0.0	1	1	1
ENSG00000276903	H2AC16	heart	61.928	32.43043740068888	5	present_gold	61.928	32.43043740068888	5	10	5
ENSG00000276903	H2AC16	heart left ventricle	32.938	11.504328315899196	5	present_gold	32.938	11.504328315899196	5	16	5
ENSG00000276903	H2AC16	hindlimb stylopod muscle	0.0	0.0	0	observed_zero	0.0	0.0	0	2	0
ENSG00000276903	H2AC16	hypothalamus	37.285	1.4778531726798816	2	present_gold	37.285	1.4778531726798816	2	8	2
ENSG00000276903	H2AC16	intestine	76.5075	27.67848306898339	4	present_gold	76.5075	27.67848306898339	4	4	4
ENSG00000276903	H2AC16	islet of Langerhans	30.0	1.9940411229460642	2	present_gold	30.0	1.9940411229460642	2	10	2
ENSG00000276903	H2AC16	kidney	79.455	27.296684169815695	4	present_gold	79.455	27.296684169815695	4	4	4
ENSG00000276903	H2AC16	layer of synovial tissue	0.0	0.0	0	observed_zero	0.0	0.0	0	3	0
ENSG00000276903	H2AC16	left adrenal gland	41.6075	5.013790149843398	4	present_gold	41.6075	5.013790149843398	4	7	4
ENSG00000276903	H2AC16	left adrenal gland cortex	47.53	4.217570390639616	3	present_gold	47.53	4.217570390639616	3	8	3
ENSG00000276903	H2AC16	left coronary artery	41.945	17.93929903870271	2	present_gold	41.945	17.93929903870271	2	9	2
ENSG00000276903	H2AC16	left lobe of thyroid gland	29.604999999999997	0.6434671708797584	2	present_gold	29.604999999999997	0.6434671708797584	2	11	2
ENSG00000276903	H2AC16	left ovary	0.0	0.0	0	observed_zero	0.0	0.0	0	5	0
ENSG00000276903	H2AC16	left testis	25.3925	0.922943660252348	4	present_gold	25.3925	0.922943660252348	4	6	4
ENSG00000276903	H2AC16	left uterine tube	0.0	0.0	0	observed_zero	0.0	0.0	0	2	0
ENSG00000276903	H2AC16	leukocyte	0.0	0.0	0	observed_zero	0.0	0.0	0	1	0
ENSG00000276903	H2AC16	liver	47.1025	19.07106915124133	8	present_gold	47.1025	19.07106915124133	8	12	8
ENSG00000276903	H2AC16	lower esophagus	0.0	0.0	0	observed_zero	0.0	0.0	0	2	0
ENSG00000276903	H2AC16	lower esophagus mucosa	48.79	0.0	1	present_gold	48.79	0.0	1	1	1
ENSG00000276903	H2AC16	lower esophagus muscularis layer	22.16	0.0	1	present_gold	22.16	0.0	1	11	1
ENSG00000276903	H2AC16	lung	59.970000000000006	24.649593641004852	7	present_gold	59.970000000000006	24.649593641004852	7	7	7
ENSG00000276903	H2AC16	lymph node	40.64	0.0	1	present_gold	40.64	0.0	1	2	1
ENSG00000276903	H2AC16	male germ line stem cell (sensu Vertebrata) in testis	0.0	0.0	0	observed_zero	0.0	0.0	0	1	0
ENSG00000276903	H2AC16	metanephric glomerulus	0.0	0.0	0	observed_zero	0.0	0.0	0	2	0
ENSG00000276903	H2AC16	metanephros cortex	0.0	0.0	0	observed_zero	0.0	0.0	0	2	0
ENSG00000276903	H2AC16	middle frontal gyrus	0.0	0.0	0	observed_zero	0.0	0.0	0	1	0
ENSG00000276903	H2AC16	minor salivary gland	41.465	10.090413767532036	2	present_gold	41.465	10.090413767532036	2	10	2
ENSG00000276903	H2AC16	monocyte	58.27	0.0	1	present_gold	58.27	0.0	1	1	1
ENSG00000276903	H2AC16	mucosa of stomach	0.0	0.0	0	observed_zero	0.0	0.0	0	1	0
ENSG00000276903	H2AC16	mucosa of transverse colon	55.49	0.0	1	present_gold	55.49	0.0	1	1	1
ENSG00000276903	H2AC16	multicellular organism	32.68	0.0	1	present_gold	32.68	0.0	1	1	1
ENSG00000276903	H2AC16	muscle layer of sigmoid colon	31.613333333333333	3.525469235907944	3	present_gold	31.613333333333333	3.525469235907944	3	11	3
ENSG00000276903	H2AC16	muscle of leg	34.73	0.0	1	present_gold	34.73	0.0	1	2	1
ENSG00000276903	H2AC16	muscle tissue	0.0	0.0	0	observed_zero	0.0	0.0	0	1	0
ENSG00000276903	H2AC16	myometrium	31.240000000000002	7.6933217793096365	2	present_gold	31.240000000000002	7.6933217793096365	2	7	2
ENSG00000276903	H2AC16	nucleus accumbens	55.17	0.0	1	present_gold	55.17	0.0	1	9	1
ENSG00000276903	H2AC16	olfactory segment of nasal mucosa	52.21	0.0	1	present_gold	52.21	0.0	1	1	1
ENSG00000276903	H2AC16	omental fat pad	33.825714285714284	7.266383458876126	7	present_gold	33.825714285714284	7.266383458876126	7	11	7
ENSG00000276903	H2AC16	ovary	0.0	0.0	0	observed_zero	0.0	0.0	0	2	0
ENSG00000276903	H2AC16	pancreas	0.0	0.0	0	observed_zero	0.0	0.0	0	1	0
ENSG00000276903	H2AC16	paraflocculus	0.0	0.0	0	observed_zero	0.0	0.0	0	2	0
ENSG00000276903	H2AC16	pituitary gland	0.0	0.0	0	observed_zero	0.0	0.0	0	10	0
ENSG00000276903	H2AC16	placenta	35.36	0.0	1	present_gold	35.36	0.0	1	1	1
ENSG00000276903	H2AC16	popliteal artery	0.0	0.0	0	observed_zero	0.0	0.0	0	1	0
ENSG00000276903	H2AC16	prefrontal cortex	34.04	0.0	1	present_gold	34.04	0.0	1	8	1
ENSG00000276903	H2AC16	primary visual cortex	0.0	0.0	0	observed_zero	0.0	0.0	0	4	0
ENSG00000276903	H2AC16	primordial germ cell in gonad	86.33	0.0	1	present_gold	86.33	0.0	1	1	1
ENSG00000276903	H2AC16	prostate gland	71.229	32.41303971140833	10	present_gold	71.229	32.41303971140833	10	17	10
ENSG00000276903	H2AC16	putamen	0.0	0.0	0	observed_zero	0.0	0.0	0	8	0
ENSG00000276903	H2AC16	quadriceps femoris	0.0	0.0	0	observed_zero	0.0	0.0	0	8	0
ENSG00000276903	H2AC16	rectum	0.0	0.0	0	observed_zero	0.0	0.0	0	1	0
ENSG00000276903	H2AC16	right adrenal gland	37.77333333333333	8.272643672571263	3	present_gold	37.77333333333333	8.272643672571263	3	5	3
ENSG00000276903	H2AC16	right adrenal gland cortex	35.72	0.0	1	present_gold	35.72	0.0	1	3	1
ENSG00000276903	H2AC16	right atrium auricular region	26.67	0.0	1	present_gold	26.67	0.0	1	11	1
ENSG00000276903	H2AC16	right coronary artery	0.0	0.0	0	observed_zero	0.0	0.0	0	2	0
ENSG00000276903	H2AC16	right frontal lobe	0.0	0.0	0	observed_zero	0.0	0.0	0	9	0
ENSG00000276903	H2AC16	right hemisphere of cerebellum	0.0	0.0	0	observed_zero	0.0	0.0	0	9	0
ENSG00000276903	H2AC16	right lobe of liver	44.85999999999999	15.705760089852387	3	present_gold	44.85999999999999	15.705760089852387	3	9	3
ENSG00000276903	H2AC16	right lobe of thyroid gland	0.0	0.0	0	observed_zero	0.0	0.0	0	8	0
ENSG00000276903	H2AC16	right lung	59.22	0.0	1	present_gold	59.22	0.0	1	2	1
ENSG00000276903	H2AC16	right ovary	38.82	0.0	1	present_gold	38.82	0.0	1	5	1
ENSG00000276903	H2AC16	right testis	34.24	0.0	1	present_gold	34.24	0.0	1	5	1
ENSG00000276903	H2AC16	right uterine tube	0.0	0.0	0	observed_zero	0.0	0.0	0	1	0
ENSG00000276903	H2AC16	saliva-secreting gland	32.385000000000005	0.10606601717798113	2	present_gold	32.385000000000005	0.10606601717798113	2	2	2
ENSG00000276903	H2AC16	sigmoid colon	32.7	6.08111831820431	2	present_gold	32.7	6.08111831820431	2	4	2
ENSG00000276903	H2AC16	skeletal muscle tissue	0.0	0.0	0	observed_zero	0.0	0.0	0	4	0
ENSG00000276903	H2AC16	skin of abdomen	30.73	4.322707484898788	7	present_gold	30.73	4.322707484898788	7	10	7
ENSG00000276903	H2AC16	skin of leg	27.706666666666667	2.5994678942686202	3	present_gold	27.706666666666667	2.5994678942686202	3	12	3
ENSG00000276903	H2AC16	small intestine	33.81	1.2445079348883221	2	present_gold	33.81	1.2445079348883221	2	2	2
ENSG00000276903	H2AC16	small intestine Peyer's patch	34.4575	4.748960412553467	4	present_gold	34.4575	4.748960412553467	4	11	4
ENSG00000276903	H2AC16	smooth muscle tissue	0.0	0.0	0	observed_zero	0.0	0.0	0	1	0
ENSG00000276903	H2AC16	spinal cord	42.49	0.0	1	present_gold	42.49	0.0	1	1	1
ENSG00000276903	H2AC16	spleen	48.31727272727273	6.654580514065617	11	present_gold	48.31727272727273	6.654580514065617	11	12	11
ENSG00000276903	H2AC16	stomach	61.88666666666666	31.505776478530912	12	present_gold	61.88666666666666	31.505776478530912	12	12	12
ENSG00000276903	H2AC16	stromal cell of endometrium	0.0	0.0	0	observed_zero	0.0	0.0	0	1	0
ENSG00000276903	H2AC16	subcutaneous adipose tissue	28.073333333333334	1.396328519129123	3	present_gold	28.073333333333334	1.396328519129123	3	14	3
ENSG00000276903	H2AC16	substantia nigra	39.067499999999995	11.74167612963896	4	present_gold	39.067499999999995	11.74167612963896	4	9	4
ENSG00000276903	H2AC16	superior frontal gyrus	0.0	0.0	0	observed_zero	0.0	0.0	0	4	0
ENSG00000276903	H2AC16	sural nerve	0.0	0.0	0	observed_zero	0.0	0.0	0	3	0
ENSG00000276903	H2AC16	temporal lobe	0.0	0.0	0	observed_zero	0.0	0.0	0	4	0
ENSG00000276903	H2AC16	testis	28.0	4.337979560425183	4	present_gold	28.0	4.337979560425183	4	8	4
ENSG00000276903	H2AC16	thoracic aorta	30.915	0.049497474683058526	2	present_gold	30.915	0.049497474683058526	2	5	2
ENSG00000276903	H2AC16	thoracic mammary gland	34.105000000000004	5.941495322447596	4	present_gold	34.105000000000004	5.941495322447596	4	12	4
ENSG00000276903	H2AC16	thymus	0.0	0.0	0	observed_zero	0.0	0.0	0	1	0
ENSG00000276903	H2AC16	thyroid gland	27.75	0.9782637681116484	4	present_gold	27.75	0.9782637681116484	4	10	4
ENSG00000276903	H2AC16	tibial artery	0.0	0.0	0	observed_zero	0.0	0.0	0	11	0
ENSG00000276903	H2AC16	tibial nerve	27.95	2.4041630560342604	2	present_gold	27.95	2.4041630560342604	2	11	2
ENSG00000276903	H2AC16	tonsil	56.53333333333333	7.321627778939142	3	present_gold	56.53333333333333	7.321627778939142	3	3	3
ENSG00000276903	H2AC16	trachea	0.0	0.0	0	observed_zero	0.0	0.0	0	1	0
ENSG00000276903	H2AC16	transverse colon	36.957142857142856	2.901296918538985	7	present_gold	36.957142857142856	2.901296918538985	7	10	7
ENSG00000276903	H2AC16	upper lobe of left lung	37.4675	10.341145568391669	4	present_gold	37.4675	10.341145568391669	4	8	4
ENSG00000276903	H2AC16	urinary bladder	44.67	0.0	1	present_gold	44.67	0.0	1	5	1
ENSG00000276903	H2AC16	uterine cervix	35.52	0.0	1	present_gold	35.52	0.0	1	1	1
ENSG00000276903	H2AC16	uterus	28.68	0.0	1	present_gold	28.68	0.0	1	1	1
ENSG00000276903	H2AC16	vagina	34.388	4.867609269446348	5	present_gold	34.388	4.867609269446348	5	5	5
ENSG00000276903	H2AC16	vastus lateralis	0.0	0.0	0	observed_zero	0.0	0.0	0	5	0
ENSG00000276903	H2AC16	ventricular zone	62.565	8.5206367132979	2	present_gold	62.565	8.5206367132979	2	2	2
ENSG00000276903	H2AC16	vermiform appendix	35.08	0.0	1	present_gold	35.08	0.0	1	1	1
ENSG00000276903	H2AC16	zone of skin	28.43	0.4242640687119295	2	present_gold	28.43	0.4242640687119295	2	3	2
ENSG00000277075	H2AC8	Ammon's horn	57.641999999999996	4.959815856796835	10	present_gold	57.641999999999996	4.959815856796835	10	24	10
ENSG00000277075	H2AC8	Brodmann (1909) area 10	0.0	0.0	0	observed_zero	0.0	0.0	0	1	0
ENSG00000277075	H2AC8	Brodmann (1909) area 23	0.0	0.0	0	observed_zero	0.0	0.0	0	6	0
ENSG00000277075	H2AC8	Brodmann (1909) area 46	0.0	0.0	0	observed_zero	0.0	0.0	0	5	0
ENSG00000277075	H2AC8	Brodmann (1909) area 9	60.97625	5.796151278465491	8	present_gold	60.97625	5.796151278465491	8	10	8
ENSG00000277075	H2AC8	C1 segment of cervical spinal cord	79.9388888888889	4.815852584030278	9	present_gold	79.9388888888889	4.815852584030278	9	9	9
ENSG00000277075	H2AC8	CA1 field of hippocampus	0.0	0.0	0	observed_zero	0.0	0.0	0	4	0
ENSG00000277075	H2AC8	adenohypophysis	65.43666666666667	2.248027283345705	6	present_gold	65.43666666666667	2.248027283345705	6	6	6
ENSG00000277075	H2AC8	adipose tissue	52.031000000000006	2.8967623689599087	10	present_gold	52.031000000000006	2.8967623689599087	10	15	10
ENSG00000277075	H2AC8	adipose tissue of abdominal region	59.674	3.5720624294656447	5	present_gold	59.674	3.5720624294656447	5	6	5
ENSG00000277075	H2AC8	adrenal cortex	63.79	0.0	1	present_gold	63.79	0.0	1	3	1
ENSG00000277075	H2AC8	adrenal gland	74.29249999999999	6.810787399412786	4	present_gold	74.29249999999999	6.810787399412786	4	4	4
ENSG00000277075	H2AC8	adrenal tissue	96.38666666666667	0.7726793211503261	3	present_gold	96.38666666666667	0.7726793211503261	3	3	3
ENSG00000277075	H2AC8	adult mammalian kidney	67.27333333333333	6.481931997810718	12	present_gold	67.27333333333333	6.481931997810718	12	14	12
ENSG00000277075	H2AC8	adult organism	0.0	0.0	0	observed_zero	0.0	0.0	0	1	0
ENSG00000277075	H2AC8	amniotic fluid	81.27	0.0	1	present_gold	81.27	0.0	1	2	1
ENSG00000277075	H2AC8	amygdala	57.315	6.526908831053862	10	present_gold	57.315	6.526908831053862	10	13	10
ENSG00000277075	H2AC8	anatomical system	71.19	12.133952365161154	2	present_gold	71.19	12.133952365161154	2	2	2
ENSG00000277075	H2AC8	anterior cingulate cortex	56.64818181818182	3.740165285603882	11	present_gold	56.64818181818182	3.740165285603882	11	11	11
ENSG00000277075	H2AC8	aorta	61.33	0.3959797974644682	2	present_gold	61.33	0.3959797974644682	2	2	2
ENSG00000277075	H2AC8	apex of heart	72.62	0.0	1	present_gold	72.62	0.0	1	1	1
ENSG00000277075	H2AC8	ascending aorta	63.227	2.5307049961972625	10	present_gold	63.227	2.5307049961972625	10	10	10
ENSG00000277075	H2AC8	biceps brachii	0.0	0.0	0	observed_zero	0.0	0.0	0	5	0
ENSG00000277075	H2AC8	blood	76.65064516129033	5.256702981580673	31	present_gold	76.65064516129033	5.256702981580673	31	38	31
ENSG00000277075	H2AC8	blood vessel layer	0.0	0.0	0	observed_zero	0.0	0.0	0	1	0
ENSG00000277075	H2AC8	body of pancreas	45.53777777777778	5.2547021270900265	9	present_gold	45.53777777777778	5.2547021270900265	9	10	9
ENSG00000277075	H2AC8	body of stomach	66.13818181818182	5.300188332845951	11	present_gold	66.13818181818182	5.300188332845951	11	11	11
ENSG00000277075	H2AC8	body of tongue	0.0	0.0	0	observed_zero	0.0	0.0	0	3	0
ENSG00000277075	H2AC8	body of uterus	56.574	6.842658839953957	5	present_gold	56.574	6.842658839953957	5	5	5
ENSG00000277075	H2AC8	bone marrow	74.065	2.156675682618968	2	present_gold	74.065	2.156675682618968	2	14	2
ENSG00000277075	H2AC8	bone marrow cell	85.7	0.0	1	present_gold	85.7	0.0	1	6	1
ENSG00000277075	H2AC8	brain	54.24578947368421	6.076043409059215	19	present_gold	54.24578947368421	6.076043409059215	19	23	19
ENSG00000277075	H2AC8	bronchial epithelial cell	55.49	3.1395541084682694	2	present_gold	55.49	3.1395541084682694	2	21	2
ENSG00000277075	H2AC8	bronchus	0.0	0.0	0	observed_zero	0.0	0.0	0	2	0
ENSG00000277075	H2AC8	buccal mucosa cell	0.0	0.0	0	observed_zero	0.0	0.0	0	1	0
ENSG00000277075	H2AC8	caecum	0.0	0.0	0	observed_zero	0.0	0.0	0	3	0
ENSG00000277075	H2AC8	calcaneal tendon	96.9	0.5931273050534772	5	present_gold	96.9	0.5931273050534772	5	5	5
ENSG00000277075	H2AC8	caput epididymis	89.62	0.0	1	present_gold	89.62	0.0	1	3	1
ENSG00000277075	H2AC8	cardia of stomach	0.0	0.0	0	observed_zero	0.0	0.0	0	3	0
ENSG00000277075	H2AC8	cardiac atrium	60.81	4.081629576529455	3	present_gold	60.81	4.081629576529455	3	3	3
ENSG00000277075	H2AC8	cardiac muscle of right atrium	0.0	0.0	0	observed_zero	0.0	0.0	0	8	0
ENSG00000277075	H2AC8	cardiac ventricle	63.296666666666674	7.473803137180785	3	present_gold	63.296666666666674	7.473803137180785	3	3	3
ENSG00000277075	H2AC8	cartilage tissue	0.0	0.0	0	observed_zero	0.0	0.0	0	1	0
ENSG00000277075	H2AC8	cauda epididymis	0.0	0.0	0	observed_zero	0.0	0.0	0	3	0
ENSG00000277075	H2AC8	caudate nucleus	60.42	5.120182288421641	10	present_gold	60.42	5.120182288421641	10	19	10
ENSG00000277075	H2AC8	central nervous system	57.1	0.0	1	present_gold	57.1	0.0	1	1	1
ENSG00000277075	H2AC8	cerebellar cortex	58.275	0.6717514421272222	2	present_gold	58.275	0.6717514421272222	2	2	2
ENSG00000277075	H2AC8	cerebellar hemisphere	58.361000000000004	3.7885425224543074	10	present_gold	58.361000000000004	3.7885425224543074	10	11	10
ENSG00000277075	H2AC8	cerebellar vermis	0.0	0.0	0	observed_zero	0.0	0.0	0	3	0
ENSG00000277075	H2AC8	cerebellum	57.721666666666664	5.109102097475078	12	present_gold	57.721666666666664	5.109102097475078	12	17	12
ENSG00000277075	H2AC8	cerebral cortex	54.215555555555554	8.411311002321682	9	present_gold	54.215555555555554	8.411311002321682	9	9	9
ENSG00000277075	H2AC8	cervix epithelium	0.0	0.0	0	observed_zero	0.0	0.0	0	6	0
ENSG00000277075	H2AC8	cervix squamous epithelium	0.0	0.0	0	observed_zero	0.0	0.0	0	1	0
ENSG00000277075	H2AC8	choroid plexus epithelium	0.0	0.0	0	observed_zero	0.0	0.0	0	1	0
ENSG00000277075	H2AC8	cingulate cortex	0.0	0.0	0	observed_zero	0.0	0.0	0	1	0
ENSG00000277075	H2AC8	colon	73.280625	10.670917779179073	16	present_gold	73.280625	10.670917779179073	16	18	16
ENSG00000277075	H2AC8	colonic epithelium	79.61	0.0	1	present_gold	79.61	0.0	1	1	1
ENSG00000277075	H2AC8	colonic mucosa	61.24666666666667	11.032326741595963	3	present_gold	61.24666666666667	11.032326741595963	3	6	3
ENSG00000277075	H2AC8	connective tissue	51.83	0.0	1	present_gold	51.83	0.0	1	1	1
ENSG00000277075	H2AC8	coronary artery	58.905	0.5020458146424494	2	present_gold	58.905	0.5020458146424494	2	2	2
ENSG00000277075	H2AC8	corpus callosum	91.51666666666667	7.774393009532429	6	present_gold	91.51666666666667	7.774393009532429	6	11	6
ENSG00000277075	H2AC8	corpus epididymis	78.07000000000001	4.985970316798932	3	present_gold	78.07000000000001	4.985970316798932	3	3	3
ENSG00000277075	H2AC8	cortex of kidney	59.08	3.125411972844541	2	present_gold	59.08	3.125411972844541	2	5	2
ENSG00000277075	H2AC8	cortical plate	61.435	13.710800487207152	2	present_gold	61.435	13.710800487207152	2	2	2
ENSG00000277075	H2AC8	cranial nerve II	0.0	0.0	0	observed_zero	0.0	0.0	0	1	0
ENSG00000277075	H2AC8	decidua	0.0	0.0	0	observed_zero	0.0	0.0	0	2	0
ENSG00000277075	H2AC8	deltoid	0.0	0.0	0	observed_zero	0.0	0.0	0	8	0
ENSG00000277075	H2AC8	descending thoracic aorta	61.18666666666667	5.167749348926799	3	present_gold	61.18666666666667	5.167749348926799	3	3	3
ENSG00000277075	H2AC8	diaphragm	0.0	0.0	0	observed_zero	0.0	0.0	0	1	0
ENSG00000277075	H2AC8	dorsal motor nucleus of vagus nerve	0.0	0.0	0	observed_zero	0.0	0.0	0	2	0
ENSG00000277075	H2AC8	dorsal plus ventral thalamus	0.0	0.0	0	observed_zero	0.0	0.0	0	7	0
ENSG00000277075	H2AC8	dorsal root ganglion	0.0	0.0	0	observed_zero	0.0	0.0	0	6	0
ENSG00000277075	H2AC8	dorsolateral prefrontal cortex	55.75214285714286	4.957706011967521	14	present_gold	55.75214285714286	4.957706011967521	14	24	14
ENSG00000277075	H2AC8	duodenum	66.95333333333333	1.2044224065224496	3	present_gold	66.95333333333333	1.2044224065224496	3	4	3
ENSG00000277075	H2AC8	ectocervix	71.65799999999999	24.246552744668676	5	present_gold	71.65799999999999	24.246552744668676	5	5	5
ENSG00000277075	H2AC8	embryo	0.0	0.0	0	observed_zero	0.0	0.0	0	6	0
ENSG00000277075	H2AC8	endocervix	66.1	23.432037896862493	3	present_gold	66.1	23.432037896862493	3	3	3
ENSG00000277075	H2AC8	endometrium	57.74400000000001	1.418936221258729	5	present_gold	57.74400000000001	1.418936221258729	5	16	5
ENSG00000277075	H2AC8	endometrium epithelium	0.0	0.0	0	observed_zero	0.0	0.0	0	1	0
ENSG00000277075	H2AC8	endothelial cell	0.0	0.0	0	observed_zero	0.0	0.0	0	1	0
ENSG00000277075	H2AC8	entorhinal cortex	0.0	0.0	0	observed_zero	0.0	0.0	0	21	0
ENSG00000277075	H2AC8	epithelial cell of pancreas	0.0	0.0	0	observed_zero	0.0	0.0	0	1	0
ENSG00000277075	H2AC8	epithelium of bronchus	0.0	0.0	0	observed_zero	0.0	0.0	0	7	0
ENSG00000277075	H2AC8	epithelium of esophagus	0.0	0.0	0	observed_zero	0.0	0.0	0	1	0
ENSG00000277075	H2AC8	epithelium of mammary gland	0.0	0.0	0	observed_zero	0.0	0.0	0	6	0
ENSG00000277075	H2AC8	epithelium of nasopharynx	0.0	0.0	0	observed_zero	0.0	0.0	0	1	0
ENSG00000277075	H2AC8	esophagogastric junction muscularis propria	61.36000000000001	1.9182335624214266	11	present_gold	61.36000000000001	1.9182335624214266	11	11	11
ENSG00000277075	H2AC8	esophagus	66.75428571428571	1.8084141961292788	7	present_gold	66.75428571428571	1.8084141961292788	7	7	7
ENSG00000277075	H2AC8	esophagus mucosa	73.85000000000001	2.237900802091102	11	present_gold	73.85000000000001	2.237900802091102	11	11	11
ENSG00000277075	H2AC8	esophagus squamous epithelium	0.0	0.0	0	observed_zero	0.0	0.0	0	1	0
ENSG00000277075	H2AC8	fallopian tube	64.695	2.001112190757928	2	present_gold	64.695	2.001112190757928	2	2	2
ENSG00000277075	H2AC8	female reproductive system	61.96	0.0	1	present_gold	61.96	0.0	1	1	1
ENSG00000277075	H2AC8	forebrain	65.705	6.639732675341687	2	present_gold	65.705	6.639732675341687	2	2	2
ENSG00000277075	H2AC8	frontal cortex	55.65	3.977574637891789	15	present_gold	55.65	3.977574637891789	15	25	15
ENSG00000277075	H2AC8	frontal pole	0.0	0.0	0	observed_zero	0.0	0.0	0	2	0
ENSG00000277075	H2AC8	fundus of stomach	63.675	9.094007184221194	4	present_gold	63.675	9.094007184221194	4	7	4
ENSG00000277075	H2AC8	gall bladder	58.84	0.0	1	present_gold	58.84	0.0	1	1	1
ENSG00000277075	H2AC8	ganglionic eminence	71.905	1.7324116139070334	2	present_gold	71.905	1.7324116139070334	2	2	2
ENSG00000277075	H2AC8	gastrocnemius	44.308461538461536	5.5786600036117475	13	present_gold	44.308461538461536	5.5786600036117475	13	13	13
ENSG00000277075	H2AC8	germinal epithelium of ovary	0.0	0.0	0	observed_zero	0.0	0.0	0	1	0
ENSG00000277075	H2AC8	gingiva	0.0	0.0	0	observed_zero	0.0	0.0	0	2	0
ENSG00000277075	H2AC8	gingival epithelium	0.0	0.0	0	observed_zero	0.0	0.0	0	1	0
ENSG00000277075	H2AC8	globus pallidus	61.63	0.0	1	present_gold	61.63	0.0	1	1	1
ENSG00000277075	H2AC8	gluteal muscle	0.0	0.0	0	observed_zero	0.0	0.0	0	1	0
ENSG00000277075	H2AC8	granulocyte	75.58	0.0	1	present_gold	75.58	0.0	1	1	1
ENSG00000277075	H2AC8	hair follicle	0.0	0.0	0	observed_zero	0.0	0.0	0	3	0
ENSG00000277075	H2AC8	heart	70.76266666666668	11.677018618188626	15	present_gold	70.76266666666668	11.677018618188626	15	15	15
ENSG00000277075	H2AC8	heart left ventricle	69.77882352941177	4.294685498312043	17	present_gold	69.77882352941177	4.294685498312043	17	17	17
ENSG00000277075	H2AC8	heart right ventricle	0.0	0.0	0	observed_zero	0.0	0.0	0	6	0
ENSG00000277075	H2AC8	hindlimb stylopod muscle	49.6	0.0	1	present_gold	49.6	0.0	1	2	1
ENSG00000277075	H2AC8	hypothalamus	61.237500000000004	5.6574795624907015	12	present_gold	61.237500000000004	5.6574795624907015	12	16	12
ENSG00000277075	H2AC8	ileal mucosa	0.0	0.0	0	observed_zero	0.0	0.0	0	1	0
ENSG00000277075	H2AC8	inferior olivary complex	0.0	0.0	0	observed_zero	0.0	0.0	0	3	0
ENSG00000277075	H2AC8	inferior vagus X ganglion	0.0	0.0	0	observed_zero	0.0	0.0	0	6	0
ENSG00000277075	H2AC8	intestine	90.125	14.696467829606767	4	present_gold	90.125	14.696467829606767	4	4	4
ENSG00000277075	H2AC8	islet of Langerhans	61.824	4.226296513760273	10	present_gold	61.824	4.226296513760273	10	16	10
ENSG00000277075	H2AC8	jejunal mucosa	62.28	0.0	1	present_gold	62.28	0.0	1	1	1
ENSG00000277075	H2AC8	jejunum	0.0	0.0	0	observed_zero	0.0	0.0	0	2	0
ENSG00000277075	H2AC8	kidney	70.64333333333333	13.285126520536668	6	present_gold	70.64333333333333	13.285126520536668	6	6	6
ENSG00000277075	H2AC8	kidney epithelium	0.0	0.0	0	observed_zero	0.0	0.0	0	1	0
ENSG00000277075	H2AC8	large intestine	68.565	0.8838834764831844	2	present_gold	68.565	0.8838834764831844	2	2	2
ENSG00000277075	H2AC8	lateral globus pallidus	0.0	0.0	0	observed_zero	0.0	0.0	0	2	0
ENSG00000277075	H2AC8	lateral nuclear group of thalamus	0.0	0.0	0	observed_zero	0.0	0.0	0	2	0
ENSG00000277075	H2AC8	layer of synovial tissue	0.0	0.0	0	observed_zero	0.0	0.0	0	7	0
ENSG00000277075	H2AC8	left adrenal gland	69.25	3.1082333061908805	8	present_gold	69.25	3.1082333061908805	8	8	8
ENSG00000277075	H2AC8	left adrenal gland cortex	71.17375	4.815210832055318	8	present_gold	71.17375	4.815210832055318	8	8	8
ENSG00000277075	H2AC8	left coronary artery	64.53888888888889	5.40137353930564	9	present_gold	64.53888888888889	5.40137353930564	9	9	9
ENSG00000277075	H2AC8	left lobe of thyroid gland	69.99545454545455	2.9718289440557095	11	present_gold	69.99545454545455	2.9718289440557095	11	11	11
ENSG00000277075	H2AC8	left ovary	66.182	2.4877439578863423	5	present_gold	66.182	2.4877439578863423	5	5	5
ENSG00000277075	H2AC8	left testis	63.833333333333336	1.5686384754514544	6	present_gold	63.833333333333336	1.5686384754514544	6	6	6
ENSG00000277075	H2AC8	left uterine tube	49.92	7.9620223561605235	2	present_gold	49.92	7.9620223561605235	2	2	2
ENSG00000277075	H2AC8	left ventricle myocardium	0.0	0.0	0	observed_zero	0.0	0.0	0	4	0
ENSG00000277075	H2AC8	leukocyte	75.54	0.0	1	present_gold	75.54	0.0	1	1	1
ENSG00000277075	H2AC8	liver	65.455	5.659746668618762	18	present_gold	65.455	5.659746668618762	18	23	18
ENSG00000277075	H2AC8	lower esophagus	61.82	0.5232590180780415	2	present_gold	61.82	0.5232590180780415	2	2	2
ENSG00000277075	H2AC8	lower esophagus mucosa	87.2	0.0	1	present_gold	87.2	0.0	1	1	1
ENSG00000277075	H2AC8	lower esophagus muscularis layer	60.5390909090909	2.406056751389935	11	present_gold	60.5390909090909	2.406056751389935	11	11	11
ENSG00000277075	H2AC8	lower lobe of lung	0.0	0.0	0	observed_zero	0.0	0.0	0	8	0
ENSG00000277075	H2AC8	lung	67.78714285714285	16.475347284105066	14	present_gold	67.78714285714285	16.475347284105066	14	22	14
ENSG00000277075	H2AC8	lymph node	63.669999999999995	2.4505305547982874	3	present_gold	63.669999999999995	2.4505305547982874	3	6	3
ENSG00000277075	H2AC8	male germ cell	0.0	0.0	0	observed_zero	0.0	0.0	0	1	0
ENSG00000277075	H2AC8	male germ line stem cell (sensu Vertebrata) in testis	92.19	0.0	1	present_gold	92.19	0.0	1	1	1
ENSG00000277075	H2AC8	mammalian vulva	0.0	0.0	0	observed_zero	0.0	0.0	0	5	0
ENSG00000277075	H2AC8	mammary duct	0.0	0.0	0	observed_zero	0.0	0.0	0	1	0
ENSG00000277075	H2AC8	mammary gland	46.98	0.0	1	present_gold	46.98	0.0	1	1	1
ENSG00000277075	H2AC8	material anatomical entity	62.29	0.0	1	present_gold	62.29	0.0	1	1	1
ENSG00000277075	H2AC8	medial globus pallidus	72.71333333333332	8.086806126854613	3	present_gold	72.71333333333332	8.086806126854613	3	3	3
ENSG00000277075	H2AC8	medulla oblongata	0.0	0.0	0	observed_zero	0.0	0.0	0	6	0
ENSG00000277075	H2AC8	metanephric glomerulus	0.0	0.0	0	observed_zero	0.0	0.0	0	9	0
ENSG00000277075	H2AC8	metanephros	0.0	0.0	0	observed_zero	0.0	0.0	0	4	0
ENSG00000277075	H2AC8	metanephros cortex	72.92	9.362093782909895	2	present_gold	72.92	9.362093782909895	2	2	2
ENSG00000277075	H2AC8	midbrain	53.68333333333334	7.48374460636741	3	present_gold	53.68333333333334	7.48374460636741	3	5	3
ENSG00000277075	H2AC8	middle frontal gyrus	0.0	0.0	0	observed_zero	0.0	0.0	0	1	0
ENSG00000277075	H2AC8	middle temporal gyrus	0.0	0.0	0	observed_zero	0.0	0.0	0	5	0
ENSG00000277075	H2AC8	minor salivary gland	71.134	3.4090246242714195	10	present_gold	71.134	3.4090246242714195	10	10	10
ENSG00000277075	H2AC8	monocyte	90.1	0.0	1	present_gold	90.1	0.0	1	1	1
ENSG00000277075	H2AC8	mononuclear cell	89.16	0.0	1	present_gold	89.16	0.0	1	2	1
ENSG00000277075	H2AC8	mouth mucosa	69.39	2.656150096160481	4	present_gold	69.39	2.656150096160481	4	4	4
ENSG00000277075	H2AC8	mucosa of paranasal sinus	0.0	0.0	0	observed_zero	0.0	0.0	0	1	0
ENSG00000277075	H2AC8	mucosa of sigmoid colon	0.0	0.0	0	observed_zero	0.0	0.0	0	1	0
ENSG00000277075	H2AC8	mucosa of stomach	60.01	0.0	1	present_gold	60.01	0.0	1	1	1
ENSG00000277075	H2AC8	mucosa of transverse colon	82.35	0.0	1	present_gold	82.35	0.0	1	1	1
ENSG00000277075	H2AC8	mucosa of urinary bladder	0.0	0.0	0	observed_zero	0.0	0.0	0	1	0
ENSG00000277075	H2AC8	multicellular organism	62.31	0.0	1	present_gold	62.31	0.0	1	1	1
ENSG00000277075	H2AC8	muscle layer of sigmoid colon	66.72818181818182	4.60364598591555	11	present_gold	66.72818181818182	4.60364598591555	11	11	11
ENSG00000277075	H2AC8	muscle of leg	49.205	9.043895731375942	2	present_gold	49.205	9.043895731375942	2	2	2
ENSG00000277075	H2AC8	muscle organ	0.0	0.0	0	observed_zero	0.0	0.0	0	1	0
ENSG00000277075	H2AC8	muscle tissue	48.92	0.0	1	present_gold	48.92	0.0	1	1	1
ENSG00000277075	H2AC8	myocardium	0.0	0.0	0	observed_zero	0.0	0.0	0	8	0
ENSG00000277075	H2AC8	myometrium	53.58875	5.035064015765555	8	present_gold	53.58875	5.035064015765555	8	11	8
ENSG00000277075	H2AC8	nasal cavity epithelium	0.0	0.0	0	observed_zero	0.0	0.0	0	7	0
ENSG00000277075	H2AC8	nasal cavity mucosa	0.0	0.0	0	observed_zero	0.0	0.0	0	1	0
ENSG00000277075	H2AC8	neocortex	58.46	0.0	1	present_gold	58.46	0.0	1	1	1
ENSG00000277075	H2AC8	nephron tubule	0.0	0.0	0	observed_zero	0.0	0.0	0	8	0
ENSG00000277075	H2AC8	nipple	0.0	0.0	0	observed_zero	0.0	0.0	0	3	0
ENSG00000277075	H2AC8	nucleus accumbens	57.64545454545455	6.410540326113492	11	present_gold	57.64545454545455	6.410540326113492	11	14	11
ENSG00000277075	H2AC8	occipital lobe	0.0	0.0	0	observed_zero	0.0	0.0	0	6	0
ENSG00000277075	H2AC8	olfactory bulb	0.0	0.0	0	observed_zero	0.0	0.0	0	1	0
ENSG00000277075	H2AC8	olfactory segment of nasal mucosa	72.23	0.0	1	present_gold	72.23	0.0	1	1	1
ENSG00000277075	H2AC8	omental fat pad	62.39454545454546	5.379128858163492	11	present_gold	62.39454545454546	5.379128858163492	11	11	11
ENSG00000277075	H2AC8	oocyte	0.0	0.0	0	observed_zero	0.0	0.0	0	1	0
ENSG00000277075	H2AC8	oral cavity	0.0	0.0	0	observed_zero	0.0	0.0	0	6	0
ENSG00000277075	H2AC8	orbitofrontal cortex	0.0	0.0	0	observed_zero	0.0	0.0	0	6	0
ENSG00000277075	H2AC8	ovary	71.80636363636364	11.489478902654614	11	present_gold	71.80636363636364	11.489478902654614	11	11	11
ENSG00000277075	H2AC8	oviduct epithelium	71.705	2.1425335469952396	2	present_gold	71.705	2.1425335469952396	2	3	2
ENSG00000277075	H2AC8	palpebral conjunctiva	0.0	0.0	0	observed_zero	0.0	0.0	0	6	0
ENSG00000277075	H2AC8	pancreas	51.075	0.6151828996322946	2	present_gold	51.075	0.6151828996322946	2	2	2
ENSG00000277075	H2AC8	pancreatic ductal cell	0.0	0.0	0	observed_zero	0.0	0.0	0	1	0
ENSG00000277075	H2AC8	paraflocculus	0.0	0.0	0	observed_zero	0.0	0.0	0	2	0
ENSG00000277075	H2AC8	parietal lobe	0.0	0.0	0	observed_zero	0.0	0.0	0	6	0
ENSG00000277075	H2AC8	parietal pleura	0.0	0.0	0	observed_zero	0.0	0.0	0	4	0
ENSG00000277075	H2AC8	parotid gland	0.0	0.0	0	observed_zero	0.0	0.0	0	8	0
ENSG00000277075	H2AC8	penis	61.97	0.0	1	present_gold	61.97	0.0	1	1	1
ENSG00000277075	H2AC8	pericardium	0.0	0.0	0	observed_zero	0.0	0.0	0	1	0
ENSG00000277075	H2AC8	periodontal ligament	0.0	0.0	0	observed_zero	0.0	0.0	0	1	0
ENSG00000277075	H2AC8	peritoneum	59.48	0.0	1	present_gold	59.48	0.0	1	1	1
ENSG00000277075	H2AC8	pharyngeal mucosa	0.0	0.0	0	observed_zero	0.0	0.0	0	3	0
ENSG00000277075	H2AC8	pigmented layer of retina	0.0	0.0	0	observed_zero	0.0	0.0	0	4	0
ENSG00000277075	H2AC8	pituitary gland	63.474545454545456	5.302330362465853	11	present_gold	63.474545454545456	5.302330362465853	11	13	11
ENSG00000277075	H2AC8	placenta	57.08	0.0	1	present_gold	57.08	0.0	1	4	1
ENSG00000277075	H2AC8	pleura	0.0	0.0	0	observed_zero	0.0	0.0	0	1	0
ENSG00000277075	H2AC8	pons	0.0	0.0	0	observed_zero	0.0	0.0	0	1	0
ENSG00000277075	H2AC8	popliteal artery	59.37	0.0	1	present_gold	59.37	0.0	1	1	1
ENSG00000277075	H2AC8	postcentral gyrus	0.0	0.0	0	observed_zero	0.0	0.0	0	15	0
ENSG00000277075	H2AC8	prefrontal cortex	59.29571428571428	5.780942417815216	7	present_gold	59.29571428571428	5.780942417815216	7	10	7
ENSG00000277075	H2AC8	primary visual cortex	54.61	5.176021638285528	2	present_gold	54.61	5.176021638285528	2	9	2
ENSG00000277075	H2AC8	primordial germ cell in gonad	88.19	0.0	1	present_gold	88.19	0.0	1	1	1
ENSG00000277075	H2AC8	prostate gland	81.388125	6.087308347428003	16	present_gold	81.388125	6.087308347428003	16	18	16
ENSG00000277075	H2AC8	putamen	58.475	5.5913688445277465	10	present_gold	58.475	5.5913688445277465	10	16	10
ENSG00000277075	H2AC8	pylorus	73.84	0.0	1	present_gold	73.84	0.0	1	3	1
ENSG00000277075	H2AC8	quadriceps femoris	0.0	0.0	0	observed_zero	0.0	0.0	0	20	0
ENSG00000277075	H2AC8	rectum	64.0	0.0	2	present_gold	64.0	0.0	2	2	2
ENSG00000277075	H2AC8	renal glomerulus	0.0	0.0	0	observed_zero	0.0	0.0	0	1	0
ENSG00000277075	H2AC8	renal medulla	0.0	0.0	0	observed_zero	0.0	0.0	0	3	0
ENSG00000277075	H2AC8	right adrenal gland	71.646	2.773477960972471	5	present_gold	71.646	2.773477960972471	5	5	5
ENSG00000277075	H2AC8	right adrenal gland cortex	69.58	2.729010809799038	3	present_gold	69.58	2.729010809799038	3	3	3
ENSG00000277075	H2AC8	right atrium auricular region	67.32272727272726	4.191734941307933	11	present_gold	67.32272727272726	4.191734941307933	11	11	11
ENSG00000277075	H2AC8	right coronary artery	60.879999999999995	2.6870057685088837	2	present_gold	60.879999999999995	2.6870057685088837	2	2	2
ENSG00000277075	H2AC8	right frontal lobe	56.89375	3.868543238185957	8	present_gold	56.89375	3.868543238185957	8	9	8
ENSG00000277075	H2AC8	right hemisphere of cerebellum	57.91555555555556	6.137911108657226	9	present_gold	57.91555555555556	6.137911108657226	9	9	9
ENSG00000277075	H2AC8	right lobe of liver	67.58777777777777	9.493006343853587	9	present_gold	67.58777777777777	9.493006343853587	9	9	9
ENSG00000277075	H2AC8	right lobe of thyroid gland	69.48625	3.7413478759093532	8	present_gold	69.48625	3.7413478759093532	8	8	8
ENSG00000277075	H2AC8	right lung	67.995	14.276485912156398	2	present_gold	67.995	14.276485912156398	2	2	2
ENSG00000277075	H2AC8	right ovary	60.604	9.693071236713367	5	present_gold	60.604	9.693071236713367	5	5	5
ENSG00000277075	H2AC8	right testis	64.33	3.0117851849028003	5	present_gold	64.33	3.0117851849028003	5	5	5
ENSG00000277075	H2AC8	right uterine tube	84.28	0.0	1	present_gold	84.28	0.0	1	1	1
ENSG00000277075	H2AC8	saliva-secreting gland	63.612	5.48009762686761	5	present_gold	63.612	5.48009762686761	5	5	5
ENSG00000277075	H2AC8	saphenous vein	0.0	0.0	0	observed_zero	0.0	0.0	0	3	0
ENSG00000277075	H2AC8	secondary oocyte	0.0	0.0	0	observed_zero	0.0	0.0	0	1	0
ENSG00000277075	H2AC8	seminal vesicle	0.0	0.0	0	observed_zero	0.0	0.0	0	1	0
ENSG00000277075	H2AC8	sigmoid colon	65.6375	2.4864482701234722	4	present_gold	65.6375	2.4864482701234722	4	4	4
ENSG00000277075	H2AC8	skeletal muscle tissue	0.0	0.0	0	observed_zero	0.0	0.0	0	15	0
ENSG00000277075	H2AC8	skeletal muscle tissue of biceps brachii	0.0	0.0	0	observed_zero	0.0	0.0	0	2	0
ENSG00000277075	H2AC8	skeletal muscle tissue of rectus abdominis	0.0	0.0	0	observed_zero	0.0	0.0	0	2	0
ENSG00000277075	H2AC8	skin of abdomen	75.929	5.344682611925819	10	present_gold	75.929	5.344682611925819	10	10	10
ENSG00000277075	H2AC8	skin of hip	0.0	0.0	0	observed_zero	0.0	0.0	0	1	0
ENSG00000277075	H2AC8	skin of leg	71.69333333333334	3.3538155566278225	12	present_gold	71.69333333333334	3.3538155566278225	12	12	12
ENSG00000277075	H2AC8	small intestine	69.31	0.18384776310849593	2	present_gold	69.31	0.18384776310849593	2	2	2
ENSG00000277075	H2AC8	small intestine Peyer's patch	70.60454545454546	3.7806913749640123	11	present_gold	70.60454545454546	3.7806913749640123	11	11	11
ENSG00000277075	H2AC8	smooth muscle tissue	48.45	0.0	1	present_gold	48.45	0.0	1	2	1
ENSG00000277075	H2AC8	sperm	0.0	0.0	0	observed_zero	0.0	0.0	0	1	0
ENSG00000277075	H2AC8	spinal cord	70.505	8.147178039051312	6	present_gold	70.505	8.147178039051312	6	10	6
ENSG00000277075	H2AC8	spleen	71.3575	3.1612975615603256	12	present_gold	71.3575	3.1612975615603256	12	12	12
ENSG00000277075	H2AC8	squamous epithelium	0.0	0.0	0	observed_zero	0.0	0.0	0	3	0
ENSG00000277075	H2AC8	stomach	80.13666666666667	16.901618713943204	12	present_gold	80.13666666666667	16.901618713943204	12	12	12
ENSG00000277075	H2AC8	stromal cell of endometrium	64.05	0.0	1	present_gold	64.05	0.0	1	1	1
ENSG00000277075	H2AC8	subcutaneous adipose tissue	46.63384615384616	3.933608475817801	13	present_gold	46.63384615384616	3.933608475817801	13	21	13
ENSG00000277075	H2AC8	substantia nigra	62.596000000000004	6.247483836370789	15	present_gold	62.596000000000004	6.247483836370789	15	23	15
ENSG00000277075	H2AC8	substantia nigra pars compacta	0.0	0.0	0	observed_zero	0.0	0.0	0	2	0
ENSG00000277075	H2AC8	substantia nigra pars reticulata	0.0	0.0	0	observed_zero	0.0	0.0	0	2	0
ENSG00000277075	H2AC8	subthalamic nucleus	0.0	0.0	0	observed_zero	0.0	0.0	0	8	0
ENSG00000277075	H2AC8	superficial temporal artery	0.0	0.0	0	observed_zero	0.0	0.0	0	1	0
ENSG00000277075	H2AC8	superior frontal gyrus	44.345	0.19091883092036502	2	present_gold	44.345	0.19091883092036502	2	25	2
ENSG00000277075	H2AC8	superior surface of tongue	0.0	0.0	0	observed_zero	0.0	0.0	0	3	0
ENSG00000277075	H2AC8	superior vestibular nucleus	0.0	0.0	0	observed_zero	0.0	0.0	0	5	0
ENSG00000277075	H2AC8	sural nerve	69.89	0.0	1	present_gold	69.89	0.0	1	3	1
ENSG00000277075	H2AC8	synovial joint	0.0	0.0	0	observed_zero	0.0	0.0	0	2	0
ENSG00000277075	H2AC8	telencephalon	55.41	0.0	1	present_gold	55.41	0.0	1	1	1
ENSG00000277075	H2AC8	temporal lobe	50.041999999999994	6.025638555373199	5	present_gold	50.041999999999994	6.025638555373199	5	8	5
ENSG00000277075	H2AC8	tendon	0.0	0.0	0	observed_zero	0.0	0.0	0	5	0
ENSG00000277075	H2AC8	tendon of biceps brachii	0.0	0.0	0	observed_zero	0.0	0.0	0	1	0
ENSG00000277075	H2AC8	testis	67.59538461538462	8.443866230766384	13	present_gold	67.59538461538462	8.443866230766384	13	13	13
ENSG00000277075	H2AC8	thoracic aorta	62.78666666666667	1.781265467769099	6	present_gold	62.78666666666667	1.781265467769099	6	6	6
ENSG00000277075	H2AC8	thoracic mammary gland	58.552307692307686	5.228221740142872	13	present_gold	58.552307692307686	5.228221740142872	13	15	13
ENSG00000277075	H2AC8	thymus	81.03	0.0	1	present_gold	81.03	0.0	1	4	1
ENSG00000277075	H2AC8	thyroid gland	70.20058823529412	4.263712394422604	17	present_gold	70.20058823529412	4.263712394422604	17	17	17
ENSG00000277075	H2AC8	tibia	0.0	0.0	0	observed_zero	0.0	0.0	0	1	0
ENSG00000277075	H2AC8	tibial artery	61.474545454545456	2.9069205824596036	11	present_gold	61.474545454545456	2.9069205824596036	11	11	11
ENSG00000277075	H2AC8	tibial nerve	57.83272727272727	2.7598010468477288	11	present_gold	57.83272727272727	2.7598010468477288	11	11	11
ENSG00000277075	H2AC8	tibialis anterior	0.0	0.0	0	observed_zero	0.0	0.0	0	2	0
ENSG00000277075	H2AC8	tongue squamous epithelium	0.0	0.0	0	observed_zero	0.0	0.0	0	1	0
ENSG00000277075	H2AC8	tonsil	61.837500000000006	7.056081892003993	4	present_gold	61.837500000000006	7.056081892003993	4	6	4
ENSG00000277075	H2AC8	trabecular bone tissue	0.0	0.0	0	observed_zero	0.0	0.0	0	4	0
ENSG00000277075	H2AC8	trachea	0.0	0.0	0	observed_zero	0.0	0.0	0	2	0
ENSG00000277075	H2AC8	transverse colon	70.314	3.442793439442261	10	present_gold	70.314	3.442793439442261	10	10	10
ENSG00000277075	H2AC8	triceps brachii	0.0	0.0	0	observed_zero	0.0	0.0	0	2	0
ENSG00000277075	H2AC8	trigeminal ganglion	0.0	0.0	0	observed_zero	0.0	0.0	0	6	0
ENSG00000277075	H2AC8	type B pancreatic cell	0.0	0.0	0	observed_zero	0.0	0.0	0	1	0
ENSG00000277075	H2AC8	upper arm skin	0.0	0.0	0	observed_zero	0.0	0.0	0	4	0
ENSG00000277075	H2AC8	upper leg skin	0.0	0.0	0	observed_zero	0.0	0.0	0	1	0
ENSG00000277075	H2AC8	upper lobe of left lung	62.60875	5.901531126992142	8	present_gold	62.60875	5.901531126992142	8	8	8
ENSG00000277075	H2AC8	upper lobe of lung	0.0	0.0	0	observed_zero	0.0	0.0	0	4	0
ENSG00000277075	H2AC8	urethra	0.0	0.0	0	observed_zero	0.0	0.0	0	2	0
ENSG00000277075	H2AC8	urinary bladder	59.75625	4.567509285313887	8	present_gold	59.75625	4.567509285313887	8	8	8
ENSG00000277075	H2AC8	uterine cervix	62.782	9.838921180698623	5	present_gold	62.782	9.838921180698623	5	5	5
ENSG00000277075	H2AC8	uterus	56.31	0.028284271247461298	2	present_gold	56.31	0.028284271247461298	2	2	2
ENSG00000277075	H2AC8	vagina	72.46916666666667	4.658916101672602	12	present_gold	72.46916666666667	4.658916101672602	12	12	12
ENSG00000277075	H2AC8	vastus lateralis	0.0	0.0	0	observed_zero	0.0	0.0	0	21	0
ENSG00000277075	H2AC8	vena cava	0.0	0.0	0	observed_zero	0.0	0.0	0	1	0
ENSG00000277075	H2AC8	ventral tegmental area	0.0	0.0	0	observed_zero	0.0	0.0	0	6	0
ENSG00000277075	H2AC8	ventricular zone	71.995	1.8314065632731604	2	present_gold	71.995	1.8314065632731604	2	2	2
ENSG00000277075	H2AC8	vermiform appendix	62.59	0.0	1	present_gold	62.59	0.0	1	4	1
ENSG00000277075	H2AC8	visceral pleura	0.0	0.0	0	observed_zero	0.0	0.0	0	4	0
ENSG00000277075	H2AC8	zone of skin	67.9809090909091	10.365399610767984	11	present_gold	67.9809090909091	10.365399610767984	11	14	11
ENSG00000277745	H2AB3	Ammon's horn	35.932500000000005	2.9278476167086755	4	present_gold	35.932500000000005	2.9278476167086755	4	8	4
ENSG00000277745	H2AB3	Brodmann (1909) area 9	40.55166666666667	7.777741103088137	6	present_gold	40.55166666666667	7.777741103088137	6	8	6
ENSG00000277745	H2AB3	C1 segment of cervical spinal cord	41.730000000000004	5.944364277756424	7	present_gold	41.730000000000004	5.944364277756424	7	9	7
ENSG00000277745	H2AB3	adenohypophysis	0.0	0.0	0	observed_zero	0.0	0.0	0	6	0
ENSG00000277745	H2AB3	adipose tissue	39.105000000000004	0.06363961030678666	2	present_gold	39.105000000000004	0.06363961030678666	2	3	2
ENSG00000277745	H2AB3	adrenal gland	38.78	0.9758073580374323	2	present_gold	38.78	0.9758073580374323	2	3	2
ENSG00000277745	H2AB3	adrenal tissue	0.0	0.0	0	observed_zero	0.0	0.0	0	3	0
ENSG00000277745	H2AB3	adult mammalian kidney	48.8	11.877912274469786	5	present_gold	48.8	11.877912274469786	5	11	5
ENSG00000277745	H2AB3	amygdala	42.522	10.804400492391975	5	present_gold	42.522	10.804400492391975	5	8	5
ENSG00000277745	H2AB3	anterior cingulate cortex	37.61714285714286	6.702697751119109	7	present_gold	37.61714285714286	6.702697751119109	7	9	7
ENSG00000277745	H2AB3	apex of heart	0.0	0.0	0	observed_zero	0.0	0.0	0	1	0
ENSG00000277745	H2AB3	ascending aorta	41.64	5.421358224651825	9	present_gold	41.64	5.421358224651825	9	10	9
ENSG00000277745	H2AB3	blood	48.315625	8.052621079499518	16	present_gold	48.315625	8.052621079499518	16	16	16
ENSG00000277745	H2AB3	body of pancreas	37.82	5.658371800135745	8	present_gold	37.82	5.658371800135745	8	10	8
ENSG00000277745	H2AB3	body of stomach	36.925000000000004	2.4179143905440488	6	present_gold	36.925000000000004	2.4179143905440488	6	11	6
ENSG00000277745	H2AB3	body of uterus	43.77333333333333	4.365745449901238	3	present_gold	43.77333333333333	4.365745449901238	3	5	3
ENSG00000277745	H2AB3	bone marrow	42.76	0.0	1	present_gold	42.76	0.0	1	1	1
ENSG00000277745	H2AB3	bone marrow cell	0.0	0.0	0	observed_zero	0.0	0.0	0	1	0
ENSG00000277745	H2AB3	brain	33.96	0.23515952032609985	3	present_gold	33.96	0.23515952032609985	3	4	3
ENSG00000277745	H2AB3	calcaneal tendon	0.0	0.0	0	observed_zero	0.0	0.0	0	5	0
ENSG00000277745	H2AB3	caudate nucleus	32.95333333333333	3.968015456959142	6	present_gold	32.95333333333333	3.968015456959142	6	9	6
ENSG00000277745	H2AB3	cerebellar cortex	38.379999999999995	1.2445079348883221	2	present_gold	38.379999999999995	1.2445079348883221	2	2	2
ENSG00000277745	H2AB3	cerebellar hemisphere	38.61888888888889	4.803741886395552	9	present_gold	38.61888888888889	4.803741886395552	9	10	9
ENSG00000277745	H2AB3	cerebellum	47.28333333333333	15.262681066357034	3	present_gold	47.28333333333333	15.262681066357034	3	3	3
ENSG00000277745	H2AB3	cerebral cortex	33.98	0.0	1	present_gold	33.98	0.0	1	1	1
ENSG00000277745	H2AB3	colon	39.589999999999996	3.393297314805566	7	present_gold	39.589999999999996	3.393297314805566	7	10	7
ENSG00000277745	H2AB3	colonic epithelium	0.0	0.0	0	observed_zero	0.0	0.0	0	1	0
ENSG00000277745	H2AB3	corpus callosum	0.0	0.0	0	observed_zero	0.0	0.0	0	4	0
ENSG00000277745	H2AB3	cortex of kidney	0.0	0.0	0	observed_zero	0.0	0.0	0	1	0
ENSG00000277745	H2AB3	cortical plate	0.0	0.0	0	observed_zero	0.0	0.0	0	2	0
ENSG00000277745	H2AB3	descending thoracic aorta	42.985	1.0111626970967629	2	present_gold	42.985	1.0111626970967629	2	3	2
ENSG00000277745	H2AB3	dorsolateral prefrontal cortex	37.52571428571429	3.0737916712254987	7	present_gold	37.52571428571429	3.0737916712254987	7	11	7
ENSG00000277745	H2AB3	duodenum	45.05	0.0	1	present_gold	45.05	0.0	1	1	1
ENSG00000277745	H2AB3	ectocervix	50.235	6.371032098490797	2	present_gold	50.235	6.371032098490797	2	5	2
ENSG00000277745	H2AB3	endocervix	47.44	5.154677487486487	3	present_gold	47.44	5.154677487486487	3	3	3
ENSG00000277745	H2AB3	endometrium	27.77	0.0	1	present_gold	27.77	0.0	1	2	1
ENSG00000277745	H2AB3	esophagogastric junction muscularis propria	43.935	6.153514352700324	10	present_gold	43.935	6.153514352700324	10	11	10
ENSG00000277745	H2AB3	esophagus	39.98	0.4167333280008528	4	present_gold	39.98	0.4167333280008528	4	4	4
ENSG00000277745	H2AB3	esophagus mucosa	40.836	5.148180261024278	10	present_gold	40.836	5.148180261024278	10	11	10
ENSG00000277745	H2AB3	fallopian tube	33.44	0.0	1	present_gold	33.44	0.0	1	1	1
ENSG00000277745	H2AB3	frontal cortex	36.150000000000006	0.2687005768508899	2	present_gold	36.150000000000006	0.2687005768508899	2	5	2
ENSG00000277745	H2AB3	fundus of stomach	45.91	0.0	1	present_gold	45.91	0.0	1	4	1
ENSG00000277745	H2AB3	gall bladder	0.0	0.0	0	observed_zero	0.0	0.0	0	1	0
ENSG00000277745	H2AB3	ganglionic eminence	0.0	0.0	0	observed_zero	0.0	0.0	0	2	0
ENSG00000277745	H2AB3	gastrocnemius	42.800000000000004	5.42839386927662	11	present_gold	42.800000000000004	5.42839386927662	11	11	11
ENSG00000277745	H2AB3	granulocyte	0.0	0.0	0	observed_zero	0.0	0.0	0	1	0
ENSG00000277745	H2AB3	heart	40.26	8.595444529904587	4	present_gold	40.26	8.595444529904587	4	10	4
ENSG00000277745	H2AB3	heart left ventricle	41.64	7.878862862114049	11	present_gold	41.64	7.878862862114049	11	14	11
ENSG00000277745	H2AB3	hindlimb stylopod muscle	0.0	0.0	0	observed_zero	0.0	0.0	0	2	0
ENSG00000277745	H2AB3	hypothalamus	33.015	5.483238094411003	4	present_gold	33.015	5.483238094411003	4	8	4
ENSG00000277745	H2AB3	intestine	39.12	0.0	1	present_gold	39.12	0.0	1	3	1
ENSG00000277745	H2AB3	islet of Langerhans	0.0	0.0	0	observed_zero	0.0	0.0	0	10	0
ENSG00000277745	H2AB3	kidney	36.17	0.0	1	present_gold	36.17	0.0	1	4	1
ENSG00000277745	H2AB3	left adrenal gland	42.125	6.4452424314373165	6	present_gold	42.125	6.4452424314373165	6	8	6
ENSG00000277745	H2AB3	left adrenal gland cortex	50.494	8.120325116644038	5	present_gold	50.494	8.120325116644038	5	8	5
ENSG00000277745	H2AB3	left coronary artery	50.001999999999995	5.688340707095524	5	present_gold	50.001999999999995	5.688340707095524	5	9	5
ENSG00000277745	H2AB3	left lobe of thyroid gland	42.284444444444446	6.387904803437335	9	present_gold	42.284444444444446	6.387904803437335	9	11	9
ENSG00000277745	H2AB3	left ovary	41.3225	3.749412176150638	4	present_gold	41.3225	3.749412176150638	4	5	4
ENSG00000277745	H2AB3	left testis	39.23666666666667	7.7167108710037	6	present_gold	39.23666666666667	7.7167108710037	6	6	6
ENSG00000277745	H2AB3	left uterine tube	46.095	3.4436100243784895	2	present_gold	46.095	3.4436100243784895	2	2	2
ENSG00000277745	H2AB3	leukocyte	0.0	0.0	0	observed_zero	0.0	0.0	0	1	0
ENSG00000277745	H2AB3	liver	40.175	3.8113055505954914	2	present_gold	40.175	3.8113055505954914	2	10	2
ENSG00000277745	H2AB3	lower esophagus	42.41	3.2526911934581193	2	present_gold	42.41	3.2526911934581193	2	2	2
ENSG00000277745	H2AB3	lower esophagus mucosa	0.0	0.0	0	observed_zero	0.0	0.0	0	1	0
ENSG00000277745	H2AB3	lower esophagus muscularis layer	41.671	2.8229749870974365	10	present_gold	41.671	2.8229749870974365	10	11	10
ENSG00000277745	H2AB3	lung	31.98	4.14743294098892	3	present_gold	31.98	4.14743294098892	3	7	3
ENSG00000277745	H2AB3	lymph node	0.0	0.0	0	observed_zero	0.0	0.0	0	2	0
ENSG00000277745	H2AB3	metanephros cortex	0.0	0.0	0	observed_zero	0.0	0.0	0	2	0
ENSG00000277745	H2AB3	minor salivary gland	40.152	7.917851349955998	5	present_gold	40.152	7.917851349955998	5	10	5
ENSG00000277745	H2AB3	monocyte	0.0	0.0	0	observed_zero	0.0	0.0	0	1	0
ENSG00000277745	H2AB3	mucosa of stomach	45.86	0.0	1	present_gold	45.86	0.0	1	1	1
ENSG00000277745	H2AB3	mucosa of transverse colon	0.0	0.0	0	observed_zero	0.0	0.0	0	1	0
ENSG00000277745	H2AB3	multicellular organism	38.34	0.0	1	present_gold	38.34	0.0	1	1	1
ENSG00000277745	H2AB3	muscle layer of sigmoid colon	43.07	7.468980296309978	10	present_gold	43.07	7.468980296309978	10	11	10
ENSG00000277745	H2AB3	muscle of leg	44.760000000000005	0.9899494936611655	2	present_gold	44.760000000000005	0.9899494936611655	2	2	2
ENSG00000277745	H2AB3	muscle tissue	39.02	0.0	1	present_gold	39.02	0.0	1	1	1
ENSG00000277745	H2AB3	myometrium	40.553999999999995	6.940322759065316	5	present_gold	40.553999999999995	6.940322759065316	5	7	5
ENSG00000277745	H2AB3	nucleus accumbens	30.948	5.563400039544164	5	present_gold	30.948	5.563400039544164	5	9	5
ENSG00000277745	H2AB3	olfactory segment of nasal mucosa	0.0	0.0	0	observed_zero	0.0	0.0	0	1	0
ENSG00000277745	H2AB3	omental fat pad	41.23636363636364	3.5654796948721295	11	present_gold	41.23636363636364	3.5654796948721295	11	11	11
ENSG00000277745	H2AB3	ovary	41.086666666666666	0.4313158162336908	3	present_gold	41.086666666666666	0.4313158162336908	3	4	3
ENSG00000277745	H2AB3	pancreas	33.24	0.21213203435596223	2	present_gold	33.24	0.21213203435596223	2	2	2
ENSG00000277745	H2AB3	pituitary gland	36.858	4.471797177869318	5	present_gold	36.858	4.471797177869318	5	10	5
ENSG00000277745	H2AB3	placenta	31.1	0.0	1	present_gold	31.1	0.0	1	1	1
ENSG00000277745	H2AB3	popliteal artery	41.42	0.0	1	present_gold	41.42	0.0	1	1	1
ENSG00000277745	H2AB3	prefrontal cortex	39.72	0.0	1	present_gold	39.72	0.0	1	7	1
ENSG00000277745	H2AB3	primary visual cortex	0.0	0.0	0	observed_zero	0.0	0.0	0	2	0
ENSG00000277745	H2AB3	primordial germ cell in gonad	84.74	0.0	1	present_gold	84.74	0.0	1	1	1
ENSG00000277745	H2AB3	prostate gland	39.435	3.971786212056953	8	present_gold	39.435	3.971786212056953	8	9	8
ENSG00000277745	H2AB3	putamen	37.1525	1.071397063028765	4	present_gold	37.1525	1.071397063028765	4	8	4
ENSG00000277745	H2AB3	rectum	0.0	0.0	0	observed_zero	0.0	0.0	0	1	0
ENSG00000277745	H2AB3	right adrenal gland	42.739999999999995	3.0688434303496135	2	present_gold	42.739999999999995	3.0688434303496135	2	5	2
ENSG00000277745	H2AB3	right adrenal gland cortex	43.86	0.0	1	present_gold	43.86	0.0	1	3	1
ENSG00000277745	H2AB3	right atrium auricular region	40.488	8.070029120145724	5	present_gold	40.488	8.070029120145724	5	11	5
ENSG00000277745	H2AB3	right coronary artery	53.39	5.996265504461926	2	present_gold	53.39	5.996265504461926	2	2	2
ENSG00000277745	H2AB3	right frontal lobe	39.43	7.5462882708432675	4	present_gold	39.43	7.5462882708432675	4	9	4
ENSG00000277745	H2AB3	right hemisphere of cerebellum	41.845	10.97057427849609	4	present_gold	41.845	10.97057427849609	4	9	4
ENSG00000277745	H2AB3	right lobe of liver	53.175	1.9586857838867389	2	present_gold	53.175	1.9586857838867389	2	9	2
ENSG00000277745	H2AB3	right lobe of thyroid gland	40.886	6.132371482550612	5	present_gold	40.886	6.132371482550612	5	8	5
ENSG00000277745	H2AB3	right lung	60.81	0.0	1	present_gold	60.81	0.0	1	2	1
ENSG00000277745	H2AB3	right ovary	51.164	7.038379074758621	5	present_gold	51.164	7.038379074758621	5	5	5
ENSG00000277745	H2AB3	right testis	60.6825	23.029287693427833	4	present_gold	60.6825	23.029287693427833	4	5	4
ENSG00000277745	H2AB3	right uterine tube	0.0	0.0	0	observed_zero	0.0	0.0	0	1	0
ENSG00000277745	H2AB3	saliva-secreting gland	34.74	0.0	1	present_gold	34.74	0.0	1	1	1
ENSG00000277745	H2AB3	skeletal muscle tissue	41.925	1.8455486988968888	2	present_gold	41.925	1.8455486988968888	2	4	2
ENSG00000277745	H2AB3	skin of abdomen	36.724000000000004	3.7848798601217926	10	present_gold	36.724000000000004	3.7848798601217926	10	10	10
ENSG00000277745	H2AB3	skin of leg	35.46909090909091	3.4500476940049825	11	present_gold	35.46909090909091	3.4500476940049825	11	12	11
ENSG00000277745	H2AB3	small intestine	39.045	0.1484924240491756	2	present_gold	39.045	0.1484924240491756	2	2	2
ENSG00000277745	H2AB3	small intestine Peyer's patch	41.803	8.827109820194703	10	present_gold	41.803	8.827109820194703	10	11	10
ENSG00000277745	H2AB3	smooth muscle tissue	0.0	0.0	0	observed_zero	0.0	0.0	0	1	0
ENSG00000277745	H2AB3	spleen	49.692727272727275	6.642556873537615	11	present_gold	49.692727272727275	6.642556873537615	11	11	11
ENSG00000277745	H2AB3	stomach	36.714285714285715	3.431573289046182	7	present_gold	36.714285714285715	3.431573289046182	7	12	7
ENSG00000277745	H2AB3	stromal cell of endometrium	0.0	0.0	0	observed_zero	0.0	0.0	0	1	0
ENSG00000277745	H2AB3	subcutaneous adipose tissue	40.381	5.365592956773535	10	present_gold	40.381	5.365592956773535	10	12	10
ENSG00000277745	H2AB3	substantia nigra	39.92333333333333	5.589645188501085	3	present_gold	39.92333333333333	5.589645188501085	3	9	3
ENSG00000277745	H2AB3	superior frontal gyrus	0.0	0.0	0	observed_zero	0.0	0.0	0	2	0
ENSG00000277745	H2AB3	sural nerve	0.0	0.0	0	observed_zero	0.0	0.0	0	3	0
ENSG00000277745	H2AB3	temporal lobe	0.0	0.0	0	observed_zero	0.0	0.0	0	1	0
ENSG00000277745	H2AB3	testis	46.428	4.464618684725496	5	present_gold	46.428	4.464618684725496	5	8	5
ENSG00000277745	H2AB3	thoracic aorta	40.5	3.3558545856458086	6	present_gold	40.5	3.3558545856458086	6	6	6
ENSG00000277745	H2AB3	thoracic mammary gland	37.98125	9.204698237468577	8	present_gold	37.98125	9.204698237468577	8	12	8
ENSG00000277745	H2AB3	thyroid gland	39.82090909090909	3.2568434243772133	11	present_gold	39.82090909090909	3.2568434243772133	11	13	11
ENSG00000277745	H2AB3	tibial artery	41.332	4.3166262546370895	10	present_gold	41.332	4.3166262546370895	10	11	10
ENSG00000277745	H2AB3	tibial nerve	40.20111111111111	7.349104442795129	9	present_gold	40.20111111111111	7.349104442795129	9	11	9
ENSG00000277745	H2AB3	tonsil	0.0	0.0	0	observed_zero	0.0	0.0	0	3	0
ENSG00000277745	H2AB3	transverse colon	37.872	5.036082692816799	10	present_gold	37.872	5.036082692816799	10	10	10
ENSG00000277745	H2AB3	upper lobe of left lung	36.86	3.6794836594283167	6	present_gold	36.86	3.6794836594283167	6	8	6
ENSG00000277745	H2AB3	urinary bladder	47.015	13.119770069123417	4	present_gold	47.015	13.119770069123417	4	6	4
ENSG00000277745	H2AB3	uterine cervix	40.12	0.0	1	present_gold	40.12	0.0	1	1	1
ENSG00000277745	H2AB3	vagina	39.472	4.710660250962703	5	present_gold	39.472	4.710660250962703	5	5	5
ENSG00000277745	H2AB3	ventricular zone	0.0	0.0	0	observed_zero	0.0	0.0	0	2	0
ENSG00000277745	H2AB3	vermiform appendix	0.0	0.0	0	observed_zero	0.0	0.0	0	1	0
ENSG00000277745	H2AB3	zone of skin	35.120000000000005	0.04242640687118943	2	present_gold	35.120000000000005	0.04242640687118943	2	2	2
ENSG00000277858	H2AB2	Ammon's horn	40.1625	8.18252100516705	8	present_gold	40.1625	8.18252100516705	8	8	8
ENSG00000277858	H2AB2	Brodmann (1909) area 9	42.41166666666667	5.306013255417542	6	present_gold	42.41166666666667	5.306013255417542	6	8	6
ENSG00000277858	H2AB2	C1 segment of cervical spinal cord	41.696666666666665	5.278267392494118	6	present_gold	41.696666666666665	5.278267392494118	6	9	6
ENSG00000277858	H2AB2	adenohypophysis	43.7975	6.396693807481071	4	present_gold	43.7975	6.396693807481071	4	6	4
ENSG00000277858	H2AB2	adipose tissue	38.629999999999995	1.03237590053236	2	present_gold	38.629999999999995	1.03237590053236	2	3	2
ENSG00000277858	H2AB2	adrenal gland	40.405	0.40305086527633227	2	present_gold	40.405	0.40305086527633227	2	3	2
ENSG00000277858	H2AB2	adrenal tissue	0.0	0.0	0	observed_zero	0.0	0.0	0	3	0
ENSG00000277858	H2AB2	adult mammalian kidney	45.223333333333336	5.884907249339905	3	present_gold	45.223333333333336	5.884907249339905	3	11	3
ENSG00000277858	H2AB2	amygdala	38.724000000000004	4.950503004746083	5	present_gold	38.724000000000004	4.950503004746083	5	8	5
ENSG00000277858	H2AB2	anterior cingulate cortex	32.48	2.059053180469118	3	present_gold	32.48	2.059053180469118	3	9	3
ENSG00000277858	H2AB2	apex of heart	0.0	0.0	0	observed_zero	0.0	0.0	0	1	0
ENSG00000277858	H2AB2	ascending aorta	40.897777777777776	5.803123679919673	9	present_gold	40.897777777777776	5.803123679919673	9	10	9
ENSG00000277858	H2AB2	blood	50.998666666666665	5.213613864087895	15	present_gold	50.998666666666665	5.213613864087895	15	16	15
ENSG00000277858	H2AB2	body of pancreas	35.46	6.420825492099905	4	present_gold	35.46	6.420825492099905	4	10	4
ENSG00000277858	H2AB2	body of stomach	43.105555555555554	9.353627787002099	9	present_gold	43.105555555555554	9.353627787002099	9	11	9
ENSG00000277858	H2AB2	body of uterus	40.873333333333335	6.151457821795847	3	present_gold	40.873333333333335	6.151457821795847	3	5	3
ENSG00000277858	H2AB2	bone marrow	0.0	0.0	0	observed_zero	0.0	0.0	0	1	0
ENSG00000277858	H2AB2	bone marrow cell	0.0	0.0	0	observed_zero	0.0	0.0	0	1	0
ENSG00000277858	H2AB2	brain	37.656666666666666	0.16802777548171716	3	present_gold	37.656666666666666	0.16802777548171716	3	4	3
ENSG00000277858	H2AB2	calcaneal tendon	0.0	0.0	0	observed_zero	0.0	0.0	0	5	0
ENSG00000277858	H2AB2	caudate nucleus	40.4025	7.14630124110168	8	present_gold	40.4025	7.14630124110168	8	9	8
ENSG00000277858	H2AB2	cerebellar cortex	44.905	2.1142492757477784	2	present_gold	44.905	2.1142492757477784	2	2	2
ENSG00000277858	H2AB2	cerebellar hemisphere	46.9525	3.7226862421029856	8	present_gold	46.9525	3.7226862421029856	8	10	8
ENSG00000277858	H2AB2	cerebellum	46.364999999999995	1.2091525958289968	2	present_gold	46.364999999999995	1.2091525958289968	2	3	2
ENSG00000277858	H2AB2	cerebral cortex	35.36	0.0	1	present_gold	35.36	0.0	1	1	1
ENSG00000277858	H2AB2	colon	42.928333333333335	1.4236069214030473	6	present_gold	42.928333333333335	1.4236069214030473	6	10	6
ENSG00000277858	H2AB2	colonic epithelium	0.0	0.0	0	observed_zero	0.0	0.0	0	1	0
ENSG00000277858	H2AB2	corpus callosum	0.0	0.0	0	observed_zero	0.0	0.0	0	4	0
ENSG00000277858	H2AB2	cortex of kidney	38.02	0.0	1	present_gold	38.02	0.0	1	2	1
ENSG00000277858	H2AB2	cortical plate	0.0	0.0	0	observed_zero	0.0	0.0	0	2	0
ENSG00000277858	H2AB2	descending thoracic aorta	48.385	1.9021172413918113	2	present_gold	48.385	1.9021172413918113	2	3	2
ENSG00000277858	H2AB2	dorsolateral prefrontal cortex	36.88833333333333	6.071982927073055	6	present_gold	36.88833333333333	6.071982927073055	6	11	6
ENSG00000277858	H2AB2	duodenum	0.0	0.0	0	observed_zero	0.0	0.0	0	1	0
ENSG00000277858	H2AB2	ectocervix	45.37	0.0	1	present_gold	45.37	0.0	1	5	1
ENSG00000277858	H2AB2	endocervix	57.78	0.0	1	present_gold	57.78	0.0	1	3	1
ENSG00000277858	H2AB2	endometrium	35.655	0.4879036790187162	2	present_gold	35.655	0.4879036790187162	2	2	2
ENSG00000277858	H2AB2	esophagogastric junction muscularis propria	46.12	7.110036568119745	11	present_gold	46.12	7.110036568119745	11	11	11
ENSG00000277858	H2AB2	esophagus	40.38	0.7605699617173091	4	present_gold	40.38	0.7605699617173091	4	4	4
ENSG00000277858	H2AB2	esophagus mucosa	37.655	5.525124432987911	8	present_gold	37.655	5.525124432987911	8	11	8
ENSG00000277858	H2AB2	fallopian tube	0.0	0.0	0	observed_zero	0.0	0.0	0	1	0
ENSG00000277858	H2AB2	frontal cortex	40.37	11.519392345084876	3	present_gold	40.37	11.519392345084876	3	5	3
ENSG00000277858	H2AB2	fundus of stomach	50.29666666666666	13.334032898314499	3	present_gold	50.29666666666666	13.334032898314499	3	4	3
ENSG00000277858	H2AB2	gall bladder	0.0	0.0	0	observed_zero	0.0	0.0	0	1	0
ENSG00000277858	H2AB2	ganglionic eminence	46.28	0.0	1	present_gold	46.28	0.0	1	2	1
ENSG00000277858	H2AB2	gastrocnemius	42.92727272727273	6.5152975233815535	11	present_gold	42.92727272727273	6.5152975233815535	11	11	11
ENSG00000277858	H2AB2	granulocyte	70.69	0.0	1	present_gold	70.69	0.0	1	1	1
ENSG00000277858	H2AB2	heart	38.718	5.676642493587209	5	present_gold	38.718	5.676642493587209	5	10	5
ENSG00000277858	H2AB2	heart left ventricle	37.83888888888889	4.362554998061471	9	present_gold	37.83888888888889	4.362554998061471	9	14	9
ENSG00000277858	H2AB2	hindlimb stylopod muscle	0.0	0.0	0	observed_zero	0.0	0.0	0	2	0
ENSG00000277858	H2AB2	hypothalamus	41.358	10.453158374386183	5	present_gold	41.358	10.453158374386183	5	8	5
ENSG00000277858	H2AB2	intestine	42.48	0.0	1	present_gold	42.48	0.0	1	4	1
ENSG00000277858	H2AB2	islet of Langerhans	28.96	0.0	1	present_gold	28.96	0.0	1	10	1
ENSG00000277858	H2AB2	kidney	37.7	0.0	1	present_gold	37.7	0.0	1	4	1
ENSG00000277858	H2AB2	left adrenal gland	43.128571428571426	6.936366552625443	7	present_gold	43.128571428571426	6.936366552625443	7	8	7
ENSG00000277858	H2AB2	left adrenal gland cortex	42.730000000000004	6.517075008519287	4	present_gold	42.730000000000004	6.517075008519287	4	8	4
ENSG00000277858	H2AB2	left coronary artery	44.95	6.407764820902839	5	present_gold	44.95	6.407764820902839	5	9	5
ENSG00000277858	H2AB2	left lobe of thyroid gland	36.92142857142857	2.4897551992878637	7	present_gold	36.92142857142857	2.4897551992878637	7	11	7
ENSG00000277858	H2AB2	left ovary	44.414	7.160414094170809	5	present_gold	44.414	7.160414094170809	5	5	5
ENSG00000277858	H2AB2	left testis	75.375	6.857978565145854	6	present_gold	75.375	6.857978565145854	6	6	6
ENSG00000277858	H2AB2	left uterine tube	0.0	0.0	0	observed_zero	0.0	0.0	0	2	0
ENSG00000277858	H2AB2	leukocyte	0.0	0.0	0	observed_zero	0.0	0.0	0	1	0
ENSG00000277858	H2AB2	liver	40.13	3.348545953096658	6	present_gold	40.13	3.348545953096658	6	11	6
ENSG00000277858	H2AB2	lower esophagus	45.825	1.9586857838867389	2	present_gold	45.825	1.9586857838867389	2	2	2
ENSG00000277858	H2AB2	lower esophagus mucosa	0.0	0.0	0	observed_zero	0.0	0.0	0	1	0
ENSG00000277858	H2AB2	lower esophagus muscularis layer	47.243	6.334252652576045	10	present_gold	47.243	6.334252652576045	10	11	10
ENSG00000277858	H2AB2	lung	29.903333333333336	6.854212816460643	3	present_gold	29.903333333333336	6.854212816460643	3	7	3
ENSG00000277858	H2AB2	lymph node	0.0	0.0	0	observed_zero	0.0	0.0	0	2	0
ENSG00000277858	H2AB2	metanephros cortex	44.63	0.0	1	present_gold	44.63	0.0	1	2	1
ENSG00000277858	H2AB2	minor salivary gland	42.916666666666664	8.55290593891924	9	present_gold	42.916666666666664	8.55290593891924	9	10	9
ENSG00000277858	H2AB2	monocyte	43.88	0.0	1	present_gold	43.88	0.0	1	1	1
ENSG00000277858	H2AB2	mucosa of stomach	53.06	0.0	1	present_gold	53.06	0.0	1	1	1
ENSG00000277858	H2AB2	mucosa of transverse colon	68.36	0.0	1	present_gold	68.36	0.0	1	1	1
ENSG00000277858	H2AB2	multicellular organism	39.9	0.0	1	present_gold	39.9	0.0	1	1	1
ENSG00000277858	H2AB2	muscle layer of sigmoid colon	43.09	5.493787400327756	11	present_gold	43.09	5.493787400327756	11	11	11
ENSG00000277858	H2AB2	muscle of leg	44.86	0.0	1	present_gold	44.86	0.0	1	2	1
ENSG00000277858	H2AB2	myometrium	42.91	3.132826200094733	4	present_gold	42.91	3.132826200094733	4	7	4
ENSG00000277858	H2AB2	nucleus accumbens	41.21	8.441220290929504	7	present_gold	41.21	8.441220290929504	7	9	7
ENSG00000277858	H2AB2	olfactory segment of nasal mucosa	42.48	0.0	1	present_gold	42.48	0.0	1	1	1
ENSG00000277858	H2AB2	omental fat pad	40.61888888888889	3.366836216852717	9	present_gold	40.61888888888889	3.366836216852717	9	11	9
ENSG00000277858	H2AB2	ovary	40.775	1.091192008768393	4	present_gold	40.775	1.091192008768393	4	4	4
ENSG00000277858	H2AB2	pancreas	30.805	0.5868986283848332	2	present_gold	30.805	0.5868986283848332	2	2	2
ENSG00000277858	H2AB2	pituitary gland	40.30714285714286	5.10372319745012	7	present_gold	40.30714285714286	5.10372319745012	7	10	7
ENSG00000277858	H2AB2	placenta	0.0	0.0	0	observed_zero	0.0	0.0	0	1	0
ENSG00000277858	H2AB2	popliteal artery	37.23	0.0	1	present_gold	37.23	0.0	1	1	1
ENSG00000277858	H2AB2	prefrontal cortex	44.06	12.216933603268323	4	present_gold	44.06	12.216933603268323	4	7	4
ENSG00000277858	H2AB2	primary visual cortex	50.870000000000005	3.747665940288705	2	present_gold	50.870000000000005	3.747665940288705	2	2	2
ENSG00000277858	H2AB2	primordial germ cell in gonad	82.64	0.0	1	present_gold	82.64	0.0	1	1	1
ENSG00000277858	H2AB2	prostate gland	37.35	5.12216750995123	7	present_gold	37.35	5.12216750995123	7	9	7
ENSG00000277858	H2AB2	putamen	43.29666666666666	8.54123800550404	6	present_gold	43.29666666666666	8.54123800550404	6	8	6
ENSG00000277858	H2AB2	rectum	0.0	0.0	0	observed_zero	0.0	0.0	0	1	0
ENSG00000277858	H2AB2	right adrenal gland	50.125	10.913815403728737	4	present_gold	50.125	10.913815403728737	4	5	4
ENSG00000277858	H2AB2	right adrenal gland cortex	50.839999999999996	7.880685249392974	3	present_gold	50.839999999999996	7.880685249392974	3	3	3
ENSG00000277858	H2AB2	right atrium auricular region	36.4	7.184770931166374	7	present_gold	36.4	7.184770931166374	7	11	7
ENSG00000277858	H2AB2	right coronary artery	48.334999999999994	6.569021997223025	2	present_gold	48.334999999999994	6.569021997223025	2	2	2
ENSG00000277858	H2AB2	right frontal lobe	36.23	5.151689043410908	3	present_gold	36.23	5.151689043410908	3	9	3
ENSG00000277858	H2AB2	right hemisphere of cerebellum	49.49857142857143	7.995464190342397	7	present_gold	49.49857142857143	7.995464190342397	7	9	7
ENSG00000277858	H2AB2	right lobe of liver	51.446666666666665	5.089364727874525	3	present_gold	51.446666666666665	5.089364727874525	3	9	3
ENSG00000277858	H2AB2	right lobe of thyroid gland	38.01	5.868722177782827	3	present_gold	38.01	5.868722177782827	3	8	3
ENSG00000277858	H2AB2	right lung	49.11	0.0	1	present_gold	49.11	0.0	1	2	1
ENSG00000277858	H2AB2	right ovary	40.79	5.587020672952626	3	present_gold	40.79	5.587020672952626	3	5	3
ENSG00000277858	H2AB2	right testis	71.164	11.53438684976362	5	present_gold	71.164	11.53438684976362	5	5	5
ENSG00000277858	H2AB2	right uterine tube	53.27	0.0	1	present_gold	53.27	0.0	1	1	1
ENSG00000277858	H2AB2	saliva-secreting gland	38.47	0.0	1	present_gold	38.47	0.0	1	1	1
ENSG00000277858	H2AB2	skeletal muscle tissue	0.0	0.0	0	observed_zero	0.0	0.0	0	3	0
ENSG00000277858	H2AB2	skin of abdomen	34.5625	3.0536991619065175	8	present_gold	34.5625	3.0536991619065175	8	10	8
ENSG00000277858	H2AB2	skin of leg	33.16166666666667	2.6662964326321017	6	present_gold	33.16166666666667	2.6662964326321017	6	12	6
ENSG00000277858	H2AB2	small intestine	42.58	0.5232590180780465	2	present_gold	42.58	0.5232590180780465	2	2	2
ENSG00000277858	H2AB2	small intestine Peyer's patch	44.5	5.568249276029226	9	present_gold	44.5	5.568249276029226	9	11	9
ENSG00000277858	H2AB2	smooth muscle tissue	0.0	0.0	0	observed_zero	0.0	0.0	0	1	0
ENSG00000277858	H2AB2	spleen	51.58181818181818	5.63204903775139	11	present_gold	51.58181818181818	5.63204903775139	11	11	11
ENSG00000277858	H2AB2	stomach	38.76285714285715	2.675435879040488	7	present_gold	38.76285714285715	2.675435879040488	7	12	7
ENSG00000277858	H2AB2	stromal cell of endometrium	0.0	0.0	0	observed_zero	0.0	0.0	0	1	0
ENSG00000277858	H2AB2	subcutaneous adipose tissue	38.834	6.032235995972895	10	present_gold	38.834	6.032235995972895	10	12	10
ENSG00000277858	H2AB2	substantia nigra	36.684	1.4524737519142987	5	present_gold	36.684	1.4524737519142987	5	9	5
ENSG00000277858	H2AB2	superior frontal gyrus	0.0	0.0	0	observed_zero	0.0	0.0	0	2	0
ENSG00000277858	H2AB2	sural nerve	0.0	0.0	0	observed_zero	0.0	0.0	0	3	0
ENSG00000277858	H2AB2	temporal lobe	0.0	0.0	0	observed_zero	0.0	0.0	0	1	0
ENSG00000277858	H2AB2	testis	77.94125	8.683196313241208	8	present_gold	77.94125	8.683196313241208	8	8	8
ENSG00000277858	H2AB2	thoracic aorta	40.58833333333333	5.171720861247895	6	present_gold	40.58833333333333	5.171720861247895	6	6	6
ENSG00000277858	H2AB2	thoracic mammary gland	42.31857142857143	7.347903167052554	7	present_gold	42.31857142857143	7.347903167052554	7	12	7
ENSG00000277858	H2AB2	thyroid gland	35.37375	2.896884718353247	8	present_gold	35.37375	2.896884718353247	8	13	8
ENSG00000277858	H2AB2	tibial artery	40.63375	6.0551936090316	8	present_gold	40.63375	6.0551936090316	8	11	8
ENSG00000277858	H2AB2	tibial nerve	34.835	3.379957734308861	8	present_gold	34.835	3.379957734308861	8	11	8
ENSG00000277858	H2AB2	tonsil	0.0	0.0	0	observed_zero	0.0	0.0	0	3	0
ENSG00000277858	H2AB2	transverse colon	45.079	3.03985178732268	10	present_gold	45.079	3.03985178732268	10	10	10
ENSG00000277858	H2AB2	upper lobe of left lung	37.87	7.993113702848638	7	present_gold	37.87	7.993113702848638	7	8	7
ENSG00000277858	H2AB2	urinary bladder	37.57	4.234579868967719	4	present_gold	37.57	4.234579868967719	4	6	4
ENSG00000277858	H2AB2	uterine cervix	41.89	0.0	1	present_gold	41.89	0.0	1	1	1
ENSG00000277858	H2AB2	vagina	37.7025	1.2202014860942687	4	present_gold	37.7025	1.2202014860942687	4	5	4
ENSG00000277858	H2AB2	ventricular zone	46.08	0.0	1	present_gold	46.08	0.0	1	2	1
ENSG00000277858	H2AB2	vermiform appendix	34.15	0.0	1	present_gold	34.15	0.0	1	1	1
ENSG00000277858	H2AB2	zone of skin	32.379999999999995	0.04242640687118943	2	present_gold	32.379999999999995	0.04242640687118943	2	2	2
ENSG00000278463	H2AC4	Ammon's horn	38.2	0.0	1	present_gold	38.2	0.0	1	23	1
ENSG00000278463	H2AC4	Brodmann (1909) area 23	0.0	0.0	0	observed_zero	0.0	0.0	0	6	0
ENSG00000278463	H2AC4	Brodmann (1909) area 46	0.0	0.0	0	observed_zero	0.0	0.0	0	4	0
ENSG00000278463	H2AC4	Brodmann (1909) area 9	0.0	0.0	0	observed_zero	0.0	0.0	0	8	0
ENSG00000278463	H2AC4	C1 segment of cervical spinal cord	40.845	19.640051765037008	4	present_gold	40.845	19.640051765037008	4	9	4
ENSG00000278463	H2AC4	adenohypophysis	0.0	0.0	0	observed_zero	0.0	0.0	0	6	0
ENSG00000278463	H2AC4	adipose tissue	30.45	1.8593367993274743	7	present_gold	30.45	1.8593367993274743	7	16	7
ENSG00000278463	H2AC4	adipose tissue of abdominal region	31.29	0.5105389309347516	5	present_gold	31.29	0.5105389309347516	5	6	5
ENSG00000278463	H2AC4	adrenal cortex	0.0	0.0	0	observed_zero	0.0	0.0	0	3	0
ENSG00000278463	H2AC4	adrenal gland	33.97	0.0	1	present_gold	33.97	0.0	1	4	1
ENSG00000278463	H2AC4	adrenal tissue	86.81	3.408944118051807	3	present_gold	86.81	3.408944118051807	3	3	3
ENSG00000278463	H2AC4	adult mammalian kidney	46.385	23.015111702241782	4	present_gold	46.385	23.015111702241782	4	12	4
ENSG00000278463	H2AC4	adult organism	0.0	0.0	0	observed_zero	0.0	0.0	0	1	0
ENSG00000278463	H2AC4	amniotic fluid	0.0	0.0	0	observed_zero	0.0	0.0	0	2	0
ENSG00000278463	H2AC4	amygdala	25.64	0.0	1	present_gold	25.64	0.0	1	11	1
ENSG00000278463	H2AC4	anatomical system	32.36	0.0	1	present_gold	32.36	0.0	1	1	1
ENSG00000278463	H2AC4	anterior cingulate cortex	0.0	0.0	0	observed_zero	0.0	0.0	0	9	0
ENSG00000278463	H2AC4	aorta	0.0	0.0	0	observed_zero	0.0	0.0	0	1	0
ENSG00000278463	H2AC4	apex of heart	0.0	0.0	0	observed_zero	0.0	0.0	0	1	0
ENSG00000278463	H2AC4	ascending aorta	26.6	0.0	1	present_gold	26.6	0.0	1	10	1
ENSG00000278463	H2AC4	biceps brachii	0.0	0.0	0	observed_zero	0.0	0.0	0	5	0
ENSG00000278463	H2AC4	blood	45.198235294117644	3.234020785520166	17	present_gold	45.198235294117644	3.234020785520166	17	36	17
ENSG00000278463	H2AC4	blood vessel layer	0.0	0.0	0	observed_zero	0.0	0.0	0	1	0
ENSG00000278463	H2AC4	body of pancreas	0.0	0.0	0	observed_zero	0.0	0.0	0	10	0
ENSG00000278463	H2AC4	body of stomach	25.425	0.43133513652379357	2	present_gold	25.425	0.43133513652379357	2	11	2
ENSG00000278463	H2AC4	body of tongue	0.0	0.0	0	observed_zero	0.0	0.0	0	3	0
ENSG00000278463	H2AC4	body of uterus	0.0	0.0	0	observed_zero	0.0	0.0	0	5	0
ENSG00000278463	H2AC4	bone marrow	57.81	3.563818177180199	2	present_gold	57.81	3.563818177180199	2	14	2
ENSG00000278463	H2AC4	bone marrow cell	93.17	0.0	1	present_gold	93.17	0.0	1	1	1
ENSG00000278463	H2AC4	brain	36.35	8.528516869890097	3	present_gold	36.35	8.528516869890097	3	13	3
ENSG00000278463	H2AC4	bronchial epithelial cell	0.0	0.0	0	observed_zero	0.0	0.0	0	21	0
ENSG00000278463	H2AC4	bronchus	0.0	0.0	0	observed_zero	0.0	0.0	0	2	0
ENSG00000278463	H2AC4	buccal mucosa cell	0.0	0.0	0	observed_zero	0.0	0.0	0	1	0
ENSG00000278463	H2AC4	caecum	0.0	0.0	0	observed_zero	0.0	0.0	0	3	0
ENSG00000278463	H2AC4	calcaneal tendon	73.69	3.5186147842581414	5	present_gold	73.69	3.5186147842581414	5	5	5
ENSG00000278463	H2AC4	caput epididymis	0.0	0.0	0	observed_zero	0.0	0.0	0	3	0
ENSG00000278463	H2AC4	cardia of stomach	0.0	0.0	0	observed_zero	0.0	0.0	0	3	0
ENSG00000278463	H2AC4	cardiac atrium	0.0	0.0	0	observed_zero	0.0	0.0	0	3	0
ENSG00000278463	H2AC4	cardiac ventricle	0.0	0.0	0	observed_zero	0.0	0.0	0	3	0
ENSG00000278463	H2AC4	cartilage tissue	0.0	0.0	0	observed_zero	0.0	0.0	0	1	0
ENSG00000278463	H2AC4	cauda epididymis	0.0	0.0	0	observed_zero	0.0	0.0	0	3	0
ENSG00000278463	H2AC4	caudate nucleus	29.42	0.0	1	present_gold	29.42	0.0	1	16	1
ENSG00000278463	H2AC4	cerebellar cortex	0.0	0.0	0	observed_zero	0.0	0.0	0	1	0
ENSG00000278463	H2AC4	cerebellar hemisphere	33.12	0.7636753236814702	2	present_gold	33.12	0.7636753236814702	2	10	2
ENSG00000278463	H2AC4	cerebellar vermis	0.0	0.0	0	observed_zero	0.0	0.0	0	1	0
ENSG00000278463	H2AC4	cerebellum	34.3	0.0	1	present_gold	34.3	0.0	1	9	1
ENSG00000278463	H2AC4	cerebral cortex	37.44	9.489373003523466	2	present_gold	37.44	9.489373003523466	2	8	2
ENSG00000278463	H2AC4	choroid plexus epithelium	0.0	0.0	0	observed_zero	0.0	0.0	0	1	0
ENSG00000278463	H2AC4	colon	56.26875	32.76109602104301	8	present_gold	56.26875	32.76109602104301	8	11	8
ENSG00000278463	H2AC4	colonic epithelium	75.11	0.0	1	present_gold	75.11	0.0	1	1	1
ENSG00000278463	H2AC4	colonic mucosa	0.0	0.0	0	observed_zero	0.0	0.0	0	6	0
ENSG00000278463	H2AC4	coronary artery	0.0	0.0	0	observed_zero	0.0	0.0	0	1	0
ENSG00000278463	H2AC4	corpus callosum	52.620000000000005	0.028284271247461298	2	present_gold	52.620000000000005	0.028284271247461298	2	10	2
ENSG00000278463	H2AC4	corpus epididymis	0.0	0.0	0	observed_zero	0.0	0.0	0	3	0
ENSG00000278463	H2AC4	cortex of kidney	0.0	0.0	0	observed_zero	0.0	0.0	0	5	0
ENSG00000278463	H2AC4	cortical plate	0.0	0.0	0	observed_zero	0.0	0.0	0	2	0
ENSG00000278463	H2AC4	cranial nerve II	0.0	0.0	0	observed_zero	0.0	0.0	0	1	0
ENSG00000278463	H2AC4	decidua	0.0	0.0	0	observed_zero	0.0	0.0	0	1	0
ENSG00000278463	H2AC4	deltoid	0.0	0.0	0	observed_zero	0.0	0.0	0	2	0
ENSG00000278463	H2AC4	descending thoracic aorta	0.0	0.0	0	observed_zero	0.0	0.0	0	3	0
ENSG00000278463	H2AC4	dorsal motor nucleus of vagus nerve	0.0	0.0	0	observed_zero	0.0	0.0	0	2	0
ENSG00000278463	H2AC4	dorsal plus ventral thalamus	0.0	0.0	0	observed_zero	0.0	0.0	0	5	0
ENSG00000278463	H2AC4	dorsal root ganglion	0.0	0.0	0	observed_zero	0.0	0.0	0	6	0
ENSG00000278463	H2AC4	dorsolateral prefrontal cortex	36.81	0.0	1	present_gold	36.81	0.0	1	22	1
ENSG00000278463	H2AC4	duodenum	0.0	0.0	0	observed_zero	0.0	0.0	0	3	0
ENSG00000278463	H2AC4	ectocervix	49.745000000000005	4.815397179880385	2	present_gold	49.745000000000005	4.815397179880385	2	5	2
ENSG00000278463	H2AC4	endocervix	47.92	0.0	1	present_gold	47.92	0.0	1	3	1
ENSG00000278463	H2AC4	endometrium	0.0	0.0	0	observed_zero	0.0	0.0	0	16	0
ENSG00000278463	H2AC4	endothelial cell	0.0	0.0	0	observed_zero	0.0	0.0	0	1	0
ENSG00000278463	H2AC4	entorhinal cortex	0.0	0.0	0	observed_zero	0.0	0.0	0	21	0
ENSG00000278463	H2AC4	epithelium of mammary gland	0.0	0.0	0	observed_zero	0.0	0.0	0	1	0
ENSG00000278463	H2AC4	epithelium of nasopharynx	0.0	0.0	0	observed_zero	0.0	0.0	0	1	0
ENSG00000278463	H2AC4	esophagogastric junction muscularis propria	24.22	0.0	1	present_gold	24.22	0.0	1	11	1
ENSG00000278463	H2AC4	esophagus	27.5	0.6222539674441636	2	present_gold	27.5	0.6222539674441636	2	6	2
ENSG00000278463	H2AC4	esophagus mucosa	30.8525	3.705413832039096	4	present_gold	30.8525	3.705413832039096	4	11	4
ENSG00000278463	H2AC4	esophagus squamous epithelium	0.0	0.0	0	observed_zero	0.0	0.0	0	1	0
ENSG00000278463	H2AC4	female reproductive system	32.27	0.0	1	present_gold	32.27	0.0	1	1	1
ENSG00000278463	H2AC4	forebrain	46.215	1.4495689014324253	2	present_gold	46.215	1.4495689014324253	2	2	2
ENSG00000278463	H2AC4	frontal cortex	32.26	2.2347035597591023	3	present_gold	32.26	2.2347035597591023	3	19	3
ENSG00000278463	H2AC4	fundus of stomach	45.03	0.0	1	present_gold	45.03	0.0	1	7	1
ENSG00000278463	H2AC4	gall bladder	0.0	0.0	0	observed_zero	0.0	0.0	0	1	0
ENSG00000278463	H2AC4	ganglionic eminence	48.745000000000005	4.532554467405772	2	present_gold	48.745000000000005	4.532554467405772	2	2	2
ENSG00000278463	H2AC4	gastrocnemius	32.745999999999995	3.2865300850593164	5	present_gold	32.745999999999995	3.2865300850593164	5	11	5
ENSG00000278463	H2AC4	germinal epithelium of ovary	0.0	0.0	0	observed_zero	0.0	0.0	0	1	0
ENSG00000278463	H2AC4	gingiva	0.0	0.0	0	observed_zero	0.0	0.0	0	2	0
ENSG00000278463	H2AC4	gingival epithelium	0.0	0.0	0	observed_zero	0.0	0.0	0	1	0
ENSG00000278463	H2AC4	granulocyte	58.55	0.0	1	present_gold	58.55	0.0	1	1	1
ENSG00000278463	H2AC4	heart	62.734	33.71901659301469	5	present_gold	62.734	33.71901659301469	5	12	5
ENSG00000278463	H2AC4	heart left ventricle	56.63	0.0	1	present_gold	56.63	0.0	1	16	1
ENSG00000278463	H2AC4	heart right ventricle	0.0	0.0	0	observed_zero	0.0	0.0	0	6	0
ENSG00000278463	H2AC4	hindlimb stylopod muscle	0.0	0.0	0	observed_zero	0.0	0.0	0	2	0
ENSG00000278463	H2AC4	hypothalamus	0.0	0.0	0	observed_zero	0.0	0.0	0	11	0
ENSG00000278463	H2AC4	inferior olivary complex	0.0	0.0	0	observed_zero	0.0	0.0	0	3	0
ENSG00000278463	H2AC4	inferior vagus X ganglion	0.0	0.0	0	observed_zero	0.0	0.0	0	6	0
ENSG00000278463	H2AC4	intestine	77.605	30.24877352885568	4	present_gold	77.605	30.24877352885568	4	4	4
ENSG00000278463	H2AC4	islet of Langerhans	34.012	3.030019801915492	5	present_gold	34.012	3.030019801915492	5	10	5
ENSG00000278463	H2AC4	jejunal mucosa	0.0	0.0	0	observed_zero	0.0	0.0	0	1	0
ENSG00000278463	H2AC4	jejunum	0.0	0.0	0	observed_zero	0.0	0.0	0	2	0
ENSG00000278463	H2AC4	kidney	64.16333333333334	28.63063301197979	6	present_gold	64.16333333333334	28.63063301197979	6	6	6
ENSG00000278463	H2AC4	large intestine	29.795	3.07591449816148	2	present_gold	29.795	3.07591449816148	2	2	2
ENSG00000278463	H2AC4	lateral globus pallidus	0.0	0.0	0	observed_zero	0.0	0.0	0	2	0
ENSG00000278463	H2AC4	lateral nuclear group of thalamus	0.0	0.0	0	observed_zero	0.0	0.0	0	2	0
ENSG00000278463	H2AC4	layer of synovial tissue	0.0	0.0	0	observed_zero	0.0	0.0	0	1	0
ENSG00000278463	H2AC4	left adrenal gland	33.715	6.554879861599298	2	present_gold	33.715	6.554879861599298	2	7	2
ENSG00000278463	H2AC4	left adrenal gland cortex	38.849999999999994	7.707463914933367	2	present_gold	38.849999999999994	7.707463914933367	2	8	2
ENSG00000278463	H2AC4	left coronary artery	30.31	0.0	1	present_gold	30.31	0.0	1	9	1
ENSG00000278463	H2AC4	left lobe of thyroid gland	0.0	0.0	0	observed_zero	0.0	0.0	0	11	0
ENSG00000278463	H2AC4	left ovary	0.0	0.0	0	observed_zero	0.0	0.0	0	5	0
ENSG00000278463	H2AC4	left testis	39.214999999999996	2.5139828957254258	6	present_gold	39.214999999999996	2.5139828957254258	6	6	6
ENSG00000278463	H2AC4	left uterine tube	0.0	0.0	0	observed_zero	0.0	0.0	0	2	0
ENSG00000278463	H2AC4	leukocyte	0.0	0.0	0	observed_zero	0.0	0.0	0	1	0
ENSG00000278463	H2AC4	liver	39.51714285714286	4.094881822819451	7	present_gold	39.51714285714286	4.094881822819451	7	16	7
ENSG00000278463	H2AC4	lower esophagus	24.52	0.0	1	present_gold	24.52	0.0	1	2	1
ENSG00000278463	H2AC4	lower esophagus mucosa	0.0	0.0	0	observed_zero	0.0	0.0	0	1	0
ENSG00000278463	H2AC4	lower esophagus muscularis layer	24.63	0.0	1	present_gold	24.63	0.0	1	11	1
ENSG00000278463	H2AC4	lower lobe of lung	0.0	0.0	0	observed_zero	0.0	0.0	0	8	0
ENSG00000278463	H2AC4	lung	52.93285714285714	30.133166508177066	7	present_gold	52.93285714285714	30.133166508177066	7	12	7
ENSG00000278463	H2AC4	lymph node	38.26	0.0	1	present_gold	38.26	0.0	1	5	1
ENSG00000278463	H2AC4	male germ line stem cell (sensu Vertebrata) in testis	87.02	0.0	1	present_gold	87.02	0.0	1	1	1
ENSG00000278463	H2AC4	mammalian vulva	0.0	0.0	0	observed_zero	0.0	0.0	0	5	0
ENSG00000278463	H2AC4	mammary duct	0.0	0.0	0	observed_zero	0.0	0.0	0	1	0
ENSG00000278463	H2AC4	material anatomical entity	32.56	0.0	1	present_gold	32.56	0.0	1	1	1
ENSG00000278463	H2AC4	medial globus pallidus	0.0	0.0	0	observed_zero	0.0	0.0	0	3	0
ENSG00000278463	H2AC4	medulla oblongata	0.0	0.0	0	observed_zero	0.0	0.0	0	6	0
ENSG00000278463	H2AC4	metanephric glomerulus	0.0	0.0	0	observed_zero	0.0	0.0	0	2	0
ENSG00000278463	H2AC4	metanephros	0.0	0.0	0	observed_zero	0.0	0.0	0	2	0
ENSG00000278463	H2AC4	metanephros cortex	0.0	0.0	0	observed_zero	0.0	0.0	0	2	0
ENSG00000278463	H2AC4	midbrain	0.0	0.0	0	observed_zero	0.0	0.0	0	5	0
ENSG00000278463	H2AC4	middle temporal gyrus	0.0	0.0	0	observed_zero	0.0	0.0	0	5	0
ENSG00000278463	H2AC4	minor salivary gland	0.0	0.0	0	observed_zero	0.0	0.0	0	10	0
ENSG00000278463	H2AC4	monocyte	34.61	0.0	1	present_gold	34.61	0.0	1	1	1
ENSG00000278463	H2AC4	mouth mucosa	0.0	0.0	0	observed_zero	0.0	0.0	0	3	0
ENSG00000278463	H2AC4	mucosa of paranasal sinus	0.0	0.0	0	observed_zero	0.0	0.0	0	1	0
ENSG00000278463	H2AC4	mucosa of sigmoid colon	0.0	0.0	0	observed_zero	0.0	0.0	0	1	0
ENSG00000278463	H2AC4	mucosa of stomach	48.31	0.0	1	present_gold	48.31	0.0	1	1	1
ENSG00000278463	H2AC4	mucosa of transverse colon	0.0	0.0	0	observed_zero	0.0	0.0	0	1	0
ENSG00000278463	H2AC4	multicellular organism	32.54	0.0	1	present_gold	32.54	0.0	1	1	1
ENSG00000278463	H2AC4	muscle layer of sigmoid colon	28.47666666666667	0.7059981114233475	3	present_gold	28.47666666666667	0.7059981114233475	3	11	3
ENSG00000278463	H2AC4	muscle of leg	35.1	0.0	1	present_gold	35.1	0.0	1	2	1
ENSG00000278463	H2AC4	muscle tissue	0.0	0.0	0	observed_zero	0.0	0.0	0	1	0
ENSG00000278463	H2AC4	myocardium	0.0	0.0	0	observed_zero	0.0	0.0	0	7	0
ENSG00000278463	H2AC4	myometrium	33.83	3.790092347159894	2	present_gold	33.83	3.790092347159894	2	8	2
ENSG00000278463	H2AC4	nasal cavity epithelium	0.0	0.0	0	observed_zero	0.0	0.0	0	4	0
ENSG00000278463	H2AC4	nasal cavity mucosa	0.0	0.0	0	observed_zero	0.0	0.0	0	1	0
ENSG00000278463	H2AC4	neocortex	45.37	0.0	1	present_gold	45.37	0.0	1	1	1
ENSG00000278463	H2AC4	nephron tubule	0.0	0.0	0	observed_zero	0.0	0.0	0	3	0
ENSG00000278463	H2AC4	nipple	0.0	0.0	0	observed_zero	0.0	0.0	0	3	0
ENSG00000278463	H2AC4	nucleus accumbens	0.0	0.0	0	observed_zero	0.0	0.0	0	11	0
ENSG00000278463	H2AC4	occipital lobe	0.0	0.0	0	observed_zero	0.0	0.0	0	6	0
ENSG00000278463	H2AC4	olfactory segment of nasal mucosa	0.0	0.0	0	observed_zero	0.0	0.0	0	1	0
ENSG00000278463	H2AC4	omental fat pad	30.93333333333333	1.997316950311091	9	present_gold	30.93333333333333	1.997316950311091	9	11	9
ENSG00000278463	H2AC4	oocyte	0.0	0.0	0	observed_zero	0.0	0.0	0	1	0
ENSG00000278463	H2AC4	oral cavity	0.0	0.0	0	observed_zero	0.0	0.0	0	6	0
ENSG00000278463	H2AC4	ovary	59.99	1.3952419145080173	3	present_gold	59.99	1.3952419145080173	3	9	3
ENSG00000278463	H2AC4	oviduct epithelium	0.0	0.0	0	observed_zero	0.0	0.0	0	3	0
ENSG00000278463	H2AC4	palpebral conjunctiva	0.0	0.0	0	observed_zero	0.0	0.0	0	5	0
ENSG00000278463	H2AC4	pancreas	0.0	0.0	0	observed_zero	0.0	0.0	0	2	0
ENSG00000278463	H2AC4	parietal lobe	0.0	0.0	0	observed_zero	0.0	0.0	0	6	0
ENSG00000278463	H2AC4	parietal pleura	0.0	0.0	0	observed_zero	0.0	0.0	0	4	0
ENSG00000278463	H2AC4	parotid gland	0.0	0.0	0	observed_zero	0.0	0.0	0	8	0
ENSG00000278463	H2AC4	penis	0.0	0.0	0	observed_zero	0.0	0.0	0	1	0
ENSG00000278463	H2AC4	pericardium	0.0	0.0	0	observed_zero	0.0	0.0	0	1	0
ENSG00000278463	H2AC4	periodontal ligament	0.0	0.0	0	observed_zero	0.0	0.0	0	1	0
ENSG00000278463	H2AC4	peritoneum	30.06	0.0	1	present_gold	30.06	0.0	1	1	1
ENSG00000278463	H2AC4	pharyngeal mucosa	0.0	0.0	0	observed_zero	0.0	0.0	0	3	0
ENSG00000278463	H2AC4	pigmented layer of retina	0.0	0.0	0	observed_zero	0.0	0.0	0	4	0
ENSG00000278463	H2AC4	pituitary gland	29.57	0.0	1	present_gold	29.57	0.0	1	11	1
ENSG00000278463	H2AC4	placenta	0.0	0.0	0	observed_zero	0.0	0.0	0	4	0
ENSG00000278463	H2AC4	pons	0.0	0.0	0	observed_zero	0.0	0.0	0	1	0
ENSG00000278463	H2AC4	popliteal artery	0.0	0.0	0	observed_zero	0.0	0.0	0	1	0
ENSG00000278463	H2AC4	postcentral gyrus	0.0	0.0	0	observed_zero	0.0	0.0	0	15	0
ENSG00000278463	H2AC4	prefrontal cortex	32.53333333333333	2.2700073421320304	3	present_gold	32.53333333333333	2.2700073421320304	3	9	3
ENSG00000278463	H2AC4	primary visual cortex	37.07	0.0	1	present_gold	37.07	0.0	1	7	1
ENSG00000278463	H2AC4	primordial germ cell in gonad	69.55	0.0	1	present_gold	69.55	0.0	1	1	1
ENSG00000278463	H2AC4	prostate gland	0.0	0.0	0	observed_zero	0.0	0.0	0	8	0
ENSG00000278463	H2AC4	putamen	0.0	0.0	0	observed_zero	0.0	0.0	0	11	0
ENSG00000278463	H2AC4	pylorus	0.0	0.0	0	observed_zero	0.0	0.0	0	3	0
ENSG00000278463	H2AC4	quadriceps femoris	0.0	0.0	0	observed_zero	0.0	0.0	0	1	0
ENSG00000278463	H2AC4	rectum	0.0	0.0	0	observed_zero	0.0	0.0	0	1	0
ENSG00000278463	H2AC4	renal glomerulus	0.0	0.0	0	observed_zero	0.0	0.0	0	1	0
ENSG00000278463	H2AC4	renal medulla	0.0	0.0	0	observed_zero	0.0	0.0	0	3	0
ENSG00000278463	H2AC4	right adrenal gland	39.165	4.4759859249108445	2	present_gold	39.165	4.4759859249108445	2	5	2
ENSG00000278463	H2AC4	right adrenal gland cortex	37.513333333333335	4.891322247954365	3	present_gold	37.513333333333335	4.891322247954365	3	3	3
ENSG00000278463	H2AC4	right atrium auricular region	34.72	0.0	1	present_gold	34.72	0.0	1	11	1
ENSG00000278463	H2AC4	right coronary artery	0.0	0.0	0	observed_zero	0.0	0.0	0	2	0
ENSG00000278463	H2AC4	right frontal lobe	32.33	0.0	1	present_gold	32.33	0.0	1	9	1
ENSG00000278463	H2AC4	right hemisphere of cerebellum	37.129999999999995	7.495331880577405	2	present_gold	37.129999999999995	7.495331880577405	2	9	2
ENSG00000278463	H2AC4	right lobe of liver	45.60666666666666	10.92186949809113	3	present_gold	45.60666666666666	10.92186949809113	3	9	3
ENSG00000278463	H2AC4	right lobe of thyroid gland	0.0	0.0	0	observed_zero	0.0	0.0	0	8	0
ENSG00000278463	H2AC4	right lung	48.39	0.0	1	present_gold	48.39	0.0	1	2	1
ENSG00000278463	H2AC4	right ovary	0.0	0.0	0	observed_zero	0.0	0.0	0	5	0
ENSG00000278463	H2AC4	right testis	40.7775	4.044587947698341	4	present_gold	40.7775	4.044587947698341	4	5	4
ENSG00000278463	H2AC4	right uterine tube	0.0	0.0	0	observed_zero	0.0	0.0	0	1	0
ENSG00000278463	H2AC4	saliva-secreting gland	0.0	0.0	0	observed_zero	0.0	0.0	0	3	0
ENSG00000278463	H2AC4	saphenous vein	0.0	0.0	0	observed_zero	0.0	0.0	0	3	0
ENSG00000278463	H2AC4	secondary oocyte	0.0	0.0	0	observed_zero	0.0	0.0	0	1	0
ENSG00000278463	H2AC4	seminal vesicle	0.0	0.0	0	observed_zero	0.0	0.0	0	1	0
ENSG00000278463	H2AC4	skeletal muscle tissue	0.0	0.0	0	observed_zero	0.0	0.0	0	7	0
ENSG00000278463	H2AC4	skeletal muscle tissue of biceps brachii	0.0	0.0	0	observed_zero	0.0	0.0	0	2	0
ENSG00000278463	H2AC4	skeletal muscle tissue of rectus abdominis	0.0	0.0	0	observed_zero	0.0	0.0	0	2	0
ENSG00000278463	H2AC4	skin of abdomen	32.56	3.775738338391578	4	present_gold	32.56	3.775738338391578	4	10	4
ENSG00000278463	H2AC4	skin of hip	0.0	0.0	0	observed_zero	0.0	0.0	0	1	0
ENSG00000278463	H2AC4	skin of leg	26.405	0.4879036790187187	2	present_gold	26.405	0.4879036790187187	2	12	2
ENSG00000278463	H2AC4	small intestine	28.695	1.689985207035849	2	present_gold	28.695	1.689985207035849	2	2	2
ENSG00000278463	H2AC4	small intestine Peyer's patch	32.735	1.1950104602052638	2	present_gold	32.735	1.1950104602052638	2	11	2
ENSG00000278463	H2AC4	smooth muscle tissue	0.0	0.0	0	observed_zero	0.0	0.0	0	1	0
ENSG00000278463	H2AC4	sperm	0.0	0.0	0	observed_zero	0.0	0.0	0	1	0
ENSG00000278463	H2AC4	spinal cord	29.6	0.0	1	present_gold	29.6	0.0	1	5	1
ENSG00000278463	H2AC4	spleen	40.47571428571428	5.161094383761572	7	present_gold	40.47571428571428	5.161094383761572	7	12	7
ENSG00000278463	H2AC4	stomach	58.10583333333333	33.43649597189855	12	present_gold	58.10583333333333	33.43649597189855	12	12	12
ENSG00000278463	H2AC4	stromal cell of endometrium	0.0	0.0	0	observed_zero	0.0	0.0	0	1	0
ENSG00000278463	H2AC4	subcutaneous adipose tissue	0.0	0.0	0	observed_zero	0.0	0.0	0	18	0
ENSG00000278463	H2AC4	substantia nigra	30.427500000000002	3.7278177262307235	4	present_gold	30.427500000000002	3.7278177262307235	4	13	4
ENSG00000278463	H2AC4	substantia nigra pars compacta	0.0	0.0	0	observed_zero	0.0	0.0	0	2	0
ENSG00000278463	H2AC4	substantia nigra pars reticulata	0.0	0.0	0	observed_zero	0.0	0.0	0	2	0
ENSG00000278463	H2AC4	subthalamic nucleus	0.0	0.0	0	observed_zero	0.0	0.0	0	8	0
ENSG00000278463	H2AC4	superficial temporal artery	0.0	0.0	0	observed_zero	0.0	0.0	0	1	0
ENSG00000278463	H2AC4	superior frontal gyrus	0.0	0.0	0	observed_zero	0.0	0.0	0	23	0
ENSG00000278463	H2AC4	superior surface of tongue	0.0	0.0	0	observed_zero	0.0	0.0	0	3	0
ENSG00000278463	H2AC4	superior vestibular nucleus	0.0	0.0	0	observed_zero	0.0	0.0	0	5	0
ENSG00000278463	H2AC4	sural nerve	0.0	0.0	0	observed_zero	0.0	0.0	0	3	0
ENSG00000278463	H2AC4	synovial joint	0.0	0.0	0	observed_zero	0.0	0.0	0	2	0
ENSG00000278463	H2AC4	temporal lobe	0.0	0.0	0	observed_zero	0.0	0.0	0	6	0
ENSG00000278463	H2AC4	tendon	0.0	0.0	0	observed_zero	0.0	0.0	0	5	0
ENSG00000278463	H2AC4	tendon of biceps brachii	0.0	0.0	0	observed_zero	0.0	0.0	0	1	0
ENSG00000278463	H2AC4	testis	46.26222222222222	10.513592128499397	9	present_gold	46.26222222222222	10.513592128499397	9	13	9
ENSG00000278463	H2AC4	thoracic aorta	31.75	0.0	1	present_gold	31.75	0.0	1	5	1
ENSG00000278463	H2AC4	thoracic mammary gland	0.0	0.0	0	observed_zero	0.0	0.0	0	10	0
ENSG00000278463	H2AC4	thymus	0.0	0.0	0	observed_zero	0.0	0.0	0	2	0
ENSG00000278463	H2AC4	thyroid gland	0.0	0.0	0	observed_zero	0.0	0.0	0	11	0
ENSG00000278463	H2AC4	tibia	0.0	0.0	0	observed_zero	0.0	0.0	0	1	0
ENSG00000278463	H2AC4	tibial artery	28.933333333333334	4.277736940642017	3	present_gold	28.933333333333334	4.277736940642017	3	11	3
ENSG00000278463	H2AC4	tibial nerve	0.0	0.0	0	observed_zero	0.0	0.0	0	11	0
ENSG00000278463	H2AC4	tongue	0.0	0.0	0	observed_zero	0.0	0.0	0	1	0
ENSG00000278463	H2AC4	tonsil	43.96	9.94192134348286	2	present_gold	43.96	9.94192134348286	2	6	2
ENSG00000278463	H2AC4	trabecular bone tissue	0.0	0.0	0	observed_zero	0.0	0.0	0	4	0
ENSG00000278463	H2AC4	trachea	0.0	0.0	0	observed_zero	0.0	0.0	0	3	0
ENSG00000278463	H2AC4	transverse colon	32.576	2.587263032627336	5	present_gold	32.576	2.587263032627336	5	10	5
ENSG00000278463	H2AC4	trigeminal ganglion	0.0	0.0	0	observed_zero	0.0	0.0	0	6	0
ENSG00000278463	H2AC4	upper leg skin	0.0	0.0	0	observed_zero	0.0	0.0	0	1	0
ENSG00000278463	H2AC4	upper lobe of left lung	31.2	0.0	1	present_gold	31.2	0.0	1	8	1
ENSG00000278463	H2AC4	upper lobe of lung	0.0	0.0	0	observed_zero	0.0	0.0	0	4	0
ENSG00000278463	H2AC4	urethra	0.0	0.0	0	observed_zero	0.0	0.0	0	3	0
ENSG00000278463	H2AC4	urinary bladder	0.0	0.0	0	observed_zero	0.0	0.0	0	4	0
ENSG00000278463	H2AC4	uterine cervix	39.11	7.283199846221438	2	present_gold	39.11	7.283199846221438	2	4	2
ENSG00000278463	H2AC4	uterus	0.0	0.0	0	observed_zero	0.0	0.0	0	1	0
ENSG00000278463	H2AC4	vagina	51.72	23.41937659289846	2	present_gold	51.72	23.41937659289846	2	10	2
ENSG00000278463	H2AC4	vastus lateralis	0.0	0.0	0	observed_zero	0.0	0.0	0	14	0
ENSG00000278463	H2AC4	vena cava	0.0	0.0	0	observed_zero	0.0	0.0	0	1	0
ENSG00000278463	H2AC4	ventral tegmental area	0.0	0.0	0	observed_zero	0.0	0.0	0	6	0
ENSG00000278463	H2AC4	ventricular zone	58.31	3.0264170234784245	2	present_gold	58.31	3.0264170234784245	2	2	2
ENSG00000278463	H2AC4	vermiform appendix	31.41	0.0	1	present_gold	31.41	0.0	1	4	1
ENSG00000278463	H2AC4	visceral pleura	0.0	0.0	0	observed_zero	0.0	0.0	0	4	0
ENSG00000278463	H2AC4	zone of skin	27.141666666666666	0.7144345083117598	6	present_gold	27.141666666666666	0.7144345083117598	6	12	6
ENSG00000278677	H2AC17	Ammon's horn	39.42	12.700564291925511	4	present_gold	39.42	12.700564291925511	4	8	4
ENSG00000278677	H2AC17	Brodmann (1909) area 9	36.125	6.611837112331187	6	present_gold	36.125	6.611837112331187	6	8	6
ENSG00000278677	H2AC17	C1 segment of cervical spinal cord	56.26	12.837362880057794	8	present_gold	56.26	12.837362880057794	8	9	8
ENSG00000278677	H2AC17	adenohypophysis	0.0	0.0	0	observed_zero	0.0	0.0	0	6	0
ENSG00000278677	H2AC17	adipose tissue	40.403333333333336	12.417287680219594	3	present_gold	40.403333333333336	12.417287680219594	3	3	3
ENSG00000278677	H2AC17	adrenal gland	50.78	2.6728636328851505	2	present_gold	50.78	2.6728636328851505	2	3	2
ENSG00000278677	H2AC17	adrenal tissue	93.33	2.070821093189845	3	present_gold	93.33	2.070821093189845	3	3	3
ENSG00000278677	H2AC17	adult mammalian kidney	52.96666666666666	20.315758251498597	3	present_gold	52.96666666666666	20.315758251498597	3	11	3
ENSG00000278677	H2AC17	amygdala	41.46	0.0	1	present_gold	41.46	0.0	1	8	1
ENSG00000278677	H2AC17	anterior cingulate cortex	34.86	9.405057150278248	3	present_gold	34.86	9.405057150278248	3	9	3
ENSG00000278677	H2AC17	apex of heart	51.09	0.0	1	present_gold	51.09	0.0	1	1	1
ENSG00000278677	H2AC17	ascending aorta	36.40714285714286	3.2066010784303165	7	present_gold	36.40714285714286	3.2066010784303165	7	10	7
ENSG00000278677	H2AC17	blood	68.775625	4.639502802025234	16	present_gold	68.775625	4.639502802025234	16	16	16
ENSG00000278677	H2AC17	body of pancreas	40.09	0.0	1	present_gold	40.09	0.0	1	10	1
ENSG00000278677	H2AC17	body of stomach	40.943636363636365	5.606238084004768	11	present_gold	40.943636363636365	5.606238084004768	11	11	11
ENSG00000278677	H2AC17	body of uterus	0.0	0.0	0	observed_zero	0.0	0.0	0	5	0
ENSG00000278677	H2AC17	bone marrow	69.33	0.0	1	present_gold	69.33	0.0	1	1	1
ENSG00000278677	H2AC17	bone marrow cell	98.69	0.0	1	present_gold	98.69	0.0	1	1	1
ENSG00000278677	H2AC17	brain	31.930000000000003	0.35791060336346775	3	present_gold	31.930000000000003	0.35791060336346775	3	4	3
ENSG00000278677	H2AC17	calcaneal tendon	78.334	9.434226518374464	5	present_gold	78.334	9.434226518374464	5	5	5
ENSG00000278677	H2AC17	caudate nucleus	38.064	5.363779451096027	5	present_gold	38.064	5.363779451096027	5	9	5
ENSG00000278677	H2AC17	cerebellar cortex	26.13	0.0	1	present_gold	26.13	0.0	1	2	1
ENSG00000278677	H2AC17	cerebellar hemisphere	31.36	0.0	1	present_gold	31.36	0.0	1	10	1
ENSG00000278677	H2AC17	cerebellum	0.0	0.0	0	observed_zero	0.0	0.0	0	3	0
ENSG00000278677	H2AC17	cerebral cortex	33.58	0.0	1	present_gold	33.58	0.0	1	1	1
ENSG00000278677	H2AC17	colon	61.63666666666667	27.252133861406158	9	present_gold	61.63666666666667	27.252133861406158	9	10	9
ENSG00000278677	H2AC17	colonic epithelium	63.01	0.0	1	present_gold	63.01	0.0	1	1	1
ENSG00000278677	H2AC17	corpus callosum	73.6375	5.5513504363052615	4	present_gold	73.6375	5.5513504363052615	4	4	4
ENSG00000278677	H2AC17	cortex of kidney	60.78	0.0	1	present_gold	60.78	0.0	1	2	1
ENSG00000278677	H2AC17	cortical plate	46.69	2.3900209204105325	2	present_gold	46.69	2.3900209204105325	2	2	2
ENSG00000278677	H2AC17	descending thoracic aorta	0.0	0.0	0	observed_zero	0.0	0.0	0	3	0
ENSG00000278677	H2AC17	dorsolateral prefrontal cortex	36.2175	3.834304587101376	4	present_gold	36.2175	3.834304587101376	4	11	4
ENSG00000278677	H2AC17	duodenum	51.07	0.0	1	present_gold	51.07	0.0	1	1	1
ENSG00000278677	H2AC17	ectocervix	59.875	17.387755749377206	2	present_gold	59.875	17.387755749377206	2	5	2
ENSG00000278677	H2AC17	endocervix	41.16	10.988439379638947	2	present_gold	41.16	10.988439379638947	2	3	2
ENSG00000278677	H2AC17	endometrium	45.754999999999995	0.38890872965260415	2	present_gold	45.754999999999995	0.38890872965260415	2	2	2
ENSG00000278677	H2AC17	esophagogastric junction muscularis propria	28.7	1.5139682955729297	3	present_gold	28.7	1.5139682955729297	3	11	3
ENSG00000278677	H2AC17	esophagus	42.8475	0.6991125326679066	4	present_gold	42.8475	0.6991125326679066	4	4	4
ENSG00000278677	H2AC17	esophagus mucosa	57.33454545454545	3.963781940612686	11	present_gold	57.33454545454545	3.963781940612686	11	11	11
ENSG00000278677	H2AC17	fallopian tube	0.0	0.0	0	observed_zero	0.0	0.0	0	1	0
ENSG00000278677	H2AC17	frontal cortex	43.045	9.43987552884041	2	present_gold	43.045	9.43987552884041	2	5	2
ENSG00000278677	H2AC17	fundus of stomach	42.88333333333333	7.357936757905257	3	present_gold	42.88333333333333	7.357936757905257	3	4	3
ENSG00000278677	H2AC17	gall bladder	30.2	0.0	1	present_gold	30.2	0.0	1	1	1
ENSG00000278677	H2AC17	ganglionic eminence	54.85	3.8325187540310885	2	present_gold	54.85	3.8325187540310885	2	2	2
ENSG00000278677	H2AC17	gastrocnemius	37.36333333333333	3.052748761362454	9	present_gold	37.36333333333333	3.052748761362454	9	11	9
ENSG00000278677	H2AC17	granulocyte	68.17	0.0	1	present_gold	68.17	0.0	1	1	1
ENSG00000278677	H2AC17	heart	61.99375	25.450658109649847	8	present_gold	61.99375	25.450658109649847	8	10	8
ENSG00000278677	H2AC17	heart left ventricle	46.49166666666667	8.63385601553383	12	present_gold	46.49166666666667	8.63385601553383	12	14	12
ENSG00000278677	H2AC17	hindlimb stylopod muscle	45.9	0.0	1	present_gold	45.9	0.0	1	2	1
ENSG00000278677	H2AC17	hypothalamus	38.3425	8.36138096648315	4	present_gold	38.3425	8.36138096648315	4	8	4
ENSG00000278677	H2AC17	intestine	82.6	24.864431088069026	4	present_gold	82.6	24.864431088069026	4	4	4
ENSG00000278677	H2AC17	islet of Langerhans	30.195	1.8031222920256942	2	present_gold	30.195	1.8031222920256942	2	10	2
ENSG00000278677	H2AC17	kidney	82.89	27.591052897633322	4	present_gold	82.89	27.591052897633322	4	4	4
ENSG00000278677	H2AC17	left adrenal gland	48.93875	3.8904734838540445	8	present_gold	48.93875	3.8904734838540445	8	8	8
ENSG00000278677	H2AC17	left adrenal gland cortex	49.871428571428574	9.484407253612687	7	present_gold	49.871428571428574	9.484407253612687	7	8	7
ENSG00000278677	H2AC17	left coronary artery	43.45	6.070804449713949	4	present_gold	43.45	6.070804449713949	4	9	4
ENSG00000278677	H2AC17	left lobe of thyroid gland	52.74545454545455	3.1495249281006292	11	present_gold	52.74545454545455	3.1495249281006292	11	11	11
ENSG00000278677	H2AC17	left ovary	29.27	0.0	1	present_gold	29.27	0.0	1	5	1
ENSG00000278677	H2AC17	left testis	45.21666666666667	1.478562364821541	6	present_gold	45.21666666666667	1.478562364821541	6	6	6
ENSG00000278677	H2AC17	left uterine tube	0.0	0.0	0	observed_zero	0.0	0.0	0	2	0
ENSG00000278677	H2AC17	leukocyte	0.0	0.0	0	observed_zero	0.0	0.0	0	1	0
ENSG00000278677	H2AC17	liver	56.565999999999995	5.12079464319531	10	present_gold	56.565999999999995	5.12079464319531	10	11	10
ENSG00000278677	H2AC17	lower esophagus	0.0	0.0	0	observed_zero	0.0	0.0	0	2	0
ENSG00000278677	H2AC17	lower esophagus mucosa	65.8	0.0	1	present_gold	65.8	0.0	1	1	1
ENSG00000278677	H2AC17	lower esophagus muscularis layer	32.82	4.075733062898011	3	present_gold	32.82	4.075733062898011	3	11	3
ENSG00000278677	H2AC17	lung	65.72428571428571	22.86320322931067	7	present_gold	65.72428571428571	22.86320322931067	7	7	7
ENSG00000278677	H2AC17	lymph node	56.44	0.9616652224137042	2	present_gold	56.44	0.9616652224137042	2	2	2
ENSG00000278677	H2AC17	male germ line stem cell (sensu Vertebrata) in testis	82.2	0.0	1	present_gold	82.2	0.0	1	1	1
ENSG00000278677	H2AC17	metanephros cortex	46.25	0.0	1	present_gold	46.25	0.0	1	2	1
ENSG00000278677	H2AC17	minor salivary gland	41.3825	6.718577124021765	8	present_gold	41.3825	6.718577124021765	8	10	8
ENSG00000278677	H2AC17	monocyte	77.8	0.0	1	present_gold	77.8	0.0	1	1	1
ENSG00000278677	H2AC17	mucosa of stomach	0.0	0.0	0	observed_zero	0.0	0.0	0	1	0
ENSG00000278677	H2AC17	mucosa of transverse colon	68.92	0.0	1	present_gold	68.92	0.0	1	1	1
ENSG00000278677	H2AC17	multicellular organism	41.81	0.0	1	present_gold	41.81	0.0	1	1	1
ENSG00000278677	H2AC17	muscle layer of sigmoid colon	35.75666666666667	6.249904532604212	6	present_gold	35.75666666666667	6.249904532604212	6	11	6
ENSG00000278677	H2AC17	muscle of leg	40.525000000000006	6.668016946589143	2	present_gold	40.525000000000006	6.668016946589143	2	2	2
ENSG00000278677	H2AC17	muscle tissue	42.38	0.0	1	present_gold	42.38	0.0	1	1	1
ENSG00000278677	H2AC17	myometrium	0.0	0.0	0	observed_zero	0.0	0.0	0	7	0
ENSG00000278677	H2AC17	nucleus accumbens	36.4025	11.228289792602732	4	present_gold	36.4025	11.228289792602732	4	9	4
ENSG00000278677	H2AC17	olfactory segment of nasal mucosa	52.64	0.0	1	present_gold	52.64	0.0	1	1	1
ENSG00000278677	H2AC17	omental fat pad	39.98636363636364	7.92223740205666	11	present_gold	39.98636363636364	7.92223740205666	11	11	11
ENSG00000278677	H2AC17	ovary	27.396666666666665	1.4382744290758058	3	present_gold	27.396666666666665	1.4382744290758058	3	4	3
ENSG00000278677	H2AC17	pancreas	29.64	0.9475230867899735	2	present_gold	29.64	0.9475230867899735	2	2	2
ENSG00000278677	H2AC17	pituitary gland	37.13	0.0	1	present_gold	37.13	0.0	1	9	1
ENSG00000278677	H2AC17	placenta	57.43	0.0	1	present_gold	57.43	0.0	1	1	1
ENSG00000278677	H2AC17	popliteal artery	28.48	0.0	1	present_gold	28.48	0.0	1	1	1
ENSG00000278677	H2AC17	prefrontal cortex	36.2625	2.3332577368706335	4	present_gold	36.2625	2.3332577368706335	4	7	4
ENSG00000278677	H2AC17	primary visual cortex	43.74	0.0	1	present_gold	43.74	0.0	1	2	1
ENSG00000278677	H2AC17	primordial germ cell in gonad	89.77	0.0	1	present_gold	89.77	0.0	1	1	1
ENSG00000278677	H2AC17	prostate gland	48.11222222222222	5.537711119627352	9	present_gold	48.11222222222222	5.537711119627352	9	9	9
ENSG00000278677	H2AC17	putamen	52.33	0.0	1	present_gold	52.33	0.0	1	8	1
ENSG00000278677	H2AC17	rectum	53.34	0.0	1	present_gold	53.34	0.0	1	1	1
ENSG00000278677	H2AC17	right adrenal gland	53.291999999999994	5.630783249246945	5	present_gold	53.291999999999994	5.630783249246945	5	5	5
ENSG00000278677	H2AC17	right adrenal gland cortex	51.31666666666666	10.338434762251648	3	present_gold	51.31666666666666	10.338434762251648	3	3	3
ENSG00000278677	H2AC17	right atrium auricular region	45.288	5.862837386643281	10	present_gold	45.288	5.862837386643281	10	11	10
ENSG00000278677	H2AC17	right coronary artery	0.0	0.0	0	observed_zero	0.0	0.0	0	2	0
ENSG00000278677	H2AC17	right frontal lobe	40.565	5.416610563812024	6	present_gold	40.565	5.416610563812024	6	9	6
ENSG00000278677	H2AC17	right hemisphere of cerebellum	0.0	0.0	0	observed_zero	0.0	0.0	0	9	0
ENSG00000278677	H2AC17	right lobe of liver	54.63166666666667	7.311356691248667	6	present_gold	54.63166666666667	7.311356691248667	6	9	6
ENSG00000278677	H2AC17	right lobe of thyroid gland	54.5025	3.17562929646573	8	present_gold	54.5025	3.17562929646573	8	8	8
ENSG00000278677	H2AC17	right lung	56.19	0.0	1	present_gold	56.19	0.0	1	2	1
ENSG00000278677	H2AC17	right ovary	0.0	0.0	0	observed_zero	0.0	0.0	0	5	0
ENSG00000278677	H2AC17	right testis	46.664	2.1925624278455573	5	present_gold	46.664	2.1925624278455573	5	5	5
ENSG00000278677	H2AC17	right uterine tube	0.0	0.0	0	observed_zero	0.0	0.0	0	1	0
ENSG00000278677	H2AC17	saliva-secreting gland	38.96	0.0	1	present_gold	38.96	0.0	1	1	1
ENSG00000278677	H2AC17	skeletal muscle tissue	44.625	5.8760573516602115	2	present_gold	44.625	5.8760573516602115	2	4	2
ENSG00000278677	H2AC17	skin of abdomen	42.76777777777777	4.058832275968601	9	present_gold	42.76777777777777	4.058832275968601	9	10	9
ENSG00000278677	H2AC17	skin of leg	41.73875	2.730721712556696	8	present_gold	41.73875	2.730721712556696	8	12	8
ENSG00000278677	H2AC17	small intestine	44.769999999999996	1.03237590053236	2	present_gold	44.769999999999996	1.03237590053236	2	2	2
ENSG00000278677	H2AC17	small intestine Peyer's patch	45.620999999999995	6.295339457796449	10	present_gold	45.620999999999995	6.295339457796449	10	11	10
ENSG00000278677	H2AC17	smooth muscle tissue	0.0	0.0	0	observed_zero	0.0	0.0	0	1	0
ENSG00000278677	H2AC17	spleen	53.60454545454545	7.925118754487359	11	present_gold	53.60454545454545	7.925118754487359	11	11	11
ENSG00000278677	H2AC17	stomach	67.05333333333333	27.757218007486838	12	present_gold	67.05333333333333	27.757218007486838	12	12	12
ENSG00000278677	H2AC17	stromal cell of endometrium	0.0	0.0	0	observed_zero	0.0	0.0	0	1	0
ENSG00000278677	H2AC17	subcutaneous adipose tissue	30.744	1.6198857984438286	5	present_gold	30.744	1.6198857984438286	5	12	5
ENSG00000278677	H2AC17	substantia nigra	41.355714285714285	7.1157943036198406	7	present_gold	41.355714285714285	7.1157943036198406	7	9	7
ENSG00000278677	H2AC17	superior frontal gyrus	0.0	0.0	0	observed_zero	0.0	0.0	0	2	0
ENSG00000278677	H2AC17	sural nerve	0.0	0.0	0	observed_zero	0.0	0.0	0	3	0
ENSG00000278677	H2AC17	temporal lobe	0.0	0.0	0	observed_zero	0.0	0.0	0	1	0
ENSG00000278677	H2AC17	testis	44.59285714285714	2.4105650394718277	7	present_gold	44.59285714285714	2.4105650394718277	7	8	7
ENSG00000278677	H2AC17	thoracic aorta	37.14	2.7684773191533756	4	present_gold	37.14	2.7684773191533756	4	6	4
ENSG00000278677	H2AC17	thoracic mammary gland	38.04714285714285	7.977977425984848	7	present_gold	38.04714285714285	7.977977425984848	7	12	7
ENSG00000278677	H2AC17	thyroid gland	54.78923076923077	3.065747493240057	13	present_gold	54.78923076923077	3.065747493240057	13	13	13
ENSG00000278677	H2AC17	tibial artery	31.827499999999997	2.507407359538266	4	present_gold	31.827499999999997	2.507407359538266	4	11	4
ENSG00000278677	H2AC17	tibial nerve	36.134	4.167886754699555	5	present_gold	36.134	4.167886754699555	5	11	5
ENSG00000278677	H2AC17	tonsil	61.69	7.859904579573466	3	present_gold	61.69	7.859904579573466	3	3	3
ENSG00000278677	H2AC17	transverse colon	47.05	6.7169156281403115	10	present_gold	47.05	6.7169156281403115	10	10	10
ENSG00000278677	H2AC17	upper lobe of left lung	45.965714285714284	3.3930068137413496	7	present_gold	45.965714285714284	3.3930068137413496	7	8	7
ENSG00000278677	H2AC17	urinary bladder	38.95	3.0264170234784245	2	present_gold	38.95	3.0264170234784245	2	6	2
ENSG00000278677	H2AC17	uterine cervix	44.15	0.0	1	present_gold	44.15	0.0	1	1	1
ENSG00000278677	H2AC17	vagina	49.692	5.981456344403091	5	present_gold	49.692	5.981456344403091	5	5	5
ENSG00000278677	H2AC17	ventricular zone	54.07	7.0003571337468244	2	present_gold	54.07	7.0003571337468244	2	2	2
ENSG00000278677	H2AC17	vermiform appendix	43.91	0.0	1	present_gold	43.91	0.0	1	1	1
ENSG00000278677	H2AC17	zone of skin	41.44	0.3818376618407351	2	present_gold	41.44	0.3818376618407351	2	2	2
