gene_name,tissue,gene_class,gene_species_count,species_n,mean_score,median_score,std_score,min_score,max_score,range,max_species,max_species_name,_max_score_check,min_species,min_species_name,_min_score_check,passes_conservative_species_filter,is_conservative_candidate,is_high_confidence_candidate,candidate_level
H2AC14,testis,clustered,7,5,51.51773333333333,58.612,30.98584750638409,12.78,94.05,81.27,sus_scrofa,Sus scrofa,94.05,felis_catus,Felis catus,12.78,True,True,True,high_confidence
H2AC19,olfactory segment of nasal mucosa,clustered,4,2,60.47,60.47,50.37428709172965,24.85,96.09,71.24000000000001,human,Homo sapiens,96.09,bos_taurus,Bos taurus,24.85,False,False,False,background
H2AC6,prefrontal cortex,clustered,7,6,57.102154882154885,65.97,25.662059145327255,13.49,81.88111111111112,68.39111111111113,human,Homo sapiens,81.88111111111112,felis_catus,Felis catus,13.49,True,True,True,high_confidence
H2AC20,ileum,clustered,5,2,52.955,52.955,48.14690073099202,18.91,87.0,68.09,macaca_mulatta,Macaca mulatta,87.0,bos_taurus,Bos taurus,18.91,False,False,False,background
H2AC19,bone marrow,clustered,4,4,70.7825,75.815,28.892295830088223,31.75,99.75,68.0,pan_troglodytes,Pan troglodytes,99.75,equus_caballus,Equus caballus,31.75,True,True,True,high_confidence
H2AC14,ovary,clustered,7,3,55.401111111111106,52.03666666666667,34.10801312388717,23.1,91.06666666666666,67.96666666666667,sus_scrofa,Sus scrofa,91.06666666666666,human,Homo sapiens,23.1,False,False,False,background
H2AC7,brain,clustered,5,3,55.86222222222222,41.4,35.29372344787122,30.096666666666664,96.09,65.99333333333334,felis_catus,Felis catus,96.09,human,Homo sapiens,30.096666666666664,False,False,False,background
H2AC21,cerebral cortex,clustered,6,5,46.879999999999995,37.75,26.87548883276358,27.24,92.69,65.45,sus_scrofa,Sus scrofa,92.69,pan_troglodytes,Pan troglodytes,27.24,True,True,True,high_confidence
H2AC6,spleen,clustered,7,6,72.26375,75.36416666666666,23.620583759779898,31.04,96.45,65.41,pan_troglodytes,Pan troglodytes,96.45,felis_catus,Felis catus,31.04,True,True,True,high_confidence
H2AC6,adult mammalian kidney,clustered,7,7,65.31720695970697,67.4275,23.528688135935607,26.035,90.93333333333334,64.89833333333334,pan_troglodytes,Pan troglodytes,90.93333333333334,felis_catus,Felis catus,26.035,True,True,True,high_confidence
H2AC19,zone of skin,clustered,4,3,51.85,39.605000000000004,33.9036284931274,25.77,90.175,64.405,human,Homo sapiens,90.175,bos_taurus,Bos taurus,25.77,False,False,False,background
H2AC21,colon,clustered,6,5,57.101888888888894,58.904444444444444,25.39288988532804,31.62,95.985,64.365,sus_scrofa,Sus scrofa,95.985,macaca_mulatta,Macaca mulatta,31.62,True,True,True,high_confidence
H2AC19,blood,clustered,4,3,65.34743055555556,61.11666666666667,30.74193561282049,36.94,97.985625,61.045625,human,Homo sapiens,97.985625,bos_taurus,Bos taurus,36.94,False,False,False,background
H2AC12,kidney,clustered,6,3,47.48416666666666,44.4,30.48349064794472,18.66,79.3925,60.7325,human,Homo sapiens,79.3925,canis_lupus_familiaris,Canis lupus familiaris,18.66,False,False,False,background
H2AC14,brain,clustered,7,5,36.286,32.519999999999996,23.635102707625364,16.05,76.52,60.47,felis_catus,Felis catus,76.52,canis_lupus_familiaris,Canis lupus familiaris,16.05,True,True,True,high_confidence
H2AC6,embryo,clustered,7,3,43.34238095238095,33.09,31.179483453633004,18.58,78.35714285714286,59.77714285714286,human,Homo sapiens,78.35714285714286,felis_catus,Felis catus,18.58,False,False,False,background
H2AC14,cerebral cortex,clustered,7,4,43.8225,34.775,27.42204390023958,23.27,82.47,59.2,sus_scrofa,Sus scrofa,82.47,human,Homo sapiens,23.27,True,True,True,high_confidence
H2AC17,testis,clustered,6,4,48.380714285714284,40.198095238095235,26.043405464308663,27.166666666666668,85.96,58.79333333333332,sus_scrofa,Sus scrofa,85.96,felis_catus,Felis catus,27.166666666666668,True,True,True,high_confidence
H2AC21,cerebellum,clustered,6,5,61.5262,46.506,29.094918279658398,34.765,93.465,58.7,equus_caballus,Equus caballus,93.465,human,Homo sapiens,34.765,True,True,True,high_confidence
H2AC13,uterus,clustered,7,3,65.37333333333333,56.35999999999999,30.321941450595368,40.58,99.18,58.60000000000001,mus_musculus,Mus musculus,99.18,felis_catus,Felis catus,40.58,False,False,False,background
H2AC1,testis,clustered,7,7,57.43142857142857,59.330000000000005,20.855723666564167,23.59,81.945,58.35499999999999,pan_troglodytes,Pan troglodytes,81.945,canis_lupus_familiaris,Canis lupus familiaris,23.59,True,True,True,high_confidence
H2AC6,epithelium of bronchus,clustered,7,2,61.61357142857143,61.61357142857143,41.04552834278998,32.59,90.63714285714286,58.04714285714286,human,Homo sapiens,90.63714285714286,equus_caballus,Equus caballus,32.59,False,False,False,background
H2AC19,lung,clustered,4,3,74.73666666666666,90.57000000000001,31.645082293040947,38.3,95.34,57.040000000000006,pan_troglodytes,Pan troglodytes,95.34,bos_taurus,Bos taurus,38.3,False,False,False,background
H2AC19,adult mammalian kidney,clustered,4,3,71.75060606060606,87.00181818181818,31.398166003361656,35.64,92.61,56.97,pan_troglodytes,Pan troglodytes,92.61,bos_taurus,Bos taurus,35.64,False,False,False,background
H2AC20,prefrontal cortex,clustered,5,4,40.764125,40.697,23.241223319692818,12.69,68.9725,56.2825,macaca_mulatta,Macaca mulatta,68.9725,felis_catus,Felis catus,12.69,True,True,True,high_confidence
H2AC6,endometrium,clustered,7,3,65.291,71.98833333333333,28.655457725264906,33.88,90.00466666666667,56.12466666666666,human,Homo sapiens,90.00466666666667,equus_caballus,Equus caballus,33.88,False,False,False,background
H2AC14,thymus,clustered,7,3,64.02666666666667,49.87,30.607685853937625,43.06,99.15,56.09,pan_troglodytes,Pan troglodytes,99.15,canis_lupus_familiaris,Canis lupus familiaris,43.06,False,False,False,background
H2AC14,duodenum,clustered,7,3,64.40916666666666,54.3525,29.17765694128528,41.59,97.285,55.69499999999999,sus_scrofa,Sus scrofa,97.285,human,Homo sapiens,41.59,False,False,False,background
H2AC14,adipose tissue,clustered,7,3,54.916,42.948,29.60367659599057,33.169999999999995,88.63,55.46,sus_scrofa,Sus scrofa,88.63,human,Homo sapiens,33.169999999999995,False,False,False,background
H2AC20,testis,clustered,5,5,62.861666666666665,48.7625,23.982767909422428,42.20333333333333,97.04,54.83666666666667,macaca_mulatta,Macaca mulatta,97.04,equus_caballus,Equus caballus,42.20333333333333,True,True,True,high_confidence
H2AC6,muscle tissue,clustered,7,3,65.68142857142857,80.4,30.16736704941082,30.98,85.66428571428571,54.68428571428571,bos_taurus,Bos taurus,85.66428571428571,equus_caballus,Equus caballus,30.98,False,False,False,background
H2AC11,testis,clustered,6,6,57.01396367521367,56.28458333333333,19.12601450555999,31.3475,86.02,54.6725,sus_scrofa,Sus scrofa,86.02,canis_lupus_familiaris,Canis lupus familiaris,31.3475,True,True,True,high_confidence
H2AC6,cerebellum,clustered,7,6,70.83947222222223,75.4555,18.896832181734318,43.593333333333334,97.8075,54.21416666666667,equus_caballus,Equus caballus,97.8075,bos_taurus,Bos taurus,43.593333333333334,True,True,True,high_confidence
H2AC8,brain,clustered,6,4,56.58207236842105,48.3066447368421,24.517257886723524,37.85,91.86500000000001,54.01500000000001,felis_catus,Felis catus,91.86500000000001,bos_taurus,Bos taurus,37.85,True,True,False,conservative
H2AC14,colon,clustered,7,4,59.64194444444444,49.733888888888885,25.22034070931293,42.62,96.47999999999999,53.85999999999999,sus_scrofa,Sus scrofa,96.47999999999999,macaca_mulatta,Macaca mulatta,42.62,True,True,False,conservative
H2AC21,testis,clustered,6,4,58.05833333333334,55.528333333333336,22.74009975873098,33.68666666666667,87.49,53.80333333333333,sus_scrofa,Sus scrofa,87.49,equus_caballus,Equus caballus,33.68666666666667,True,True,False,conservative
H2AC6,gluteus medius,clustered,7,2,56.3375,56.3375,37.727682310208245,29.66,83.015,53.355000000000004,bos_taurus,Bos taurus,83.015,equus_caballus,Equus caballus,29.66,False,False,False,background
H2AC13,bone marrow,clustered,7,5,70.02000000000001,75.53999999999999,21.770608627229507,40.5,93.62,53.120000000000005,equus_caballus,Equus caballus,93.62,canis_lupus_familiaris,Canis lupus familiaris,40.5,True,True,False,conservative
H2AC25,ovary,clustered,6,4,66.09833333333333,63.91,24.304154765983718,41.75,94.82333333333334,53.07333333333334,sus_scrofa,Sus scrofa,94.82333333333334,canis_lupus_familiaris,Canis lupus familiaris,41.75,True,True,False,conservative
H2AC25,hypothalamus,clustered,6,4,48.2078125,41.565,22.957854737336085,28.35,81.35125,53.00124999999999,human,Homo sapiens,81.35125,canis_lupus_familiaris,Canis lupus familiaris,28.35,True,True,False,conservative
H2AC13,cerebellum,clustered,7,4,56.790625000000006,59.97,23.072985179231114,27.325,79.89750000000001,52.572500000000005,equus_caballus,Equus caballus,79.89750000000001,human,Homo sapiens,27.325,True,True,False,conservative
H2AC19,omental fat pad,clustered,4,2,61.70090909090909,61.70090909090909,36.96882816912577,35.56,87.84181818181818,52.28181818181818,human,Homo sapiens,87.84181818181818,bos_taurus,Bos taurus,35.56,False,False,False,background
H2AC25,colon,clustered,6,4,62.91375,59.6725,23.82321674858372,40.16,92.15,51.99000000000001,sus_scrofa,Sus scrofa,92.15,canis_lupus_familiaris,Canis lupus familiaris,40.16,True,True,False,conservative
H2AC21,right lobe of liver,clustered,6,2,65.8775,65.8775,36.42660583282499,40.12,91.63499999999999,51.51499999999999,sus_scrofa,Sus scrofa,91.63499999999999,human,Homo sapiens,40.12,False,False,False,background
H2AC25,cerebral cortex,clustered,6,5,69.308,80.33,23.19453992861251,42.875,94.01,51.135000000000005,sus_scrofa,Sus scrofa,94.01,canis_lupus_familiaris,Canis lupus familiaris,42.875,True,True,False,conservative
H2AC21,ovary,clustered,6,3,60.70499999999999,43.875,29.32812941529002,43.669999999999995,94.57,50.9,sus_scrofa,Sus scrofa,94.57,bos_taurus,Bos taurus,43.669999999999995,False,False,False,background
H2AC21,uterus,clustered,6,2,64.17500000000001,64.17500000000001,35.800816331474905,38.86,89.49000000000001,50.63000000000001,sus_scrofa,Sus scrofa,89.49000000000001,bos_taurus,Bos taurus,38.86,False,False,False,background
H2AC7,bone marrow,clustered,5,4,63.933749999999996,64.3475,20.581271978427377,38.32,88.72,50.4,equus_caballus,Equus caballus,88.72,canis_lupus_familiaris,Canis lupus familiaris,38.32,True,True,False,conservative
H2AC19,testis,clustered,4,4,78.86583333333334,86.675,23.66856195462664,45.86333333333334,96.25,50.38666666666666,human,Homo sapiens,96.25,bos_taurus,Bos taurus,45.86333333333334,True,True,False,conservative
H2AC6,spinal cord,clustered,7,3,76.88558333333333,88.273,26.71847600015452,46.36,96.02375,49.66375000000001,equus_caballus,Equus caballus,96.02375,canis_lupus_familiaris,Canis lupus familiaris,46.36,False,False,False,background
H2AC21,amygdala,clustered,6,2,54.13,54.13,34.6340901425171,29.64,78.62,48.980000000000004,sus_scrofa,Sus scrofa,78.62,human,Homo sapiens,29.64,False,False,False,background
H2AX,adipose tissue,variant,8,5,70.53299999999999,74.88,18.12217619382396,40.66,89.62,48.96000000000001,sus_scrofa,Sus scrofa,89.62,canis_lupus_familiaris,Canis lupus familiaris,40.66,True,True,False,conservative
H2AC20,liver,clustered,5,4,70.76676948051949,74.17068181818182,21.387605297455416,42.92,91.80571428571429,48.885714285714286,macaca_mulatta,Macaca mulatta,91.80571428571429,equus_caballus,Equus caballus,42.92,True,True,False,conservative
H2AC6,testis,clustered,7,7,51.61577380952381,48.74,17.098025952138066,32.96333333333333,81.27,48.306666666666665,human,Homo sapiens,81.27,felis_catus,Felis catus,32.96333333333333,True,True,False,conservative
MACROH2A2,zone of skin,variant,8,5,57.66133333333333,64.92666666666666,18.544626145837746,30.5,78.57000000000001,48.07000000000001,human,Homo sapiens,78.57000000000001,felis_catus,Felis catus,30.5,True,True,False,conservative
H2AC12,testis,clustered,6,4,42.589375000000004,43.446250000000006,21.376976163523064,17.73,65.735,48.004999999999995,bos_taurus,Bos taurus,65.735,canis_lupus_familiaris,Canis lupus familiaris,17.73,True,False,False,background
H2AC25,spleen,clustered,6,6,59.32525324675324,61.058,17.931121423427104,31.63,79.5390909090909,47.90909090909091,human,Homo sapiens,79.5390909090909,felis_catus,Felis catus,31.63,True,False,False,background
H2AC20,adult mammalian kidney,clustered,5,4,60.47439393939395,58.79045454545455,20.572400420101577,38.28,86.03666666666668,47.756666666666675,macaca_mulatta,Macaca mulatta,86.03666666666668,equus_caballus,Equus caballus,38.28,True,False,False,background
H2AC19,leukocyte,clustered,4,3,57.50555555555555,56.50666666666667,23.860686479212184,34.16,81.85,47.69,human,Homo sapiens,81.85,equus_caballus,Equus caballus,34.16,False,False,False,background
H2AC14,kidney,clustered,7,2,57.315,57.315,33.70778025916273,33.48,81.15,47.67000000000001,human,Homo sapiens,81.15,bos_taurus,Bos taurus,33.48,False,False,False,background
H2AC13,oviduct epithelium,clustered,7,2,68.255,68.255,33.55221676730169,44.53,91.98,47.45,equus_caballus,Equus caballus,91.98,bos_taurus,Bos taurus,44.53,False,False,False,background
H2AC19,spleen,clustered,4,3,79.4805303030303,91.1590909090909,25.74829673851404,49.9625,97.32,47.357499999999995,pan_troglodytes,Pan troglodytes,97.32,bos_taurus,Bos taurus,49.9625,False,False,False,background
H2AC13,placenta,clustered,7,4,62.785,60.15,20.083134715477065,41.78,89.06,47.28,mus_musculus,Mus musculus,89.06,canis_lupus_familiaris,Canis lupus familiaris,41.78,True,False,False,background
H2AC25,zone of skin,clustered,6,3,53.45511111111111,43.57333333333333,25.079286772893624,34.822,81.97,47.147999999999996,human,Homo sapiens,81.97,canis_lupus_familiaris,Canis lupus familiaris,34.822,False,False,False,background
H2AC25,occipital lobe,clustered,6,2,67.94,67.94,33.26230298701519,44.42,91.46,47.03999999999999,canis_lupus_familiaris,Canis lupus familiaris,91.46,bos_taurus,Bos taurus,44.42,False,False,False,background
H2AC25,prefrontal cortex,clustered,6,6,59.5595670995671,55.230000000000004,19.268540232276504,37.34,84.11285714285714,46.772857142857134,human,Homo sapiens,84.11285714285714,bos_taurus,Bos taurus,37.34,True,False,False,background
H2AC6,zone of skin,clustered,7,4,63.1175,65.00571428571429,22.62039151020225,37.89,84.56857142857143,46.67857142857143,human,Homo sapiens,84.56857142857143,equus_caballus,Equus caballus,37.89,True,False,False,background
MACROH2A2,testis,variant,8,8,60.04778846153846,57.608333333333334,15.743827266667939,32.73,79.30230769230769,46.572307692307696,human,Homo sapiens,79.30230769230769,felis_catus,Felis catus,32.73,True,False,False,background
H2AC21,bone marrow,clustered,6,4,73.2,70.945,19.294995897036785,52.2,98.71,46.50999999999999,pan_troglodytes,Pan troglodytes,98.71,bos_taurus,Bos taurus,52.2,True,False,False,background
H2AC6,occipital lobe,clustered,7,3,70.44222222222221,74.79666666666667,23.519292396133327,45.05,91.48,46.43000000000001,canis_lupus_familiaris,Canis lupus familiaris,91.48,bos_taurus,Bos taurus,45.05,False,False,False,background
H2AC21,thymus,clustered,6,2,75.83,75.83,32.753186104560875,52.67,98.99,46.31999999999999,pan_troglodytes,Pan troglodytes,98.99,bos_taurus,Bos taurus,52.67,False,False,False,background
H2AC21,pituitary gland,clustered,6,4,55.8375,57.9375,19.953872848814754,30.615000000000002,76.86,46.245,sus_scrofa,Sus scrofa,76.86,human,Homo sapiens,30.615000000000002,True,False,False,background
H2AC8,zone of skin,clustered,6,3,44.3519696969697,43.25,23.097678214743702,21.825000000000003,67.9809090909091,46.15590909090909,human,Homo sapiens,67.9809090909091,equus_caballus,Equus caballus,21.825000000000003,False,False,False,background
H2AC25,heart,clustered,6,5,58.59930000000001,54.85,19.211017534217184,31.509999999999998,77.623,46.11300000000001,human,Homo sapiens,77.623,canis_lupus_familiaris,Canis lupus familiaris,31.509999999999998,True,False,False,background
H2AC21,duodenum,clustered,6,2,73.92375,73.92375,32.28119232811886,51.0975,96.75,45.6525,sus_scrofa,Sus scrofa,96.75,bos_taurus,Bos taurus,51.0975,False,False,False,background
H2AC25,stomach,clustered,6,3,70.24444444444445,70.94833333333334,22.630711454258925,47.269999999999996,92.515,45.245000000000005,sus_scrofa,Sus scrofa,92.515,canis_lupus_familiaris,Canis lupus familiaris,47.269999999999996,False,False,False,background
H2AC21,mesenteric lymph node,clustered,6,2,75.2675,75.2675,31.950619907914152,52.675,97.86,45.185,sus_scrofa,Sus scrofa,97.86,bos_taurus,Bos taurus,52.675,False,False,False,background
H2AC15,primary visual cortex,clustered,5,2,56.9025,56.9025,31.851624958548037,34.38,79.42500000000001,45.04500000000001,human,Homo sapiens,79.42500000000001,macaca_mulatta,Macaca mulatta,34.38,False,False,False,background
H2AC25,testis,clustered,6,6,53.50006944444444,58.663333333333334,16.77637346674191,25.974999999999998,70.625,44.650000000000006,pan_troglodytes,Pan troglodytes,70.625,canis_lupus_familiaris,Canis lupus familiaris,25.974999999999998,True,False,False,background
H2AC25,cerebellum,clustered,6,5,72.37433333333334,76.38666666666667,20.993585581209214,50.61,95.21999999999998,44.609999999999985,human,Homo sapiens,95.21999999999998,bos_taurus,Bos taurus,50.61,True,False,False,background
H2AC19,colon,clustered,4,3,75.58166666666666,87.725,24.564922314823896,47.31,91.71,44.39999999999999,pan_troglodytes,Pan troglodytes,91.71,bos_taurus,Bos taurus,47.31,False,False,False,background
H2AC21,subcutaneous adipose tissue,clustered,6,3,56.07996296296296,43.96888888888889,24.448593551997668,40.051,84.22,44.169,sus_scrofa,Sus scrofa,84.22,human,Homo sapiens,40.051,False,False,False,background
H2AJ,spermatid,variant,8,2,72.145,72.145,31.20462225376234,50.08,94.21,44.129999999999995,macaca_mulatta,Macaca mulatta,94.21,bos_taurus,Bos taurus,50.08,False,False,False,background
H2AC25,mesenteric lymph node,clustered,6,2,73.5475,73.5475,31.130376041737758,51.535,95.56,44.025000000000006,sus_scrofa,Sus scrofa,95.56,bos_taurus,Bos taurus,51.535,False,False,False,background
H2AC13,testis,clustered,7,6,41.69694444444445,41.272499999999994,15.544296709249513,19.986666666666665,63.9,43.913333333333334,bos_taurus,Bos taurus,63.9,felis_catus,Felis catus,19.986666666666665,True,False,False,background
H2AC6,liver,clustered,7,7,71.80906037414965,70.53,17.98046482259009,46.72,90.51190476190476,43.79190476190476,human,Homo sapiens,90.51190476190476,equus_caballus,Equus caballus,46.72,True,False,False,background
H2AC15,kidney,clustered,5,2,50.915,50.915,30.907637405663994,29.06,72.77,43.709999999999994,human,Homo sapiens,72.77,canis_lupus_familiaris,Canis lupus familiaris,29.06,False,False,False,background
H2AC8,oviduct epithelium,clustered,6,3,69.04833333333333,71.705,21.970796715943944,45.87,89.57,43.699999999999996,equus_caballus,Equus caballus,89.57,bos_taurus,Bos taurus,45.87,False,False,False,background
H2AC17,colon,clustered,6,4,59.736666666666665,53.79833333333333,20.0583864422507,43.96,87.39,43.43,sus_scrofa,Sus scrofa,87.39,canis_lupus_familiaris,Canis lupus familiaris,43.96,True,False,False,background
H2AC14,bone marrow,clustered,7,3,77.16333333333334,75.65,21.749522600124653,56.21,99.63,43.419999999999995,pan_troglodytes,Pan troglodytes,99.63,bos_taurus,Bos taurus,56.21,False,False,False,background
H2AX,lymph node,variant,8,5,77.68833333333333,83.59166666666667,17.540820644681617,46.83,90.12,43.290000000000006,mus_musculus,Mus musculus,90.12,canis_lupus_familiaris,Canis lupus familiaris,46.83,True,False,False,background
H2AC17,brain,clustered,6,3,51.24166666666667,47.16,21.643111105692114,31.930000000000003,74.635,42.705,felis_catus,Felis catus,74.635,human,Homo sapiens,31.930000000000003,False,False,False,background
H2AC16,heart,clustered,4,2,40.784,40.784,29.90213156281672,19.64,61.928,42.288,human,Homo sapiens,61.928,canis_lupus_familiaris,Canis lupus familiaris,19.64,False,False,False,background
MACROH2A2,placenta,variant,8,3,70.735,74.975,21.402346249885777,47.53,89.7,42.17,canis_lupus_familiaris,Canis lupus familiaris,89.7,bos_taurus,Bos taurus,47.53,False,False,False,background
H2AC6,hypothalamus,clustered,7,3,58.67644444444445,48.12,22.96910921054463,42.88333333333333,85.02600000000001,42.14266666666668,human,Homo sapiens,85.02600000000001,bos_taurus,Bos taurus,42.88333333333333,False,False,False,background
H2AC20,brain,clustered,5,3,71.11694444444446,67.4925,21.29839858242694,51.86333333333334,93.995,42.13166666666667,felis_catus,Felis catus,93.995,human,Homo sapiens,51.86333333333334,False,False,False,background
H2AC25,brain,clustered,6,4,70.580625,71.68625,19.16470370835841,48.44,90.50999999999999,42.06999999999999,felis_catus,Felis catus,90.50999999999999,bos_taurus,Bos taurus,48.44,True,False,False,background
H2AC8,cerebellum,clustered,6,4,64.74666666666667,55.52333333333333,20.254096704946715,52.985,94.955,41.97,equus_caballus,Equus caballus,94.955,pan_troglodytes,Pan troglodytes,52.985,True,False,False,background
H2AC15,testis,clustered,5,4,40.64208333333333,44.65083333333334,19.497785884508737,15.66,57.60666666666666,41.94666666666666,bos_taurus,Bos taurus,57.60666666666666,canis_lupus_familiaris,Canis lupus familiaris,15.66,True,False,False,background
H2AJ,testis,variant,8,8,81.89915331196582,84.11480769230769,17.089019785486133,57.99,99.815,41.824999999999996,pan_troglodytes,Pan troglodytes,99.815,felis_catus,Felis catus,57.99,True,False,False,background
H2AC8,colon,clustered,6,4,58.617656249999996,63.7953125,19.628092142114138,32.6,74.28,41.68,pan_troglodytes,Pan troglodytes,74.28,bos_taurus,Bos taurus,32.6,True,False,False,background
H2AC8,temporal lobe,clustered,6,2,70.841,70.841,29.41422788379801,50.041999999999994,91.64,41.598000000000006,pan_troglodytes,Pan troglodytes,91.64,human,Homo sapiens,50.041999999999994,False,False,False,background
H2AC14,tonsil,clustered,7,2,77.85249999999999,77.85249999999999,29.355538020959525,57.095,98.61,41.515,sus_scrofa,Sus scrofa,98.61,human,Homo sapiens,57.095,False,False,False,background
H2AC14,stomach,clustered,7,3,64.72722222222222,61.16166666666667,20.869702676722902,45.87,87.15,41.28000000000001,sus_scrofa,Sus scrofa,87.15,canis_lupus_familiaris,Canis lupus familiaris,45.87,False,False,False,background
H2AC21,spleen,clustered,6,5,57.71331428571428,48.13,18.443851606031373,37.798,79.02,41.221999999999994,pan_troglodytes,Pan troglodytes,79.02,human,Homo sapiens,37.798,True,False,False,background
H2AC21,longissimus thoracis muscle,clustered,6,2,58.660192307692306,58.660192307692306,29.126000281220502,38.065,79.25538461538461,41.190384615384616,sus_scrofa,Sus scrofa,79.25538461538461,bos_taurus,Bos taurus,38.065,False,False,False,background
H2AC25,heart left ventricle,clustered,6,3,66.64785714285715,75.11,21.739255133870397,41.95,82.88357142857144,40.93357142857144,human,Homo sapiens,82.88357142857144,canis_lupus_familiaris,Canis lupus familiaris,41.95,False,False,False,background
H2AC25,olfactory segment of nasal mucosa,clustered,6,2,62.147499999999994,62.147499999999994,28.768639392574688,41.805,82.49,40.684999999999995,human,Homo sapiens,82.49,bos_taurus,Bos taurus,41.805,False,False,False,background
H2AC25,duodenum,clustered,6,3,74.3525,75.71,20.370202962906376,53.337500000000006,94.01,40.6725,sus_scrofa,Sus scrofa,94.01,bos_taurus,Bos taurus,53.337500000000006,False,False,False,background
H2AC1,liver,clustered,7,6,38.34327380952381,38.36696428571428,13.554638622424571,20.21,60.87571428571429,40.66571428571429,mus_musculus,Mus musculus,60.87571428571429,felis_catus,Felis catus,20.21,True,False,False,background
H2AC14,subcutaneous adipose tissue,clustered,7,3,47.74000000000001,48.7,20.297034266118786,26.98,67.54,40.56,sus_scrofa,Sus scrofa,67.54,human,Homo sapiens,26.98,False,False,False,background
H2AC25,pituitary gland,clustered,6,5,72.7076,73.68333333333334,16.490217535119285,55.22666666666667,95.65,40.42333333333334,sus_scrofa,Sus scrofa,95.65,bos_taurus,Bos taurus,55.22666666666667,True,False,False,background
MACROH2A2,lung,variant,8,5,60.827214285714284,51.87,18.454233531349704,41.2,81.59,40.39,canis_lupus_familiaris,Canis lupus familiaris,81.59,macaca_mulatta,Macaca mulatta,41.2,True,False,False,background
H2AC25,adult mammalian kidney,clustered,6,6,53.44044191919192,52.75208333333333,14.594516313474754,34.79666666666667,75.075,40.278333333333336,pan_troglodytes,Pan troglodytes,75.075,canis_lupus_familiaris,Canis lupus familiaris,34.79666666666667,True,False,False,background
H2AC17,ovary,clustered,6,3,51.339999999999996,58.95,21.189302594574567,27.396666666666665,67.67333333333333,40.27666666666667,sus_scrofa,Sus scrofa,67.67333333333333,human,Homo sapiens,27.396666666666665,False,False,False,background
H2AC19,liver,clustered,4,4,70.62013111888112,71.72276223776224,20.64871573747942,49.41,89.625,40.215,pan_troglodytes,Pan troglodytes,89.625,equus_caballus,Equus caballus,49.41,True,False,False,background
H2AC13,cerebral cortex,clustered,7,3,48.73833333333334,50.89,20.16876442257516,27.58,67.745,40.165000000000006,bos_taurus,Bos taurus,67.745,human,Homo sapiens,27.58,False,False,False,background
H2AJ,pituitary gland,variant,8,5,86.09558974358974,92.69,16.7379827866033,56.72,96.83999999999999,40.11999999999999,canis_lupus_familiaris,Canis lupus familiaris,96.83999999999999,pan_troglodytes,Pan troglodytes,56.72,True,False,False,background
H2AC8,testis,clustered,6,6,54.803952991452995,61.12833333333333,16.853970576223247,30.849999999999998,70.935,40.08500000000001,pan_troglodytes,Pan troglodytes,70.935,felis_catus,Felis catus,30.849999999999998,True,False,False,background
H2AC13,esophagus,clustered,7,3,49.36833333333333,42.785,20.835229980332183,32.62,72.69999999999999,40.07999999999999,bos_taurus,Bos taurus,72.69999999999999,mus_musculus,Mus musculus,32.62,False,False,False,background
H2AC11,ovary,clustered,6,4,60.424833333333325,65.58166666666666,18.95346066612169,35.33,75.20599999999999,39.87599999999999,human,Homo sapiens,75.20599999999999,bos_taurus,Bos taurus,35.33,True,False,False,background
H2AC15,lung,clustered,5,2,43.05714285714286,43.05714285714286,28.167093552293842,23.14,62.97428571428571,39.83428571428571,human,Homo sapiens,62.97428571428571,canis_lupus_familiaris,Canis lupus familiaris,23.14,False,False,False,background
H2AC17,blood,clustered,6,3,57.39270833333333,68.775625,22.206718475333275,31.802500000000002,71.6,39.79749999999999,canis_lupus_familiaris,Canis lupus familiaris,71.6,equus_caballus,Equus caballus,31.802500000000002,False,False,False,background
H2AC8,olfactory segment of nasal mucosa,clustered,6,3,51.24666666666667,49.02,19.96335225690649,32.49,72.23,39.74,human,Homo sapiens,72.23,bos_taurus,Bos taurus,32.49,False,False,False,background
H2AC8,heart,clustered,6,4,54.34466666666667,57.772999999999996,17.55436687677583,31.070000000000004,70.76266666666668,39.69266666666667,human,Homo sapiens,70.76266666666668,bos_taurus,Bos taurus,31.070000000000004,True,False,False,background
H2AX,heart left ventricle,variant,8,4,74.45178921568626,72.80191176470588,17.60777016892005,56.26333333333333,95.94,39.67666666666667,mus_musculus,Mus musculus,95.94,canis_lupus_familiaris,Canis lupus familiaris,56.26333333333333,True,False,False,background
H2AC13,Ammon's horn,clustered,7,3,47.02555555555555,36.06666666666667,21.907486374736358,32.76,72.25,39.49,bos_taurus,Bos taurus,72.25,human,Homo sapiens,32.76,False,False,False,background
H2AC13,liver,clustered,7,6,49.29443073593074,45.31142857142857,14.652002197171822,36.596,76.03999999999999,39.443999999999996,felis_catus,Felis catus,76.03999999999999,canis_lupus_familiaris,Canis lupus familiaris,36.596,True,False,False,background
H2AC11,temporal lobe,clustered,6,2,61.64,61.64,27.888291449997432,41.92,81.36,39.44,canis_lupus_familiaris,Canis lupus familiaris,81.36,human,Homo sapiens,41.92,False,False,False,background
H2AC6,frontal cortex,clustered,7,5,68.65517333333334,71.0,16.603545961136,51.97,91.37,39.400000000000006,macaca_mulatta,Macaca mulatta,91.37,canis_lupus_familiaris,Canis lupus familiaris,51.97,True,False,False,background
H2AC19,kidney,clustered,4,2,70.5575,70.5575,27.729192424230465,50.95,90.165,39.215,human,Homo sapiens,90.165,bos_taurus,Bos taurus,50.95,False,False,False,background
H2AC14,right lobe of liver,clustered,7,2,60.765,60.765,27.718585822512672,41.165,80.36500000000001,39.20000000000001,sus_scrofa,Sus scrofa,80.36500000000001,human,Homo sapiens,41.165,False,False,False,background
H2AC11,skeletal muscle tissue,clustered,6,2,46.760000000000005,46.760000000000005,27.669088347829604,27.195,66.325,39.13,canis_lupus_familiaris,Canis lupus familiaris,66.325,bos_taurus,Bos taurus,27.195,False,False,False,background
H2AC21,heart left ventricle,clustered,6,2,51.0875,51.0875,27.41806544050838,31.7,70.475,38.77499999999999,sus_scrofa,Sus scrofa,70.475,human,Homo sapiens,31.7,False,False,False,background
H2AC17,spleen,clustered,6,4,55.29926136363636,56.579772727272726,15.987831259881869,34.75,73.2875,38.537499999999994,sus_scrofa,Sus scrofa,73.2875,felis_catus,Felis catus,34.75,True,False,False,background
H2AC6,triceps brachii,clustered,7,3,71.085,83.91,22.230874364270967,45.415,83.93,38.51500000000001,bos_taurus,Bos taurus,83.93,equus_caballus,Equus caballus,45.415,False,False,False,background
H2AX,heart right ventricle,variant,8,3,66.94666666666667,74.98,20.440382416513966,43.71,82.15,38.440000000000005,human,Homo sapiens,82.15,canis_lupus_familiaris,Canis lupus familiaris,43.71,False,False,False,background
H2AC6,blood,clustered,7,4,81.27814102564102,83.4075,18.204708816193744,59.95166666666666,98.34589743589744,38.39423076923078,human,Homo sapiens,98.34589743589744,equus_caballus,Equus caballus,59.95166666666666,True,False,False,background
H2AC21,kidney,clustered,6,4,57.651250000000005,50.7975,17.517887227535937,45.37,83.64,38.27,human,Homo sapiens,83.64,bos_taurus,Bos taurus,45.37,True,False,False,background
H2AC19,gluteus medius,clustered,4,2,63.959166666666675,63.959166666666675,26.963160077945037,44.89333333333334,83.025,38.13166666666667,bos_taurus,Bos taurus,83.025,equus_caballus,Equus caballus,44.89333333333334,False,False,False,background
H2AC21,heart,clustered,6,5,53.3366,52.980000000000004,15.676957128218472,31.45,69.464,38.013999999999996,sus_scrofa,Sus scrofa,69.464,bos_taurus,Bos taurus,31.45,True,False,False,background
H2AX,hypothalamus,variant,8,4,71.11836111111111,71.16805555555555,17.69947792012696,52.07,90.06733333333334,37.99733333333334,human,Homo sapiens,90.06733333333334,canis_lupus_familiaris,Canis lupus familiaris,52.07,True,False,False,background
H2AC13,frontal cortex,clustered,7,2,48.82291666666667,48.82291666666667,26.828220533868606,29.8525,67.79333333333334,37.94083333333334,bos_taurus,Bos taurus,67.79333333333334,human,Homo sapiens,29.8525,False,False,False,background
H2AC13,adult mammalian kidney,clustered,7,5,41.75716666666666,46.67666666666667,14.966166398469136,20.54,58.365,37.825,felis_catus,Felis catus,58.365,canis_lupus_familiaris,Canis lupus familiaris,20.54,True,False,False,background
H2AC17,duodenum,clustered,6,2,69.98,69.98,26.742778464475226,51.07,88.89,37.82,sus_scrofa,Sus scrofa,88.89,human,Homo sapiens,51.07,False,False,False,background
H2AC14,skeletal muscle tissue,clustered,7,3,54.848888888888894,45.68,20.44190313311615,40.59666666666667,78.27000000000001,37.67333333333334,sus_scrofa,Sus scrofa,78.27000000000001,bos_taurus,Bos taurus,40.59666666666667,False,False,False,background
H2AC12,cerebral cortex,clustered,6,3,32.74333333333333,24.97,19.95952487744469,17.84,55.42,37.58,bos_taurus,Bos taurus,55.42,canis_lupus_familiaris,Canis lupus familiaris,17.84,False,False,False,background
H2AJ,temporal lobe,variant,8,3,79.04722222222222,81.02166666666666,18.807889917482722,59.33,96.79,37.46000000000001,canis_lupus_familiaris,Canis lupus familiaris,96.79,pan_troglodytes,Pan troglodytes,59.33,False,False,False,background
H2AC14,ileum,clustered,7,2,80.16399999999999,80.16399999999999,26.42599462650366,61.477999999999994,98.85,37.372,sus_scrofa,Sus scrofa,98.85,bos_taurus,Bos taurus,61.477999999999994,False,False,False,background
H2AC8,adult mammalian kidney,clustered,6,5,51.034,54.47,13.637644672824637,29.91,67.27333333333333,37.36333333333333,human,Homo sapiens,67.27333333333333,felis_catus,Felis catus,29.91,True,False,False,background
MACROH2A2,kidney,variant,8,5,65.923,64.16,13.562886676515435,50.04,87.33,37.29,human,Homo sapiens,87.33,bos_taurus,Bos taurus,50.04,True,False,False,background
H2AC6,saliva-secreting gland,clustered,7,3,70.794,78.862,19.7567676506052,48.28,85.24000000000001,36.96000000000001,bos_taurus,Bos taurus,85.24000000000001,canis_lupus_familiaris,Canis lupus familiaris,48.28,False,False,False,background
H2AC19,cerebellum,clustered,4,4,71.67854166666667,74.20125,15.4270287755056,50.715,87.59666666666668,36.881666666666675,human,Homo sapiens,87.59666666666668,bos_taurus,Bos taurus,50.715,True,False,False,background
H2AC6,colon,clustered,7,5,80.24366666666667,85.2,14.630158083751379,59.51,96.37,36.86000000000001,pan_troglodytes,Pan troglodytes,96.37,bos_taurus,Bos taurus,59.51,True,False,False,background
MACROH2A2,liver,variant,8,6,58.791888888888884,54.41166666666666,14.155359600074013,45.949999999999996,82.71000000000001,36.76000000000001,human,Homo sapiens,82.71000000000001,canis_lupus_familiaris,Canis lupus familiaris,45.949999999999996,True,False,False,background
H2AC25,ileum,clustered,6,2,79.5965,79.5965,25.962839684826474,61.238,97.95500000000001,36.71700000000001,sus_scrofa,Sus scrofa,97.95500000000001,bos_taurus,Bos taurus,61.238,False,False,False,background
H2AC15,heart,clustered,5,3,43.61484848484849,39.05,18.76834563290391,27.55,64.24454545454546,36.69454545454546,human,Homo sapiens,64.24454545454546,canis_lupus_familiaris,Canis lupus familiaris,27.55,False,False,False,background
H2AC21,adult mammalian kidney,clustered,6,6,56.122833333333325,55.81099999999999,14.05571556935707,37.71,74.35,36.63999999999999,pan_troglodytes,Pan troglodytes,74.35,equus_caballus,Equus caballus,37.71,True,False,False,background
H2AC14,spleen,clustered,7,5,55.0578,46.832,15.708910885226896,41.335,77.968,36.633,sus_scrofa,Sus scrofa,77.968,canis_lupus_familiaris,Canis lupus familiaris,41.335,True,False,False,background
MACROH2A2,muscle tissue,variant,8,4,59.067,55.072,15.894638467105814,44.774,81.35,36.57599999999999,human,Homo sapiens,81.35,equus_caballus,Equus caballus,44.774,True,False,False,background
MACROH2A2,right lobe of liver,variant,8,2,62.93055555555556,62.93055555555556,25.78189891626284,44.7,81.16111111111111,36.46111111111111,human,Homo sapiens,81.16111111111111,sus_scrofa,Sus scrofa,44.7,False,False,False,background
H2AC25,frontal cortex,clustered,6,5,66.70255238095237,67.21142857142857,15.770256070891708,46.53666666666666,82.81800000000001,36.28133333333335,human,Homo sapiens,82.81800000000001,bos_taurus,Bos taurus,46.53666666666666,True,False,False,background
H2AC21,lung,clustered,6,4,62.91815476190476,64.31714285714285,14.887605347559889,43.403333333333336,79.635,36.23166666666667,sus_scrofa,Sus scrofa,79.635,bos_taurus,Bos taurus,43.403333333333336,True,False,False,background
H2AC6,oviduct epithelium,clustered,7,3,84.02666666666666,90.86,19.052373430450423,62.5,98.72,36.22,equus_caballus,Equus caballus,98.72,bos_taurus,Bos taurus,62.5,False,False,False,background
H2AC17,pancreas,clustered,6,2,47.74166666666667,47.74166666666667,25.599622501556976,29.64,65.84333333333333,36.20333333333333,canis_lupus_familiaris,Canis lupus familiaris,65.84333333333333,human,Homo sapiens,29.64,False,False,False,background
MACROH2A2,smooth muscle tissue,variant,8,2,68.435,68.435,25.46291519052757,50.43,86.44,36.01,human,Homo sapiens,86.44,canis_lupus_familiaris,Canis lupus familiaris,50.43,False,False,False,background
H2AC19,heart,clustered,4,3,71.01683333333334,77.97999999999999,18.94794593309083,49.5725,85.498,35.92550000000001,human,Homo sapiens,85.498,bos_taurus,Bos taurus,49.5725,False,False,False,background
H2AJ,spermatocyte,variant,8,2,76.6,76.6,25.38513344459706,58.65,94.55,35.9,macaca_mulatta,Macaca mulatta,94.55,bos_taurus,Bos taurus,58.65,False,False,False,background
H2AC6,midbrain,clustered,7,2,64.881,64.881,25.34412125128823,46.96,82.80199999999999,35.84199999999999,human,Homo sapiens,82.80199999999999,bos_taurus,Bos taurus,46.96,False,False,False,background
H2AC11,tongue,clustered,6,2,60.05499999999999,60.05499999999999,25.321493834290266,42.15,77.96,35.809999999999995,canis_lupus_familiaris,Canis lupus familiaris,77.96,bos_taurus,Bos taurus,42.15,False,False,False,background
H2AC12,heart,clustered,6,4,41.124761904761904,40.10666666666667,15.641511879532331,24.24,60.04571428571428,35.80571428571429,human,Homo sapiens,60.04571428571428,canis_lupus_familiaris,Canis lupus familiaris,24.24,True,False,False,background
H2AC15,spleen,clustered,5,3,40.0675,47.8125,19.091998160224087,18.32,54.07,35.75,canis_lupus_familiaris,Canis lupus familiaris,54.07,felis_catus,Felis catus,18.32,False,False,False,background
H2AC13,lung,clustered,7,4,54.68226190476191,59.46119047619048,15.627482620609284,32.06,67.74666666666667,35.68666666666667,human,Homo sapiens,67.74666666666667,canis_lupus_familiaris,Canis lupus familiaris,32.06,True,False,False,background
H2AC6,Ammon's horn,clustered,7,3,72.41208333333334,83.75625000000001,20.173794586562877,49.12,84.36,35.24,macaca_mulatta,Macaca mulatta,84.36,bos_taurus,Bos taurus,49.12,False,False,False,background
MACROH2A2,temporal lobe,variant,8,3,65.98055555555555,69.94,17.735470135463725,46.6,81.40166666666666,34.801666666666655,human,Homo sapiens,81.40166666666666,pan_troglodytes,Pan troglodytes,46.6,False,False,False,background
H2AX,saliva-secreting gland,variant,8,2,61.66199999999999,61.66199999999999,24.567718005545405,44.29,79.03399999999999,34.74399999999999,human,Homo sapiens,79.03399999999999,canis_lupus_familiaris,Canis lupus familiaris,44.29,False,False,False,background
H2AC19,hypothalamus,clustered,4,2,68.46395833333334,68.46395833333334,24.46206446732312,51.166666666666664,85.76125,34.59458333333334,human,Homo sapiens,85.76125,bos_taurus,Bos taurus,51.166666666666664,False,False,False,background
H2AC17,tonsil,clustered,6,2,78.94,78.94,24.39518395093589,61.69,96.19,34.5,sus_scrofa,Sus scrofa,96.19,human,Homo sapiens,61.69,False,False,False,background
H2AC8,spleen,clustered,6,5,56.317499999999995,48.935,16.236590813652967,42.005,76.18,34.175000000000004,pan_troglodytes,Pan troglodytes,76.18,bos_taurus,Bos taurus,42.005,True,False,False,background
H2AC25,caecum,clustered,6,2,73.66333333333334,73.66333333333334,24.164195735748276,56.576666666666675,90.75,34.173333333333325,sus_scrofa,Sus scrofa,90.75,bos_taurus,Bos taurus,56.576666666666675,False,False,False,background
H2AC6,leukocyte,clustered,7,3,79.07303030303031,75.86909090909091,17.308845880936936,63.59,97.76,34.17,human,Homo sapiens,97.76,equus_caballus,Equus caballus,63.59,False,False,False,background
H2AC13,zone of skin,clustered,7,6,39.80027777777777,40.7675,11.283506567683778,23.56,57.666666666666664,34.10666666666667,bos_taurus,Bos taurus,57.666666666666664,mus_musculus,Mus musculus,23.56,True,False,False,background
H2AC25,pons,clustered,6,2,72.3125,72.3125,24.108805704555337,55.265,89.36,34.095,sus_scrofa,Sus scrofa,89.36,bos_taurus,Bos taurus,55.265,False,False,False,background
H2AC21,skeletal muscle tissue,clustered,6,5,55.102666666666664,47.91,14.521045722980457,43.163333333333334,77.23,34.06666666666667,sus_scrofa,Sus scrofa,77.23,bos_taurus,Bos taurus,43.163333333333334,True,False,False,background
H2AC14,caecum,clustered,7,2,80.06333333333333,80.06333333333333,23.909637294521126,63.156666666666666,96.97,33.81333333333333,sus_scrofa,Sus scrofa,96.97,bos_taurus,Bos taurus,63.156666666666666,False,False,False,background
H2AC6,heart,clustered,7,5,76.69033333333334,85.49266666666668,14.793402354503248,56.24,89.97200000000001,33.732000000000006,pan_troglodytes,Pan troglodytes,89.97200000000001,canis_lupus_familiaris,Canis lupus familiaris,56.24,True,False,False,background
H2AC12,endometrium,clustered,6,2,36.287000000000006,36.287000000000006,23.83939802092327,19.43,53.144000000000005,33.714000000000006,bos_taurus,Bos taurus,53.144000000000005,equus_caballus,Equus caballus,19.43,False,False,False,background
H2AC17,bone marrow,clustered,6,3,71.47666666666667,69.33,16.942306021711843,55.71,89.39,33.68,equus_caballus,Equus caballus,89.39,canis_lupus_familiaris,Canis lupus familiaris,55.71,False,False,False,background
MACROH2A2,adult mammalian kidney,variant,8,8,62.4553125,56.85166666666666,12.678585995478443,49.72,83.38416666666667,33.664166666666674,human,Homo sapiens,83.38416666666667,bos_taurus,Bos taurus,49.72,True,False,False,background
H2AC12,lung,clustered,6,3,46.24269841269842,46.19142857142857,16.828391908475556,29.44,63.096666666666664,33.656666666666666,human,Homo sapiens,63.096666666666664,canis_lupus_familiaris,Canis lupus familiaris,29.44,False,False,False,background
H2AC13,ovary,clustered,7,3,41.50083333333333,34.43,17.868287609150837,28.25,61.822500000000005,33.572500000000005,bos_taurus,Bos taurus,61.822500000000005,canis_lupus_familiaris,Canis lupus familiaris,28.25,False,False,False,background
H2AC13,spleen,clustered,7,5,57.366699999999994,60.15599999999999,12.629651569047956,37.12,70.64833333333333,33.52833333333333,mus_musculus,Mus musculus,70.64833333333333,canis_lupus_familiaris,Canis lupus familiaris,37.12,True,False,False,background
H2AC12,blood,clustered,6,3,44.91638888888889,53.89666666666667,18.473114404101896,23.67,57.1825,33.512499999999996,bos_taurus,Bos taurus,57.1825,equus_caballus,Equus caballus,23.67,False,False,False,background
H2AC6,lung,clustered,7,5,78.89768045112781,85.08947368421053,15.285817348278055,62.5025,95.96,33.457499999999996,pan_troglodytes,Pan troglodytes,95.96,canis_lupus_familiaris,Canis lupus familiaris,62.5025,True,False,False,background
H2AC21,tonsil,clustered,6,2,81.47999999999999,81.47999999999999,23.631508627254423,64.77,98.19,33.42,sus_scrofa,Sus scrofa,98.19,human,Homo sapiens,64.77,False,False,False,background
H2AC8,prefrontal cortex,clustered,6,4,44.21080357142857,45.818749999999994,13.758490459558608,25.91,59.29571428571428,33.385714285714286,human,Homo sapiens,59.29571428571428,felis_catus,Felis catus,25.91,True,False,False,background
H2AC21,ileum,clustered,6,2,81.99350000000001,81.99350000000001,23.548777133855594,65.342,98.64500000000001,33.30300000000001,sus_scrofa,Sus scrofa,98.64500000000001,bos_taurus,Bos taurus,65.342,False,False,False,background
H2AX,metanephros cortex,variant,8,3,65.64166666666667,65.185,16.594713264571144,49.28,82.46000000000001,33.18000000000001,human,Homo sapiens,82.46000000000001,canis_lupus_familiaris,Canis lupus familiaris,49.28,False,False,False,background
H2AC17,kidney,clustered,6,2,66.3,66.3,23.46180299976965,49.71,82.89,33.18,human,Homo sapiens,82.89,canis_lupus_familiaris,Canis lupus familiaris,49.71,False,False,False,background
H2AC13,leukocyte,clustered,7,3,56.6439393939394,64.24181818181819,17.805416214075816,36.3,69.39,33.09,human,Homo sapiens,69.39,equus_caballus,Equus caballus,36.3,False,False,False,background
H2AC11,cerebellum,clustered,6,2,63.4025,63.4025,23.373414652121333,46.875,79.93,33.05500000000001,equus_caballus,Equus caballus,79.93,canis_lupus_familiaris,Canis lupus familiaris,46.875,False,False,False,background
H2AC6,mammary gland,clustered,7,3,68.01166666666666,70.365,16.6452405609932,50.315,83.35499999999999,33.03999999999999,human,Homo sapiens,83.35499999999999,canis_lupus_familiaris,Canis lupus familiaris,50.315,False,False,False,background
H2AJ,brain,variant,8,5,77.8839,81.9045,12.481575914122386,57.61,90.61,33.0,bos_taurus,Bos taurus,90.61,felis_catus,Felis catus,57.61,True,False,False,background
H2AC12,zone of skin,clustered,6,3,48.928333333333335,52.49,16.773543404222416,30.66,63.635000000000005,32.97500000000001,canis_lupus_familiaris,Canis lupus familiaris,63.635000000000005,human,Homo sapiens,30.66,False,False,False,background
H2AX,epididymis,variant,8,2,78.02499999999999,78.02499999999999,23.228457761978074,61.6,94.44999999999999,32.84999999999999,mus_musculus,Mus musculus,94.44999999999999,sus_scrofa,Sus scrofa,61.6,False,False,False,background
H2AC25,kidney,clustered,6,3,49.52,49.2,16.392342724577226,33.29,66.07,32.779999999999994,human,Homo sapiens,66.07,canis_lupus_familiaris,Canis lupus familiaris,33.29,False,False,False,background
H2AX,head,variant,8,2,81.19333333333333,81.19333333333333,23.17424624208712,64.80666666666667,97.58,32.773333333333326,mus_musculus,Mus musculus,97.58,canis_lupus_familiaris,Canis lupus familiaris,64.80666666666667,False,False,False,background
H2AC11,stomach,clustered,6,2,50.35041666666667,50.35041666666667,23.17247847513415,33.965,66.73583333333333,32.77083333333333,human,Homo sapiens,66.73583333333333,canis_lupus_familiaris,Canis lupus familiaris,33.965,False,False,False,background
H2AC25,occipital cortex,clustered,6,2,60.800000000000004,60.800000000000004,23.1648181516713,44.42,77.18,32.760000000000005,sus_scrofa,Sus scrofa,77.18,canis_lupus_familiaris,Canis lupus familiaris,44.42,False,False,False,background
H2AC25,lung,clustered,6,4,53.49541666666667,55.61821428571429,14.782662077133967,35.00666666666667,67.73857142857143,32.731904761904765,human,Homo sapiens,67.73857142857143,canis_lupus_familiaris,Canis lupus familiaris,35.00666666666667,True,False,False,background
H2AC6,ovary,clustered,7,3,84.00166666666667,86.89,16.52293582670263,66.225,98.89,32.665000000000006,canis_lupus_familiaris,Canis lupus familiaris,98.89,bos_taurus,Bos taurus,66.225,False,False,False,background
H2AC25,thymus,clustered,6,3,80.8,86.74,17.07340329284118,61.55,94.11,32.56,pan_troglodytes,Pan troglodytes,94.11,bos_taurus,Bos taurus,61.55,False,False,False,background
MACROH2A2,pituitary gland,variant,8,5,72.63548717948717,77.555,12.878981693284222,54.01,86.28076923076924,32.27076923076924,human,Homo sapiens,86.28076923076924,pan_troglodytes,Pan troglodytes,54.01,True,False,False,background
H2AZ1,brainstem,variant,8,2,78.62833333333333,78.62833333333333,22.794765602850344,62.51,94.74666666666667,32.23666666666667,sus_scrofa,Sus scrofa,94.74666666666667,equus_caballus,Equus caballus,62.51,False,False,False,background
H2AC8,lung,clustered,6,4,54.87403571428571,57.106071428571425,15.969791017667047,36.564,68.72,32.156,pan_troglodytes,Pan troglodytes,68.72,bos_taurus,Bos taurus,36.564,True,False,False,background
H2AX,pituitary gland,variant,8,5,69.60907459207459,69.75666666666667,13.828212819560765,54.985,87.08461538461538,32.099615384615376,human,Homo sapiens,87.08461538461538,sus_scrofa,Sus scrofa,54.985,True,False,False,background
MACROH2A2,tongue,variant,8,3,64.9211111111111,56.04333333333333,17.7874338706769,53.32,85.4,32.080000000000005,human,Homo sapiens,85.4,canis_lupus_familiaris,Canis lupus familiaris,53.32,False,False,False,background
H2AC12,gall bladder,clustered,6,2,50.9275,50.9275,22.595597192816125,34.95,66.905,31.955,bos_taurus,Bos taurus,66.905,human,Homo sapiens,34.95,False,False,False,background
H2AC6,cerebral cortex,clustered,7,5,66.9072,74.09,14.69418223992067,47.475,79.31,31.835,pan_troglodytes,Pan troglodytes,79.31,canis_lupus_familiaris,Canis lupus familiaris,47.475,True,False,False,background
H2AC15,brain,clustered,5,4,45.01049999999999,44.596,13.116556496784257,29.509999999999998,61.339999999999996,31.83,felis_catus,Felis catus,61.339999999999996,canis_lupus_familiaris,Canis lupus familiaris,29.509999999999998,True,False,False,background
H2AC19,subcutaneous adipose tissue,clustered,4,2,66.73899999999999,66.73899999999999,22.501551990918315,50.827999999999996,82.64999999999999,31.821999999999996,human,Homo sapiens,82.64999999999999,bos_taurus,Bos taurus,50.827999999999996,False,False,False,background
MACROH2A2,spleen,variant,8,5,52.03326666666667,50.048,11.918649090116432,39.84,71.56666666666666,31.72666666666666,human,Homo sapiens,71.56666666666666,felis_catus,Felis catus,39.84,True,False,False,background
H2AC21,liver,clustered,6,6,52.03606944444444,45.59425,13.456251965001316,40.54625,72.27166666666666,31.72541666666666,macaca_mulatta,Macaca mulatta,72.27166666666666,bos_taurus,Bos taurus,40.54625,True,False,False,background
H2AC12,temporal lobe,clustered,6,2,44.64,44.64,22.302147878623703,28.87,60.41,31.539999999999996,human,Homo sapiens,60.41,canis_lupus_familiaris,Canis lupus familiaris,28.87,False,False,False,background
H2AC8,triceps brachii,clustered,6,2,40.292500000000004,40.292500000000004,22.291541276905914,24.53,56.055,31.525,bos_taurus,Bos taurus,56.055,equus_caballus,Equus caballus,24.53,False,False,False,background
H2AC7,blood,clustered,5,3,54.637708333333336,52.2425,15.881361180412345,40.09,71.580625,31.490624999999994,human,Homo sapiens,71.580625,canis_lupus_familiaris,Canis lupus familiaris,40.09,False,False,False,background
H2AC20,adipose tissue,clustered,5,2,80.645,80.645,22.26679253956439,64.89999999999999,96.39,31.49000000000001,macaca_mulatta,Macaca mulatta,96.39,human,Homo sapiens,64.89999999999999,False,False,False,background
H2AC8,blood,clustered,6,3,57.64771505376344,51.0775,16.716032455883898,45.215,76.65064516129033,31.435645161290324,human,Homo sapiens,76.65064516129033,equus_caballus,Equus caballus,45.215,False,False,False,background
H2AC13,kidney,clustered,7,3,73.36,82.935,17.757504751512812,52.87,84.275,31.40500000000001,mus_musculus,Mus musculus,84.275,bos_taurus,Bos taurus,52.87,False,False,False,background
H2AC6,myometrium,clustered,7,2,63.727500000000006,63.727500000000006,22.164262056292333,48.055,79.4,31.345000000000006,human,Homo sapiens,79.4,bos_taurus,Bos taurus,48.055,False,False,False,background
H2AC14,lung,clustered,7,3,53.219841269841275,59.012857142857136,16.450341003249896,34.656666666666666,65.99000000000001,31.333333333333343,sus_scrofa,Sus scrofa,65.99000000000001,bos_taurus,Bos taurus,34.656666666666666,False,False,False,background
H2AC12,esophagus,clustered,6,2,52.5325,52.5325,22.121835649421136,36.89,68.175,31.284999999999997,bos_taurus,Bos taurus,68.175,human,Homo sapiens,36.89,False,False,False,background
H2AC11,leukocyte,clustered,6,3,57.00666666666667,50.13,16.730798944860144,44.81,76.08,31.269999999999996,human,Homo sapiens,76.08,bos_taurus,Bos taurus,44.81,False,False,False,background
H2AC13,monocyte,clustered,7,2,63.480000000000004,63.480000000000004,22.06173157302028,47.88,79.08,31.199999999999996,human,Homo sapiens,79.08,bos_taurus,Bos taurus,47.88,False,False,False,background
MACROH2A2,urinary bladder,variant,8,3,68.81958333333334,68.83,15.59437760928064,53.22,84.40875,31.18875,human,Homo sapiens,84.40875,bos_taurus,Bos taurus,53.22,False,False,False,background
H2AC7,urinary bladder,clustered,5,3,48.339999999999996,41.419999999999995,16.692848768260017,36.22,67.38,31.159999999999997,bos_taurus,Bos taurus,67.38,canis_lupus_familiaris,Canis lupus familiaris,36.22,False,False,False,background
H2AC8,ovary,clustered,6,2,56.26943181818182,56.26943181818182,21.9725396949388,40.7325,71.80636363636364,31.07386363636364,human,Homo sapiens,71.80636363636364,bos_taurus,Bos taurus,40.7325,False,False,False,background
H2AC11,bone marrow,clustered,6,3,74.80333333333333,66.63,17.067027665452866,63.36,94.42,31.060000000000002,equus_caballus,Equus caballus,94.42,human,Homo sapiens,63.36,False,False,False,background
H2AC14,heart left ventricle,clustered,7,2,53.59,53.59,21.95566555584231,38.065,69.11500000000001,31.05000000000001,sus_scrofa,Sus scrofa,69.11500000000001,human,Homo sapiens,38.065,False,False,False,background
MACROH2A2,skeletal muscle tissue,variant,8,6,61.95770833333333,57.175,12.666336842608311,51.025,81.98125,30.956250000000004,human,Homo sapiens,81.98125,canis_lupus_familiaris,Canis lupus familiaris,51.025,True,False,False,background
H2AC19,triceps brachii,clustered,4,2,62.465,62.465,21.87081274209992,47.0,77.93,30.930000000000007,bos_taurus,Bos taurus,77.93,equus_caballus,Equus caballus,47.0,False,False,False,background
H2AC20,spleen,clustered,5,3,66.65363636363637,68.82090909090908,15.533808396712802,50.15,80.99000000000001,30.84000000000001,macaca_mulatta,Macaca mulatta,80.99000000000001,felis_catus,Felis catus,50.15,False,False,False,background
H2AC13,jejunum,clustered,7,3,52.95916666666667,47.7,16.0773746949971,40.17,71.0075,30.83749999999999,bos_taurus,Bos taurus,71.0075,canis_lupus_familiaris,Canis lupus familiaris,40.17,False,False,False,background
MACROH2A2,renal medulla,variant,8,3,64.94055555555555,56.875,16.922196496296195,53.56,84.38666666666667,30.826666666666668,human,Homo sapiens,84.38666666666667,canis_lupus_familiaris,Canis lupus familiaris,53.56,False,False,False,background
H2AX,pons,variant,8,3,78.24666666666667,84.1,16.22233748056467,59.91,90.73,30.820000000000007,human,Homo sapiens,90.73,sus_scrofa,Sus scrofa,59.91,False,False,False,background
H2AC11,colon,clustered,6,5,45.76652941176471,45.92,13.81366213918314,28.98,59.79764705882353,30.81764705882353,human,Homo sapiens,59.79764705882353,bos_taurus,Bos taurus,28.98,True,False,False,background
H2AC19,oviduct epithelium,clustered,4,2,55.02,55.02,21.750604589298206,39.64,70.4,30.760000000000005,equus_caballus,Equus caballus,70.4,bos_taurus,Bos taurus,39.64,False,False,False,background
MACROH2A2,Ammon's horn,variant,8,4,68.57954545454545,70.25909090909092,13.85006315188833,51.52,82.28,30.759999999999998,bos_taurus,Bos taurus,82.28,macaca_mulatta,Macaca mulatta,51.52,True,False,False,background
H2AC11,kidney,clustered,6,3,43.93333333333334,35.43,17.01153236288058,32.85,63.52,30.67,human,Homo sapiens,63.52,bos_taurus,Bos taurus,32.85,False,False,False,background
MACROH2A2,blood,variant,8,3,53.68543333333334,49.92,15.634508101099097,40.2775,70.8588,30.5813,human,Homo sapiens,70.8588,equus_caballus,Equus caballus,40.2775,False,False,False,background
H2AC7,oviduct epithelium,clustered,5,2,61.51,61.51,21.623325368684622,46.22,76.8,30.58,equus_caballus,Equus caballus,76.8,bos_taurus,Bos taurus,46.22,False,False,False,background
H2AC15,prefrontal cortex,clustered,5,4,35.97625,33.675000000000004,14.72841209759785,22.99,53.565,30.575,human,Homo sapiens,53.565,felis_catus,Felis catus,22.99,True,False,False,background
H2AC13,blood,clustered,7,4,63.19055147058823,68.60374999999999,13.978000896394894,42.5,73.05470588235295,30.55470588235295,human,Homo sapiens,73.05470588235295,equus_caballus,Equus caballus,42.5,True,False,False,background
H2AC20,olfactory segment of nasal mucosa,clustered,5,2,80.62,80.62,21.524330419318506,65.4,95.84,30.439999999999998,macaca_mulatta,Macaca mulatta,95.84,human,Homo sapiens,65.4,False,False,False,background
H2AC14,longissimus thoracis muscle,clustered,7,2,54.96041666666667,54.96041666666667,21.48602880200424,39.7675,70.15333333333334,30.385833333333338,sus_scrofa,Sus scrofa,70.15333333333334,bos_taurus,Bos taurus,39.7675,False,False,False,background
MACROH2A2,oviduct epithelium,variant,8,3,69.14777777777778,78.77333333333333,17.313841711613716,49.16,79.51,30.35000000000001,bos_taurus,Bos taurus,79.51,equus_caballus,Equus caballus,49.16,False,False,False,background
H2AC6,trachea,clustered,7,2,74.0325,74.0325,21.450084207293923,58.865,89.2,30.335,human,Homo sapiens,89.2,bos_taurus,Bos taurus,58.865,False,False,False,background
H2AC25,tonsil,clustered,6,2,81.78833333333333,81.78833333333333,21.441834628180086,66.62666666666667,96.95,30.323333333333338,sus_scrofa,Sus scrofa,96.95,human,Homo sapiens,66.62666666666667,False,False,False,background
H2AC19,lymph node,clustered,4,3,77.67666666666666,68.36,17.16899045760504,67.18,97.49,30.309999999999988,pan_troglodytes,Pan troglodytes,97.49,human,Homo sapiens,67.18,False,False,False,background
H2AC20,zone of skin,clustered,5,3,51.723333333333336,57.955,16.04250006493169,33.5,63.715,30.215000000000003,human,Homo sapiens,63.715,felis_catus,Felis catus,33.5,False,False,False,background
H2AC14,liver,clustered,7,7,39.24455782312925,39.02285714285715,9.074652078424565,23.13,53.26333333333334,30.133333333333344,sus_scrofa,Sus scrofa,53.26333333333334,felis_catus,Felis catus,23.13,True,False,False,background
MACROH2A2,caecum,variant,8,2,73.42083333333333,73.42083333333333,21.303948805848698,58.35666666666666,88.485,30.128333333333337,human,Homo sapiens,88.485,bos_taurus,Bos taurus,58.35666666666666,False,False,False,background
H2AX,medulla oblongata,variant,8,3,78.13333333333334,83.73,15.820733495427236,60.275000000000006,90.395,30.11999999999999,human,Homo sapiens,90.395,sus_scrofa,Sus scrofa,60.275000000000006,False,False,False,background
H2AC15,blood,clustered,5,3,61.315098039215684,59.37529411764706,15.068933420803207,47.31,77.26,29.950000000000003,canis_lupus_familiaris,Canis lupus familiaris,77.26,bos_taurus,Bos taurus,47.31,False,False,False,background
H2AC16,lung,clustered,4,2,45.045,45.045,21.107137418418446,30.12,59.970000000000006,29.850000000000005,human,Homo sapiens,59.970000000000006,canis_lupus_familiaris,Canis lupus familiaris,30.12,False,False,False,background
H2AC11,liver,clustered,6,5,48.17026666666666,52.074999999999996,12.413422330955582,30.316666666666666,60.125,29.808333333333334,sus_scrofa,Sus scrofa,60.125,bos_taurus,Bos taurus,30.316666666666666,True,False,False,background
H2AC25,temporal lobe,clustered,6,3,80.57000000000001,90.06,16.968179041959697,60.98,90.67,29.690000000000005,canis_lupus_familiaris,Canis lupus familiaris,90.67,pan_troglodytes,Pan troglodytes,60.98,False,False,False,background
H2AC21,adipose tissue,clustered,6,4,49.559374999999996,44.383750000000006,13.841681673933257,39.894999999999996,69.57499999999999,29.679999999999993,sus_scrofa,Sus scrofa,69.57499999999999,human,Homo sapiens,39.894999999999996,True,False,False,background
H2AC19,placenta,clustered,4,2,67.16,67.16,20.902076451874347,52.379999999999995,81.94,29.560000000000002,human,Homo sapiens,81.94,bos_taurus,Bos taurus,52.379999999999995,False,False,False,background
H2AC11,caecum,clustered,6,2,76.385,76.385,20.753584027825173,61.71,91.06,29.35,bos_taurus,Bos taurus,91.06,sus_scrofa,Sus scrofa,61.71,False,False,False,background
H2AC6,monocyte,clustered,7,2,84.515,84.515,20.753584027825166,69.84,99.19,29.349999999999994,human,Homo sapiens,99.19,bos_taurus,Bos taurus,69.84,False,False,False,background
MACROH2A2,colon,variant,8,5,60.345000000000006,55.64,12.25779139975877,52.83,82.135,29.305000000000007,human,Homo sapiens,82.135,pan_troglodytes,Pan troglodytes,52.83,True,False,False,background
MACROH2A2,metanephros cortex,variant,8,3,64.685,55.41,16.70095880481118,54.68,83.965,29.285000000000004,human,Homo sapiens,83.965,canis_lupus_familiaris,Canis lupus familiaris,54.68,False,False,False,background
H2AX,testis,variant,8,8,79.8469306680162,79.36153846153846,9.128835987094357,63.28666666666667,92.52486842105263,29.238201754385962,mus_musculus,Mus musculus,92.52486842105263,canis_lupus_familiaris,Canis lupus familiaris,63.28666666666667,True,False,False,background
H2AX,retina,variant,8,3,72.96210526315791,76.68,14.963670659707407,56.49,85.71631578947368,29.22631578947368,mus_musculus,Mus musculus,85.71631578947368,canis_lupus_familiaris,Canis lupus familiaris,56.49,False,False,False,background
H2AC25,skeletal muscle tissue,clustered,6,4,53.20625,51.445,12.260925994801536,40.375,69.56,29.185000000000002,sus_scrofa,Sus scrofa,69.56,canis_lupus_familiaris,Canis lupus familiaris,40.375,True,False,False,background
H2AC21,metanephros cortex,clustered,6,2,59.197500000000005,59.197500000000005,20.615698205493796,44.62,73.775,29.15500000000001,sus_scrofa,Sus scrofa,73.775,bos_taurus,Bos taurus,44.62,False,False,False,background
MACROH2A2,cardiac ventricle,variant,8,2,72.39500000000001,72.39500000000001,20.527309857845477,57.88,86.91000000000001,29.03000000000001,human,Homo sapiens,86.91000000000001,bos_taurus,Bos taurus,57.88,False,False,False,background
MACROH2A2,jejunum,variant,8,3,66.87166666666666,64.07,14.713927359251624,53.76,82.785,29.025,human,Homo sapiens,82.785,bos_taurus,Bos taurus,53.76,False,False,False,background
H2AC13,brain,clustered,7,5,41.12283333333333,38.59,11.825656717728428,30.046666666666667,59.05,29.00333333333333,bos_taurus,Bos taurus,59.05,mus_musculus,Mus musculus,30.046666666666667,True,False,False,background
H2AC7,kidney,clustered,5,2,69.87625,69.87625,20.444224811056053,55.42,84.3325,28.912499999999994,human,Homo sapiens,84.3325,bos_taurus,Bos taurus,55.42,False,False,False,background
H2AC14,frontal cortex,clustered,7,4,37.213750000000005,34.6125,13.610778434143041,25.37,54.26,28.889999999999997,sus_scrofa,Sus scrofa,54.26,pan_troglodytes,Pan troglodytes,25.37,True,False,False,background
MACROH2A2,frontal cortex,variant,8,6,66.2929970760234,66.45250000000001,9.470012923538228,53.02,81.82631578947368,28.80631578947368,human,Homo sapiens,81.82631578947368,macaca_mulatta,Macaca mulatta,53.02,True,False,False,background
H2AC11,endometrium,clustered,6,3,38.214999999999996,29.63,16.203847536927768,28.11,56.905,28.795,human,Homo sapiens,56.905,bos_taurus,Bos taurus,28.11,False,False,False,background
H2AC14,lymph node,clustered,7,3,56.406666666666666,47.5,16.326929697078178,46.47,75.25,28.78,pan_troglodytes,Pan troglodytes,75.25,human,Homo sapiens,46.47,False,False,False,background
H2AC15,ovary,clustered,5,2,69.47333333333333,69.47333333333333,20.345819117340927,55.086666666666666,83.86,28.773333333333333,canis_lupus_familiaris,Canis lupus familiaris,83.86,human,Homo sapiens,55.086666666666666,False,False,False,background
H2AC19,brain,clustered,4,2,60.15625,60.15625,20.28866131919501,45.81,74.5025,28.692499999999995,human,Homo sapiens,74.5025,bos_taurus,Bos taurus,45.81,False,False,False,background
MACROH2A2,lymph node,variant,8,3,61.75722222222222,52.7,16.350164825310316,51.94,80.63166666666666,28.691666666666663,human,Homo sapiens,80.63166666666666,bos_taurus,Bos taurus,51.94,False,False,False,background
H2AC1,kidney,clustered,7,4,36.8575,37.06,11.791257707867015,22.31,51.0,28.69,mus_musculus,Mus musculus,51.0,canis_lupus_familiaris,Canis lupus familiaris,22.31,True,False,False,background
MACROH2A2,hindlimb stylopod muscle,variant,8,3,67.14333333333333,60.275,15.522384105972035,56.24,84.91499999999999,28.67499999999999,human,Homo sapiens,84.91499999999999,macaca_mulatta,Macaca mulatta,56.24,False,False,False,background
H2AX,urinary bladder,variant,8,3,70.72712962962963,78.7825,15.91040085204121,52.4,80.99888888888889,28.598888888888887,mus_musculus,Mus musculus,80.99888888888889,canis_lupus_familiaris,Canis lupus familiaris,52.4,False,False,False,background
MACROH2A2,cortex of kidney,variant,8,4,65.24199999999999,60.73,12.76663004346357,55.48,84.02799999999999,28.547999999999995,human,Homo sapiens,84.02799999999999,bos_taurus,Bos taurus,55.48,True,False,False,background
MACROH2A2,leukocyte,variant,8,2,66.47437500000001,66.47437500000001,20.16049821510495,52.21875,80.73,28.511250000000004,human,Homo sapiens,80.73,bos_taurus,Bos taurus,52.21875,False,False,False,background
H2AC25,semimembranosus muscle,clustered,6,2,46.275000000000006,46.275000000000006,20.15961433162847,32.02,60.53,28.509999999999998,bos_taurus,Bos taurus,60.53,sus_scrofa,Sus scrofa,32.02,False,False,False,background
H2AC6,lymph node,clustered,7,4,82.01166666666667,81.49833333333333,11.838526090692191,68.27000000000001,96.78,28.50999999999999,pan_troglodytes,Pan troglodytes,96.78,canis_lupus_familiaris,Canis lupus familiaris,68.27000000000001,True,False,False,background
H2AC6,thymus,clustered,7,4,86.78875,88.1575,12.409289782927415,71.23,99.61,28.379999999999995,pan_troglodytes,Pan troglodytes,99.61,canis_lupus_familiaris,Canis lupus familiaris,71.23,True,False,False,background
H2AC15,pancreas,clustered,5,2,52.7175,52.7175,20.042941712732688,38.545,66.89,28.345,canis_lupus_familiaris,Canis lupus familiaris,66.89,human,Homo sapiens,38.545,False,False,False,background
H2AC8,lymph node,clustered,6,3,66.195,63.669999999999995,14.310556418252927,53.315,81.6,28.284999999999997,pan_troglodytes,Pan troglodytes,81.6,bos_taurus,Bos taurus,53.315,False,False,False,background
H2AC7,heart left ventricle,clustered,5,2,48.97,48.97,19.97576656851997,34.845,63.095,28.25,canis_lupus_familiaris,Canis lupus familiaris,63.095,human,Homo sapiens,34.845,False,False,False,background
MACROH2A2,trachea,variant,8,2,68.3025,68.3025,19.95101783117844,54.195,82.41,28.214999999999996,human,Homo sapiens,82.41,bos_taurus,Bos taurus,54.195,False,False,False,background
H2AC12,pancreas,clustered,6,2,43.0375,43.0375,19.88737822087165,28.975,57.1,28.125,canis_lupus_familiaris,Canis lupus familiaris,57.1,human,Homo sapiens,28.975,False,False,False,background
MACROH2A2,thymus,variant,8,3,72.47833333333334,72.1,14.031325964902003,58.64,86.695,28.054999999999993,human,Homo sapiens,86.695,canis_lupus_familiaris,Canis lupus familiaris,58.64,False,False,False,background
H2AC6,tongue,clustered,7,3,80.24777777777778,79.69,14.031650466527974,66.50333333333333,94.55,28.046666666666667,canis_lupus_familiaris,Canis lupus familiaris,94.55,bos_taurus,Bos taurus,66.50333333333333,False,False,False,background
H2AC21,frontal cortex,clustered,6,5,41.16166666666667,37.56,10.663762104539945,28.5,56.53333333333333,28.03333333333333,sus_scrofa,Sus scrofa,56.53333333333333,pan_troglodytes,Pan troglodytes,28.5,True,False,False,background
H2AC13,spermatid,clustered,7,3,78.00999999999999,78.61,13.989653319507239,63.73,91.69,27.96,mus_musculus,Mus musculus,91.69,bos_taurus,Bos taurus,63.73,False,False,False,background
H2AC6,retina,clustered,7,4,65.53999999999999,67.82,12.733787077430396,49.3,77.22,27.92,bos_taurus,Bos taurus,77.22,canis_lupus_familiaris,Canis lupus familiaris,49.3,True,False,False,background
MACROH2A2,ovary,variant,8,4,69.86153409090909,71.42181818181817,14.2399289352302,54.44,82.1625,27.722499999999997,bos_taurus,Bos taurus,82.1625,canis_lupus_familiaris,Canis lupus familiaris,54.44,True,False,False,background
H2AC11,thymus,clustered,6,3,65.06,69.82,14.431288923724036,48.85,76.51,27.660000000000004,human,Homo sapiens,76.51,bos_taurus,Bos taurus,48.85,False,False,False,background
H2AC1,heart,clustered,7,2,30.716874999999998,30.716874999999998,19.540012014613758,16.9,44.53375,27.63375,mus_musculus,Mus musculus,44.53375,canis_lupus_familiaris,Canis lupus familiaris,16.9,False,False,False,background
H2AC17,zone of skin,clustered,6,4,38.488,38.95,11.458813318431655,24.23,51.822,27.592000000000002,canis_lupus_familiaris,Canis lupus familiaris,51.822,equus_caballus,Equus caballus,24.23,True,False,False,background
H2AC21,prostate gland,clustered,6,2,48.62642857142857,48.62642857142857,19.49291365222401,34.84285714285714,62.41,27.567142857142855,bos_taurus,Bos taurus,62.41,human,Homo sapiens,34.84285714285714,False,False,False,background
H2AC14,uterus,clustered,7,2,55.248333333333335,55.248333333333335,19.44779350523401,41.49666666666667,69.0,27.50333333333333,sus_scrofa,Sus scrofa,69.0,bos_taurus,Bos taurus,41.49666666666667,False,False,False,background
H2AC20,skeletal muscle tissue,clustered,5,2,70.0125,70.0125,19.43482988091225,56.27,83.755,27.484999999999992,macaca_mulatta,Macaca mulatta,83.755,human,Homo sapiens,56.27,False,False,False,background
MACROH2A2,prefrontal cortex,variant,8,8,66.0930965909091,64.775,8.361098683278506,55.1,82.55250000000001,27.452500000000008,human,Homo sapiens,82.55250000000001,felis_catus,Felis catus,55.1,True,False,False,background
H2AX,amygdala,variant,8,3,78.81461538461538,84.03,14.431906241085384,62.5,89.91384615384617,27.413846153846166,human,Homo sapiens,89.91384615384617,sus_scrofa,Sus scrofa,62.5,False,False,False,background
MACROH2A2,stomach,variant,8,3,67.88527777777777,61.81,14.67360456959417,57.224999999999994,84.62083333333334,27.395833333333343,human,Homo sapiens,84.62083333333334,canis_lupus_familiaris,Canis lupus familiaris,57.224999999999994,False,False,False,background
H2AC8,cerebral cortex,clustered,6,4,44.44388888888889,48.36,12.324068942871179,26.84,54.215555555555554,27.375555555555554,human,Homo sapiens,54.215555555555554,bos_taurus,Bos taurus,26.84,True,False,False,background
H2AC7,testis,clustered,5,3,44.35055555555556,40.086666666666666,14.172027645774355,32.8,60.165,27.365000000000002,bos_taurus,Bos taurus,60.165,human,Homo sapiens,32.8,False,False,False,background
H2AC13,endometrium,clustered,7,3,44.28466666666666,49.83,14.48148077143126,27.85,55.174,27.323999999999998,bos_taurus,Bos taurus,55.174,equus_caballus,Equus caballus,27.85,False,False,False,background
H2AC13,pituitary gland,clustered,7,3,38.86388888888889,33.72,14.359315630292778,27.785,55.086666666666666,27.301666666666666,bos_taurus,Bos taurus,55.086666666666666,human,Homo sapiens,27.785,False,False,False,background
H2AC6,esophagus,clustered,7,2,74.25392857142856,74.25392857142856,19.288357761952195,60.614999999999995,87.89285714285714,27.277857142857144,human,Homo sapiens,87.89285714285714,bos_taurus,Bos taurus,60.614999999999995,False,False,False,background
H2AC13,gall bladder,clustered,7,2,61.41,61.41,19.219162312650358,47.82,75.0,27.18,bos_taurus,Bos taurus,75.0,human,Homo sapiens,47.82,False,False,False,background
H2AC20,cortex of kidney,clustered,5,2,75.755,75.755,19.183806973591032,62.19,89.32,27.129999999999995,macaca_mulatta,Macaca mulatta,89.32,human,Homo sapiens,62.19,False,False,False,background
H2AC16,liver,clustered,4,3,39.98972222222222,47.1025,14.896567285725535,22.87,49.99666666666667,27.12666666666667,macaca_mulatta,Macaca mulatta,49.99666666666667,canis_lupus_familiaris,Canis lupus familiaris,22.87,False,False,False,background
H2AC21,lymph node,clustered,6,3,62.855,54.965,15.175360786485438,53.25,80.35,27.099999999999994,pan_troglodytes,Pan troglodytes,80.35,human,Homo sapiens,53.25,False,False,False,background
H2AC25,esophagus,clustered,6,2,62.51375,62.51375,19.139612799766873,48.980000000000004,76.0475,27.067499999999995,human,Homo sapiens,76.0475,bos_taurus,Bos taurus,48.980000000000004,False,False,False,background
H2AC25,uterus,clustered,6,3,58.80555555555555,52.666666666666664,14.532380830152796,48.35,75.39999999999999,27.04999999999999,sus_scrofa,Sus scrofa,75.39999999999999,felis_catus,Felis catus,48.35,False,False,False,background
H2AC17,adult mammalian kidney,clustered,6,3,41.21111111111111,44.74666666666667,13.865628700468623,25.92,52.96666666666666,27.04666666666666,human,Homo sapiens,52.96666666666666,felis_catus,Felis catus,25.92,False,False,False,background
H2AC25,lymph node,clustered,6,4,57.42,53.6525,11.871116908979824,47.69,74.685,26.995000000000005,human,Homo sapiens,74.685,sus_scrofa,Sus scrofa,47.69,True,False,False,background
H2AC8,thyroid gland,clustered,6,2,56.71529411764706,56.71529411764706,19.071085833766592,43.23,70.20058823529412,26.970588235294123,human,Homo sapiens,70.20058823529412,bos_taurus,Bos taurus,43.23,False,False,False,background
H2AC25,small intestine,clustered,6,2,56.635000000000005,56.635000000000005,19.063598820789327,43.155,70.11500000000001,26.960000000000008,human,Homo sapiens,70.11500000000001,canis_lupus_familiaris,Canis lupus familiaris,43.155,False,False,False,background
H2AC13,triceps brachii,clustered,7,2,42.83,42.83,19.03531454954186,29.37,56.29,26.919999999999998,bos_taurus,Bos taurus,56.29,equus_caballus,Equus caballus,29.37,False,False,False,background
H2AC11,adipose tissue,clustered,6,4,44.0984375,44.981875,11.211357400672991,29.79,56.64,26.85,sus_scrofa,Sus scrofa,56.64,bos_taurus,Bos taurus,29.79,True,False,False,background
MACROH2A2,omental fat pad,variant,8,2,63.369772727272725,63.369772727272725,18.928927120190608,49.985,76.75454545454545,26.76954545454545,human,Homo sapiens,76.75454545454545,bos_taurus,Bos taurus,49.985,False,False,False,background
H2AX,spinal cord,variant,8,4,80.7695625,82.128125,11.197836432348218,66.03,92.792,26.762,human,Homo sapiens,92.792,canis_lupus_familiaris,Canis lupus familiaris,66.03,True,False,False,background
H2AC19,pituitary gland,clustered,4,3,76.62088888888889,83.89,14.786665018535126,59.60666666666666,86.366,26.759333333333338,human,Homo sapiens,86.366,bos_taurus,Bos taurus,59.60666666666666,False,False,False,background
H2AC20,superior frontal gyrus,clustered,5,2,61.305,61.305,18.900964261116417,47.94,74.67,26.730000000000004,macaca_mulatta,Macaca mulatta,74.67,human,Homo sapiens,47.94,False,False,False,background
H2AC12,stomach,clustered,6,2,49.15708333333333,49.15708333333333,18.8968394715595,35.795,62.51916666666667,26.72416666666667,human,Homo sapiens,62.51916666666667,canis_lupus_familiaris,Canis lupus familiaris,35.795,False,False,False,background
H2AX,bone marrow,variant,8,5,90.62885714285714,97.23,11.509238498542224,70.76,97.47,26.709999999999994,pan_troglodytes,Pan troglodytes,97.47,canis_lupus_familiaris,Canis lupus familiaris,70.76,True,False,False,background
H2AC12,brain,clustered,6,3,34.95611111111111,29.965,14.030730393332,24.103333333333335,50.8,26.696666666666662,bos_taurus,Bos taurus,50.8,human,Homo sapiens,24.103333333333335,False,False,False,background
H2AC12,bone marrow,clustered,6,3,63.041666666666664,61.6,13.365940233793252,50.455,77.07,26.614999999999995,human,Homo sapiens,77.07,bos_taurus,Bos taurus,50.455,False,False,False,background
H2AC20,muscle tissue,clustered,5,2,51.4325,51.4325,18.81964698127996,38.125,64.74,26.614999999999995,human,Homo sapiens,64.74,equus_caballus,Equus caballus,38.125,False,False,False,background
MACROH2A2,spinal cord,variant,8,3,65.82559523809523,58.9325,14.561984423444473,55.99,82.55428571428571,26.56428571428571,human,Homo sapiens,82.55428571428571,canis_lupus_familiaris,Canis lupus familiaris,55.99,False,False,False,background
H2AC12,frontal cortex,clustered,6,2,41.69833333333334,41.69833333333334,18.76425695008702,28.43,54.96666666666667,26.53666666666667,bos_taurus,Bos taurus,54.96666666666667,human,Homo sapiens,28.43,False,False,False,background
H2AC13,heart,clustered,7,4,55.6428125,53.4775,12.946150907018334,44.555,71.06125,26.50625,mus_musculus,Mus musculus,71.06125,bos_taurus,Bos taurus,44.555,True,False,False,background
H2AC15,adult mammalian kidney,clustered,5,4,42.432272727272725,42.59,11.590796612644985,29.04,55.50909090909091,26.46909090909091,human,Homo sapiens,55.50909090909091,felis_catus,Felis catus,29.04,True,False,False,background
H2AC20,cerebellum,clustered,5,3,68.49866666666667,66.94800000000001,13.30196155960967,56.04,82.508,26.467999999999996,equus_caballus,Equus caballus,82.508,human,Homo sapiens,56.04,False,False,False,background
MACROH2A2,corpus callosum,variant,8,2,66.0188888888889,66.0188888888889,18.62362126805103,52.85,79.18777777777778,26.33777777777778,human,Homo sapiens,79.18777777777778,sus_scrofa,Sus scrofa,52.85,False,False,False,background
MACROH2A2,duodenum,variant,8,2,66.52375,66.52375,18.605747179971036,53.3675,79.68,26.312500000000007,human,Homo sapiens,79.68,bos_taurus,Bos taurus,53.3675,False,False,False,background
H2AC13,olfactory segment of nasal mucosa,clustered,7,3,41.63166666666667,38.79,13.370923989512967,29.91,56.195,26.285,bos_taurus,Bos taurus,56.195,macaca_mulatta,Macaca mulatta,29.91,False,False,False,background
H2AC8,thymus,clustered,6,3,84.63333333333333,81.03,13.481143621122559,73.32,99.55,26.230000000000004,pan_troglodytes,Pan troglodytes,99.55,bos_taurus,Bos taurus,73.32,False,False,False,background
MACROH2A2,mammary gland,variant,8,3,67.52583333333332,65.6625,13.201496679669827,55.355,81.56,26.205000000000005,human,Homo sapiens,81.56,canis_lupus_familiaris,Canis lupus familiaris,55.355,False,False,False,background
H2AC19,skeletal muscle tissue,clustered,4,3,71.74694444444445,67.02333333333333,13.686877949673526,61.0475,87.17,26.122500000000002,pan_troglodytes,Pan troglodytes,87.17,bos_taurus,Bos taurus,61.0475,False,False,False,background
H2AX,uterus,variant,8,4,76.55875,78.675,10.921561529836296,61.42,87.465,26.045,mus_musculus,Mus musculus,87.465,felis_catus,Felis catus,61.42,True,False,False,background
H2AX,cartilage tissue,variant,8,2,75.19,75.19,18.39891844647397,62.18,88.2,26.020000000000003,human,Homo sapiens,88.2,canis_lupus_familiaris,Canis lupus familiaris,62.18,False,False,False,background
H2AC25,omental fat pad,clustered,6,2,59.72545454545454,59.72545454545454,18.378348067384906,46.73,72.72090909090909,25.990909090909092,human,Homo sapiens,72.72090909090909,bos_taurus,Bos taurus,46.73,False,False,False,background
H2AX,heart,variant,8,6,73.63942424242424,75.00316666666666,9.083019497335714,57.14333333333334,83.12954545454545,25.986212121212112,mus_musculus,Mus musculus,83.12954545454545,canis_lupus_familiaris,Canis lupus familiaris,57.14333333333334,True,False,False,background
H2AX,stomach,variant,8,4,73.52191666666667,73.56083333333333,11.61312319102833,60.489999999999995,86.476,25.986000000000004,mus_musculus,Mus musculus,86.476,sus_scrofa,Sus scrofa,60.489999999999995,True,False,False,background
H2AC6,cortex of kidney,clustered,7,4,82.7025,83.745,10.6748376256191,68.72,94.6,25.879999999999995,pan_troglodytes,Pan troglodytes,94.6,bos_taurus,Bos taurus,68.72,True,False,False,background
H2AJ,oviduct epithelium,variant,8,3,87.18333333333334,95.77,14.881204028348426,70.0,95.78,25.78,bos_taurus,Bos taurus,95.78,human,Homo sapiens,70.0,False,False,False,background
MACROH2A2,pons,variant,8,3,70.19833333333334,67.185,13.146610146092167,58.81999999999999,84.59,25.77000000000001,human,Homo sapiens,84.59,sus_scrofa,Sus scrofa,58.81999999999999,False,False,False,background
H2AC21,stomach,clustered,6,2,76.99875,76.99875,18.216838450318427,64.11749999999999,89.88,25.762500000000003,sus_scrofa,Sus scrofa,89.88,human,Homo sapiens,64.11749999999999,False,False,False,background
H2AC19,monocyte,clustered,4,2,85.27,85.27,18.144360005246806,72.44,98.1,25.659999999999997,human,Homo sapiens,98.1,bos_taurus,Bos taurus,72.44,False,False,False,background
H2AC16,heart left ventricle,clustered,4,2,45.764,45.764,18.13870315099732,32.938,58.59,25.652,canis_lupus_familiaris,Canis lupus familiaris,58.59,human,Homo sapiens,32.938,False,False,False,background
H2AC13,adipose tissue,clustered,7,3,42.355,39.81,13.010544761846058,30.805,56.449999999999996,25.644999999999996,bos_taurus,Bos taurus,56.449999999999996,human,Homo sapiens,30.805,False,False,False,background
H2AC15,colon,clustered,5,2,45.811,45.811,18.103347811937994,33.01,58.612,25.602000000000004,human,Homo sapiens,58.612,bos_taurus,Bos taurus,33.01,False,False,False,background
H2AX,zone of skin,variant,8,5,74.90062637362637,77.75384615384615,10.053477285653367,58.95,84.53428571428572,25.584285714285713,mus_musculus,Mus musculus,84.53428571428572,felis_catus,Felis catus,58.95,True,False,False,background
H2AC11,blood,clustered,6,5,56.42268571428572,58.120000000000005,10.079602036199807,44.25,69.79942857142858,25.549428571428578,human,Homo sapiens,69.79942857142858,bos_taurus,Bos taurus,44.25,True,False,False,background
H2AJ,Ammon's horn,variant,8,4,79.62863636363636,83.72727272727272,11.589414508513265,62.8,88.26,25.460000000000008,bos_taurus,Bos taurus,88.26,macaca_mulatta,Macaca mulatta,62.8,True,False,False,background
H2AX,dorsal plus ventral thalamus,variant,8,2,78.65916666666666,78.65916666666666,17.959333730836335,65.96,91.35833333333333,25.39833333333334,human,Homo sapiens,91.35833333333333,sus_scrofa,Sus scrofa,65.96,False,False,False,background
H2AC8,bone marrow,clustered,6,3,86.17166666666667,85.07,12.693406096605168,74.065,99.38,25.314999999999998,pan_troglodytes,Pan troglodytes,99.38,human,Homo sapiens,74.065,False,False,False,background
H2AC17,liver,clustered,6,5,55.721152380952375,52.68833333333333,9.407265617692216,45.75,71.04,25.290000000000006,sus_scrofa,Sus scrofa,71.04,felis_catus,Felis catus,45.75,True,False,False,background
H2AC1,lung,clustered,7,2,37.28791666666667,37.28791666666667,17.882141240556802,24.643333333333334,49.932500000000005,25.28916666666667,mus_musculus,Mus musculus,49.932500000000005,human,Homo sapiens,24.643333333333334,False,False,False,background
H2AC7,stomach,clustered,5,2,54.411249999999995,54.411249999999995,17.608726618498,41.96,66.8625,24.902499999999996,human,Homo sapiens,66.8625,canis_lupus_familiaris,Canis lupus familiaris,41.96,False,False,False,background
H2AC16,endometrium,clustered,4,2,44.79,44.79,17.522106037802647,32.4,57.18,24.78,equus_caballus,Equus caballus,57.18,human,Homo sapiens,32.4,False,False,False,background
H2AC25,blood,clustered,6,4,68.07901041666666,67.47333333333333,10.187552492728598,56.3625,81.006875,24.644374999999997,human,Homo sapiens,81.006875,bos_taurus,Bos taurus,56.3625,True,False,False,background
H2AC1,spermatid,clustered,7,2,81.12,81.12,17.423111088436524,68.8,93.44,24.64,mus_musculus,Mus musculus,93.44,macaca_mulatta,Macaca mulatta,68.8,False,False,False,background
H2AJ,liver,variant,8,8,90.34139508928571,94.03296130952381,9.266630860158422,72.72,97.355,24.635000000000005,sus_scrofa,Sus scrofa,97.355,equus_caballus,Equus caballus,72.72,True,False,False,background
H2AC13,saliva-secreting gland,clustered,7,2,44.2625,44.2625,17.398362351095003,31.96,56.565,24.604999999999997,bos_taurus,Bos taurus,56.565,human,Homo sapiens,31.96,False,False,False,background
H2AC19,esophagus,clustered,4,2,75.72874999999999,75.72874999999999,17.322348372117446,63.480000000000004,87.97749999999999,24.497499999999988,human,Homo sapiens,87.97749999999999,bos_taurus,Bos taurus,63.480000000000004,False,False,False,background
H2AC17,adipose tissue,clustered,6,3,54.44444444444445,58.1,12.616965797129113,40.403333333333336,64.83,24.426666666666662,sus_scrofa,Sus scrofa,64.83,human,Homo sapiens,40.403333333333336,False,False,False,background
H2AX,colon,variant,8,6,77.42069444444445,84.58583333333334,11.796911088367663,61.1,85.44,24.339999999999996,macaca_mulatta,Macaca mulatta,85.44,pan_troglodytes,Pan troglodytes,61.1,True,False,False,background
H2AC6,olfactory segment of nasal mucosa,clustered,7,3,68.54333333333334,75.57,13.570830237436956,52.9,77.16,24.259999999999998,human,Homo sapiens,77.16,bos_taurus,Bos taurus,52.9,False,False,False,background
H2AC14,Ammon's horn,clustered,7,2,41.81,41.81,17.083699833466987,29.730000000000004,53.89,24.159999999999997,bos_taurus,Bos taurus,53.89,human,Homo sapiens,29.730000000000004,False,False,False,background
H2AC21,saliva-secreting gland,clustered,6,2,41.515,41.515,17.034202358783933,29.47,53.56,24.090000000000003,bos_taurus,Bos taurus,53.56,human,Homo sapiens,29.47,False,False,False,background
H2AC11,smooth muscle tissue,clustered,6,2,62.47,62.47,16.97056274847714,50.47,74.47,24.0,canis_lupus_familiaris,Canis lupus familiaris,74.47,human,Homo sapiens,50.47,False,False,False,background
H2AX,cerebral cortex,variant,8,6,78.73494025157233,83.65632075471697,10.025245850403966,62.79,86.787,23.997000000000007,human,Homo sapiens,86.787,canis_lupus_familiaris,Canis lupus familiaris,62.79,True,False,False,background
H2AC11,heart,clustered,6,4,51.98979166666667,49.95791666666667,10.48357516888963,42.02333333333333,66.02,23.996666666666663,sus_scrofa,Sus scrofa,66.02,canis_lupus_familiaris,Canis lupus familiaris,42.02333333333333,True,False,False,background
H2AC13,thymus,clustered,7,3,68.08749999999999,72.0,12.46077119403129,54.14,78.1225,23.9825,mus_musculus,Mus musculus,78.1225,canis_lupus_familiaris,Canis lupus familiaris,54.14,False,False,False,background
H2AC19,myometrium,clustered,4,2,67.19999999999999,67.19999999999999,16.94227847722968,55.22,79.17999999999999,23.959999999999994,human,Homo sapiens,79.17999999999999,bos_taurus,Bos taurus,55.22,False,False,False,background
H2AC6,subcutaneous adipose tissue,clustered,7,2,65.90129186602871,65.90129186602871,16.868252178797324,53.973636363636366,77.82894736842105,23.85531100478469,human,Homo sapiens,77.82894736842105,bos_taurus,Bos taurus,53.973636363636366,False,False,False,background
H2AX,pancreas,variant,8,3,76.25142857142858,75.22,11.91068453626612,64.89,88.64428571428572,23.754285714285714,mus_musculus,Mus musculus,88.64428571428572,canis_lupus_familiaris,Canis lupus familiaris,64.89,False,False,False,background
H2AC6,kidney,clustered,7,4,78.43416666666667,79.1575,9.899639583787327,65.85,89.57166666666666,23.721666666666664,human,Homo sapiens,89.57166666666666,canis_lupus_familiaris,Canis lupus familiaris,65.85,True,False,False,background
H2AX,intestine,variant,8,2,83.83083333333332,83.83083333333332,16.639401072621435,72.065,95.59666666666665,23.531666666666652,mus_musculus,Mus musculus,95.59666666666665,human,Homo sapiens,72.065,False,False,False,background
H2AC6,corpus epididymis,clustered,7,2,80.805,80.805,16.638222561319463,69.04,92.57000000000001,23.53,human,Homo sapiens,92.57000000000001,bos_taurus,Bos taurus,69.04,False,False,False,background
H2AC19,cortex of kidney,clustered,4,3,84.32166666666667,84.76,11.748634317797677,72.36,95.845,23.485,pan_troglodytes,Pan troglodytes,95.845,human,Homo sapiens,72.36,False,False,False,background
H2AJ,cerebral cortex,variant,8,6,78.37305555555555,78.30666666666667,8.155519767935411,67.2,90.62,23.42,bos_taurus,Bos taurus,90.62,macaca_mulatta,Macaca mulatta,67.2,True,False,False,background
MACROH2A2,cartilage tissue,variant,8,2,66.345,66.345,16.553369747577076,54.64,78.05,23.409999999999997,human,Homo sapiens,78.05,canis_lupus_familiaris,Canis lupus familiaris,54.64,False,False,False,background
H2AC14,fibroblast,clustered,7,2,47.8975,47.8975,16.528621010235547,36.21,59.585,23.375,pan_troglodytes,Pan troglodytes,59.585,macaca_mulatta,Macaca mulatta,36.21,False,False,False,background
MACROH2A2,cerebral cortex,variant,8,6,69.76805555555556,68.185,8.0967287232881,61.05,84.42333333333333,23.373333333333335,human,Homo sapiens,84.42333333333333,canis_lupus_familiaris,Canis lupus familiaris,61.05,True,False,False,background
H2AC25,adenohypophysis,clustered,6,2,65.195,65.195,16.510943340705897,53.519999999999996,76.87,23.35000000000001,human,Homo sapiens,76.87,bos_taurus,Bos taurus,53.519999999999996,False,False,False,background
H2AC6,duodenum,clustered,7,2,79.50375,79.50375,16.44553596344614,67.875,91.13250000000001,23.257500000000007,human,Homo sapiens,91.13250000000001,bos_taurus,Bos taurus,67.875,False,False,False,background
H2AC8,kidney,clustered,6,3,56.98277777777778,52.915,12.148641480215588,47.39,70.64333333333333,23.25333333333333,human,Homo sapiens,70.64333333333333,bos_taurus,Bos taurus,47.39,False,False,False,background
H2AC20,frontal cortex,clustered,5,2,58.629999999999995,58.629999999999995,16.41901945915163,47.019999999999996,70.24,23.22,macaca_mulatta,Macaca mulatta,70.24,human,Homo sapiens,47.019999999999996,False,False,False,background
H2AC6,nasopharynx,clustered,7,2,74.235,74.235,16.327095577597383,62.69,85.78,23.090000000000003,human,Homo sapiens,85.78,bos_taurus,Bos taurus,62.69,False,False,False,background
H2AC6,uterus,clustered,7,2,73.19916666666667,73.19916666666667,16.271705546404448,61.69333333333333,84.70500000000001,23.011666666666684,human,Homo sapiens,84.70500000000001,bos_taurus,Bos taurus,61.69333333333333,False,False,False,background
H2AC19,Ammon's horn,clustered,4,2,73.618125,73.618125,16.17595150311876,62.18,85.05625,22.876250000000006,human,Homo sapiens,85.05625,bos_taurus,Bos taurus,62.18,False,False,False,background
H2AX,hair follicle,variant,8,2,84.58333333333333,84.58333333333333,16.155032927508653,73.16,96.00666666666666,22.846666666666664,mus_musculus,Mus musculus,96.00666666666666,canis_lupus_familiaris,Canis lupus familiaris,73.16,False,False,False,background
H2AC7,duodenum,clustered,5,2,46.02875,46.02875,16.134408979724054,34.62,57.4375,22.817500000000003,bos_taurus,Bos taurus,57.4375,human,Homo sapiens,34.62,False,False,False,background
MACROH2A2,esophagus,variant,8,2,73.51571428571428,73.51571428571428,16.10183156016224,62.129999999999995,84.90142857142857,22.771428571428572,human,Homo sapiens,84.90142857142857,bos_taurus,Bos taurus,62.129999999999995,False,False,False,background
H2AC6,bone marrow,clustered,7,5,88.68971428571429,86.87,8.780226590446956,76.48,99.25,22.769999999999996,pan_troglodytes,Pan troglodytes,99.25,bos_taurus,Bos taurus,76.48,True,False,False,background
H2AC7,lung,clustered,5,2,53.00857142857143,53.00857142857143,16.091730034716708,41.63,64.38714285714285,22.757142857142846,human,Homo sapiens,64.38714285714285,bos_taurus,Bos taurus,41.63,False,False,False,background
MACROH2A2,pancreas,variant,8,2,71.35583333333334,71.35583333333334,15.979434743513993,60.05666666666667,82.655,22.59833333333333,human,Homo sapiens,82.655,canis_lupus_familiaris,Canis lupus familiaris,60.05666666666667,False,False,False,background
MACROH2A2,heart left ventricle,variant,8,3,72.69379084967319,68.28999999999999,11.925303957726724,63.59666666666667,86.19470588235293,22.598039215686264,human,Homo sapiens,86.19470588235293,canis_lupus_familiaris,Canis lupus familiaris,63.59666666666667,False,False,False,background
H2AX,adrenal gland,variant,8,3,75.72,83.215,12.986051170390486,60.724999999999994,83.22,22.495000000000005,mus_musculus,Mus musculus,83.22,canis_lupus_familiaris,Canis lupus familiaris,60.724999999999994,False,False,False,background
H2AC7,pancreas,clustered,5,2,42.504999999999995,42.504999999999995,15.902831508885452,31.259999999999998,53.75,22.490000000000002,canis_lupus_familiaris,Canis lupus familiaris,53.75,human,Homo sapiens,31.259999999999998,False,False,False,background
H2AC15,pituitary gland,clustered,5,2,43.8515,43.8515,15.883739625793423,32.62,55.083000000000006,22.463000000000008,human,Homo sapiens,55.083000000000006,canis_lupus_familiaris,Canis lupus familiaris,32.62,False,False,False,background
H2AZ1,spinal cord,variant,8,3,88.72158333333334,94.92,12.445774233483164,74.39375,96.851,22.457250000000002,human,Homo sapiens,96.851,equus_caballus,Equus caballus,74.39375,False,False,False,background
MACROH2A1,testis,variant,8,8,82.88966987179487,82.15166666666667,6.693747785724049,72.01833333333333,94.39769230769231,22.37935897435898,human,Homo sapiens,94.39769230769231,bos_taurus,Bos taurus,72.01833333333333,True,False,False,background
H2AC13,prefrontal cortex,clustered,7,4,44.81041666666667,43.943333333333335,10.152393840589735,34.495000000000005,56.86,22.364999999999995,bos_taurus,Bos taurus,56.86,human,Homo sapiens,34.495000000000005,True,False,False,background
H2AX,brainstem,variant,8,3,71.13666666666667,72.425,11.213146674031035,59.335,81.65,22.315000000000005,mus_musculus,Mus musculus,81.65,sus_scrofa,Sus scrofa,59.335,False,False,False,background
H2AC8,adrenal gland,clustered,6,2,63.154583333333335,63.154583333333335,15.751392806581322,52.01666666666667,74.29249999999999,22.275833333333317,human,Homo sapiens,74.29249999999999,bos_taurus,Bos taurus,52.01666666666667,False,False,False,background
H2AC13,urinary bladder,clustered,7,3,51.78333333333333,55.43,11.559759224712826,38.84,61.08,22.239999999999995,bos_taurus,Bos taurus,61.08,human,Homo sapiens,38.84,False,False,False,background
H2AC19,muscle tissue,clustered,4,3,60.78492063492064,63.79,11.392194749448967,48.191428571428574,70.37333333333333,22.18190476190476,equus_caballus,Equus caballus,70.37333333333333,bos_taurus,Bos taurus,48.191428571428574,False,False,False,background
H2AC13,gluteus medius,clustered,7,2,45.3875,45.3875,15.665950737187961,34.31,56.465,22.155,bos_taurus,Bos taurus,56.465,equus_caballus,Equus caballus,34.31,False,False,False,background
H2AJ,brainstem,variant,8,2,75.58666666666667,75.58666666666667,15.664772225885985,64.51,86.66333333333334,22.153333333333336,sus_scrofa,Sus scrofa,86.66333333333334,equus_caballus,Equus caballus,64.51,False,False,False,background
H2AC12,muscle tissue,clustered,6,3,37.21083333333333,42.7225,12.050646334671569,23.39,45.52,22.130000000000003,human,Homo sapiens,45.52,equus_caballus,Equus caballus,23.39,False,False,False,background
H2AC25,muscle tissue,clustered,6,3,43.586666666666666,48.62,11.887995345445477,30.01,52.13,22.12,human,Homo sapiens,52.13,sus_scrofa,Sus scrofa,30.01,False,False,False,background
H2AC8,adipose tissue,clustered,6,3,52.58700000000001,52.031000000000006,11.065481327081981,41.81,63.92,22.11,macaca_mulatta,Macaca mulatta,63.92,bos_taurus,Bos taurus,41.81,False,False,False,background
MACROH2A2,heart,variant,8,6,72.38744444444444,69.86783333333334,8.986599803575858,62.845,84.95133333333334,22.10633333333334,human,Homo sapiens,84.95133333333334,bos_taurus,Bos taurus,62.845,True,False,False,background
H2AC6,metanephros cortex,clustered,7,3,71.31333333333333,68.86,11.22294673128824,61.52,83.56,22.04,human,Homo sapiens,83.56,canis_lupus_familiaris,Canis lupus familiaris,61.52,False,False,False,background
H2AC11,hindlimb stylopod muscle,clustered,6,2,43.644999999999996,43.644999999999996,15.577562389539635,32.63,54.66,22.029999999999994,human,Homo sapiens,54.66,macaca_mulatta,Macaca mulatta,32.63,False,False,False,background
H2AC25,myometrium,clustered,6,2,61.38964285714286,61.38964285714286,15.52048877077244,50.415,72.36428571428571,21.949285714285715,human,Homo sapiens,72.36428571428571,bos_taurus,Bos taurus,50.415,False,False,False,background
H2AC7,pituitary gland,clustered,5,3,42.97069444444444,38.04375,11.765161999030273,34.47,56.39833333333333,21.928333333333335,bos_taurus,Bos taurus,56.39833333333333,canis_lupus_familiaris,Canis lupus familiaris,34.47,False,False,False,background
MACROH2A2,saliva-secreting gland,variant,8,3,67.88,68.56,10.945853096035961,56.61,78.47,21.86,human,Homo sapiens,78.47,canis_lupus_familiaris,Canis lupus familiaris,56.61,False,False,False,background
H2AX,adult mammalian kidney,variant,8,8,71.46912356321839,72.01666666666667,6.316989029435228,58.974999999999994,80.815,21.840000000000003,human,Homo sapiens,80.815,felis_catus,Felis catus,58.974999999999994,True,False,False,background
H2AC14,heart,clustered,7,3,57.482,61.48,11.410965428043323,44.61,66.356,21.745999999999995,human,Homo sapiens,66.356,pan_troglodytes,Pan troglodytes,44.61,False,False,False,background
MACROH2A2,epithelium of bronchus,variant,8,2,65.25192307692308,65.25192307692308,15.361078928837914,54.39,76.11384615384615,21.723846153846154,human,Homo sapiens,76.11384615384615,equus_caballus,Equus caballus,54.39,False,False,False,background
H2AJ,adipose tissue,variant,8,5,93.10062500000001,98.433125,9.335434112997907,76.97,98.64,21.67,sus_scrofa,Sus scrofa,98.64,canis_lupus_familiaris,Canis lupus familiaris,76.97,True,False,False,background
H2AC25,liver,clustered,6,6,45.72311111111111,47.31,8.647423011553254,32.056666666666665,53.722,21.665333333333336,human,Homo sapiens,53.722,canis_lupus_familiaris,Canis lupus familiaris,32.056666666666665,True,False,False,background
H2AC25,Ammon's horn,clustered,6,2,72.175625,72.175625,15.267319289294038,61.38,82.97125,21.591249999999995,human,Homo sapiens,82.97125,sus_scrofa,Sus scrofa,61.38,False,False,False,background
H2AC17,heart,clustered,6,3,51.49680555555555,52.059999999999995,10.789571420902648,40.43666666666667,61.99375,21.55708333333333,human,Homo sapiens,61.99375,canis_lupus_familiaris,Canis lupus familiaris,40.43666666666667,False,False,False,background
MACROH2A2,adipose tissue,variant,8,5,63.96102564102564,62.291666666666664,8.838220166323966,51.86,73.39,21.53,canis_lupus_familiaris,Canis lupus familiaris,73.39,macaca_mulatta,Macaca mulatta,51.86,True,False,False,background
H2AC1,cortex of kidney,clustered,7,5,37.338,37.52,9.148962782742098,26.08,47.43,21.35,mus_musculus,Mus musculus,47.43,pan_troglodytes,Pan troglodytes,26.08,True,False,False,background
H2AX,cerebellum,variant,8,7,78.61010410830998,82.225,8.776756841718843,65.60499999999999,86.90411764705881,21.29911764705882,human,Homo sapiens,86.90411764705881,sus_scrofa,Sus scrofa,65.60499999999999,True,False,False,background
H2AC13,stomach,clustered,7,3,61.639611111111115,65.09083333333334,11.036420484938512,49.29,70.538,21.247999999999998,mus_musculus,Mus musculus,70.538,canis_lupus_familiaris,Canis lupus familiaris,49.29,False,False,False,background
H2AC20,cerebellar cortex,clustered,5,2,63.15,63.15,14.99066376115481,52.55,73.75,21.200000000000003,macaca_mulatta,Macaca mulatta,73.75,human,Homo sapiens,52.55,False,False,False,background
H2AC11,spinal cord,clustered,6,3,50.7175,48.915,10.68340915859727,41.05,62.1875,21.137500000000003,equus_caballus,Equus caballus,62.1875,canis_lupus_familiaris,Canis lupus familiaris,41.05,False,False,False,background
H2AC7,jejunum,clustered,5,2,47.13375,47.13375,14.939398519518782,36.57,57.6975,21.127499999999998,bos_taurus,Bos taurus,57.6975,canis_lupus_familiaris,Canis lupus familiaris,36.57,False,False,False,background
MACROH2A2,medulla oblongata,variant,8,2,72.12,72.12,14.884597743976828,61.595,82.645,21.049999999999997,human,Homo sapiens,82.645,sus_scrofa,Sus scrofa,61.595,False,False,False,background
H2AC13,omental fat pad,clustered,7,2,49.817499999999995,49.817499999999995,14.873991142259028,39.3,60.335,21.035000000000004,bos_taurus,Bos taurus,60.335,human,Homo sapiens,39.3,False,False,False,background
H2AX,blood,variant,8,5,84.1331862745098,81.8825,8.028957206602348,75.53166666666667,96.53,20.998333333333335,canis_lupus_familiaris,Canis lupus familiaris,96.53,equus_caballus,Equus caballus,75.53166666666667,True,False,False,background
MACROH2A2,aorta,variant,8,2,66.2175,66.2175,14.803280464140375,55.75,76.685,20.935000000000002,human,Homo sapiens,76.685,bos_taurus,Bos taurus,55.75,False,False,False,background
H2AC13,cerebellar cortex,clustered,7,2,37.63,37.63,14.792673862422575,27.17,48.09,20.92,mus_musculus,Mus musculus,48.09,human,Homo sapiens,27.17,False,False,False,background
H2AC13,duodenum,clustered,7,3,56.380833333333335,56.64,10.373678329470858,45.88,66.6225,20.7425,bos_taurus,Bos taurus,66.6225,human,Homo sapiens,45.88,False,False,False,background
H2AC15,temporal lobe,clustered,5,2,57.53875,57.53875,14.638878137514501,47.1875,67.89,20.7025,canis_lupus_familiaris,Canis lupus familiaris,67.89,human,Homo sapiens,47.1875,False,False,False,background
H2AC8,liver,clustered,6,5,54.96426666666666,56.855000000000004,8.41254074911709,44.873333333333335,65.455,20.581666666666663,human,Homo sapiens,65.455,bos_taurus,Bos taurus,44.873333333333335,True,False,False,background
H2AC13,dorsolateral prefrontal cortex,clustered,7,2,37.6475,37.6475,14.548722022913218,27.36,47.935,20.575000000000003,macaca_mulatta,Macaca mulatta,47.935,human,Homo sapiens,27.36,False,False,False,background
H2AC19,adipose tissue,clustered,4,2,71.27533333333334,71.27533333333334,14.540001039278582,60.99400000000001,81.55666666666667,20.562666666666665,human,Homo sapiens,81.55666666666667,bos_taurus,Bos taurus,60.99400000000001,False,False,False,background
H2AC11,small intestine,clustered,6,2,41.1925,41.1925,14.499224548230154,30.94,51.445,20.505,human,Homo sapiens,51.445,canis_lupus_familiaris,Canis lupus familiaris,30.94,False,False,False,background
H2AC11,prefrontal cortex,clustered,6,3,43.57416666666666,45.4925,10.368954965826275,32.38,52.85,20.47,canis_lupus_familiaris,Canis lupus familiaris,52.85,macaca_mulatta,Macaca mulatta,32.38,False,False,False,background
H2AC6,aorta,clustered,7,2,71.67750000000001,71.67750000000001,14.357803191992852,61.525000000000006,81.83000000000001,20.305000000000007,human,Homo sapiens,81.83000000000001,bos_taurus,Bos taurus,61.525000000000006,False,False,False,background
H2AC17,lung,clustered,6,3,56.46809523809524,58.25,10.263814914476947,45.43,65.72428571428571,20.294285714285714,human,Homo sapiens,65.72428571428571,canis_lupus_familiaris,Canis lupus familiaris,45.43,False,False,False,background
H2AC25,adrenal gland,clustered,6,2,67.38666666666667,67.38666666666667,14.349553612879015,57.24,77.53333333333335,20.293333333333344,human,Homo sapiens,77.53333333333335,bos_taurus,Bos taurus,57.24,False,False,False,background
H2AC14,adult mammalian kidney,clustered,7,3,49.65,46.945,10.404646798426173,40.865,61.14,20.275,sus_scrofa,Sus scrofa,61.14,macaca_mulatta,Macaca mulatta,40.865,False,False,False,background
H2AC13,spermatocyte,clustered,7,3,70.25,74.64,10.796531850552745,57.95,78.16,20.209999999999994,macaca_mulatta,Macaca mulatta,78.16,bos_taurus,Bos taurus,57.95,False,False,False,background
H2AJ,occipital lobe,variant,8,3,85.44,81.01,10.780737451584656,77.58,97.73,20.150000000000006,canis_lupus_familiaris,Canis lupus familiaris,97.73,bos_taurus,Bos taurus,77.58,False,False,False,background
H2AX,corpus callosum,variant,8,2,71.55250000000001,71.55250000000001,14.209310767943688,61.504999999999995,81.60000000000001,20.095000000000013,human,Homo sapiens,81.60000000000001,sus_scrofa,Sus scrofa,61.504999999999995,False,False,False,background
H2AC16,blood,clustered,4,2,53.166805555555555,53.166805555555555,14.11994032754371,43.1825,63.15111111111111,19.968611111111116,human,Homo sapiens,63.15111111111111,equus_caballus,Equus caballus,43.1825,False,False,False,background
H2AC13,prostate gland,clustered,7,2,47.80571428571429,47.80571428571429,14.105770132127077,37.83142857142857,57.78,19.948571428571434,bos_taurus,Bos taurus,57.78,human,Homo sapiens,37.83142857142857,False,False,False,background
H2AC12,olfactory segment of nasal mucosa,clustered,6,2,40.445,40.445,14.021927470929237,30.53,50.36,19.83,bos_taurus,Bos taurus,50.36,human,Homo sapiens,30.53,False,False,False,background
H2AC25,adipose tissue,clustered,6,3,62.550000000000004,64.93666666666667,10.097148662425012,51.473333333333336,71.24000000000001,19.766666666666673,sus_scrofa,Sus scrofa,71.24000000000001,bos_taurus,Bos taurus,51.473333333333336,False,False,False,background
H2AC17,cerebellum,clustered,6,2,48.24458333333334,48.24458333333334,13.969483717991233,38.36666666666667,58.1225,19.755833333333335,equus_caballus,Equus caballus,58.1225,canis_lupus_familiaris,Canis lupus familiaris,38.36666666666667,False,False,False,background
H2AC12,colon,clustered,6,3,51.22296296296296,49.32,10.011024129190103,42.3,62.0488888888889,19.7488888888889,human,Homo sapiens,62.0488888888889,macaca_mulatta,Macaca mulatta,42.3,False,False,False,background
H2AC13,thyroid gland,clustered,7,2,41.206,41.206,13.914447240188885,31.367,51.045,19.678,bos_taurus,Bos taurus,51.045,human,Homo sapiens,31.367,False,False,False,background
MACROH2A2,dorsal plus ventral thalamus,variant,8,2,71.1525,71.1525,13.912325919845324,61.315,80.99,19.674999999999997,human,Homo sapiens,80.99,sus_scrofa,Sus scrofa,61.315,False,False,False,background
H2AC25,subcutaneous adipose tissue,clustered,6,3,54.2460606060606,51.339999999999996,10.138251651861568,45.878181818181815,65.52,19.64181818181818,human,Homo sapiens,65.52,bos_taurus,Bos taurus,45.878181818181815,False,False,False,background
H2AC6,adipose tissue,clustered,7,4,79.69093137254902,79.6885294117647,8.95411948532076,69.88666666666667,89.5,19.61333333333333,macaca_mulatta,Macaca mulatta,89.5,bos_taurus,Bos taurus,69.88666666666667,True,False,False,background
MACROH2A2,large intestine,variant,8,2,72.2825,72.2825,13.792117767043607,62.53,82.035,19.504999999999995,human,Homo sapiens,82.035,canis_lupus_familiaris,Canis lupus familiaris,62.53,False,False,False,background
H2AC16,cerebellum,clustered,4,2,38.67,38.67,13.788582233137674,28.92,48.419999999999995,19.499999999999993,equus_caballus,Equus caballus,48.419999999999995,human,Homo sapiens,28.92,False,False,False,background
MACROH2A2,bone marrow,variant,8,4,64.16749999999999,63.1375,8.328237608682079,55.45,74.945,19.49499999999999,human,Homo sapiens,74.945,equus_caballus,Equus caballus,55.45,True,False,False,background
H2AC19,cerebral cortex,clustered,4,3,71.30666666666667,76.2,10.59446239000985,59.15,78.57,19.419999999999995,human,Homo sapiens,78.57,bos_taurus,Bos taurus,59.15,False,False,False,background
H2AC19,thyroid gland,clustered,4,2,73.06730769230768,73.06730769230768,13.728206192590207,63.36,82.77461538461537,19.414615384615374,human,Homo sapiens,82.77461538461537,bos_taurus,Bos taurus,63.36,False,False,False,background
MACROH2A2,cerebellum,variant,8,7,77.64380272108845,77.07333333333334,6.366448330104712,68.9675,88.37928571428571,19.411785714285713,human,Homo sapiens,88.37928571428571,pan_troglodytes,Pan troglodytes,68.9675,True,False,False,background
H2AC13,adrenal gland,clustered,7,3,61.291111111111114,64.42333333333333,10.067330184166854,50.03,69.42,19.39,mus_musculus,Mus musculus,69.42,human,Homo sapiens,50.03,False,False,False,background
H2AC8,omental fat pad,clustered,6,2,52.71477272727273,52.71477272727273,13.689265871598296,43.035,62.39454545454546,19.35954545454546,human,Homo sapiens,62.39454545454546,bos_taurus,Bos taurus,43.035,False,False,False,background
H2AX,muscle tissue,variant,8,4,76.36369444444443,78.11388888888888,8.179160271313132,64.99199999999999,84.235,19.24300000000001,sus_scrofa,Sus scrofa,84.235,equus_caballus,Equus caballus,64.99199999999999,True,False,False,background
H2AC14,saliva-secreting gland,clustered,7,2,36.324999999999996,36.324999999999996,13.555236995346114,26.74,45.91,19.169999999999998,bos_taurus,Bos taurus,45.91,human,Homo sapiens,26.74,False,False,False,background
H2AC25,renal medulla,clustered,6,2,48.1125,48.1125,13.523417190192722,38.55,57.675,19.125,bos_taurus,Bos taurus,57.675,canis_lupus_familiaris,Canis lupus familiaris,38.55,False,False,False,background
H2AC6,pituitary gland,clustered,7,4,88.38214285714285,89.73761904761905,8.14802154758035,77.50333333333333,96.55,19.046666666666667,pan_troglodytes,Pan troglodytes,96.55,canis_lupus_familiaris,Canis lupus familiaris,77.50333333333333,True,False,False,background
H2AC11,muscle tissue,clustered,6,4,40.463541666666664,41.098749999999995,7.84112911060433,30.346666666666664,49.31,18.96333333333334,human,Homo sapiens,49.31,bos_taurus,Bos taurus,30.346666666666664,True,False,False,background
H2AC6,brain,clustered,7,5,73.39835714285714,73.44749999999999,8.20927704285381,64.19,83.14,18.950000000000003,felis_catus,Felis catus,83.14,canis_lupus_familiaris,Canis lupus familiaris,64.19,True,False,False,background
H2AC21,cortex of kidney,clustered,6,4,45.2925,44.485,7.765236098578503,36.66,55.54,18.880000000000003,macaca_mulatta,Macaca mulatta,55.54,pan_troglodytes,Pan troglodytes,36.66,True,False,False,background
H2AJ,prefrontal cortex,variant,8,8,77.21424715909092,77.9825,6.3385770291868075,65.65,84.5,18.849999999999994,sus_scrofa,Sus scrofa,84.5,felis_catus,Felis catus,65.65,True,False,False,background
H2AC6,renal medulla,clustered,7,3,80.14055555555557,78.59,9.496253696024505,71.515,90.31666666666666,18.801666666666662,human,Homo sapiens,90.31666666666666,bos_taurus,Bos taurus,71.515,False,False,False,background
H2AX,temporal lobe,variant,8,4,86.7771875,87.084375,7.821446901988468,77.08,95.86,18.78,canis_lupus_familiaris,Canis lupus familiaris,95.86,pan_troglodytes,Pan troglodytes,77.08,True,False,False,background
MACROH2A2,brain,variant,8,5,71.06635714285714,69.3725,7.737929731563366,63.53,82.24428571428572,18.714285714285722,human,Homo sapiens,82.24428571428572,felis_catus,Felis catus,63.53,True,False,False,background
MACROH2A2,occipital lobe,variant,8,3,72.12416666666667,69.41,9.642141986267019,64.13,82.8325,18.7025,human,Homo sapiens,82.8325,bos_taurus,Bos taurus,64.13,False,False,False,background
H2AC25,bone marrow,clustered,6,3,69.02333333333333,69.23,9.341714689142107,59.58,78.26,18.680000000000007,human,Homo sapiens,78.26,bos_taurus,Bos taurus,59.58,False,False,False,background
H2AC6,stomach,clustered,7,2,79.58500000000001,79.58500000000001,13.201683604752839,70.25,88.92,18.67,human,Homo sapiens,88.92,canis_lupus_familiaris,Canis lupus familiaris,70.25,False,False,False,background
H2AC12,ovary,clustered,6,2,40.753750000000004,40.753750000000004,13.192844769988014,31.425,50.0825,18.657500000000002,bos_taurus,Bos taurus,50.0825,human,Homo sapiens,31.425,False,False,False,background
H2AC11,uterus,clustered,6,3,41.98833333333334,45.37,9.76691140193937,30.98,49.614999999999995,18.634999999999994,human,Homo sapiens,49.614999999999995,bos_taurus,Bos taurus,30.98,False,False,False,background
H2AC15,uterus,clustered,5,2,37.692499999999995,37.692499999999995,13.162792731787587,28.384999999999998,47.0,18.615000000000002,human,Homo sapiens,47.0,bos_taurus,Bos taurus,28.384999999999998,False,False,False,background
MACROH2A2,longissimus thoracis muscle,variant,8,2,61.27366071428571,61.27366071428571,13.137917725377978,51.98375,70.56357142857142,18.57982142857142,sus_scrofa,Sus scrofa,70.56357142857142,bos_taurus,Bos taurus,51.98375,False,False,False,background
MACROH2A1,granulocyte,variant,8,2,89.025,89.025,13.130972926634188,79.74,98.31,18.570000000000007,human,Homo sapiens,98.31,canis_lupus_familiaris,Canis lupus familiaris,79.74,False,False,False,background
MACROH2A2,subcutaneous adipose tissue,variant,8,3,64.65909867909868,62.55666666666667,9.458133011303849,56.42909090909091,74.99153846153845,18.562447552447544,human,Homo sapiens,74.99153846153845,bos_taurus,Bos taurus,56.42909090909091,False,False,False,background
H2AC15,heart left ventricle,clustered,5,2,50.34676470588235,50.34676470588235,13.119326462002883,41.07,59.62352941176471,18.553529411764707,human,Homo sapiens,59.62352941176471,canis_lupus_familiaris,Canis lupus familiaris,41.07,False,False,False,background
H2AC21,pons,clustered,6,2,64.5475,64.5475,13.085010985857059,55.295,73.8,18.504999999999995,sus_scrofa,Sus scrofa,73.8,bos_taurus,Bos taurus,55.295,False,False,False,background
H2AC21,brainstem,clustered,6,2,70.15833333333333,70.15833333333333,13.079118429347176,60.91,79.40666666666667,18.49666666666667,sus_scrofa,Sus scrofa,79.40666666666667,equus_caballus,Equus caballus,60.91,False,False,False,background
H2AC8,dorsolateral prefrontal cortex,clustered,6,3,47.594047619047615,49.77,9.436149290646801,37.26,55.75214285714286,18.49214285714286,human,Homo sapiens,55.75214285714286,pan_troglodytes,Pan troglodytes,37.26,False,False,False,background
MACROH2A2,retina,variant,8,3,68.11666666666666,68.08,9.225054652051298,58.91,77.36,18.450000000000003,bos_taurus,Bos taurus,77.36,canis_lupus_familiaris,Canis lupus familiaris,58.91,False,False,False,background
H2AC15,cerebral cortex,clustered,5,3,39.971666666666664,43.635,9.75055938566261,28.92,47.36,18.439999999999998,macaca_mulatta,Macaca mulatta,47.36,canis_lupus_familiaris,Canis lupus familiaris,28.92,False,False,False,background
H2AC11,ileum,clustered,6,2,77.22,77.22,13.017835841644338,68.015,86.425,18.409999999999997,bos_taurus,Bos taurus,86.425,sus_scrofa,Sus scrofa,68.015,False,False,False,background
MACROH2A2,endometrium,variant,8,3,78.65006944444444,74.25333333333333,9.955386419645778,71.65,90.046875,18.396874999999994,human,Homo sapiens,90.046875,equus_caballus,Equus caballus,71.65,False,False,False,background
H2AC1,adult mammalian kidney,clustered,7,6,44.89000000000001,45.5325,6.1049086807257,35.35,53.635000000000005,18.285000000000004,mus_musculus,Mus musculus,53.635000000000005,canis_lupus_familiaris,Canis lupus familiaris,35.35,True,False,False,background
MACROH2A1,spermatocyte,variant,8,2,68.00999999999999,68.00999999999999,12.89762768884263,58.89,77.13,18.239999999999995,macaca_mulatta,Macaca mulatta,77.13,bos_taurus,Bos taurus,58.89,False,False,False,background
H2AX,subcutaneous adipose tissue,variant,8,3,82.72571428571429,78.55000000000001,9.807482462125424,75.69714285714285,93.92999999999999,18.232857142857142,sus_scrofa,Sus scrofa,93.92999999999999,human,Homo sapiens,75.69714285714285,False,False,False,background
H2AX,kidney,variant,8,5,79.06977777777777,75.88,7.084135527560115,71.88,90.07,18.189999999999998,sus_scrofa,Sus scrofa,90.07,canis_lupus_familiaris,Canis lupus familiaris,71.88,True,False,False,background
H2AC8,skeletal muscle tissue,clustered,6,3,55.98666666666667,56.019999999999996,9.090045837801549,46.88,65.06,18.18,pan_troglodytes,Pan troglodytes,65.06,bos_taurus,Bos taurus,46.88,False,False,False,background
MACROH2A2,hypothalamus,variant,8,4,70.31675,68.13749999999999,8.094902238446123,63.41,81.58200000000001,18.17200000000001,human,Homo sapiens,81.58200000000001,bos_taurus,Bos taurus,63.41,True,False,False,background
MACROH2A2,amygdala,variant,8,2,72.2459090909091,72.2459090909091,12.806989455981446,63.19,81.30181818181818,18.11181818181818,human,Homo sapiens,81.30181818181818,sus_scrofa,Sus scrofa,63.19,False,False,False,background
H2AX,prefrontal cortex,variant,8,8,79.28908508158509,80.70454545454545,6.994245597762526,69.57,87.68,18.110000000000014,sus_scrofa,Sus scrofa,87.68,felis_catus,Felis catus,69.57,True,False,False,background
H2AC21,superior frontal gyrus,clustered,6,3,36.355,34.23,9.227866763234069,28.375,46.46,18.085,macaca_mulatta,Macaca mulatta,46.46,pan_troglodytes,Pan troglodytes,28.375,False,False,False,background
H2AC6,jejunum,clustered,7,3,71.76583333333333,67.1375,9.870486415741286,65.06,83.1,18.039999999999992,human,Homo sapiens,83.1,canis_lupus_familiaris,Canis lupus familiaris,65.06,False,False,False,background
H2AC11,zone of skin,clustered,6,3,38.742380952380955,40.534285714285716,9.129289076791196,28.85,46.84285714285714,17.99285714285714,canis_lupus_familiaris,Canis lupus familiaris,46.84285714285714,equus_caballus,Equus caballus,28.85,False,False,False,background
H2AX,spleen,variant,8,7,83.98607943177271,84.51142857142858,6.005471312478307,76.46,94.44029411764706,17.980294117647063,mus_musculus,Mus musculus,94.44029411764706,felis_catus,Felis catus,76.46,True,False,False,background
H2AC7,colon,clustered,5,2,50.21666666666667,50.21666666666667,12.680781609278748,41.25,59.18333333333333,17.93333333333333,human,Homo sapiens,59.18333333333333,bos_taurus,Bos taurus,41.25,False,False,False,background
H2AC8,adenohypophysis,clustered,6,2,56.473333333333336,56.473333333333336,12.676067564070838,47.510000000000005,65.43666666666667,17.926666666666662,human,Homo sapiens,65.43666666666667,bos_taurus,Bos taurus,47.510000000000005,False,False,False,background
H2AC8,leukocyte,clustered,6,2,66.58277777777778,66.58277777777778,12.667425147856346,57.62555555555556,75.54,17.91444444444445,human,Homo sapiens,75.54,bos_taurus,Bos taurus,57.62555555555556,False,False,False,background
H2AC11,longissimus thoracis muscle,clustered,6,2,37.681875,37.681875,12.652791965856784,28.735,46.62875,17.893749999999997,sus_scrofa,Sus scrofa,46.62875,bos_taurus,Bos taurus,28.735,False,False,False,background
H2AC25,leukocyte,clustered,6,2,68.5265,68.5265,12.648018995083774,59.583000000000006,77.47,17.886999999999993,human,Homo sapiens,77.47,bos_taurus,Bos taurus,59.583000000000006,False,False,False,background
H2AC16,placenta,clustered,4,2,44.3,44.3,12.64306924761547,35.36,53.24,17.880000000000003,canis_lupus_familiaris,Canis lupus familiaris,53.24,human,Homo sapiens,35.36,False,False,False,background
H2AJ,lymph node,variant,8,5,90.46833333333333,92.42166666666667,7.235430859473556,77.865,95.715,17.85000000000001,bos_taurus,Bos taurus,95.715,canis_lupus_familiaris,Canis lupus familiaris,77.865,True,False,False,background
H2AC7,heart,clustered,5,3,47.721805555555555,42.95,9.768241130320877,41.25666666666667,58.958749999999995,17.702083333333327,human,Homo sapiens,58.958749999999995,bos_taurus,Bos taurus,41.25666666666667,False,False,False,background
H2AC14,metanephros cortex,clustered,7,2,50.785000000000004,50.785000000000004,12.494576823566296,41.95,59.620000000000005,17.67,sus_scrofa,Sus scrofa,59.620000000000005,bos_taurus,Bos taurus,41.95,False,False,False,background
H2AC7,adult mammalian kidney,clustered,5,4,43.09375,43.131249999999994,8.43566893711854,34.24,51.8725,17.6325,human,Homo sapiens,51.8725,canis_lupus_familiaris,Canis lupus familiaris,34.24,True,False,False,background
H2AJ,kidney,variant,8,5,92.34066666666666,95.555,6.944148475915215,80.67833333333333,98.28,17.601666666666674,sus_scrofa,Sus scrofa,98.28,human,Homo sapiens,80.67833333333333,True,False,False,background
MACROH2A2,heart right ventricle,variant,8,2,74.34083333333334,74.34083333333334,12.44625786018521,65.54,83.14166666666667,17.60166666666666,human,Homo sapiens,83.14166666666667,canis_lupus_familiaris,Canis lupus familiaris,65.54,False,False,False,background
H2AC20,duodenum,clustered,5,2,32.935,32.935,12.423866145447638,24.15,41.72,17.57,human,Homo sapiens,41.72,bos_taurus,Bos taurus,24.15,False,False,False,background
H2AC15,superior frontal gyrus,clustered,5,2,46.87166666666667,46.87166666666667,12.405009964616001,38.1,55.64333333333334,17.543333333333337,human,Homo sapiens,55.64333333333334,macaca_mulatta,Macaca mulatta,38.1,False,False,False,background
H2AC7,adrenal gland,clustered,5,3,45.17111111111111,42.080000000000005,9.147152764860971,37.97,55.46333333333333,17.493333333333332,bos_taurus,Bos taurus,55.46333333333333,canis_lupus_familiaris,Canis lupus familiaris,37.97,False,False,False,background
H2AJ,heart,variant,8,6,89.22358333333334,91.00416666666666,6.377039852949887,77.39666666666666,94.886,17.489333333333335,macaca_mulatta,Macaca mulatta,94.886,canis_lupus_familiaris,Canis lupus familiaris,77.39666666666666,True,False,False,background
H2AC11,pituitary gland,clustered,6,3,42.141666666666666,40.629999999999995,8.805362475976409,34.19,51.605000000000004,17.415000000000006,canis_lupus_familiaris,Canis lupus familiaris,51.605000000000004,human,Homo sapiens,34.19,False,False,False,background
H2AC6,temporal lobe,clustered,7,3,85.3952380952381,87.3,8.862021505845497,75.73571428571428,93.15,17.414285714285725,pan_troglodytes,Pan troglodytes,93.15,human,Homo sapiens,75.73571428571428,False,False,False,background
H2AC8,esophagus,clustered,6,2,58.04964285714286,58.04964285714286,12.310223984185518,49.345,66.75428571428571,17.409285714285716,human,Homo sapiens,66.75428571428571,bos_taurus,Bos taurus,49.345,False,False,False,background
H2AC7,lymph node,clustered,5,2,54.332499999999996,54.332499999999996,12.285980323116263,45.644999999999996,63.019999999999996,17.375,bos_taurus,Bos taurus,63.019999999999996,human,Homo sapiens,45.644999999999996,False,False,False,background
H2AC14,tongue,clustered,7,2,45.63,45.63,12.275373721398465,36.95,54.31,17.36,bos_taurus,Bos taurus,54.31,canis_lupus_familiaris,Canis lupus familiaris,36.95,False,False,False,background
H2AC14,pituitary gland,clustered,7,2,53.599999999999994,53.599999999999994,12.247089450151007,44.94,62.26,17.32,sus_scrofa,Sus scrofa,62.26,bos_taurus,Bos taurus,44.94,False,False,False,background
H2AJ,oocyte,variant,8,2,78.46,78.46,12.176378772032347,69.85,87.07,17.22,sus_scrofa,Sus scrofa,87.07,bos_taurus,Bos taurus,69.85,False,False,False,background
H2AC17,cerebral cortex,clustered,6,3,41.16166666666667,39.185,8.739296787118132,33.58,50.72,17.14,sus_scrofa,Sus scrofa,50.72,human,Homo sapiens,33.58,False,False,False,background
H2AZ2,medulla oblongata,variant,8,2,88.1625,88.1625,12.11627469563149,79.595,96.73,17.135000000000005,human,Homo sapiens,96.73,sus_scrofa,Sus scrofa,79.595,False,False,False,background
H2AC7,liver,clustered,5,4,46.354479166666664,44.65895833333333,8.27208523533365,39.52,56.58,17.059999999999995,felis_catus,Felis catus,56.58,bos_taurus,Bos taurus,39.52,True,False,False,background
H2AJ,frontal cortex,variant,8,6,81.90607142857142,81.63654761904762,6.907366798868023,74.02,91.02,17.0,bos_taurus,Bos taurus,91.02,macaca_mulatta,Macaca mulatta,74.02,True,False,False,background
MACROH2A1,oocyte,variant,8,2,77.465,77.465,11.985459941111976,68.99,85.94,16.950000000000003,sus_scrofa,Sus scrofa,85.94,bos_taurus,Bos taurus,68.99,False,False,False,background
H2AZ2,pituitary gland,variant,8,5,90.87853846153845,93.39666666666666,6.557488248823991,79.95,96.87833333333333,16.928333333333327,bos_taurus,Bos taurus,96.87833333333333,pan_troglodytes,Pan troglodytes,79.95,True,False,False,background
H2AC20,hindlimb stylopod muscle,clustered,5,2,75.9075,75.9075,11.96778227158232,67.44500000000001,84.37,16.924999999999997,macaca_mulatta,Macaca mulatta,84.37,human,Homo sapiens,67.44500000000001,False,False,False,background
H2AC8,metanephros cortex,clustered,6,2,64.49000000000001,64.49000000000001,11.921820330805186,56.06,72.92,16.86,human,Homo sapiens,72.92,bos_taurus,Bos taurus,56.06,False,False,False,background
H2AC11,brain,clustered,6,3,42.776250000000005,42.25875,8.431918802235943,34.615,51.455,16.839999999999996,canis_lupus_familiaris,Canis lupus familiaris,51.455,macaca_mulatta,Macaca mulatta,34.615,False,False,False,background
H2AC19,frontal cortex,clustered,4,3,71.62255555555555,73.945,8.641975059320986,62.056666666666665,78.866,16.809333333333335,human,Homo sapiens,78.866,bos_taurus,Bos taurus,62.056666666666665,False,False,False,background
H2AC19,urinary bladder,clustered,4,2,73.97166666666666,73.97166666666666,11.860537743102357,65.58500000000001,82.35833333333333,16.773333333333326,human,Homo sapiens,82.35833333333333,bos_taurus,Bos taurus,65.58500000000001,False,False,False,background
H2AC25,monocyte,clustered,6,2,67.28999999999999,67.28999999999999,11.851109652686546,58.91,75.67,16.760000000000005,human,Homo sapiens,75.67,bos_taurus,Bos taurus,58.91,False,False,False,background
H2AC7,tongue,clustered,5,2,47.587500000000006,47.587500000000006,11.826360915345006,39.225,55.95,16.725,canis_lupus_familiaris,Canis lupus familiaris,55.95,bos_taurus,Bos taurus,39.225,False,False,False,background
H2AC20,leukocyte,clustered,5,3,65.54333333333334,66.59,8.349349276041414,56.72,73.32,16.599999999999994,bos_taurus,Bos taurus,73.32,equus_caballus,Equus caballus,56.72,False,False,False,background
H2AC17,skeletal muscle tissue,clustered,6,3,54.98666666666667,59.18000000000001,9.027638580123451,44.625,61.155,16.53,sus_scrofa,Sus scrofa,61.155,human,Homo sapiens,44.625,False,False,False,background
H2AC14,cortex of kidney,clustered,7,3,33.73,33.14,8.280778948867066,25.76,42.29,16.529999999999998,bos_taurus,Bos taurus,42.29,human,Homo sapiens,25.76,False,False,False,background
H2AX,lung,variant,8,6,76.76223080696592,78.9607201986755,6.535565001610143,67.34,83.84,16.5,pan_troglodytes,Pan troglodytes,83.84,macaca_mulatta,Macaca mulatta,67.34,True,False,False,background
H2AC12,adipose tissue,clustered,6,2,42.795833333333334,42.795833333333334,11.611871858385088,34.585,51.00666666666667,16.421666666666667,bos_taurus,Bos taurus,51.00666666666667,human,Homo sapiens,34.585,False,False,False,background
H2AZ2,lymph node,variant,8,5,93.635,95.175,6.5232181475097075,82.34,98.75999999999999,16.419999999999987,bos_taurus,Bos taurus,98.75999999999999,pan_troglodytes,Pan troglodytes,82.34,True,False,False,background
MACROH2A2,cardiac atrium,variant,8,2,76.38,76.38,11.582409075835645,68.19,84.57,16.379999999999995,human,Homo sapiens,84.57,bos_taurus,Bos taurus,68.19,False,False,False,background
H2AC16,brain,clustered,4,2,24.16375,24.16375,11.517001698575898,16.02,32.307500000000005,16.287500000000005,human,Homo sapiens,32.307500000000005,canis_lupus_familiaris,Canis lupus familiaris,16.02,False,False,False,background
H2AC15,bone marrow,clustered,5,2,58.28,58.28,11.497556262093259,50.15,66.41,16.259999999999998,human,Homo sapiens,66.41,canis_lupus_familiaris,Canis lupus familiaris,50.15,False,False,False,background
H2AC8,pituitary gland,clustered,6,3,61.62873737373737,63.474545454545456,8.279935967817629,52.58166666666667,68.83,16.248333333333328,pan_troglodytes,Pan troglodytes,68.83,bos_taurus,Bos taurus,52.58166666666667,False,False,False,background
H2AC15,liver,clustered,5,5,43.77916666666667,41.50833333333333,6.174754999638087,36.92,53.1625,16.2425,human,Homo sapiens,53.1625,felis_catus,Felis catus,36.92,True,False,False,background
MACROH2A2,prostate gland,variant,8,2,76.34222222222223,76.34222222222223,11.472414687651069,68.23,84.45444444444445,16.224444444444444,human,Homo sapiens,84.45444444444445,bos_taurus,Bos taurus,68.23,False,False,False,background
H2AC25,gall bladder,clustered,6,2,59.120000000000005,59.120000000000005,11.469271990845801,51.010000000000005,67.23,16.22,human,Homo sapiens,67.23,bos_taurus,Bos taurus,51.010000000000005,False,False,False,background
H2AC12,duodenum,clustered,6,2,49.88625,49.88625,11.43568441873944,41.8,57.9725,16.1725,bos_taurus,Bos taurus,57.9725,human,Homo sapiens,41.8,False,False,False,background
H2AC12,oviduct epithelium,clustered,6,2,43.644999999999996,43.644999999999996,11.433916651786468,35.56,51.73,16.169999999999995,bos_taurus,Bos taurus,51.73,equus_caballus,Equus caballus,35.56,False,False,False,background
H2AC12,heart left ventricle,clustered,6,2,40.2425,40.2425,11.380883643197482,32.195,48.29,16.095,canis_lupus_familiaris,Canis lupus familiaris,48.29,human,Homo sapiens,32.195,False,False,False,background
H2AC12,thyroid gland,clustered,6,2,38.44333333333333,38.44333333333333,11.36556299627177,30.406666666666666,46.48,16.07333333333333,bos_taurus,Bos taurus,46.48,human,Homo sapiens,30.406666666666666,False,False,False,background
H2AC6,cardiac atrium,clustered,7,2,70.94666666666666,70.94666666666666,11.30899445377685,62.95,78.94333333333333,15.993333333333325,human,Homo sapiens,78.94333333333333,bos_taurus,Bos taurus,62.95,False,False,False,background
H2AC21,cerebellar cortex,clustered,6,3,43.75888888888889,43.17,8.00958615475046,36.06,52.04666666666666,15.986666666666657,pan_troglodytes,Pan troglodytes,52.04666666666666,human,Homo sapiens,36.06,False,False,False,background
H2AC19,superior frontal gyrus,clustered,4,2,68.63611111111112,68.63611111111112,11.29406664395179,60.650000000000006,76.62222222222222,15.972222222222214,pan_troglodytes,Pan troglodytes,76.62222222222222,human,Homo sapiens,60.650000000000006,False,False,False,background
H2AC25,amygdala,clustered,6,2,88.095625,88.095625,11.277469276448944,80.12125,96.07,15.94874999999999,sus_scrofa,Sus scrofa,96.07,human,Homo sapiens,80.12125,False,False,False,background
H2AX,brain,variant,8,5,78.74288434982739,74.23249999999999,7.6098328503645964,72.09,87.9659090909091,15.87590909090909,human,Homo sapiens,87.9659090909091,felis_catus,Felis catus,72.09,True,False,False,background
H2AC11,tonsil,clustered,6,2,59.59,59.59,11.186429278371179,51.68,67.5,15.82,sus_scrofa,Sus scrofa,67.5,human,Homo sapiens,51.68,False,False,False,background
H2AX,skeletal muscle tissue,variant,8,6,73.61945833333334,73.43,5.536795712360779,64.535,80.19800000000001,15.663000000000011,mus_musculus,Mus musculus,80.19800000000001,canis_lupus_familiaris,Canis lupus familiaris,64.535,True,False,False,background
H2AC7,spleen,clustered,5,4,41.272045454545456,41.965,7.867059445008329,32.75,48.408181818181816,15.658181818181816,human,Homo sapiens,48.408181818181816,felis_catus,Felis catus,32.75,True,False,False,background
H2AC25,corpus callosum,clustered,6,2,83.3725,83.3725,11.055614523851665,75.555,91.19,15.634999999999991,sus_scrofa,Sus scrofa,91.19,human,Homo sapiens,75.555,False,False,False,background
H2AC17,pituitary gland,clustered,6,3,46.416666666666664,49.379999999999995,8.216083819760684,37.13,52.74,15.61,sus_scrofa,Sus scrofa,52.74,human,Homo sapiens,37.13,False,False,False,background
H2AX,adrenal cortex,variant,8,2,78.51250000000002,78.51250000000002,10.984903845733019,70.745,86.28000000000002,15.53500000000001,human,Homo sapiens,86.28000000000002,canis_lupus_familiaris,Canis lupus familiaris,70.745,False,False,False,background
H2AC19,uterine cervix,clustered,4,2,80.85499999999999,80.85499999999999,10.953084040579622,73.11,88.6,15.489999999999995,human,Homo sapiens,88.6,bos_taurus,Bos taurus,73.11,False,False,False,background
H2AC13,lymph node,clustered,7,3,55.031666666666666,60.045,8.861476080954763,44.8,60.25,15.450000000000003,bos_taurus,Bos taurus,60.25,canis_lupus_familiaris,Canis lupus familiaris,44.8,False,False,False,background
H2AC7,endometrium,clustered,5,2,38.87416666666667,38.87416666666667,10.90947912240645,31.16,46.58833333333333,15.428333333333331,bos_taurus,Bos taurus,46.58833333333333,human,Homo sapiens,31.16,False,False,False,background
H2AC8,muscle tissue,clustered,6,2,41.207499999999996,41.207499999999996,10.907122099802502,33.495,48.92,15.425000000000004,human,Homo sapiens,48.92,bos_taurus,Bos taurus,33.495,False,False,False,background
H2AJ,gluteus medius,variant,8,2,78.84,78.84,10.86116015902538,71.16,86.52000000000001,15.360000000000014,bos_taurus,Bos taurus,86.52000000000001,equus_caballus,Equus caballus,71.16,False,False,False,background
H2AC6,spermatocyte,clustered,7,2,52.245000000000005,52.245000000000005,10.854089091213503,44.57,59.92,15.350000000000001,macaca_mulatta,Macaca mulatta,59.92,bos_taurus,Bos taurus,44.57,False,False,False,background
MACROH2A2,uterus,variant,8,4,78.09458333333333,78.33166666666668,6.308620700191835,70.19,85.525,15.335000000000008,human,Homo sapiens,85.525,sus_scrofa,Sus scrofa,70.19,True,False,False,background
H2AX,cardiac atrium,variant,8,2,88.33033333333333,88.33033333333333,10.823919201882893,80.67666666666666,95.98400000000001,15.307333333333347,mus_musculus,Mus musculus,95.98400000000001,human,Homo sapiens,80.67666666666666,False,False,False,background
H2AC14,zone of skin,clustered,7,2,35.00375,35.00375,10.809894917389343,27.36,42.6475,15.287500000000001,canis_lupus_familiaris,Canis lupus familiaris,42.6475,human,Homo sapiens,27.36,False,False,False,background
H2AC11,lung,clustered,6,3,55.544696969696965,59.545,8.347391144054875,45.949999999999996,61.1390909090909,15.189090909090908,human,Homo sapiens,61.1390909090909,canis_lupus_familiaris,Canis lupus familiaris,45.949999999999996,False,False,False,background
H2AX,ventral tegmental area,variant,8,2,83.01916666666668,83.01916666666668,10.732702427109814,75.43,90.60833333333333,15.178333333333327,human,Homo sapiens,90.60833333333333,mus_musculus,Mus musculus,75.43,False,False,False,background
H2AC21,endometrium,clustered,6,3,38.791666666666664,38.935,7.571017655066809,31.15,46.29,15.14,equus_caballus,Equus caballus,46.29,human,Homo sapiens,31.15,False,False,False,background
H2AC13,uterine cervix,clustered,7,2,52.6475,52.6475,10.7020611332584,45.08,60.215,15.135000000000005,bos_taurus,Bos taurus,60.215,human,Homo sapiens,45.08,False,False,False,background
H2AC20,blood,clustered,5,2,76.173125,76.173125,10.68173181329929,68.62,83.72625000000001,15.106250000000003,human,Homo sapiens,83.72625000000001,equus_caballus,Equus caballus,68.62,False,False,False,background
MACROH2A2,dorsolateral prefrontal cortex,variant,8,3,70.53388888888888,68.19999999999999,7.811842209344971,64.155,79.24666666666667,15.091666666666669,human,Homo sapiens,79.24666666666667,pan_troglodytes,Pan troglodytes,64.155,False,False,False,background
H2AC25,metanephros cortex,clustered,6,3,65.85166666666667,61.644999999999996,8.378487830947384,60.41,75.5,15.090000000000003,sus_scrofa,Sus scrofa,75.5,bos_taurus,Bos taurus,60.41,False,False,False,background
H2AC21,olfactory segment of nasal mucosa,clustered,6,3,48.5,46.04,7.825573461414821,42.2,57.26,15.059999999999995,macaca_mulatta,Macaca mulatta,57.26,bos_taurus,Bos taurus,42.2,False,False,False,background
H2AC15,hindlimb stylopod muscle,clustered,5,2,45.91,45.91,10.606601717798213,38.41,53.41,15.0,macaca_mulatta,Macaca mulatta,53.41,human,Homo sapiens,38.41,False,False,False,background
H2AX,embryo,variant,8,4,92.1398252688172,92.95048387096774,6.572822052045733,83.84,98.81833333333333,14.978333333333325,human,Homo sapiens,98.81833333333333,felis_catus,Felis catus,83.84,True,False,False,background
H2AC12,subcutaneous adipose tissue,clustered,6,2,42.228522727272725,42.228522727272725,10.572692733518586,34.7525,49.70454545454545,14.952045454545456,bos_taurus,Bos taurus,49.70454545454545,human,Homo sapiens,34.7525,False,False,False,background
H2AC17,olfactory segment of nasal mucosa,clustered,6,2,45.19,45.19,10.535891039679555,37.74,52.64,14.899999999999999,human,Homo sapiens,52.64,macaca_mulatta,Macaca mulatta,37.74,False,False,False,background
MACROH2A2,primary visual cortex,variant,8,3,70.87,69.78,7.494684783231383,63.98,78.85000000000001,14.870000000000012,human,Homo sapiens,78.85000000000001,pan_troglodytes,Pan troglodytes,63.98,False,False,False,background
H2AZ2,oviduct epithelium,variant,8,3,92.28444444444445,97.19,8.548685625634262,82.41333333333334,97.25,14.836666666666659,bos_taurus,Bos taurus,97.25,human,Homo sapiens,82.41333333333334,False,False,False,background
H2AC6,omental fat pad,clustered,7,2,79.09636363636363,79.09636363636363,10.474179902412368,71.69,86.50272727272727,14.812727272727273,human,Homo sapiens,86.50272727272727,bos_taurus,Bos taurus,71.69,False,False,False,background
H2AZ1,oviduct epithelium,variant,8,3,88.41222222222223,91.89,7.9925307724242245,79.27,94.07666666666667,14.806666666666672,human,Homo sapiens,94.07666666666667,equus_caballus,Equus caballus,79.27,False,False,False,background
H2AJ,cerebellum,variant,8,7,81.7414523809524,80.753,5.5912750224778005,74.21000000000001,89.0,14.789999999999992,bos_taurus,Bos taurus,89.0,pan_troglodytes,Pan troglodytes,74.21000000000001,True,False,False,background
H2AC25,tongue,clustered,6,2,56.480000000000004,56.480000000000004,10.451038225937165,49.09,63.87,14.779999999999994,canis_lupus_familiaris,Canis lupus familiaris,63.87,bos_taurus,Bos taurus,49.09,False,False,False,background
H2AC17,endometrium,clustered,6,2,38.372499999999995,38.372499999999995,10.440431624219373,30.99,45.754999999999995,14.764999999999997,human,Homo sapiens,45.754999999999995,equus_caballus,Equus caballus,30.99,False,False,False,background
H2AC7,zone of skin,clustered,5,3,37.84444444444444,42.403333333333336,8.356484064840066,28.2,42.93,14.73,human,Homo sapiens,42.93,felis_catus,Felis catus,28.2,False,False,False,background
H2AC13,myometrium,clustered,7,2,40.817499999999995,40.817499999999995,10.41214735297191,33.455,48.18,14.725000000000001,bos_taurus,Bos taurus,48.18,human,Homo sapiens,33.455,False,False,False,background
MACROH2A2,olfactory segment of nasal mucosa,variant,8,3,73.13166666666666,75.185,7.518321510372731,64.8,79.41,14.61,human,Homo sapiens,79.41,macaca_mulatta,Macaca mulatta,64.8,False,False,False,background
MACROH2A2,cerebellar cortex,variant,8,3,79.65166666666669,77.35000000000001,7.550368092572258,73.52000000000001,88.08500000000001,14.564999999999998,human,Homo sapiens,88.08500000000001,pan_troglodytes,Pan troglodytes,73.52000000000001,False,False,False,background
H2AC12,occipital lobe,clustered,6,2,39.78,39.78,10.295474734076134,32.5,47.06,14.560000000000002,bos_taurus,Bos taurus,47.06,canis_lupus_familiaris,Canis lupus familiaris,32.5,False,False,False,background
H2AZ2,spleen,variant,8,7,94.41583673469388,95.16499999999999,4.84672080069836,84.4,98.91,14.509999999999991,felis_catus,Felis catus,98.91,pan_troglodytes,Pan troglodytes,84.4,True,False,False,background
H2AC16,bone marrow,clustered,4,2,73.4425,73.4425,10.228299589863427,66.21,80.67500000000001,14.465000000000018,human,Homo sapiens,80.67500000000001,equus_caballus,Equus caballus,66.21,False,False,False,background
H2AC21,prefrontal cortex,clustered,6,5,34.957166666666666,35.99,5.222364819270629,26.623333333333335,40.99,14.366666666666667,sus_scrofa,Sus scrofa,40.99,pan_troglodytes,Pan troglodytes,26.623333333333335,True,False,False,background
H2AC25,urinary bladder,clustered,6,2,62.14916666666667,62.14916666666667,10.138732730913118,54.980000000000004,69.31833333333334,14.338333333333338,human,Homo sapiens,69.31833333333334,bos_taurus,Bos taurus,54.980000000000004,False,False,False,background
H2AC7,leukocyte,clustered,5,2,61.346500000000006,61.346500000000006,10.130718854059666,54.18300000000001,68.51,14.326999999999998,human,Homo sapiens,68.51,bos_taurus,Bos taurus,54.18300000000001,False,False,False,background
H2AC7,adenohypophysis,clustered,5,2,40.832499999999996,40.832499999999996,10.11516250487356,33.68,47.985,14.305,bos_taurus,Bos taurus,47.985,human,Homo sapiens,33.68,False,False,False,background
MACROH2A2,thyroid gland,variant,8,3,74.2,74.49,7.149412563280997,66.91,81.2,14.290000000000006,human,Homo sapiens,81.2,bos_taurus,Bos taurus,66.91,False,False,False,background
H2AC12,adult mammalian kidney,clustered,6,3,39.55111111111111,40.86666666666667,7.233617761944983,31.75,46.03666666666667,14.286666666666669,human,Homo sapiens,46.03666666666667,canis_lupus_familiaris,Canis lupus familiaris,31.75,False,False,False,background
H2AC11,spleen,clustered,6,4,51.23229166666667,51.51708333333333,6.4242004609523224,43.815,58.080000000000005,14.265000000000008,sus_scrofa,Sus scrofa,58.080000000000005,macaca_mulatta,Macaca mulatta,43.815,True,False,False,background
H2AX,liver,variant,8,8,74.86755231829574,74.27250000000001,5.486394978258116,69.02000000000001,83.2478947368421,14.227894736842089,mus_musculus,Mus musculus,83.2478947368421,felis_catus,Felis catus,69.02000000000001,True,False,False,background
H2AC13,islet of Langerhans,clustered,7,2,42.45375,42.45375,10.021470856366344,35.3675,49.54,14.1725,mus_musculus,Mus musculus,49.54,human,Homo sapiens,35.3675,False,False,False,background
H2AC17,urinary bladder,clustered,6,2,46.02,46.02,9.998489885977783,38.95,53.09,14.14,canis_lupus_familiaris,Canis lupus familiaris,53.09,human,Homo sapiens,38.95,False,False,False,background
MACROH2A1,spermatid,variant,8,2,59.74,59.74,9.998489885977783,52.67,66.81,14.14,macaca_mulatta,Macaca mulatta,66.81,bos_taurus,Bos taurus,52.67,False,False,False,background
H2AC17,stomach,clustered,6,3,63.416111111111114,67.05333333333333,7.723975360549149,54.545,68.65,14.105000000000004,sus_scrofa,Sus scrofa,68.65,canis_lupus_familiaris,Canis lupus familiaris,54.545,False,False,False,background
H2AC11,adult mammalian kidney,clustered,6,3,40.73416666666666,40.224999999999994,7.002646969777451,34.0,47.9775,13.9775,human,Homo sapiens,47.9775,bos_taurus,Bos taurus,34.0,False,False,False,background
H2AC12,cerebellum,clustered,6,2,52.56666666666666,52.56666666666666,9.852354484532558,45.6,59.53333333333333,13.93333333333333,bos_taurus,Bos taurus,59.53333333333333,equus_caballus,Equus caballus,45.6,False,False,False,background
H2AC20,cerebral cortex,clustered,5,2,55.2,55.2,9.828784258493007,48.25,62.15,13.899999999999999,macaca_mulatta,Macaca mulatta,62.15,human,Homo sapiens,48.25,False,False,False,background
H2AX,thoracic mammary gland,variant,8,2,82.03678571428571,82.03678571428571,9.819187809319772,75.09357142857142,88.98,13.886428571428581,mus_musculus,Mus musculus,88.98,human,Homo sapiens,75.09357142857142,False,False,False,background
H2AC13,cortex of kidney,clustered,7,2,49.85,49.85,9.800499987245548,42.92,56.78,13.86,bos_taurus,Bos taurus,56.78,human,Homo sapiens,42.92,False,False,False,background
H2AC13,small intestine,clustered,7,2,38.82,38.82,9.736860376938756,31.935000000000002,45.705,13.769999999999996,human,Homo sapiens,45.705,canis_lupus_familiaris,Canis lupus familiaris,31.935000000000002,False,False,False,background
H2AC6,cardiac ventricle,clustered,7,2,76.18,76.18,9.729789309126893,69.3,83.06,13.760000000000005,human,Homo sapiens,83.06,bos_taurus,Bos taurus,69.3,False,False,False,background
H2AX,seminal vesicle,variant,8,2,77.87,77.87,9.715647173503154,71.0,84.74,13.739999999999995,mus_musculus,Mus musculus,84.74,human,Homo sapiens,71.0,False,False,False,background
H2AJ,ovary,variant,8,4,93.65704545454545,95.42,6.285519077122472,85.0281818181818,98.75999999999999,13.731818181818184,sus_scrofa,Sus scrofa,98.75999999999999,human,Homo sapiens,85.0281818181818,True,False,False,background
H2AC12,smooth muscle tissue,clustered,6,2,47.31,47.31,9.70150503787943,40.45,54.17,13.719999999999999,canis_lupus_familiaris,Canis lupus familiaris,54.17,human,Homo sapiens,40.45,False,False,False,background
MACROH2A2,small intestine,variant,8,2,74.045,74.045,9.659078631008237,67.215,80.875,13.659999999999997,human,Homo sapiens,80.875,canis_lupus_familiaris,Canis lupus familiaris,67.215,False,False,False,background
H2AC16,thyroid gland,clustered,4,2,34.54,34.54,9.602510088513315,27.75,41.33,13.579999999999998,canis_lupus_familiaris,Canis lupus familiaris,41.33,human,Homo sapiens,27.75,False,False,False,background
H2AC6,skeletal muscle tissue,clustered,7,5,85.53066666666666,83.565,5.486702688217107,81.73333333333333,95.24,13.50666666666666,pan_troglodytes,Pan troglodytes,95.24,human,Homo sapiens,81.73333333333333,True,False,False,background
H2AC12,uterine cervix,clustered,6,2,52.0825,52.0825,9.464624266181943,45.39,58.775000000000006,13.385000000000005,bos_taurus,Bos taurus,58.775000000000006,human,Homo sapiens,45.39,False,False,False,background
H2AC6,heart right ventricle,clustered,7,2,76.12583333333333,76.12583333333333,9.45519617576612,69.44,82.81166666666667,13.37166666666667,human,Homo sapiens,82.81166666666667,canis_lupus_familiaris,Canis lupus familiaris,69.44,False,False,False,background
H2AC17,hindlimb stylopod muscle,clustered,6,2,39.285,39.285,9.355022715098018,32.67,45.9,13.229999999999997,human,Homo sapiens,45.9,macaca_mulatta,Macaca mulatta,32.67,False,False,False,background
H2AZ1,oocyte,variant,8,3,80.76666666666667,81.52,6.632166564052297,73.79,86.99,13.199999999999989,sus_scrofa,Sus scrofa,86.99,bos_taurus,Bos taurus,73.79,False,False,False,background
H2AC25,uterine cervix,clustered,6,2,70.0925,70.0925,9.33027397775649,63.495000000000005,76.69,13.194999999999993,human,Homo sapiens,76.69,bos_taurus,Bos taurus,63.495000000000005,False,False,False,background
H2AJ,granulocyte,variant,8,2,86.41499999999999,86.41499999999999,9.284312036979381,79.85,92.98,13.13000000000001,human,Homo sapiens,92.98,canis_lupus_familiaris,Canis lupus familiaris,79.85,False,False,False,background
H2AJ,ileum,variant,8,3,90.06400000000001,93.57,7.2295053772716695,81.75,94.872,13.122,bos_taurus,Bos taurus,94.872,macaca_mulatta,Macaca mulatta,81.75,False,False,False,background
H2AC7,saliva-secreting gland,clustered,5,2,51.1075,51.1075,9.273705435261578,44.55,57.665000000000006,13.115000000000009,bos_taurus,Bos taurus,57.665000000000006,human,Homo sapiens,44.55,False,False,False,background
H2AC11,olfactory segment of nasal mucosa,clustered,6,2,41.565,41.565,9.241885630108174,35.03,48.1,13.07,human,Homo sapiens,48.1,macaca_mulatta,Macaca mulatta,35.03,False,False,False,background
MACROH2A1,omental fat pad,variant,8,2,90.53636363636363,90.53636363636363,9.173103425029119,84.05,97.02272727272727,12.972727272727269,human,Homo sapiens,97.02272727272727,bos_taurus,Bos taurus,84.05,False,False,False,background
H2AC7,placenta,clustered,5,2,50.4675,50.4675,9.16056835027172,43.99,56.94499999999999,12.954999999999991,bos_taurus,Bos taurus,56.94499999999999,human,Homo sapiens,43.99,False,False,False,background
H2AX,substantia nigra,variant,8,2,83.86605263157895,83.86605263157895,9.130237190973466,77.41,90.3221052631579,12.912105263157898,human,Homo sapiens,90.3221052631579,mus_musculus,Mus musculus,77.41,False,False,False,background
H2AZ2,corpus callosum,variant,8,2,90.24583333333334,90.24583333333334,9.129927056420318,83.78999999999999,96.70166666666667,12.911666666666676,human,Homo sapiens,96.70166666666667,sus_scrofa,Sus scrofa,83.78999999999999,False,False,False,background
H2AX,olfactory bulb,variant,8,2,82.40035714285713,82.40035714285713,9.122182553578735,75.95,88.85071428571428,12.900714285714272,mus_musculus,Mus musculus,88.85071428571428,canis_lupus_familiaris,Canis lupus familiaris,75.95,False,False,False,background
H2AC8,uterus,clustered,6,2,49.86333333333333,49.86333333333333,9.116963432098558,43.416666666666664,56.31,12.893333333333338,human,Homo sapiens,56.31,bos_taurus,Bos taurus,43.416666666666664,False,False,False,background
H2AZ2,dorsal plus ventral thalamus,variant,8,2,88.48071428571428,88.48071428571428,9.108545494227295,82.03999999999999,94.92142857142858,12.881428571428586,human,Homo sapiens,94.92142857142858,sus_scrofa,Sus scrofa,82.03999999999999,False,False,False,background
H2AX,aorta,variant,8,2,72.92374999999998,72.92374999999998,9.09516097301196,66.49249999999999,79.35499999999999,12.862499999999997,human,Homo sapiens,79.35499999999999,mus_musculus,Mus musculus,66.49249999999999,False,False,False,background
H2AC25,placenta,clustered,6,2,65.395,65.395,9.086322138247132,58.97,71.82,12.849999999999994,human,Homo sapiens,71.82,bos_taurus,Bos taurus,58.97,False,False,False,background
H2AC17,prefrontal cortex,clustered,6,2,42.681250000000006,42.681250000000006,9.077483303482305,36.2625,49.1,12.837499999999999,canis_lupus_familiaris,Canis lupus familiaris,49.1,human,Homo sapiens,36.2625,False,False,False,background
H2AZ2,frontal cortex,variant,8,6,90.76777777777778,91.86333333333333,5.064005295181834,83.55999999999999,96.39,12.830000000000013,human,Homo sapiens,96.39,sus_scrofa,Sus scrofa,83.55999999999999,True,False,False,background
H2AC12,omental fat pad,clustered,6,2,44.802499999999995,44.802499999999995,9.054502333093739,38.4,51.205,12.805,bos_taurus,Bos taurus,51.205,human,Homo sapiens,38.4,False,False,False,background
H2AC20,dorsolateral prefrontal cortex,clustered,5,2,57.09625,57.09625,9.049199032234842,50.6975,63.495,12.7975,macaca_mulatta,Macaca mulatta,63.495,human,Homo sapiens,50.6975,False,False,False,background
H2AX,islet of Langerhans,variant,8,2,77.22511904761905,77.22511904761905,9.0417070675294,70.83166666666666,83.61857142857141,12.78690476190475,mus_musculus,Mus musculus,83.61857142857141,human,Homo sapiens,70.83166666666666,False,False,False,background
H2AZ2,prefrontal cortex,variant,8,8,91.39528977272727,93.15375,4.654801698629503,83.66,96.373,12.713000000000008,human,Homo sapiens,96.373,sus_scrofa,Sus scrofa,83.66,True,False,False,background
H2AC21,thyroid gland,clustered,6,2,39.86750000000001,39.86750000000001,8.976720587163223,33.52,46.215,12.695,bos_taurus,Bos taurus,46.215,human,Homo sapiens,33.52,False,False,False,background
H2AC7,thyroid gland,clustered,5,2,41.70638888888889,41.70638888888889,8.96414979994213,35.367777777777775,48.045,12.677222222222227,bos_taurus,Bos taurus,48.045,human,Homo sapiens,35.367777777777775,False,False,False,background
H2AX,occipital cortex,variant,8,2,55.72333333333333,55.72333333333333,8.942543759405867,49.4,62.04666666666666,12.646666666666661,sus_scrofa,Sus scrofa,62.04666666666666,canis_lupus_familiaris,Canis lupus familiaris,49.4,False,False,False,background
H2AZ1,cerebellum,variant,8,7,95.52738375350141,96.925,4.396850617579284,85.92,98.546,12.626000000000005,macaca_mulatta,Macaca mulatta,98.546,equus_caballus,Equus caballus,85.92,True,False,False,background
H2AZ2,pons,variant,8,3,90.85000000000001,94.42,7.026718650977861,82.755,95.375,12.620000000000005,bos_taurus,Bos taurus,95.375,sus_scrofa,Sus scrofa,82.755,False,False,False,background
MACROH2A2,adrenal gland,variant,8,3,67.61,67.655,6.307620391241064,61.28,73.89500000000001,12.615000000000009,human,Homo sapiens,73.89500000000001,bos_taurus,Bos taurus,61.28,False,False,False,background
H2AC19,primary visual cortex,clustered,4,2,69.78,69.78,8.916616510762374,63.474999999999994,76.08500000000001,12.610000000000014,pan_troglodytes,Pan troglodytes,76.08500000000001,human,Homo sapiens,63.474999999999994,False,False,False,background
H2AX,oocyte,variant,8,3,90.54666666666667,92.36,6.492775472271727,83.34,95.94,12.599999999999994,human,Homo sapiens,95.94,sus_scrofa,Sus scrofa,83.34,False,False,False,background
H2AZ2,amygdala,variant,8,2,90.4396153846154,90.4396153846154,8.894859379033546,84.15,96.72923076923077,12.579230769230762,human,Homo sapiens,96.72923076923077,sus_scrofa,Sus scrofa,84.15,False,False,False,background
MACROH2A1,spleen,variant,8,7,93.75710884353741,94.78333333333335,4.498794170407257,85.24,97.815,12.575000000000003,macaca_mulatta,Macaca mulatta,97.815,pan_troglodytes,Pan troglodytes,85.24,True,False,False,background
H2AZ2,oocyte,variant,8,2,91.235,91.235,8.888332239514897,84.95,97.52,12.569999999999993,bos_taurus,Bos taurus,97.52,sus_scrofa,Sus scrofa,84.95,False,False,False,background
MACROH2A1,bone marrow,variant,8,5,93.85285714285715,94.62,4.665189258360959,86.55000000000001,99.0442857142857,12.494285714285695,human,Homo sapiens,99.0442857142857,bos_taurus,Bos taurus,86.55000000000001,True,False,False,background
H2AC13,colon,clustered,7,4,55.852999999999994,57.074999999999996,5.508090655269455,48.48,60.782000000000004,12.302000000000007,human,Homo sapiens,60.782000000000004,macaca_mulatta,Macaca mulatta,48.48,True,False,False,background
MACROH2A1,colon,variant,8,6,93.48842592592592,94.88,4.649681993860756,85.28,97.43055555555556,12.150555555555556,human,Homo sapiens,97.43055555555556,pan_troglodytes,Pan troglodytes,85.28,True,False,False,background
H2AC25,cortex of kidney,clustered,6,3,63.57333333333333,60.18,6.748455996250797,59.19499999999999,71.345,12.150000000000006,human,Homo sapiens,71.345,pan_troglodytes,Pan troglodytes,59.19499999999999,False,False,False,background
H2AC7,gall bladder,clustered,5,2,50.5275,50.5275,8.580740789698755,44.46,56.595,12.134999999999998,bos_taurus,Bos taurus,56.595,human,Homo sapiens,44.46,False,False,False,background
MACROH2A1,pons,variant,8,3,91.54166666666667,92.755,6.155352007264352,84.87,97.0,12.129999999999995,human,Homo sapiens,97.0,bos_taurus,Bos taurus,84.87,False,False,False,background
H2AJ,heart left ventricle,variant,8,3,86.37519607843137,83.985,6.404056742596765,81.50999999999999,93.63058823529411,12.120588235294122,human,Homo sapiens,93.63058823529411,canis_lupus_familiaris,Canis lupus familiaris,81.50999999999999,False,False,False,background
H2AC8,Ammon's horn,clustered,6,2,51.586,51.586,8.56447733373146,45.53,57.641999999999996,12.111999999999995,human,Homo sapiens,57.641999999999996,bos_taurus,Bos taurus,45.53,False,False,False,background
H2AC11,dorsolateral prefrontal cortex,clustered,6,2,48.406666666666666,48.406666666666666,8.560706097565136,42.35333333333333,54.46,12.10666666666667,macaca_mulatta,Macaca mulatta,54.46,human,Homo sapiens,42.35333333333333,False,False,False,background
MACROH2A2,adrenal cortex,variant,8,2,65.405,65.405,8.520636713297906,59.379999999999995,71.43,12.050000000000011,human,Homo sapiens,71.43,canis_lupus_familiaris,Canis lupus familiaris,59.379999999999995,False,False,False,background
H2AJ,zone of skin,variant,8,5,94.46504761904762,96.72,4.940625718907583,85.81428571428572,97.83666666666666,12.022380952380942,bos_taurus,Bos taurus,97.83666666666666,human,Homo sapiens,85.81428571428572,True,False,False,background
H2AC19,adrenal gland,clustered,4,2,81.64833333333334,81.64833333333334,8.482924351634603,75.65,87.64666666666666,11.996666666666655,human,Homo sapiens,87.64666666666666,bos_taurus,Bos taurus,75.65,False,False,False,background
H2AC21,placenta,clustered,6,2,42.885,42.885,8.449926035179244,36.91,48.86,11.950000000000003,bos_taurus,Bos taurus,48.86,human,Homo sapiens,36.91,False,False,False,background
H2AC12,thymus,clustered,6,2,55.22,55.22,8.414570696119911,49.27,61.17,11.899999999999999,bos_taurus,Bos taurus,61.17,canis_lupus_familiaris,Canis lupus familiaris,49.27,False,False,False,background
MACROH2A1,monocyte,variant,8,2,93.25999999999999,93.25999999999999,8.400428560496197,87.32,99.2,11.88000000000001,human,Homo sapiens,99.2,bos_taurus,Bos taurus,87.32,False,False,False,background
H2AZ2,testis,variant,8,8,94.69625320512822,96.31084615384616,4.085143119918381,87.11333333333334,98.99000000000001,11.876666666666665,equus_caballus,Equus caballus,98.99000000000001,sus_scrofa,Sus scrofa,87.11333333333334,True,False,False,background
H2AZ1,omental fat pad,variant,8,2,92.03,92.03,8.386286424872448,86.1,97.96,11.86,human,Homo sapiens,97.96,bos_taurus,Bos taurus,86.1,False,False,False,background
H2AC16,colon,clustered,4,2,48.12555555555556,48.12555555555556,8.380001031261905,42.2,54.05111111111111,11.85111111111111,human,Homo sapiens,54.05111111111111,macaca_mulatta,Macaca mulatta,42.2,False,False,False,background
H2AC20,primary visual cortex,clustered,5,2,67.075,67.075,8.336788950189392,61.18,72.97,11.79,macaca_mulatta,Macaca mulatta,72.97,human,Homo sapiens,61.18,False,False,False,background
H2AC7,ovary,clustered,5,3,44.449444444444445,45.394999999999996,5.930143415291569,38.10333333333333,49.85,11.74666666666667,canis_lupus_familiaris,Canis lupus familiaris,49.85,human,Homo sapiens,38.10333333333333,False,False,False,background
MACROH2A1,mammary gland,variant,8,3,93.18416666666667,97.025,6.7262649058250314,85.41749999999999,97.11,11.69250000000001,human,Homo sapiens,97.11,bos_taurus,Bos taurus,85.41749999999999,False,False,False,background
H2AC6,thyroid gland,clustered,7,3,81.40078431372548,82.02,5.865740670209513,75.25,86.93235294117646,11.682352941176461,human,Homo sapiens,86.93235294117646,bos_taurus,Bos taurus,75.25,False,False,False,background
H2AZ2,cerebellum,variant,8,7,93.98985854341736,94.14666666666666,4.090354639501196,86.12666666666667,97.78200000000001,11.655333333333346,equus_caballus,Equus caballus,97.78200000000001,sus_scrofa,Sus scrofa,86.12666666666667,True,False,False,background
H2AC8,cerebellar cortex,clustered,6,3,57.16255555555555,58.275,5.8896623779233614,50.79600000000001,62.416666666666664,11.620666666666658,macaca_mulatta,Macaca mulatta,62.416666666666664,pan_troglodytes,Pan troglodytes,50.79600000000001,False,False,False,background
H2AC6,cartilage tissue,clustered,7,2,76.50999999999999,76.50999999999999,8.202438661763962,70.71,82.31,11.600000000000009,human,Homo sapiens,82.31,canis_lupus_familiaris,Canis lupus familiaris,70.71,False,False,False,background
H2AZ2,occipital cortex,variant,8,2,85.69166666666666,85.69166666666666,8.200081639159995,79.89333333333333,91.49,11.596666666666664,canis_lupus_familiaris,Canis lupus familiaris,91.49,sus_scrofa,Sus scrofa,79.89333333333333,False,False,False,background
MACROH2A2,midbrain,variant,8,2,76.58,76.58,8.089301576774103,70.86,82.3,11.439999999999998,human,Homo sapiens,82.3,bos_taurus,Bos taurus,70.86,False,False,False,background
H2AX,thymus,variant,8,4,94.77133928571428,96.93875,5.306254286754196,86.94,98.26785714285714,11.327857142857141,mus_musculus,Mus musculus,98.26785714285714,canis_lupus_familiaris,Canis lupus familiaris,86.94,True,False,False,background
H2AC17,small intestine,clustered,6,2,50.3925,50.3925,7.9514157544427295,44.769999999999996,56.015,11.245000000000005,canis_lupus_familiaris,Canis lupus familiaris,56.015,human,Homo sapiens,44.769999999999996,False,False,False,background
H2AC6,fibroblast,clustered,7,2,90.3325,90.3325,7.8948472119477975,84.75,95.91499999999999,11.164999999999992,pan_troglodytes,Pan troglodytes,95.91499999999999,macaca_mulatta,Macaca mulatta,84.75,False,False,False,background
H2AC12,spleen,clustered,6,3,44.89191666666667,47.16375,5.9129261809051314,38.18,49.332,11.152000000000001,bos_taurus,Bos taurus,49.332,canis_lupus_familiaris,Canis lupus familiaris,38.18,False,False,False,background
H2AX,triceps brachii,variant,8,2,78.38,78.38,7.8771695424181445,72.81,83.95,11.14,mus_musculus,Mus musculus,83.95,equus_caballus,Equus caballus,72.81,False,False,False,background
H2AC13,ileum,clustered,7,2,68.53899999999999,68.53899999999999,7.875755328855755,62.97,74.10799999999999,11.137999999999991,bos_taurus,Bos taurus,74.10799999999999,mus_musculus,Mus musculus,62.97,False,False,False,background
H2AZ2,cerebral cortex,variant,8,6,91.31516666666666,91.6725,4.660328332496185,85.79,96.916,11.12599999999999,human,Homo sapiens,96.916,sus_scrofa,Sus scrofa,85.79,True,False,False,background
H2AC17,embryo,clustered,6,2,43.040000000000006,43.040000000000006,7.806458864299482,37.52,48.56,11.04,felis_catus,Felis catus,48.56,equus_caballus,Equus caballus,37.52,False,False,False,background
H2AX,large intestine,variant,8,3,87.52499999999999,86.565,5.577313421352614,82.49,93.52,11.030000000000001,canis_lupus_familiaris,Canis lupus familiaris,93.52,human,Homo sapiens,82.49,False,False,False,background
H2AX,primary visual cortex,variant,8,4,86.28520833333334,87.93666666666667,4.8803233221956335,79.1425,90.125,10.982500000000002,pan_troglodytes,Pan troglodytes,90.125,human,Homo sapiens,79.1425,True,False,False,background
MACROH2A2,gall bladder,variant,8,2,76.26249999999999,76.26249999999999,7.732212652274914,70.79499999999999,81.73,10.935000000000016,human,Homo sapiens,81.73,bos_taurus,Bos taurus,70.79499999999999,False,False,False,background
H2AZ1,liver,variant,8,8,91.136204063147,92.15321428571428,3.482930676581127,84.645,95.57260869565218,10.927608695652182,human,Homo sapiens,95.57260869565218,felis_catus,Felis catus,84.645,True,False,False,background
H2AC25,endometrium,clustered,6,2,61.61999999999999,61.61999999999999,7.70746391493337,56.169999999999995,67.07,10.899999999999999,human,Homo sapiens,67.07,bos_taurus,Bos taurus,56.169999999999995,False,False,False,background
H2AC12,urinary bladder,clustered,6,2,54.54833333333333,54.54833333333333,7.681536666289861,49.11666666666667,59.980000000000004,10.863333333333337,bos_taurus,Bos taurus,59.980000000000004,human,Homo sapiens,49.11666666666667,False,False,False,background
MACROH2A2,granulosa cell,variant,8,2,82.33500000000001,82.33500000000001,7.643824304626565,76.93,87.74,10.809999999999988,sus_scrofa,Sus scrofa,87.74,bos_taurus,Bos taurus,76.93,False,False,False,background
H2AC11,adrenal gland,clustered,6,3,45.75833333333333,45.865,5.395790797773139,40.31,51.1,10.79,human,Homo sapiens,51.1,bos_taurus,Bos taurus,40.31,False,False,False,background
H2AC8,duodenum,clustered,6,2,61.59291666666667,61.59291666666667,7.5807739499707765,56.2325,66.95333333333333,10.720833333333331,human,Homo sapiens,66.95333333333333,bos_taurus,Bos taurus,56.2325,False,False,False,background
MACROH2A2,semimembranosus muscle,variant,8,2,57.06166666666667,57.06166666666667,7.577827671715833,51.70333333333334,62.42,10.716666666666661,sus_scrofa,Sus scrofa,62.42,bos_taurus,Bos taurus,51.70333333333334,False,False,False,background
H2AC12,Ammon's horn,clustered,6,2,54.1175,54.1175,7.541293821354534,48.785,59.45,10.665000000000006,bos_taurus,Bos taurus,59.45,human,Homo sapiens,48.785,False,False,False,background
H2AJ,semimembranosus muscle,variant,8,2,87.865,87.865,7.488260812765541,82.57,93.16,10.590000000000003,sus_scrofa,Sus scrofa,93.16,bos_taurus,Bos taurus,82.57,False,False,False,background
H2AC7,subcutaneous adipose tissue,clustered,5,2,38.388015873015874,38.388015873015874,7.4541401045939955,33.11714285714286,43.65888888888889,10.54174603174603,bos_taurus,Bos taurus,43.65888888888889,human,Homo sapiens,33.11714285714286,False,False,False,background
H2AC8,placenta,clustered,6,2,51.81,51.81,7.452905473706208,46.54,57.08,10.54,human,Homo sapiens,57.08,bos_taurus,Bos taurus,46.54,False,False,False,background
H2AC25,jejunum,clustered,6,2,51.15875,51.15875,7.451137706753243,45.89,56.4275,10.537500000000001,bos_taurus,Bos taurus,56.4275,canis_lupus_familiaris,Canis lupus familiaris,45.89,False,False,False,background
H2AC8,saliva-secreting gland,clustered,6,2,58.356,58.356,7.433106483832988,53.1,63.612,10.512,human,Homo sapiens,63.612,bos_taurus,Bos taurus,53.1,False,False,False,background
H2AC6,small intestine,clustered,7,2,80.825,80.825,7.424621202458749,75.575,86.075,10.5,human,Homo sapiens,86.075,canis_lupus_familiaris,Canis lupus familiaris,75.575,False,False,False,background
H2AC21,brain,clustered,6,3,36.7175,39.3325,5.717619150485627,30.16,40.66,10.499999999999996,bos_taurus,Bos taurus,40.66,human,Homo sapiens,30.16,False,False,False,background
H2AJ,muscle tissue,variant,8,4,80.49507142857144,81.95214285714286,4.929021734432037,73.796,84.28,10.483999999999995,sus_scrofa,Sus scrofa,84.28,equus_caballus,Equus caballus,73.796,True,False,False,background
H2AC15,urinary bladder,clustered,5,2,40.579,40.579,7.394922717648913,35.35,45.808,10.457999999999998,human,Homo sapiens,45.808,canis_lupus_familiaris,Canis lupus familiaris,35.35,False,False,False,background
H2AC15,gall bladder,clustered,5,2,49.7325,49.7325,7.3928013973053535,44.505,54.96,10.454999999999998,human,Homo sapiens,54.96,bos_taurus,Bos taurus,44.505,False,False,False,background
MACROH2A2,superior frontal gyrus,variant,8,3,72.59035426731079,70.60888888888888,5.486354076510603,68.37,78.79217391304348,10.42217391304348,human,Homo sapiens,78.79217391304348,macaca_mulatta,Macaca mulatta,68.37,False,False,False,background
H2AC6,spermatid,clustered,7,2,49.405,49.405,7.3609815921519575,44.2,54.61,10.409999999999997,macaca_mulatta,Macaca mulatta,54.61,bos_taurus,Bos taurus,44.2,False,False,False,background
MACROH2A1,cardiac ventricle,variant,8,2,90.36166666666668,90.36166666666668,7.32798327569658,85.18,95.54333333333334,10.36333333333333,human,Homo sapiens,95.54333333333334,bos_taurus,Bos taurus,85.18,False,False,False,background
MACROH2A2,brainstem,variant,8,2,66.81666666666666,66.81666666666666,7.3209122078847155,61.64,71.99333333333333,10.353333333333325,sus_scrofa,Sus scrofa,71.99333333333333,equus_caballus,Equus caballus,61.64,False,False,False,background
H2AC21,adenohypophysis,clustered,6,2,46.417500000000004,46.417500000000004,7.307948583562972,41.25,51.585,10.335,bos_taurus,Bos taurus,51.585,human,Homo sapiens,41.25,False,False,False,background
H2AC14,spermatid,clustered,7,2,55.215,55.215,7.304413049657037,50.05,60.38,10.330000000000005,macaca_mulatta,Macaca mulatta,60.38,bos_taurus,Bos taurus,50.05,False,False,False,background
MACROH2A1,gluteal muscle,variant,8,2,87.225,87.225,7.30441304965704,82.06,92.39,10.329999999999998,human,Homo sapiens,92.39,bos_taurus,Bos taurus,82.06,False,False,False,background
MACROH2A1,liver,variant,8,8,90.4866700634058,90.7875,3.2903610912238883,83.904375,94.20565217391304,10.301277173913036,human,Homo sapiens,94.20565217391304,bos_taurus,Bos taurus,83.904375,True,False,False,background
H2AC11,pancreas,clustered,6,2,47.055,47.055,7.240773439350243,41.935,52.175,10.239999999999995,canis_lupus_familiaris,Canis lupus familiaris,52.175,human,Homo sapiens,41.935,False,False,False,background
H2AC15,placenta,clustered,5,2,42.8075,42.8075,7.216024702008716,37.705,47.91,10.204999999999998,human,Homo sapiens,47.91,bos_taurus,Bos taurus,37.705,False,False,False,background
H2AC7,omental fat pad,clustered,5,2,35.812,35.812,7.194104391791937,30.725,40.899,10.174,human,Homo sapiens,40.899,bos_taurus,Bos taurus,30.725,False,False,False,background
MACROH2A1,adipose tissue,variant,8,5,92.27405882352942,91.825,4.085618070414933,86.75,96.91529411764705,10.16529411764705,human,Homo sapiens,96.91529411764705,bos_taurus,Bos taurus,86.75,True,False,False,background
H2AZ2,superior frontal gyrus,variant,8,3,91.94388148148148,92.86,5.1429422488954035,86.40444444444444,96.5672,10.162755555555563,human,Homo sapiens,96.5672,pan_troglodytes,Pan troglodytes,86.40444444444444,False,False,False,background
H2AZ2,liver,variant,8,8,91.86835565476191,92.05071428571429,3.0029940605337724,86.47333333333334,96.56,10.086666666666659,equus_caballus,Equus caballus,96.56,pan_troglodytes,Pan troglodytes,86.47333333333334,True,False,False,background
MACROH2A2,urethra,variant,8,2,75.33166666666666,75.33166666666666,7.129993376964361,70.28999999999999,80.37333333333333,10.083333333333343,human,Homo sapiens,80.37333333333333,bos_taurus,Bos taurus,70.28999999999999,False,False,False,background
H2AC11,subcutaneous adipose tissue,clustered,6,3,44.814166666666665,42.4,5.455286617890332,40.9825,51.06,10.0775,bos_taurus,Bos taurus,51.06,human,Homo sapiens,40.9825,False,False,False,background
H2AC13,spinal cord,clustered,7,2,48.90642857142857,48.90642857142857,7.12258559163764,43.87,53.94285714285714,10.072857142857146,equus_caballus,Equus caballus,53.94285714285714,human,Homo sapiens,43.87,False,False,False,background
H2AC11,duodenum,clustered,6,3,57.12083333333333,56.584999999999994,5.0476258858331935,52.3625,62.415,10.052500000000002,human,Homo sapiens,62.415,bos_taurus,Bos taurus,52.3625,False,False,False,background
H2AZ2,cortex of kidney,variant,8,4,93.46025,95.703,4.856839189912172,86.195,96.24,10.045000000000002,bos_taurus,Bos taurus,96.24,pan_troglodytes,Pan troglodytes,86.195,True,False,False,background
H2AC6,smooth muscle tissue,clustered,7,2,85.84,85.84,7.085209947489209,80.83,90.85,10.019999999999996,canis_lupus_familiaris,Canis lupus familiaris,90.85,human,Homo sapiens,80.83,False,False,False,background
H2AZ2,lung,variant,8,6,93.3159523809524,94.03035714285714,3.7879689355197397,87.18,97.19000000000001,10.010000000000005,bos_taurus,Bos taurus,97.19000000000001,pan_troglodytes,Pan troglodytes,87.18,True,False,False,background
MACROH2A2,forebrain,variant,8,2,88.64500000000001,88.64500000000001,7.07813887967735,83.64,93.65,10.010000000000005,human,Homo sapiens,93.65,sus_scrofa,Sus scrofa,83.64,False,False,False,background
H2AJ,omental fat pad,variant,8,2,93.37636363636364,93.37636363636364,7.0659252170931985,88.38,98.37272727272726,9.992727272727265,human,Homo sapiens,98.37272727272726,bos_taurus,Bos taurus,88.38,False,False,False,background
H2AZ2,adipose tissue,variant,8,5,92.15874509803922,91.97,4.281674445841155,86.4,96.37166666666667,9.971666666666664,bos_taurus,Bos taurus,96.37166666666667,macaca_mulatta,Macaca mulatta,86.4,True,False,False,background
H2AJ,skeletal muscle tissue,variant,8,6,87.75305555555555,87.7025,3.5288383620088366,81.93083333333333,91.89,9.959166666666675,canis_lupus_familiaris,Canis lupus familiaris,91.89,human,Homo sapiens,81.93083333333333,True,False,False,background
H2AJ,uterine cervix,variant,8,2,90.00450000000001,90.00450000000001,7.015206376151748,85.044,94.965,9.921000000000006,bos_taurus,Bos taurus,94.965,human,Homo sapiens,85.044,False,False,False,background
H2AC13,granulocyte,clustered,7,2,63.69,63.69,7.01449926937056,58.73,68.65,9.920000000000009,mus_musculus,Mus musculus,68.65,human,Homo sapiens,58.73,False,False,False,background
MACROH2A1,prefrontal cortex,variant,8,8,93.41258522727273,93.96409090909091,3.151517809907071,86.41,96.2825,9.872500000000002,macaca_mulatta,Macaca mulatta,96.2825,bos_taurus,Bos taurus,86.41,True,False,False,background
H2AJ,spleen,variant,8,7,91.69018367346939,91.67,3.3790316031040524,85.76428571428572,95.63666666666667,9.87238095238095,human,Homo sapiens,95.63666666666667,sus_scrofa,Sus scrofa,85.76428571428572,True,False,False,background
H2AX,ovary,variant,8,4,86.53726515151516,86.25316666666666,4.944922820641051,81.89272727272727,91.75,9.85727272727273,canis_lupus_familiaris,Canis lupus familiaris,91.75,human,Homo sapiens,81.89272727272727,True,False,False,background
H2AZ1,Brodmann (1909) area 10,variant,8,2,93.84,93.84,6.9437885912518915,88.93,98.75,9.819999999999993,pan_troglodytes,Pan troglodytes,98.75,human,Homo sapiens,88.93,False,False,False,background
MACROH2A2,embryo,variant,8,3,94.03111111111112,97.28333333333335,5.656123852696039,87.5,97.31,9.810000000000002,equus_caballus,Equus caballus,97.31,felis_catus,Felis catus,87.5,False,False,False,background
H2AC21,hindlimb stylopod muscle,clustered,6,3,56.32333333333333,57.53,4.980856686688883,50.85,60.59,9.740000000000002,human,Homo sapiens,60.59,pan_troglodytes,Pan troglodytes,50.85,False,False,False,background
H2AZ1,heart left ventricle,variant,8,3,93.20062091503269,94.98333333333333,5.09386233712175,87.45500000000001,97.1635294117647,9.708529411764687,human,Homo sapiens,97.1635294117647,sus_scrofa,Sus scrofa,87.45500000000001,False,False,False,background
MACROH2A1,leukocyte,variant,8,3,94.21727272727271,94.93,4.888217238277677,89.01181818181819,98.71,9.698181818181808,human,Homo sapiens,98.71,bos_taurus,Bos taurus,89.01181818181819,False,False,False,background
H2AJ,mesenteric lymph node,variant,8,2,90.4825,90.4825,6.827115972356117,85.655,95.31,9.655000000000001,bos_taurus,Bos taurus,95.31,sus_scrofa,Sus scrofa,85.655,False,False,False,background
MACROH2A1,temporal lobe,variant,8,3,92.76291666666667,95.26,5.259524742867304,86.72,96.30875,9.588750000000005,human,Homo sapiens,96.30875,pan_troglodytes,Pan troglodytes,86.72,False,False,False,background
H2AC19,dorsolateral prefrontal cortex,clustered,4,2,73.77833333333334,73.77833333333334,6.771725941163161,68.99000000000001,78.56666666666666,9.576666666666654,human,Homo sapiens,78.56666666666666,pan_troglodytes,Pan troglodytes,68.99000000000001,False,False,False,background
H2AJ,adult mammalian kidney,variant,8,8,93.635625,93.68,2.847126501488156,87.70666666666666,97.28,9.573333333333338,sus_scrofa,Sus scrofa,97.28,canis_lupus_familiaris,Canis lupus familiaris,87.70666666666666,True,False,False,background
H2AC11,forebrain,clustered,6,2,64.315,64.315,6.767011895955255,59.53,69.1,9.569999999999993,sus_scrofa,Sus scrofa,69.1,human,Homo sapiens,59.53,False,False,False,background
MACROH2A1,uterine cervix,variant,8,2,92.85,92.85,6.759940828143411,88.07,97.63000000000001,9.560000000000016,human,Homo sapiens,97.63000000000001,bos_taurus,Bos taurus,88.07,False,False,False,background
MACROH2A1,lymph node,variant,8,5,93.04233333333335,92.77,4.053388774291897,88.06,97.60666666666667,9.546666666666667,human,Homo sapiens,97.60666666666667,pan_troglodytes,Pan troglodytes,88.06,True,False,False,background
H2AC21,blood,clustered,6,4,52.13229166666667,51.43958333333333,4.2943300999043466,48.07,57.580000000000005,9.510000000000005,human,Homo sapiens,57.580000000000005,equus_caballus,Equus caballus,48.07,True,False,False,background
H2AC8,urinary bladder,clustered,6,2,55.010625000000005,55.010625000000005,6.7113272369368175,50.265,59.75625,9.49125,human,Homo sapiens,59.75625,bos_taurus,Bos taurus,50.265,False,False,False,background
H2AC1,metanephros cortex,clustered,7,2,40.285,40.285,6.710443353460335,35.54,45.03,9.490000000000002,bos_taurus,Bos taurus,45.03,human,Homo sapiens,35.54,False,False,False,background
H2AZ1,heart,variant,8,6,93.63876388888889,93.81899999999999,3.785806530984685,88.37666666666667,97.85666666666667,9.480000000000004,canis_lupus_familiaris,Canis lupus familiaris,97.85666666666667,sus_scrofa,Sus scrofa,88.37666666666667,True,False,False,background
H2AC21,myometrium,clustered,6,2,39.980000000000004,39.980000000000004,6.689230150024742,35.25,44.71,9.46,bos_taurus,Bos taurus,44.71,human,Homo sapiens,35.25,False,False,False,background
H2AC15,frontal cortex,clustered,5,2,44.93295454545454,44.93295454545454,6.686337440465338,40.205,49.66090909090909,9.455909090909088,human,Homo sapiens,49.66090909090909,canis_lupus_familiaris,Canis lupus familiaris,40.205,False,False,False,background
H2AZ2,primary visual cortex,variant,8,3,93.01074074074074,93.36,4.735780057942054,88.11,97.56222222222222,9.452222222222218,human,Homo sapiens,97.56222222222222,pan_troglodytes,Pan troglodytes,88.11,False,False,False,background
MACROH2A1,subcutaneous adipose tissue,variant,8,3,92.19851143009038,94.08333333333333,4.969121376418743,86.56272727272727,95.94947368421053,9.386746411483259,human,Homo sapiens,95.94947368421053,bos_taurus,Bos taurus,86.56272727272727,False,False,False,background
MACROH2A1,muscle tissue,variant,8,4,89.80017857142857,90.85999999999999,4.461443833551195,84.05571428571429,93.42500000000001,9.369285714285724,sus_scrofa,Sus scrofa,93.42500000000001,bos_taurus,Bos taurus,84.05571428571429,True,False,False,background
H2AZ2,ovary,variant,8,4,93.32284090909091,92.79818181818182,4.280487671667827,89.17,98.525,9.355000000000004,bos_taurus,Bos taurus,98.525,sus_scrofa,Sus scrofa,89.17,True,False,False,background
MACROH2A1,gall bladder,variant,8,2,93.2125,93.2125,6.61498393800015,88.535,97.89,9.355000000000004,human,Homo sapiens,97.89,bos_taurus,Bos taurus,88.535,False,False,False,background
H2AC21,muscle tissue,clustered,6,3,43.36666666666667,45.97,5.154244205830119,37.43,46.7,9.270000000000003,equus_caballus,Equus caballus,46.7,bos_taurus,Bos taurus,37.43,False,False,False,background
H2AC12,hypothalamus,clustered,6,2,41.09916666666666,41.09916666666666,6.553701350297309,36.465,45.73333333333333,9.268333333333324,bos_taurus,Bos taurus,45.73333333333333,human,Homo sapiens,36.465,False,False,False,background
H2AC12,renal medulla,clustered,6,2,46.655,46.655,6.526595590351834,42.04,51.269999999999996,9.229999999999997,bos_taurus,Bos taurus,51.269999999999996,canis_lupus_familiaris,Canis lupus familiaris,42.04,False,False,False,background
H2AC21,zone of skin,clustered,6,3,43.92333333333334,46.25,5.0311165096162656,38.15,47.370000000000005,9.220000000000006,human,Homo sapiens,47.370000000000005,equus_caballus,Equus caballus,38.15,False,False,False,background
H2AC15,cerebellum,clustered,5,2,53.9895,53.9895,6.513160561509288,49.384,58.595,9.210999999999999,human,Homo sapiens,58.595,macaca_mulatta,Macaca mulatta,49.384,False,False,False,background
H2AX,thyroid gland,variant,8,2,74.03764705882352,74.03764705882352,6.502054825593001,69.44,78.63529411764705,9.195294117647052,human,Homo sapiens,78.63529411764705,canis_lupus_familiaris,Canis lupus familiaris,69.44,False,False,False,background
H2AC14,adrenal gland,clustered,7,2,44.965,44.965,6.470027047856911,40.39,49.54,9.149999999999999,bos_taurus,Bos taurus,49.54,human,Homo sapiens,40.39,False,False,False,background
H2AX,Ammon's horn,variant,8,4,84.39689338235294,84.5637867647059,3.949697113224005,79.66,88.8,9.14,sus_scrofa,Sus scrofa,88.8,macaca_mulatta,Macaca mulatta,79.66,True,False,False,background
H2AX,epithelium of bronchus,variant,8,2,81.55428571428573,81.55428571428573,6.449823996965877,76.99357142857143,86.11500000000001,9.12142857142858,equus_caballus,Equus caballus,86.11500000000001,human,Homo sapiens,76.99357142857143,False,False,False,background
H2AC7,muscle tissue,clustered,5,2,36.643,36.643,6.438914349484698,32.09,41.196,9.105999999999995,bos_taurus,Bos taurus,41.196,equus_caballus,Equus caballus,32.09,False,False,False,background
MACROH2A1,lung,variant,8,6,93.81172077922078,94.78999999999999,3.6148843464093403,88.85714285714286,97.9531818181818,9.096038961038943,human,Homo sapiens,97.9531818181818,bos_taurus,Bos taurus,88.85714285714286,True,False,False,background
MACROH2A1,blood,variant,8,5,94.84125641025642,95.09,3.3300442727756168,89.61,98.69128205128206,9.08128205128206,human,Homo sapiens,98.69128205128206,bos_taurus,Bos taurus,89.61,True,False,False,background
H2AX,small intestine Peyer's patch,variant,8,2,88.25090909090909,88.25090909090909,6.419243924480795,83.71181818181817,92.79,9.078181818181832,mus_musculus,Mus musculus,92.79,human,Homo sapiens,83.71181818181817,False,False,False,background
H2AC17,spinal cord,clustered,6,2,36.67166666666667,36.67166666666667,6.408744460154067,32.14,41.203333333333326,9.063333333333325,equus_caballus,Equus caballus,41.203333333333326,canis_lupus_familiaris,Canis lupus familiaris,32.14,False,False,False,background
MACROH2A1,heart right ventricle,variant,8,2,91.53166666666667,91.53166666666667,6.394602324530337,87.01,96.05333333333333,9.043333333333322,human,Homo sapiens,96.05333333333333,canis_lupus_familiaris,Canis lupus familiaris,87.01,False,False,False,background
H2AC14,prefrontal cortex,clustered,7,3,31.6125,32.925,4.637699456627176,26.46,35.4525,8.9925,macaca_mulatta,Macaca mulatta,35.4525,pan_troglodytes,Pan troglodytes,26.46,False,False,False,background
H2AC13,hypothalamus,clustered,7,2,46.7975,46.7975,6.325070157713665,42.325,51.27,8.945,bos_taurus,Bos taurus,51.27,human,Homo sapiens,42.325,False,False,False,background
H2AZ1,trachea,variant,8,2,93.25916666666666,93.25916666666666,6.3132850446938775,88.795,97.72333333333331,8.928333333333313,human,Homo sapiens,97.72333333333331,bos_taurus,Bos taurus,88.795,False,False,False,background
H2AC13,ganglionic eminence,clustered,7,2,42.1175,42.1175,6.303856954278076,37.66,46.575,8.915000000000006,human,Homo sapiens,46.575,mus_musculus,Mus musculus,37.66,False,False,False,background
H2AC15,dorsolateral prefrontal cortex,clustered,5,2,44.4025,44.4025,6.275572683030609,39.965,48.84,8.875,macaca_mulatta,Macaca mulatta,48.84,human,Homo sapiens,39.965,False,False,False,background
MACROH2A1,cardiac atrium,variant,8,2,92.39083333333333,92.39083333333333,6.273215660426656,87.955,96.82666666666667,8.87166666666667,human,Homo sapiens,96.82666666666667,bos_taurus,Bos taurus,87.955,False,False,False,background
H2AZ1,muscle tissue,variant,8,4,91.64782142857143,91.52814285714285,4.092480204324647,87.33500000000001,96.2,8.864999999999995,human,Homo sapiens,96.2,sus_scrofa,Sus scrofa,87.33500000000001,True,False,False,background
H2AC8,frontal cortex,clustered,6,3,49.839999999999996,47.08,5.033696454892763,46.79,55.65,8.86,human,Homo sapiens,55.65,pan_troglodytes,Pan troglodytes,46.79,False,False,False,background
MACROH2A1,occipital lobe,variant,8,3,92.68888888888888,95.17,4.922100199139632,87.02,95.87666666666667,8.85666666666667,human,Homo sapiens,95.87666666666667,bos_taurus,Bos taurus,87.02,False,False,False,background
H2AX,occipital lobe,variant,8,2,92.96833333333333,92.96833333333333,6.239038832669298,88.55666666666667,97.38,8.823333333333323,canis_lupus_familiaris,Canis lupus familiaris,97.38,human,Homo sapiens,88.55666666666667,False,False,False,background
H2AC8,subcutaneous adipose tissue,clustered,6,2,42.24067307692308,42.24067307692308,6.212884947236955,37.847500000000004,46.63384615384616,8.786346153846154,human,Homo sapiens,46.63384615384616,bos_taurus,Bos taurus,37.847500000000004,False,False,False,background
H2AC6,pancreas,clustered,7,2,79.08416666666668,79.08416666666668,6.181291778872413,74.71333333333332,83.45500000000001,8.741666666666688,human,Homo sapiens,83.45500000000001,canis_lupus_familiaris,Canis lupus familiaris,74.71333333333332,False,False,False,background
H2AZ2,placenta,variant,8,3,93.51166666666666,95.96,4.832500215554398,87.945,96.63,8.685000000000002,bos_taurus,Bos taurus,96.63,human,Homo sapiens,87.945,False,False,False,background
H2AC19,ovary,clustered,4,2,73.04666666666668,73.04666666666668,6.114116634659672,68.72333333333334,77.37,8.646666666666661,human,Homo sapiens,77.37,bos_taurus,Bos taurus,68.72333333333334,False,False,False,background
H2AC11,placenta,clustered,6,2,55.955,55.955,6.102331521639909,51.64,60.27,8.630000000000003,human,Homo sapiens,60.27,canis_lupus_familiaris,Canis lupus familiaris,51.64,False,False,False,background
H2AC25,hindlimb stylopod muscle,clustered,6,2,60.33,60.33,6.095260453828042,56.019999999999996,64.64,8.620000000000005,human,Homo sapiens,64.64,pan_troglodytes,Pan troglodytes,56.019999999999996,False,False,False,background
H2AC20,heart,clustered,5,2,77.249,77.249,6.082532531766679,72.94800000000001,81.55,8.60199999999999,macaca_mulatta,Macaca mulatta,81.55,human,Homo sapiens,72.94800000000001,False,False,False,background
H2AC11,jejunum,clustered,6,2,46.4875,46.4875,6.077582784298375,42.19,50.785,8.594999999999999,bos_taurus,Bos taurus,50.785,canis_lupus_familiaris,Canis lupus familiaris,42.19,False,False,False,background
MACROH2A1,tongue,variant,8,3,93.34666666666665,91.77,4.5068207567345535,89.83999999999999,98.43,8.590000000000018,human,Homo sapiens,98.43,bos_taurus,Bos taurus,89.83999999999999,False,False,False,background
H2AX,tonsil,variant,8,2,91.45583333333335,91.45583333333335,6.072868739090454,87.16166666666668,95.75,8.588333333333324,sus_scrofa,Sus scrofa,95.75,human,Homo sapiens,87.16166666666668,False,False,False,background
MACROH2A1,nasal cavity mucosa,variant,8,2,93.46000000000001,93.46000000000001,6.052834046956834,89.18,97.74,8.559999999999988,human,Homo sapiens,97.74,bos_taurus,Bos taurus,89.18,False,False,False,background
H2AX,renal medulla,variant,8,2,73.64750000000001,73.64750000000001,6.049298513050904,69.37,77.925,8.554999999999993,human,Homo sapiens,77.925,canis_lupus_familiaris,Canis lupus familiaris,69.37,False,False,False,background
H2AC17,heart left ventricle,clustered,6,3,51.45388888888888,52.834999999999994,4.435959539607753,46.49166666666667,55.035,8.54333333333333,canis_lupus_familiaris,Canis lupus familiaris,55.035,human,Homo sapiens,46.49166666666667,False,False,False,background
H2AZ2,mammary gland,variant,8,3,92.25777777777778,94.89,4.841857234727336,86.67,95.21333333333332,8.543333333333322,human,Homo sapiens,95.21333333333332,bos_taurus,Bos taurus,86.67,False,False,False,background
H2AC12,liver,clustered,6,4,40.918958333333336,40.87708333333333,3.96071889372278,36.705,45.21666666666667,8.51166666666667,macaca_mulatta,Macaca mulatta,45.21666666666667,human,Homo sapiens,36.705,True,False,False,background
H2AX,metanephros,variant,8,2,86.86600000000001,86.86600000000001,6.0000367406282535,82.62333333333333,91.10866666666668,8.485333333333344,mus_musculus,Mus musculus,91.10866666666668,human,Homo sapiens,82.62333333333333,False,False,False,background
H2AZ1,gluteus medius,variant,8,2,92.01875,92.01875,5.994497737508951,87.78,96.2575,8.477499999999992,equus_caballus,Equus caballus,96.2575,bos_taurus,Bos taurus,87.78,False,False,False,background
H2AC15,zone of skin,clustered,5,3,36.208333333333336,36.23,4.222541691130277,31.975,40.42,8.445,canis_lupus_familiaris,Canis lupus familiaris,40.42,human,Homo sapiens,31.975,False,False,False,background
H2AX,skin of abdomen,variant,8,2,86.99266666666666,86.99266666666666,5.954781906632315,82.782,91.20333333333333,8.421333333333337,mus_musculus,Mus musculus,91.20333333333333,human,Homo sapiens,82.782,False,False,False,background
MACROH2A1,saliva-secreting gland,variant,8,3,92.72033333333333,92.54,4.208398784969571,88.60499999999999,97.01599999999999,8.411000000000001,human,Homo sapiens,97.01599999999999,bos_taurus,Bos taurus,88.60499999999999,False,False,False,background
MACROH2A1,heart,variant,8,6,93.08555555555556,93.46799999999999,3.2256252704220336,87.745,96.154,8.408999999999992,human,Homo sapiens,96.154,bos_taurus,Bos taurus,87.745,True,False,False,background
H2AC17,lymph node,clustered,6,2,52.2375,52.2375,5.943232495872932,48.035,56.44,8.405000000000001,human,Homo sapiens,56.44,canis_lupus_familiaris,Canis lupus familiaris,48.035,False,False,False,background
MACROH2A1,trachea,variant,8,2,93.7425,93.7425,5.936161428061058,89.545,97.94,8.394999999999996,human,Homo sapiens,97.94,bos_taurus,Bos taurus,89.545,False,False,False,background
H2AC1,spermatocyte,clustered,7,2,92.285,92.285,5.890199487283945,88.12,96.45,8.329999999999998,mus_musculus,Mus musculus,96.45,macaca_mulatta,Macaca mulatta,88.12,False,False,False,background
MACROH2A1,ovary,variant,8,4,94.05128787878789,95.07166666666667,3.5895398776886487,88.88,97.18181818181819,8.301818181818192,human,Homo sapiens,97.18181818181819,bos_taurus,Bos taurus,88.88,True,False,False,background
H2AC19,adenohypophysis,clustered,4,2,82.67750000000001,82.67750000000001,5.851308614318669,78.54,86.815,8.274999999999991,human,Homo sapiens,86.815,bos_taurus,Bos taurus,78.54,False,False,False,background
H2AX,forebrain,variant,8,3,87.1219496855346,85.49000000000001,4.363164647757824,83.81,92.06584905660377,8.255849056603765,mus_musculus,Mus musculus,92.06584905660377,sus_scrofa,Sus scrofa,83.81,False,False,False,background
H2AC12,adrenal gland,clustered,6,2,47.185,47.185,5.833630944789017,43.06,51.31,8.25,bos_taurus,Bos taurus,51.31,human,Homo sapiens,43.06,False,False,False,background
H2AC6,adenohypophysis,clustered,7,2,89.7425,89.7425,5.830095410883088,85.62,93.86500000000001,8.245000000000005,bos_taurus,Bos taurus,93.86500000000001,human,Homo sapiens,85.62,False,False,False,background
H2AX,placenta,variant,8,3,87.36583333333333,88.05,4.158674919169969,82.9075,91.14,8.232500000000002,mus_musculus,Mus musculus,91.14,human,Homo sapiens,82.9075,False,False,False,background
H2AC6,placenta,clustered,7,3,86.851,87.04,4.104764670477467,82.655,90.85799999999999,8.202999999999989,human,Homo sapiens,90.85799999999999,bos_taurus,Bos taurus,82.655,False,False,False,background
H2AZ1,adult mammalian kidney,variant,8,8,94.2303125,93.80625,2.7593234425516466,90.58500000000001,98.77333333333333,8.188333333333318,canis_lupus_familiaris,Canis lupus familiaris,98.77333333333333,sus_scrofa,Sus scrofa,90.58500000000001,True,False,False,background
MACROH2A1,caecum,variant,8,3,94.52444444444444,94.74,4.094257948413626,90.32666666666667,98.50666666666666,8.179999999999993,human,Homo sapiens,98.50666666666666,bos_taurus,Bos taurus,90.32666666666667,False,False,False,background
MACROH2A1,urinary bladder,variant,8,3,92.92791666666666,92.36,4.096506959695462,89.14500000000001,97.27875,8.133749999999992,human,Homo sapiens,97.27875,bos_taurus,Bos taurus,89.14500000000001,False,False,False,background
H2AC11,omental fat pad,clustered,6,2,39.452777777777776,39.452777777777776,5.745635434241354,35.39,43.51555555555555,8.12555555555555,human,Homo sapiens,43.51555555555555,bos_taurus,Bos taurus,35.39,False,False,False,background
H2AC19,saliva-secreting gland,clustered,4,2,81.37,81.37,5.741707063234768,77.31,85.43,8.120000000000005,human,Homo sapiens,85.43,bos_taurus,Bos taurus,77.31,False,False,False,background
H2AC6,caecum,clustered,7,2,78.38,78.38,5.727564927611046,74.33,82.43,8.100000000000009,human,Homo sapiens,82.43,bos_taurus,Bos taurus,74.33,False,False,False,background
H2AZ2,nasopharynx,variant,8,2,95.05,95.05,5.727564927611032,91.0,99.1,8.099999999999994,bos_taurus,Bos taurus,99.1,human,Homo sapiens,91.0,False,False,False,background
H2AC6,hair follicle,clustered,7,2,83.57833333333335,83.57833333333335,5.711065769383345,79.54,87.61666666666667,8.076666666666668,human,Homo sapiens,87.61666666666667,canis_lupus_familiaris,Canis lupus familiaris,79.54,False,False,False,background
H2AZ2,temporal lobe,variant,8,3,92.3775,92.74,4.048440286085497,88.16,96.2325,8.072500000000005,human,Homo sapiens,96.2325,pan_troglodytes,Pan troglodytes,88.16,False,False,False,background
H2AX,leukocyte,variant,8,2,86.57499999999999,86.57499999999999,5.692209588551701,82.55,90.6,8.049999999999997,equus_caballus,Equus caballus,90.6,human,Homo sapiens,82.55,False,False,False,background
H2AJ,triceps brachii,variant,8,2,85.345,85.345,5.628569978244909,81.36500000000001,89.325,7.959999999999994,bos_taurus,Bos taurus,89.325,equus_caballus,Equus caballus,81.36500000000001,False,False,False,background
MACROH2A1,granulosa cell,variant,8,2,92.97999999999999,92.97999999999999,5.600285706997463,89.02,96.94,7.920000000000002,sus_scrofa,Sus scrofa,96.94,bos_taurus,Bos taurus,89.02,False,False,False,background
H2AC21,corpus callosum,clustered,6,2,85.17249999999999,85.17249999999999,5.575536969655926,81.22999999999999,89.115,7.885000000000005,human,Homo sapiens,89.115,sus_scrofa,Sus scrofa,81.22999999999999,False,False,False,background
H2AC25,dorsolateral prefrontal cortex,clustered,6,2,79.12613636363636,79.12613636363636,5.573608496616322,75.185,83.06727272727272,7.882272727272721,human,Homo sapiens,83.06727272727272,pan_troglodytes,Pan troglodytes,75.185,False,False,False,background
MACROH2A1,smooth muscle tissue,variant,8,2,91.36,91.36,5.572001435749991,87.42,95.3,7.8799999999999955,human,Homo sapiens,95.3,canis_lupus_familiaris,Canis lupus familiaris,87.42,False,False,False,background
H2AZ2,adult mammalian kidney,variant,8,8,94.94629166666667,95.79041666666667,2.519769872885537,89.14999999999999,97.0,7.8500000000000085,equus_caballus,Equus caballus,97.0,pan_troglodytes,Pan troglodytes,89.14999999999999,True,False,False,background
H2AJ,blood,variant,8,5,92.69833333333334,92.36666666666667,3.096467689606622,89.42333333333333,97.2225,7.799166666666665,bos_taurus,Bos taurus,97.2225,equus_caballus,Equus caballus,89.42333333333333,True,False,False,background
H2AC14,blood,clustered,7,2,47.27583333333334,47.27583333333334,5.474184997685853,43.405,51.14666666666667,7.741666666666667,human,Homo sapiens,51.14666666666667,bos_taurus,Bos taurus,43.405,False,False,False,background
H2AZ1,monocyte,variant,8,2,95.11,95.11,5.473006486383884,91.24,98.98,7.740000000000009,human,Homo sapiens,98.98,bos_taurus,Bos taurus,91.24,False,False,False,background
H2AJ,cartilage tissue,variant,8,2,91.57,91.57,5.473006486383869,87.7,95.44,7.739999999999995,canis_lupus_familiaris,Canis lupus familiaris,95.44,human,Homo sapiens,87.7,False,False,False,background
H2AC11,mammary gland,clustered,6,3,42.050000000000004,42.82,3.912249992012267,37.81,45.52,7.710000000000001,canis_lupus_familiaris,Canis lupus familiaris,45.52,bos_taurus,Bos taurus,37.81,False,False,False,background
MACROH2A1,skeletal muscle tissue,variant,8,6,91.56093137254902,90.28999999999999,3.0237026238818685,88.495,96.19999999999999,7.704999999999984,macaca_mulatta,Macaca mulatta,96.19999999999999,canis_lupus_familiaris,Canis lupus familiaris,88.495,True,False,False,background
H2AC6,primary visual cortex,clustered,7,3,76.86722222222222,76.16166666666668,3.8981863066663993,73.37,81.07,7.699999999999989,pan_troglodytes,Pan troglodytes,81.07,macaca_mulatta,Macaca mulatta,73.37,False,False,False,background
MACROH2A1,stomach,variant,8,3,93.86138888888888,95.19,3.9675871072609996,89.4,96.99416666666667,7.594166666666666,human,Homo sapiens,96.99416666666667,sus_scrofa,Sus scrofa,89.4,False,False,False,background
H2AZ2,ileum,variant,8,3,95.32633333333332,96.345,3.8981367771453814,91.02,98.614,7.594000000000008,bos_taurus,Bos taurus,98.614,macaca_mulatta,Macaca mulatta,91.02,False,False,False,background
H2AZ1,cardiac ventricle,variant,8,2,92.94166666666666,92.94166666666666,5.3480842883742685,89.16,96.72333333333334,7.563333333333347,human,Homo sapiens,96.72333333333334,bos_taurus,Bos taurus,89.16,False,False,False,background
H2AC15,duodenum,clustered,5,2,46.575,46.575,5.310371926710973,42.82,50.33,7.509999999999998,bos_taurus,Bos taurus,50.33,human,Homo sapiens,42.82,False,False,False,background
MACROH2A1,heart left ventricle,variant,8,3,94.13565359477126,96.29529411764706,4.18978353682859,89.30666666666667,96.805,7.498333333333335,sus_scrofa,Sus scrofa,96.805,canis_lupus_familiaris,Canis lupus familiaris,89.30666666666667,False,False,False,background
MACROH2A1,placenta,variant,8,3,94.13250000000001,95.69,3.9840282692270086,89.605,97.1025,7.497500000000002,human,Homo sapiens,97.1025,bos_taurus,Bos taurus,89.605,False,False,False,background
H2AC20,colon,clustered,5,2,71.5835,71.5835,5.294108470743677,67.84,75.327,7.486999999999995,human,Homo sapiens,75.327,macaca_mulatta,Macaca mulatta,67.84,False,False,False,background
H2AC20,lymph node,clustered,5,2,46.8275,46.8275,5.2856231893694385,43.09,50.565,7.474999999999994,human,Homo sapiens,50.565,bos_taurus,Bos taurus,43.09,False,False,False,background
H2AZ1,testis,variant,8,8,97.68286378205129,98.52320512820513,2.4196626647030612,91.76333333333334,99.209,7.445666666666668,canis_lupus_familiaris,Canis lupus familiaris,99.209,bos_taurus,Bos taurus,91.76333333333334,True,False,False,background
H2AZ1,subcutaneous adipose tissue,variant,8,3,94.10111642743222,94.74000000000001,3.75718258328113,90.06545454545454,97.49789473684211,7.43244019138757,human,Homo sapiens,97.49789473684211,bos_taurus,Bos taurus,90.06545454545454,False,False,False,background
H2AX,cortical plate,variant,8,2,84.925,84.925,5.239661248592315,81.22,88.63,7.409999999999997,mus_musculus,Mus musculus,88.63,human,Homo sapiens,81.22,False,False,False,background
H2AJ,spinal cord,variant,8,3,84.92935185185185,85.31555555555556,3.7188209204082203,81.0325,88.44,7.407499999999999,canis_lupus_familiaris,Canis lupus familiaris,88.44,equus_caballus,Equus caballus,81.0325,False,False,False,background
MACROH2A1,triceps brachii,variant,8,3,88.19833333333334,86.83500000000001,3.8838136326725685,85.18,92.58,7.3999999999999915,human,Homo sapiens,92.58,bos_taurus,Bos taurus,85.18,False,False,False,background
H2AC6,dorsolateral prefrontal cortex,clustered,7,3,75.9368115942029,76.8804347826087,3.7794071679660055,71.775,79.155,7.3799999999999955,pan_troglodytes,Pan troglodytes,79.155,macaca_mulatta,Macaca mulatta,71.775,False,False,False,background
H2AZ2,corpus epididymis,variant,8,2,94.36833333333334,94.36833333333334,5.206662932136948,90.68666666666667,98.05,7.36333333333333,bos_taurus,Bos taurus,98.05,human,Homo sapiens,90.68666666666667,False,False,False,background
H2AX,parotid gland,variant,8,2,75.10125,75.10125,5.206073676485949,71.42,78.7825,7.362499999999997,human,Homo sapiens,78.7825,mus_musculus,Mus musculus,71.42,False,False,False,background
H2AC8,cortex of kidney,clustered,6,4,55.99875,56.5875,3.0963106406388423,51.74,59.08,7.339999999999996,human,Homo sapiens,59.08,macaca_mulatta,Macaca mulatta,51.74,True,False,False,background
MACROH2A1,cerebellum,variant,8,7,94.52809943977591,95.14750000000001,2.6999692765423013,89.93333333333334,97.26352941176471,7.330196078431371,human,Homo sapiens,97.26352941176471,bos_taurus,Bos taurus,89.93333333333334,True,False,False,background
H2AJ,epithelium of bronchus,variant,8,2,94.55653846153847,94.55653846153847,5.180916992924504,90.89307692307693,98.22,7.326923076923066,equus_caballus,Equus caballus,98.22,human,Homo sapiens,90.89307692307693,False,False,False,background
H2AX,Brodmann (1909) area 10,variant,8,2,80.85,80.85,5.119453095790595,77.23,84.47,7.239999999999995,human,Homo sapiens,84.47,pan_troglodytes,Pan troglodytes,77.23,False,False,False,background
H2AX,mammary gland,variant,8,3,73.46272727272726,74.4,3.7041211134546494,69.38,76.60818181818182,7.228181818181824,mus_musculus,Mus musculus,76.60818181818182,canis_lupus_familiaris,Canis lupus familiaris,69.38,False,False,False,background
H2AZ2,zone of skin,variant,8,5,95.70786666666667,97.41333333333334,3.282322260568301,91.19000000000001,98.4,7.209999999999994,felis_catus,Felis catus,98.4,canis_lupus_familiaris,Canis lupus familiaris,91.19000000000001,True,False,False,background
H2AC21,adrenal gland,clustered,6,2,48.00666666666666,48.00666666666666,5.086454779335231,44.41,51.60333333333333,7.193333333333335,bos_taurus,Bos taurus,51.60333333333333,human,Homo sapiens,44.41,False,False,False,background
H2AZ2,uterine cervix,variant,8,2,94.1695,94.1695,5.084804863512465,90.574,97.765,7.1910000000000025,bos_taurus,Bos taurus,97.765,human,Homo sapiens,90.574,False,False,False,background
H2AC11,cerebral cortex,clustered,6,4,45.97708333333333,45.335,3.0414690575078667,43.025,50.21333333333334,7.18833333333334,human,Homo sapiens,50.21333333333334,canis_lupus_familiaris,Canis lupus familiaris,43.025,True,False,False,background
MACROH2A1,semimembranosus muscle,variant,8,2,88.61083333333333,88.61083333333333,5.082919245429299,85.01666666666667,92.205,7.188333333333333,sus_scrofa,Sus scrofa,92.205,bos_taurus,Bos taurus,85.01666666666667,False,False,False,background
H2AX,gastrocnemius,variant,8,2,78.76528846153846,78.76528846153846,5.073899101233395,75.1775,82.35307692307691,7.1755769230769175,human,Homo sapiens,82.35307692307691,mus_musculus,Mus musculus,75.1775,False,False,False,background
H2AJ,uterus,variant,8,4,91.06291666666667,91.31416666666667,2.9453454727253456,87.23,94.39333333333333,7.163333333333327,bos_taurus,Bos taurus,94.39333333333333,felis_catus,Felis catus,87.23,True,False,False,background
H2AZ2,dorsolateral prefrontal cortex,variant,8,3,94.19083333333333,95.97,3.8894603845949356,89.72999999999999,96.8725,7.1425000000000125,human,Homo sapiens,96.8725,pan_troglodytes,Pan troglodytes,89.72999999999999,False,False,False,background
MACROH2A1,duodenum,variant,8,3,94.0825,93.13,3.6604072519324924,90.9925,98.125,7.132499999999993,human,Homo sapiens,98.125,bos_taurus,Bos taurus,90.9925,False,False,False,background
MACROH2A1,hypothalamus,variant,8,4,94.34365196078431,95.7425,3.333821495756929,89.38666666666666,96.50294117647059,7.1162745098039295,human,Homo sapiens,96.50294117647059,bos_taurus,Bos taurus,89.38666666666666,True,False,False,background
H2AC21,primary visual cortex,clustered,6,2,49.76,49.76,5.006316010800755,46.22,53.3,7.079999999999998,human,Homo sapiens,53.3,macaca_mulatta,Macaca mulatta,46.22,False,False,False,background
H2AJ,placenta,variant,8,3,93.62,95.91499999999999,4.057607053424471,88.935,96.01,7.075000000000003,canis_lupus_familiaris,Canis lupus familiaris,96.01,human,Homo sapiens,88.935,False,False,False,background
H2AC12,saliva-secreting gland,clustered,6,2,49.9225,49.9225,4.967425137835501,46.41,53.435,7.025000000000006,bos_taurus,Bos taurus,53.435,canis_lupus_familiaris,Canis lupus familiaris,46.41,False,False,False,background
H2AC6,heart left ventricle,clustered,7,2,81.47578431372548,81.47578431372548,4.967355813641267,77.96333333333332,84.98823529411764,7.0249019607843195,human,Homo sapiens,84.98823529411764,canis_lupus_familiaris,Canis lupus familiaris,77.96333333333332,False,False,False,background
H2AC25,thyroid gland,clustered,6,2,56.43096153846154,56.43096153846154,4.929894085603287,52.945,59.91692307692308,6.971923076923076,human,Homo sapiens,59.91692307692308,bos_taurus,Bos taurus,52.945,False,False,False,background
H2AC7,metanephros cortex,clustered,5,2,46.224999999999994,46.224999999999994,4.928534264870238,42.739999999999995,49.71,6.970000000000006,bos_taurus,Bos taurus,49.71,human,Homo sapiens,42.739999999999995,False,False,False,background
H2AJ,cortex of kidney,variant,8,4,94.70575,95.98,3.2015754845596476,89.958,96.905,6.947000000000003,pan_troglodytes,Pan troglodytes,96.905,human,Homo sapiens,89.958,True,False,False,background
H2AZ1,aorta,variant,8,2,94.94749999999999,94.94749999999999,4.882572324093107,91.495,98.39999999999999,6.904999999999987,human,Homo sapiens,98.39999999999999,bos_taurus,Bos taurus,91.495,False,False,False,background
H2AJ,leukocyte,variant,8,3,93.10787878787879,92.44,3.4900800783317343,90.0,96.88363636363637,6.88363636363637,bos_taurus,Bos taurus,96.88363636363637,human,Homo sapiens,90.0,False,False,False,background
H2AC14,pons,clustered,7,2,48.265,48.265,4.843681451127846,44.84,51.69,6.849999999999994,bos_taurus,Bos taurus,51.69,sus_scrofa,Sus scrofa,44.84,False,False,False,background
H2AC21,uterine cervix,clustered,6,2,56.63250000000001,56.63250000000001,4.840145917221925,53.21,60.05500000000001,6.845000000000006,bos_taurus,Bos taurus,60.05500000000001,human,Homo sapiens,53.21,False,False,False,background
H2AC17,granulocyte,clustered,6,2,71.58500000000001,71.58500000000001,4.829539315504124,68.17,75.0,6.829999999999998,canis_lupus_familiaris,Canis lupus familiaris,75.0,human,Homo sapiens,68.17,False,False,False,background
MACROH2A1,aorta,variant,8,2,92.525,92.525,4.82246824769225,89.11500000000001,95.935,6.819999999999993,human,Homo sapiens,95.935,bos_taurus,Bos taurus,89.11500000000001,False,False,False,background
H2AZ2,adrenal gland,variant,8,3,95.68277777777776,96.545,3.48265796217221,91.85,98.65333333333332,6.8033333333333275,bos_taurus,Bos taurus,98.65333333333332,canis_lupus_familiaris,Canis lupus familiaris,91.85,False,False,False,background
H2AX,eyeball of camera-type eye,variant,8,2,83.43,83.43,4.808326112068526,80.03,86.83,6.799999999999997,felis_catus,Felis catus,86.83,mus_musculus,Mus musculus,80.03,False,False,False,background
H2AC6,large intestine,clustered,7,2,89.9425,89.9425,4.804790578162587,86.545,93.34,6.795000000000002,canis_lupus_familiaris,Canis lupus familiaris,93.34,human,Homo sapiens,86.545,False,False,False,background
H2AC15,adipose tissue,clustered,5,3,37.041666666666664,38.41,3.551057354272576,33.01,39.705,6.695,human,Homo sapiens,39.705,bos_taurus,Bos taurus,33.01,False,False,False,background
MACROH2A1,endometrium,variant,8,3,94.93986111111111,95.95,3.4444012626101435,91.10333333333334,97.76625,6.662916666666661,human,Homo sapiens,97.76625,bos_taurus,Bos taurus,91.10333333333334,False,False,False,background
H2AZ2,right lobe of liver,variant,8,2,91.44944444444445,91.44944444444445,4.708545488501088,88.12,94.77888888888889,6.658888888888882,human,Homo sapiens,94.77888888888889,sus_scrofa,Sus scrofa,88.12,False,False,False,background
MACROH2A1,cerebral cortex,variant,8,6,93.13483333333333,93.375,2.356477491228526,89.815,96.46900000000001,6.654000000000011,human,Homo sapiens,96.46900000000001,bos_taurus,Bos taurus,89.815,True,False,False,background
MACROH2A1,midbrain,variant,8,2,92.981,92.981,4.682461105017323,89.67,96.292,6.622,human,Homo sapiens,96.292,bos_taurus,Bos taurus,89.67,False,False,False,background
H2AC13,midbrain,clustered,7,2,79.62083333333334,79.62083333333334,4.682225402756925,76.31,82.93166666666667,6.62166666666667,mus_musculus,Mus musculus,82.93166666666667,bos_taurus,Bos taurus,76.31,False,False,False,background
H2AC7,cortex of kidney,clustered,5,2,46.7,46.7,4.681046891454945,43.39,50.01,6.619999999999997,bos_taurus,Bos taurus,50.01,human,Homo sapiens,43.39,False,False,False,background
H2AZ1,ovary,variant,8,4,95.22827651515152,95.43125,3.108728305847887,91.73333333333333,98.31727272727272,6.583939393939389,human,Homo sapiens,98.31727272727272,sus_scrofa,Sus scrofa,91.73333333333333,True,False,False,background
H2AC11,right lobe of liver,clustered,6,2,47.99666666666667,47.99666666666667,4.6268353715639785,44.725,51.26833333333334,6.5433333333333366,human,Homo sapiens,51.26833333333334,sus_scrofa,Sus scrofa,44.725,False,False,False,background
H2AZ2,epithelium of bronchus,variant,8,2,95.09821428571428,95.09821428571428,4.619932662509525,91.83142857142857,98.365,6.53357142857142,equus_caballus,Equus caballus,98.365,human,Homo sapiens,91.83142857142857,False,False,False,background
H2AC7,adipose tissue,clustered,5,2,43.281000000000006,43.281000000000006,4.611750426898664,40.02,46.542,6.5219999999999985,bos_taurus,Bos taurus,46.542,human,Homo sapiens,40.02,False,False,False,background
H2AC25,granulosa cell,clustered,6,2,60.295,60.295,4.574980874276962,57.06,63.53,6.469999999999999,bos_taurus,Bos taurus,63.53,sus_scrofa,Sus scrofa,57.06,False,False,False,background
H2AZ2,hair follicle,variant,8,2,90.9225,90.9225,4.564374272559173,87.695,94.15,6.4550000000000125,canis_lupus_familiaris,Canis lupus familiaris,94.15,human,Homo sapiens,87.695,False,False,False,background
H2AJ,colon,variant,8,6,91.9336274509804,92.2675,2.2311146272245734,87.67,94.08176470588236,6.411764705882362,human,Homo sapiens,94.08176470588236,pan_troglodytes,Pan troglodytes,87.67,True,False,False,background
H2AX,right lobe of liver,variant,8,2,79.315,79.315,4.532554467405767,76.11,82.52,6.409999999999997,human,Homo sapiens,82.52,sus_scrofa,Sus scrofa,76.11,False,False,False,background
H2AZ2,blood,variant,8,5,96.69305128205129,96.63,2.5620076288083733,92.70025641025642,99.08999999999999,6.389743589743574,equus_caballus,Equus caballus,99.08999999999999,human,Homo sapiens,92.70025641025642,True,False,False,background
H2AC17,thyroid gland,clustered,6,2,57.979615384615386,57.979615384615386,4.511885192263394,54.78923076923077,61.17,6.380769230769232,canis_lupus_familiaris,Canis lupus familiaris,61.17,human,Homo sapiens,54.78923076923077,False,False,False,background
H2AC13,ventricular zone,clustered,7,2,59.46000000000001,59.46000000000001,4.511341263970177,56.27,62.650000000000006,6.380000000000003,human,Homo sapiens,62.650000000000006,mus_musculus,Mus musculus,56.27,False,False,False,background
H2AC17,muscle tissue,clustered,6,2,45.565,45.565,4.504270196158308,42.38,48.75,6.369999999999997,sus_scrofa,Sus scrofa,48.75,human,Homo sapiens,42.38,False,False,False,background
H2AZ2,hindlimb stylopod muscle,variant,8,3,94.35666666666667,96.42,3.6432997863658336,90.15,96.5,6.349999999999994,macaca_mulatta,Macaca mulatta,96.5,pan_troglodytes,Pan troglodytes,90.15,False,False,False,background
H2AJ,superior frontal gyrus,variant,8,3,78.33740740740741,79.09222222222222,3.2366972446458253,74.79,81.13,6.339999999999989,macaca_mulatta,Macaca mulatta,81.13,human,Homo sapiens,74.79,False,False,False,background
H2AZ2,forebrain,variant,8,2,94.4625,94.4625,4.47245039100492,91.3,97.625,6.325000000000003,human,Homo sapiens,97.625,sus_scrofa,Sus scrofa,91.3,False,False,False,background
H2AZ2,tongue,variant,8,3,93.3888888888889,92.29,3.2985962221886265,90.78,97.09666666666668,6.316666666666677,bos_taurus,Bos taurus,97.09666666666668,human,Homo sapiens,90.78,False,False,False,background
H2AZ2,triceps brachii,variant,8,3,96.25833333333333,97.35,3.2864202916445904,92.565,98.86,6.295000000000002,equus_caballus,Equus caballus,98.86,human,Homo sapiens,92.565,False,False,False,background
MACROH2A1,adrenal gland,variant,8,3,94.18583333333333,95.045,3.233034887429046,90.61,96.9025,6.292500000000004,human,Homo sapiens,96.9025,bos_taurus,Bos taurus,90.61,False,False,False,background
MACROH2A1,longissimus thoracis muscle,variant,8,2,89.839,89.839,4.444873226538639,86.696,92.982,6.286000000000001,sus_scrofa,Sus scrofa,92.982,bos_taurus,Bos taurus,86.696,False,False,False,background
H2AZ1,zone of skin,variant,8,5,95.76638095238096,96.81333333333333,2.5230292055150905,92.02285714285713,98.30571428571429,6.282857142857154,human,Homo sapiens,98.30571428571429,canis_lupus_familiaris,Canis lupus familiaris,92.02285714285713,True,False,False,background
H2AZ2,bone marrow,variant,8,5,95.55642857142857,94.45,2.5702180682516684,92.87,99.15,6.280000000000001,equus_caballus,Equus caballus,99.15,pan_troglodytes,Pan troglodytes,92.87,True,False,False,background
H2AZ2,thymus,variant,8,4,96.333125,96.40625,3.285243125833052,93.12,99.4,6.280000000000001,bos_taurus,Bos taurus,99.4,pan_troglodytes,Pan troglodytes,93.12,True,False,False,background
H2AJ,cardiac atrium,variant,8,2,92.37833333333333,92.37833333333333,4.424131427623828,89.25,95.50666666666666,6.256666666666661,human,Homo sapiens,95.50666666666666,bos_taurus,Bos taurus,89.25,False,False,False,background
H2AX,cerebellar vermis,variant,8,2,80.85499999999999,80.85499999999999,4.419417382415907,77.73,83.97999999999999,6.249999999999986,human,Homo sapiens,83.97999999999999,mus_musculus,Mus musculus,77.73,False,False,False,background
MACROH2A1,adult mammalian kidney,variant,8,8,93.4465064102564,93.44375,1.9185948593047157,89.96999999999998,96.18333333333334,6.2133333333333525,macaca_mulatta,Macaca mulatta,96.18333333333334,pan_troglodytes,Pan troglodytes,89.96999999999998,True,False,False,background
H2AC7,uterine cervix,clustered,5,2,56.792500000000004,56.792500000000004,4.373455441638798,53.7,59.885000000000005,6.185000000000002,bos_taurus,Bos taurus,59.885000000000005,human,Homo sapiens,53.7,False,False,False,background
H2AC16,spinal cord,clustered,4,2,39.4025,39.4025,4.366384373826931,36.315,42.49,6.175000000000004,human,Homo sapiens,42.49,equus_caballus,Equus caballus,36.315,False,False,False,background
H2AX,frontal cortex,variant,8,6,81.57394383394383,81.825,2.641721707403589,78.18333333333334,84.3096153846154,6.126282051282061,human,Homo sapiens,84.3096153846154,canis_lupus_familiaris,Canis lupus familiaris,78.18333333333334,True,False,False,background
H2AC21,caecum,clustered,6,2,93.20500000000001,93.20500000000001,4.3204224330498,90.15,96.26,6.109999999999999,sus_scrofa,Sus scrofa,96.26,bos_taurus,Bos taurus,90.15,False,False,False,background
H2AZ2,duodenum,variant,8,3,95.23833333333334,95.27000000000001,3.045123492296048,92.17750000000001,98.2675,6.089999999999989,bos_taurus,Bos taurus,98.2675,human,Homo sapiens,92.17750000000001,False,False,False,background
H2AZ2,heart,variant,8,6,95.38774305555556,96.27833333333334,2.2708489770740505,91.58166666666666,97.665625,6.083958333333342,human,Homo sapiens,97.665625,sus_scrofa,Sus scrofa,91.58166666666666,True,False,False,background
H2AZ1,gluteal muscle,variant,8,2,91.4,91.4,4.299209229614203,88.36,94.44,6.079999999999998,human,Homo sapiens,94.44,bos_taurus,Bos taurus,88.36,False,False,False,background
H2AZ2,endometrium,variant,8,3,96.18409722222223,98.03166666666668,3.435088752374504,92.220625,98.3,6.079374999999999,equus_caballus,Equus caballus,98.3,human,Homo sapiens,92.220625,False,False,False,background
H2AZ2,saliva-secreting gland,variant,8,3,94.85000000000001,95.46000000000001,3.0510817753708235,91.54,97.55,6.009999999999991,bos_taurus,Bos taurus,97.55,canis_lupus_familiaris,Canis lupus familiaris,91.54,False,False,False,background
H2AZ2,Ammon's horn,variant,8,4,93.56208333333333,93.475,3.115145016242775,90.65,96.64833333333333,5.998333333333321,human,Homo sapiens,96.64833333333333,sus_scrofa,Sus scrofa,90.65,True,False,False,background
H2AZ2,heart right ventricle,variant,8,2,94.85583333333334,94.85583333333334,4.236748130609403,91.86,97.85166666666667,5.991666666666674,human,Homo sapiens,97.85166666666667,canis_lupus_familiaris,Canis lupus familiaris,91.86,False,False,False,background
MACROH2A1,jejunum,variant,8,3,95.07666666666667,96.83,3.3579247063228377,91.205,97.195,5.989999999999995,human,Homo sapiens,97.195,bos_taurus,Bos taurus,91.205,False,False,False,background
H2AC20,subcutaneous adipose tissue,clustered,5,2,66.91,66.91,4.214356415871822,63.93,69.89,5.960000000000001,bos_taurus,Bos taurus,69.89,human,Homo sapiens,63.93,False,False,False,background
MACROH2A1,brainstem,variant,8,2,87.95249999999999,87.95249999999999,4.210820881965894,84.975,90.92999999999999,5.954999999999998,sus_scrofa,Sus scrofa,90.92999999999999,equus_caballus,Equus caballus,84.975,False,False,False,background
H2AC8,gall bladder,clustered,6,2,55.870000000000005,55.870000000000005,4.200214280248093,52.9,58.84,5.940000000000005,human,Homo sapiens,58.84,bos_taurus,Bos taurus,52.9,False,False,False,background
H2AC21,dorsolateral prefrontal cortex,clustered,6,2,41.254999999999995,41.254999999999995,4.193143212436229,38.29,44.22,5.93,macaca_mulatta,Macaca mulatta,44.22,human,Homo sapiens,38.29,False,False,False,background
H2AJ,renal medulla,variant,8,3,95.31444444444445,95.83,2.996780371097057,92.09333333333332,98.02,5.9266666666666765,canis_lupus_familiaris,Canis lupus familiaris,98.02,human,Homo sapiens,92.09333333333332,False,False,False,background
H2AJ,pons,variant,8,3,91.29666666666667,89.42,3.3724521246910752,89.28,95.19,5.909999999999997,bos_taurus,Bos taurus,95.19,sus_scrofa,Sus scrofa,89.28,False,False,False,background
MACROH2A1,olfactory segment of nasal mucosa,variant,8,3,95.54,96.99,3.201546501302148,91.87,97.76,5.890000000000001,human,Homo sapiens,97.76,bos_taurus,Bos taurus,91.87,False,False,False,background
MACROH2A1,zone of skin,variant,8,5,94.29675238095238,95.015,2.379050238379733,90.82666666666667,96.69,5.86333333333333,felis_catus,Felis catus,96.69,bos_taurus,Bos taurus,90.82666666666667,True,False,False,background
H2AJ,stomach,variant,8,3,92.01055555555554,91.18666666666667,3.0131961313405893,89.495,95.35,5.85499999999999,canis_lupus_familiaris,Canis lupus familiaris,95.35,sus_scrofa,Sus scrofa,89.495,False,False,False,background
MACROH2A1,brain,variant,8,5,94.40191666666666,95.14,2.322318936549315,90.67,96.52458333333334,5.854583333333338,human,Homo sapiens,96.52458333333334,bos_taurus,Bos taurus,90.67,True,False,False,background
H2AX,small intestine,variant,8,3,85.54727272727273,83.75,3.3053241548439742,83.53,89.36181818181818,5.8318181818181785,mus_musculus,Mus musculus,89.36181818181818,human,Homo sapiens,83.53,False,False,False,background
H2AX,prostate gland,variant,8,2,78.78111111111112,78.78111111111112,4.116932814908344,75.87,81.69222222222223,5.822222222222223,human,Homo sapiens,81.69222222222223,mus_musculus,Mus musculus,75.87,False,False,False,background
H2AC8,hindlimb stylopod muscle,clustered,6,3,46.27,45.43,2.9995499662449348,43.78,49.6,5.82,human,Homo sapiens,49.6,macaca_mulatta,Macaca mulatta,43.78,False,False,False,background
MACROH2A1,renal medulla,variant,8,3,94.28555555555556,93.52,2.9829447295012557,91.75999999999999,97.57666666666667,5.816666666666677,human,Homo sapiens,97.57666666666667,bos_taurus,Bos taurus,91.75999999999999,False,False,False,background
H2AZ2,spinal cord,variant,8,3,95.01766666666667,96.715,3.2236417811744196,91.3,97.038,5.7379999999999995,human,Homo sapiens,97.038,canis_lupus_familiaris,Canis lupus familiaris,91.3,False,False,False,background
H2AC6,uterine cervix,clustered,7,2,81.5475,81.5475,4.034044186669262,78.695,84.4,5.7050000000000125,human,Homo sapiens,84.4,bos_taurus,Bos taurus,78.695,False,False,False,background
H2AJ,lung,variant,8,6,90.46424206349207,89.8625,2.1156460274519397,89.01866666666666,94.69428571428571,5.675619047619051,bos_taurus,Bos taurus,94.69428571428571,human,Homo sapiens,89.01866666666666,True,False,False,background
H2AC25,right lobe of liver,clustered,6,2,59.606875,59.606875,4.006643798898271,56.77375,62.44,5.666249999999998,sus_scrofa,Sus scrofa,62.44,human,Homo sapiens,56.77375,False,False,False,background
MACROH2A2,myometrium,variant,8,2,86.80625,86.80625,3.9651012755035713,84.0025,89.61,5.607500000000002,bos_taurus,Bos taurus,89.61,human,Homo sapiens,84.0025,False,False,False,background
H2AJ,heart right ventricle,variant,8,2,91.50416666666666,91.50416666666666,3.9374062599071036,88.72,94.28833333333334,5.568333333333342,human,Homo sapiens,94.28833333333334,canis_lupus_familiaris,Canis lupus familiaris,88.72,False,False,False,background
H2AZ2,metanephros cortex,variant,8,4,94.3425,95.175,2.4652974803594527,90.73,96.29,5.560000000000002,bos_taurus,Bos taurus,96.29,canis_lupus_familiaris,Canis lupus familiaris,90.73,True,False,False,background
H2AX,superior frontal gyrus,variant,8,4,86.74708937198068,86.71222222222224,2.26975210711712,84.00391304347826,89.56,5.556086956521739,macaca_mulatta,Macaca mulatta,89.56,human,Homo sapiens,84.00391304347826,True,False,False,background
H2AZ1,bone marrow,variant,8,5,97.60157142857143,97.7,2.1772077933698077,94.0,99.54785714285715,5.547857142857154,human,Homo sapiens,99.54785714285715,bos_taurus,Bos taurus,94.0,True,False,False,background
MACROH2A1,spinal cord,variant,8,3,93.46308333333333,93.12,2.7892451525158832,90.86125,96.408,5.546750000000003,human,Homo sapiens,96.408,equus_caballus,Equus caballus,90.86125,False,False,False,background
H2AZ2,cerebellar cortex,variant,8,3,95.58833333333332,97.185,3.0959503118321043,92.02000000000001,97.56,5.539999999999992,macaca_mulatta,Macaca mulatta,97.56,pan_troglodytes,Pan troglodytes,92.02000000000001,False,False,False,background
H2AC6,gluteal muscle,clustered,7,2,85.28,85.28,3.8890872965260113,82.53,88.03,5.5,bos_taurus,Bos taurus,88.03,human,Homo sapiens,82.53,False,False,False,background
H2AC16,zone of skin,clustered,4,2,31.175,31.175,3.8820162287141473,28.43,33.92,5.490000000000002,equus_caballus,Equus caballus,33.92,human,Homo sapiens,28.43,False,False,False,background
H2AZ1,adipose tissue,variant,8,5,94.78033333333333,94.66,2.2250544312942626,92.16,97.64,5.480000000000004,human,Homo sapiens,97.64,sus_scrofa,Sus scrofa,92.16,True,False,False,background
H2AC15,mammary gland,clustered,5,2,36.230000000000004,36.230000000000004,3.874945160902276,33.49,38.97,5.479999999999997,canis_lupus_familiaris,Canis lupus familiaris,38.97,bos_taurus,Bos taurus,33.49,False,False,False,background
H2AC20,endometrium,clustered,5,2,49.8825,49.8825,3.8501964235607566,47.16,52.605000000000004,5.445000000000007,human,Homo sapiens,52.605000000000004,equus_caballus,Equus caballus,47.16,False,False,False,background
MACROH2A1,caput epididymis,variant,8,2,94.25833333333333,94.25833333333333,3.830161731427126,91.55,96.96666666666665,5.416666666666657,human,Homo sapiens,96.96666666666665,bos_taurus,Bos taurus,91.55,False,False,False,background
H2AZ1,thyroid gland,variant,8,3,96.17862745098039,97.54588235294118,2.952806203461691,92.78999999999999,98.2,5.410000000000011,canis_lupus_familiaris,Canis lupus familiaris,98.2,bos_taurus,Bos taurus,92.78999999999999,False,False,False,background
H2AZ2,omental fat pad,variant,8,2,92.86704545454546,92.86704545454546,3.807127192343019,90.17500000000001,95.55909090909091,5.384090909090901,human,Homo sapiens,95.55909090909091,bos_taurus,Bos taurus,90.17500000000001,False,False,False,background
MACROH2A1,frontal cortex,variant,8,6,93.5851800976801,94.03214285714286,1.8378158253203345,90.08333333333333,95.45846153846153,5.375128205128206,human,Homo sapiens,95.45846153846153,bos_taurus,Bos taurus,90.08333333333333,True,False,False,background
H2AC16,testis,clustered,4,2,30.6875,30.6875,3.800698948877693,28.0,33.375,5.375,equus_caballus,Equus caballus,33.375,human,Homo sapiens,28.0,False,False,False,background
H2AC25,superior frontal gyrus,clustered,6,2,81.3086111111111,81.3086111111111,3.795199229468471,78.625,83.99222222222222,5.367222222222225,pan_troglodytes,Pan troglodytes,83.99222222222222,human,Homo sapiens,78.625,False,False,False,background
MACROH2A2,gluteus medius,variant,8,2,56.5825,56.5825,3.7865568132539646,53.905,59.260000000000005,5.355000000000004,bos_taurus,Bos taurus,59.260000000000005,equus_caballus,Equus caballus,53.905,False,False,False,background
H2AZ2,skeletal muscle tissue,variant,8,6,94.72852941176471,94.82308823529412,1.951412016497663,91.66,97.00999999999999,5.349999999999994,bos_taurus,Bos taurus,97.00999999999999,pan_troglodytes,Pan troglodytes,91.66,True,False,False,background
MACROH2A1,urethra,variant,8,2,95.06416666666667,95.06416666666667,3.7747717002341847,92.39500000000001,97.73333333333333,5.338333333333324,human,Homo sapiens,97.73333333333333,bos_taurus,Bos taurus,92.39500000000001,False,False,False,background
H2AC17,retina,clustered,6,2,46.335,46.335,3.768879143724297,43.67,49.0,5.329999999999998,equus_caballus,Equus caballus,49.0,canis_lupus_familiaris,Canis lupus familiaris,43.67,False,False,False,background
H2AJ,aorta,variant,8,2,96.075,96.075,3.761808075912428,93.415,98.735,5.319999999999993,human,Homo sapiens,98.735,bos_taurus,Bos taurus,93.415,False,False,False,background
H2AC25,saliva-secreting gland,clustered,6,2,73.86000000000001,73.86000000000001,3.747665940288695,71.21000000000001,76.51,5.299999999999997,human,Homo sapiens,76.51,bos_taurus,Bos taurus,71.21000000000001,False,False,False,background
H2AJ,jejunum,variant,8,3,94.35083333333334,95.75,2.9104792703837257,91.005,96.2975,5.292500000000004,bos_taurus,Bos taurus,96.2975,human,Homo sapiens,91.005,False,False,False,background
MACROH2A1,gluteus medius,variant,8,2,87.67,87.67,3.7052395334175157,85.05,90.29,5.240000000000009,equus_caballus,Equus caballus,90.29,bos_taurus,Bos taurus,85.05,False,False,False,background
H2AJ,embryo,variant,8,2,79.79,79.79,3.6910973977937775,77.18,82.4,5.219999999999999,felis_catus,Felis catus,82.4,equus_caballus,Equus caballus,77.18,False,False,False,background
H2AZ1,triceps brachii,variant,8,3,93.665,94.875,2.798588930157479,90.465,95.655,5.189999999999998,human,Homo sapiens,95.655,bos_taurus,Bos taurus,90.465,False,False,False,background
H2AZ1,uterus,variant,8,4,95.83250000000001,95.67500000000001,2.280572337196338,93.4,98.58,5.179999999999993,human,Homo sapiens,98.58,felis_catus,Felis catus,93.4,True,False,False,background
MACROH2A2,spermatocyte,variant,8,2,50.495000000000005,50.495000000000005,3.6415999231107214,47.92,53.07,5.149999999999999,bos_taurus,Bos taurus,53.07,macaca_mulatta,Macaca mulatta,47.92,False,False,False,background
H2AZ2,heart left ventricle,variant,8,3,94.205,92.725,2.87635620186374,92.37,97.52,5.1499999999999915,human,Homo sapiens,97.52,canis_lupus_familiaris,Canis lupus familiaris,92.37,False,False,False,background
H2AX,duodenum,variant,8,3,85.37183333333333,84.25999999999999,2.7446885220974258,83.3575,88.498,5.140500000000003,mus_musculus,Mus musculus,88.498,human,Homo sapiens,83.3575,False,False,False,background
H2AC6,urinary bladder,clustered,7,3,80.65083333333332,81.1525,2.6064635204301925,77.83,82.97,5.140000000000001,bos_taurus,Bos taurus,82.97,canis_lupus_familiaris,Canis lupus familiaris,77.83,False,False,False,background
H2AC19,temporal lobe,clustered,4,2,86.22,86.22,3.6345288552988495,83.65,88.79,5.140000000000001,human,Homo sapiens,88.79,pan_troglodytes,Pan troglodytes,83.65,False,False,False,background
H2AZ2,muscle tissue,variant,8,4,95.70010714285715,96.2125,2.3467951902468887,92.62142857142858,97.75399999999999,5.13257142857141,equus_caballus,Equus caballus,97.75399999999999,bos_taurus,Bos taurus,92.62142857142858,True,False,False,background
H2AC13,subcutaneous adipose tissue,clustered,7,2,57.64833333333333,57.64833333333333,3.6156726744672105,55.09166666666667,60.205,5.11333333333333,bos_taurus,Bos taurus,60.205,human,Homo sapiens,55.09166666666667,False,False,False,background
MACROH2A1,Ammon's horn,variant,8,4,93.9234375,93.995,2.1448439567852784,91.3,96.40375,5.103750000000005,human,Homo sapiens,96.40375,bos_taurus,Bos taurus,91.3,True,False,False,background
H2AC20,embryo,clustered,5,2,49.44,49.44,3.6062445840513906,46.89,51.99,5.100000000000001,equus_caballus,Equus caballus,51.99,felis_catus,Felis catus,46.89,False,False,False,background
H2AJ,bone marrow,variant,8,5,93.50346153846154,94.41,2.17484489006871,90.56230769230768,95.66,5.097692307692313,equus_caballus,Equus caballus,95.66,human,Homo sapiens,90.56230769230768,True,False,False,background
H2AC13,muscle tissue,clustered,7,4,42.06066666666666,41.69,2.192598053046255,39.906666666666666,44.956,5.049333333333337,bos_taurus,Bos taurus,44.956,equus_caballus,Equus caballus,39.906666666666666,True,False,False,background
H2AC25,longissimus thoracis muscle,clustered,6,2,53.06270833333333,53.06270833333333,3.5694161058645997,50.53875,55.58666666666667,5.047916666666673,sus_scrofa,Sus scrofa,55.58666666666667,bos_taurus,Bos taurus,50.53875,False,False,False,background
H2AC12,myometrium,clustered,6,2,41.49916666666667,41.49916666666667,3.557925620670311,38.983333333333334,44.015,5.031666666666666,bos_taurus,Bos taurus,44.015,human,Homo sapiens,38.983333333333334,False,False,False,background
H2AC14,endometrium,clustered,7,2,39.87125,39.87125,3.5373016728857096,37.37,42.3725,5.002500000000005,bos_taurus,Bos taurus,42.3725,human,Homo sapiens,37.37,False,False,False,background
H2AZ2,mucosa of urinary bladder,variant,8,2,91.125,91.125,3.5284628381208787,88.63,93.62,4.990000000000009,canis_lupus_familiaris,Canis lupus familiaris,93.62,human,Homo sapiens,88.63,False,False,False,background
H2AZ1,leukocyte,variant,8,3,96.19151515151515,96.02,2.4971488424997355,93.78454545454547,98.77,4.98545454545453,human,Homo sapiens,98.77,bos_taurus,Bos taurus,93.78454545454547,False,False,False,background
MACROH2A1,thymus,variant,8,4,96.300625,96.11,2.6382572964932773,94.0,98.9825,4.982500000000002,human,Homo sapiens,98.9825,bos_taurus,Bos taurus,94.0,True,False,False,background
H2AZ2,retina,variant,8,4,96.8025,97.91,2.4070504080028488,93.21,98.18,4.970000000000013,bos_taurus,Bos taurus,98.18,canis_lupus_familiaris,Canis lupus familiaris,93.21,True,False,False,background
H2AC17,subcutaneous adipose tissue,clustered,6,2,28.267,28.267,3.5030069939981567,25.79,30.744,4.954000000000001,human,Homo sapiens,30.744,sus_scrofa,Sus scrofa,25.79,False,False,False,background
H2AX,cardiac ventricle,variant,8,2,82.24208333333334,82.24208333333334,3.5007678225243954,79.76666666666667,84.7175,4.950833333333335,mus_musculus,Mus musculus,84.7175,human,Homo sapiens,79.76666666666667,False,False,False,background
H2AC8,mammary gland,clustered,6,2,49.45,49.45,3.4931074990615505,46.98,51.92,4.940000000000005,bos_taurus,Bos taurus,51.92,human,Homo sapiens,46.98,False,False,False,background
MACROH2A1,prostate gland,variant,8,2,93.28666666666666,93.28666666666666,3.488393453853637,90.82,95.75333333333333,4.933333333333337,human,Homo sapiens,95.75333333333333,bos_taurus,Bos taurus,90.82,False,False,False,background
H2AC11,granulocyte,clustered,6,2,63.245000000000005,63.245000000000005,3.4718942956259484,60.79,65.7,4.910000000000004,human,Homo sapiens,65.7,canis_lupus_familiaris,Canis lupus familiaris,60.79,False,False,False,background
H2AC14,hindlimb stylopod muscle,clustered,7,2,44.355000000000004,44.355000000000004,3.4718942956259533,41.9,46.81,4.910000000000004,human,Homo sapiens,46.81,macaca_mulatta,Macaca mulatta,41.9,False,False,False,background
H2AZ2,embryo,variant,8,3,97.55809523809523,99.05,2.7679124725652557,94.36428571428571,99.26,4.895714285714291,felis_catus,Felis catus,99.26,human,Homo sapiens,94.36428571428571,False,False,False,background
H2AX,hindlimb stylopod muscle,variant,8,4,81.7825,81.65249999999999,2.407960755494153,79.47,84.35499999999999,4.884999999999991,pan_troglodytes,Pan troglodytes,84.35499999999999,macaca_mulatta,Macaca mulatta,79.47,True,False,False,background
H2AJ,dorsal plus ventral thalamus,variant,8,2,83.91125,83.91125,3.4524488591433133,81.47,86.35249999999999,4.882499999999993,human,Homo sapiens,86.35249999999999,sus_scrofa,Sus scrofa,81.47,False,False,False,background
H2AC12,small intestine,clustered,6,2,40.935,40.935,3.4436100243784895,38.5,43.370000000000005,4.8700000000000045,human,Homo sapiens,43.370000000000005,canis_lupus_familiaris,Canis lupus familiaris,38.5,False,False,False,background
H2AC12,spermatocyte,clustered,6,2,44.13,44.13,3.4365389565666207,41.7,46.56,4.859999999999999,macaca_mulatta,Macaca mulatta,46.56,bos_taurus,Bos taurus,41.7,False,False,False,background
H2AX,CA1 field of hippocampus,variant,8,2,87.59,87.59,3.433003422660696,85.1625,90.0175,4.855000000000004,human,Homo sapiens,90.0175,mus_musculus,Mus musculus,85.1625,False,False,False,background
H2AZ1,metanephros cortex,variant,8,4,95.7775,95.55250000000001,2.4604759024763125,93.59,98.41499999999999,4.824999999999989,human,Homo sapiens,98.41499999999999,bos_taurus,Bos taurus,93.59,True,False,False,background
H2AJ,endometrium,variant,8,3,94.49062499999998,95.15499999999999,2.4792497447564585,91.746875,96.57,4.82312499999999,equus_caballus,Equus caballus,96.57,human,Homo sapiens,91.746875,False,False,False,background
H2AZ2,cartilage tissue,variant,8,2,91.81,91.81,3.408254685319154,89.4,94.22,4.819999999999993,canis_lupus_familiaris,Canis lupus familiaris,94.22,human,Homo sapiens,89.4,False,False,False,background
H2AZ1,pons,variant,8,3,94.645,93.35,2.6559038009687104,92.88499999999999,97.7,4.815000000000012,human,Homo sapiens,97.7,bos_taurus,Bos taurus,92.88499999999999,False,False,False,background
H2AZ2,granulocyte,variant,8,2,94.465,94.465,3.401183617507295,92.06,96.87,4.810000000000002,human,Homo sapiens,96.87,canis_lupus_familiaris,Canis lupus familiaris,92.06,False,False,False,background
MACROH2A1,oviduct epithelium,variant,8,3,96.37888888888888,96.58,2.4046490465423567,93.88,98.67666666666666,4.796666666666667,human,Homo sapiens,98.67666666666666,bos_taurus,Bos taurus,93.88,False,False,False,background
H2AZ1,cardiac atrium,variant,8,2,94.60916666666667,94.60916666666667,3.3858629705815804,92.215,97.00333333333333,4.788333333333327,human,Homo sapiens,97.00333333333333,bos_taurus,Bos taurus,92.215,False,False,False,background
H2AZ1,hypothalamus,variant,8,4,95.89277777777778,96.65,2.1869379348450164,92.75,97.52111111111111,4.771111111111111,human,Homo sapiens,97.52111111111111,bos_taurus,Bos taurus,92.75,True,False,False,background
H2AC17,metanephros cortex,clustered,6,3,48.69333333333333,48.83,2.377947294061273,46.25,51.0,4.75,sus_scrofa,Sus scrofa,51.0,human,Homo sapiens,46.25,False,False,False,background
H2AJ,smooth muscle tissue,variant,8,2,92.705,92.705,3.3587572106361008,90.33,95.08,4.75,canis_lupus_familiaris,Canis lupus familiaris,95.08,human,Homo sapiens,90.33,False,False,False,background
H2AZ2,trachea,variant,8,2,93.98083333333334,93.98083333333334,3.343436563710386,91.61666666666667,96.345,4.728333333333325,bos_taurus,Bos taurus,96.345,human,Homo sapiens,91.61666666666667,False,False,False,background
H2AZ2,brain,variant,8,5,94.20691666666667,94.45,1.714484444292871,91.41499999999999,96.12958333333334,4.714583333333351,human,Homo sapiens,96.12958333333334,canis_lupus_familiaris,Canis lupus familiaris,91.41499999999999,True,False,False,background
MACROH2A1,pituitary gland,variant,8,5,95.20338095238095,94.07,2.3423350197337682,93.115,97.82857142857142,4.713571428571427,human,Homo sapiens,97.82857142857142,sus_scrofa,Sus scrofa,93.115,True,False,False,background
H2AJ,subcutaneous adipose tissue,variant,8,3,96.45167464114832,97.41000000000001,2.49632951447678,93.61818181818181,98.32684210526315,4.708660287081344,human,Homo sapiens,98.32684210526315,bos_taurus,Bos taurus,93.61818181818181,False,False,False,background
H2AZ1,lung,variant,8,6,96.35439393939394,96.35249999999999,1.8487469157248653,93.8375,98.5375,4.699999999999989,canis_lupus_familiaris,Canis lupus familiaris,98.5375,sus_scrofa,Sus scrofa,93.8375,True,False,False,background
H2AZ2,occipital lobe,variant,8,3,93.00444444444445,91.67,2.611313703724481,91.33,96.01333333333334,4.683333333333337,human,Homo sapiens,96.01333333333334,canis_lupus_familiaris,Canis lupus familiaris,91.33,False,False,False,background
H2AZ2,prostate gland,variant,8,2,94.41888888888889,94.41888888888889,3.3108310843556743,92.07777777777778,96.76,4.682222222222222,bos_taurus,Bos taurus,96.76,human,Homo sapiens,92.07777777777778,False,False,False,background
H2AC6,superior frontal gyrus,clustered,7,3,74.50708994708994,74.56222222222222,2.3409631509288777,72.13904761904762,76.82,4.680952380952377,macaca_mulatta,Macaca mulatta,76.82,human,Homo sapiens,72.13904761904762,False,False,False,background
H2AX,jejunum,variant,8,3,85.9661111111111,84.73833333333333,2.54296651643385,84.27,88.89,4.6200000000000045,canis_lupus_familiaris,Canis lupus familiaris,88.89,human,Homo sapiens,84.27,False,False,False,background
H2AZ2,smooth muscle tissue,variant,8,2,95.295,95.295,3.2456201256462553,93.0,97.59,4.590000000000003,human,Homo sapiens,97.59,canis_lupus_familiaris,Canis lupus familiaris,93.0,False,False,False,background
H2AZ1,colon,variant,8,6,97.0174074074074,97.73249999999999,1.8744365957375912,94.07,98.65944444444443,4.589444444444439,human,Homo sapiens,98.65944444444443,pan_troglodytes,Pan troglodytes,94.07,True,False,False,background
H2AZ1,placenta,variant,8,3,96.11766666666666,96.92,2.394530503738321,93.42500000000001,98.00800000000001,4.582999999999998,human,Homo sapiens,98.00800000000001,bos_taurus,Bos taurus,93.42500000000001,False,False,False,background
H2AZ1,olfactory bulb,variant,8,2,95.9,95.9,3.2385490578343914,93.61,98.19,4.579999999999998,canis_lupus_familiaris,Canis lupus familiaris,98.19,human,Homo sapiens,93.61,False,False,False,background
H2AC14,hypothalamus,clustered,7,2,41.55833333333334,41.55833333333334,3.2220498996067026,39.28,43.836666666666666,4.556666666666665,bos_taurus,Bos taurus,43.836666666666666,human,Homo sapiens,39.28,False,False,False,background
H2AJ,trachea,variant,8,2,93.52833333333334,93.52833333333334,3.1513392214880396,91.3,95.75666666666666,4.4566666666666634,human,Homo sapiens,95.75666666666666,bos_taurus,Bos taurus,91.3,False,False,False,background
MACROH2A2,occipital cortex,variant,8,2,64.59666666666666,64.59666666666666,3.13012601805245,62.38333333333333,66.81,4.426666666666669,canis_lupus_familiaris,Canis lupus familiaris,66.81,sus_scrofa,Sus scrofa,62.38333333333333,False,False,False,background
MACROH2A1,uterus,variant,8,4,95.13833333333334,95.61,1.9213507979775273,92.45333333333333,96.88,4.426666666666662,human,Homo sapiens,96.88,bos_taurus,Bos taurus,92.45333333333333,True,False,False,background
H2AZ1,renal medulla,variant,8,3,96.0122222222222,97.35666666666667,2.4979487881356053,93.13,97.55,4.420000000000002,canis_lupus_familiaris,Canis lupus familiaris,97.55,bos_taurus,Bos taurus,93.13,False,False,False,background
H2AZ1,prefrontal cortex,variant,8,8,96.3374375,96.31,1.4439532896456826,93.91,98.3275,4.417500000000004,macaca_mulatta,Macaca mulatta,98.3275,equus_caballus,Equus caballus,93.91,True,False,False,background
H2AX,midbrain,variant,8,2,93.856875,93.856875,3.120992555462119,91.65,96.06375,4.413749999999993,mus_musculus,Mus musculus,96.06375,human,Homo sapiens,91.65,False,False,False,background
H2AZ2,caput epididymis,variant,8,2,95.61333333333334,95.61333333333334,3.1206979276366202,93.40666666666668,97.82,4.413333333333313,bos_taurus,Bos taurus,97.82,human,Homo sapiens,93.40666666666668,False,False,False,background
H2AC12,skeletal muscle tissue,clustered,6,3,47.46666666666667,47.295,2.2075117968729687,45.35,49.754999999999995,4.404999999999994,canis_lupus_familiaris,Canis lupus familiaris,49.754999999999995,human,Homo sapiens,45.35,False,False,False,background
H2AJ,hypothalamus,variant,8,4,84.0475,83.805,1.993079461722668,82.09666666666668,86.48333333333333,4.386666666666656,human,Homo sapiens,86.48333333333333,bos_taurus,Bos taurus,82.09666666666668,True,False,False,background
H2AZ2,urinary bladder,variant,8,3,95.91375000000001,96.07625,2.1970118200637945,93.64,98.025,4.385000000000005,bos_taurus,Bos taurus,98.025,canis_lupus_familiaris,Canis lupus familiaris,93.64,False,False,False,background
H2AX,granulocyte,variant,8,3,89.85333333333334,91.18,2.473081748210789,87.0,91.38,4.3799999999999955,human,Homo sapiens,91.38,canis_lupus_familiaris,Canis lupus familiaris,87.0,False,False,False,background
MACROH2A1,adenohypophysis,variant,8,2,95.11583333333334,95.11583333333334,3.0912351450871776,92.93,97.30166666666666,4.3716666666666555,human,Homo sapiens,97.30166666666666,bos_taurus,Bos taurus,92.93,False,False,False,background
H2AJ,thyroid gland,variant,8,3,96.24254901960785,95.49764705882353,2.2782414706051695,94.43,98.8,4.36999999999999,canis_lupus_familiaris,Canis lupus familiaris,98.8,bos_taurus,Bos taurus,94.43,False,False,False,background
MACROH2A1,medulla oblongata,variant,8,2,94.38535714285715,94.38535714285715,3.0834906422456294,92.205,96.5657142857143,4.360714285714295,human,Homo sapiens,96.5657142857143,sus_scrofa,Sus scrofa,92.205,False,False,False,background
H2AZ1,skeletal muscle tissue,variant,8,6,94.8040625,94.83,1.6820302905826385,92.47,96.83000000000001,4.360000000000014,canis_lupus_familiaris,Canis lupus familiaris,96.83000000000001,pan_troglodytes,Pan troglodytes,92.47,True,False,False,background
MACROH2A1,metanephros cortex,variant,8,4,94.0825,93.74000000000001,1.848226627518022,92.245,96.60499999999999,4.359999999999985,human,Homo sapiens,96.60499999999999,sus_scrofa,Sus scrofa,92.245,True,False,False,background
H2AZ2,brainstem,variant,8,2,83.29583333333332,83.29583333333332,3.081807054671365,81.11666666666666,85.475,4.358333333333334,equus_caballus,Equus caballus,85.475,sus_scrofa,Sus scrofa,81.11666666666666,False,False,False,background
H2AZ2,renal medulla,variant,8,3,94.88666666666667,96.03000000000002,2.389776837558971,92.14,96.49000000000001,4.3500000000000085,bos_taurus,Bos taurus,96.49000000000001,canis_lupus_familiaris,Canis lupus familiaris,92.14,False,False,False,background
H2AC11,gall bladder,clustered,6,2,48.942499999999995,48.942499999999995,3.0511657608199583,46.785,51.1,4.315000000000005,human,Homo sapiens,51.1,bos_taurus,Bos taurus,46.785,False,False,False,background
H2AZ2,fibroblast,variant,8,2,91.1825,91.1825,3.0511657608199507,89.025,93.34,4.314999999999998,macaca_mulatta,Macaca mulatta,93.34,pan_troglodytes,Pan troglodytes,89.025,False,False,False,background
H2AJ,duodenum,variant,8,3,94.2836111111111,95.2875,2.3083141294828953,91.64333333333333,95.92,4.276666666666671,sus_scrofa,Sus scrofa,95.92,human,Homo sapiens,91.64333333333333,False,False,False,background
H2AZ2,kidney,variant,8,5,95.41566666666667,96.3,1.7757962220430095,92.62,96.86,4.239999999999995,bos_taurus,Bos taurus,96.86,canis_lupus_familiaris,Canis lupus familiaris,92.62,True,False,False,background
H2AZ1,saliva-secreting gland,variant,8,3,96.57866666666666,97.73,2.3364386003773676,93.89,98.11600000000001,4.226000000000013,human,Homo sapiens,98.11600000000001,bos_taurus,Bos taurus,93.89,False,False,False,background
H2AC6,cerebellar cortex,clustered,7,3,78.587,79.01,2.1420567219380704,76.26499999999999,80.486,4.221000000000018,pan_troglodytes,Pan troglodytes,80.486,human,Homo sapiens,76.26499999999999,False,False,False,background
MACROH2A1,forebrain,variant,8,2,96.02,96.02,2.98399061660723,93.91,98.13,4.219999999999999,human,Homo sapiens,98.13,sus_scrofa,Sus scrofa,93.91,False,False,False,background
MACROH2A1,diaphragm,variant,8,2,90.4825,90.4825,2.952170811453824,88.39500000000001,92.57,4.174999999999983,human,Homo sapiens,92.57,bos_taurus,Bos taurus,88.39500000000001,False,False,False,background
H2AZ1,pituitary gland,variant,8,5,96.58179487179487,96.31,1.7310273976496013,94.33,98.4723076923077,4.142307692307696,human,Homo sapiens,98.4723076923077,bos_taurus,Bos taurus,94.33,True,False,False,background
H2AZ1,diaphragm,variant,8,2,96.295,96.295,2.920351006300438,94.23,98.36,4.1299999999999955,bos_taurus,Bos taurus,98.36,human,Homo sapiens,94.23,False,False,False,background
H2AZ2,hypothalamus,variant,8,4,93.89723958333333,93.47166666666666,1.7518535601663032,92.265,96.380625,4.115624999999994,human,Homo sapiens,96.380625,sus_scrofa,Sus scrofa,92.265,True,False,False,background
H2AJ,hindlimb stylopod muscle,variant,8,3,91.08333333333333,90.515,2.1155515435302785,89.31,93.425,4.114999999999995,human,Homo sapiens,93.425,macaca_mulatta,Macaca mulatta,89.31,False,False,False,background
MACROH2A1,thyroid gland,variant,8,3,94.80401960784314,95.34,2.1028974971468264,92.485,96.58705882352942,4.102058823529418,human,Homo sapiens,96.58705882352942,bos_taurus,Bos taurus,92.485,False,False,False,background
H2AZ2,thyroid gland,variant,8,3,95.45009803921569,95.95529411764706,2.0937224167130712,93.15,97.245,4.094999999999999,bos_taurus,Bos taurus,97.245,canis_lupus_familiaris,Canis lupus familiaris,93.15,False,False,False,background
MACROH2A1,cortex of kidney,variant,8,4,94.144,94.243,1.7853470250906314,92.02000000000001,96.07,4.049999999999983,macaca_mulatta,Macaca mulatta,96.07,pan_troglodytes,Pan troglodytes,92.02000000000001,True,False,False,background
H2AZ1,epithelium of bronchus,variant,8,2,95.77142857142857,95.77142857142857,2.837518497647145,93.765,97.77785714285713,4.012857142857129,human,Homo sapiens,97.77785714285713,equus_caballus,Equus caballus,93.765,False,False,False,background
MACROH2A1,corpus epididymis,variant,8,2,94.92833333333334,94.92833333333334,2.826070102142222,92.93,96.92666666666666,3.9966666666666555,human,Homo sapiens,96.92666666666666,bos_taurus,Bos taurus,92.93,False,False,False,background
H2AX,secondary oocyte,variant,8,2,86.25666666666666,86.25666666666666,2.818999034330363,84.26333333333334,88.25,3.9866666666666646,human,Homo sapiens,88.25,mus_musculus,Mus musculus,84.26333333333334,False,False,False,background
H2AZ2,olfactory bulb,variant,8,2,90.315,90.315,2.8072139213105927,88.33,92.3,3.969999999999999,canis_lupus_familiaris,Canis lupus familiaris,92.3,human,Homo sapiens,88.33,False,False,False,background
H2AJ,retina,variant,8,3,93.63333333333333,94.43,2.092040471246509,91.26,95.21,3.9499999999999886,bos_taurus,Bos taurus,95.21,canis_lupus_familiaris,Canis lupus familiaris,91.26,False,False,False,background
H2AX,cortex of kidney,variant,8,4,80.281875,79.69125,1.83717329862119,78.9,82.845,3.944999999999993,pan_troglodytes,Pan troglodytes,82.845,mus_musculus,Mus musculus,78.9,True,False,False,background
MACROH2A1,myometrium,variant,8,2,93.91863636363637,93.91863636363637,2.784072244835398,91.95,95.88727272727273,3.9372727272727275,human,Homo sapiens,95.88727272727273,bos_taurus,Bos taurus,91.95,False,False,False,background
H2AJ,right lobe of liver,variant,8,2,95.37305555555555,95.37305555555555,2.774608441955896,93.4111111111111,97.33500000000001,3.9238888888889107,sus_scrofa,Sus scrofa,97.33500000000001,human,Homo sapiens,93.4111111111111,False,False,False,background
H2AX,spermatocyte,variant,8,2,96.405,96.405,2.7647875144393983,94.45,98.36,3.9099999999999966,mus_musculus,Mus musculus,98.36,macaca_mulatta,Macaca mulatta,94.45,False,False,False,background
H2AJ,caecum,variant,8,3,92.95277777777778,93.78666666666668,2.0802112161277595,90.585,94.48666666666666,3.901666666666671,human,Homo sapiens,94.48666666666666,sus_scrofa,Sus scrofa,90.585,False,False,False,background
H2AZ1,endometrium,variant,8,3,95.84458333333333,94.8,2.1467855088092365,94.42,98.31375,3.893749999999997,human,Homo sapiens,98.31375,equus_caballus,Equus caballus,94.42,False,False,False,background
H2AZ1,retina,variant,8,4,96.7925,97.24000000000001,1.6891097260588686,94.4,98.29,3.8900000000000006,human,Homo sapiens,98.29,equus_caballus,Equus caballus,94.4,True,False,False,background
H2AJ,pancreas,variant,8,2,94.67500000000001,94.67500000000001,2.722361107568219,92.75,96.60000000000001,3.8500000000000085,canis_lupus_familiaris,Canis lupus familiaris,96.60000000000001,human,Homo sapiens,92.75,False,False,False,background
H2AZ2,diaphragm,variant,8,2,96.795,96.795,2.722361107568204,94.87,98.72,3.8499999999999943,bos_taurus,Bos taurus,98.72,human,Homo sapiens,94.87,False,False,False,background
H2AJ,gall bladder,variant,8,2,93.72,93.72,2.715290039756345,91.8,95.64,3.8400000000000034,bos_taurus,Bos taurus,95.64,human,Homo sapiens,91.8,False,False,False,background
H2AC13,skeletal muscle tissue,clustered,7,2,51.2375,51.2375,2.6693280989792134,49.35,53.125,3.7749999999999986,bos_taurus,Bos taurus,53.125,mus_musculus,Mus musculus,49.35,False,False,False,background
H2AZ2,uterus,variant,8,4,97.09666666666666,97.21333333333334,1.8319024719309371,95.1,98.86,3.760000000000005,felis_catus,Felis catus,98.86,human,Homo sapiens,95.1,True,False,False,background
H2AC8,retina,clustered,6,2,50.575,50.575,2.6516504294495533,48.7,52.45,3.75,equus_caballus,Equus caballus,52.45,bos_taurus,Bos taurus,48.7,False,False,False,background
H2AZ2,adrenal cortex,variant,8,2,93.49333333333334,93.49333333333334,2.6351512712218668,91.63,95.35666666666667,3.7266666666666737,human,Homo sapiens,95.35666666666667,canis_lupus_familiaris,Canis lupus familiaris,91.63,False,False,False,background
MACROH2A1,esophagus,variant,8,2,95.86214285714286,95.86214285714286,2.633467683647628,94.0,97.72428571428573,3.7242857142857275,human,Homo sapiens,97.72428571428573,bos_taurus,Bos taurus,94.0,False,False,False,background
MACROH2A1,dorsolateral prefrontal cortex,variant,8,3,94.72486111111111,95.235,1.911545528589463,92.61,96.32958333333333,3.7195833333333326,human,Homo sapiens,96.32958333333333,pan_troglodytes,Pan troglodytes,92.61,False,False,False,background
H2AC8,primary visual cortex,clustered,6,3,53.835,54.61,1.9750379743184665,51.59,55.305,3.7149999999999963,pan_troglodytes,Pan troglodytes,55.305,macaca_mulatta,Macaca mulatta,51.59,False,False,False,background
H2AC19,endometrium,clustered,4,3,60.01133333333333,59.553999999999995,1.891921069530477,58.39,62.09,3.700000000000003,human,Homo sapiens,62.09,equus_caballus,Equus caballus,58.39,False,False,False,background
MACROH2A1,penis,variant,8,2,97.22999999999999,97.22999999999999,2.616295090390223,95.38,99.08,3.700000000000003,human,Homo sapiens,99.08,sus_scrofa,Sus scrofa,95.38,False,False,False,background
MACROH2A1,tonsil,variant,8,2,96.87,96.87,2.5738686835190383,95.05,98.69,3.6400000000000006,human,Homo sapiens,98.69,sus_scrofa,Sus scrofa,95.05,False,False,False,background
H2AZ2,nasal cavity mucosa,variant,8,2,96.38,96.38,2.5597265478953055,94.57,98.19,3.6200000000000045,bos_taurus,Bos taurus,98.19,human,Homo sapiens,94.57,False,False,False,background
H2AJ,cerebellar cortex,variant,8,3,79.57933333333334,79.62,1.8013443128212128,77.75800000000001,81.36,3.6019999999999897,human,Homo sapiens,81.36,pan_troglodytes,Pan troglodytes,77.75800000000001,False,False,False,background
H2AZ1,granulocyte,variant,8,2,96.6,96.6,2.545584412271582,94.8,98.4,3.6000000000000085,human,Homo sapiens,98.4,canis_lupus_familiaris,Canis lupus familiaris,94.8,False,False,False,background
H2AC7,cerebral cortex,clustered,5,3,30.05333333333333,29.26,1.9266637831581654,28.65,32.25,3.6000000000000014,canis_lupus_familiaris,Canis lupus familiaris,32.25,bos_taurus,Bos taurus,28.65,False,False,False,background
H2AC8,superior frontal gyrus,clustered,6,3,43.1775,44.345,2.041685884263296,40.82,44.3675,3.5474999999999994,pan_troglodytes,Pan troglodytes,44.3675,macaca_mulatta,Macaca mulatta,40.82,False,False,False,background
H2AJ,prostate gland,variant,8,2,95.28076923076924,95.28076923076924,2.5020701488139387,93.51153846153846,97.05,3.538461538461533,bos_taurus,Bos taurus,97.05,human,Homo sapiens,93.51153846153846,False,False,False,background
H2AX,esophagus,variant,8,2,83.86642857142857,83.86642857142857,2.4981072426776247,82.1,85.63285714285715,3.5328571428571536,human,Homo sapiens,85.63285714285715,mus_musculus,Mus musculus,82.1,False,False,False,background
H2AJ,adenohypophysis,variant,8,2,93.02416666666666,93.02416666666666,2.49726544889049,91.25833333333333,94.78999999999999,3.5316666666666663,bos_taurus,Bos taurus,94.78999999999999,human,Homo sapiens,91.25833333333333,False,False,False,background
H2AC19,gall bladder,clustered,4,2,67.735,67.735,2.4960869375885135,65.97,69.5,3.530000000000001,bos_taurus,Bos taurus,69.5,human,Homo sapiens,65.97,False,False,False,background
H2AC11,hypothalamus,clustered,6,2,42.582,42.582,2.477702161277666,40.83,44.334,3.504000000000005,human,Homo sapiens,44.334,canis_lupus_familiaris,Canis lupus familiaris,40.83,False,False,False,background
H2AZ1,brain,variant,8,5,96.73949999999999,97.465,1.5222520323520752,94.69,98.1675,3.4775000000000063,macaca_mulatta,Macaca mulatta,98.1675,bos_taurus,Bos taurus,94.69,True,False,False,background
H2AZ1,caecum,variant,8,3,97.24388888888889,97.63499999999999,1.7677530726676531,95.31333333333333,98.78333333333335,3.470000000000013,human,Homo sapiens,98.78333333333335,bos_taurus,Bos taurus,95.31333333333333,False,False,False,background
H2AC7,frontal cortex,clustered,5,2,31.304166666666667,31.304166666666667,2.44776797420743,29.573333333333334,33.035,3.4616666666666625,bos_taurus,Bos taurus,33.035,human,Homo sapiens,29.573333333333334,False,False,False,background
H2AX,dorsal root ganglion,variant,8,2,83.97904761904762,83.97904761904762,2.4432222877569414,82.25142857142858,85.70666666666666,3.4552380952380872,mus_musculus,Mus musculus,85.70666666666666,human,Homo sapiens,82.25142857142858,False,False,False,background
H2AC12,prefrontal cortex,clustered,6,3,39.088,39.51,1.7613324501637941,37.154,40.6,3.445999999999998,canis_lupus_familiaris,Canis lupus familiaris,40.6,human,Homo sapiens,37.154,False,False,False,background
MACROH2A1,hindlimb stylopod muscle,variant,8,3,94.60833333333333,95.565,1.909138112692044,92.41,95.85,3.4399999999999977,macaca_mulatta,Macaca mulatta,95.85,pan_troglodytes,Pan troglodytes,92.41,False,False,False,background
MACROH2A1,corpus callosum,variant,8,2,93.56166666666667,93.56166666666667,2.420662214261952,91.85,95.27333333333333,3.423333333333332,human,Homo sapiens,95.27333333333333,sus_scrofa,Sus scrofa,91.85,False,False,False,background
H2AC15,cerebellar cortex,clustered,5,2,49.83416666666666,49.83416666666666,2.405341567336235,48.13333333333333,51.535,3.4016666666666637,human,Homo sapiens,51.535,macaca_mulatta,Macaca mulatta,48.13333333333333,False,False,False,background
H2AZ1,longissimus thoracis muscle,variant,8,2,92.874,92.874,2.395677774660027,91.17999999999999,94.568,3.3880000000000052,sus_scrofa,Sus scrofa,94.568,bos_taurus,Bos taurus,91.17999999999999,False,False,False,background
MACROH2A1,pancreas,variant,8,2,93.68833333333333,93.68833333333333,2.3923779430144805,91.99666666666667,95.38,3.3833333333333258,human,Homo sapiens,95.38,canis_lupus_familiaris,Canis lupus familiaris,91.99666666666667,False,False,False,background
H2AC19,cerebellar cortex,clustered,4,2,86.4315,86.4315,2.3709290373185,84.755,88.108,3.3530000000000086,pan_troglodytes,Pan troglodytes,88.108,human,Homo sapiens,84.755,False,False,False,background
H2AZ1,granulosa cell,variant,8,2,97.565,97.565,2.36880771697493,95.89,99.24,3.3499999999999943,sus_scrofa,Sus scrofa,99.24,bos_taurus,Bos taurus,95.89,False,False,False,background
H2AX,oviduct epithelium,variant,8,2,79.28,79.28,2.3617366491630714,77.61,80.95,3.3400000000000034,equus_caballus,Equus caballus,80.95,human,Homo sapiens,77.61,False,False,False,background
H2AC11,frontal cortex,clustered,6,2,45.3425,45.3425,2.3393449344254975,43.68833333333333,46.99666666666667,3.308333333333337,canis_lupus_familiaris,Canis lupus familiaris,46.99666666666667,human,Homo sapiens,43.68833333333333,False,False,False,background
MACROH2A1,amygdala,variant,8,2,94.27384615384615,94.27384615384615,2.3388916608478003,92.62,95.9276923076923,3.3076923076922924,human,Homo sapiens,95.9276923076923,sus_scrofa,Sus scrofa,92.62,False,False,False,background
H2AZ1,cerebral cortex,variant,8,6,97.48599999999999,97.57,1.1508423002305712,95.795,99.1,3.3049999999999926,macaca_mulatta,Macaca mulatta,99.1,bos_taurus,Bos taurus,95.795,True,False,False,background
MACROH2A1,mesenteric lymph node,variant,8,2,92.39,92.39,2.3193102422918765,90.75,94.03,3.280000000000001,sus_scrofa,Sus scrofa,94.03,bos_taurus,Bos taurus,90.75,False,False,False,background
H2AZ1,urinary bladder,variant,8,3,97.03916666666667,96.91,1.6425634183596487,95.465,98.7425,3.2775000000000034,human,Homo sapiens,98.7425,bos_taurus,Bos taurus,95.465,False,False,False,background
H2AJ,corpus callosum,variant,8,2,83.81272727272727,83.81272727272727,2.2948829171236165,82.19,85.43545454545455,3.2454545454545496,human,Homo sapiens,85.43545454545455,sus_scrofa,Sus scrofa,82.19,False,False,False,background
H2AX,cerebellar cortex,variant,8,4,86.10425000000001,86.36500000000001,1.485143848251743,84.235,87.452,3.2169999999999987,pan_troglodytes,Pan troglodytes,87.452,mus_musculus,Mus musculus,84.235,True,False,False,background
H2AJ,cardiac ventricle,variant,8,2,91.05833333333334,91.05833333333334,2.2745268128167293,89.45,92.66666666666667,3.2166666666666686,human,Homo sapiens,92.66666666666667,bos_taurus,Bos taurus,89.45,False,False,False,background
H2AZ1,smooth muscle tissue,variant,8,2,96.9375,96.9375,2.2733483015147526,95.33,98.545,3.2150000000000034,human,Homo sapiens,98.545,canis_lupus_familiaris,Canis lupus familiaris,95.33,False,False,False,background
H2AX,spermatid,variant,8,2,91.88,91.88,2.248599564173221,90.29,93.47,3.1799999999999926,mus_musculus,Mus musculus,93.47,macaca_mulatta,Macaca mulatta,90.29,False,False,False,background
H2AJ,urinary bladder,variant,8,3,95.17625,95.91,1.7116964355574305,93.22,96.39875,3.178750000000008,human,Homo sapiens,96.39875,canis_lupus_familiaris,Canis lupus familiaris,93.22,False,False,False,background
H2AJ,adrenal gland,variant,8,3,96.43666666666667,97.28,1.7451742988404806,94.42999999999999,97.6,3.1700000000000017,canis_lupus_familiaris,Canis lupus familiaris,97.6,bos_taurus,Bos taurus,94.42999999999999,False,False,False,background
H2AC6,hindlimb stylopod muscle,clustered,7,3,87.55666666666666,86.63,1.77212678252244,86.44,89.6,3.1599999999999966,pan_troglodytes,Pan troglodytes,89.6,human,Homo sapiens,86.44,False,False,False,background
H2AC11,oocyte,clustered,6,2,60.36,60.36,2.234457428549488,58.78,61.94,3.1599999999999966,sus_scrofa,Sus scrofa,61.94,bos_taurus,Bos taurus,58.78,False,False,False,background
H2AZ1,kidney,variant,8,5,96.60933333333334,96.81,1.2739187136112335,95.09,98.24666666666667,3.1566666666666663,human,Homo sapiens,98.24666666666667,bos_taurus,Bos taurus,95.09,True,False,False,background
H2AJ,forebrain,variant,8,2,75.8225,75.8225,2.2309218946435583,74.245,77.4,3.155000000000001,sus_scrofa,Sus scrofa,77.4,human,Homo sapiens,74.245,False,False,False,background
H2AZ2,myometrium,variant,8,2,96.67818181818183,96.67818181818183,2.2228865903118953,95.10636363636364,98.25,3.143636363636361,bos_taurus,Bos taurus,98.25,human,Homo sapiens,95.10636363636364,False,False,False,background
H2AX,muscle of leg,variant,8,2,80.56833333333333,80.56833333333333,2.2108872025099378,79.005,82.13166666666666,3.126666666666665,mus_musculus,Mus musculus,82.13166666666666,human,Homo sapiens,79.005,False,False,False,background
H2AZ1,hindlimb stylopod muscle,variant,8,3,95.54666666666667,96.49000000000001,1.7388597796640661,93.53999999999999,96.61,3.0700000000000074,macaca_mulatta,Macaca mulatta,96.61,pan_troglodytes,Pan troglodytes,93.53999999999999,False,False,False,background
H2AC15,small intestine,clustered,5,2,43.03,43.03,2.163746750430837,41.5,44.56,3.0600000000000023,canis_lupus_familiaris,Canis lupus familiaris,44.56,human,Homo sapiens,41.5,False,False,False,background
H2AZ2,mesenteric lymph node,variant,8,2,97.48,97.48,2.149604614807099,95.96000000000001,99.0,3.039999999999992,bos_taurus,Bos taurus,99.0,sus_scrofa,Sus scrofa,95.96000000000001,False,False,False,background
H2AJ,thymus,variant,8,4,93.77125000000001,93.6525,1.3825241106999433,92.38,95.4,3.0200000000000102,bos_taurus,Bos taurus,95.4,pan_troglodytes,Pan troglodytes,92.38,True,False,False,background
H2AZ1,tongue,variant,8,3,96.92666666666666,97.04,1.5131864833302382,95.36,98.38,3.019999999999996,human,Homo sapiens,98.38,bos_taurus,Bos taurus,95.36,False,False,False,background
H2AZ1,mammary gland,variant,8,3,96.33333333333333,96.955,1.5819318358681966,94.535,97.51,2.9750000000000085,human,Homo sapiens,97.51,bos_taurus,Bos taurus,94.535,False,False,False,background
H2AC8,endometrium,clustered,6,2,56.262,56.262,2.0958644994369333,54.78,57.74400000000001,2.9640000000000057,human,Homo sapiens,57.74400000000001,bos_taurus,Bos taurus,54.78,False,False,False,background
H2AC11,thyroid gland,clustered,6,2,43.980333333333334,43.980333333333334,2.0793653412092374,42.51,45.45066666666666,2.940666666666665,human,Homo sapiens,45.45066666666666,canis_lupus_familiaris,Canis lupus familiaris,42.51,False,False,False,background
H2AC6,adrenal gland,clustered,7,3,82.83527777777778,82.45333333333333,1.498219854187456,81.565,84.4875,2.9224999999999994,human,Homo sapiens,84.4875,canis_lupus_familiaris,Canis lupus familiaris,81.565,False,False,False,background
H2AJ,nasal cavity mucosa,variant,8,2,96.89,96.89,2.06475180106471,95.43,98.35,2.9199999999999875,bos_taurus,Bos taurus,98.35,human,Homo sapiens,95.43,False,False,False,background
H2AZ2,colon,variant,8,6,96.5062962962963,96.1238888888889,1.2581494673942926,95.32,98.23,2.910000000000011,bos_taurus,Bos taurus,98.23,sus_scrofa,Sus scrofa,95.32,True,False,False,background
MACROH2A1,kidney,variant,8,5,94.68533333333333,94.64666666666666,1.1868412792880985,92.97,95.87,2.9000000000000057,macaca_mulatta,Macaca mulatta,95.87,bos_taurus,Bos taurus,92.97,True,False,False,background
H2AC21,monocyte,clustered,6,2,52.68,52.68,2.0506096654409918,51.23,54.13,2.9000000000000057,bos_taurus,Bos taurus,54.13,human,Homo sapiens,51.23,False,False,False,background
H2AC20,kidney,clustered,5,2,89.36125000000001,89.36125000000001,2.0453063645820926,87.915,90.8075,2.8924999999999983,human,Homo sapiens,90.8075,macaca_mulatta,Macaca mulatta,87.915,False,False,False,background
H2AZ1,lymph node,variant,8,5,97.04233333333335,97.16,1.2973089668832005,95.48,98.35166666666667,2.8716666666666697,human,Homo sapiens,98.35166666666667,pan_troglodytes,Pan troglodytes,95.48,True,False,False,background
H2AC15,olfactory segment of nasal mucosa,clustered,5,2,35.08,35.08,2.0223253941935257,33.65,36.51,2.8599999999999994,human,Homo sapiens,36.51,macaca_mulatta,Macaca mulatta,33.65,False,False,False,background
MACROH2A2,spermatid,variant,8,2,48.25,48.25,2.0081832585697974,46.83,49.67,2.8400000000000034,bos_taurus,Bos taurus,49.67,macaca_mulatta,Macaca mulatta,46.83,False,False,False,background
MACROH2A1,hair follicle,variant,8,2,95.81666666666666,95.81666666666666,2.0034692133618863,94.4,97.23333333333333,2.8333333333333286,human,Homo sapiens,97.23333333333333,canis_lupus_familiaris,Canis lupus familiaris,94.4,False,False,False,background
H2AJ,fibroblast,variant,8,2,96.575,96.575,2.0011121907579383,95.16,97.99000000000001,2.8300000000000125,pan_troglodytes,Pan troglodytes,97.99000000000001,macaca_mulatta,Macaca mulatta,95.16,False,False,False,background
MACROH2A1,retina,variant,8,4,95.5175,95.245,1.230863518023011,94.39,97.19,2.799999999999997,human,Homo sapiens,97.19,bos_taurus,Bos taurus,94.39,True,False,False,background
H2AZ1,hair follicle,variant,8,2,96.215,96.215,1.9586857838867289,94.83,97.6,2.769999999999996,human,Homo sapiens,97.6,canis_lupus_familiaris,Canis lupus familiaris,94.83,False,False,False,background
H2AZ1,semimembranosus muscle,variant,8,2,94.78666666666666,94.78666666666666,1.9563287612827909,93.40333333333332,96.17,2.76666666666668,sus_scrofa,Sus scrofa,96.17,bos_taurus,Bos taurus,93.40333333333332,False,False,False,background
H2AC21,omental fat pad,clustered,6,2,39.364000000000004,39.364000000000004,1.9502005025124975,37.985,40.743,2.7580000000000027,human,Homo sapiens,40.743,bos_taurus,Bos taurus,37.985,False,False,False,background
H2AZ1,esophagus,variant,8,2,97.40785714285715,97.40785714285715,1.9344421228174948,96.03999999999999,98.7757142857143,2.735714285714309,human,Homo sapiens,98.7757142857143,bos_taurus,Bos taurus,96.03999999999999,False,False,False,background
H2AJ,tonsil,variant,8,2,93.035,93.035,1.9304015126392826,91.67,94.4,2.730000000000004,sus_scrofa,Sus scrofa,94.4,human,Homo sapiens,91.67,False,False,False,background
H2AZ2,stomach,variant,8,3,95.14055555555557,94.945,1.3738119446486345,93.875,96.60166666666667,2.7266666666666737,human,Homo sapiens,96.60166666666667,canis_lupus_familiaris,Canis lupus familiaris,93.875,False,False,False,background
H2AJ,mammary gland,variant,8,3,96.08916666666666,96.07,1.331353477981469,94.7675,97.43,2.6625000000000085,canis_lupus_familiaris,Canis lupus familiaris,97.43,bos_taurus,Bos taurus,94.7675,False,False,False,background
MACROH2A1,epithelium of bronchus,variant,8,2,97.27214285714285,97.27214285714285,1.8768634277780267,95.945,98.59928571428573,2.6542857142857343,human,Homo sapiens,98.59928571428573,equus_caballus,Equus caballus,95.945,False,False,False,background
H2AC12,pituitary gland,clustered,6,2,50.181666666666665,50.181666666666665,1.8691189249364388,48.86,51.50333333333333,2.643333333333331,bos_taurus,Bos taurus,51.50333333333333,human,Homo sapiens,48.86,False,False,False,background
MACROH2A1,primary visual cortex,variant,8,3,94.68796296296296,95.39888888888889,1.4542585753968293,93.015,95.65,2.635000000000005,macaca_mulatta,Macaca mulatta,95.65,pan_troglodytes,Pan troglodytes,93.015,False,False,False,background
H2AZ1,myometrium,variant,8,2,96.90045454545455,96.90045454545455,1.8532625910552754,95.59,98.21090909090908,2.6209090909090804,human,Homo sapiens,98.21090909090908,bos_taurus,Bos taurus,95.59,False,False,False,background
H2AZ1,cortex of kidney,variant,8,4,95.01650000000001,95.253,1.2756837382360906,93.47,96.09,2.6200000000000045,macaca_mulatta,Macaca mulatta,96.09,bos_taurus,Bos taurus,93.47,True,False,False,background
H2AZ1,Ammon's horn,variant,8,4,96.84385416666666,97.25770833333334,1.1728128469446089,95.12,97.74,2.6199999999999903,macaca_mulatta,Macaca mulatta,97.74,bos_taurus,Bos taurus,95.12,True,False,False,background
H2AX,caecum,variant,8,2,91.54499999999999,91.54499999999999,1.8526197667087427,90.235,92.85499999999999,2.6199999999999903,human,Homo sapiens,92.85499999999999,sus_scrofa,Sus scrofa,90.235,False,False,False,background
H2AC7,monocyte,clustered,5,2,50.275,50.275,1.8314065632731604,48.98,51.57,2.5900000000000034,bos_taurus,Bos taurus,51.57,human,Homo sapiens,48.98,False,False,False,background
H2AJ,longissimus thoracis muscle,variant,8,2,85.991,85.991,1.8144360005246827,84.708,87.274,2.5660000000000025,sus_scrofa,Sus scrofa,87.274,bos_taurus,Bos taurus,84.708,False,False,False,background
H2AZ2,urethra,variant,8,2,96.6575,96.6575,1.7925156903079007,95.39,97.92500000000001,2.535000000000011,bos_taurus,Bos taurus,97.92500000000001,human,Homo sapiens,95.39,False,False,False,background
H2AC16,prefrontal cortex,clustered,4,2,32.775,32.775,1.7889801564019647,31.51,34.04,2.5299999999999976,human,Homo sapiens,34.04,equus_caballus,Equus caballus,31.51,False,False,False,background
H2AZ1,olfactory segment of nasal mucosa,variant,8,3,97.83999999999999,98.52,1.3908270920570964,96.24000000000001,98.76,2.519999999999996,human,Homo sapiens,98.76,bos_taurus,Bos taurus,96.24000000000001,False,False,False,background
H2AZ2,caecum,variant,8,3,95.93388888888889,95.17500000000001,1.412244404931118,95.06333333333333,97.56333333333333,2.5,bos_taurus,Bos taurus,97.56333333333333,human,Homo sapiens,95.06333333333333,False,False,False,background
H2AZ1,blood,variant,8,5,96.87774358974359,96.47,1.097572217749493,95.69666666666666,98.18538461538462,2.4887179487179623,human,Homo sapiens,98.18538461538462,equus_caballus,Equus caballus,95.69666666666666,True,False,False,background
H2AZ1,spleen,variant,8,7,97.28777551020407,96.928,0.8638517983365248,96.28142857142858,98.73666666666666,2.4552380952380872,human,Homo sapiens,98.73666666666666,sus_scrofa,Sus scrofa,96.28142857142858,True,False,False,background
H2AC14,placenta,clustered,7,2,42.7425,42.7425,1.7218050121892448,41.525,43.96,2.4350000000000023,human,Homo sapiens,43.96,bos_taurus,Bos taurus,41.525,False,False,False,background
H2AX,nucleus accumbens,variant,8,2,87.09993368700265,87.09993368700265,1.7189071873167303,85.88448275862069,88.3153846153846,2.43090185676391,human,Homo sapiens,88.3153846153846,mus_musculus,Mus musculus,85.88448275862069,False,False,False,background
H2AC11,heart left ventricle,clustered,6,2,51.052499999999995,51.052499999999995,1.686449673129922,49.85999999999999,52.245000000000005,2.385000000000012,canis_lupus_familiaris,Canis lupus familiaris,52.245000000000005,human,Homo sapiens,49.85999999999999,False,False,False,background
H2AZ2,jejunum,variant,8,3,97.33749999999999,97.47,1.1967638655975592,96.08,98.4625,2.3825000000000074,bos_taurus,Bos taurus,98.4625,human,Homo sapiens,96.08,False,False,False,background
MACROH2A1,ileum,variant,8,3,92.04633333333334,91.324,1.342192360778942,91.22,93.595,2.375,sus_scrofa,Sus scrofa,93.595,macaca_mulatta,Macaca mulatta,91.22,False,False,False,background
MACROH2A2,caput epididymis,variant,8,2,78.70500000000001,78.70500000000001,1.6475588001646495,77.54,79.87,2.3299999999999983,human,Homo sapiens,79.87,bos_taurus,Bos taurus,77.54,False,False,False,background
H2AZ2,adenohypophysis,variant,8,2,96.40666666666667,96.40666666666667,1.6452017775606913,95.24333333333334,97.57,2.326666666666654,bos_taurus,Bos taurus,97.57,human,Homo sapiens,95.24333333333334,False,False,False,background
H2AC20,bone marrow,clustered,5,2,82.645,82.645,1.6334166645409265,81.49,83.8,2.3100000000000023,human,Homo sapiens,83.8,equus_caballus,Equus caballus,81.49,False,False,False,background
H2AC14,monocyte,clustered,7,2,46.16,46.16,1.6263455967290648,45.01,47.31,2.3000000000000043,human,Homo sapiens,47.31,bos_taurus,Bos taurus,45.01,False,False,False,background
H2AC25,pancreas,clustered,6,2,66.18583333333333,66.18583333333333,1.6251670854270757,65.03666666666666,67.335,2.298333333333332,human,Homo sapiens,67.335,canis_lupus_familiaris,Canis lupus familiaris,65.03666666666666,False,False,False,background
MACROH2A1,superior frontal gyrus,variant,8,3,95.15155555555555,95.04,1.1447505955123727,94.06666666666666,96.348,2.281333333333336,human,Homo sapiens,96.348,pan_troglodytes,Pan troglodytes,94.06666666666666,False,False,False,background
H2AZ2,pancreas,variant,8,2,94.905,94.905,1.590990257669727,93.78000000000002,96.03,2.249999999999986,human,Homo sapiens,96.03,canis_lupus_familiaris,Canis lupus familiaris,93.78000000000002,False,False,False,background
MACROH2A1,fibroblast,variant,8,2,93.83500000000001,93.83500000000001,1.590990257669727,92.71000000000001,94.96,2.249999999999986,macaca_mulatta,Macaca mulatta,94.96,pan_troglodytes,Pan troglodytes,92.71000000000001,False,False,False,background
H2AC8,fibroblast,clustered,6,2,62.3175,62.3175,1.5803836559519333,61.2,63.435,2.2349999999999994,pan_troglodytes,Pan troglodytes,63.435,macaca_mulatta,Macaca mulatta,61.2,False,False,False,background
H2AC17,adrenal gland,clustered,6,2,49.69,49.69,1.5414927829866758,48.6,50.78,2.1799999999999997,human,Homo sapiens,50.78,canis_lupus_familiaris,Canis lupus familiaris,48.6,False,False,False,background
H2AC16,spleen,clustered,4,2,47.22863636363637,47.22863636363637,1.539564309947073,46.14,48.31727272727273,2.1772727272727295,human,Homo sapiens,48.31727272727273,canis_lupus_familiaris,Canis lupus familiaris,46.14,False,False,False,background
MACROH2A1,adrenal cortex,variant,8,2,95.76083333333334,95.76083333333334,1.5356002264767958,94.675,96.84666666666668,2.171666666666681,human,Homo sapiens,96.84666666666668,canis_lupus_familiaris,Canis lupus familiaris,94.675,False,False,False,background
MACROH2A2,adenohypophysis,variant,8,2,85.0875,85.0875,1.5308861812688748,84.005,86.17,2.1650000000000063,human,Homo sapiens,86.17,bos_taurus,Bos taurus,84.005,False,False,False,background
MACROH2A1,small intestine,variant,8,2,96.8525,96.8525,1.5167440456451518,95.78,97.92500000000001,2.1450000000000102,human,Homo sapiens,97.92500000000001,canis_lupus_familiaris,Canis lupus familiaris,95.78,False,False,False,background
H2AZ2,tonsil,variant,8,2,95.06583333333333,95.06583333333333,1.5049589326253665,94.00166666666667,96.13,2.1283333333333303,sus_scrofa,Sus scrofa,96.13,human,Homo sapiens,94.00166666666667,False,False,False,background
H2AZ1,occipital cortex,variant,8,2,97.52,97.52,1.4990663761154839,96.46,98.58,2.1200000000000045,canis_lupus_familiaris,Canis lupus familiaris,98.58,sus_scrofa,Sus scrofa,96.46,False,False,False,background
H2AC21,leukocyte,clustered,6,2,61.888636363636365,61.888636363636365,1.4971379030758836,60.83,62.947272727272725,2.117272727272727,bos_taurus,Bos taurus,62.947272727272725,equus_caballus,Equus caballus,60.83,False,False,False,background
H2AZ1,ileum,variant,8,3,98.50166666666667,98.805,1.0629714640258878,97.32,99.38,2.0600000000000023,macaca_mulatta,Macaca mulatta,99.38,bos_taurus,Bos taurus,97.32,False,False,False,background
H2AZ1,frontal cortex,variant,8,6,96.9728144078144,97.26,0.7772342824037559,95.65714285714286,97.695,2.037857142857135,pan_troglodytes,Pan troglodytes,97.695,sus_scrofa,Sus scrofa,95.65714285714286,True,False,False,background
H2AJ,dorsolateral prefrontal cortex,variant,8,3,75.16516666666666,74.67,1.1044037229805594,74.395,76.4305,2.035499999999999,human,Homo sapiens,76.4305,macaca_mulatta,Macaca mulatta,74.395,False,False,False,background
H2AC12,spermatid,clustered,6,2,50.69,50.69,1.4283556979968257,49.68,51.7,2.020000000000003,bos_taurus,Bos taurus,51.7,macaca_mulatta,Macaca mulatta,49.68,False,False,False,background
H2AC6,ileum,clustered,7,2,77.872,77.872,1.4170419894978346,76.87,78.874,2.0039999999999907,bos_taurus,Bos taurus,78.874,macaca_mulatta,Macaca mulatta,76.87,False,False,False,background
H2AZ2,gall bladder,variant,8,2,97.4,97.4,1.4142135623730951,96.4,98.4,2.0,bos_taurus,Bos taurus,98.4,human,Homo sapiens,96.4,False,False,False,background
H2AX,dorsolateral prefrontal cortex,variant,8,3,84.59583333333335,84.725,1.0000260413275945,83.53750000000001,85.525,1.9874999999999972,pan_troglodytes,Pan troglodytes,85.525,human,Homo sapiens,83.53750000000001,False,False,False,background
H2AC12,placenta,clustered,6,2,51.9375,51.9375,1.3894648250315682,50.955,52.92,1.9650000000000034,human,Homo sapiens,52.92,bos_taurus,Bos taurus,50.955,False,False,False,background
H2AJ,large intestine,variant,8,2,96.935,96.935,1.3647160876900415,95.97,97.9,1.9300000000000068,canis_lupus_familiaris,Canis lupus familiaris,97.9,human,Homo sapiens,95.97,False,False,False,background
MACROH2A1,cerebellar cortex,variant,8,3,96.54555555555555,97.07000000000001,1.0650317331387718,95.32000000000001,97.24666666666667,1.9266666666666623,human,Homo sapiens,97.24666666666667,pan_troglodytes,Pan troglodytes,95.32000000000001,False,False,False,background
H2AX,ganglionic eminence,variant,8,2,96.7425,96.7425,1.361180553784112,95.78,97.70500000000001,1.9250000000000114,human,Homo sapiens,97.70500000000001,mus_musculus,Mus musculus,95.78,False,False,False,background
H2AC19,metanephros cortex,clustered,4,2,85.49000000000001,85.49000000000001,1.3576450198781675,84.53,86.45,1.9200000000000017,human,Homo sapiens,86.45,bos_taurus,Bos taurus,84.53,False,False,False,background
H2AC19,prefrontal cortex,clustered,4,2,74.41298701298702,74.41298701298702,1.355441050690065,73.45454545454545,75.37142857142858,1.9168831168831275,human,Homo sapiens,75.37142857142858,pan_troglodytes,Pan troglodytes,73.45454545454545,False,False,False,background
H2AZ2,Brodmann (1909) area 10,variant,8,2,92.765,92.765,1.3505739520663034,91.81,93.72,1.9099999999999966,human,Homo sapiens,93.72,pan_troglodytes,Pan troglodytes,91.81,False,False,False,background
H2AZ1,mucosa of urinary bladder,variant,8,2,96.78,96.78,1.3435028842544443,95.83,97.73,1.9000000000000057,human,Homo sapiens,97.73,canis_lupus_familiaris,Canis lupus familiaris,95.83,False,False,False,background
MACROH2A2,uterine cervix,variant,8,2,87.681,87.681,1.3420886706920645,86.732,88.63,1.8979999999999961,bos_taurus,Bos taurus,88.63,human,Homo sapiens,86.732,False,False,False,background
H2AX,right lung,variant,8,2,76.722,76.722,1.3336033893178256,75.779,77.66499999999999,1.8859999999999957,human,Homo sapiens,77.66499999999999,mus_musculus,Mus musculus,75.779,False,False,False,background
H2AZ1,uterine cervix,variant,8,2,97.122,97.122,1.3321891757554458,96.18,98.064,1.8839999999999861,human,Homo sapiens,98.064,bos_taurus,Bos taurus,96.18,False,False,False,background
H2AC15,subcutaneous adipose tissue,clustered,5,2,40.05030303030303,40.05030303030303,1.3109331173634244,39.123333333333335,40.97727272727273,1.8539393939393918,human,Homo sapiens,40.97727272727273,bos_taurus,Bos taurus,39.123333333333335,False,False,False,background
MACROH2A1,occipital cortex,variant,8,2,93.09166666666667,93.09166666666667,1.2987194547792968,92.17333333333333,94.01,1.836666666666673,canis_lupus_familiaris,Canis lupus familiaris,94.01,sus_scrofa,Sus scrofa,92.17333333333333,False,False,False,background
H2AZ1,embryo,variant,8,3,98.54625,98.13,0.982868092624846,97.84,99.66875,1.8287499999999994,human,Homo sapiens,99.66875,felis_catus,Felis catus,97.84,False,False,False,background
H2AZ1,right lobe of liver,variant,8,2,94.56694444444445,94.56694444444445,1.2896842014641303,93.655,95.47888888888889,1.823888888888888,human,Homo sapiens,95.47888888888889,sus_scrofa,Sus scrofa,93.655,False,False,False,background
H2AC6,urethra,clustered,7,2,75.16916666666667,75.16916666666667,1.2810417852496292,74.26333333333334,76.075,1.8116666666666674,bos_taurus,Bos taurus,76.075,human,Homo sapiens,74.26333333333334,False,False,False,background
H2AZ1,heart right ventricle,variant,8,2,96.8125,96.8125,1.2621856044179849,95.92,97.705,1.7849999999999966,human,Homo sapiens,97.705,canis_lupus_familiaris,Canis lupus familiaris,95.92,False,False,False,background
H2AC6,adrenal cortex,clustered,7,2,79.21499999999999,79.21499999999999,1.2586500705120554,78.32499999999999,80.10499999999999,1.7800000000000011,human,Homo sapiens,80.10499999999999,canis_lupus_familiaris,Canis lupus familiaris,78.32499999999999,False,False,False,background
H2AX,telencephalon,variant,8,2,88.01214285714286,88.01214285714286,1.233396256898256,87.14,88.88428571428572,1.7442857142857235,mus_musculus,Mus musculus,88.88428571428572,human,Homo sapiens,87.14,False,False,False,background
H2AX,smooth muscle tissue,variant,8,2,83.11,83.11,1.230365799264599,82.24,83.98,1.740000000000009,canis_lupus_familiaris,Canis lupus familiaris,83.98,human,Homo sapiens,82.24,False,False,False,background
H2AZ1,corpus epididymis,variant,8,2,96.79833333333335,96.79833333333335,1.2280087766606311,95.93,97.66666666666667,1.7366666666666646,human,Homo sapiens,97.66666666666667,bos_taurus,Bos taurus,95.93,False,False,False,background
MACROH2A1,right lobe of liver,variant,8,2,92.20194444444445,92.20194444444445,1.2260445911573385,91.33500000000001,93.06888888888889,1.7338888888888846,human,Homo sapiens,93.06888888888889,sus_scrofa,Sus scrofa,91.33500000000001,False,False,False,background
H2AJ,caput epididymis,variant,8,2,95.73833333333333,95.73833333333333,1.2185806862448139,94.87666666666667,96.6,1.7233333333333292,bos_taurus,Bos taurus,96.6,human,Homo sapiens,94.87666666666667,False,False,False,background
H2AC11,adrenal cortex,clustered,6,2,49.1875,49.1875,1.2126881297349315,48.33,50.045,1.7150000000000034,canis_lupus_familiaris,Canis lupus familiaris,50.045,human,Homo sapiens,48.33,False,False,False,background
H2AC25,cerebellar cortex,clustered,6,2,94.87299999999999,94.87299999999999,1.2063241687042574,94.02,95.726,1.706000000000003,pan_troglodytes,Pan troglodytes,95.726,human,Homo sapiens,94.02,False,False,False,background
H2AJ,tongue,variant,8,3,92.60555555555555,93.15,0.9691022955597911,91.48666666666666,93.18,1.6933333333333422,canis_lupus_familiaris,Canis lupus familiaris,93.18,bos_taurus,Bos taurus,91.48666666666666,False,False,False,background
H2AJ,midbrain,variant,8,2,88.952,88.952,1.1426845583974556,88.144,89.76,1.6159999999999997,bos_taurus,Bos taurus,89.76,human,Homo sapiens,88.144,False,False,False,background
H2AC17,frontal cortex,clustered,6,2,42.240833333333335,42.240833333333335,1.1372634064083647,41.43666666666667,43.045,1.6083333333333343,human,Homo sapiens,43.045,canis_lupus_familiaris,Canis lupus familiaris,41.43666666666667,False,False,False,background
MACROH2A1,dorsal plus ventral thalamus,variant,8,2,94.88678571428571,94.88678571428571,1.133896231259861,94.085,95.68857142857144,1.603571428571442,human,Homo sapiens,95.68857142857144,sus_scrofa,Sus scrofa,94.085,False,False,False,background
H2AZ1,duodenum,variant,8,3,97.02166666666666,97.5175,0.9002580648532572,95.9825,97.565,1.582499999999996,sus_scrofa,Sus scrofa,97.565,human,Homo sapiens,95.9825,False,False,False,background
H2AZ1,fibroblast,variant,8,2,98.25,98.25,1.1172287142747388,97.46,99.03999999999999,1.5799999999999983,pan_troglodytes,Pan troglodytes,99.03999999999999,macaca_mulatta,Macaca mulatta,97.46,False,False,False,background
H2AZ2,granulosa cell,variant,8,2,98.22999999999999,98.22999999999999,1.1172287142747388,97.44,99.02,1.5799999999999983,bos_taurus,Bos taurus,99.02,sus_scrofa,Sus scrofa,97.44,False,False,False,background
H2AZ1,dorsal plus ventral thalamus,variant,8,2,94.58857142857143,94.58857142857143,1.1152084091856427,93.8,95.37714285714286,1.57714285714286,human,Homo sapiens,95.37714285714286,sus_scrofa,Sus scrofa,93.8,False,False,False,background
H2AJ,metanephros cortex,variant,8,4,96.9825,97.04249999999999,0.6546054791501029,96.14,97.70500000000001,1.565000000000012,human,Homo sapiens,97.70500000000001,bos_taurus,Bos taurus,96.14,True,False,False,background
H2AX,ileum,variant,8,2,92.4925,92.4925,1.1066221125569402,91.71000000000001,93.27499999999999,1.5649999999999835,mus_musculus,Mus musculus,93.27499999999999,sus_scrofa,Sus scrofa,91.71000000000001,False,False,False,background
H2AX,hindlimb bud,variant,8,2,97.54083333333334,97.54083333333334,1.1042650899529922,96.76,98.32166666666667,1.5616666666666674,mus_musculus,Mus musculus,98.32166666666667,sus_scrofa,Sus scrofa,96.76,False,False,False,background
H2AX,trachea,variant,8,2,83.39750000000001,83.39750000000001,1.092479976933212,82.625,84.17,1.5450000000000017,mus_musculus,Mus musculus,84.17,human,Homo sapiens,82.625,False,False,False,background
H2AZ2,midbrain,variant,8,2,95.676,95.676,1.0691454531540603,94.92,96.432,1.5120000000000005,human,Homo sapiens,96.432,bos_taurus,Bos taurus,94.92,False,False,False,background
H2AC14,jejunum,clustered,7,2,48.8575,48.8575,1.0641957056857507,48.105000000000004,49.61,1.5049999999999955,canis_lupus_familiaris,Canis lupus familiaris,49.61,bos_taurus,Bos taurus,48.105000000000004,False,False,False,background
H2AJ,primary visual cortex,variant,8,3,75.74277777777779,75.84,0.7505707704683701,74.94833333333334,76.44,1.49166666666666,macaca_mulatta,Macaca mulatta,76.44,human,Homo sapiens,74.94833333333334,False,False,False,background
H2AZ1,penis,variant,8,2,98.5,98.5,1.046518036156083,97.76,99.24,1.4799999999999898,human,Homo sapiens,99.24,sus_scrofa,Sus scrofa,97.76,False,False,False,background
H2AX,uterine cervix,variant,8,2,84.2465,84.2465,1.0443967158125333,83.508,84.985,1.4770000000000039,mus_musculus,Mus musculus,84.985,human,Homo sapiens,83.508,False,False,False,background
H2AZ2,subcutaneous adipose tissue,variant,8,3,94.767235513025,94.84363636363636,0.7287117769046111,94.00333333333333,95.45473684210526,1.4514035087719321,human,Homo sapiens,95.45473684210526,sus_scrofa,Sus scrofa,94.00333333333333,False,False,False,background
H2AZ1,urethra,variant,8,2,96.85916666666665,96.85916666666665,1.0241263214185243,96.13499999999999,97.58333333333333,1.4483333333333377,human,Homo sapiens,97.58333333333333,bos_taurus,Bos taurus,96.13499999999999,False,False,False,background
MACROH2A1,olfactory bulb,variant,8,2,95.28999999999999,95.28999999999999,1.018233764908632,94.57,96.01,1.440000000000012,canis_lupus_familiaris,Canis lupus familiaris,96.01,human,Homo sapiens,94.57,False,False,False,background
MACROH2A1,cartilage tissue,variant,8,2,95.1,95.1,1.0182337649086268,94.38,95.82,1.4399999999999977,human,Homo sapiens,95.82,canis_lupus_familiaris,Canis lupus familiaris,94.38,False,False,False,background
H2AC14,small intestine,clustered,7,2,34.6925,34.6925,1.0076271631908282,33.980000000000004,35.405,1.4249999999999972,canis_lupus_familiaris,Canis lupus familiaris,35.405,human,Homo sapiens,33.980000000000004,False,False,False,background
H2AZ1,cartilage tissue,variant,8,2,98.07,98.07,0.9899494936611655,97.37,98.77,1.3999999999999915,human,Homo sapiens,98.77,canis_lupus_familiaris,Canis lupus familiaris,97.37,False,False,False,background
H2AZ2,olfactory segment of nasal mucosa,variant,8,3,96.53333333333335,96.21,0.7492885514495307,96.0,97.39,1.3900000000000006,bos_taurus,Bos taurus,97.39,macaca_mulatta,Macaca mulatta,96.0,False,False,False,background
H2AZ1,midbrain,variant,8,2,95.081,95.081,0.963079435976074,94.4,95.762,1.3619999999999948,human,Homo sapiens,95.762,bos_taurus,Bos taurus,94.4,False,False,False,background
H2AZ1,occipital lobe,variant,8,3,97.13055555555555,97.00166666666667,0.6841668358370411,96.52,97.87,1.3500000000000085,canis_lupus_familiaris,Canis lupus familiaris,97.87,bos_taurus,Bos taurus,96.52,False,False,False,background
MACROH2A1,embryo,variant,8,3,97.77499999999999,97.56,0.6978001146460338,97.21,98.555,1.345000000000013,human,Homo sapiens,98.555,equus_caballus,Equus caballus,97.21,False,False,False,background
H2AZ1,nasal cavity mucosa,variant,8,2,98.1975,98.1975,0.9510586206959056,97.525,98.87,1.3449999999999989,human,Homo sapiens,98.87,bos_taurus,Bos taurus,97.525,False,False,False,background
H2AZ1,large intestine,variant,8,2,98.17750000000001,98.17750000000001,0.9298454172603134,97.52,98.83500000000001,1.315000000000012,human,Homo sapiens,98.83500000000001,canis_lupus_familiaris,Canis lupus familiaris,97.52,False,False,False,background
H2AC12,lymph node,clustered,6,2,54.9225,54.9225,0.9298454172603083,54.265,55.58,1.3149999999999977,bos_taurus,Bos taurus,55.58,human,Homo sapiens,54.265,False,False,False,background
H2AC25,primary visual cortex,clustered,6,2,82.5575,82.5575,0.9298454172603083,81.9,83.215,1.3149999999999977,pan_troglodytes,Pan troglodytes,83.215,human,Homo sapiens,81.9,False,False,False,background
H2AZ1,adrenal gland,variant,8,3,97.55277777777779,97.805,0.682561216899129,96.78,98.07333333333334,1.2933333333333366,bos_taurus,Bos taurus,98.07333333333334,canis_lupus_familiaris,Canis lupus familiaris,96.78,False,False,False,background
MACROH2A2,corpus epididymis,variant,8,2,79.66499999999999,79.66499999999999,0.9121677477306558,79.02,80.31,1.2900000000000063,human,Homo sapiens,80.31,bos_taurus,Bos taurus,79.02,False,False,False,background
H2AC6,granulocyte,clustered,7,2,93.315,93.315,0.8980256121069176,92.68,93.95,1.269999999999996,human,Homo sapiens,93.95,canis_lupus_familiaris,Canis lupus familiaris,92.68,False,False,False,background
H2AZ1,thymus,variant,8,4,98.983125,99.00999999999999,0.5755047603336251,98.34,99.57249999999999,1.2324999999999875,human,Homo sapiens,99.57249999999999,pan_troglodytes,Pan troglodytes,98.34,True,False,False,background
H2AZ1,adenohypophysis,variant,8,2,97.94583333333333,97.94583333333333,0.8709198521614379,97.33,98.56166666666667,1.2316666666666691,human,Homo sapiens,98.56166666666667,bos_taurus,Bos taurus,97.33,False,False,False,background
H2AX,cranial nerve II,variant,8,2,85.845,85.845,0.8697413408594613,85.23,86.46000000000001,1.230000000000004,mus_musculus,Mus musculus,86.46000000000001,human,Homo sapiens,85.23,False,False,False,background
H2AZ1,temporal lobe,variant,8,3,96.77666666666666,96.77,0.6100273217925036,96.17,97.39,1.2199999999999989,canis_lupus_familiaris,Canis lupus familiaris,97.39,pan_troglodytes,Pan troglodytes,96.17,False,False,False,background
H2AX,mesenteric lymph node,variant,8,2,93.275,93.275,0.84145706961199,92.68,93.87,1.1899999999999977,sus_scrofa,Sus scrofa,93.87,mus_musculus,Mus musculus,92.68,False,False,False,background
H2AZ1,amygdala,variant,8,2,96.83673076923077,96.83673076923077,0.8368336791196113,96.245,97.42846153846153,1.183461538461529,human,Homo sapiens,97.42846153846153,sus_scrofa,Sus scrofa,96.245,False,False,False,background
H2AZ2,gluteal muscle,variant,8,2,96.235,96.235,0.8273149339882517,95.65,96.82,1.1699999999999875,human,Homo sapiens,96.82,bos_taurus,Bos taurus,95.65,False,False,False,background
H2AC21,hypothalamus,clustered,6,2,36.11583333333333,36.11583333333333,0.8214223774783718,35.535,36.696666666666665,1.1616666666666688,human,Homo sapiens,36.696666666666665,sus_scrofa,Sus scrofa,35.535,False,False,False,background
H2AZ1,forebrain,variant,8,2,98.405,98.405,0.8131727983645286,97.83,98.97999999999999,1.1499999999999915,human,Homo sapiens,98.97999999999999,sus_scrofa,Sus scrofa,97.83,False,False,False,background
H2AC15,thyroid gland,clustered,5,2,51.95038461538462,51.95038461538462,0.8066456588458816,51.38,52.52076923076923,1.14076923076923,human,Homo sapiens,52.52076923076923,canis_lupus_familiaris,Canis lupus familiaris,51.38,False,False,False,background
MACROH2A1,Brodmann (1909) area 10,variant,8,2,92.89,92.89,0.7919595949289364,92.33,93.45,1.1200000000000045,human,Homo sapiens,93.45,pan_troglodytes,Pan troglodytes,92.33,False,False,False,background
H2AJ,saliva-secreting gland,variant,8,3,97.94333333333333,97.94,0.5550075074567342,97.39,98.5,1.1099999999999994,canis_lupus_familiaris,Canis lupus familiaris,98.5,bos_taurus,Bos taurus,97.39,False,False,False,background
H2AZ2,spermatocyte,variant,8,2,97.595,97.595,0.7848885271170623,97.04,98.15,1.1099999999999994,bos_taurus,Bos taurus,98.15,macaca_mulatta,Macaca mulatta,97.04,False,False,False,background
H2AZ1,pancreas,variant,8,2,97.29916666666666,97.29916666666666,0.7719249027953158,96.75333333333333,97.845,1.0916666666666686,human,Homo sapiens,97.845,canis_lupus_familiaris,Canis lupus familiaris,96.75333333333333,False,False,False,background
H2AC19,hindlimb stylopod muscle,clustered,4,2,75.07499999999999,75.07499999999999,0.7566042558696161,74.53999999999999,75.61,1.0700000000000074,pan_troglodytes,Pan troglodytes,75.61,human,Homo sapiens,74.53999999999999,False,False,False,background
H2AJ,occipital cortex,variant,8,2,85.58666666666667,85.58666666666667,0.7448191428498209,85.06,86.11333333333333,1.0533333333333275,sus_scrofa,Sus scrofa,86.11333333333333,canis_lupus_familiaris,Canis lupus familiaris,85.06,False,False,False,background
H2AJ,amygdala,variant,8,2,87.71700000000001,87.71700000000001,0.7396336931211283,87.194,88.24000000000001,1.0460000000000065,sus_scrofa,Sus scrofa,88.24000000000001,human,Homo sapiens,87.194,False,False,False,background
H2AC11,large intestine,clustered,6,2,52.575,52.575,0.7283199846221448,52.06,53.09,1.0300000000000011,human,Homo sapiens,53.09,canis_lupus_familiaris,Canis lupus familiaris,52.06,False,False,False,background
H2AZ1,medulla oblongata,variant,8,2,94.95964285714285,94.95964285714285,0.7278149083498769,94.445,95.47428571428573,1.0292857142857343,human,Homo sapiens,95.47428571428573,sus_scrofa,Sus scrofa,94.445,False,False,False,background
H2AZ1,dorsolateral prefrontal cortex,variant,8,3,97.75388888888888,97.65,0.5137723591601943,97.30000000000001,98.31166666666667,1.011666666666656,human,Homo sapiens,98.31166666666667,pan_troglodytes,Pan troglodytes,97.30000000000001,False,False,False,background
H2AZ1,caput epididymis,variant,8,2,97.23500000000001,97.23500000000001,0.7141778489984116,96.73,97.74000000000001,1.0100000000000051,human,Homo sapiens,97.74000000000001,bos_taurus,Bos taurus,96.73,False,False,False,background
H2AZ2,penis,variant,8,2,93.57499999999999,93.57499999999999,0.7000357133746835,93.08,94.07,0.9899999999999949,sus_scrofa,Sus scrofa,94.07,human,Homo sapiens,93.08,False,False,False,background
H2AZ1,primary visual cortex,variant,8,3,97.87444444444445,97.86333333333333,0.4900944731300244,97.39,98.37,0.980000000000004,macaca_mulatta,Macaca mulatta,98.37,pan_troglodytes,Pan troglodytes,97.39,False,False,False,background
H2AC6,caput epididymis,clustered,7,2,75.92500000000001,75.92500000000001,0.6858935777509554,75.44,76.41000000000001,0.9700000000000131,human,Homo sapiens,76.41000000000001,bos_taurus,Bos taurus,75.44,False,False,False,background
H2AJ,penis,variant,8,2,97.075,97.075,0.6858935777509503,96.59,97.56,0.9699999999999989,human,Homo sapiens,97.56,sus_scrofa,Sus scrofa,96.59,False,False,False,background
H2AZ2,esophagus,variant,8,2,97.04071428571427,97.04071428571427,0.6778123573945306,96.56142857142856,97.52,0.9585714285714317,bos_taurus,Bos taurus,97.52,human,Homo sapiens,96.56142857142856,False,False,False,background
H2AC8,spinal cord,clustered,6,2,70.036875,70.036875,0.662028723885906,69.56875,70.505,0.9362500000000011,human,Homo sapiens,70.505,equus_caballus,Equus caballus,69.56875,False,False,False,background
H2AJ,medulla oblongata,variant,8,2,87.7735,87.7735,0.6526595590351847,87.312,88.235,0.9230000000000018,sus_scrofa,Sus scrofa,88.235,human,Homo sapiens,87.312,False,False,False,background
H2AZ2,large intestine,variant,8,2,96.5925,96.5925,0.6399316369738264,96.14,97.045,0.9050000000000011,human,Homo sapiens,97.045,canis_lupus_familiaris,Canis lupus familiaris,96.14,False,False,False,background
H2AZ2,leukocyte,variant,8,3,98.56242424242424,98.52727272727272,0.45102851546558514,98.13,99.03,0.9000000000000057,equus_caballus,Equus caballus,99.03,human,Homo sapiens,98.13,False,False,False,background
H2AZ1,stomach,variant,8,3,97.68194444444445,97.935,0.49641096139447544,97.11,98.00083333333333,0.8908333333333331,human,Homo sapiens,98.00083333333333,canis_lupus_familiaris,Canis lupus familiaris,97.11,False,False,False,background
H2AC14,corpus callosum,clustered,7,2,53.41,53.41,0.6222539674441662,52.97,53.85,0.8800000000000026,sus_scrofa,Sus scrofa,53.85,human,Homo sapiens,52.97,False,False,False,background
H2AJ,myometrium,variant,8,2,88.73400000000001,88.73400000000001,0.6165971131946744,88.298,89.17,0.8719999999999999,bos_taurus,Bos taurus,89.17,human,Homo sapiens,88.298,False,False,False,background
H2AZ2,aorta,variant,8,2,97.065,97.065,0.6151828996322996,96.63,97.5,0.8700000000000045,bos_taurus,Bos taurus,97.5,human,Homo sapiens,96.63,False,False,False,background
H2AC13,intestine,clustered,7,2,81.08875,81.08875,0.6098795987734053,80.6575,81.52000000000001,0.8625000000000114,human,Homo sapiens,81.52000000000001,mus_musculus,Mus musculus,80.6575,False,False,False,background
H2AJ,granulosa cell,variant,8,2,93.605,93.605,0.6010407640085614,93.18,94.03,0.8499999999999943,bos_taurus,Bos taurus,94.03,sus_scrofa,Sus scrofa,93.18,False,False,False,background
H2AJ,urethra,variant,8,2,95.37916666666666,95.37916666666666,0.5857201170828618,94.965,95.79333333333334,0.8283333333333331,human,Homo sapiens,95.79333333333334,bos_taurus,Bos taurus,94.965,False,False,False,background
H2AJ,corpus epididymis,variant,8,2,96.155,96.155,0.5727564927611051,95.75,96.56,0.8100000000000023,bos_taurus,Bos taurus,96.56,human,Homo sapiens,95.75,False,False,False,background
H2AZ1,mesenteric lymph node,variant,8,2,97.9825,97.9825,0.5550788232314374,97.59,98.375,0.7849999999999966,sus_scrofa,Sus scrofa,98.375,bos_taurus,Bos taurus,97.59,False,False,False,background
H2AZ2,monocyte,variant,8,2,97.255,97.255,0.5444722215136337,96.87,97.64,0.769999999999996,bos_taurus,Bos taurus,97.64,human,Homo sapiens,96.87,False,False,False,background
H2AX,decidua,variant,8,2,87.0,87.0,0.5374011537017697,86.62,87.38,0.7599999999999909,mus_musculus,Mus musculus,87.38,human,Homo sapiens,86.62,False,False,False,background
H2AJ,adrenal cortex,variant,8,2,97.06916666666666,97.06916666666666,0.5315085971918871,96.69333333333333,97.445,0.7516666666666652,canis_lupus_familiaris,Canis lupus familiaris,97.445,human,Homo sapiens,96.69333333333333,False,False,False,background
H2AX,fibroblast,variant,8,2,88.85499999999999,88.85499999999999,0.5303300858899056,88.48,89.22999999999999,0.7499999999999858,pan_troglodytes,Pan troglodytes,89.22999999999999,macaca_mulatta,Macaca mulatta,88.48,False,False,False,background
H2AZ1,gall bladder,variant,8,2,98.06,98.06,0.5232590180780515,97.69,98.43,0.7400000000000091,human,Homo sapiens,98.43,bos_taurus,Bos taurus,97.69,False,False,False,background
H2AZ2,cardiac atrium,variant,8,2,96.91833333333335,96.91833333333335,0.5209019954740836,96.55000000000001,97.28666666666668,0.7366666666666646,human,Homo sapiens,97.28666666666668,bos_taurus,Bos taurus,96.55000000000001,False,False,False,background
H2AZ1,cerebellar cortex,variant,8,3,98.30311111111111,98.48333333333333,0.398809524757162,97.846,98.58,0.7339999999999947,human,Homo sapiens,98.58,pan_troglodytes,Pan troglodytes,97.846,False,False,False,background
H2AJ,olfactory segment of nasal mucosa,variant,8,3,98.71166666666666,98.76,0.3252050635112166,98.36500000000001,99.01,0.644999999999996,human,Homo sapiens,99.01,bos_taurus,Bos taurus,98.36500000000001,False,False,False,background
H2AC14,muscle tissue,clustered,7,2,37.925,37.925,0.44547727214752425,37.61,38.24,0.6300000000000026,bos_taurus,Bos taurus,38.24,human,Homo sapiens,37.61,False,False,False,background
H2AC7,olfactory segment of nasal mucosa,clustered,5,2,45.0225,45.0225,0.4348706704297231,44.715,45.33,0.6149999999999949,human,Homo sapiens,45.33,bos_taurus,Bos taurus,44.715,False,False,False,background
H2AX,endometrium,variant,8,2,84.76906249999999,84.76906249999999,0.42558989392664304,84.468125,85.07,0.6018749999999926,equus_caballus,Equus caballus,85.07,human,Homo sapiens,84.468125,False,False,False,background
H2AX,ascending aorta,variant,8,2,81.15,81.15,0.4242640687119295,80.85,81.45,0.6000000000000085,mus_musculus,Mus musculus,81.45,human,Homo sapiens,80.85,False,False,False,background
H2AZ1,jejunum,variant,8,3,97.70083333333332,97.86,0.3290168435404633,97.32249999999999,97.91999999999999,0.5974999999999966,human,Homo sapiens,97.91999999999999,bos_taurus,Bos taurus,97.32249999999999,False,False,False,background
H2AZ2,cardiac ventricle,variant,8,2,97.35999999999999,97.35999999999999,0.4101219330882014,97.07,97.64999999999999,0.5799999999999983,human,Homo sapiens,97.64999999999999,bos_taurus,Bos taurus,97.07,False,False,False,background
H2AC19,duodenum,clustered,4,2,55.67166666666667,55.67166666666667,0.39833682006842375,55.39,55.95333333333334,0.5633333333333397,bos_taurus,Bos taurus,55.95333333333334,human,Homo sapiens,55.39,False,False,False,background
H2AC6,gall bladder,clustered,7,2,89.565,89.565,0.3889087296525941,89.29,89.84,0.5499999999999972,bos_taurus,Bos taurus,89.84,human,Homo sapiens,89.29,False,False,False,background
H2AZ1,tonsil,variant,8,2,98.92166666666665,98.92166666666665,0.3276261419497554,98.69,99.15333333333332,0.46333333333332405,human,Homo sapiens,99.15333333333332,sus_scrofa,Sus scrofa,98.69,False,False,False,background
H2AZ1,corpus callosum,variant,8,2,93.75416666666666,93.75416666666666,0.326447630647794,93.52333333333333,93.985,0.4616666666666731,sus_scrofa,Sus scrofa,93.985,human,Homo sapiens,93.52333333333333,False,False,False,background
H2AZ2,longissimus thoracis muscle,variant,8,2,95.98225,95.98225,0.3220871388304779,95.7545,96.21000000000001,0.4555000000000149,bos_taurus,Bos taurus,96.21000000000001,sus_scrofa,Sus scrofa,95.7545,False,False,False,background
H2AX,central nervous system,variant,8,2,87.595,87.595,0.3181980515339384,87.37,87.82,0.44999999999998863,mus_musculus,Mus musculus,87.82,human,Homo sapiens,87.37,False,False,False,background
H2AZ2,semimembranosus muscle,variant,8,2,96.9625,96.9625,0.31466251762800884,96.74000000000001,97.185,0.4449999999999932,sus_scrofa,Sus scrofa,97.185,bos_taurus,Bos taurus,96.74000000000001,False,False,False,background
H2AJ,small intestine,variant,8,2,95.08,95.08,0.3111269837220793,94.86,95.3,0.4399999999999977,canis_lupus_familiaris,Canis lupus familiaris,95.3,human,Homo sapiens,94.86,False,False,False,background
H2AC17,hypothalamus,clustered,6,2,38.56125,38.56125,0.30935921676911454,38.3425,38.78,0.4375,canis_lupus_familiaris,Canis lupus familiaris,38.78,human,Homo sapiens,38.3425,False,False,False,background
H2AC20,lung,clustered,5,2,79.00892857142856,79.00892857142856,0.30557114472705366,78.79285714285713,79.225,0.43214285714286405,macaca_mulatta,Macaca mulatta,79.225,human,Homo sapiens,78.79285714285713,False,False,False,background
H2AZ2,small intestine,variant,8,2,96.39250000000001,96.39250000000001,0.30052038200427567,96.18,96.605,0.42499999999999716,human,Homo sapiens,96.605,canis_lupus_familiaris,Canis lupus familiaris,96.18,False,False,False,background
H2AX,ventricular zone,variant,8,2,98.7025,98.7025,0.28637824638055254,98.5,98.905,0.40500000000000114,human,Homo sapiens,98.905,mus_musculus,Mus musculus,98.5,False,False,False,background
H2AZ1,superior frontal gyrus,variant,8,3,97.79660740740741,97.7,0.21431616351173063,97.6476,98.04222222222222,0.39462222222222465,pan_troglodytes,Pan troglodytes,98.04222222222222,human,Homo sapiens,97.6476,False,False,False,background
H2AC16,olfactory segment of nasal mucosa,clustered,4,2,52.400000000000006,52.400000000000006,0.2687005768508874,52.21,52.59,0.38000000000000256,macaca_mulatta,Macaca mulatta,52.59,human,Homo sapiens,52.21,False,False,False,background
H2AC12,monocyte,clustered,6,2,42.905,42.905,0.24748737341529012,42.73,43.08,0.3500000000000014,human,Homo sapiens,43.08,bos_taurus,Bos taurus,42.73,False,False,False,background
H2AZ2,spermatid,variant,8,2,97.355,97.355,0.24748737341528762,97.18,97.53,0.3499999999999943,bos_taurus,Bos taurus,97.53,macaca_mulatta,Macaca mulatta,97.18,False,False,False,background
MACROH2A1,large intestine,variant,8,2,97.215,97.215,0.24748737341528762,97.04,97.39,0.3499999999999943,human,Homo sapiens,97.39,canis_lupus_familiaris,Canis lupus familiaris,97.04,False,False,False,background
H2AZ1,small intestine,variant,8,2,98.1825,98.1825,0.22980970388562494,98.02,98.345,0.32500000000000284,human,Homo sapiens,98.345,canis_lupus_familiaris,Canis lupus familiaris,98.02,False,False,False,background
H2AX,forelimb bud,variant,8,2,97.76083333333334,97.76083333333334,0.2133105456579488,97.61,97.91166666666668,0.3016666666666765,mus_musculus,Mus musculus,97.91166666666668,sus_scrofa,Sus scrofa,97.61,False,False,False,background
H2AZ1,nasopharynx,variant,8,2,98.97,98.97,0.2121320343559723,98.82,99.12,0.30000000000001137,human,Homo sapiens,99.12,bos_taurus,Bos taurus,98.82,False,False,False,background
H2AZ1,spermatocyte,variant,8,2,99.55,99.55,0.1979898987322341,99.41,99.69,0.28000000000000114,macaca_mulatta,Macaca mulatta,99.69,bos_taurus,Bos taurus,99.41,False,False,False,background
H2AX,neocortex,variant,8,2,83.625,83.625,0.1767766952966369,83.5,83.75,0.25,mus_musculus,Mus musculus,83.75,human,Homo sapiens,83.5,False,False,False,background
H2AJ,monocyte,variant,8,2,96.50999999999999,96.50999999999999,0.12727922061357835,96.42,96.6,0.1799999999999926,human,Homo sapiens,96.6,bos_taurus,Bos taurus,96.42,False,False,False,background
H2AX,tongue,variant,8,2,87.16499999999999,87.16499999999999,0.12020815280171931,87.08,87.25,0.1700000000000017,human,Homo sapiens,87.25,canis_lupus_familiaris,Canis lupus familiaris,87.08,False,False,False,background
H2AC17,right lobe of liver,clustered,6,2,54.700833333333335,54.700833333333335,0.09781643806413301,54.63166666666667,54.769999999999996,0.1383333333333283,sus_scrofa,Sus scrofa,54.769999999999996,human,Homo sapiens,54.63166666666667,False,False,False,background
H2AC7,small intestine,clustered,5,2,39.7775,39.7775,0.0742462120245878,39.725,39.83,0.10499999999999687,canis_lupus_familiaris,Canis lupus familiaris,39.83,human,Homo sapiens,39.725,False,False,False,background
H2AZ2,gluteus medius,variant,8,2,96.3925,96.3925,0.06717514421272121,96.345,96.44,0.09499999999999886,bos_taurus,Bos taurus,96.44,equus_caballus,Equus caballus,96.345,False,False,False,background
H2AZ1,prostate gland,variant,8,2,96.15666666666667,96.15666666666667,0.051854497287006515,96.12,96.19333333333333,0.07333333333332348,human,Homo sapiens,96.19333333333333,bos_taurus,Bos taurus,96.12,False,False,False,background
H2AJ,esophagus,variant,8,2,97.33642857142857,97.33642857142857,0.03333503397020914,97.31285714285715,97.36,0.04714285714284472,bos_taurus,Bos taurus,97.36,human,Homo sapiens,97.31285714285715,False,False,False,background
H2AZ1,adrenal cortex,variant,8,2,96.22749999999999,96.22749999999999,0.03181980515340087,96.205,96.25,0.045000000000001705,human,Homo sapiens,96.25,canis_lupus_familiaris,Canis lupus familiaris,96.205,False,False,False,background
H2AX,entorhinal cortex,variant,8,2,88.01425,88.01425,0.029344931419236133,87.9935,88.035,0.041499999999999204,mus_musculus,Mus musculus,88.035,human,Homo sapiens,87.9935,False,False,False,background
H2AX,olfactory segment of nasal mucosa,variant,8,2,87.93,87.93,0.028284271247471345,87.91,87.95,0.04000000000000625,human,Homo sapiens,87.95,macaca_mulatta,Macaca mulatta,87.91,False,False,False,background
H2AZ1,spermatid,variant,8,2,98.88,98.88,0.028284271247471345,98.86,98.9,0.04000000000000625,macaca_mulatta,Macaca mulatta,98.9,bos_taurus,Bos taurus,98.86,False,False,False,background
MACROH2A1,mucosa of urinary bladder,variant,8,2,96.645,96.645,0.02121320343559723,96.63,96.66,0.030000000000001137,human,Homo sapiens,96.66,canis_lupus_familiaris,Canis lupus familiaris,96.63,False,False,False,background
H2AX,penis,variant,8,2,84.14500000000001,84.14500000000001,0.007071067811874117,84.14,84.15,0.010000000000005116,human,Homo sapiens,84.15,sus_scrofa,Sus scrofa,84.14,False,False,False,background
