gene_name,species_dir,species_name,ensembl_gene_id,tissue,expression_score,map_label,class,agg_expression_score
H2AJ,bos_taurus,Bos taurus,ENSBTAG00000030503,spermatocyte,58.65,H2AJ:VGNC:83623,variant,58.65
H2AJ,bos_taurus,Bos taurus,ENSBTAG00000030503,spermatid,50.08,H2AJ:VGNC:83623,variant,50.08
H2AJ,bos_taurus,Bos taurus,ENSBTAG00000030503,oocyte,69.85,H2AJ:VGNC:83623,variant,69.85
H2AJ,bos_taurus,Bos taurus,ENSBTAG00000030503,granulosa cell,94.03,H2AJ:VGNC:83623,variant,94.03
H2AJ,bos_taurus,Bos taurus,ENSBTAG00000030503,theca cell,95.91,H2AJ:VGNC:83623,variant,95.91
H2AJ,bos_taurus,Bos taurus,ENSBTAG00000030503,monocyte,96.42,H2AJ:VGNC:83623,variant,96.42
H2AJ,bos_taurus,Bos taurus,ENSBTAG00000030503,cumulus cell,88.85,H2AJ:VGNC:83623,variant,88.85
H2AJ,bos_taurus,Bos taurus,ENSBTAG00000030503,leukocyte,98.34,H2AJ:VGNC:83623,variant,96.88363636363637
H2AJ,bos_taurus,Bos taurus,ENSBTAG00000030503,leukocyte,95.2,H2AJ:VGNC:83623,variant,96.88363636363637
H2AJ,bos_taurus,Bos taurus,ENSBTAG00000030503,leukocyte,97.92,H2AJ:VGNC:83623,variant,96.88363636363637
H2AJ,bos_taurus,Bos taurus,ENSBTAG00000030503,leukocyte,96.75,H2AJ:VGNC:83623,variant,96.88363636363637
H2AJ,bos_taurus,Bos taurus,ENSBTAG00000030503,leukocyte,96.62,H2AJ:VGNC:83623,variant,96.88363636363637
H2AJ,bos_taurus,Bos taurus,ENSBTAG00000030503,leukocyte,97.16,H2AJ:VGNC:83623,variant,96.88363636363637
H2AJ,bos_taurus,Bos taurus,ENSBTAG00000030503,leukocyte,96.67,H2AJ:VGNC:83623,variant,96.88363636363637
H2AJ,bos_taurus,Bos taurus,ENSBTAG00000030503,leukocyte,95.18,H2AJ:VGNC:83623,variant,96.88363636363637
H2AJ,bos_taurus,Bos taurus,ENSBTAG00000030503,leukocyte,97.41,H2AJ:VGNC:83623,variant,96.88363636363637
H2AJ,bos_taurus,Bos taurus,ENSBTAG00000030503,leukocyte,97.58,H2AJ:VGNC:83623,variant,96.88363636363637
H2AJ,bos_taurus,Bos taurus,ENSBTAG00000030503,leukocyte,96.89,H2AJ:VGNC:83623,variant,96.88363636363637
H2AJ,bos_taurus,Bos taurus,ENSBTAG00000030503,neutrophil,96.26,H2AJ:VGNC:83623,variant,96.26
H2AJ,bos_taurus,Bos taurus,ENSBTAG00000030503,uterine cervix,94.96,H2AJ:VGNC:83623,variant,94.965
H2AJ,bos_taurus,Bos taurus,ENSBTAG00000030503,uterine cervix,94.97,H2AJ:VGNC:83623,variant,94.965
H2AJ,bos_taurus,Bos taurus,ENSBTAG00000030503,pituitary gland,94.75,H2AJ:VGNC:83623,variant,95.74333333333334
H2AJ,bos_taurus,Bos taurus,ENSBTAG00000030503,pituitary gland,93.48,H2AJ:VGNC:83623,variant,95.74333333333334
H2AJ,bos_taurus,Bos taurus,ENSBTAG00000030503,pituitary gland,93.95,H2AJ:VGNC:83623,variant,95.74333333333334
H2AJ,bos_taurus,Bos taurus,ENSBTAG00000030503,pituitary gland,97.54,H2AJ:VGNC:83623,variant,95.74333333333334
H2AJ,bos_taurus,Bos taurus,ENSBTAG00000030503,pituitary gland,97.54,H2AJ:VGNC:83623,variant,95.74333333333334
H2AJ,bos_taurus,Bos taurus,ENSBTAG00000030503,pituitary gland,97.2,H2AJ:VGNC:83623,variant,95.74333333333334
H2AJ,bos_taurus,Bos taurus,ENSBTAG00000030503,zone of skin,98.15,H2AJ:VGNC:83623,variant,97.83666666666666
H2AJ,bos_taurus,Bos taurus,ENSBTAG00000030503,zone of skin,98.53,H2AJ:VGNC:83623,variant,97.83666666666666
H2AJ,bos_taurus,Bos taurus,ENSBTAG00000030503,zone of skin,96.83,H2AJ:VGNC:83623,variant,97.83666666666666
H2AJ,bos_taurus,Bos taurus,ENSBTAG00000030503,lymph node,95.58,H2AJ:VGNC:83623,variant,95.715
H2AJ,bos_taurus,Bos taurus,ENSBTAG00000030503,lymph node,95.85,H2AJ:VGNC:83623,variant,95.715
H2AJ,bos_taurus,Bos taurus,ENSBTAG00000030503,fornix of vagina,93.87,H2AJ:VGNC:83623,variant,93.86500000000001
H2AJ,bos_taurus,Bos taurus,ENSBTAG00000030503,fornix of vagina,93.86,H2AJ:VGNC:83623,variant,93.86500000000001
H2AJ,bos_taurus,Bos taurus,ENSBTAG00000030503,ureter,93.2,H2AJ:VGNC:83623,variant,93.195
H2AJ,bos_taurus,Bos taurus,ENSBTAG00000030503,ureter,93.19,H2AJ:VGNC:83623,variant,93.195
H2AJ,bos_taurus,Bos taurus,ENSBTAG00000030503,urethra,94.96,H2AJ:VGNC:83623,variant,94.965
H2AJ,bos_taurus,Bos taurus,ENSBTAG00000030503,urethra,94.97,H2AJ:VGNC:83623,variant,94.965
H2AJ,bos_taurus,Bos taurus,ENSBTAG00000030503,adult mammalian kidney,93.93,H2AJ:VGNC:83623,variant,93.89
H2AJ,bos_taurus,Bos taurus,ENSBTAG00000030503,adult mammalian kidney,92.55,H2AJ:VGNC:83623,variant,93.89
H2AJ,bos_taurus,Bos taurus,ENSBTAG00000030503,adult mammalian kidney,94.09,H2AJ:VGNC:83623,variant,93.89
H2AJ,bos_taurus,Bos taurus,ENSBTAG00000030503,adult mammalian kidney,94.99,H2AJ:VGNC:83623,variant,93.89
H2AJ,bos_taurus,Bos taurus,ENSBTAG00000030503,blood,97.44,H2AJ:VGNC:83623,variant,97.2225
H2AJ,bos_taurus,Bos taurus,ENSBTAG00000030503,blood,97.54,H2AJ:VGNC:83623,variant,97.2225
H2AJ,bos_taurus,Bos taurus,ENSBTAG00000030503,blood,97.32,H2AJ:VGNC:83623,variant,97.2225
H2AJ,bos_taurus,Bos taurus,ENSBTAG00000030503,blood,96.59,H2AJ:VGNC:83623,variant,97.2225
H2AJ,bos_taurus,Bos taurus,ENSBTAG00000030503,renal medulla,94.66,H2AJ:VGNC:83623,variant,95.83
H2AJ,bos_taurus,Bos taurus,ENSBTAG00000030503,renal medulla,97.0,H2AJ:VGNC:83623,variant,95.83
H2AJ,bos_taurus,Bos taurus,ENSBTAG00000030503,tongue muscle,94.48,H2AJ:VGNC:83623,variant,94.45500000000001
H2AJ,bos_taurus,Bos taurus,ENSBTAG00000030503,tongue muscle,94.43,H2AJ:VGNC:83623,variant,94.45500000000001
H2AJ,bos_taurus,Bos taurus,ENSBTAG00000030503,longissimus muscle,88.46,H2AJ:VGNC:83623,variant,86.75
H2AJ,bos_taurus,Bos taurus,ENSBTAG00000030503,longissimus muscle,86.37,H2AJ:VGNC:83623,variant,86.75
H2AJ,bos_taurus,Bos taurus,ENSBTAG00000030503,longissimus muscle,85.42,H2AJ:VGNC:83623,variant,86.75
H2AJ,bos_taurus,Bos taurus,ENSBTAG00000030503,prefrontal cortex,79.97,H2AJ:VGNC:83623,variant,79.97
H2AJ,bos_taurus,Bos taurus,ENSBTAG00000030503,multicellular organism,93.32,H2AJ:VGNC:83623,variant,93.32
H2AJ,bos_taurus,Bos taurus,ENSBTAG00000030503,testis,74.7,H2AJ:VGNC:83623,variant,77.035
H2AJ,bos_taurus,Bos taurus,ENSBTAG00000030503,testis,84.25,H2AJ:VGNC:83623,variant,77.035
H2AJ,bos_taurus,Bos taurus,ENSBTAG00000030503,testis,72.6,H2AJ:VGNC:83623,variant,77.035
H2AJ,bos_taurus,Bos taurus,ENSBTAG00000030503,testis,78.27,H2AJ:VGNC:83623,variant,77.035
H2AJ,bos_taurus,Bos taurus,ENSBTAG00000030503,testis,76.06,H2AJ:VGNC:83623,variant,77.035
H2AJ,bos_taurus,Bos taurus,ENSBTAG00000030503,testis,76.33,H2AJ:VGNC:83623,variant,77.035
H2AJ,bos_taurus,Bos taurus,ENSBTAG00000030503,ileocecal valve,97.91,H2AJ:VGNC:83623,variant,97.91
H2AJ,bos_taurus,Bos taurus,ENSBTAG00000030503,aorta,93.4,H2AJ:VGNC:83623,variant,93.415
H2AJ,bos_taurus,Bos taurus,ENSBTAG00000030503,aorta,93.43,H2AJ:VGNC:83623,variant,93.415
H2AJ,bos_taurus,Bos taurus,ENSBTAG00000030503,heart,90.63,H2AJ:VGNC:83623,variant,87.3325
H2AJ,bos_taurus,Bos taurus,ENSBTAG00000030503,heart,88.04,H2AJ:VGNC:83623,variant,87.3325
H2AJ,bos_taurus,Bos taurus,ENSBTAG00000030503,heart,81.67,H2AJ:VGNC:83623,variant,87.3325
H2AJ,bos_taurus,Bos taurus,ENSBTAG00000030503,heart,88.99,H2AJ:VGNC:83623,variant,87.3325
H2AJ,bos_taurus,Bos taurus,ENSBTAG00000030503,brain,90.61,H2AJ:VGNC:83623,variant,90.61
H2AJ,bos_taurus,Bos taurus,ENSBTAG00000030503,cerebral cortex,90.75,H2AJ:VGNC:83623,variant,90.62
H2AJ,bos_taurus,Bos taurus,ENSBTAG00000030503,cerebral cortex,90.49,H2AJ:VGNC:83623,variant,90.62
H2AJ,bos_taurus,Bos taurus,ENSBTAG00000030503,retina,95.21,H2AJ:VGNC:83623,variant,95.21
H2AJ,bos_taurus,Bos taurus,ENSBTAG00000030503,pons,93.46,H2AJ:VGNC:83623,variant,95.19
H2AJ,bos_taurus,Bos taurus,ENSBTAG00000030503,pons,96.92,H2AJ:VGNC:83623,variant,95.19
H2AJ,bos_taurus,Bos taurus,ENSBTAG00000030503,ovary,94.54,H2AJ:VGNC:83623,variant,92.99000000000001
H2AJ,bos_taurus,Bos taurus,ENSBTAG00000030503,ovary,93.61,H2AJ:VGNC:83623,variant,92.99000000000001
H2AJ,bos_taurus,Bos taurus,ENSBTAG00000030503,ovary,88.42,H2AJ:VGNC:83623,variant,92.99000000000001
H2AJ,bos_taurus,Bos taurus,ENSBTAG00000030503,ovary,95.39,H2AJ:VGNC:83623,variant,92.99000000000001
H2AJ,bos_taurus,Bos taurus,ENSBTAG00000030503,uterus,94.05,H2AJ:VGNC:83623,variant,94.39333333333333
H2AJ,bos_taurus,Bos taurus,ENSBTAG00000030503,uterus,95.04,H2AJ:VGNC:83623,variant,94.39333333333333
H2AJ,bos_taurus,Bos taurus,ENSBTAG00000030503,uterus,94.09,H2AJ:VGNC:83623,variant,94.39333333333333
H2AJ,bos_taurus,Bos taurus,ENSBTAG00000030503,vas deferens,95.11,H2AJ:VGNC:83623,variant,95.11
H2AJ,bos_taurus,Bos taurus,ENSBTAG00000030503,adipose tissue,95.63,H2AJ:VGNC:83623,variant,92.95
H2AJ,bos_taurus,Bos taurus,ENSBTAG00000030503,adipose tissue,90.04,H2AJ:VGNC:83623,variant,92.95
H2AJ,bos_taurus,Bos taurus,ENSBTAG00000030503,adipose tissue,91.96,H2AJ:VGNC:83623,variant,92.95
H2AJ,bos_taurus,Bos taurus,ENSBTAG00000030503,adipose tissue,91.09,H2AJ:VGNC:83623,variant,92.95
H2AJ,bos_taurus,Bos taurus,ENSBTAG00000030503,adipose tissue,93.54,H2AJ:VGNC:83623,variant,92.95
H2AJ,bos_taurus,Bos taurus,ENSBTAG00000030503,adipose tissue,95.44,H2AJ:VGNC:83623,variant,92.95
H2AJ,bos_taurus,Bos taurus,ENSBTAG00000030503,esophagus,97.36,H2AJ:VGNC:83623,variant,97.36
H2AJ,bos_taurus,Bos taurus,ENSBTAG00000030503,esophagus,97.36,H2AJ:VGNC:83623,variant,97.36
H2AJ,bos_taurus,Bos taurus,ENSBTAG00000030503,saliva-secreting gland,97.38,H2AJ:VGNC:83623,variant,97.39
H2AJ,bos_taurus,Bos taurus,ENSBTAG00000030503,saliva-secreting gland,97.4,H2AJ:VGNC:83623,variant,97.39
H2AJ,bos_taurus,Bos taurus,ENSBTAG00000030503,diaphragm,95.77,H2AJ:VGNC:83623,variant,95.75999999999999
H2AJ,bos_taurus,Bos taurus,ENSBTAG00000030503,diaphragm,95.75,H2AJ:VGNC:83623,variant,95.75999999999999
H2AJ,bos_taurus,Bos taurus,ENSBTAG00000030503,intercostal muscle,88.79,H2AJ:VGNC:83623,variant,88.79
H2AJ,bos_taurus,Bos taurus,ENSBTAG00000030503,skeletal muscle tissue,94.47,H2AJ:VGNC:83623,variant,90.72749999999999
H2AJ,bos_taurus,Bos taurus,ENSBTAG00000030503,skeletal muscle tissue,88.67,H2AJ:VGNC:83623,variant,90.72749999999999
H2AJ,bos_taurus,Bos taurus,ENSBTAG00000030503,skeletal muscle tissue,85.36,H2AJ:VGNC:83623,variant,90.72749999999999
H2AJ,bos_taurus,Bos taurus,ENSBTAG00000030503,skeletal muscle tissue,94.41,H2AJ:VGNC:83623,variant,90.72749999999999
H2AJ,bos_taurus,Bos taurus,ENSBTAG00000030503,caecum,95.67,H2AJ:VGNC:83623,variant,93.78666666666668
H2AJ,bos_taurus,Bos taurus,ENSBTAG00000030503,caecum,90.03,H2AJ:VGNC:83623,variant,93.78666666666668
H2AJ,bos_taurus,Bos taurus,ENSBTAG00000030503,caecum,95.66,H2AJ:VGNC:83623,variant,93.78666666666668
H2AJ,bos_taurus,Bos taurus,ENSBTAG00000030503,colon,93.29,H2AJ:VGNC:83623,variant,93.29
H2AJ,bos_taurus,Bos taurus,ENSBTAG00000030503,ascending colon,95.42,H2AJ:VGNC:83623,variant,95.43
H2AJ,bos_taurus,Bos taurus,ENSBTAG00000030503,ascending colon,95.44,H2AJ:VGNC:83623,variant,95.43
H2AJ,bos_taurus,Bos taurus,ENSBTAG00000030503,descending colon,91.96,H2AJ:VGNC:83623,variant,93.09666666666665
H2AJ,bos_taurus,Bos taurus,ENSBTAG00000030503,descending colon,95.37,H2AJ:VGNC:83623,variant,93.09666666666665
H2AJ,bos_taurus,Bos taurus,ENSBTAG00000030503,descending colon,91.96,H2AJ:VGNC:83623,variant,93.09666666666665
H2AJ,bos_taurus,Bos taurus,ENSBTAG00000030503,cortex of kidney,96.23,H2AJ:VGNC:83623,variant,96.23
H2AJ,bos_taurus,Bos taurus,ENSBTAG00000030503,urinary bladder,95.89,H2AJ:VGNC:83623,variant,95.91
H2AJ,bos_taurus,Bos taurus,ENSBTAG00000030503,urinary bladder,95.93,H2AJ:VGNC:83623,variant,95.91
H2AJ,bos_taurus,Bos taurus,ENSBTAG00000030503,endometrium,93.92,H2AJ:VGNC:83623,variant,95.15499999999999
H2AJ,bos_taurus,Bos taurus,ENSBTAG00000030503,endometrium,94.6,H2AJ:VGNC:83623,variant,95.15499999999999
H2AJ,bos_taurus,Bos taurus,ENSBTAG00000030503,endometrium,95.25,H2AJ:VGNC:83623,variant,95.15499999999999
H2AJ,bos_taurus,Bos taurus,ENSBTAG00000030503,endometrium,96.99,H2AJ:VGNC:83623,variant,95.15499999999999
H2AJ,bos_taurus,Bos taurus,ENSBTAG00000030503,endometrium,95.45,H2AJ:VGNC:83623,variant,95.15499999999999
H2AJ,bos_taurus,Bos taurus,ENSBTAG00000030503,endometrium,94.72,H2AJ:VGNC:83623,variant,95.15499999999999
H2AJ,bos_taurus,Bos taurus,ENSBTAG00000030503,myometrium,89.11,H2AJ:VGNC:83623,variant,89.17
H2AJ,bos_taurus,Bos taurus,ENSBTAG00000030503,myometrium,89.23,H2AJ:VGNC:83623,variant,89.17
H2AJ,bos_taurus,Bos taurus,ENSBTAG00000030503,gluteus medius,86.5,H2AJ:VGNC:83623,variant,86.52000000000001
H2AJ,bos_taurus,Bos taurus,ENSBTAG00000030503,gluteus medius,86.54,H2AJ:VGNC:83623,variant,86.52000000000001
H2AJ,bos_taurus,Bos taurus,ENSBTAG00000030503,biceps femoris,79.57,H2AJ:VGNC:83623,variant,79.60499999999999
H2AJ,bos_taurus,Bos taurus,ENSBTAG00000030503,biceps femoris,79.64,H2AJ:VGNC:83623,variant,79.60499999999999
H2AJ,bos_taurus,Bos taurus,ENSBTAG00000030503,semitendinosus,90.65,H2AJ:VGNC:83623,variant,89.35000000000001
H2AJ,bos_taurus,Bos taurus,ENSBTAG00000030503,semitendinosus,89.59,H2AJ:VGNC:83623,variant,89.35000000000001
H2AJ,bos_taurus,Bos taurus,ENSBTAG00000030503,semitendinosus,87.81,H2AJ:VGNC:83623,variant,89.35000000000001
H2AJ,bos_taurus,Bos taurus,ENSBTAG00000030503,rectus femoris,88.33,H2AJ:VGNC:83623,variant,88.35
H2AJ,bos_taurus,Bos taurus,ENSBTAG00000030503,rectus femoris,88.37,H2AJ:VGNC:83623,variant,88.35
H2AJ,bos_taurus,Bos taurus,ENSBTAG00000030503,semimembranosus muscle,80.53,H2AJ:VGNC:83623,variant,82.57
H2AJ,bos_taurus,Bos taurus,ENSBTAG00000030503,semimembranosus muscle,80.41,H2AJ:VGNC:83623,variant,82.57
H2AJ,bos_taurus,Bos taurus,ENSBTAG00000030503,semimembranosus muscle,86.77,H2AJ:VGNC:83623,variant,82.57
H2AJ,bos_taurus,Bos taurus,ENSBTAG00000030503,longissimus thoracis muscle,82.18,H2AJ:VGNC:83623,variant,84.708
H2AJ,bos_taurus,Bos taurus,ENSBTAG00000030503,longissimus thoracis muscle,82.78,H2AJ:VGNC:83623,variant,84.708
H2AJ,bos_taurus,Bos taurus,ENSBTAG00000030503,longissimus thoracis muscle,84.42,H2AJ:VGNC:83623,variant,84.708
H2AJ,bos_taurus,Bos taurus,ENSBTAG00000030503,longissimus thoracis muscle,80.02,H2AJ:VGNC:83623,variant,84.708
H2AJ,bos_taurus,Bos taurus,ENSBTAG00000030503,longissimus thoracis muscle,83.53,H2AJ:VGNC:83623,variant,84.708
H2AJ,bos_taurus,Bos taurus,ENSBTAG00000030503,longissimus thoracis muscle,84.4,H2AJ:VGNC:83623,variant,84.708
H2AJ,bos_taurus,Bos taurus,ENSBTAG00000030503,longissimus thoracis muscle,88.24,H2AJ:VGNC:83623,variant,84.708
H2AJ,bos_taurus,Bos taurus,ENSBTAG00000030503,longissimus thoracis muscle,88.64,H2AJ:VGNC:83623,variant,84.708
H2AJ,bos_taurus,Bos taurus,ENSBTAG00000030503,longissimus thoracis muscle,87.06,H2AJ:VGNC:83623,variant,84.708
H2AJ,bos_taurus,Bos taurus,ENSBTAG00000030503,longissimus thoracis muscle,85.81,H2AJ:VGNC:83623,variant,84.708
H2AJ,bos_taurus,Bos taurus,ENSBTAG00000030503,infraspinatus muscle,86.93,H2AJ:VGNC:83623,variant,86.885
H2AJ,bos_taurus,Bos taurus,ENSBTAG00000030503,infraspinatus muscle,86.84,H2AJ:VGNC:83623,variant,86.885
H2AJ,bos_taurus,Bos taurus,ENSBTAG00000030503,triceps brachii,89.36,H2AJ:VGNC:83623,variant,89.325
H2AJ,bos_taurus,Bos taurus,ENSBTAG00000030503,triceps brachii,89.29,H2AJ:VGNC:83623,variant,89.325
H2AJ,bos_taurus,Bos taurus,ENSBTAG00000030503,tongue,97.47,H2AJ:VGNC:83623,variant,91.48666666666666
H2AJ,bos_taurus,Bos taurus,ENSBTAG00000030503,tongue,97.46,H2AJ:VGNC:83623,variant,91.48666666666666
H2AJ,bos_taurus,Bos taurus,ENSBTAG00000030503,tongue,79.53,H2AJ:VGNC:83623,variant,91.48666666666666
H2AJ,bos_taurus,Bos taurus,ENSBTAG00000030503,nasopharynx,96.5,H2AJ:VGNC:83623,variant,96.5
H2AJ,bos_taurus,Bos taurus,ENSBTAG00000030503,pharyngeal tonsil,96.43,H2AJ:VGNC:83623,variant,96.43
H2AJ,bos_taurus,Bos taurus,ENSBTAG00000030503,laryngeal cartilage,94.41,H2AJ:VGNC:83623,variant,94.41
H2AJ,bos_taurus,Bos taurus,ENSBTAG00000030503,laryngeal cartilage,94.41,H2AJ:VGNC:83623,variant,94.41
H2AJ,bos_taurus,Bos taurus,ENSBTAG00000030503,anterior segment of eyeball,97.72,H2AJ:VGNC:83623,variant,97.72
H2AJ,bos_taurus,Bos taurus,ENSBTAG00000030503,nasal cavity mucosa,98.35,H2AJ:VGNC:83623,variant,98.35
H2AJ,bos_taurus,Bos taurus,ENSBTAG00000030503,nasal cavity mucosa,98.35,H2AJ:VGNC:83623,variant,98.35
H2AJ,bos_taurus,Bos taurus,ENSBTAG00000030503,frontal cortex,91.18,H2AJ:VGNC:83623,variant,91.02
H2AJ,bos_taurus,Bos taurus,ENSBTAG00000030503,frontal cortex,89.75,H2AJ:VGNC:83623,variant,91.02
H2AJ,bos_taurus,Bos taurus,ENSBTAG00000030503,frontal cortex,92.13,H2AJ:VGNC:83623,variant,91.02
H2AJ,bos_taurus,Bos taurus,ENSBTAG00000030503,choroid plexus,94.65,H2AJ:VGNC:83623,variant,94.65
H2AJ,bos_taurus,Bos taurus,ENSBTAG00000030503,midbrain,89.76,H2AJ:VGNC:83623,variant,89.76
H2AJ,bos_taurus,Bos taurus,ENSBTAG00000030503,hypothalamus,77.34,H2AJ:VGNC:83623,variant,82.09666666666668
H2AJ,bos_taurus,Bos taurus,ENSBTAG00000030503,hypothalamus,85.0,H2AJ:VGNC:83623,variant,82.09666666666668
H2AJ,bos_taurus,Bos taurus,ENSBTAG00000030503,hypothalamus,83.95,H2AJ:VGNC:83623,variant,82.09666666666668
H2AJ,bos_taurus,Bos taurus,ENSBTAG00000030503,mammary gland,95.96,H2AJ:VGNC:83623,variant,94.7675
H2AJ,bos_taurus,Bos taurus,ENSBTAG00000030503,mammary gland,96.6,H2AJ:VGNC:83623,variant,94.7675
H2AJ,bos_taurus,Bos taurus,ENSBTAG00000030503,mammary gland,95.08,H2AJ:VGNC:83623,variant,94.7675
H2AJ,bos_taurus,Bos taurus,ENSBTAG00000030503,mammary gland,91.43,H2AJ:VGNC:83623,variant,94.7675
H2AJ,bos_taurus,Bos taurus,ENSBTAG00000030503,milk,95.97,H2AJ:VGNC:83623,variant,96.18
H2AJ,bos_taurus,Bos taurus,ENSBTAG00000030503,milk,96.39,H2AJ:VGNC:83623,variant,96.18
H2AJ,bos_taurus,Bos taurus,ENSBTAG00000030503,Ammon's horn,88.26,H2AJ:VGNC:83623,variant,88.26
H2AJ,bos_taurus,Bos taurus,ENSBTAG00000030503,placenta,95.45,H2AJ:VGNC:83623,variant,95.91499999999999
H2AJ,bos_taurus,Bos taurus,ENSBTAG00000030503,placenta,96.38,H2AJ:VGNC:83623,variant,95.91499999999999
H2AJ,bos_taurus,Bos taurus,ENSBTAG00000030503,gluteal muscle,87.65,H2AJ:VGNC:83623,variant,87.65
H2AJ,bos_taurus,Bos taurus,ENSBTAG00000030503,occipital lobe,77.58,H2AJ:VGNC:83623,variant,77.58
H2AJ,bos_taurus,Bos taurus,ENSBTAG00000030503,cerebellum,90.9,H2AJ:VGNC:83623,variant,89.0
H2AJ,bos_taurus,Bos taurus,ENSBTAG00000030503,cerebellum,91.01,H2AJ:VGNC:83623,variant,89.0
H2AJ,bos_taurus,Bos taurus,ENSBTAG00000030503,cerebellum,85.09,H2AJ:VGNC:83623,variant,89.0
H2AJ,bos_taurus,Bos taurus,ENSBTAG00000030503,thyroid gland,94.04,H2AJ:VGNC:83623,variant,94.43
H2AJ,bos_taurus,Bos taurus,ENSBTAG00000030503,thyroid gland,94.82,H2AJ:VGNC:83623,variant,94.43
H2AJ,bos_taurus,Bos taurus,ENSBTAG00000030503,lung,93.41,H2AJ:VGNC:83623,variant,94.69428571428571
H2AJ,bos_taurus,Bos taurus,ENSBTAG00000030503,lung,96.59,H2AJ:VGNC:83623,variant,94.69428571428571
H2AJ,bos_taurus,Bos taurus,ENSBTAG00000030503,lung,95.91,H2AJ:VGNC:83623,variant,94.69428571428571
H2AJ,bos_taurus,Bos taurus,ENSBTAG00000030503,lung,94.59,H2AJ:VGNC:83623,variant,94.69428571428571
H2AJ,bos_taurus,Bos taurus,ENSBTAG00000030503,lung,91.34,H2AJ:VGNC:83623,variant,94.69428571428571
H2AJ,bos_taurus,Bos taurus,ENSBTAG00000030503,lung,95.38,H2AJ:VGNC:83623,variant,94.69428571428571
H2AJ,bos_taurus,Bos taurus,ENSBTAG00000030503,lung,95.64,H2AJ:VGNC:83623,variant,94.69428571428571
H2AJ,bos_taurus,Bos taurus,ENSBTAG00000030503,cardiac atrium,89.3,H2AJ:VGNC:83623,variant,89.25
H2AJ,bos_taurus,Bos taurus,ENSBTAG00000030503,cardiac atrium,89.2,H2AJ:VGNC:83623,variant,89.25
H2AJ,bos_taurus,Bos taurus,ENSBTAG00000030503,cardiac ventricle,89.45,H2AJ:VGNC:83623,variant,89.45
H2AJ,bos_taurus,Bos taurus,ENSBTAG00000030503,spleen,95.21,H2AJ:VGNC:83623,variant,95.172
H2AJ,bos_taurus,Bos taurus,ENSBTAG00000030503,spleen,93.69,H2AJ:VGNC:83623,variant,95.172
H2AJ,bos_taurus,Bos taurus,ENSBTAG00000030503,spleen,96.51,H2AJ:VGNC:83623,variant,95.172
H2AJ,bos_taurus,Bos taurus,ENSBTAG00000030503,spleen,94.16,H2AJ:VGNC:83623,variant,95.172
H2AJ,bos_taurus,Bos taurus,ENSBTAG00000030503,spleen,96.29,H2AJ:VGNC:83623,variant,95.172
H2AJ,bos_taurus,Bos taurus,ENSBTAG00000030503,liver,91.9,H2AJ:VGNC:83623,variant,94.906875
H2AJ,bos_taurus,Bos taurus,ENSBTAG00000030503,liver,94.55,H2AJ:VGNC:83623,variant,94.906875
H2AJ,bos_taurus,Bos taurus,ENSBTAG00000030503,liver,95.11,H2AJ:VGNC:83623,variant,94.906875
H2AJ,bos_taurus,Bos taurus,ENSBTAG00000030503,liver,95.12,H2AJ:VGNC:83623,variant,94.906875
H2AJ,bos_taurus,Bos taurus,ENSBTAG00000030503,liver,94.75,H2AJ:VGNC:83623,variant,94.906875
H2AJ,bos_taurus,Bos taurus,ENSBTAG00000030503,liver,95.99,H2AJ:VGNC:83623,variant,94.906875
H2AJ,bos_taurus,Bos taurus,ENSBTAG00000030503,liver,94.92,H2AJ:VGNC:83623,variant,94.906875
H2AJ,bos_taurus,Bos taurus,ENSBTAG00000030503,liver,93.69,H2AJ:VGNC:83623,variant,94.906875
H2AJ,bos_taurus,Bos taurus,ENSBTAG00000030503,liver,95.47,H2AJ:VGNC:83623,variant,94.906875
H2AJ,bos_taurus,Bos taurus,ENSBTAG00000030503,liver,95.26,H2AJ:VGNC:83623,variant,94.906875
H2AJ,bos_taurus,Bos taurus,ENSBTAG00000030503,liver,93.61,H2AJ:VGNC:83623,variant,94.906875
H2AJ,bos_taurus,Bos taurus,ENSBTAG00000030503,liver,93.85,H2AJ:VGNC:83623,variant,94.906875
H2AJ,bos_taurus,Bos taurus,ENSBTAG00000030503,liver,94.43,H2AJ:VGNC:83623,variant,94.906875
H2AJ,bos_taurus,Bos taurus,ENSBTAG00000030503,liver,96.58,H2AJ:VGNC:83623,variant,94.906875
H2AJ,bos_taurus,Bos taurus,ENSBTAG00000030503,liver,96.82,H2AJ:VGNC:83623,variant,94.906875
H2AJ,bos_taurus,Bos taurus,ENSBTAG00000030503,liver,96.46,H2AJ:VGNC:83623,variant,94.906875
H2AJ,bos_taurus,Bos taurus,ENSBTAG00000030503,gall bladder,95.27,H2AJ:VGNC:83623,variant,95.64
H2AJ,bos_taurus,Bos taurus,ENSBTAG00000030503,gall bladder,96.01,H2AJ:VGNC:83623,variant,95.64
H2AJ,bos_taurus,Bos taurus,ENSBTAG00000030503,kidney,95.61,H2AJ:VGNC:83623,variant,95.61
H2AJ,bos_taurus,Bos taurus,ENSBTAG00000030503,duodenum,95.61,H2AJ:VGNC:83623,variant,95.2875
H2AJ,bos_taurus,Bos taurus,ENSBTAG00000030503,duodenum,94.61,H2AJ:VGNC:83623,variant,95.2875
H2AJ,bos_taurus,Bos taurus,ENSBTAG00000030503,duodenum,95.3,H2AJ:VGNC:83623,variant,95.2875
H2AJ,bos_taurus,Bos taurus,ENSBTAG00000030503,duodenum,95.63,H2AJ:VGNC:83623,variant,95.2875
H2AJ,bos_taurus,Bos taurus,ENSBTAG00000030503,jejunum,96.47,H2AJ:VGNC:83623,variant,96.2975
H2AJ,bos_taurus,Bos taurus,ENSBTAG00000030503,jejunum,95.86,H2AJ:VGNC:83623,variant,96.2975
H2AJ,bos_taurus,Bos taurus,ENSBTAG00000030503,jejunum,96.61,H2AJ:VGNC:83623,variant,96.2975
H2AJ,bos_taurus,Bos taurus,ENSBTAG00000030503,jejunum,96.25,H2AJ:VGNC:83623,variant,96.2975
H2AJ,bos_taurus,Bos taurus,ENSBTAG00000030503,ileum,94.57,H2AJ:VGNC:83623,variant,94.872
H2AJ,bos_taurus,Bos taurus,ENSBTAG00000030503,ileum,94.48,H2AJ:VGNC:83623,variant,94.872
H2AJ,bos_taurus,Bos taurus,ENSBTAG00000030503,ileum,95.17,H2AJ:VGNC:83623,variant,94.872
H2AJ,bos_taurus,Bos taurus,ENSBTAG00000030503,ileum,95.77,H2AJ:VGNC:83623,variant,94.872
H2AJ,bos_taurus,Bos taurus,ENSBTAG00000030503,ileum,94.37,H2AJ:VGNC:83623,variant,94.872
H2AJ,bos_taurus,Bos taurus,ENSBTAG00000030503,subcutaneous adipose tissue,96.19,H2AJ:VGNC:83623,variant,93.61818181818181
H2AJ,bos_taurus,Bos taurus,ENSBTAG00000030503,subcutaneous adipose tissue,96.08,H2AJ:VGNC:83623,variant,93.61818181818181
H2AJ,bos_taurus,Bos taurus,ENSBTAG00000030503,subcutaneous adipose tissue,92.36,H2AJ:VGNC:83623,variant,93.61818181818181
H2AJ,bos_taurus,Bos taurus,ENSBTAG00000030503,subcutaneous adipose tissue,92.09,H2AJ:VGNC:83623,variant,93.61818181818181
H2AJ,bos_taurus,Bos taurus,ENSBTAG00000030503,subcutaneous adipose tissue,96.08,H2AJ:VGNC:83623,variant,93.61818181818181
H2AJ,bos_taurus,Bos taurus,ENSBTAG00000030503,subcutaneous adipose tissue,92.01,H2AJ:VGNC:83623,variant,93.61818181818181
H2AJ,bos_taurus,Bos taurus,ENSBTAG00000030503,subcutaneous adipose tissue,93.27,H2AJ:VGNC:83623,variant,93.61818181818181
H2AJ,bos_taurus,Bos taurus,ENSBTAG00000030503,subcutaneous adipose tissue,93.57,H2AJ:VGNC:83623,variant,93.61818181818181
H2AJ,bos_taurus,Bos taurus,ENSBTAG00000030503,subcutaneous adipose tissue,93.61,H2AJ:VGNC:83623,variant,93.61818181818181
H2AJ,bos_taurus,Bos taurus,ENSBTAG00000030503,subcutaneous adipose tissue,90.32,H2AJ:VGNC:83623,variant,93.61818181818181
H2AJ,bos_taurus,Bos taurus,ENSBTAG00000030503,subcutaneous adipose tissue,94.22,H2AJ:VGNC:83623,variant,93.61818181818181
H2AJ,bos_taurus,Bos taurus,ENSBTAG00000030503,adenohypophysis,94.75,H2AJ:VGNC:83623,variant,94.78999999999999
H2AJ,bos_taurus,Bos taurus,ENSBTAG00000030503,adenohypophysis,94.83,H2AJ:VGNC:83623,variant,94.78999999999999
H2AJ,bos_taurus,Bos taurus,ENSBTAG00000030503,neurohypophysis,93.57,H2AJ:VGNC:83623,variant,93.5
H2AJ,bos_taurus,Bos taurus,ENSBTAG00000030503,neurohypophysis,93.43,H2AJ:VGNC:83623,variant,93.5
H2AJ,bos_taurus,Bos taurus,ENSBTAG00000030503,uterine horn,88.37,H2AJ:VGNC:83623,variant,88.37
H2AJ,bos_taurus,Bos taurus,ENSBTAG00000030503,prostate gland,97.05,H2AJ:VGNC:83623,variant,97.05
H2AJ,bos_taurus,Bos taurus,ENSBTAG00000030503,adrenal gland,97.08,H2AJ:VGNC:83623,variant,94.42999999999999
H2AJ,bos_taurus,Bos taurus,ENSBTAG00000030503,adrenal gland,97.14,H2AJ:VGNC:83623,variant,94.42999999999999
H2AJ,bos_taurus,Bos taurus,ENSBTAG00000030503,adrenal gland,89.07,H2AJ:VGNC:83623,variant,94.42999999999999
H2AJ,bos_taurus,Bos taurus,ENSBTAG00000030503,thymus,95.4,H2AJ:VGNC:83623,variant,95.4
H2AJ,bos_taurus,Bos taurus,ENSBTAG00000030503,bone marrow,91.87,H2AJ:VGNC:83623,variant,91.89500000000001
H2AJ,bos_taurus,Bos taurus,ENSBTAG00000030503,bone marrow,91.92,H2AJ:VGNC:83623,variant,91.89500000000001
H2AJ,bos_taurus,Bos taurus,ENSBTAG00000030503,supraspinatus muscle,87.95,H2AJ:VGNC:83623,variant,87.98
H2AJ,bos_taurus,Bos taurus,ENSBTAG00000030503,supraspinatus muscle,88.01,H2AJ:VGNC:83623,variant,87.98
H2AJ,bos_taurus,Bos taurus,ENSBTAG00000030503,muscle tissue,86.8,H2AJ:VGNC:83623,variant,84.12428571428572
H2AJ,bos_taurus,Bos taurus,ENSBTAG00000030503,muscle tissue,86.81,H2AJ:VGNC:83623,variant,84.12428571428572
H2AJ,bos_taurus,Bos taurus,ENSBTAG00000030503,muscle tissue,82.69,H2AJ:VGNC:83623,variant,84.12428571428572
H2AJ,bos_taurus,Bos taurus,ENSBTAG00000030503,muscle tissue,85.56,H2AJ:VGNC:83623,variant,84.12428571428572
H2AJ,bos_taurus,Bos taurus,ENSBTAG00000030503,muscle tissue,78.49,H2AJ:VGNC:83623,variant,84.12428571428572
H2AJ,bos_taurus,Bos taurus,ENSBTAG00000030503,muscle tissue,88.81,H2AJ:VGNC:83623,variant,84.12428571428572
H2AJ,bos_taurus,Bos taurus,ENSBTAG00000030503,muscle tissue,79.71,H2AJ:VGNC:83623,variant,84.12428571428572
H2AJ,bos_taurus,Bos taurus,ENSBTAG00000030503,abdominal lymph node,93.49,H2AJ:VGNC:83623,variant,93.49
H2AJ,bos_taurus,Bos taurus,ENSBTAG00000030503,mesenteric lymph node,95.31,H2AJ:VGNC:83623,variant,95.31
H2AJ,bos_taurus,Bos taurus,ENSBTAG00000030503,mesenteric lymph node,95.31,H2AJ:VGNC:83623,variant,95.31
H2AJ,bos_taurus,Bos taurus,ENSBTAG00000030503,corpus luteum,85.07,H2AJ:VGNC:83623,variant,85.16999999999999
H2AJ,bos_taurus,Bos taurus,ENSBTAG00000030503,corpus luteum,85.27,H2AJ:VGNC:83623,variant,85.16999999999999
H2AJ,bos_taurus,Bos taurus,ENSBTAG00000030503,trachea,91.3,H2AJ:VGNC:83623,variant,91.3
H2AJ,bos_taurus,Bos taurus,ENSBTAG00000030503,trachea,91.3,H2AJ:VGNC:83623,variant,91.3
H2AJ,bos_taurus,Bos taurus,ENSBTAG00000030503,floor plate of diencephalon,88.57,H2AJ:VGNC:83623,variant,88.57
H2AJ,bos_taurus,Bos taurus,ENSBTAG00000030503,uterine tube infundibulum,93.47,H2AJ:VGNC:83623,variant,94.345
H2AJ,bos_taurus,Bos taurus,ENSBTAG00000030503,uterine tube infundibulum,95.22,H2AJ:VGNC:83623,variant,94.345
H2AJ,bos_taurus,Bos taurus,ENSBTAG00000030503,mammary gland fat,94.61,H2AJ:VGNC:83623,variant,94.61
H2AJ,bos_taurus,Bos taurus,ENSBTAG00000030503,caput epididymis,96.6,H2AJ:VGNC:83623,variant,96.6
H2AJ,bos_taurus,Bos taurus,ENSBTAG00000030503,corpus epididymis,96.56,H2AJ:VGNC:83623,variant,96.56
H2AJ,bos_taurus,Bos taurus,ENSBTAG00000030503,dorsal thalamus,91.89,H2AJ:VGNC:83623,variant,91.89
H2AJ,bos_taurus,Bos taurus,ENSBTAG00000030503,conceptus,95.43,H2AJ:VGNC:83623,variant,95.43
H2AJ,bos_taurus,Bos taurus,ENSBTAG00000030503,oviduct epithelium,95.78,H2AJ:VGNC:83623,variant,95.78
H2AJ,bos_taurus,Bos taurus,ENSBTAG00000030503,olfactory segment of nasal mucosa,98.45,H2AJ:VGNC:83623,variant,98.36500000000001
H2AJ,bos_taurus,Bos taurus,ENSBTAG00000030503,olfactory segment of nasal mucosa,98.28,H2AJ:VGNC:83623,variant,98.36500000000001
H2AJ,bos_taurus,Bos taurus,ENSBTAG00000030503,digestive system secreted substance,97.68,H2AJ:VGNC:83623,variant,97.68
H2AJ,bos_taurus,Bos taurus,ENSBTAG00000030503,abomasum,95.34,H2AJ:VGNC:83623,variant,95.34333333333335
H2AJ,bos_taurus,Bos taurus,ENSBTAG00000030503,abomasum,95.29,H2AJ:VGNC:83623,variant,95.34333333333335
H2AJ,bos_taurus,Bos taurus,ENSBTAG00000030503,abomasum,95.4,H2AJ:VGNC:83623,variant,95.34333333333335
H2AJ,bos_taurus,Bos taurus,ENSBTAG00000030503,ruminant reticulum,96.88,H2AJ:VGNC:83623,variant,96.88499999999999
H2AJ,bos_taurus,Bos taurus,ENSBTAG00000030503,ruminant reticulum,96.89,H2AJ:VGNC:83623,variant,96.88499999999999
H2AJ,bos_taurus,Bos taurus,ENSBTAG00000030503,omasum,96.99,H2AJ:VGNC:83623,variant,96.99
H2AJ,bos_taurus,Bos taurus,ENSBTAG00000030503,omasum,96.99,H2AJ:VGNC:83623,variant,96.99
H2AJ,bos_taurus,Bos taurus,ENSBTAG00000030503,rumen,97.41,H2AJ:VGNC:83623,variant,96.92
H2AJ,bos_taurus,Bos taurus,ENSBTAG00000030503,rumen,96.44,H2AJ:VGNC:83623,variant,96.92
H2AJ,bos_taurus,Bos taurus,ENSBTAG00000030503,rumen,97.01,H2AJ:VGNC:83623,variant,96.92
H2AJ,bos_taurus,Bos taurus,ENSBTAG00000030503,rumen,96.13,H2AJ:VGNC:83623,variant,96.92
H2AJ,bos_taurus,Bos taurus,ENSBTAG00000030503,rumen,97.61,H2AJ:VGNC:83623,variant,96.92
H2AJ,bos_taurus,Bos taurus,ENSBTAG00000030503,surface of tongue,97.92,H2AJ:VGNC:83623,variant,97.91
H2AJ,bos_taurus,Bos taurus,ENSBTAG00000030503,surface of tongue,97.9,H2AJ:VGNC:83623,variant,97.91
H2AJ,bos_taurus,Bos taurus,ENSBTAG00000030503,pigment epithelium of eye,91.85,H2AJ:VGNC:83623,variant,91.895
H2AJ,bos_taurus,Bos taurus,ENSBTAG00000030503,pigment epithelium of eye,91.94,H2AJ:VGNC:83623,variant,91.895
H2AJ,bos_taurus,Bos taurus,ENSBTAG00000030503,rumen epithelium,94.46,H2AJ:VGNC:83623,variant,96.05
H2AJ,bos_taurus,Bos taurus,ENSBTAG00000030503,rumen epithelium,95.99,H2AJ:VGNC:83623,variant,96.05
H2AJ,bos_taurus,Bos taurus,ENSBTAG00000030503,rumen epithelium,97.7,H2AJ:VGNC:83623,variant,96.05
H2AJ,bos_taurus,Bos taurus,ENSBTAG00000030503,rumen papilla,97.61,H2AJ:VGNC:83623,variant,95.70666666666666
H2AJ,bos_taurus,Bos taurus,ENSBTAG00000030503,rumen papilla,91.88,H2AJ:VGNC:83623,variant,95.70666666666666
H2AJ,bos_taurus,Bos taurus,ENSBTAG00000030503,rumen papilla,97.63,H2AJ:VGNC:83623,variant,95.70666666666666
H2AJ,bos_taurus,Bos taurus,ENSBTAG00000030503,spiral colon,93.07,H2AJ:VGNC:83623,variant,93.07
H2AJ,bos_taurus,Bos taurus,ENSBTAG00000030503,omental fat pad,89.09,H2AJ:VGNC:83623,variant,88.38
H2AJ,bos_taurus,Bos taurus,ENSBTAG00000030503,omental fat pad,87.67,H2AJ:VGNC:83623,variant,88.38
H2AJ,bos_taurus,Bos taurus,ENSBTAG00000030503,metanephros cortex,96.14,H2AJ:VGNC:83623,variant,96.14
H2AJ,bos_taurus,Bos taurus,ENSBTAG00000030503,ampulla of uterine tube,93.49,H2AJ:VGNC:83623,variant,94.625
H2AJ,bos_taurus,Bos taurus,ENSBTAG00000030503,ampulla of uterine tube,95.76,H2AJ:VGNC:83623,variant,94.625
H2AJ,bos_taurus,Bos taurus,ENSBTAG00000030503,retropharyngeal lymph node,96.57,H2AJ:VGNC:83623,variant,96.57
H2AJ,bos_taurus,Bos taurus,ENSBTAG00000030503,temporal cortex,88.37,H2AJ:VGNC:83623,variant,88.195
H2AJ,bos_taurus,Bos taurus,ENSBTAG00000030503,temporal cortex,88.02,H2AJ:VGNC:83623,variant,88.195
H2AJ,bos_taurus,Bos taurus,ENSBTAG00000030503,isthmus of fallopian tube,95.31,H2AJ:VGNC:83623,variant,95.30000000000001
H2AJ,bos_taurus,Bos taurus,ENSBTAG00000030503,isthmus of fallopian tube,95.29,H2AJ:VGNC:83623,variant,95.30000000000001
H2AJ,bos_taurus,Bos taurus,ENSBTAG00000030503,intramuscular adipose tissue,88.21,H2AJ:VGNC:83623,variant,87.87
H2AJ,bos_taurus,Bos taurus,ENSBTAG00000030503,intramuscular adipose tissue,87.53,H2AJ:VGNC:83623,variant,87.87
H2AJ,bos_taurus,Bos taurus,ENSBTAG00000030503,scapular muscle,88.31,H2AJ:VGNC:83623,variant,88.31
H2AJ,bos_taurus,Bos taurus,ENSBTAG00000030503,parenchyma of mammary gland,95.62,H2AJ:VGNC:83623,variant,95.62
H2AJ,canis_lupus_familiaris,Canis lupus familiaris,ENSCAFG00000012984,granulocyte,79.85,H2AJ:VGNC:83708,variant,79.85
H2AJ,canis_lupus_familiaris,Canis lupus familiaris,ENSCAFG00000012984,keratinocyte,92.75,H2AJ:VGNC:83708,variant,92.75
H2AJ,canis_lupus_familiaris,Canis lupus familiaris,ENSCAFG00000012984,nose,98.97,H2AJ:VGNC:83708,variant,98.97
H2AJ,canis_lupus_familiaris,Canis lupus familiaris,ENSCAFG00000012984,pituitary gland,95.04,H2AJ:VGNC:83708,variant,96.83999999999999
H2AJ,canis_lupus_familiaris,Canis lupus familiaris,ENSCAFG00000012984,pituitary gland,98.1,H2AJ:VGNC:83708,variant,96.83999999999999
H2AJ,canis_lupus_familiaris,Canis lupus familiaris,ENSCAFG00000012984,pituitary gland,97.38,H2AJ:VGNC:83708,variant,96.83999999999999
H2AJ,canis_lupus_familiaris,Canis lupus familiaris,ENSCAFG00000012984,zone of skin,97.62,H2AJ:VGNC:83708,variant,95.03428571428572
H2AJ,canis_lupus_familiaris,Canis lupus familiaris,ENSCAFG00000012984,zone of skin,98.39,H2AJ:VGNC:83708,variant,95.03428571428572
H2AJ,canis_lupus_familiaris,Canis lupus familiaris,ENSCAFG00000012984,zone of skin,96.96,H2AJ:VGNC:83708,variant,95.03428571428572
H2AJ,canis_lupus_familiaris,Canis lupus familiaris,ENSCAFG00000012984,zone of skin,88.43,H2AJ:VGNC:83708,variant,95.03428571428572
H2AJ,canis_lupus_familiaris,Canis lupus familiaris,ENSCAFG00000012984,zone of skin,92.99,H2AJ:VGNC:83708,variant,95.03428571428572
H2AJ,canis_lupus_familiaris,Canis lupus familiaris,ENSCAFG00000012984,zone of skin,96.1,H2AJ:VGNC:83708,variant,95.03428571428572
H2AJ,canis_lupus_familiaris,Canis lupus familiaris,ENSCAFG00000012984,zone of skin,94.75,H2AJ:VGNC:83708,variant,95.03428571428572
H2AJ,canis_lupus_familiaris,Canis lupus familiaris,ENSCAFG00000012984,lymph node,63.76,H2AJ:VGNC:83708,variant,77.865
H2AJ,canis_lupus_familiaris,Canis lupus familiaris,ENSCAFG00000012984,lymph node,91.97,H2AJ:VGNC:83708,variant,77.865
H2AJ,canis_lupus_familiaris,Canis lupus familiaris,ENSCAFG00000012984,head,84.33,H2AJ:VGNC:83708,variant,80.30333333333334
H2AJ,canis_lupus_familiaris,Canis lupus familiaris,ENSCAFG00000012984,head,82.04,H2AJ:VGNC:83708,variant,80.30333333333334
H2AJ,canis_lupus_familiaris,Canis lupus familiaris,ENSCAFG00000012984,head,74.54,H2AJ:VGNC:83708,variant,80.30333333333334
H2AJ,canis_lupus_familiaris,Canis lupus familiaris,ENSCAFG00000012984,large intestine,97.9,H2AJ:VGNC:83708,variant,97.9
H2AJ,canis_lupus_familiaris,Canis lupus familiaris,ENSCAFG00000012984,adult mammalian kidney,93.5,H2AJ:VGNC:83708,variant,87.70666666666666
H2AJ,canis_lupus_familiaris,Canis lupus familiaris,ENSCAFG00000012984,adult mammalian kidney,89.04,H2AJ:VGNC:83708,variant,87.70666666666666
H2AJ,canis_lupus_familiaris,Canis lupus familiaris,ENSCAFG00000012984,adult mammalian kidney,80.58,H2AJ:VGNC:83708,variant,87.70666666666666
H2AJ,canis_lupus_familiaris,Canis lupus familiaris,ENSCAFG00000012984,blood,94.06,H2AJ:VGNC:83708,variant,94.06
H2AJ,canis_lupus_familiaris,Canis lupus familiaris,ENSCAFG00000012984,renal medulla,98.02,H2AJ:VGNC:83708,variant,98.02
H2AJ,canis_lupus_familiaris,Canis lupus familiaris,ENSCAFG00000012984,prefrontal cortex,79.72,H2AJ:VGNC:83708,variant,79.72
H2AJ,canis_lupus_familiaris,Canis lupus familiaris,ENSCAFG00000012984,testis,70.42,H2AJ:VGNC:83708,variant,61.29777777777778
H2AJ,canis_lupus_familiaris,Canis lupus familiaris,ENSCAFG00000012984,testis,65.78,H2AJ:VGNC:83708,variant,61.29777777777778
H2AJ,canis_lupus_familiaris,Canis lupus familiaris,ENSCAFG00000012984,testis,43.3,H2AJ:VGNC:83708,variant,61.29777777777778
H2AJ,canis_lupus_familiaris,Canis lupus familiaris,ENSCAFG00000012984,testis,60.48,H2AJ:VGNC:83708,variant,61.29777777777778
H2AJ,canis_lupus_familiaris,Canis lupus familiaris,ENSCAFG00000012984,testis,85.95,H2AJ:VGNC:83708,variant,61.29777777777778
H2AJ,canis_lupus_familiaris,Canis lupus familiaris,ENSCAFG00000012984,testis,50.01,H2AJ:VGNC:83708,variant,61.29777777777778
H2AJ,canis_lupus_familiaris,Canis lupus familiaris,ENSCAFG00000012984,testis,51.64,H2AJ:VGNC:83708,variant,61.29777777777778
H2AJ,canis_lupus_familiaris,Canis lupus familiaris,ENSCAFG00000012984,testis,63.59,H2AJ:VGNC:83708,variant,61.29777777777778
H2AJ,canis_lupus_familiaris,Canis lupus familiaris,ENSCAFG00000012984,testis,60.51,H2AJ:VGNC:83708,variant,61.29777777777778
H2AJ,canis_lupus_familiaris,Canis lupus familiaris,ENSCAFG00000012984,stomach,97.7,H2AJ:VGNC:83708,variant,95.35
H2AJ,canis_lupus_familiaris,Canis lupus familiaris,ENSCAFG00000012984,stomach,93.0,H2AJ:VGNC:83708,variant,95.35
H2AJ,canis_lupus_familiaris,Canis lupus familiaris,ENSCAFG00000012984,heart,80.61,H2AJ:VGNC:83708,variant,77.39666666666666
H2AJ,canis_lupus_familiaris,Canis lupus familiaris,ENSCAFG00000012984,heart,68.81,H2AJ:VGNC:83708,variant,77.39666666666666
H2AJ,canis_lupus_familiaris,Canis lupus familiaris,ENSCAFG00000012984,heart,82.77,H2AJ:VGNC:83708,variant,77.39666666666666
H2AJ,canis_lupus_familiaris,Canis lupus familiaris,ENSCAFG00000012984,brain,86.12,H2AJ:VGNC:83708,variant,83.375
H2AJ,canis_lupus_familiaris,Canis lupus familiaris,ENSCAFG00000012984,brain,80.63,H2AJ:VGNC:83708,variant,83.375
H2AJ,canis_lupus_familiaris,Canis lupus familiaris,ENSCAFG00000012984,cerebral cortex,83.89,H2AJ:VGNC:83708,variant,83.14500000000001
H2AJ,canis_lupus_familiaris,Canis lupus familiaris,ENSCAFG00000012984,cerebral cortex,82.4,H2AJ:VGNC:83708,variant,83.14500000000001
H2AJ,canis_lupus_familiaris,Canis lupus familiaris,ENSCAFG00000012984,retina,91.26,H2AJ:VGNC:83708,variant,91.26
H2AJ,canis_lupus_familiaris,Canis lupus familiaris,ENSCAFG00000012984,ovary,97.85,H2AJ:VGNC:83708,variant,97.85
H2AJ,canis_lupus_familiaris,Canis lupus familiaris,ENSCAFG00000012984,adipose tissue,76.97,H2AJ:VGNC:83708,variant,76.97
H2AJ,canis_lupus_familiaris,Canis lupus familiaris,ENSCAFG00000012984,saliva-secreting gland,98.5,H2AJ:VGNC:83708,variant,98.5
H2AJ,canis_lupus_familiaris,Canis lupus familiaris,ENSCAFG00000012984,skeletal muscle tissue,92.95,H2AJ:VGNC:83708,variant,91.89
H2AJ,canis_lupus_familiaris,Canis lupus familiaris,ENSCAFG00000012984,skeletal muscle tissue,90.83,H2AJ:VGNC:83708,variant,91.89
H2AJ,canis_lupus_familiaris,Canis lupus familiaris,ENSCAFG00000012984,smooth muscle tissue,95.08,H2AJ:VGNC:83708,variant,95.08
H2AJ,canis_lupus_familiaris,Canis lupus familiaris,ENSCAFG00000012984,colon,93.14,H2AJ:VGNC:83708,variant,92.155
H2AJ,canis_lupus_familiaris,Canis lupus familiaris,ENSCAFG00000012984,colon,91.17,H2AJ:VGNC:83708,variant,92.155
H2AJ,canis_lupus_familiaris,Canis lupus familiaris,ENSCAFG00000012984,adrenal cortex,96.99,H2AJ:VGNC:83708,variant,97.445
H2AJ,canis_lupus_familiaris,Canis lupus familiaris,ENSCAFG00000012984,adrenal cortex,97.9,H2AJ:VGNC:83708,variant,97.445
H2AJ,canis_lupus_familiaris,Canis lupus familiaris,ENSCAFG00000012984,urinary bladder,93.22,H2AJ:VGNC:83708,variant,93.22
H2AJ,canis_lupus_familiaris,Canis lupus familiaris,ENSCAFG00000012984,mucosa of urinary bladder,96.64,H2AJ:VGNC:83708,variant,95.92
H2AJ,canis_lupus_familiaris,Canis lupus familiaris,ENSCAFG00000012984,mucosa of urinary bladder,95.2,H2AJ:VGNC:83708,variant,95.92
H2AJ,canis_lupus_familiaris,Canis lupus familiaris,ENSCAFG00000012984,pancreas,93.59,H2AJ:VGNC:83708,variant,96.60000000000001
H2AJ,canis_lupus_familiaris,Canis lupus familiaris,ENSCAFG00000012984,pancreas,98.19,H2AJ:VGNC:83708,variant,96.60000000000001
H2AJ,canis_lupus_familiaris,Canis lupus familiaris,ENSCAFG00000012984,pancreas,98.02,H2AJ:VGNC:83708,variant,96.60000000000001
H2AJ,canis_lupus_familiaris,Canis lupus familiaris,ENSCAFG00000012984,tongue,93.18,H2AJ:VGNC:83708,variant,93.18
H2AJ,canis_lupus_familiaris,Canis lupus familiaris,ENSCAFG00000012984,frontal cortex,85.73,H2AJ:VGNC:83708,variant,87.94333333333334
H2AJ,canis_lupus_familiaris,Canis lupus familiaris,ENSCAFG00000012984,frontal cortex,94.62,H2AJ:VGNC:83708,variant,87.94333333333334
H2AJ,canis_lupus_familiaris,Canis lupus familiaris,ENSCAFG00000012984,frontal cortex,83.48,H2AJ:VGNC:83708,variant,87.94333333333334
H2AJ,canis_lupus_familiaris,Canis lupus familiaris,ENSCAFG00000012984,temporal lobe,96.79,H2AJ:VGNC:83708,variant,96.79
H2AJ,canis_lupus_familiaris,Canis lupus familiaris,ENSCAFG00000012984,hypothalamus,82.79,H2AJ:VGNC:83708,variant,82.79
H2AJ,canis_lupus_familiaris,Canis lupus familiaris,ENSCAFG00000012984,mammary gland,97.89,H2AJ:VGNC:83708,variant,97.43
H2AJ,canis_lupus_familiaris,Canis lupus familiaris,ENSCAFG00000012984,mammary gland,96.97,H2AJ:VGNC:83708,variant,97.43
H2AJ,canis_lupus_familiaris,Canis lupus familiaris,ENSCAFG00000012984,placenta,96.01,H2AJ:VGNC:83708,variant,96.01
H2AJ,canis_lupus_familiaris,Canis lupus familiaris,ENSCAFG00000012984,occipital lobe,97.73,H2AJ:VGNC:83708,variant,97.73
H2AJ,canis_lupus_familiaris,Canis lupus familiaris,ENSCAFG00000012984,cerebellum,91.06,H2AJ:VGNC:83708,variant,79.1825
H2AJ,canis_lupus_familiaris,Canis lupus familiaris,ENSCAFG00000012984,cerebellum,70.16,H2AJ:VGNC:83708,variant,79.1825
H2AJ,canis_lupus_familiaris,Canis lupus familiaris,ENSCAFG00000012984,cerebellum,78.08,H2AJ:VGNC:83708,variant,79.1825
H2AJ,canis_lupus_familiaris,Canis lupus familiaris,ENSCAFG00000012984,cerebellum,77.43,H2AJ:VGNC:83708,variant,79.1825
H2AJ,canis_lupus_familiaris,Canis lupus familiaris,ENSCAFG00000012984,thyroid gland,98.8,H2AJ:VGNC:83708,variant,98.8
H2AJ,canis_lupus_familiaris,Canis lupus familiaris,ENSCAFG00000012984,lung,90.62,H2AJ:VGNC:83708,variant,89.69
H2AJ,canis_lupus_familiaris,Canis lupus familiaris,ENSCAFG00000012984,lung,87.78,H2AJ:VGNC:83708,variant,89.69
H2AJ,canis_lupus_familiaris,Canis lupus familiaris,ENSCAFG00000012984,lung,87.15,H2AJ:VGNC:83708,variant,89.69
H2AJ,canis_lupus_familiaris,Canis lupus familiaris,ENSCAFG00000012984,lung,93.21,H2AJ:VGNC:83708,variant,89.69
H2AJ,canis_lupus_familiaris,Canis lupus familiaris,ENSCAFG00000012984,hair follicle,96.82,H2AJ:VGNC:83708,variant,96.82
H2AJ,canis_lupus_familiaris,Canis lupus familiaris,ENSCAFG00000012984,right cardiac atrium,85.22,H2AJ:VGNC:83708,variant,85.22
H2AJ,canis_lupus_familiaris,Canis lupus familiaris,ENSCAFG00000012984,left cardiac atrium,83.74,H2AJ:VGNC:83708,variant,83.74
H2AJ,canis_lupus_familiaris,Canis lupus familiaris,ENSCAFG00000012984,heart right ventricle,88.72,H2AJ:VGNC:83708,variant,88.72
H2AJ,canis_lupus_familiaris,Canis lupus familiaris,ENSCAFG00000012984,heart left ventricle,72.21,H2AJ:VGNC:83708,variant,81.50999999999999
H2AJ,canis_lupus_familiaris,Canis lupus familiaris,ENSCAFG00000012984,heart left ventricle,90.61,H2AJ:VGNC:83708,variant,81.50999999999999
H2AJ,canis_lupus_familiaris,Canis lupus familiaris,ENSCAFG00000012984,heart left ventricle,81.71,H2AJ:VGNC:83708,variant,81.50999999999999
H2AJ,canis_lupus_familiaris,Canis lupus familiaris,ENSCAFG00000012984,spleen,81.71,H2AJ:VGNC:83708,variant,90.49333333333334
H2AJ,canis_lupus_familiaris,Canis lupus familiaris,ENSCAFG00000012984,spleen,94.64,H2AJ:VGNC:83708,variant,90.49333333333334
H2AJ,canis_lupus_familiaris,Canis lupus familiaris,ENSCAFG00000012984,spleen,95.13,H2AJ:VGNC:83708,variant,90.49333333333334
H2AJ,canis_lupus_familiaris,Canis lupus familiaris,ENSCAFG00000012984,liver,92.41,H2AJ:VGNC:83708,variant,92.74714285714286
H2AJ,canis_lupus_familiaris,Canis lupus familiaris,ENSCAFG00000012984,liver,90.59,H2AJ:VGNC:83708,variant,92.74714285714286
H2AJ,canis_lupus_familiaris,Canis lupus familiaris,ENSCAFG00000012984,liver,89.85,H2AJ:VGNC:83708,variant,92.74714285714286
H2AJ,canis_lupus_familiaris,Canis lupus familiaris,ENSCAFG00000012984,liver,90.68,H2AJ:VGNC:83708,variant,92.74714285714286
H2AJ,canis_lupus_familiaris,Canis lupus familiaris,ENSCAFG00000012984,liver,97.64,H2AJ:VGNC:83708,variant,92.74714285714286
H2AJ,canis_lupus_familiaris,Canis lupus familiaris,ENSCAFG00000012984,liver,97.28,H2AJ:VGNC:83708,variant,92.74714285714286
H2AJ,canis_lupus_familiaris,Canis lupus familiaris,ENSCAFG00000012984,liver,90.78,H2AJ:VGNC:83708,variant,92.74714285714286
H2AJ,canis_lupus_familiaris,Canis lupus familiaris,ENSCAFG00000012984,small intestine,96.66,H2AJ:VGNC:83708,variant,95.3
H2AJ,canis_lupus_familiaris,Canis lupus familiaris,ENSCAFG00000012984,small intestine,93.94,H2AJ:VGNC:83708,variant,95.3
H2AJ,canis_lupus_familiaris,Canis lupus familiaris,ENSCAFG00000012984,kidney,91.58,H2AJ:VGNC:83708,variant,91.58
H2AJ,canis_lupus_familiaris,Canis lupus familiaris,ENSCAFG00000012984,jejunum,95.75,H2AJ:VGNC:83708,variant,95.75
H2AJ,canis_lupus_familiaris,Canis lupus familiaris,ENSCAFG00000012984,mitral valve,91.11,H2AJ:VGNC:83708,variant,87.66499999999999
H2AJ,canis_lupus_familiaris,Canis lupus familiaris,ENSCAFG00000012984,mitral valve,84.22,H2AJ:VGNC:83708,variant,87.66499999999999
H2AJ,canis_lupus_familiaris,Canis lupus familiaris,ENSCAFG00000012984,spinal cord,88.44,H2AJ:VGNC:83708,variant,88.44
H2AJ,canis_lupus_familiaris,Canis lupus familiaris,ENSCAFG00000012984,olfactory bulb,87.44,H2AJ:VGNC:83708,variant,87.44
H2AJ,canis_lupus_familiaris,Canis lupus familiaris,ENSCAFG00000012984,adrenal gland,96.4,H2AJ:VGNC:83708,variant,97.6
H2AJ,canis_lupus_familiaris,Canis lupus familiaris,ENSCAFG00000012984,adrenal gland,98.8,H2AJ:VGNC:83708,variant,97.6
H2AJ,canis_lupus_familiaris,Canis lupus familiaris,ENSCAFG00000012984,thymus,94.4,H2AJ:VGNC:83708,variant,94.4
H2AJ,canis_lupus_familiaris,Canis lupus familiaris,ENSCAFG00000012984,bone marrow,94.41,H2AJ:VGNC:83708,variant,94.41
H2AJ,canis_lupus_familiaris,Canis lupus familiaris,ENSCAFG00000012984,cartilage tissue,95.44,H2AJ:VGNC:83708,variant,95.44
H2AJ,canis_lupus_familiaris,Canis lupus familiaris,ENSCAFG00000012984,cardiac muscle of left ventricle,52.46,H2AJ:VGNC:83708,variant,52.46
H2AJ,canis_lupus_familiaris,Canis lupus familiaris,ENSCAFG00000012984,metanephros cortex,96.89,H2AJ:VGNC:83708,variant,96.89
H2AJ,canis_lupus_familiaris,Canis lupus familiaris,ENSCAFG00000012984,occipital cortex,85.06,H2AJ:VGNC:83708,variant,85.06
H2AJ,equus_caballus,Equus caballus,ENSECAG00000034818,leukocyte,92.44,H2AJ:VGNC:83803,variant,92.44
H2AJ,equus_caballus,Equus caballus,ENSECAG00000034818,zone of skin,96.68,H2AJ:VGNC:83803,variant,96.92
H2AJ,equus_caballus,Equus caballus,ENSECAG00000034818,zone of skin,97.16,H2AJ:VGNC:83803,variant,96.92
H2AJ,equus_caballus,Equus caballus,ENSECAG00000034818,adult mammalian kidney,92.75,H2AJ:VGNC:83803,variant,92.75
H2AJ,equus_caballus,Equus caballus,ENSECAG00000034818,inner cell mass,61.04,H2AJ:VGNC:83803,variant,61.965
H2AJ,equus_caballus,Equus caballus,ENSECAG00000034818,inner cell mass,62.89,H2AJ:VGNC:83803,variant,61.965
H2AJ,equus_caballus,Equus caballus,ENSECAG00000034818,trophoblast,91.42,H2AJ:VGNC:83803,variant,93.24666666666667
H2AJ,equus_caballus,Equus caballus,ENSECAG00000034818,trophoblast,90.98,H2AJ:VGNC:83803,variant,93.24666666666667
H2AJ,equus_caballus,Equus caballus,ENSECAG00000034818,trophoblast,97.34,H2AJ:VGNC:83803,variant,93.24666666666667
H2AJ,equus_caballus,Equus caballus,ENSECAG00000034818,blood,83.92,H2AJ:VGNC:83803,variant,89.42333333333333
H2AJ,equus_caballus,Equus caballus,ENSECAG00000034818,blood,89.31,H2AJ:VGNC:83803,variant,89.42333333333333
H2AJ,equus_caballus,Equus caballus,ENSECAG00000034818,blood,91.36,H2AJ:VGNC:83803,variant,89.42333333333333
H2AJ,equus_caballus,Equus caballus,ENSECAG00000034818,blood,91.41,H2AJ:VGNC:83803,variant,89.42333333333333
H2AJ,equus_caballus,Equus caballus,ENSECAG00000034818,blood,91.06,H2AJ:VGNC:83803,variant,89.42333333333333
H2AJ,equus_caballus,Equus caballus,ENSECAG00000034818,blood,89.48,H2AJ:VGNC:83803,variant,89.42333333333333
H2AJ,equus_caballus,Equus caballus,ENSECAG00000034818,prefrontal cortex,72.45,H2AJ:VGNC:83803,variant,72.45
H2AJ,equus_caballus,Equus caballus,ENSECAG00000034818,multicellular organism,89.16,H2AJ:VGNC:83803,variant,89.16
H2AJ,equus_caballus,Equus caballus,ENSECAG00000034818,testis,96.35,H2AJ:VGNC:83803,variant,96.3275
H2AJ,equus_caballus,Equus caballus,ENSECAG00000034818,testis,93.13,H2AJ:VGNC:83803,variant,96.3275
H2AJ,equus_caballus,Equus caballus,ENSECAG00000034818,testis,98.4,H2AJ:VGNC:83803,variant,96.3275
H2AJ,equus_caballus,Equus caballus,ENSECAG00000034818,testis,97.43,H2AJ:VGNC:83803,variant,96.3275
H2AJ,equus_caballus,Equus caballus,ENSECAG00000034818,embryo,77.18,H2AJ:VGNC:83803,variant,77.18
H2AJ,equus_caballus,Equus caballus,ENSECAG00000034818,retina,94.43,H2AJ:VGNC:83803,variant,94.43
H2AJ,equus_caballus,Equus caballus,ENSECAG00000034818,endometrium,96.57,H2AJ:VGNC:83803,variant,96.57
H2AJ,equus_caballus,Equus caballus,ENSECAG00000034818,gluteus medius,68.24,H2AJ:VGNC:83803,variant,71.16
H2AJ,equus_caballus,Equus caballus,ENSECAG00000034818,gluteus medius,79.41,H2AJ:VGNC:83803,variant,71.16
H2AJ,equus_caballus,Equus caballus,ENSECAG00000034818,gluteus medius,68.97,H2AJ:VGNC:83803,variant,71.16
H2AJ,equus_caballus,Equus caballus,ENSECAG00000034818,gluteus medius,68.02,H2AJ:VGNC:83803,variant,71.16
H2AJ,equus_caballus,Equus caballus,ENSECAG00000034818,triceps brachii,83.2,H2AJ:VGNC:83803,variant,81.36500000000001
H2AJ,equus_caballus,Equus caballus,ENSECAG00000034818,triceps brachii,79.53,H2AJ:VGNC:83803,variant,81.36500000000001
H2AJ,equus_caballus,Equus caballus,ENSECAG00000034818,synovial membrane of synovial joint,96.03,H2AJ:VGNC:83803,variant,96.03
H2AJ,equus_caballus,Equus caballus,ENSECAG00000034818,epithelium of bronchus,98.15,H2AJ:VGNC:83803,variant,98.22
H2AJ,equus_caballus,Equus caballus,ENSECAG00000034818,epithelium of bronchus,98.29,H2AJ:VGNC:83803,variant,98.22
H2AJ,equus_caballus,Equus caballus,ENSECAG00000034818,cerebellum,73.93,H2AJ:VGNC:83803,variant,87.28200000000001
H2AJ,equus_caballus,Equus caballus,ENSECAG00000034818,cerebellum,93.73,H2AJ:VGNC:83803,variant,87.28200000000001
H2AJ,equus_caballus,Equus caballus,ENSECAG00000034818,cerebellum,81.75,H2AJ:VGNC:83803,variant,87.28200000000001
H2AJ,equus_caballus,Equus caballus,ENSECAG00000034818,cerebellum,93.88,H2AJ:VGNC:83803,variant,87.28200000000001
H2AJ,equus_caballus,Equus caballus,ENSECAG00000034818,cerebellum,93.12,H2AJ:VGNC:83803,variant,87.28200000000001
H2AJ,equus_caballus,Equus caballus,ENSECAG00000034818,liver,72.72,H2AJ:VGNC:83803,variant,72.72
H2AJ,equus_caballus,Equus caballus,ENSECAG00000034818,spinal cord,82.95,H2AJ:VGNC:83803,variant,81.0325
H2AJ,equus_caballus,Equus caballus,ENSECAG00000034818,spinal cord,85.03,H2AJ:VGNC:83803,variant,81.0325
H2AJ,equus_caballus,Equus caballus,ENSECAG00000034818,spinal cord,72.92,H2AJ:VGNC:83803,variant,81.0325
H2AJ,equus_caballus,Equus caballus,ENSECAG00000034818,spinal cord,79.24,H2AJ:VGNC:83803,variant,81.0325
H2AJ,equus_caballus,Equus caballus,ENSECAG00000034818,spinal cord,86.81,H2AJ:VGNC:83803,variant,81.0325
H2AJ,equus_caballus,Equus caballus,ENSECAG00000034818,spinal cord,81.11,H2AJ:VGNC:83803,variant,81.0325
H2AJ,equus_caballus,Equus caballus,ENSECAG00000034818,spinal cord,76.78,H2AJ:VGNC:83803,variant,81.0325
H2AJ,equus_caballus,Equus caballus,ENSECAG00000034818,spinal cord,83.42,H2AJ:VGNC:83803,variant,81.0325
H2AJ,equus_caballus,Equus caballus,ENSECAG00000034818,brainstem,63.07,H2AJ:VGNC:83803,variant,64.51
H2AJ,equus_caballus,Equus caballus,ENSECAG00000034818,brainstem,65.95,H2AJ:VGNC:83803,variant,64.51
H2AJ,equus_caballus,Equus caballus,ENSECAG00000034818,bone marrow,95.66,H2AJ:VGNC:83803,variant,95.66
H2AJ,equus_caballus,Equus caballus,ENSECAG00000034818,muscle tissue,75.57,H2AJ:VGNC:83803,variant,73.796
H2AJ,equus_caballus,Equus caballus,ENSECAG00000034818,muscle tissue,73.98,H2AJ:VGNC:83803,variant,73.796
H2AJ,equus_caballus,Equus caballus,ENSECAG00000034818,muscle tissue,79.2,H2AJ:VGNC:83803,variant,73.796
H2AJ,equus_caballus,Equus caballus,ENSECAG00000034818,muscle tissue,72.34,H2AJ:VGNC:83803,variant,73.796
H2AJ,equus_caballus,Equus caballus,ENSECAG00000034818,muscle tissue,67.89,H2AJ:VGNC:83803,variant,73.796
H2AJ,equus_caballus,Equus caballus,ENSECAG00000034818,trophectoderm,55.35,H2AJ:VGNC:83803,variant,55.35
H2AJ,equus_caballus,Equus caballus,ENSECAG00000034818,oviduct epithelium,95.77,H2AJ:VGNC:83803,variant,95.77
H2AJ,equus_caballus,Equus caballus,ENSECAG00000034818,chorionic villus,97.26,H2AJ:VGNC:83803,variant,97.26
H2AJ,equus_caballus,Equus caballus,ENSECAG00000034818,articular cartilage of joint,88.98,H2AJ:VGNC:83803,variant,88.98
H2AJ,felis_catus,Felis catus,ENSFCAG00000031712,zone of skin,96.72,H2AJ:VGNC:84028,variant,96.72
H2AJ,felis_catus,Felis catus,ENSFCAG00000031712,adult mammalian kidney,94.46,H2AJ:VGNC:84028,variant,93.47
H2AJ,felis_catus,Felis catus,ENSFCAG00000031712,adult mammalian kidney,92.48,H2AJ:VGNC:84028,variant,93.47
H2AJ,felis_catus,Felis catus,ENSFCAG00000031712,prefrontal cortex,65.65,H2AJ:VGNC:84028,variant,65.65
H2AJ,felis_catus,Felis catus,ENSFCAG00000031712,testis,51.95,H2AJ:VGNC:84028,variant,57.99
H2AJ,felis_catus,Felis catus,ENSFCAG00000031712,testis,56.88,H2AJ:VGNC:84028,variant,57.99
H2AJ,felis_catus,Felis catus,ENSFCAG00000031712,testis,65.14,H2AJ:VGNC:84028,variant,57.99
H2AJ,felis_catus,Felis catus,ENSFCAG00000031712,embryo,82.4,H2AJ:VGNC:84028,variant,82.4
H2AJ,felis_catus,Felis catus,ENSFCAG00000031712,brain,57.61,H2AJ:VGNC:84028,variant,57.61
H2AJ,felis_catus,Felis catus,ENSFCAG00000031712,uterus,87.23,H2AJ:VGNC:84028,variant,87.23
H2AJ,felis_catus,Felis catus,ENSFCAG00000031712,spleen,93.0,H2AJ:VGNC:84028,variant,93.0
H2AJ,felis_catus,Felis catus,ENSFCAG00000031712,liver,70.93,H2AJ:VGNC:84028,variant,78.885
H2AJ,felis_catus,Felis catus,ENSFCAG00000031712,liver,86.84,H2AJ:VGNC:84028,variant,78.885
H2AJ,felis_catus,Felis catus,ENSFCAG00000031712,embryonic head,71.72,H2AJ:VGNC:84028,variant,71.72
H2AJ,felis_catus,Felis catus,ENSFCAG00000031712,eyeball of camera-type eye,88.82,H2AJ:VGNC:84028,variant,88.82
H2AJ,felis_catus,Felis catus,ENSFCAG00000031712,tip of external ear,98.29,H2AJ:VGNC:84028,variant,98.29
H2AJ,human,Homo sapiens,ENSG00000246705,sperm,97.97,H2AJ:HGNC:14456,variant,97.97
H2AJ,human,Homo sapiens,ENSG00000246705,male germ line stem cell (sensu Vertebrata) in testis,82.78,H2AJ:HGNC:14456,variant,82.78
H2AJ,human,Homo sapiens,ENSG00000246705,granulocyte,92.98,H2AJ:HGNC:14456,variant,92.98
H2AJ,human,Homo sapiens,ENSG00000246705,endothelial cell,82.88,H2AJ:HGNC:14456,variant,82.88
H2AJ,human,Homo sapiens,ENSG00000246705,monocyte,96.6,H2AJ:HGNC:14456,variant,96.6
H2AJ,human,Homo sapiens,ENSG00000246705,primordial germ cell in gonad,88.94,H2AJ:HGNC:14456,variant,88.94
H2AJ,human,Homo sapiens,ENSG00000246705,leukocyte,90.0,H2AJ:HGNC:14456,variant,90.0
H2AJ,human,Homo sapiens,ENSG00000246705,bone marrow cell,76.3,H2AJ:HGNC:14456,variant,76.3
H2AJ,human,Homo sapiens,ENSG00000246705,stromal cell of endometrium,91.7,H2AJ:HGNC:14456,variant,91.7
H2AJ,human,Homo sapiens,ENSG00000246705,bronchial epithelial cell,97.62,H2AJ:HGNC:14456,variant,97.44761904761906
H2AJ,human,Homo sapiens,ENSG00000246705,bronchial epithelial cell,97.45,H2AJ:HGNC:14456,variant,97.44761904761906
H2AJ,human,Homo sapiens,ENSG00000246705,bronchial epithelial cell,97.45,H2AJ:HGNC:14456,variant,97.44761904761906
H2AJ,human,Homo sapiens,ENSG00000246705,bronchial epithelial cell,97.33,H2AJ:HGNC:14456,variant,97.44761904761906
H2AJ,human,Homo sapiens,ENSG00000246705,bronchial epithelial cell,98.53,H2AJ:HGNC:14456,variant,97.44761904761906
H2AJ,human,Homo sapiens,ENSG00000246705,bronchial epithelial cell,94.07,H2AJ:HGNC:14456,variant,97.44761904761906
H2AJ,human,Homo sapiens,ENSG00000246705,bronchial epithelial cell,98.18,H2AJ:HGNC:14456,variant,97.44761904761906
H2AJ,human,Homo sapiens,ENSG00000246705,bronchial epithelial cell,97.61,H2AJ:HGNC:14456,variant,97.44761904761906
H2AJ,human,Homo sapiens,ENSG00000246705,bronchial epithelial cell,97.99,H2AJ:HGNC:14456,variant,97.44761904761906
H2AJ,human,Homo sapiens,ENSG00000246705,bronchial epithelial cell,97.47,H2AJ:HGNC:14456,variant,97.44761904761906
H2AJ,human,Homo sapiens,ENSG00000246705,bronchial epithelial cell,97.85,H2AJ:HGNC:14456,variant,97.44761904761906
H2AJ,human,Homo sapiens,ENSG00000246705,bronchial epithelial cell,97.96,H2AJ:HGNC:14456,variant,97.44761904761906
H2AJ,human,Homo sapiens,ENSG00000246705,bronchial epithelial cell,98.0,H2AJ:HGNC:14456,variant,97.44761904761906
H2AJ,human,Homo sapiens,ENSG00000246705,bronchial epithelial cell,97.64,H2AJ:HGNC:14456,variant,97.44761904761906
H2AJ,human,Homo sapiens,ENSG00000246705,bronchial epithelial cell,97.1,H2AJ:HGNC:14456,variant,97.44761904761906
H2AJ,human,Homo sapiens,ENSG00000246705,bronchial epithelial cell,97.75,H2AJ:HGNC:14456,variant,97.44761904761906
H2AJ,human,Homo sapiens,ENSG00000246705,bronchial epithelial cell,96.97,H2AJ:HGNC:14456,variant,97.44761904761906
H2AJ,human,Homo sapiens,ENSG00000246705,bronchial epithelial cell,96.55,H2AJ:HGNC:14456,variant,97.44761904761906
H2AJ,human,Homo sapiens,ENSG00000246705,bronchial epithelial cell,96.88,H2AJ:HGNC:14456,variant,97.44761904761906
H2AJ,human,Homo sapiens,ENSG00000246705,bronchial epithelial cell,98.45,H2AJ:HGNC:14456,variant,97.44761904761906
H2AJ,human,Homo sapiens,ENSG00000246705,bronchial epithelial cell,97.55,H2AJ:HGNC:14456,variant,97.44761904761906
H2AJ,human,Homo sapiens,ENSG00000246705,buccal mucosa cell,91.6,H2AJ:HGNC:14456,variant,91.6
H2AJ,human,Homo sapiens,ENSG00000246705,uterine cervix,91.12,H2AJ:HGNC:14456,variant,85.044
H2AJ,human,Homo sapiens,ENSG00000246705,uterine cervix,85.57,H2AJ:HGNC:14456,variant,85.044
H2AJ,human,Homo sapiens,ENSG00000246705,uterine cervix,86.27,H2AJ:HGNC:14456,variant,85.044
H2AJ,human,Homo sapiens,ENSG00000246705,uterine cervix,78.6,H2AJ:HGNC:14456,variant,85.044
H2AJ,human,Homo sapiens,ENSG00000246705,uterine cervix,83.66,H2AJ:HGNC:14456,variant,85.044
H2AJ,human,Homo sapiens,ENSG00000246705,islet of Langerhans,87.71,H2AJ:HGNC:14456,variant,83.24083333333333
H2AJ,human,Homo sapiens,ENSG00000246705,islet of Langerhans,70.71,H2AJ:HGNC:14456,variant,83.24083333333333
H2AJ,human,Homo sapiens,ENSG00000246705,islet of Langerhans,87.56,H2AJ:HGNC:14456,variant,83.24083333333333
H2AJ,human,Homo sapiens,ENSG00000246705,islet of Langerhans,70.58,H2AJ:HGNC:14456,variant,83.24083333333333
H2AJ,human,Homo sapiens,ENSG00000246705,islet of Langerhans,87.77,H2AJ:HGNC:14456,variant,83.24083333333333
H2AJ,human,Homo sapiens,ENSG00000246705,islet of Langerhans,79.5,H2AJ:HGNC:14456,variant,83.24083333333333
H2AJ,human,Homo sapiens,ENSG00000246705,islet of Langerhans,84.59,H2AJ:HGNC:14456,variant,83.24083333333333
H2AJ,human,Homo sapiens,ENSG00000246705,islet of Langerhans,85.77,H2AJ:HGNC:14456,variant,83.24083333333333
H2AJ,human,Homo sapiens,ENSG00000246705,islet of Langerhans,83.37,H2AJ:HGNC:14456,variant,83.24083333333333
H2AJ,human,Homo sapiens,ENSG00000246705,islet of Langerhans,85.63,H2AJ:HGNC:14456,variant,83.24083333333333
H2AJ,human,Homo sapiens,ENSG00000246705,islet of Langerhans,88.37,H2AJ:HGNC:14456,variant,83.24083333333333
H2AJ,human,Homo sapiens,ENSG00000246705,islet of Langerhans,87.33,H2AJ:HGNC:14456,variant,83.24083333333333
H2AJ,human,Homo sapiens,ENSG00000246705,pituitary gland,83.35,H2AJ:HGNC:14456,variant,88.48461538461538
H2AJ,human,Homo sapiens,ENSG00000246705,pituitary gland,89.69,H2AJ:HGNC:14456,variant,88.48461538461538
H2AJ,human,Homo sapiens,ENSG00000246705,pituitary gland,83.36,H2AJ:HGNC:14456,variant,88.48461538461538
H2AJ,human,Homo sapiens,ENSG00000246705,pituitary gland,89.06,H2AJ:HGNC:14456,variant,88.48461538461538
H2AJ,human,Homo sapiens,ENSG00000246705,pituitary gland,87.64,H2AJ:HGNC:14456,variant,88.48461538461538
H2AJ,human,Homo sapiens,ENSG00000246705,pituitary gland,89.51,H2AJ:HGNC:14456,variant,88.48461538461538
H2AJ,human,Homo sapiens,ENSG00000246705,pituitary gland,87.94,H2AJ:HGNC:14456,variant,88.48461538461538
H2AJ,human,Homo sapiens,ENSG00000246705,pituitary gland,89.5,H2AJ:HGNC:14456,variant,88.48461538461538
H2AJ,human,Homo sapiens,ENSG00000246705,pituitary gland,91.77,H2AJ:HGNC:14456,variant,88.48461538461538
H2AJ,human,Homo sapiens,ENSG00000246705,pituitary gland,90.33,H2AJ:HGNC:14456,variant,88.48461538461538
H2AJ,human,Homo sapiens,ENSG00000246705,pituitary gland,90.42,H2AJ:HGNC:14456,variant,88.48461538461538
H2AJ,human,Homo sapiens,ENSG00000246705,pituitary gland,88.25,H2AJ:HGNC:14456,variant,88.48461538461538
H2AJ,human,Homo sapiens,ENSG00000246705,pituitary gland,89.48,H2AJ:HGNC:14456,variant,88.48461538461538
H2AJ,human,Homo sapiens,ENSG00000246705,zone of skin,69.02,H2AJ:HGNC:14456,variant,85.81428571428572
H2AJ,human,Homo sapiens,ENSG00000246705,zone of skin,67.72,H2AJ:HGNC:14456,variant,85.81428571428572
H2AJ,human,Homo sapiens,ENSG00000246705,zone of skin,74.85,H2AJ:HGNC:14456,variant,85.81428571428572
H2AJ,human,Homo sapiens,ENSG00000246705,zone of skin,75.78,H2AJ:HGNC:14456,variant,85.81428571428572
H2AJ,human,Homo sapiens,ENSG00000246705,zone of skin,98.15,H2AJ:HGNC:14456,variant,85.81428571428572
H2AJ,human,Homo sapiens,ENSG00000246705,zone of skin,66.92,H2AJ:HGNC:14456,variant,85.81428571428572
H2AJ,human,Homo sapiens,ENSG00000246705,zone of skin,96.86,H2AJ:HGNC:14456,variant,85.81428571428572
H2AJ,human,Homo sapiens,ENSG00000246705,zone of skin,97.02,H2AJ:HGNC:14456,variant,85.81428571428572
H2AJ,human,Homo sapiens,ENSG00000246705,zone of skin,97.79,H2AJ:HGNC:14456,variant,85.81428571428572
H2AJ,human,Homo sapiens,ENSG00000246705,zone of skin,97.53,H2AJ:HGNC:14456,variant,85.81428571428572
H2AJ,human,Homo sapiens,ENSG00000246705,zone of skin,97.81,H2AJ:HGNC:14456,variant,85.81428571428572
H2AJ,human,Homo sapiens,ENSG00000246705,zone of skin,97.62,H2AJ:HGNC:14456,variant,85.81428571428572
H2AJ,human,Homo sapiens,ENSG00000246705,zone of skin,97.64,H2AJ:HGNC:14456,variant,85.81428571428572
H2AJ,human,Homo sapiens,ENSG00000246705,zone of skin,66.69,H2AJ:HGNC:14456,variant,85.81428571428572
H2AJ,human,Homo sapiens,ENSG00000246705,lymph node,95.51,H2AJ:HGNC:14456,variant,92.42166666666667
H2AJ,human,Homo sapiens,ENSG00000246705,lymph node,93.27,H2AJ:HGNC:14456,variant,92.42166666666667
H2AJ,human,Homo sapiens,ENSG00000246705,lymph node,95.98,H2AJ:HGNC:14456,variant,92.42166666666667
H2AJ,human,Homo sapiens,ENSG00000246705,lymph node,95.14,H2AJ:HGNC:14456,variant,92.42166666666667
H2AJ,human,Homo sapiens,ENSG00000246705,lymph node,85.22,H2AJ:HGNC:14456,variant,92.42166666666667
H2AJ,human,Homo sapiens,ENSG00000246705,lymph node,89.41,H2AJ:HGNC:14456,variant,92.42166666666667
H2AJ,human,Homo sapiens,ENSG00000246705,tendon,95.37,H2AJ:HGNC:14456,variant,93.696
H2AJ,human,Homo sapiens,ENSG00000246705,tendon,95.64,H2AJ:HGNC:14456,variant,93.696
H2AJ,human,Homo sapiens,ENSG00000246705,tendon,93.61,H2AJ:HGNC:14456,variant,93.696
H2AJ,human,Homo sapiens,ENSG00000246705,tendon,90.86,H2AJ:HGNC:14456,variant,93.696
H2AJ,human,Homo sapiens,ENSG00000246705,tendon,93.0,H2AJ:HGNC:14456,variant,93.696
H2AJ,human,Homo sapiens,ENSG00000246705,dorsal root ganglion,89.9,H2AJ:HGNC:14456,variant,92.435
H2AJ,human,Homo sapiens,ENSG00000246705,dorsal root ganglion,93.06,H2AJ:HGNC:14456,variant,92.435
H2AJ,human,Homo sapiens,ENSG00000246705,dorsal root ganglion,90.02,H2AJ:HGNC:14456,variant,92.435
H2AJ,human,Homo sapiens,ENSG00000246705,dorsal root ganglion,92.39,H2AJ:HGNC:14456,variant,92.435
H2AJ,human,Homo sapiens,ENSG00000246705,dorsal root ganglion,93.35,H2AJ:HGNC:14456,variant,92.435
H2AJ,human,Homo sapiens,ENSG00000246705,dorsal root ganglion,95.89,H2AJ:HGNC:14456,variant,92.435
H2AJ,human,Homo sapiens,ENSG00000246705,urethra,96.03,H2AJ:HGNC:14456,variant,95.79333333333334
H2AJ,human,Homo sapiens,ENSG00000246705,urethra,95.91,H2AJ:HGNC:14456,variant,95.79333333333334
H2AJ,human,Homo sapiens,ENSG00000246705,urethra,95.44,H2AJ:HGNC:14456,variant,95.79333333333334
H2AJ,human,Homo sapiens,ENSG00000246705,large intestine,96.16,H2AJ:HGNC:14456,variant,95.97
H2AJ,human,Homo sapiens,ENSG00000246705,large intestine,95.78,H2AJ:HGNC:14456,variant,95.97
H2AJ,human,Homo sapiens,ENSG00000246705,metanephros,69.7,H2AJ:HGNC:14456,variant,85.2675
H2AJ,human,Homo sapiens,ENSG00000246705,metanephros,82.95,H2AJ:HGNC:14456,variant,85.2675
H2AJ,human,Homo sapiens,ENSG00000246705,metanephros,97.48,H2AJ:HGNC:14456,variant,85.2675
H2AJ,human,Homo sapiens,ENSG00000246705,metanephros,90.94,H2AJ:HGNC:14456,variant,85.2675
H2AJ,human,Homo sapiens,ENSG00000246705,adult mammalian kidney,97.46,H2AJ:HGNC:14456,variant,93.00166666666667
H2AJ,human,Homo sapiens,ENSG00000246705,adult mammalian kidney,91.05,H2AJ:HGNC:14456,variant,93.00166666666667
H2AJ,human,Homo sapiens,ENSG00000246705,adult mammalian kidney,96.64,H2AJ:HGNC:14456,variant,93.00166666666667
H2AJ,human,Homo sapiens,ENSG00000246705,adult mammalian kidney,95.42,H2AJ:HGNC:14456,variant,93.00166666666667
H2AJ,human,Homo sapiens,ENSG00000246705,adult mammalian kidney,97.06,H2AJ:HGNC:14456,variant,93.00166666666667
H2AJ,human,Homo sapiens,ENSG00000246705,adult mammalian kidney,88.4,H2AJ:HGNC:14456,variant,93.00166666666667
H2AJ,human,Homo sapiens,ENSG00000246705,adult mammalian kidney,94.95,H2AJ:HGNC:14456,variant,93.00166666666667
H2AJ,human,Homo sapiens,ENSG00000246705,adult mammalian kidney,95.76,H2AJ:HGNC:14456,variant,93.00166666666667
H2AJ,human,Homo sapiens,ENSG00000246705,adult mammalian kidney,95.11,H2AJ:HGNC:14456,variant,93.00166666666667
H2AJ,human,Homo sapiens,ENSG00000246705,adult mammalian kidney,80.99,H2AJ:HGNC:14456,variant,93.00166666666667
H2AJ,human,Homo sapiens,ENSG00000246705,adult mammalian kidney,89.68,H2AJ:HGNC:14456,variant,93.00166666666667
H2AJ,human,Homo sapiens,ENSG00000246705,adult mammalian kidney,93.5,H2AJ:HGNC:14456,variant,93.00166666666667
H2AJ,human,Homo sapiens,ENSG00000246705,intestine,69.73,H2AJ:HGNC:14456,variant,79.28999999999999
H2AJ,human,Homo sapiens,ENSG00000246705,intestine,71.8,H2AJ:HGNC:14456,variant,79.28999999999999
H2AJ,human,Homo sapiens,ENSG00000246705,intestine,80.69,H2AJ:HGNC:14456,variant,79.28999999999999
H2AJ,human,Homo sapiens,ENSG00000246705,intestine,94.94,H2AJ:HGNC:14456,variant,79.28999999999999
H2AJ,human,Homo sapiens,ENSG00000246705,oral cavity,97.88,H2AJ:HGNC:14456,variant,97.35333333333334
H2AJ,human,Homo sapiens,ENSG00000246705,oral cavity,96.94,H2AJ:HGNC:14456,variant,97.35333333333334
H2AJ,human,Homo sapiens,ENSG00000246705,oral cavity,98.02,H2AJ:HGNC:14456,variant,97.35333333333334
H2AJ,human,Homo sapiens,ENSG00000246705,oral cavity,97.19,H2AJ:HGNC:14456,variant,97.35333333333334
H2AJ,human,Homo sapiens,ENSG00000246705,oral cavity,96.64,H2AJ:HGNC:14456,variant,97.35333333333334
H2AJ,human,Homo sapiens,ENSG00000246705,oral cavity,97.45,H2AJ:HGNC:14456,variant,97.35333333333334
H2AJ,human,Homo sapiens,ENSG00000246705,amniotic fluid,98.41,H2AJ:HGNC:14456,variant,98.41
H2AJ,human,Homo sapiens,ENSG00000246705,blood,94.06,H2AJ:HGNC:14456,variant,90.41916666666667
H2AJ,human,Homo sapiens,ENSG00000246705,blood,90.38,H2AJ:HGNC:14456,variant,90.41916666666667
H2AJ,human,Homo sapiens,ENSG00000246705,blood,92.22,H2AJ:HGNC:14456,variant,90.41916666666667
H2AJ,human,Homo sapiens,ENSG00000246705,blood,94.39,H2AJ:HGNC:14456,variant,90.41916666666667
H2AJ,human,Homo sapiens,ENSG00000246705,blood,86.96,H2AJ:HGNC:14456,variant,90.41916666666667
H2AJ,human,Homo sapiens,ENSG00000246705,blood,94.47,H2AJ:HGNC:14456,variant,90.41916666666667
H2AJ,human,Homo sapiens,ENSG00000246705,blood,85.52,H2AJ:HGNC:14456,variant,90.41916666666667
H2AJ,human,Homo sapiens,ENSG00000246705,blood,94.96,H2AJ:HGNC:14456,variant,90.41916666666667
H2AJ,human,Homo sapiens,ENSG00000246705,blood,86.73,H2AJ:HGNC:14456,variant,90.41916666666667
H2AJ,human,Homo sapiens,ENSG00000246705,blood,95.6,H2AJ:HGNC:14456,variant,90.41916666666667
H2AJ,human,Homo sapiens,ENSG00000246705,blood,87.2,H2AJ:HGNC:14456,variant,90.41916666666667
H2AJ,human,Homo sapiens,ENSG00000246705,blood,95.18,H2AJ:HGNC:14456,variant,90.41916666666667
H2AJ,human,Homo sapiens,ENSG00000246705,blood,85.49,H2AJ:HGNC:14456,variant,90.41916666666667
H2AJ,human,Homo sapiens,ENSG00000246705,blood,95.55,H2AJ:HGNC:14456,variant,90.41916666666667
H2AJ,human,Homo sapiens,ENSG00000246705,blood,81.92,H2AJ:HGNC:14456,variant,90.41916666666667
H2AJ,human,Homo sapiens,ENSG00000246705,blood,94.29,H2AJ:HGNC:14456,variant,90.41916666666667
H2AJ,human,Homo sapiens,ENSG00000246705,blood,94.66,H2AJ:HGNC:14456,variant,90.41916666666667
H2AJ,human,Homo sapiens,ENSG00000246705,blood,95.59,H2AJ:HGNC:14456,variant,90.41916666666667
H2AJ,human,Homo sapiens,ENSG00000246705,blood,92.11,H2AJ:HGNC:14456,variant,90.41916666666667
H2AJ,human,Homo sapiens,ENSG00000246705,blood,90.5,H2AJ:HGNC:14456,variant,90.41916666666667
H2AJ,human,Homo sapiens,ENSG00000246705,blood,83.97,H2AJ:HGNC:14456,variant,90.41916666666667
H2AJ,human,Homo sapiens,ENSG00000246705,blood,90.48,H2AJ:HGNC:14456,variant,90.41916666666667
H2AJ,human,Homo sapiens,ENSG00000246705,blood,92.09,H2AJ:HGNC:14456,variant,90.41916666666667
H2AJ,human,Homo sapiens,ENSG00000246705,blood,80.22,H2AJ:HGNC:14456,variant,90.41916666666667
H2AJ,human,Homo sapiens,ENSG00000246705,blood,92.8,H2AJ:HGNC:14456,variant,90.41916666666667
H2AJ,human,Homo sapiens,ENSG00000246705,blood,80.41,H2AJ:HGNC:14456,variant,90.41916666666667
H2AJ,human,Homo sapiens,ENSG00000246705,blood,93.05,H2AJ:HGNC:14456,variant,90.41916666666667
H2AJ,human,Homo sapiens,ENSG00000246705,blood,89.23,H2AJ:HGNC:14456,variant,90.41916666666667
H2AJ,human,Homo sapiens,ENSG00000246705,blood,88.5,H2AJ:HGNC:14456,variant,90.41916666666667
H2AJ,human,Homo sapiens,ENSG00000246705,blood,93.73,H2AJ:HGNC:14456,variant,90.41916666666667
H2AJ,human,Homo sapiens,ENSG00000246705,blood,93.93,H2AJ:HGNC:14456,variant,90.41916666666667
H2AJ,human,Homo sapiens,ENSG00000246705,blood,94.19,H2AJ:HGNC:14456,variant,90.41916666666667
H2AJ,human,Homo sapiens,ENSG00000246705,blood,88.79,H2AJ:HGNC:14456,variant,90.41916666666667
H2AJ,human,Homo sapiens,ENSG00000246705,blood,89.29,H2AJ:HGNC:14456,variant,90.41916666666667
H2AJ,human,Homo sapiens,ENSG00000246705,blood,83.35,H2AJ:HGNC:14456,variant,90.41916666666667
H2AJ,human,Homo sapiens,ENSG00000246705,blood,93.28,H2AJ:HGNC:14456,variant,90.41916666666667
H2AJ,human,Homo sapiens,ENSG00000246705,colonic mucosa,97.5,H2AJ:HGNC:14456,variant,96.83666666666666
H2AJ,human,Homo sapiens,ENSG00000246705,colonic mucosa,97.65,H2AJ:HGNC:14456,variant,96.83666666666666
H2AJ,human,Homo sapiens,ENSG00000246705,colonic mucosa,97.38,H2AJ:HGNC:14456,variant,96.83666666666666
H2AJ,human,Homo sapiens,ENSG00000246705,colonic mucosa,97.82,H2AJ:HGNC:14456,variant,96.83666666666666
H2AJ,human,Homo sapiens,ENSG00000246705,colonic mucosa,95.33,H2AJ:HGNC:14456,variant,96.83666666666666
H2AJ,human,Homo sapiens,ENSG00000246705,colonic mucosa,95.34,H2AJ:HGNC:14456,variant,96.83666666666666
H2AJ,human,Homo sapiens,ENSG00000246705,pharyngeal mucosa,98.08,H2AJ:HGNC:14456,variant,97.28333333333335
H2AJ,human,Homo sapiens,ENSG00000246705,pharyngeal mucosa,96.28,H2AJ:HGNC:14456,variant,97.28333333333335
H2AJ,human,Homo sapiens,ENSG00000246705,pharyngeal mucosa,97.49,H2AJ:HGNC:14456,variant,97.28333333333335
H2AJ,human,Homo sapiens,ENSG00000246705,renal medulla,92.73,H2AJ:HGNC:14456,variant,92.09333333333332
H2AJ,human,Homo sapiens,ENSG00000246705,renal medulla,91.19,H2AJ:HGNC:14456,variant,92.09333333333332
H2AJ,human,Homo sapiens,ENSG00000246705,renal medulla,92.36,H2AJ:HGNC:14456,variant,92.09333333333332
H2AJ,human,Homo sapiens,ENSG00000246705,colonic epithelium,83.94,H2AJ:HGNC:14456,variant,83.94
H2AJ,human,Homo sapiens,ENSG00000246705,jejunal mucosa,92.46,H2AJ:HGNC:14456,variant,92.46
H2AJ,human,Homo sapiens,ENSG00000246705,prefrontal cortex,84.75,H2AJ:HGNC:14456,variant,84.36625
H2AJ,human,Homo sapiens,ENSG00000246705,prefrontal cortex,84.07,H2AJ:HGNC:14456,variant,84.36625
H2AJ,human,Homo sapiens,ENSG00000246705,prefrontal cortex,81.63,H2AJ:HGNC:14456,variant,84.36625
H2AJ,human,Homo sapiens,ENSG00000246705,prefrontal cortex,81.16,H2AJ:HGNC:14456,variant,84.36625
H2AJ,human,Homo sapiens,ENSG00000246705,prefrontal cortex,92.53,H2AJ:HGNC:14456,variant,84.36625
H2AJ,human,Homo sapiens,ENSG00000246705,prefrontal cortex,84.96,H2AJ:HGNC:14456,variant,84.36625
H2AJ,human,Homo sapiens,ENSG00000246705,prefrontal cortex,82.18,H2AJ:HGNC:14456,variant,84.36625
H2AJ,human,Homo sapiens,ENSG00000246705,prefrontal cortex,83.65,H2AJ:HGNC:14456,variant,84.36625
H2AJ,human,Homo sapiens,ENSG00000246705,endocervix,97.34,H2AJ:HGNC:14456,variant,97.75
H2AJ,human,Homo sapiens,ENSG00000246705,endocervix,97.54,H2AJ:HGNC:14456,variant,97.75
H2AJ,human,Homo sapiens,ENSG00000246705,endocervix,98.37,H2AJ:HGNC:14456,variant,97.75
H2AJ,human,Homo sapiens,ENSG00000246705,material anatomical entity,92.57,H2AJ:HGNC:14456,variant,92.57
H2AJ,human,Homo sapiens,ENSG00000246705,anatomical system,92.5,H2AJ:HGNC:14456,variant,92.5
H2AJ,human,Homo sapiens,ENSG00000246705,multicellular organism,92.58,H2AJ:HGNC:14456,variant,92.58
H2AJ,human,Homo sapiens,ENSG00000246705,testis,71.73,H2AJ:HGNC:14456,variant,91.19461538461539
H2AJ,human,Homo sapiens,ENSG00000246705,testis,75.36,H2AJ:HGNC:14456,variant,91.19461538461539
H2AJ,human,Homo sapiens,ENSG00000246705,testis,73.48,H2AJ:HGNC:14456,variant,91.19461538461539
H2AJ,human,Homo sapiens,ENSG00000246705,testis,99.73,H2AJ:HGNC:14456,variant,91.19461538461539
H2AJ,human,Homo sapiens,ENSG00000246705,testis,99.68,H2AJ:HGNC:14456,variant,91.19461538461539
H2AJ,human,Homo sapiens,ENSG00000246705,testis,99.56,H2AJ:HGNC:14456,variant,91.19461538461539
H2AJ,human,Homo sapiens,ENSG00000246705,testis,99.71,H2AJ:HGNC:14456,variant,91.19461538461539
H2AJ,human,Homo sapiens,ENSG00000246705,testis,99.66,H2AJ:HGNC:14456,variant,91.19461538461539
H2AJ,human,Homo sapiens,ENSG00000246705,testis,99.25,H2AJ:HGNC:14456,variant,91.19461538461539
H2AJ,human,Homo sapiens,ENSG00000246705,testis,97.73,H2AJ:HGNC:14456,variant,91.19461538461539
H2AJ,human,Homo sapiens,ENSG00000246705,testis,71.24,H2AJ:HGNC:14456,variant,91.19461538461539
H2AJ,human,Homo sapiens,ENSG00000246705,testis,99.26,H2AJ:HGNC:14456,variant,91.19461538461539
H2AJ,human,Homo sapiens,ENSG00000246705,testis,99.14,H2AJ:HGNC:14456,variant,91.19461538461539
H2AJ,human,Homo sapiens,ENSG00000246705,female reproductive system,92.01,H2AJ:HGNC:14456,variant,92.01
H2AJ,human,Homo sapiens,ENSG00000246705,cranial nerve II,59.58,H2AJ:HGNC:14456,variant,59.58
H2AJ,human,Homo sapiens,ENSG00000246705,stomach,80.21,H2AJ:HGNC:14456,variant,91.18666666666667
H2AJ,human,Homo sapiens,ENSG00000246705,stomach,79.51,H2AJ:HGNC:14456,variant,91.18666666666667
H2AJ,human,Homo sapiens,ENSG00000246705,stomach,83.74,H2AJ:HGNC:14456,variant,91.18666666666667
H2AJ,human,Homo sapiens,ENSG00000246705,stomach,89.47,H2AJ:HGNC:14456,variant,91.18666666666667
H2AJ,human,Homo sapiens,ENSG00000246705,stomach,96.24,H2AJ:HGNC:14456,variant,91.18666666666667
H2AJ,human,Homo sapiens,ENSG00000246705,stomach,91.96,H2AJ:HGNC:14456,variant,91.18666666666667
H2AJ,human,Homo sapiens,ENSG00000246705,stomach,96.61,H2AJ:HGNC:14456,variant,91.18666666666667
H2AJ,human,Homo sapiens,ENSG00000246705,stomach,96.81,H2AJ:HGNC:14456,variant,91.18666666666667
H2AJ,human,Homo sapiens,ENSG00000246705,stomach,95.09,H2AJ:HGNC:14456,variant,91.18666666666667
H2AJ,human,Homo sapiens,ENSG00000246705,stomach,96.56,H2AJ:HGNC:14456,variant,91.18666666666667
H2AJ,human,Homo sapiens,ENSG00000246705,stomach,96.74,H2AJ:HGNC:14456,variant,91.18666666666667
H2AJ,human,Homo sapiens,ENSG00000246705,stomach,91.3,H2AJ:HGNC:14456,variant,91.18666666666667
H2AJ,human,Homo sapiens,ENSG00000246705,aorta,98.73,H2AJ:HGNC:14456,variant,98.735
H2AJ,human,Homo sapiens,ENSG00000246705,aorta,98.74,H2AJ:HGNC:14456,variant,98.735
H2AJ,human,Homo sapiens,ENSG00000246705,heart,76.23,H2AJ:HGNC:14456,variant,91.80333333333333
H2AJ,human,Homo sapiens,ENSG00000246705,heart,80.66,H2AJ:HGNC:14456,variant,91.80333333333333
H2AJ,human,Homo sapiens,ENSG00000246705,heart,95.57,H2AJ:HGNC:14456,variant,91.80333333333333
H2AJ,human,Homo sapiens,ENSG00000246705,heart,94.06,H2AJ:HGNC:14456,variant,91.80333333333333
H2AJ,human,Homo sapiens,ENSG00000246705,heart,93.07,H2AJ:HGNC:14456,variant,91.80333333333333
H2AJ,human,Homo sapiens,ENSG00000246705,heart,94.7,H2AJ:HGNC:14456,variant,91.80333333333333
H2AJ,human,Homo sapiens,ENSG00000246705,heart,95.9,H2AJ:HGNC:14456,variant,91.80333333333333
H2AJ,human,Homo sapiens,ENSG00000246705,heart,95.3,H2AJ:HGNC:14456,variant,91.80333333333333
H2AJ,human,Homo sapiens,ENSG00000246705,heart,87.29,H2AJ:HGNC:14456,variant,91.80333333333333
H2AJ,human,Homo sapiens,ENSG00000246705,heart,92.5,H2AJ:HGNC:14456,variant,91.80333333333333
H2AJ,human,Homo sapiens,ENSG00000246705,heart,90.71,H2AJ:HGNC:14456,variant,91.80333333333333
H2AJ,human,Homo sapiens,ENSG00000246705,heart,95.79,H2AJ:HGNC:14456,variant,91.80333333333333
H2AJ,human,Homo sapiens,ENSG00000246705,heart,94.06,H2AJ:HGNC:14456,variant,91.80333333333333
H2AJ,human,Homo sapiens,ENSG00000246705,heart,94.61,H2AJ:HGNC:14456,variant,91.80333333333333
H2AJ,human,Homo sapiens,ENSG00000246705,heart,96.6,H2AJ:HGNC:14456,variant,91.80333333333333
H2AJ,human,Homo sapiens,ENSG00000246705,brain,81.42,H2AJ:HGNC:14456,variant,81.9045
H2AJ,human,Homo sapiens,ENSG00000246705,brain,80.01,H2AJ:HGNC:14456,variant,81.9045
H2AJ,human,Homo sapiens,ENSG00000246705,brain,83.86,H2AJ:HGNC:14456,variant,81.9045
H2AJ,human,Homo sapiens,ENSG00000246705,brain,84.55,H2AJ:HGNC:14456,variant,81.9045
H2AJ,human,Homo sapiens,ENSG00000246705,brain,84.19,H2AJ:HGNC:14456,variant,81.9045
H2AJ,human,Homo sapiens,ENSG00000246705,brain,87.66,H2AJ:HGNC:14456,variant,81.9045
H2AJ,human,Homo sapiens,ENSG00000246705,brain,85.48,H2AJ:HGNC:14456,variant,81.9045
H2AJ,human,Homo sapiens,ENSG00000246705,brain,87.89,H2AJ:HGNC:14456,variant,81.9045
H2AJ,human,Homo sapiens,ENSG00000246705,brain,87.44,H2AJ:HGNC:14456,variant,81.9045
H2AJ,human,Homo sapiens,ENSG00000246705,brain,82.29,H2AJ:HGNC:14456,variant,81.9045
H2AJ,human,Homo sapiens,ENSG00000246705,brain,74.91,H2AJ:HGNC:14456,variant,81.9045
H2AJ,human,Homo sapiens,ENSG00000246705,brain,82.58,H2AJ:HGNC:14456,variant,81.9045
H2AJ,human,Homo sapiens,ENSG00000246705,brain,76.1,H2AJ:HGNC:14456,variant,81.9045
H2AJ,human,Homo sapiens,ENSG00000246705,brain,78.24,H2AJ:HGNC:14456,variant,81.9045
H2AJ,human,Homo sapiens,ENSG00000246705,brain,76.36,H2AJ:HGNC:14456,variant,81.9045
H2AJ,human,Homo sapiens,ENSG00000246705,brain,80.24,H2AJ:HGNC:14456,variant,81.9045
H2AJ,human,Homo sapiens,ENSG00000246705,brain,83.54,H2AJ:HGNC:14456,variant,81.9045
H2AJ,human,Homo sapiens,ENSG00000246705,brain,84.26,H2AJ:HGNC:14456,variant,81.9045
H2AJ,human,Homo sapiens,ENSG00000246705,brain,84.87,H2AJ:HGNC:14456,variant,81.9045
H2AJ,human,Homo sapiens,ENSG00000246705,brain,72.2,H2AJ:HGNC:14456,variant,81.9045
H2AJ,human,Homo sapiens,ENSG00000246705,cerebral cortex,70.5,H2AJ:HGNC:14456,variant,79.38333333333334
H2AJ,human,Homo sapiens,ENSG00000246705,cerebral cortex,76.08,H2AJ:HGNC:14456,variant,79.38333333333334
H2AJ,human,Homo sapiens,ENSG00000246705,cerebral cortex,76.22,H2AJ:HGNC:14456,variant,79.38333333333334
H2AJ,human,Homo sapiens,ENSG00000246705,cerebral cortex,81.78,H2AJ:HGNC:14456,variant,79.38333333333334
H2AJ,human,Homo sapiens,ENSG00000246705,cerebral cortex,77.32,H2AJ:HGNC:14456,variant,79.38333333333334
H2AJ,human,Homo sapiens,ENSG00000246705,cerebral cortex,82.93,H2AJ:HGNC:14456,variant,79.38333333333334
H2AJ,human,Homo sapiens,ENSG00000246705,cerebral cortex,81.62,H2AJ:HGNC:14456,variant,79.38333333333334
H2AJ,human,Homo sapiens,ENSG00000246705,cerebral cortex,86.57,H2AJ:HGNC:14456,variant,79.38333333333334
H2AJ,human,Homo sapiens,ENSG00000246705,cerebral cortex,81.43,H2AJ:HGNC:14456,variant,79.38333333333334
H2AJ,human,Homo sapiens,ENSG00000246705,pleura,91.65,H2AJ:HGNC:14456,variant,91.65
H2AJ,human,Homo sapiens,ENSG00000246705,tibia,89.05,H2AJ:HGNC:14456,variant,89.05
H2AJ,human,Homo sapiens,ENSG00000246705,pons,89.42,H2AJ:HGNC:14456,variant,89.42
H2AJ,human,Homo sapiens,ENSG00000246705,penis,97.56,H2AJ:HGNC:14456,variant,97.56
H2AJ,human,Homo sapiens,ENSG00000246705,ovary,71.44,H2AJ:HGNC:14456,variant,85.0281818181818
H2AJ,human,Homo sapiens,ENSG00000246705,ovary,71.63,H2AJ:HGNC:14456,variant,85.0281818181818
H2AJ,human,Homo sapiens,ENSG00000246705,ovary,70.81,H2AJ:HGNC:14456,variant,85.0281818181818
H2AJ,human,Homo sapiens,ENSG00000246705,ovary,93.16,H2AJ:HGNC:14456,variant,85.0281818181818
H2AJ,human,Homo sapiens,ENSG00000246705,ovary,91.47,H2AJ:HGNC:14456,variant,85.0281818181818
H2AJ,human,Homo sapiens,ENSG00000246705,ovary,92.12,H2AJ:HGNC:14456,variant,85.0281818181818
H2AJ,human,Homo sapiens,ENSG00000246705,ovary,94.24,H2AJ:HGNC:14456,variant,85.0281818181818
H2AJ,human,Homo sapiens,ENSG00000246705,ovary,94.26,H2AJ:HGNC:14456,variant,85.0281818181818
H2AJ,human,Homo sapiens,ENSG00000246705,ovary,90.82,H2AJ:HGNC:14456,variant,85.0281818181818
H2AJ,human,Homo sapiens,ENSG00000246705,ovary,71.73,H2AJ:HGNC:14456,variant,85.0281818181818
H2AJ,human,Homo sapiens,ENSG00000246705,ovary,93.63,H2AJ:HGNC:14456,variant,85.0281818181818
H2AJ,human,Homo sapiens,ENSG00000246705,uterus,91.08,H2AJ:HGNC:14456,variant,91.555
H2AJ,human,Homo sapiens,ENSG00000246705,uterus,92.03,H2AJ:HGNC:14456,variant,91.555
H2AJ,human,Homo sapiens,ENSG00000246705,vagina,97.35,H2AJ:HGNC:14456,variant,88.33666666666666
H2AJ,human,Homo sapiens,ENSG00000246705,vagina,83.81,H2AJ:HGNC:14456,variant,88.33666666666666
H2AJ,human,Homo sapiens,ENSG00000246705,vagina,95.3,H2AJ:HGNC:14456,variant,88.33666666666666
H2AJ,human,Homo sapiens,ENSG00000246705,vagina,79.87,H2AJ:HGNC:14456,variant,88.33666666666666
H2AJ,human,Homo sapiens,ENSG00000246705,vagina,81.61,H2AJ:HGNC:14456,variant,88.33666666666666
H2AJ,human,Homo sapiens,ENSG00000246705,vagina,95.26,H2AJ:HGNC:14456,variant,88.33666666666666
H2AJ,human,Homo sapiens,ENSG00000246705,vagina,83.56,H2AJ:HGNC:14456,variant,88.33666666666666
H2AJ,human,Homo sapiens,ENSG00000246705,vagina,79.7,H2AJ:HGNC:14456,variant,88.33666666666666
H2AJ,human,Homo sapiens,ENSG00000246705,vagina,84.44,H2AJ:HGNC:14456,variant,88.33666666666666
H2AJ,human,Homo sapiens,ENSG00000246705,vagina,95.0,H2AJ:HGNC:14456,variant,88.33666666666666
H2AJ,human,Homo sapiens,ENSG00000246705,vagina,87.09,H2AJ:HGNC:14456,variant,88.33666666666666
H2AJ,human,Homo sapiens,ENSG00000246705,vagina,97.05,H2AJ:HGNC:14456,variant,88.33666666666666
H2AJ,human,Homo sapiens,ENSG00000246705,mammalian vulva,97.05,H2AJ:HGNC:14456,variant,97.494
H2AJ,human,Homo sapiens,ENSG00000246705,mammalian vulva,97.42,H2AJ:HGNC:14456,variant,97.494
H2AJ,human,Homo sapiens,ENSG00000246705,mammalian vulva,97.55,H2AJ:HGNC:14456,variant,97.494
H2AJ,human,Homo sapiens,ENSG00000246705,mammalian vulva,97.39,H2AJ:HGNC:14456,variant,97.494
H2AJ,human,Homo sapiens,ENSG00000246705,mammalian vulva,98.06,H2AJ:HGNC:14456,variant,97.494
H2AJ,human,Homo sapiens,ENSG00000246705,seminal vesicle,97.08,H2AJ:HGNC:14456,variant,97.08
H2AJ,human,Homo sapiens,ENSG00000246705,adipose tissue,98.61,H2AJ:HGNC:14456,variant,98.433125
H2AJ,human,Homo sapiens,ENSG00000246705,adipose tissue,98.35,H2AJ:HGNC:14456,variant,98.433125
H2AJ,human,Homo sapiens,ENSG00000246705,adipose tissue,98.56,H2AJ:HGNC:14456,variant,98.433125
H2AJ,human,Homo sapiens,ENSG00000246705,adipose tissue,98.35,H2AJ:HGNC:14456,variant,98.433125
H2AJ,human,Homo sapiens,ENSG00000246705,adipose tissue,98.43,H2AJ:HGNC:14456,variant,98.433125
H2AJ,human,Homo sapiens,ENSG00000246705,adipose tissue,98.53,H2AJ:HGNC:14456,variant,98.433125
H2AJ,human,Homo sapiens,ENSG00000246705,adipose tissue,98.51,H2AJ:HGNC:14456,variant,98.433125
H2AJ,human,Homo sapiens,ENSG00000246705,adipose tissue,98.38,H2AJ:HGNC:14456,variant,98.433125
H2AJ,human,Homo sapiens,ENSG00000246705,adipose tissue,98.6,H2AJ:HGNC:14456,variant,98.433125
H2AJ,human,Homo sapiens,ENSG00000246705,adipose tissue,98.41,H2AJ:HGNC:14456,variant,98.433125
H2AJ,human,Homo sapiens,ENSG00000246705,adipose tissue,98.44,H2AJ:HGNC:14456,variant,98.433125
H2AJ,human,Homo sapiens,ENSG00000246705,adipose tissue,98.42,H2AJ:HGNC:14456,variant,98.433125
H2AJ,human,Homo sapiens,ENSG00000246705,adipose tissue,98.41,H2AJ:HGNC:14456,variant,98.433125
H2AJ,human,Homo sapiens,ENSG00000246705,adipose tissue,98.35,H2AJ:HGNC:14456,variant,98.433125
H2AJ,human,Homo sapiens,ENSG00000246705,adipose tissue,98.18,H2AJ:HGNC:14456,variant,98.433125
H2AJ,human,Homo sapiens,ENSG00000246705,adipose tissue,98.4,H2AJ:HGNC:14456,variant,98.433125
H2AJ,human,Homo sapiens,ENSG00000246705,esophagus,97.45,H2AJ:HGNC:14456,variant,97.31285714285715
H2AJ,human,Homo sapiens,ENSG00000246705,esophagus,97.3,H2AJ:HGNC:14456,variant,97.31285714285715
H2AJ,human,Homo sapiens,ENSG00000246705,esophagus,97.42,H2AJ:HGNC:14456,variant,97.31285714285715
H2AJ,human,Homo sapiens,ENSG00000246705,esophagus,97.4,H2AJ:HGNC:14456,variant,97.31285714285715
H2AJ,human,Homo sapiens,ENSG00000246705,esophagus,97.23,H2AJ:HGNC:14456,variant,97.31285714285715
H2AJ,human,Homo sapiens,ENSG00000246705,esophagus,97.06,H2AJ:HGNC:14456,variant,97.31285714285715
H2AJ,human,Homo sapiens,ENSG00000246705,esophagus,97.33,H2AJ:HGNC:14456,variant,97.31285714285715
H2AJ,human,Homo sapiens,ENSG00000246705,saliva-secreting gland,98.02,H2AJ:HGNC:14456,variant,97.94
H2AJ,human,Homo sapiens,ENSG00000246705,saliva-secreting gland,98.22,H2AJ:HGNC:14456,variant,97.94
H2AJ,human,Homo sapiens,ENSG00000246705,saliva-secreting gland,97.85,H2AJ:HGNC:14456,variant,97.94
H2AJ,human,Homo sapiens,ENSG00000246705,saliva-secreting gland,97.81,H2AJ:HGNC:14456,variant,97.94
H2AJ,human,Homo sapiens,ENSG00000246705,saliva-secreting gland,97.8,H2AJ:HGNC:14456,variant,97.94
H2AJ,human,Homo sapiens,ENSG00000246705,rectum,91.66,H2AJ:HGNC:14456,variant,91.66
H2AJ,human,Homo sapiens,ENSG00000246705,right lobe of liver,95.19,H2AJ:HGNC:14456,variant,93.4111111111111
H2AJ,human,Homo sapiens,ENSG00000246705,right lobe of liver,94.77,H2AJ:HGNC:14456,variant,93.4111111111111
H2AJ,human,Homo sapiens,ENSG00000246705,right lobe of liver,91.94,H2AJ:HGNC:14456,variant,93.4111111111111
H2AJ,human,Homo sapiens,ENSG00000246705,right lobe of liver,94.63,H2AJ:HGNC:14456,variant,93.4111111111111
H2AJ,human,Homo sapiens,ENSG00000246705,right lobe of liver,92.12,H2AJ:HGNC:14456,variant,93.4111111111111
H2AJ,human,Homo sapiens,ENSG00000246705,right lobe of liver,92.63,H2AJ:HGNC:14456,variant,93.4111111111111
H2AJ,human,Homo sapiens,ENSG00000246705,right lobe of liver,92.77,H2AJ:HGNC:14456,variant,93.4111111111111
H2AJ,human,Homo sapiens,ENSG00000246705,right lobe of liver,93.41,H2AJ:HGNC:14456,variant,93.4111111111111
H2AJ,human,Homo sapiens,ENSG00000246705,right lobe of liver,93.24,H2AJ:HGNC:14456,variant,93.4111111111111
H2AJ,human,Homo sapiens,ENSG00000246705,right lobe of thyroid gland,97.63,H2AJ:HGNC:14456,variant,96.33625
H2AJ,human,Homo sapiens,ENSG00000246705,right lobe of thyroid gland,96.67,H2AJ:HGNC:14456,variant,96.33625
H2AJ,human,Homo sapiens,ENSG00000246705,right lobe of thyroid gland,95.6,H2AJ:HGNC:14456,variant,96.33625
H2AJ,human,Homo sapiens,ENSG00000246705,right lobe of thyroid gland,95.7,H2AJ:HGNC:14456,variant,96.33625
H2AJ,human,Homo sapiens,ENSG00000246705,right lobe of thyroid gland,95.85,H2AJ:HGNC:14456,variant,96.33625
H2AJ,human,Homo sapiens,ENSG00000246705,right lobe of thyroid gland,97.15,H2AJ:HGNC:14456,variant,96.33625
H2AJ,human,Homo sapiens,ENSG00000246705,right lobe of thyroid gland,96.56,H2AJ:HGNC:14456,variant,96.33625
H2AJ,human,Homo sapiens,ENSG00000246705,right lobe of thyroid gland,95.53,H2AJ:HGNC:14456,variant,96.33625
H2AJ,human,Homo sapiens,ENSG00000246705,left lobe of thyroid gland,96.78,H2AJ:HGNC:14456,variant,96.10454545454546
H2AJ,human,Homo sapiens,ENSG00000246705,left lobe of thyroid gland,96.49,H2AJ:HGNC:14456,variant,96.10454545454546
H2AJ,human,Homo sapiens,ENSG00000246705,left lobe of thyroid gland,94.53,H2AJ:HGNC:14456,variant,96.10454545454546
H2AJ,human,Homo sapiens,ENSG00000246705,left lobe of thyroid gland,96.13,H2AJ:HGNC:14456,variant,96.10454545454546
H2AJ,human,Homo sapiens,ENSG00000246705,left lobe of thyroid gland,95.56,H2AJ:HGNC:14456,variant,96.10454545454546
H2AJ,human,Homo sapiens,ENSG00000246705,left lobe of thyroid gland,96.37,H2AJ:HGNC:14456,variant,96.10454545454546
H2AJ,human,Homo sapiens,ENSG00000246705,left lobe of thyroid gland,97.01,H2AJ:HGNC:14456,variant,96.10454545454546
H2AJ,human,Homo sapiens,ENSG00000246705,left lobe of thyroid gland,95.73,H2AJ:HGNC:14456,variant,96.10454545454546
H2AJ,human,Homo sapiens,ENSG00000246705,left lobe of thyroid gland,95.85,H2AJ:HGNC:14456,variant,96.10454545454546
H2AJ,human,Homo sapiens,ENSG00000246705,left lobe of thyroid gland,96.02,H2AJ:HGNC:14456,variant,96.10454545454546
H2AJ,human,Homo sapiens,ENSG00000246705,left lobe of thyroid gland,96.68,H2AJ:HGNC:14456,variant,96.10454545454546
H2AJ,human,Homo sapiens,ENSG00000246705,skeletal muscle tissue,82.54,H2AJ:HGNC:14456,variant,81.93083333333333
H2AJ,human,Homo sapiens,ENSG00000246705,skeletal muscle tissue,80.69,H2AJ:HGNC:14456,variant,81.93083333333333
H2AJ,human,Homo sapiens,ENSG00000246705,skeletal muscle tissue,62.44,H2AJ:HGNC:14456,variant,81.93083333333333
H2AJ,human,Homo sapiens,ENSG00000246705,skeletal muscle tissue,81.56,H2AJ:HGNC:14456,variant,81.93083333333333
H2AJ,human,Homo sapiens,ENSG00000246705,skeletal muscle tissue,80.63,H2AJ:HGNC:14456,variant,81.93083333333333
H2AJ,human,Homo sapiens,ENSG00000246705,skeletal muscle tissue,80.87,H2AJ:HGNC:14456,variant,81.93083333333333
H2AJ,human,Homo sapiens,ENSG00000246705,skeletal muscle tissue,83.74,H2AJ:HGNC:14456,variant,81.93083333333333
H2AJ,human,Homo sapiens,ENSG00000246705,skeletal muscle tissue,87.31,H2AJ:HGNC:14456,variant,81.93083333333333
H2AJ,human,Homo sapiens,ENSG00000246705,skeletal muscle tissue,83.27,H2AJ:HGNC:14456,variant,81.93083333333333
H2AJ,human,Homo sapiens,ENSG00000246705,skeletal muscle tissue,89.21,H2AJ:HGNC:14456,variant,81.93083333333333
H2AJ,human,Homo sapiens,ENSG00000246705,skeletal muscle tissue,87.62,H2AJ:HGNC:14456,variant,81.93083333333333
H2AJ,human,Homo sapiens,ENSG00000246705,skeletal muscle tissue,83.29,H2AJ:HGNC:14456,variant,81.93083333333333
H2AJ,human,Homo sapiens,ENSG00000246705,smooth muscle tissue,90.33,H2AJ:HGNC:14456,variant,90.33
H2AJ,human,Homo sapiens,ENSG00000246705,body of pancreas,98.04,H2AJ:HGNC:14456,variant,97.588
H2AJ,human,Homo sapiens,ENSG00000246705,body of pancreas,95.89,H2AJ:HGNC:14456,variant,97.588
H2AJ,human,Homo sapiens,ENSG00000246705,body of pancreas,97.91,H2AJ:HGNC:14456,variant,97.588
H2AJ,human,Homo sapiens,ENSG00000246705,body of pancreas,97.41,H2AJ:HGNC:14456,variant,97.588
H2AJ,human,Homo sapiens,ENSG00000246705,body of pancreas,97.92,H2AJ:HGNC:14456,variant,97.588
H2AJ,human,Homo sapiens,ENSG00000246705,body of pancreas,97.4,H2AJ:HGNC:14456,variant,97.588
H2AJ,human,Homo sapiens,ENSG00000246705,body of pancreas,97.54,H2AJ:HGNC:14456,variant,97.588
H2AJ,human,Homo sapiens,ENSG00000246705,body of pancreas,97.91,H2AJ:HGNC:14456,variant,97.588
H2AJ,human,Homo sapiens,ENSG00000246705,body of pancreas,98.08,H2AJ:HGNC:14456,variant,97.588
H2AJ,human,Homo sapiens,ENSG00000246705,body of pancreas,97.78,H2AJ:HGNC:14456,variant,97.588
H2AJ,human,Homo sapiens,ENSG00000246705,caecum,95.86,H2AJ:HGNC:14456,variant,94.48666666666666
H2AJ,human,Homo sapiens,ENSG00000246705,caecum,93.33,H2AJ:HGNC:14456,variant,94.48666666666666
H2AJ,human,Homo sapiens,ENSG00000246705,caecum,94.27,H2AJ:HGNC:14456,variant,94.48666666666666
H2AJ,human,Homo sapiens,ENSG00000246705,vermiform appendix,56.35,H2AJ:HGNC:14456,variant,73.26
H2AJ,human,Homo sapiens,ENSG00000246705,vermiform appendix,90.17,H2AJ:HGNC:14456,variant,73.26
H2AJ,human,Homo sapiens,ENSG00000246705,colon,84.21,H2AJ:HGNC:14456,variant,94.08176470588236
H2AJ,human,Homo sapiens,ENSG00000246705,colon,95.78,H2AJ:HGNC:14456,variant,94.08176470588236
H2AJ,human,Homo sapiens,ENSG00000246705,colon,96.75,H2AJ:HGNC:14456,variant,94.08176470588236
H2AJ,human,Homo sapiens,ENSG00000246705,colon,95.9,H2AJ:HGNC:14456,variant,94.08176470588236
H2AJ,human,Homo sapiens,ENSG00000246705,colon,96.04,H2AJ:HGNC:14456,variant,94.08176470588236
H2AJ,human,Homo sapiens,ENSG00000246705,colon,97.02,H2AJ:HGNC:14456,variant,94.08176470588236
H2AJ,human,Homo sapiens,ENSG00000246705,colon,96.82,H2AJ:HGNC:14456,variant,94.08176470588236
H2AJ,human,Homo sapiens,ENSG00000246705,colon,97.68,H2AJ:HGNC:14456,variant,94.08176470588236
H2AJ,human,Homo sapiens,ENSG00000246705,colon,96.36,H2AJ:HGNC:14456,variant,94.08176470588236
H2AJ,human,Homo sapiens,ENSG00000246705,colon,95.04,H2AJ:HGNC:14456,variant,94.08176470588236
H2AJ,human,Homo sapiens,ENSG00000246705,colon,78.43,H2AJ:HGNC:14456,variant,94.08176470588236
H2AJ,human,Homo sapiens,ENSG00000246705,colon,95.57,H2AJ:HGNC:14456,variant,94.08176470588236
H2AJ,human,Homo sapiens,ENSG00000246705,colon,95.89,H2AJ:HGNC:14456,variant,94.08176470588236
H2AJ,human,Homo sapiens,ENSG00000246705,colon,89.39,H2AJ:HGNC:14456,variant,94.08176470588236
H2AJ,human,Homo sapiens,ENSG00000246705,colon,95.99,H2AJ:HGNC:14456,variant,94.08176470588236
H2AJ,human,Homo sapiens,ENSG00000246705,colon,96.34,H2AJ:HGNC:14456,variant,94.08176470588236
H2AJ,human,Homo sapiens,ENSG00000246705,colon,96.18,H2AJ:HGNC:14456,variant,94.08176470588236
H2AJ,human,Homo sapiens,ENSG00000246705,transverse colon,97.58,H2AJ:HGNC:14456,variant,97.488
H2AJ,human,Homo sapiens,ENSG00000246705,transverse colon,97.54,H2AJ:HGNC:14456,variant,97.488
H2AJ,human,Homo sapiens,ENSG00000246705,transverse colon,97.1,H2AJ:HGNC:14456,variant,97.488
H2AJ,human,Homo sapiens,ENSG00000246705,transverse colon,97.56,H2AJ:HGNC:14456,variant,97.488
H2AJ,human,Homo sapiens,ENSG00000246705,transverse colon,97.51,H2AJ:HGNC:14456,variant,97.488
H2AJ,human,Homo sapiens,ENSG00000246705,transverse colon,97.52,H2AJ:HGNC:14456,variant,97.488
H2AJ,human,Homo sapiens,ENSG00000246705,transverse colon,97.71,H2AJ:HGNC:14456,variant,97.488
H2AJ,human,Homo sapiens,ENSG00000246705,transverse colon,97.47,H2AJ:HGNC:14456,variant,97.488
H2AJ,human,Homo sapiens,ENSG00000246705,transverse colon,97.86,H2AJ:HGNC:14456,variant,97.488
H2AJ,human,Homo sapiens,ENSG00000246705,transverse colon,97.03,H2AJ:HGNC:14456,variant,97.488
H2AJ,human,Homo sapiens,ENSG00000246705,fundus of stomach,97.34,H2AJ:HGNC:14456,variant,95.26857142857143
H2AJ,human,Homo sapiens,ENSG00000246705,fundus of stomach,93.45,H2AJ:HGNC:14456,variant,95.26857142857143
H2AJ,human,Homo sapiens,ENSG00000246705,fundus of stomach,89.69,H2AJ:HGNC:14456,variant,95.26857142857143
H2AJ,human,Homo sapiens,ENSG00000246705,fundus of stomach,93.7,H2AJ:HGNC:14456,variant,95.26857142857143
H2AJ,human,Homo sapiens,ENSG00000246705,fundus of stomach,97.89,H2AJ:HGNC:14456,variant,95.26857142857143
H2AJ,human,Homo sapiens,ENSG00000246705,fundus of stomach,97.34,H2AJ:HGNC:14456,variant,95.26857142857143
H2AJ,human,Homo sapiens,ENSG00000246705,fundus of stomach,97.47,H2AJ:HGNC:14456,variant,95.26857142857143
H2AJ,human,Homo sapiens,ENSG00000246705,body of stomach,97.16,H2AJ:HGNC:14456,variant,97.17545454545456
H2AJ,human,Homo sapiens,ENSG00000246705,body of stomach,97.09,H2AJ:HGNC:14456,variant,97.17545454545456
H2AJ,human,Homo sapiens,ENSG00000246705,body of stomach,96.95,H2AJ:HGNC:14456,variant,97.17545454545456
H2AJ,human,Homo sapiens,ENSG00000246705,body of stomach,96.88,H2AJ:HGNC:14456,variant,97.17545454545456
H2AJ,human,Homo sapiens,ENSG00000246705,body of stomach,97.27,H2AJ:HGNC:14456,variant,97.17545454545456
H2AJ,human,Homo sapiens,ENSG00000246705,body of stomach,97.15,H2AJ:HGNC:14456,variant,97.17545454545456
H2AJ,human,Homo sapiens,ENSG00000246705,body of stomach,97.2,H2AJ:HGNC:14456,variant,97.17545454545456
H2AJ,human,Homo sapiens,ENSG00000246705,body of stomach,97.12,H2AJ:HGNC:14456,variant,97.17545454545456
H2AJ,human,Homo sapiens,ENSG00000246705,body of stomach,97.47,H2AJ:HGNC:14456,variant,97.17545454545456
H2AJ,human,Homo sapiens,ENSG00000246705,body of stomach,96.81,H2AJ:HGNC:14456,variant,97.17545454545456
H2AJ,human,Homo sapiens,ENSG00000246705,body of stomach,97.83,H2AJ:HGNC:14456,variant,97.17545454545456
H2AJ,human,Homo sapiens,ENSG00000246705,cardia of stomach,92.37,H2AJ:HGNC:14456,variant,93.19
H2AJ,human,Homo sapiens,ENSG00000246705,cardia of stomach,94.01,H2AJ:HGNC:14456,variant,93.19
H2AJ,human,Homo sapiens,ENSG00000246705,pylorus,94.08,H2AJ:HGNC:14456,variant,95.22333333333334
H2AJ,human,Homo sapiens,ENSG00000246705,pylorus,96.03,H2AJ:HGNC:14456,variant,95.22333333333334
H2AJ,human,Homo sapiens,ENSG00000246705,pylorus,95.56,H2AJ:HGNC:14456,variant,95.22333333333334
H2AJ,human,Homo sapiens,ENSG00000246705,mucosa of stomach,98.49,H2AJ:HGNC:14456,variant,98.49
H2AJ,human,Homo sapiens,ENSG00000246705,cortex of kidney,92.14,H2AJ:HGNC:14456,variant,89.958
H2AJ,human,Homo sapiens,ENSG00000246705,cortex of kidney,89.38,H2AJ:HGNC:14456,variant,89.958
H2AJ,human,Homo sapiens,ENSG00000246705,cortex of kidney,91.21,H2AJ:HGNC:14456,variant,89.958
H2AJ,human,Homo sapiens,ENSG00000246705,cortex of kidney,85.35,H2AJ:HGNC:14456,variant,89.958
H2AJ,human,Homo sapiens,ENSG00000246705,cortex of kidney,91.71,H2AJ:HGNC:14456,variant,89.958
H2AJ,human,Homo sapiens,ENSG00000246705,right adrenal gland,98.56,H2AJ:HGNC:14456,variant,98.322
H2AJ,human,Homo sapiens,ENSG00000246705,right adrenal gland,98.28,H2AJ:HGNC:14456,variant,98.322
H2AJ,human,Homo sapiens,ENSG00000246705,right adrenal gland,98.37,H2AJ:HGNC:14456,variant,98.322
H2AJ,human,Homo sapiens,ENSG00000246705,right adrenal gland,98.15,H2AJ:HGNC:14456,variant,98.322
H2AJ,human,Homo sapiens,ENSG00000246705,right adrenal gland,98.25,H2AJ:HGNC:14456,variant,98.322
H2AJ,human,Homo sapiens,ENSG00000246705,left adrenal gland,98.56,H2AJ:HGNC:14456,variant,98.2725
H2AJ,human,Homo sapiens,ENSG00000246705,left adrenal gland,97.99,H2AJ:HGNC:14456,variant,98.2725
H2AJ,human,Homo sapiens,ENSG00000246705,left adrenal gland,98.06,H2AJ:HGNC:14456,variant,98.2725
H2AJ,human,Homo sapiens,ENSG00000246705,left adrenal gland,98.22,H2AJ:HGNC:14456,variant,98.2725
H2AJ,human,Homo sapiens,ENSG00000246705,left adrenal gland,98.5,H2AJ:HGNC:14456,variant,98.2725
H2AJ,human,Homo sapiens,ENSG00000246705,left adrenal gland,98.34,H2AJ:HGNC:14456,variant,98.2725
H2AJ,human,Homo sapiens,ENSG00000246705,left adrenal gland,98.16,H2AJ:HGNC:14456,variant,98.2725
H2AJ,human,Homo sapiens,ENSG00000246705,left adrenal gland,98.35,H2AJ:HGNC:14456,variant,98.2725
H2AJ,human,Homo sapiens,ENSG00000246705,adrenal cortex,98.33,H2AJ:HGNC:14456,variant,96.69333333333333
H2AJ,human,Homo sapiens,ENSG00000246705,adrenal cortex,95.19,H2AJ:HGNC:14456,variant,96.69333333333333
H2AJ,human,Homo sapiens,ENSG00000246705,adrenal cortex,96.56,H2AJ:HGNC:14456,variant,96.69333333333333
H2AJ,human,Homo sapiens,ENSG00000246705,urinary bladder,98.59,H2AJ:HGNC:14456,variant,96.39875
H2AJ,human,Homo sapiens,ENSG00000246705,urinary bladder,97.84,H2AJ:HGNC:14456,variant,96.39875
H2AJ,human,Homo sapiens,ENSG00000246705,urinary bladder,97.48,H2AJ:HGNC:14456,variant,96.39875
H2AJ,human,Homo sapiens,ENSG00000246705,urinary bladder,97.8,H2AJ:HGNC:14456,variant,96.39875
H2AJ,human,Homo sapiens,ENSG00000246705,urinary bladder,90.75,H2AJ:HGNC:14456,variant,96.39875
H2AJ,human,Homo sapiens,ENSG00000246705,urinary bladder,97.14,H2AJ:HGNC:14456,variant,96.39875
H2AJ,human,Homo sapiens,ENSG00000246705,urinary bladder,95.05,H2AJ:HGNC:14456,variant,96.39875
H2AJ,human,Homo sapiens,ENSG00000246705,urinary bladder,96.54,H2AJ:HGNC:14456,variant,96.39875
H2AJ,human,Homo sapiens,ENSG00000246705,pancreas,92.58,H2AJ:HGNC:14456,variant,92.75
H2AJ,human,Homo sapiens,ENSG00000246705,pancreas,92.92,H2AJ:HGNC:14456,variant,92.75
H2AJ,human,Homo sapiens,ENSG00000246705,endometrium,93.52,H2AJ:HGNC:14456,variant,91.746875
H2AJ,human,Homo sapiens,ENSG00000246705,endometrium,93.59,H2AJ:HGNC:14456,variant,91.746875
H2AJ,human,Homo sapiens,ENSG00000246705,endometrium,94.9,H2AJ:HGNC:14456,variant,91.746875
H2AJ,human,Homo sapiens,ENSG00000246705,endometrium,93.87,H2AJ:HGNC:14456,variant,91.746875
H2AJ,human,Homo sapiens,ENSG00000246705,endometrium,93.03,H2AJ:HGNC:14456,variant,91.746875
H2AJ,human,Homo sapiens,ENSG00000246705,endometrium,95.55,H2AJ:HGNC:14456,variant,91.746875
H2AJ,human,Homo sapiens,ENSG00000246705,endometrium,94.9,H2AJ:HGNC:14456,variant,91.746875
H2AJ,human,Homo sapiens,ENSG00000246705,endometrium,94.54,H2AJ:HGNC:14456,variant,91.746875
H2AJ,human,Homo sapiens,ENSG00000246705,endometrium,87.68,H2AJ:HGNC:14456,variant,91.746875
H2AJ,human,Homo sapiens,ENSG00000246705,endometrium,88.93,H2AJ:HGNC:14456,variant,91.746875
H2AJ,human,Homo sapiens,ENSG00000246705,endometrium,88.57,H2AJ:HGNC:14456,variant,91.746875
H2AJ,human,Homo sapiens,ENSG00000246705,endometrium,89.44,H2AJ:HGNC:14456,variant,91.746875
H2AJ,human,Homo sapiens,ENSG00000246705,endometrium,89.37,H2AJ:HGNC:14456,variant,91.746875
H2AJ,human,Homo sapiens,ENSG00000246705,endometrium,90.36,H2AJ:HGNC:14456,variant,91.746875
H2AJ,human,Homo sapiens,ENSG00000246705,endometrium,89.71,H2AJ:HGNC:14456,variant,91.746875
H2AJ,human,Homo sapiens,ENSG00000246705,endometrium,89.99,H2AJ:HGNC:14456,variant,91.746875
H2AJ,human,Homo sapiens,ENSG00000246705,myometrium,96.92,H2AJ:HGNC:14456,variant,88.298
H2AJ,human,Homo sapiens,ENSG00000246705,myometrium,96.96,H2AJ:HGNC:14456,variant,88.298
H2AJ,human,Homo sapiens,ENSG00000246705,myometrium,95.23,H2AJ:HGNC:14456,variant,88.298
H2AJ,human,Homo sapiens,ENSG00000246705,myometrium,59.77,H2AJ:HGNC:14456,variant,88.298
H2AJ,human,Homo sapiens,ENSG00000246705,myometrium,58.02,H2AJ:HGNC:14456,variant,88.298
H2AJ,human,Homo sapiens,ENSG00000246705,myometrium,93.48,H2AJ:HGNC:14456,variant,88.298
H2AJ,human,Homo sapiens,ENSG00000246705,myometrium,96.69,H2AJ:HGNC:14456,variant,88.298
H2AJ,human,Homo sapiens,ENSG00000246705,myometrium,96.78,H2AJ:HGNC:14456,variant,88.298
H2AJ,human,Homo sapiens,ENSG00000246705,myometrium,96.41,H2AJ:HGNC:14456,variant,88.298
H2AJ,human,Homo sapiens,ENSG00000246705,myometrium,92.72,H2AJ:HGNC:14456,variant,88.298
H2AJ,human,Homo sapiens,ENSG00000246705,right uterine tube,97.2,H2AJ:HGNC:14456,variant,97.2
H2AJ,human,Homo sapiens,ENSG00000246705,left uterine tube,96.95,H2AJ:HGNC:14456,variant,97.215
H2AJ,human,Homo sapiens,ENSG00000246705,left uterine tube,97.48,H2AJ:HGNC:14456,variant,97.215
H2AJ,human,Homo sapiens,ENSG00000246705,germinal epithelium of ovary,91.28,H2AJ:HGNC:14456,variant,91.28
H2AJ,human,Homo sapiens,ENSG00000246705,tibial nerve,98.84,H2AJ:HGNC:14456,variant,98.56272727272727
H2AJ,human,Homo sapiens,ENSG00000246705,tibial nerve,98.73,H2AJ:HGNC:14456,variant,98.56272727272727
H2AJ,human,Homo sapiens,ENSG00000246705,tibial nerve,97.79,H2AJ:HGNC:14456,variant,98.56272727272727
H2AJ,human,Homo sapiens,ENSG00000246705,tibial nerve,98.61,H2AJ:HGNC:14456,variant,98.56272727272727
H2AJ,human,Homo sapiens,ENSG00000246705,tibial nerve,98.62,H2AJ:HGNC:14456,variant,98.56272727272727
H2AJ,human,Homo sapiens,ENSG00000246705,tibial nerve,98.55,H2AJ:HGNC:14456,variant,98.56272727272727
H2AJ,human,Homo sapiens,ENSG00000246705,tibial nerve,98.68,H2AJ:HGNC:14456,variant,98.56272727272727
H2AJ,human,Homo sapiens,ENSG00000246705,tibial nerve,98.45,H2AJ:HGNC:14456,variant,98.56272727272727
H2AJ,human,Homo sapiens,ENSG00000246705,tibial nerve,98.53,H2AJ:HGNC:14456,variant,98.56272727272727
H2AJ,human,Homo sapiens,ENSG00000246705,tibial nerve,98.63,H2AJ:HGNC:14456,variant,98.56272727272727
H2AJ,human,Homo sapiens,ENSG00000246705,tibial nerve,98.76,H2AJ:HGNC:14456,variant,98.56272727272727
H2AJ,human,Homo sapiens,ENSG00000246705,quadriceps femoris,80.88,H2AJ:HGNC:14456,variant,78.2
H2AJ,human,Homo sapiens,ENSG00000246705,quadriceps femoris,83.4,H2AJ:HGNC:14456,variant,78.2
H2AJ,human,Homo sapiens,ENSG00000246705,quadriceps femoris,82.09,H2AJ:HGNC:14456,variant,78.2
H2AJ,human,Homo sapiens,ENSG00000246705,quadriceps femoris,75.94,H2AJ:HGNC:14456,variant,78.2
H2AJ,human,Homo sapiens,ENSG00000246705,quadriceps femoris,69.02,H2AJ:HGNC:14456,variant,78.2
H2AJ,human,Homo sapiens,ENSG00000246705,quadriceps femoris,80.06,H2AJ:HGNC:14456,variant,78.2
H2AJ,human,Homo sapiens,ENSG00000246705,quadriceps femoris,76.01,H2AJ:HGNC:14456,variant,78.2
H2AJ,human,Homo sapiens,ENSG00000246705,vastus lateralis,88.61,H2AJ:HGNC:14456,variant,84.7011111111111
H2AJ,human,Homo sapiens,ENSG00000246705,vastus lateralis,90.44,H2AJ:HGNC:14456,variant,84.7011111111111
H2AJ,human,Homo sapiens,ENSG00000246705,vastus lateralis,93.5,H2AJ:HGNC:14456,variant,84.7011111111111
H2AJ,human,Homo sapiens,ENSG00000246705,vastus lateralis,91.58,H2AJ:HGNC:14456,variant,84.7011111111111
H2AJ,human,Homo sapiens,ENSG00000246705,vastus lateralis,85.16,H2AJ:HGNC:14456,variant,84.7011111111111
H2AJ,human,Homo sapiens,ENSG00000246705,vastus lateralis,79.83,H2AJ:HGNC:14456,variant,84.7011111111111
H2AJ,human,Homo sapiens,ENSG00000246705,vastus lateralis,77.21,H2AJ:HGNC:14456,variant,84.7011111111111
H2AJ,human,Homo sapiens,ENSG00000246705,vastus lateralis,75.79,H2AJ:HGNC:14456,variant,84.7011111111111
H2AJ,human,Homo sapiens,ENSG00000246705,vastus lateralis,80.19,H2AJ:HGNC:14456,variant,84.7011111111111
H2AJ,human,Homo sapiens,ENSG00000246705,muscle of leg,94.17,H2AJ:HGNC:14456,variant,94.61
H2AJ,human,Homo sapiens,ENSG00000246705,muscle of leg,95.05,H2AJ:HGNC:14456,variant,94.61
H2AJ,human,Homo sapiens,ENSG00000246705,gastrocnemius,94.67,H2AJ:HGNC:14456,variant,94.63230769230769
H2AJ,human,Homo sapiens,ENSG00000246705,gastrocnemius,94.61,H2AJ:HGNC:14456,variant,94.63230769230769
H2AJ,human,Homo sapiens,ENSG00000246705,gastrocnemius,93.59,H2AJ:HGNC:14456,variant,94.63230769230769
H2AJ,human,Homo sapiens,ENSG00000246705,gastrocnemius,95.02,H2AJ:HGNC:14456,variant,94.63230769230769
H2AJ,human,Homo sapiens,ENSG00000246705,gastrocnemius,95.03,H2AJ:HGNC:14456,variant,94.63230769230769
H2AJ,human,Homo sapiens,ENSG00000246705,gastrocnemius,94.17,H2AJ:HGNC:14456,variant,94.63230769230769
H2AJ,human,Homo sapiens,ENSG00000246705,gastrocnemius,95.07,H2AJ:HGNC:14456,variant,94.63230769230769
H2AJ,human,Homo sapiens,ENSG00000246705,gastrocnemius,94.41,H2AJ:HGNC:14456,variant,94.63230769230769
H2AJ,human,Homo sapiens,ENSG00000246705,gastrocnemius,94.97,H2AJ:HGNC:14456,variant,94.63230769230769
H2AJ,human,Homo sapiens,ENSG00000246705,gastrocnemius,94.44,H2AJ:HGNC:14456,variant,94.63230769230769
H2AJ,human,Homo sapiens,ENSG00000246705,gastrocnemius,96.16,H2AJ:HGNC:14456,variant,94.63230769230769
H2AJ,human,Homo sapiens,ENSG00000246705,gastrocnemius,94.21,H2AJ:HGNC:14456,variant,94.63230769230769
H2AJ,human,Homo sapiens,ENSG00000246705,gastrocnemius,93.87,H2AJ:HGNC:14456,variant,94.63230769230769
H2AJ,human,Homo sapiens,ENSG00000246705,skin of abdomen,98.38,H2AJ:HGNC:14456,variant,98.143
H2AJ,human,Homo sapiens,ENSG00000246705,skin of abdomen,98.14,H2AJ:HGNC:14456,variant,98.143
H2AJ,human,Homo sapiens,ENSG00000246705,skin of abdomen,97.86,H2AJ:HGNC:14456,variant,98.143
H2AJ,human,Homo sapiens,ENSG00000246705,skin of abdomen,98.13,H2AJ:HGNC:14456,variant,98.143
H2AJ,human,Homo sapiens,ENSG00000246705,skin of abdomen,98.31,H2AJ:HGNC:14456,variant,98.143
H2AJ,human,Homo sapiens,ENSG00000246705,skin of abdomen,98.27,H2AJ:HGNC:14456,variant,98.143
H2AJ,human,Homo sapiens,ENSG00000246705,skin of abdomen,97.94,H2AJ:HGNC:14456,variant,98.143
H2AJ,human,Homo sapiens,ENSG00000246705,skin of abdomen,98.04,H2AJ:HGNC:14456,variant,98.143
H2AJ,human,Homo sapiens,ENSG00000246705,skin of abdomen,98.21,H2AJ:HGNC:14456,variant,98.143
H2AJ,human,Homo sapiens,ENSG00000246705,skin of abdomen,98.15,H2AJ:HGNC:14456,variant,98.143
H2AJ,human,Homo sapiens,ENSG00000246705,deltoid,90.43,H2AJ:HGNC:14456,variant,76.01
H2AJ,human,Homo sapiens,ENSG00000246705,deltoid,68.56,H2AJ:HGNC:14456,variant,76.01
H2AJ,human,Homo sapiens,ENSG00000246705,deltoid,69.04,H2AJ:HGNC:14456,variant,76.01
H2AJ,human,Homo sapiens,ENSG00000246705,ascending aorta,98.6,H2AJ:HGNC:14456,variant,98.679
H2AJ,human,Homo sapiens,ENSG00000246705,ascending aorta,98.72,H2AJ:HGNC:14456,variant,98.679
H2AJ,human,Homo sapiens,ENSG00000246705,ascending aorta,98.72,H2AJ:HGNC:14456,variant,98.679
H2AJ,human,Homo sapiens,ENSG00000246705,ascending aorta,98.54,H2AJ:HGNC:14456,variant,98.679
H2AJ,human,Homo sapiens,ENSG00000246705,ascending aorta,98.83,H2AJ:HGNC:14456,variant,98.679
H2AJ,human,Homo sapiens,ENSG00000246705,ascending aorta,98.62,H2AJ:HGNC:14456,variant,98.679
H2AJ,human,Homo sapiens,ENSG00000246705,ascending aorta,98.72,H2AJ:HGNC:14456,variant,98.679
H2AJ,human,Homo sapiens,ENSG00000246705,ascending aorta,98.57,H2AJ:HGNC:14456,variant,98.679
H2AJ,human,Homo sapiens,ENSG00000246705,ascending aorta,98.68,H2AJ:HGNC:14456,variant,98.679
H2AJ,human,Homo sapiens,ENSG00000246705,ascending aorta,98.79,H2AJ:HGNC:14456,variant,98.679
H2AJ,human,Homo sapiens,ENSG00000246705,biceps brachii,88.79,H2AJ:HGNC:14456,variant,90.90599999999999
H2AJ,human,Homo sapiens,ENSG00000246705,biceps brachii,91.36,H2AJ:HGNC:14456,variant,90.90599999999999
H2AJ,human,Homo sapiens,ENSG00000246705,biceps brachii,91.82,H2AJ:HGNC:14456,variant,90.90599999999999
H2AJ,human,Homo sapiens,ENSG00000246705,biceps brachii,91.58,H2AJ:HGNC:14456,variant,90.90599999999999
H2AJ,human,Homo sapiens,ENSG00000246705,biceps brachii,90.98,H2AJ:HGNC:14456,variant,90.90599999999999
H2AJ,human,Homo sapiens,ENSG00000246705,skin of leg,98.74,H2AJ:HGNC:14456,variant,98.42083333333333
H2AJ,human,Homo sapiens,ENSG00000246705,skin of leg,98.39,H2AJ:HGNC:14456,variant,98.42083333333333
H2AJ,human,Homo sapiens,ENSG00000246705,skin of leg,98.85,H2AJ:HGNC:14456,variant,98.42083333333333
H2AJ,human,Homo sapiens,ENSG00000246705,skin of leg,98.44,H2AJ:HGNC:14456,variant,98.42083333333333
H2AJ,human,Homo sapiens,ENSG00000246705,skin of leg,98.66,H2AJ:HGNC:14456,variant,98.42083333333333
H2AJ,human,Homo sapiens,ENSG00000246705,skin of leg,98.33,H2AJ:HGNC:14456,variant,98.42083333333333
H2AJ,human,Homo sapiens,ENSG00000246705,skin of leg,98.62,H2AJ:HGNC:14456,variant,98.42083333333333
H2AJ,human,Homo sapiens,ENSG00000246705,skin of leg,98.32,H2AJ:HGNC:14456,variant,98.42083333333333
H2AJ,human,Homo sapiens,ENSG00000246705,skin of leg,97.78,H2AJ:HGNC:14456,variant,98.42083333333333
H2AJ,human,Homo sapiens,ENSG00000246705,skin of leg,98.37,H2AJ:HGNC:14456,variant,98.42083333333333
H2AJ,human,Homo sapiens,ENSG00000246705,skin of leg,98.07,H2AJ:HGNC:14456,variant,98.42083333333333
H2AJ,human,Homo sapiens,ENSG00000246705,skin of leg,98.48,H2AJ:HGNC:14456,variant,98.42083333333333
H2AJ,human,Homo sapiens,ENSG00000246705,thoracic aorta,98.69,H2AJ:HGNC:14456,variant,98.68
H2AJ,human,Homo sapiens,ENSG00000246705,thoracic aorta,98.7,H2AJ:HGNC:14456,variant,98.68
H2AJ,human,Homo sapiens,ENSG00000246705,thoracic aorta,98.67,H2AJ:HGNC:14456,variant,98.68
H2AJ,human,Homo sapiens,ENSG00000246705,thoracic aorta,98.72,H2AJ:HGNC:14456,variant,98.68
H2AJ,human,Homo sapiens,ENSG00000246705,thoracic aorta,98.69,H2AJ:HGNC:14456,variant,98.68
H2AJ,human,Homo sapiens,ENSG00000246705,thoracic aorta,98.61,H2AJ:HGNC:14456,variant,98.68
H2AJ,human,Homo sapiens,ENSG00000246705,skin of hip,94.88,H2AJ:HGNC:14456,variant,94.88
H2AJ,human,Homo sapiens,ENSG00000246705,superficial temporal artery,94.39,H2AJ:HGNC:14456,variant,94.39
H2AJ,human,Homo sapiens,ENSG00000246705,coronary artery,98.3,H2AJ:HGNC:14456,variant,98.375
H2AJ,human,Homo sapiens,ENSG00000246705,coronary artery,98.45,H2AJ:HGNC:14456,variant,98.375
H2AJ,human,Homo sapiens,ENSG00000246705,right coronary artery,98.78,H2AJ:HGNC:14456,variant,98.685
H2AJ,human,Homo sapiens,ENSG00000246705,right coronary artery,98.59,H2AJ:HGNC:14456,variant,98.685
H2AJ,human,Homo sapiens,ENSG00000246705,left coronary artery,99.11,H2AJ:HGNC:14456,variant,98.81222222222222
H2AJ,human,Homo sapiens,ENSG00000246705,left coronary artery,98.73,H2AJ:HGNC:14456,variant,98.81222222222222
H2AJ,human,Homo sapiens,ENSG00000246705,left coronary artery,98.36,H2AJ:HGNC:14456,variant,98.81222222222222
H2AJ,human,Homo sapiens,ENSG00000246705,left coronary artery,98.79,H2AJ:HGNC:14456,variant,98.81222222222222
H2AJ,human,Homo sapiens,ENSG00000246705,left coronary artery,99.05,H2AJ:HGNC:14456,variant,98.81222222222222
H2AJ,human,Homo sapiens,ENSG00000246705,left coronary artery,98.86,H2AJ:HGNC:14456,variant,98.81222222222222
H2AJ,human,Homo sapiens,ENSG00000246705,left coronary artery,98.66,H2AJ:HGNC:14456,variant,98.81222222222222
H2AJ,human,Homo sapiens,ENSG00000246705,left coronary artery,98.87,H2AJ:HGNC:14456,variant,98.81222222222222
H2AJ,human,Homo sapiens,ENSG00000246705,left coronary artery,98.88,H2AJ:HGNC:14456,variant,98.81222222222222
H2AJ,human,Homo sapiens,ENSG00000246705,trigeminal ganglion,94.72,H2AJ:HGNC:14456,variant,93.985
H2AJ,human,Homo sapiens,ENSG00000246705,trigeminal ganglion,92.79,H2AJ:HGNC:14456,variant,93.985
H2AJ,human,Homo sapiens,ENSG00000246705,trigeminal ganglion,92.63,H2AJ:HGNC:14456,variant,93.985
H2AJ,human,Homo sapiens,ENSG00000246705,trigeminal ganglion,96.7,H2AJ:HGNC:14456,variant,93.985
H2AJ,human,Homo sapiens,ENSG00000246705,trigeminal ganglion,94.25,H2AJ:HGNC:14456,variant,93.985
H2AJ,human,Homo sapiens,ENSG00000246705,trigeminal ganglion,92.82,H2AJ:HGNC:14456,variant,93.985
H2AJ,human,Homo sapiens,ENSG00000246705,tongue,93.15,H2AJ:HGNC:14456,variant,93.15
H2AJ,human,Homo sapiens,ENSG00000246705,mammary duct,96.29,H2AJ:HGNC:14456,variant,96.29
H2AJ,human,Homo sapiens,ENSG00000246705,pigmented layer of retina,90.49,H2AJ:HGNC:14456,variant,90.8875
H2AJ,human,Homo sapiens,ENSG00000246705,pigmented layer of retina,89.53,H2AJ:HGNC:14456,variant,90.8875
H2AJ,human,Homo sapiens,ENSG00000246705,pigmented layer of retina,92.68,H2AJ:HGNC:14456,variant,90.8875
H2AJ,human,Homo sapiens,ENSG00000246705,pigmented layer of retina,90.85,H2AJ:HGNC:14456,variant,90.8875
H2AJ,human,Homo sapiens,ENSG00000246705,palpebral conjunctiva,98.08,H2AJ:HGNC:14456,variant,97.606
H2AJ,human,Homo sapiens,ENSG00000246705,palpebral conjunctiva,97.09,H2AJ:HGNC:14456,variant,97.606
H2AJ,human,Homo sapiens,ENSG00000246705,palpebral conjunctiva,97.86,H2AJ:HGNC:14456,variant,97.606
H2AJ,human,Homo sapiens,ENSG00000246705,palpebral conjunctiva,97.54,H2AJ:HGNC:14456,variant,97.606
H2AJ,human,Homo sapiens,ENSG00000246705,palpebral conjunctiva,97.46,H2AJ:HGNC:14456,variant,97.606
H2AJ,human,Homo sapiens,ENSG00000246705,nasal cavity mucosa,95.43,H2AJ:HGNC:14456,variant,95.43
H2AJ,human,Homo sapiens,ENSG00000246705,gingiva,97.13,H2AJ:HGNC:14456,variant,97.33
H2AJ,human,Homo sapiens,ENSG00000246705,gingiva,97.53,H2AJ:HGNC:14456,variant,97.33
H2AJ,human,Homo sapiens,ENSG00000246705,minor salivary gland,97.61,H2AJ:HGNC:14456,variant,97.686
H2AJ,human,Homo sapiens,ENSG00000246705,minor salivary gland,98.08,H2AJ:HGNC:14456,variant,97.686
H2AJ,human,Homo sapiens,ENSG00000246705,minor salivary gland,98.22,H2AJ:HGNC:14456,variant,97.686
H2AJ,human,Homo sapiens,ENSG00000246705,minor salivary gland,97.83,H2AJ:HGNC:14456,variant,97.686
H2AJ,human,Homo sapiens,ENSG00000246705,minor salivary gland,97.77,H2AJ:HGNC:14456,variant,97.686
H2AJ,human,Homo sapiens,ENSG00000246705,minor salivary gland,98.02,H2AJ:HGNC:14456,variant,97.686
H2AJ,human,Homo sapiens,ENSG00000246705,minor salivary gland,97.0,H2AJ:HGNC:14456,variant,97.686
H2AJ,human,Homo sapiens,ENSG00000246705,minor salivary gland,97.69,H2AJ:HGNC:14456,variant,97.686
H2AJ,human,Homo sapiens,ENSG00000246705,minor salivary gland,97.32,H2AJ:HGNC:14456,variant,97.686
H2AJ,human,Homo sapiens,ENSG00000246705,minor salivary gland,97.32,H2AJ:HGNC:14456,variant,97.686
H2AJ,human,Homo sapiens,ENSG00000246705,parotid gland,98.58,H2AJ:HGNC:14456,variant,98.53
H2AJ,human,Homo sapiens,ENSG00000246705,parotid gland,98.52,H2AJ:HGNC:14456,variant,98.53
H2AJ,human,Homo sapiens,ENSG00000246705,parotid gland,98.43,H2AJ:HGNC:14456,variant,98.53
H2AJ,human,Homo sapiens,ENSG00000246705,parotid gland,98.61,H2AJ:HGNC:14456,variant,98.53
H2AJ,human,Homo sapiens,ENSG00000246705,parotid gland,98.4,H2AJ:HGNC:14456,variant,98.53
H2AJ,human,Homo sapiens,ENSG00000246705,parotid gland,98.84,H2AJ:HGNC:14456,variant,98.53
H2AJ,human,Homo sapiens,ENSG00000246705,parotid gland,98.45,H2AJ:HGNC:14456,variant,98.53
H2AJ,human,Homo sapiens,ENSG00000246705,parotid gland,98.41,H2AJ:HGNC:14456,variant,98.53
H2AJ,human,Homo sapiens,ENSG00000246705,frontal cortex,66.61,H2AJ:HGNC:14456,variant,79.24166666666666
H2AJ,human,Homo sapiens,ENSG00000246705,frontal cortex,74.5,H2AJ:HGNC:14456,variant,79.24166666666666
H2AJ,human,Homo sapiens,ENSG00000246705,frontal cortex,83.27,H2AJ:HGNC:14456,variant,79.24166666666666
H2AJ,human,Homo sapiens,ENSG00000246705,frontal cortex,76.04,H2AJ:HGNC:14456,variant,79.24166666666666
H2AJ,human,Homo sapiens,ENSG00000246705,frontal cortex,83.7,H2AJ:HGNC:14456,variant,79.24166666666666
H2AJ,human,Homo sapiens,ENSG00000246705,frontal cortex,80.19,H2AJ:HGNC:14456,variant,79.24166666666666
H2AJ,human,Homo sapiens,ENSG00000246705,frontal cortex,78.12,H2AJ:HGNC:14456,variant,79.24166666666666
H2AJ,human,Homo sapiens,ENSG00000246705,frontal cortex,83.41,H2AJ:HGNC:14456,variant,79.24166666666666
H2AJ,human,Homo sapiens,ENSG00000246705,frontal cortex,79.49,H2AJ:HGNC:14456,variant,79.24166666666666
H2AJ,human,Homo sapiens,ENSG00000246705,frontal cortex,84.07,H2AJ:HGNC:14456,variant,79.24166666666666
H2AJ,human,Homo sapiens,ENSG00000246705,frontal cortex,77.72,H2AJ:HGNC:14456,variant,79.24166666666666
H2AJ,human,Homo sapiens,ENSG00000246705,frontal cortex,77.64,H2AJ:HGNC:14456,variant,79.24166666666666
H2AJ,human,Homo sapiens,ENSG00000246705,frontal cortex,81.12,H2AJ:HGNC:14456,variant,79.24166666666666
H2AJ,human,Homo sapiens,ENSG00000246705,frontal cortex,81.85,H2AJ:HGNC:14456,variant,79.24166666666666
H2AJ,human,Homo sapiens,ENSG00000246705,frontal cortex,81.28,H2AJ:HGNC:14456,variant,79.24166666666666
H2AJ,human,Homo sapiens,ENSG00000246705,frontal cortex,81.94,H2AJ:HGNC:14456,variant,79.24166666666666
H2AJ,human,Homo sapiens,ENSG00000246705,frontal cortex,71.7,H2AJ:HGNC:14456,variant,79.24166666666666
H2AJ,human,Homo sapiens,ENSG00000246705,frontal cortex,83.7,H2AJ:HGNC:14456,variant,79.24166666666666
H2AJ,human,Homo sapiens,ENSG00000246705,temporal lobe,80.59,H2AJ:HGNC:14456,variant,81.02166666666666
H2AJ,human,Homo sapiens,ENSG00000246705,temporal lobe,74.54,H2AJ:HGNC:14456,variant,81.02166666666666
H2AJ,human,Homo sapiens,ENSG00000246705,temporal lobe,80.48,H2AJ:HGNC:14456,variant,81.02166666666666
H2AJ,human,Homo sapiens,ENSG00000246705,temporal lobe,79.83,H2AJ:HGNC:14456,variant,81.02166666666666
H2AJ,human,Homo sapiens,ENSG00000246705,temporal lobe,88.16,H2AJ:HGNC:14456,variant,81.02166666666666
H2AJ,human,Homo sapiens,ENSG00000246705,temporal lobe,82.53,H2AJ:HGNC:14456,variant,81.02166666666666
H2AJ,human,Homo sapiens,ENSG00000246705,parietal lobe,78.08,H2AJ:HGNC:14456,variant,78.128
H2AJ,human,Homo sapiens,ENSG00000246705,parietal lobe,73.39,H2AJ:HGNC:14456,variant,78.128
H2AJ,human,Homo sapiens,ENSG00000246705,parietal lobe,78.17,H2AJ:HGNC:14456,variant,78.128
H2AJ,human,Homo sapiens,ENSG00000246705,parietal lobe,75.65,H2AJ:HGNC:14456,variant,78.128
H2AJ,human,Homo sapiens,ENSG00000246705,parietal lobe,85.35,H2AJ:HGNC:14456,variant,78.128
H2AJ,human,Homo sapiens,ENSG00000246705,caudate nucleus,82.25,H2AJ:HGNC:14456,variant,85.55529411764707
H2AJ,human,Homo sapiens,ENSG00000246705,caudate nucleus,78.22,H2AJ:HGNC:14456,variant,85.55529411764707
H2AJ,human,Homo sapiens,ENSG00000246705,caudate nucleus,88.24,H2AJ:HGNC:14456,variant,85.55529411764707
H2AJ,human,Homo sapiens,ENSG00000246705,caudate nucleus,92.04,H2AJ:HGNC:14456,variant,85.55529411764707
H2AJ,human,Homo sapiens,ENSG00000246705,caudate nucleus,88.89,H2AJ:HGNC:14456,variant,85.55529411764707
H2AJ,human,Homo sapiens,ENSG00000246705,caudate nucleus,89.97,H2AJ:HGNC:14456,variant,85.55529411764707
H2AJ,human,Homo sapiens,ENSG00000246705,caudate nucleus,91.14,H2AJ:HGNC:14456,variant,85.55529411764707
H2AJ,human,Homo sapiens,ENSG00000246705,caudate nucleus,91.88,H2AJ:HGNC:14456,variant,85.55529411764707
H2AJ,human,Homo sapiens,ENSG00000246705,caudate nucleus,91.92,H2AJ:HGNC:14456,variant,85.55529411764707
H2AJ,human,Homo sapiens,ENSG00000246705,caudate nucleus,89.78,H2AJ:HGNC:14456,variant,85.55529411764707
H2AJ,human,Homo sapiens,ENSG00000246705,caudate nucleus,79.73,H2AJ:HGNC:14456,variant,85.55529411764707
H2AJ,human,Homo sapiens,ENSG00000246705,caudate nucleus,76.25,H2AJ:HGNC:14456,variant,85.55529411764707
H2AJ,human,Homo sapiens,ENSG00000246705,caudate nucleus,90.24,H2AJ:HGNC:14456,variant,85.55529411764707
H2AJ,human,Homo sapiens,ENSG00000246705,caudate nucleus,90.42,H2AJ:HGNC:14456,variant,85.55529411764707
H2AJ,human,Homo sapiens,ENSG00000246705,caudate nucleus,78.64,H2AJ:HGNC:14456,variant,85.55529411764707
H2AJ,human,Homo sapiens,ENSG00000246705,caudate nucleus,78.61,H2AJ:HGNC:14456,variant,85.55529411764707
H2AJ,human,Homo sapiens,ENSG00000246705,caudate nucleus,76.22,H2AJ:HGNC:14456,variant,85.55529411764707
H2AJ,human,Homo sapiens,ENSG00000246705,putamen,86.38,H2AJ:HGNC:14456,variant,89.52
H2AJ,human,Homo sapiens,ENSG00000246705,putamen,84.48,H2AJ:HGNC:14456,variant,89.52
H2AJ,human,Homo sapiens,ENSG00000246705,putamen,85.03,H2AJ:HGNC:14456,variant,89.52
H2AJ,human,Homo sapiens,ENSG00000246705,putamen,89.09,H2AJ:HGNC:14456,variant,89.52
H2AJ,human,Homo sapiens,ENSG00000246705,putamen,91.63,H2AJ:HGNC:14456,variant,89.52
H2AJ,human,Homo sapiens,ENSG00000246705,putamen,92.25,H2AJ:HGNC:14456,variant,89.52
H2AJ,human,Homo sapiens,ENSG00000246705,putamen,91.66,H2AJ:HGNC:14456,variant,89.52
H2AJ,human,Homo sapiens,ENSG00000246705,putamen,90.13,H2AJ:HGNC:14456,variant,89.52
H2AJ,human,Homo sapiens,ENSG00000246705,putamen,93.07,H2AJ:HGNC:14456,variant,89.52
H2AJ,human,Homo sapiens,ENSG00000246705,putamen,91.7,H2AJ:HGNC:14456,variant,89.52
H2AJ,human,Homo sapiens,ENSG00000246705,putamen,87.21,H2AJ:HGNC:14456,variant,89.52
H2AJ,human,Homo sapiens,ENSG00000246705,putamen,90.5,H2AJ:HGNC:14456,variant,89.52
H2AJ,human,Homo sapiens,ENSG00000246705,putamen,90.63,H2AJ:HGNC:14456,variant,89.52
H2AJ,human,Homo sapiens,ENSG00000246705,globus pallidus,85.37,H2AJ:HGNC:14456,variant,85.37
H2AJ,human,Homo sapiens,ENSG00000246705,amygdala,82.18,H2AJ:HGNC:14456,variant,87.194
H2AJ,human,Homo sapiens,ENSG00000246705,amygdala,82.4,H2AJ:HGNC:14456,variant,87.194
H2AJ,human,Homo sapiens,ENSG00000246705,amygdala,88.57,H2AJ:HGNC:14456,variant,87.194
H2AJ,human,Homo sapiens,ENSG00000246705,amygdala,88.96,H2AJ:HGNC:14456,variant,87.194
H2AJ,human,Homo sapiens,ENSG00000246705,amygdala,87.11,H2AJ:HGNC:14456,variant,87.194
H2AJ,human,Homo sapiens,ENSG00000246705,amygdala,88.03,H2AJ:HGNC:14456,variant,87.194
H2AJ,human,Homo sapiens,ENSG00000246705,amygdala,89.3,H2AJ:HGNC:14456,variant,87.194
H2AJ,human,Homo sapiens,ENSG00000246705,amygdala,90.78,H2AJ:HGNC:14456,variant,87.194
H2AJ,human,Homo sapiens,ENSG00000246705,amygdala,87.22,H2AJ:HGNC:14456,variant,87.194
H2AJ,human,Homo sapiens,ENSG00000246705,amygdala,87.39,H2AJ:HGNC:14456,variant,87.194
H2AJ,human,Homo sapiens,ENSG00000246705,nucleus accumbens,90.0,H2AJ:HGNC:14456,variant,91.14
H2AJ,human,Homo sapiens,ENSG00000246705,nucleus accumbens,85.25,H2AJ:HGNC:14456,variant,91.14
H2AJ,human,Homo sapiens,ENSG00000246705,nucleus accumbens,89.91,H2AJ:HGNC:14456,variant,91.14
H2AJ,human,Homo sapiens,ENSG00000246705,nucleus accumbens,91.51,H2AJ:HGNC:14456,variant,91.14
H2AJ,human,Homo sapiens,ENSG00000246705,nucleus accumbens,92.45,H2AJ:HGNC:14456,variant,91.14
H2AJ,human,Homo sapiens,ENSG00000246705,nucleus accumbens,91.27,H2AJ:HGNC:14456,variant,91.14
H2AJ,human,Homo sapiens,ENSG00000246705,nucleus accumbens,91.87,H2AJ:HGNC:14456,variant,91.14
H2AJ,human,Homo sapiens,ENSG00000246705,nucleus accumbens,92.51,H2AJ:HGNC:14456,variant,91.14
H2AJ,human,Homo sapiens,ENSG00000246705,nucleus accumbens,92.37,H2AJ:HGNC:14456,variant,91.14
H2AJ,human,Homo sapiens,ENSG00000246705,nucleus accumbens,92.74,H2AJ:HGNC:14456,variant,91.14
H2AJ,human,Homo sapiens,ENSG00000246705,nucleus accumbens,91.84,H2AJ:HGNC:14456,variant,91.14
H2AJ,human,Homo sapiens,ENSG00000246705,nucleus accumbens,91.96,H2AJ:HGNC:14456,variant,91.14
H2AJ,human,Homo sapiens,ENSG00000246705,forebrain,76.15,H2AJ:HGNC:14456,variant,74.245
H2AJ,human,Homo sapiens,ENSG00000246705,forebrain,72.34,H2AJ:HGNC:14456,variant,74.245
H2AJ,human,Homo sapiens,ENSG00000246705,midbrain,89.84,H2AJ:HGNC:14456,variant,88.144
H2AJ,human,Homo sapiens,ENSG00000246705,midbrain,85.35,H2AJ:HGNC:14456,variant,88.144
H2AJ,human,Homo sapiens,ENSG00000246705,midbrain,90.54,H2AJ:HGNC:14456,variant,88.144
H2AJ,human,Homo sapiens,ENSG00000246705,midbrain,89.03,H2AJ:HGNC:14456,variant,88.144
H2AJ,human,Homo sapiens,ENSG00000246705,midbrain,85.96,H2AJ:HGNC:14456,variant,88.144
H2AJ,human,Homo sapiens,ENSG00000246705,telencephalon,84.23,H2AJ:HGNC:14456,variant,84.23
H2AJ,human,Homo sapiens,ENSG00000246705,medulla oblongata,84.63,H2AJ:HGNC:14456,variant,87.312
H2AJ,human,Homo sapiens,ENSG00000246705,medulla oblongata,84.58,H2AJ:HGNC:14456,variant,87.312
H2AJ,human,Homo sapiens,ENSG00000246705,medulla oblongata,87.84,H2AJ:HGNC:14456,variant,87.312
H2AJ,human,Homo sapiens,ENSG00000246705,medulla oblongata,89.72,H2AJ:HGNC:14456,variant,87.312
H2AJ,human,Homo sapiens,ENSG00000246705,medulla oblongata,89.79,H2AJ:HGNC:14456,variant,87.312
H2AJ,human,Homo sapiens,ENSG00000246705,dorsal plus ventral thalamus,86.71,H2AJ:HGNC:14456,variant,86.35249999999999
H2AJ,human,Homo sapiens,ENSG00000246705,dorsal plus ventral thalamus,82.38,H2AJ:HGNC:14456,variant,86.35249999999999
H2AJ,human,Homo sapiens,ENSG00000246705,dorsal plus ventral thalamus,87.26,H2AJ:HGNC:14456,variant,86.35249999999999
H2AJ,human,Homo sapiens,ENSG00000246705,dorsal plus ventral thalamus,89.06,H2AJ:HGNC:14456,variant,86.35249999999999
H2AJ,human,Homo sapiens,ENSG00000246705,hypothalamus,84.41,H2AJ:HGNC:14456,variant,86.48333333333333
H2AJ,human,Homo sapiens,ENSG00000246705,hypothalamus,87.67,H2AJ:HGNC:14456,variant,86.48333333333333
H2AJ,human,Homo sapiens,ENSG00000246705,hypothalamus,89.24,H2AJ:HGNC:14456,variant,86.48333333333333
H2AJ,human,Homo sapiens,ENSG00000246705,hypothalamus,86.49,H2AJ:HGNC:14456,variant,86.48333333333333
H2AJ,human,Homo sapiens,ENSG00000246705,hypothalamus,85.27,H2AJ:HGNC:14456,variant,86.48333333333333
H2AJ,human,Homo sapiens,ENSG00000246705,hypothalamus,86.31,H2AJ:HGNC:14456,variant,86.48333333333333
H2AJ,human,Homo sapiens,ENSG00000246705,hypothalamus,90.71,H2AJ:HGNC:14456,variant,86.48333333333333
H2AJ,human,Homo sapiens,ENSG00000246705,hypothalamus,87.32,H2AJ:HGNC:14456,variant,86.48333333333333
H2AJ,human,Homo sapiens,ENSG00000246705,hypothalamus,90.79,H2AJ:HGNC:14456,variant,86.48333333333333
H2AJ,human,Homo sapiens,ENSG00000246705,hypothalamus,89.93,H2AJ:HGNC:14456,variant,86.48333333333333
H2AJ,human,Homo sapiens,ENSG00000246705,hypothalamus,86.78,H2AJ:HGNC:14456,variant,86.48333333333333
H2AJ,human,Homo sapiens,ENSG00000246705,hypothalamus,82.27,H2AJ:HGNC:14456,variant,86.48333333333333
H2AJ,human,Homo sapiens,ENSG00000246705,hypothalamus,83.92,H2AJ:HGNC:14456,variant,86.48333333333333
H2AJ,human,Homo sapiens,ENSG00000246705,hypothalamus,82.38,H2AJ:HGNC:14456,variant,86.48333333333333
H2AJ,human,Homo sapiens,ENSG00000246705,hypothalamus,83.76,H2AJ:HGNC:14456,variant,86.48333333333333
H2AJ,human,Homo sapiens,ENSG00000246705,subthalamic nucleus,89.29,H2AJ:HGNC:14456,variant,89.96857142857142
H2AJ,human,Homo sapiens,ENSG00000246705,subthalamic nucleus,91.43,H2AJ:HGNC:14456,variant,89.96857142857142
H2AJ,human,Homo sapiens,ENSG00000246705,subthalamic nucleus,88.77,H2AJ:HGNC:14456,variant,89.96857142857142
H2AJ,human,Homo sapiens,ENSG00000246705,subthalamic nucleus,89.21,H2AJ:HGNC:14456,variant,89.96857142857142
H2AJ,human,Homo sapiens,ENSG00000246705,subthalamic nucleus,92.37,H2AJ:HGNC:14456,variant,89.96857142857142
H2AJ,human,Homo sapiens,ENSG00000246705,subthalamic nucleus,87.6,H2AJ:HGNC:14456,variant,89.96857142857142
H2AJ,human,Homo sapiens,ENSG00000246705,subthalamic nucleus,91.11,H2AJ:HGNC:14456,variant,89.96857142857142
H2AJ,human,Homo sapiens,ENSG00000246705,mammary gland,96.07,H2AJ:HGNC:14456,variant,96.07
H2AJ,human,Homo sapiens,ENSG00000246705,gingival epithelium,97.95,H2AJ:HGNC:14456,variant,97.95
H2AJ,human,Homo sapiens,ENSG00000246705,neocortex,72.88,H2AJ:HGNC:14456,variant,72.88
H2AJ,human,Homo sapiens,ENSG00000246705,epithelium of nasopharynx,97.35,H2AJ:HGNC:14456,variant,97.35
H2AJ,human,Homo sapiens,ENSG00000246705,Ammon's horn,82.42,H2AJ:HGNC:14456,variant,81.31454545454545
H2AJ,human,Homo sapiens,ENSG00000246705,Ammon's horn,79.07,H2AJ:HGNC:14456,variant,81.31454545454545
H2AJ,human,Homo sapiens,ENSG00000246705,Ammon's horn,80.41,H2AJ:HGNC:14456,variant,81.31454545454545
H2AJ,human,Homo sapiens,ENSG00000246705,Ammon's horn,82.23,H2AJ:HGNC:14456,variant,81.31454545454545
H2AJ,human,Homo sapiens,ENSG00000246705,Ammon's horn,85.27,H2AJ:HGNC:14456,variant,81.31454545454545
H2AJ,human,Homo sapiens,ENSG00000246705,Ammon's horn,86.32,H2AJ:HGNC:14456,variant,81.31454545454545
H2AJ,human,Homo sapiens,ENSG00000246705,Ammon's horn,86.76,H2AJ:HGNC:14456,variant,81.31454545454545
H2AJ,human,Homo sapiens,ENSG00000246705,Ammon's horn,86.86,H2AJ:HGNC:14456,variant,81.31454545454545
H2AJ,human,Homo sapiens,ENSG00000246705,Ammon's horn,91.01,H2AJ:HGNC:14456,variant,81.31454545454545
H2AJ,human,Homo sapiens,ENSG00000246705,Ammon's horn,76.08,H2AJ:HGNC:14456,variant,81.31454545454545
H2AJ,human,Homo sapiens,ENSG00000246705,Ammon's horn,88.45,H2AJ:HGNC:14456,variant,81.31454545454545
H2AJ,human,Homo sapiens,ENSG00000246705,Ammon's horn,80.91,H2AJ:HGNC:14456,variant,81.31454545454545
H2AJ,human,Homo sapiens,ENSG00000246705,Ammon's horn,74.13,H2AJ:HGNC:14456,variant,81.31454545454545
H2AJ,human,Homo sapiens,ENSG00000246705,Ammon's horn,80.73,H2AJ:HGNC:14456,variant,81.31454545454545
H2AJ,human,Homo sapiens,ENSG00000246705,Ammon's horn,79.94,H2AJ:HGNC:14456,variant,81.31454545454545
H2AJ,human,Homo sapiens,ENSG00000246705,Ammon's horn,73.66,H2AJ:HGNC:14456,variant,81.31454545454545
H2AJ,human,Homo sapiens,ENSG00000246705,Ammon's horn,71.49,H2AJ:HGNC:14456,variant,81.31454545454545
H2AJ,human,Homo sapiens,ENSG00000246705,Ammon's horn,75.55,H2AJ:HGNC:14456,variant,81.31454545454545
H2AJ,human,Homo sapiens,ENSG00000246705,Ammon's horn,77.59,H2AJ:HGNC:14456,variant,81.31454545454545
H2AJ,human,Homo sapiens,ENSG00000246705,Ammon's horn,84.67,H2AJ:HGNC:14456,variant,81.31454545454545
H2AJ,human,Homo sapiens,ENSG00000246705,Ammon's horn,84.77,H2AJ:HGNC:14456,variant,81.31454545454545
H2AJ,human,Homo sapiens,ENSG00000246705,Ammon's horn,80.6,H2AJ:HGNC:14456,variant,81.31454545454545
H2AJ,human,Homo sapiens,ENSG00000246705,substantia nigra pars compacta,87.63,H2AJ:HGNC:14456,variant,88.33500000000001
H2AJ,human,Homo sapiens,ENSG00000246705,substantia nigra pars compacta,89.04,H2AJ:HGNC:14456,variant,88.33500000000001
H2AJ,human,Homo sapiens,ENSG00000246705,substantia nigra pars reticulata,89.19,H2AJ:HGNC:14456,variant,90.295
H2AJ,human,Homo sapiens,ENSG00000246705,substantia nigra pars reticulata,91.4,H2AJ:HGNC:14456,variant,90.295
H2AJ,human,Homo sapiens,ENSG00000246705,epithelium of esophagus,90.54,H2AJ:HGNC:14456,variant,90.54
H2AJ,human,Homo sapiens,ENSG00000246705,placenta,82.16,H2AJ:HGNC:14456,variant,88.935
H2AJ,human,Homo sapiens,ENSG00000246705,placenta,90.25,H2AJ:HGNC:14456,variant,88.935
H2AJ,human,Homo sapiens,ENSG00000246705,placenta,90.83,H2AJ:HGNC:14456,variant,88.935
H2AJ,human,Homo sapiens,ENSG00000246705,placenta,92.5,H2AJ:HGNC:14456,variant,88.935
H2AJ,human,Homo sapiens,ENSG00000246705,occipital lobe,75.55,H2AJ:HGNC:14456,variant,81.01
H2AJ,human,Homo sapiens,ENSG00000246705,occipital lobe,83.03,H2AJ:HGNC:14456,variant,81.01
H2AJ,human,Homo sapiens,ENSG00000246705,occipital lobe,84.45,H2AJ:HGNC:14456,variant,81.01
H2AJ,human,Homo sapiens,ENSG00000246705,nipple,96.97,H2AJ:HGNC:14456,variant,97.70666666666666
H2AJ,human,Homo sapiens,ENSG00000246705,nipple,97.97,H2AJ:HGNC:14456,variant,97.70666666666666
H2AJ,human,Homo sapiens,ENSG00000246705,nipple,98.18,H2AJ:HGNC:14456,variant,97.70666666666666
H2AJ,human,Homo sapiens,ENSG00000246705,epithelium of bronchus,85.48,H2AJ:HGNC:14456,variant,90.89307692307693
H2AJ,human,Homo sapiens,ENSG00000246705,epithelium of bronchus,94.18,H2AJ:HGNC:14456,variant,90.89307692307693
H2AJ,human,Homo sapiens,ENSG00000246705,epithelium of bronchus,88.68,H2AJ:HGNC:14456,variant,90.89307692307693
H2AJ,human,Homo sapiens,ENSG00000246705,epithelium of bronchus,82.11,H2AJ:HGNC:14456,variant,90.89307692307693
H2AJ,human,Homo sapiens,ENSG00000246705,epithelium of bronchus,93.03,H2AJ:HGNC:14456,variant,90.89307692307693
H2AJ,human,Homo sapiens,ENSG00000246705,epithelium of bronchus,95.58,H2AJ:HGNC:14456,variant,90.89307692307693
H2AJ,human,Homo sapiens,ENSG00000246705,epithelium of bronchus,92.79,H2AJ:HGNC:14456,variant,90.89307692307693
H2AJ,human,Homo sapiens,ENSG00000246705,epithelium of bronchus,94.97,H2AJ:HGNC:14456,variant,90.89307692307693
H2AJ,human,Homo sapiens,ENSG00000246705,epithelium of bronchus,95.53,H2AJ:HGNC:14456,variant,90.89307692307693
H2AJ,human,Homo sapiens,ENSG00000246705,epithelium of bronchus,91.81,H2AJ:HGNC:14456,variant,90.89307692307693
H2AJ,human,Homo sapiens,ENSG00000246705,epithelium of bronchus,89.03,H2AJ:HGNC:14456,variant,90.89307692307693
H2AJ,human,Homo sapiens,ENSG00000246705,epithelium of bronchus,90.36,H2AJ:HGNC:14456,variant,90.89307692307693
H2AJ,human,Homo sapiens,ENSG00000246705,epithelium of bronchus,88.06,H2AJ:HGNC:14456,variant,90.89307692307693
H2AJ,human,Homo sapiens,ENSG00000246705,cerebellum,81.07,H2AJ:HGNC:14456,variant,80.753
H2AJ,human,Homo sapiens,ENSG00000246705,cerebellum,80.22,H2AJ:HGNC:14456,variant,80.753
H2AJ,human,Homo sapiens,ENSG00000246705,cerebellum,81.01,H2AJ:HGNC:14456,variant,80.753
H2AJ,human,Homo sapiens,ENSG00000246705,cerebellum,82.08,H2AJ:HGNC:14456,variant,80.753
H2AJ,human,Homo sapiens,ENSG00000246705,cerebellum,82.45,H2AJ:HGNC:14456,variant,80.753
H2AJ,human,Homo sapiens,ENSG00000246705,cerebellum,81.94,H2AJ:HGNC:14456,variant,80.753
H2AJ,human,Homo sapiens,ENSG00000246705,cerebellum,77.31,H2AJ:HGNC:14456,variant,80.753
H2AJ,human,Homo sapiens,ENSG00000246705,cerebellum,80.48,H2AJ:HGNC:14456,variant,80.753
H2AJ,human,Homo sapiens,ENSG00000246705,cerebellum,80.52,H2AJ:HGNC:14456,variant,80.753
H2AJ,human,Homo sapiens,ENSG00000246705,cerebellum,80.45,H2AJ:HGNC:14456,variant,80.753
H2AJ,human,Homo sapiens,ENSG00000246705,substantia nigra,92.74,H2AJ:HGNC:14456,variant,87.73705882352941
H2AJ,human,Homo sapiens,ENSG00000246705,substantia nigra,88.73,H2AJ:HGNC:14456,variant,87.73705882352941
H2AJ,human,Homo sapiens,ENSG00000246705,substantia nigra,88.5,H2AJ:HGNC:14456,variant,87.73705882352941
H2AJ,human,Homo sapiens,ENSG00000246705,substantia nigra,91.55,H2AJ:HGNC:14456,variant,87.73705882352941
H2AJ,human,Homo sapiens,ENSG00000246705,substantia nigra,92.14,H2AJ:HGNC:14456,variant,87.73705882352941
H2AJ,human,Homo sapiens,ENSG00000246705,substantia nigra,88.85,H2AJ:HGNC:14456,variant,87.73705882352941
H2AJ,human,Homo sapiens,ENSG00000246705,substantia nigra,87.34,H2AJ:HGNC:14456,variant,87.73705882352941
H2AJ,human,Homo sapiens,ENSG00000246705,substantia nigra,92.35,H2AJ:HGNC:14456,variant,87.73705882352941
H2AJ,human,Homo sapiens,ENSG00000246705,substantia nigra,85.27,H2AJ:HGNC:14456,variant,87.73705882352941
H2AJ,human,Homo sapiens,ENSG00000246705,substantia nigra,92.72,H2AJ:HGNC:14456,variant,87.73705882352941
H2AJ,human,Homo sapiens,ENSG00000246705,substantia nigra,93.52,H2AJ:HGNC:14456,variant,87.73705882352941
H2AJ,human,Homo sapiens,ENSG00000246705,substantia nigra,92.76,H2AJ:HGNC:14456,variant,87.73705882352941
H2AJ,human,Homo sapiens,ENSG00000246705,substantia nigra,68.01,H2AJ:HGNC:14456,variant,87.73705882352941
H2AJ,human,Homo sapiens,ENSG00000246705,substantia nigra,74.2,H2AJ:HGNC:14456,variant,87.73705882352941
H2AJ,human,Homo sapiens,ENSG00000246705,substantia nigra,87.41,H2AJ:HGNC:14456,variant,87.73705882352941
H2AJ,human,Homo sapiens,ENSG00000246705,substantia nigra,87.57,H2AJ:HGNC:14456,variant,87.73705882352941
H2AJ,human,Homo sapiens,ENSG00000246705,substantia nigra,87.87,H2AJ:HGNC:14456,variant,87.73705882352941
H2AJ,human,Homo sapiens,ENSG00000246705,thyroid gland,96.8,H2AJ:HGNC:14456,variant,95.49764705882353
H2AJ,human,Homo sapiens,ENSG00000246705,thyroid gland,96.27,H2AJ:HGNC:14456,variant,95.49764705882353
H2AJ,human,Homo sapiens,ENSG00000246705,thyroid gland,94.47,H2AJ:HGNC:14456,variant,95.49764705882353
H2AJ,human,Homo sapiens,ENSG00000246705,thyroid gland,95.75,H2AJ:HGNC:14456,variant,95.49764705882353
H2AJ,human,Homo sapiens,ENSG00000246705,thyroid gland,95.86,H2AJ:HGNC:14456,variant,95.49764705882353
H2AJ,human,Homo sapiens,ENSG00000246705,thyroid gland,96.12,H2AJ:HGNC:14456,variant,95.49764705882353
H2AJ,human,Homo sapiens,ENSG00000246705,thyroid gland,96.68,H2AJ:HGNC:14456,variant,95.49764705882353
H2AJ,human,Homo sapiens,ENSG00000246705,thyroid gland,95.86,H2AJ:HGNC:14456,variant,95.49764705882353
H2AJ,human,Homo sapiens,ENSG00000246705,thyroid gland,97.03,H2AJ:HGNC:14456,variant,95.49764705882353
H2AJ,human,Homo sapiens,ENSG00000246705,thyroid gland,95.79,H2AJ:HGNC:14456,variant,95.49764705882353
H2AJ,human,Homo sapiens,ENSG00000246705,thyroid gland,95.9,H2AJ:HGNC:14456,variant,95.49764705882353
H2AJ,human,Homo sapiens,ENSG00000246705,thyroid gland,96.63,H2AJ:HGNC:14456,variant,95.49764705882353
H2AJ,human,Homo sapiens,ENSG00000246705,thyroid gland,94.91,H2AJ:HGNC:14456,variant,95.49764705882353
H2AJ,human,Homo sapiens,ENSG00000246705,thyroid gland,87.78,H2AJ:HGNC:14456,variant,95.49764705882353
H2AJ,human,Homo sapiens,ENSG00000246705,thyroid gland,95.56,H2AJ:HGNC:14456,variant,95.49764705882353
H2AJ,human,Homo sapiens,ENSG00000246705,thyroid gland,96.1,H2AJ:HGNC:14456,variant,95.49764705882353
H2AJ,human,Homo sapiens,ENSG00000246705,thyroid gland,95.95,H2AJ:HGNC:14456,variant,95.49764705882353
H2AJ,human,Homo sapiens,ENSG00000246705,lung,74.25,H2AJ:HGNC:14456,variant,89.01866666666666
H2AJ,human,Homo sapiens,ENSG00000246705,lung,86.11,H2AJ:HGNC:14456,variant,89.01866666666666
H2AJ,human,Homo sapiens,ENSG00000246705,lung,94.42,H2AJ:HGNC:14456,variant,89.01866666666666
H2AJ,human,Homo sapiens,ENSG00000246705,lung,94.72,H2AJ:HGNC:14456,variant,89.01866666666666
H2AJ,human,Homo sapiens,ENSG00000246705,lung,96.49,H2AJ:HGNC:14456,variant,89.01866666666666
H2AJ,human,Homo sapiens,ENSG00000246705,lung,88.93,H2AJ:HGNC:14456,variant,89.01866666666666
H2AJ,human,Homo sapiens,ENSG00000246705,lung,92.52,H2AJ:HGNC:14456,variant,89.01866666666666
H2AJ,human,Homo sapiens,ENSG00000246705,lung,94.25,H2AJ:HGNC:14456,variant,89.01866666666666
H2AJ,human,Homo sapiens,ENSG00000246705,lung,85.29,H2AJ:HGNC:14456,variant,89.01866666666666
H2AJ,human,Homo sapiens,ENSG00000246705,lung,88.44,H2AJ:HGNC:14456,variant,89.01866666666666
H2AJ,human,Homo sapiens,ENSG00000246705,lung,96.76,H2AJ:HGNC:14456,variant,89.01866666666666
H2AJ,human,Homo sapiens,ENSG00000246705,lung,85.52,H2AJ:HGNC:14456,variant,89.01866666666666
H2AJ,human,Homo sapiens,ENSG00000246705,lung,89.34,H2AJ:HGNC:14456,variant,89.01866666666666
H2AJ,human,Homo sapiens,ENSG00000246705,lung,89.69,H2AJ:HGNC:14456,variant,89.01866666666666
H2AJ,human,Homo sapiens,ENSG00000246705,lung,78.55,H2AJ:HGNC:14456,variant,89.01866666666666
H2AJ,human,Homo sapiens,ENSG00000246705,heart right ventricle,95.0,H2AJ:HGNC:14456,variant,94.28833333333334
H2AJ,human,Homo sapiens,ENSG00000246705,heart right ventricle,94.67,H2AJ:HGNC:14456,variant,94.28833333333334
H2AJ,human,Homo sapiens,ENSG00000246705,heart right ventricle,94.22,H2AJ:HGNC:14456,variant,94.28833333333334
H2AJ,human,Homo sapiens,ENSG00000246705,heart right ventricle,94.7,H2AJ:HGNC:14456,variant,94.28833333333334
H2AJ,human,Homo sapiens,ENSG00000246705,heart right ventricle,92.92,H2AJ:HGNC:14456,variant,94.28833333333334
H2AJ,human,Homo sapiens,ENSG00000246705,heart right ventricle,94.22,H2AJ:HGNC:14456,variant,94.28833333333334
H2AJ,human,Homo sapiens,ENSG00000246705,cardiac atrium,96.8,H2AJ:HGNC:14456,variant,95.50666666666666
H2AJ,human,Homo sapiens,ENSG00000246705,cardiac atrium,95.41,H2AJ:HGNC:14456,variant,95.50666666666666
H2AJ,human,Homo sapiens,ENSG00000246705,cardiac atrium,94.31,H2AJ:HGNC:14456,variant,95.50666666666666
H2AJ,human,Homo sapiens,ENSG00000246705,cardiac ventricle,93.94,H2AJ:HGNC:14456,variant,92.66666666666667
H2AJ,human,Homo sapiens,ENSG00000246705,cardiac ventricle,89.72,H2AJ:HGNC:14456,variant,92.66666666666667
H2AJ,human,Homo sapiens,ENSG00000246705,cardiac ventricle,94.34,H2AJ:HGNC:14456,variant,92.66666666666667
H2AJ,human,Homo sapiens,ENSG00000246705,heart left ventricle,95.07,H2AJ:HGNC:14456,variant,93.63058823529411
H2AJ,human,Homo sapiens,ENSG00000246705,heart left ventricle,94.11,H2AJ:HGNC:14456,variant,93.63058823529411
H2AJ,human,Homo sapiens,ENSG00000246705,heart left ventricle,88.96,H2AJ:HGNC:14456,variant,93.63058823529411
H2AJ,human,Homo sapiens,ENSG00000246705,heart left ventricle,94.45,H2AJ:HGNC:14456,variant,93.63058823529411
H2AJ,human,Homo sapiens,ENSG00000246705,heart left ventricle,94.29,H2AJ:HGNC:14456,variant,93.63058823529411
H2AJ,human,Homo sapiens,ENSG00000246705,heart left ventricle,93.38,H2AJ:HGNC:14456,variant,93.63058823529411
H2AJ,human,Homo sapiens,ENSG00000246705,heart left ventricle,96.3,H2AJ:HGNC:14456,variant,93.63058823529411
H2AJ,human,Homo sapiens,ENSG00000246705,heart left ventricle,93.9,H2AJ:HGNC:14456,variant,93.63058823529411
H2AJ,human,Homo sapiens,ENSG00000246705,heart left ventricle,94.22,H2AJ:HGNC:14456,variant,93.63058823529411
H2AJ,human,Homo sapiens,ENSG00000246705,heart left ventricle,94.13,H2AJ:HGNC:14456,variant,93.63058823529411
H2AJ,human,Homo sapiens,ENSG00000246705,heart left ventricle,93.84,H2AJ:HGNC:14456,variant,93.63058823529411
H2AJ,human,Homo sapiens,ENSG00000246705,heart left ventricle,93.6,H2AJ:HGNC:14456,variant,93.63058823529411
H2AJ,human,Homo sapiens,ENSG00000246705,heart left ventricle,87.44,H2AJ:HGNC:14456,variant,93.63058823529411
H2AJ,human,Homo sapiens,ENSG00000246705,heart left ventricle,96.51,H2AJ:HGNC:14456,variant,93.63058823529411
H2AJ,human,Homo sapiens,ENSG00000246705,heart left ventricle,93.82,H2AJ:HGNC:14456,variant,93.63058823529411
H2AJ,human,Homo sapiens,ENSG00000246705,heart left ventricle,93.93,H2AJ:HGNC:14456,variant,93.63058823529411
H2AJ,human,Homo sapiens,ENSG00000246705,heart left ventricle,93.77,H2AJ:HGNC:14456,variant,93.63058823529411
H2AJ,human,Homo sapiens,ENSG00000246705,apex of heart,95.13,H2AJ:HGNC:14456,variant,95.13
H2AJ,human,Homo sapiens,ENSG00000246705,spleen,95.74,H2AJ:HGNC:14456,variant,95.63666666666667
H2AJ,human,Homo sapiens,ENSG00000246705,spleen,96.09,H2AJ:HGNC:14456,variant,95.63666666666667
H2AJ,human,Homo sapiens,ENSG00000246705,spleen,94.81,H2AJ:HGNC:14456,variant,95.63666666666667
H2AJ,human,Homo sapiens,ENSG00000246705,spleen,95.18,H2AJ:HGNC:14456,variant,95.63666666666667
H2AJ,human,Homo sapiens,ENSG00000246705,spleen,96.29,H2AJ:HGNC:14456,variant,95.63666666666667
H2AJ,human,Homo sapiens,ENSG00000246705,spleen,96.13,H2AJ:HGNC:14456,variant,95.63666666666667
H2AJ,human,Homo sapiens,ENSG00000246705,spleen,96.41,H2AJ:HGNC:14456,variant,95.63666666666667
H2AJ,human,Homo sapiens,ENSG00000246705,spleen,95.66,H2AJ:HGNC:14456,variant,95.63666666666667
H2AJ,human,Homo sapiens,ENSG00000246705,spleen,95.14,H2AJ:HGNC:14456,variant,95.63666666666667
H2AJ,human,Homo sapiens,ENSG00000246705,spleen,96.16,H2AJ:HGNC:14456,variant,95.63666666666667
H2AJ,human,Homo sapiens,ENSG00000246705,spleen,94.53,H2AJ:HGNC:14456,variant,95.63666666666667
H2AJ,human,Homo sapiens,ENSG00000246705,spleen,95.5,H2AJ:HGNC:14456,variant,95.63666666666667
H2AJ,human,Homo sapiens,ENSG00000246705,liver,98.56,H2AJ:HGNC:14456,variant,93.15904761904761
H2AJ,human,Homo sapiens,ENSG00000246705,liver,94.98,H2AJ:HGNC:14456,variant,93.15904761904761
H2AJ,human,Homo sapiens,ENSG00000246705,liver,94.55,H2AJ:HGNC:14456,variant,93.15904761904761
H2AJ,human,Homo sapiens,ENSG00000246705,liver,89.54,H2AJ:HGNC:14456,variant,93.15904761904761
H2AJ,human,Homo sapiens,ENSG00000246705,liver,94.16,H2AJ:HGNC:14456,variant,93.15904761904761
H2AJ,human,Homo sapiens,ENSG00000246705,liver,92.67,H2AJ:HGNC:14456,variant,93.15904761904761
H2AJ,human,Homo sapiens,ENSG00000246705,liver,93.49,H2AJ:HGNC:14456,variant,93.15904761904761
H2AJ,human,Homo sapiens,ENSG00000246705,liver,89.17,H2AJ:HGNC:14456,variant,93.15904761904761
H2AJ,human,Homo sapiens,ENSG00000246705,liver,89.07,H2AJ:HGNC:14456,variant,93.15904761904761
H2AJ,human,Homo sapiens,ENSG00000246705,liver,95.93,H2AJ:HGNC:14456,variant,93.15904761904761
H2AJ,human,Homo sapiens,ENSG00000246705,liver,96.03,H2AJ:HGNC:14456,variant,93.15904761904761
H2AJ,human,Homo sapiens,ENSG00000246705,liver,94.26,H2AJ:HGNC:14456,variant,93.15904761904761
H2AJ,human,Homo sapiens,ENSG00000246705,liver,88.49,H2AJ:HGNC:14456,variant,93.15904761904761
H2AJ,human,Homo sapiens,ENSG00000246705,liver,90.94,H2AJ:HGNC:14456,variant,93.15904761904761
H2AJ,human,Homo sapiens,ENSG00000246705,liver,90.68,H2AJ:HGNC:14456,variant,93.15904761904761
H2AJ,human,Homo sapiens,ENSG00000246705,liver,98.96,H2AJ:HGNC:14456,variant,93.15904761904761
H2AJ,human,Homo sapiens,ENSG00000246705,liver,91.23,H2AJ:HGNC:14456,variant,93.15904761904761
H2AJ,human,Homo sapiens,ENSG00000246705,liver,90.93,H2AJ:HGNC:14456,variant,93.15904761904761
H2AJ,human,Homo sapiens,ENSG00000246705,liver,94.17,H2AJ:HGNC:14456,variant,93.15904761904761
H2AJ,human,Homo sapiens,ENSG00000246705,liver,92.54,H2AJ:HGNC:14456,variant,93.15904761904761
H2AJ,human,Homo sapiens,ENSG00000246705,liver,95.99,H2AJ:HGNC:14456,variant,93.15904761904761
H2AJ,human,Homo sapiens,ENSG00000246705,small intestine,94.52,H2AJ:HGNC:14456,variant,94.86
H2AJ,human,Homo sapiens,ENSG00000246705,small intestine,95.2,H2AJ:HGNC:14456,variant,94.86
H2AJ,human,Homo sapiens,ENSG00000246705,gall bladder,91.8,H2AJ:HGNC:14456,variant,91.8
H2AJ,human,Homo sapiens,ENSG00000246705,kidney,65.44,H2AJ:HGNC:14456,variant,80.67833333333333
H2AJ,human,Homo sapiens,ENSG00000246705,kidney,73.83,H2AJ:HGNC:14456,variant,80.67833333333333
H2AJ,human,Homo sapiens,ENSG00000246705,kidney,80.23,H2AJ:HGNC:14456,variant,80.67833333333333
H2AJ,human,Homo sapiens,ENSG00000246705,kidney,86.15,H2AJ:HGNC:14456,variant,80.67833333333333
H2AJ,human,Homo sapiens,ENSG00000246705,kidney,87.19,H2AJ:HGNC:14456,variant,80.67833333333333
H2AJ,human,Homo sapiens,ENSG00000246705,kidney,91.23,H2AJ:HGNC:14456,variant,80.67833333333333
H2AJ,human,Homo sapiens,ENSG00000246705,duodenum,90.14,H2AJ:HGNC:14456,variant,91.64333333333333
H2AJ,human,Homo sapiens,ENSG00000246705,duodenum,92.52,H2AJ:HGNC:14456,variant,91.64333333333333
H2AJ,human,Homo sapiens,ENSG00000246705,duodenum,92.27,H2AJ:HGNC:14456,variant,91.64333333333333
H2AJ,human,Homo sapiens,ENSG00000246705,jejunum,90.75,H2AJ:HGNC:14456,variant,91.005
H2AJ,human,Homo sapiens,ENSG00000246705,jejunum,91.26,H2AJ:HGNC:14456,variant,91.005
H2AJ,human,Homo sapiens,ENSG00000246705,right ovary,92.55,H2AJ:HGNC:14456,variant,94.284
H2AJ,human,Homo sapiens,ENSG00000246705,right ovary,95.5,H2AJ:HGNC:14456,variant,94.284
H2AJ,human,Homo sapiens,ENSG00000246705,right ovary,95.39,H2AJ:HGNC:14456,variant,94.284
H2AJ,human,Homo sapiens,ENSG00000246705,right ovary,92.65,H2AJ:HGNC:14456,variant,94.284
H2AJ,human,Homo sapiens,ENSG00000246705,right ovary,95.33,H2AJ:HGNC:14456,variant,94.284
H2AJ,human,Homo sapiens,ENSG00000246705,left ovary,93.93,H2AJ:HGNC:14456,variant,93.394
H2AJ,human,Homo sapiens,ENSG00000246705,left ovary,90.12,H2AJ:HGNC:14456,variant,93.394
H2AJ,human,Homo sapiens,ENSG00000246705,left ovary,94.33,H2AJ:HGNC:14456,variant,93.394
H2AJ,human,Homo sapiens,ENSG00000246705,left ovary,94.55,H2AJ:HGNC:14456,variant,93.394
H2AJ,human,Homo sapiens,ENSG00000246705,left ovary,94.04,H2AJ:HGNC:14456,variant,93.394
H2AJ,human,Homo sapiens,ENSG00000246705,cerebellar cortex,81.37,H2AJ:HGNC:14456,variant,81.36
H2AJ,human,Homo sapiens,ENSG00000246705,cerebellar cortex,81.35,H2AJ:HGNC:14456,variant,81.36
H2AJ,human,Homo sapiens,ENSG00000246705,right lung,98.51,H2AJ:HGNC:14456,variant,97.725
H2AJ,human,Homo sapiens,ENSG00000246705,right lung,96.94,H2AJ:HGNC:14456,variant,97.725
H2AJ,human,Homo sapiens,ENSG00000246705,bronchus,97.4,H2AJ:HGNC:14456,variant,95.97
H2AJ,human,Homo sapiens,ENSG00000246705,bronchus,94.54,H2AJ:HGNC:14456,variant,95.97
H2AJ,human,Homo sapiens,ENSG00000246705,subcutaneous adipose tissue,98.61,H2AJ:HGNC:14456,variant,98.32684210526315
H2AJ,human,Homo sapiens,ENSG00000246705,subcutaneous adipose tissue,98.88,H2AJ:HGNC:14456,variant,98.32684210526315
H2AJ,human,Homo sapiens,ENSG00000246705,subcutaneous adipose tissue,98.57,H2AJ:HGNC:14456,variant,98.32684210526315
H2AJ,human,Homo sapiens,ENSG00000246705,subcutaneous adipose tissue,98.34,H2AJ:HGNC:14456,variant,98.32684210526315
H2AJ,human,Homo sapiens,ENSG00000246705,subcutaneous adipose tissue,98.59,H2AJ:HGNC:14456,variant,98.32684210526315
H2AJ,human,Homo sapiens,ENSG00000246705,subcutaneous adipose tissue,98.51,H2AJ:HGNC:14456,variant,98.32684210526315
H2AJ,human,Homo sapiens,ENSG00000246705,subcutaneous adipose tissue,99.03,H2AJ:HGNC:14456,variant,98.32684210526315
H2AJ,human,Homo sapiens,ENSG00000246705,subcutaneous adipose tissue,98.85,H2AJ:HGNC:14456,variant,98.32684210526315
H2AJ,human,Homo sapiens,ENSG00000246705,subcutaneous adipose tissue,98.63,H2AJ:HGNC:14456,variant,98.32684210526315
H2AJ,human,Homo sapiens,ENSG00000246705,subcutaneous adipose tissue,98.39,H2AJ:HGNC:14456,variant,98.32684210526315
H2AJ,human,Homo sapiens,ENSG00000246705,subcutaneous adipose tissue,98.77,H2AJ:HGNC:14456,variant,98.32684210526315
H2AJ,human,Homo sapiens,ENSG00000246705,subcutaneous adipose tissue,98.48,H2AJ:HGNC:14456,variant,98.32684210526315
H2AJ,human,Homo sapiens,ENSG00000246705,subcutaneous adipose tissue,97.84,H2AJ:HGNC:14456,variant,98.32684210526315
H2AJ,human,Homo sapiens,ENSG00000246705,subcutaneous adipose tissue,98.76,H2AJ:HGNC:14456,variant,98.32684210526315
H2AJ,human,Homo sapiens,ENSG00000246705,subcutaneous adipose tissue,98.61,H2AJ:HGNC:14456,variant,98.32684210526315
H2AJ,human,Homo sapiens,ENSG00000246705,subcutaneous adipose tissue,98.43,H2AJ:HGNC:14456,variant,98.32684210526315
H2AJ,human,Homo sapiens,ENSG00000246705,subcutaneous adipose tissue,98.92,H2AJ:HGNC:14456,variant,98.32684210526315
H2AJ,human,Homo sapiens,ENSG00000246705,subcutaneous adipose tissue,94.3,H2AJ:HGNC:14456,variant,98.32684210526315
H2AJ,human,Homo sapiens,ENSG00000246705,subcutaneous adipose tissue,97.7,H2AJ:HGNC:14456,variant,98.32684210526315
H2AJ,human,Homo sapiens,ENSG00000246705,adenohypophysis,92.59,H2AJ:HGNC:14456,variant,91.25833333333333
H2AJ,human,Homo sapiens,ENSG00000246705,adenohypophysis,87.79,H2AJ:HGNC:14456,variant,91.25833333333333
H2AJ,human,Homo sapiens,ENSG00000246705,adenohypophysis,90.19,H2AJ:HGNC:14456,variant,91.25833333333333
H2AJ,human,Homo sapiens,ENSG00000246705,adenohypophysis,95.67,H2AJ:HGNC:14456,variant,91.25833333333333
H2AJ,human,Homo sapiens,ENSG00000246705,adenohypophysis,89.54,H2AJ:HGNC:14456,variant,91.25833333333333
H2AJ,human,Homo sapiens,ENSG00000246705,adenohypophysis,91.77,H2AJ:HGNC:14456,variant,91.25833333333333
H2AJ,human,Homo sapiens,ENSG00000246705,synovial joint,96.97,H2AJ:HGNC:14456,variant,96.745
H2AJ,human,Homo sapiens,ENSG00000246705,synovial joint,96.52,H2AJ:HGNC:14456,variant,96.745
H2AJ,human,Homo sapiens,ENSG00000246705,spinal cord,56.09,H2AJ:HGNC:14456,variant,85.31555555555556
H2AJ,human,Homo sapiens,ENSG00000246705,spinal cord,57.62,H2AJ:HGNC:14456,variant,85.31555555555556
H2AJ,human,Homo sapiens,ENSG00000246705,spinal cord,94.16,H2AJ:HGNC:14456,variant,85.31555555555556
H2AJ,human,Homo sapiens,ENSG00000246705,spinal cord,85.75,H2AJ:HGNC:14456,variant,85.31555555555556
H2AJ,human,Homo sapiens,ENSG00000246705,spinal cord,93.01,H2AJ:HGNC:14456,variant,85.31555555555556
H2AJ,human,Homo sapiens,ENSG00000246705,spinal cord,95.39,H2AJ:HGNC:14456,variant,85.31555555555556
H2AJ,human,Homo sapiens,ENSG00000246705,spinal cord,95.67,H2AJ:HGNC:14456,variant,85.31555555555556
H2AJ,human,Homo sapiens,ENSG00000246705,spinal cord,94.87,H2AJ:HGNC:14456,variant,85.31555555555556
H2AJ,human,Homo sapiens,ENSG00000246705,spinal cord,95.28,H2AJ:HGNC:14456,variant,85.31555555555556
H2AJ,human,Homo sapiens,ENSG00000246705,cerebellar hemisphere,79.27,H2AJ:HGNC:14456,variant,81.38090909090909
H2AJ,human,Homo sapiens,ENSG00000246705,cerebellar hemisphere,80.49,H2AJ:HGNC:14456,variant,81.38090909090909
H2AJ,human,Homo sapiens,ENSG00000246705,cerebellar hemisphere,81.07,H2AJ:HGNC:14456,variant,81.38090909090909
H2AJ,human,Homo sapiens,ENSG00000246705,cerebellar hemisphere,81.49,H2AJ:HGNC:14456,variant,81.38090909090909
H2AJ,human,Homo sapiens,ENSG00000246705,cerebellar hemisphere,81.2,H2AJ:HGNC:14456,variant,81.38090909090909
H2AJ,human,Homo sapiens,ENSG00000246705,cerebellar hemisphere,82.75,H2AJ:HGNC:14456,variant,81.38090909090909
H2AJ,human,Homo sapiens,ENSG00000246705,cerebellar hemisphere,80.99,H2AJ:HGNC:14456,variant,81.38090909090909
H2AJ,human,Homo sapiens,ENSG00000246705,cerebellar hemisphere,81.17,H2AJ:HGNC:14456,variant,81.38090909090909
H2AJ,human,Homo sapiens,ENSG00000246705,cerebellar hemisphere,82.02,H2AJ:HGNC:14456,variant,81.38090909090909
H2AJ,human,Homo sapiens,ENSG00000246705,cerebellar hemisphere,83.19,H2AJ:HGNC:14456,variant,81.38090909090909
H2AJ,human,Homo sapiens,ENSG00000246705,cerebellar hemisphere,81.55,H2AJ:HGNC:14456,variant,81.38090909090909
H2AJ,human,Homo sapiens,ENSG00000246705,popliteal artery,98.76,H2AJ:HGNC:14456,variant,98.76
H2AJ,human,Homo sapiens,ENSG00000246705,corpus callosum,89.98,H2AJ:HGNC:14456,variant,85.43545454545455
H2AJ,human,Homo sapiens,ENSG00000246705,corpus callosum,82.93,H2AJ:HGNC:14456,variant,85.43545454545455
H2AJ,human,Homo sapiens,ENSG00000246705,corpus callosum,84.72,H2AJ:HGNC:14456,variant,85.43545454545455
H2AJ,human,Homo sapiens,ENSG00000246705,corpus callosum,89.72,H2AJ:HGNC:14456,variant,85.43545454545455
H2AJ,human,Homo sapiens,ENSG00000246705,corpus callosum,92.29,H2AJ:HGNC:14456,variant,85.43545454545455
H2AJ,human,Homo sapiens,ENSG00000246705,corpus callosum,89.24,H2AJ:HGNC:14456,variant,85.43545454545455
H2AJ,human,Homo sapiens,ENSG00000246705,corpus callosum,91.78,H2AJ:HGNC:14456,variant,85.43545454545455
H2AJ,human,Homo sapiens,ENSG00000246705,corpus callosum,80.39,H2AJ:HGNC:14456,variant,85.43545454545455
H2AJ,human,Homo sapiens,ENSG00000246705,corpus callosum,78.51,H2AJ:HGNC:14456,variant,85.43545454545455
H2AJ,human,Homo sapiens,ENSG00000246705,corpus callosum,81.57,H2AJ:HGNC:14456,variant,85.43545454545455
H2AJ,human,Homo sapiens,ENSG00000246705,corpus callosum,78.66,H2AJ:HGNC:14456,variant,85.43545454545455
H2AJ,human,Homo sapiens,ENSG00000246705,descending thoracic aorta,98.71,H2AJ:HGNC:14456,variant,98.71666666666665
H2AJ,human,Homo sapiens,ENSG00000246705,descending thoracic aorta,98.37,H2AJ:HGNC:14456,variant,98.71666666666665
H2AJ,human,Homo sapiens,ENSG00000246705,descending thoracic aorta,99.07,H2AJ:HGNC:14456,variant,98.71666666666665
H2AJ,human,Homo sapiens,ENSG00000246705,myocardium,91.64,H2AJ:HGNC:14456,variant,90.59833333333334
H2AJ,human,Homo sapiens,ENSG00000246705,myocardium,93.4,H2AJ:HGNC:14456,variant,90.59833333333334
H2AJ,human,Homo sapiens,ENSG00000246705,myocardium,86.47,H2AJ:HGNC:14456,variant,90.59833333333334
H2AJ,human,Homo sapiens,ENSG00000246705,myocardium,83.88,H2AJ:HGNC:14456,variant,90.59833333333334
H2AJ,human,Homo sapiens,ENSG00000246705,myocardium,94.24,H2AJ:HGNC:14456,variant,90.59833333333334
H2AJ,human,Homo sapiens,ENSG00000246705,myocardium,93.96,H2AJ:HGNC:14456,variant,90.59833333333334
H2AJ,human,Homo sapiens,ENSG00000246705,peritoneum,98.32,H2AJ:HGNC:14456,variant,98.32
H2AJ,human,Homo sapiens,ENSG00000246705,prostate gland,84.46,H2AJ:HGNC:14456,variant,93.51153846153846
H2AJ,human,Homo sapiens,ENSG00000246705,prostate gland,97.92,H2AJ:HGNC:14456,variant,93.51153846153846
H2AJ,human,Homo sapiens,ENSG00000246705,prostate gland,98.58,H2AJ:HGNC:14456,variant,93.51153846153846
H2AJ,human,Homo sapiens,ENSG00000246705,prostate gland,84.71,H2AJ:HGNC:14456,variant,93.51153846153846
H2AJ,human,Homo sapiens,ENSG00000246705,prostate gland,98.27,H2AJ:HGNC:14456,variant,93.51153846153846
H2AJ,human,Homo sapiens,ENSG00000246705,prostate gland,86.46,H2AJ:HGNC:14456,variant,93.51153846153846
H2AJ,human,Homo sapiens,ENSG00000246705,prostate gland,95.45,H2AJ:HGNC:14456,variant,93.51153846153846
H2AJ,human,Homo sapiens,ENSG00000246705,prostate gland,96.21,H2AJ:HGNC:14456,variant,93.51153846153846
H2AJ,human,Homo sapiens,ENSG00000246705,prostate gland,97.48,H2AJ:HGNC:14456,variant,93.51153846153846
H2AJ,human,Homo sapiens,ENSG00000246705,prostate gland,95.24,H2AJ:HGNC:14456,variant,93.51153846153846
H2AJ,human,Homo sapiens,ENSG00000246705,prostate gland,87.51,H2AJ:HGNC:14456,variant,93.51153846153846
H2AJ,human,Homo sapiens,ENSG00000246705,prostate gland,96.36,H2AJ:HGNC:14456,variant,93.51153846153846
H2AJ,human,Homo sapiens,ENSG00000246705,prostate gland,97.0,H2AJ:HGNC:14456,variant,93.51153846153846
H2AJ,human,Homo sapiens,ENSG00000246705,adrenal gland,97.25,H2AJ:HGNC:14456,variant,97.28
H2AJ,human,Homo sapiens,ENSG00000246705,adrenal gland,96.62,H2AJ:HGNC:14456,variant,97.28
H2AJ,human,Homo sapiens,ENSG00000246705,adrenal gland,97.09,H2AJ:HGNC:14456,variant,97.28
H2AJ,human,Homo sapiens,ENSG00000246705,adrenal gland,98.16,H2AJ:HGNC:14456,variant,97.28
H2AJ,human,Homo sapiens,ENSG00000246705,thymus,94.65,H2AJ:HGNC:14456,variant,92.905
H2AJ,human,Homo sapiens,ENSG00000246705,thymus,91.16,H2AJ:HGNC:14456,variant,92.905
H2AJ,human,Homo sapiens,ENSG00000246705,bone marrow,90.72,H2AJ:HGNC:14456,variant,90.56230769230768
H2AJ,human,Homo sapiens,ENSG00000246705,bone marrow,71.26,H2AJ:HGNC:14456,variant,90.56230769230768
H2AJ,human,Homo sapiens,ENSG00000246705,bone marrow,94.59,H2AJ:HGNC:14456,variant,90.56230769230768
H2AJ,human,Homo sapiens,ENSG00000246705,bone marrow,93.27,H2AJ:HGNC:14456,variant,90.56230769230768
H2AJ,human,Homo sapiens,ENSG00000246705,bone marrow,92.84,H2AJ:HGNC:14456,variant,90.56230769230768
H2AJ,human,Homo sapiens,ENSG00000246705,bone marrow,92.95,H2AJ:HGNC:14456,variant,90.56230769230768
H2AJ,human,Homo sapiens,ENSG00000246705,bone marrow,88.4,H2AJ:HGNC:14456,variant,90.56230769230768
H2AJ,human,Homo sapiens,ENSG00000246705,bone marrow,94.13,H2AJ:HGNC:14456,variant,90.56230769230768
H2AJ,human,Homo sapiens,ENSG00000246705,bone marrow,84.83,H2AJ:HGNC:14456,variant,90.56230769230768
H2AJ,human,Homo sapiens,ENSG00000246705,bone marrow,92.72,H2AJ:HGNC:14456,variant,90.56230769230768
H2AJ,human,Homo sapiens,ENSG00000246705,bone marrow,93.53,H2AJ:HGNC:14456,variant,90.56230769230768
H2AJ,human,Homo sapiens,ENSG00000246705,bone marrow,92.93,H2AJ:HGNC:14456,variant,90.56230769230768
H2AJ,human,Homo sapiens,ENSG00000246705,bone marrow,95.14,H2AJ:HGNC:14456,variant,90.56230769230768
H2AJ,human,Homo sapiens,ENSG00000246705,tonsil,93.57,H2AJ:HGNC:14456,variant,91.67
H2AJ,human,Homo sapiens,ENSG00000246705,tonsil,94.65,H2AJ:HGNC:14456,variant,91.67
H2AJ,human,Homo sapiens,ENSG00000246705,tonsil,92.25,H2AJ:HGNC:14456,variant,91.67
H2AJ,human,Homo sapiens,ENSG00000246705,tonsil,91.88,H2AJ:HGNC:14456,variant,91.67
H2AJ,human,Homo sapiens,ENSG00000246705,tonsil,87.53,H2AJ:HGNC:14456,variant,91.67
H2AJ,human,Homo sapiens,ENSG00000246705,tonsil,90.14,H2AJ:HGNC:14456,variant,91.67
H2AJ,human,Homo sapiens,ENSG00000246705,connective tissue,97.95,H2AJ:HGNC:14456,variant,97.95
H2AJ,human,Homo sapiens,ENSG00000246705,muscle tissue,79.78,H2AJ:HGNC:14456,variant,79.78
H2AJ,human,Homo sapiens,ENSG00000246705,parietal pleura,91.82,H2AJ:HGNC:14456,variant,93.96
H2AJ,human,Homo sapiens,ENSG00000246705,parietal pleura,97.11,H2AJ:HGNC:14456,variant,93.96
H2AJ,human,Homo sapiens,ENSG00000246705,parietal pleura,90.21,H2AJ:HGNC:14456,variant,93.96
H2AJ,human,Homo sapiens,ENSG00000246705,parietal pleura,96.7,H2AJ:HGNC:14456,variant,93.96
H2AJ,human,Homo sapiens,ENSG00000246705,visceral pleura,92.24,H2AJ:HGNC:14456,variant,93.29249999999999
H2AJ,human,Homo sapiens,ENSG00000246705,visceral pleura,95.31,H2AJ:HGNC:14456,variant,93.29249999999999
H2AJ,human,Homo sapiens,ENSG00000246705,visceral pleura,91.63,H2AJ:HGNC:14456,variant,93.29249999999999
H2AJ,human,Homo sapiens,ENSG00000246705,visceral pleura,93.99,H2AJ:HGNC:14456,variant,93.29249999999999
H2AJ,human,Homo sapiens,ENSG00000246705,pericardium,97.67,H2AJ:HGNC:14456,variant,97.67
H2AJ,human,Homo sapiens,ENSG00000246705,cartilage tissue,87.7,H2AJ:HGNC:14456,variant,87.7
H2AJ,human,Homo sapiens,ENSG00000246705,primary visual cortex,72.21,H2AJ:HGNC:14456,variant,74.94833333333334
H2AJ,human,Homo sapiens,ENSG00000246705,primary visual cortex,72.63,H2AJ:HGNC:14456,variant,74.94833333333334
H2AJ,human,Homo sapiens,ENSG00000246705,primary visual cortex,75.89,H2AJ:HGNC:14456,variant,74.94833333333334
H2AJ,human,Homo sapiens,ENSG00000246705,primary visual cortex,73.5,H2AJ:HGNC:14456,variant,74.94833333333334
H2AJ,human,Homo sapiens,ENSG00000246705,primary visual cortex,79.94,H2AJ:HGNC:14456,variant,74.94833333333334
H2AJ,human,Homo sapiens,ENSG00000246705,primary visual cortex,75.52,H2AJ:HGNC:14456,variant,74.94833333333334
H2AJ,human,Homo sapiens,ENSG00000246705,decidua,97.98,H2AJ:HGNC:14456,variant,97.98
H2AJ,human,Homo sapiens,ENSG00000246705,esophagus mucosa,97.88,H2AJ:HGNC:14456,variant,97.64363636363636
H2AJ,human,Homo sapiens,ENSG00000246705,esophagus mucosa,97.73,H2AJ:HGNC:14456,variant,97.64363636363636
H2AJ,human,Homo sapiens,ENSG00000246705,esophagus mucosa,97.69,H2AJ:HGNC:14456,variant,97.64363636363636
H2AJ,human,Homo sapiens,ENSG00000246705,esophagus mucosa,97.66,H2AJ:HGNC:14456,variant,97.64363636363636
H2AJ,human,Homo sapiens,ENSG00000246705,esophagus mucosa,97.6,H2AJ:HGNC:14456,variant,97.64363636363636
H2AJ,human,Homo sapiens,ENSG00000246705,esophagus mucosa,97.58,H2AJ:HGNC:14456,variant,97.64363636363636
H2AJ,human,Homo sapiens,ENSG00000246705,esophagus mucosa,97.53,H2AJ:HGNC:14456,variant,97.64363636363636
H2AJ,human,Homo sapiens,ENSG00000246705,esophagus mucosa,97.42,H2AJ:HGNC:14456,variant,97.64363636363636
H2AJ,human,Homo sapiens,ENSG00000246705,esophagus mucosa,97.52,H2AJ:HGNC:14456,variant,97.64363636363636
H2AJ,human,Homo sapiens,ENSG00000246705,esophagus mucosa,97.44,H2AJ:HGNC:14456,variant,97.64363636363636
H2AJ,human,Homo sapiens,ENSG00000246705,esophagus mucosa,98.03,H2AJ:HGNC:14456,variant,97.64363636363636
H2AJ,human,Homo sapiens,ENSG00000246705,medial globus pallidus,85.18,H2AJ:HGNC:14456,variant,83.48
H2AJ,human,Homo sapiens,ENSG00000246705,medial globus pallidus,82.36,H2AJ:HGNC:14456,variant,83.48
H2AJ,human,Homo sapiens,ENSG00000246705,medial globus pallidus,82.9,H2AJ:HGNC:14456,variant,83.48
H2AJ,human,Homo sapiens,ENSG00000246705,trabecular bone tissue,94.45,H2AJ:HGNC:14456,variant,94.7875
H2AJ,human,Homo sapiens,ENSG00000246705,trabecular bone tissue,94.75,H2AJ:HGNC:14456,variant,94.7875
H2AJ,human,Homo sapiens,ENSG00000246705,trabecular bone tissue,94.92,H2AJ:HGNC:14456,variant,94.7875
H2AJ,human,Homo sapiens,ENSG00000246705,trabecular bone tissue,95.03,H2AJ:HGNC:14456,variant,94.7875
H2AJ,human,Homo sapiens,ENSG00000246705,postcentral gyrus,75.69,H2AJ:HGNC:14456,variant,75.38933333333334
H2AJ,human,Homo sapiens,ENSG00000246705,postcentral gyrus,73.15,H2AJ:HGNC:14456,variant,75.38933333333334
H2AJ,human,Homo sapiens,ENSG00000246705,postcentral gyrus,77.98,H2AJ:HGNC:14456,variant,75.38933333333334
H2AJ,human,Homo sapiens,ENSG00000246705,postcentral gyrus,73.79,H2AJ:HGNC:14456,variant,75.38933333333334
H2AJ,human,Homo sapiens,ENSG00000246705,postcentral gyrus,73.37,H2AJ:HGNC:14456,variant,75.38933333333334
H2AJ,human,Homo sapiens,ENSG00000246705,postcentral gyrus,72.33,H2AJ:HGNC:14456,variant,75.38933333333334
H2AJ,human,Homo sapiens,ENSG00000246705,postcentral gyrus,72.97,H2AJ:HGNC:14456,variant,75.38933333333334
H2AJ,human,Homo sapiens,ENSG00000246705,postcentral gyrus,72.09,H2AJ:HGNC:14456,variant,75.38933333333334
H2AJ,human,Homo sapiens,ENSG00000246705,postcentral gyrus,77.9,H2AJ:HGNC:14456,variant,75.38933333333334
H2AJ,human,Homo sapiens,ENSG00000246705,postcentral gyrus,79.71,H2AJ:HGNC:14456,variant,75.38933333333334
H2AJ,human,Homo sapiens,ENSG00000246705,postcentral gyrus,73.87,H2AJ:HGNC:14456,variant,75.38933333333334
H2AJ,human,Homo sapiens,ENSG00000246705,postcentral gyrus,82.68,H2AJ:HGNC:14456,variant,75.38933333333334
H2AJ,human,Homo sapiens,ENSG00000246705,postcentral gyrus,74.04,H2AJ:HGNC:14456,variant,75.38933333333334
H2AJ,human,Homo sapiens,ENSG00000246705,postcentral gyrus,77.02,H2AJ:HGNC:14456,variant,75.38933333333334
H2AJ,human,Homo sapiens,ENSG00000246705,postcentral gyrus,74.25,H2AJ:HGNC:14456,variant,75.38933333333334
H2AJ,human,Homo sapiens,ENSG00000246705,superior frontal gyrus,75.31,H2AJ:HGNC:14456,variant,74.79
H2AJ,human,Homo sapiens,ENSG00000246705,superior frontal gyrus,72.87,H2AJ:HGNC:14456,variant,74.79
H2AJ,human,Homo sapiens,ENSG00000246705,superior frontal gyrus,75.8,H2AJ:HGNC:14456,variant,74.79
H2AJ,human,Homo sapiens,ENSG00000246705,superior frontal gyrus,73.58,H2AJ:HGNC:14456,variant,74.79
H2AJ,human,Homo sapiens,ENSG00000246705,superior frontal gyrus,79.55,H2AJ:HGNC:14456,variant,74.79
H2AJ,human,Homo sapiens,ENSG00000246705,superior frontal gyrus,70.04,H2AJ:HGNC:14456,variant,74.79
H2AJ,human,Homo sapiens,ENSG00000246705,superior frontal gyrus,76.22,H2AJ:HGNC:14456,variant,74.79
H2AJ,human,Homo sapiens,ENSG00000246705,superior frontal gyrus,75.66,H2AJ:HGNC:14456,variant,74.79
H2AJ,human,Homo sapiens,ENSG00000246705,superior frontal gyrus,71.54,H2AJ:HGNC:14456,variant,74.79
H2AJ,human,Homo sapiens,ENSG00000246705,superior frontal gyrus,73.47,H2AJ:HGNC:14456,variant,74.79
H2AJ,human,Homo sapiens,ENSG00000246705,superior frontal gyrus,76.52,H2AJ:HGNC:14456,variant,74.79
H2AJ,human,Homo sapiens,ENSG00000246705,superior frontal gyrus,68.49,H2AJ:HGNC:14456,variant,74.79
H2AJ,human,Homo sapiens,ENSG00000246705,superior frontal gyrus,81.59,H2AJ:HGNC:14456,variant,74.79
H2AJ,human,Homo sapiens,ENSG00000246705,superior frontal gyrus,77.6,H2AJ:HGNC:14456,variant,74.79
H2AJ,human,Homo sapiens,ENSG00000246705,superior frontal gyrus,71.75,H2AJ:HGNC:14456,variant,74.79
H2AJ,human,Homo sapiens,ENSG00000246705,superior frontal gyrus,77.1,H2AJ:HGNC:14456,variant,74.79
H2AJ,human,Homo sapiens,ENSG00000246705,superior frontal gyrus,74.34,H2AJ:HGNC:14456,variant,74.79
H2AJ,human,Homo sapiens,ENSG00000246705,ventral tegmental area,84.77,H2AJ:HGNC:14456,variant,86.34
H2AJ,human,Homo sapiens,ENSG00000246705,ventral tegmental area,90.12,H2AJ:HGNC:14456,variant,86.34
H2AJ,human,Homo sapiens,ENSG00000246705,ventral tegmental area,84.39,H2AJ:HGNC:14456,variant,86.34
H2AJ,human,Homo sapiens,ENSG00000246705,ventral tegmental area,91.42,H2AJ:HGNC:14456,variant,86.34
H2AJ,human,Homo sapiens,ENSG00000246705,ventral tegmental area,81.0,H2AJ:HGNC:14456,variant,86.34
H2AJ,human,Homo sapiens,ENSG00000246705,entorhinal cortex,77.9,H2AJ:HGNC:14456,variant,75.70769230769231
H2AJ,human,Homo sapiens,ENSG00000246705,entorhinal cortex,72.6,H2AJ:HGNC:14456,variant,75.70769230769231
H2AJ,human,Homo sapiens,ENSG00000246705,entorhinal cortex,79.08,H2AJ:HGNC:14456,variant,75.70769230769231
H2AJ,human,Homo sapiens,ENSG00000246705,entorhinal cortex,72.84,H2AJ:HGNC:14456,variant,75.70769230769231
H2AJ,human,Homo sapiens,ENSG00000246705,entorhinal cortex,83.17,H2AJ:HGNC:14456,variant,75.70769230769231
H2AJ,human,Homo sapiens,ENSG00000246705,entorhinal cortex,73.9,H2AJ:HGNC:14456,variant,75.70769230769231
H2AJ,human,Homo sapiens,ENSG00000246705,entorhinal cortex,71.54,H2AJ:HGNC:14456,variant,75.70769230769231
H2AJ,human,Homo sapiens,ENSG00000246705,entorhinal cortex,77.4,H2AJ:HGNC:14456,variant,75.70769230769231
H2AJ,human,Homo sapiens,ENSG00000246705,entorhinal cortex,77.34,H2AJ:HGNC:14456,variant,75.70769230769231
H2AJ,human,Homo sapiens,ENSG00000246705,entorhinal cortex,76.13,H2AJ:HGNC:14456,variant,75.70769230769231
H2AJ,human,Homo sapiens,ENSG00000246705,entorhinal cortex,74.39,H2AJ:HGNC:14456,variant,75.70769230769231
H2AJ,human,Homo sapiens,ENSG00000246705,entorhinal cortex,71.37,H2AJ:HGNC:14456,variant,75.70769230769231
H2AJ,human,Homo sapiens,ENSG00000246705,entorhinal cortex,76.54,H2AJ:HGNC:14456,variant,75.70769230769231
H2AJ,human,Homo sapiens,ENSG00000246705,middle temporal gyrus,75.59,H2AJ:HGNC:14456,variant,75.59
H2AJ,human,Homo sapiens,ENSG00000246705,right frontal lobe,77.24,H2AJ:HGNC:14456,variant,81.55000000000001
H2AJ,human,Homo sapiens,ENSG00000246705,right frontal lobe,77.21,H2AJ:HGNC:14456,variant,81.55000000000001
H2AJ,human,Homo sapiens,ENSG00000246705,right frontal lobe,78.73,H2AJ:HGNC:14456,variant,81.55000000000001
H2AJ,human,Homo sapiens,ENSG00000246705,right frontal lobe,84.53,H2AJ:HGNC:14456,variant,81.55000000000001
H2AJ,human,Homo sapiens,ENSG00000246705,right frontal lobe,81.75,H2AJ:HGNC:14456,variant,81.55000000000001
H2AJ,human,Homo sapiens,ENSG00000246705,right frontal lobe,84.07,H2AJ:HGNC:14456,variant,81.55000000000001
H2AJ,human,Homo sapiens,ENSG00000246705,right frontal lobe,80.33,H2AJ:HGNC:14456,variant,81.55000000000001
H2AJ,human,Homo sapiens,ENSG00000246705,right frontal lobe,85.23,H2AJ:HGNC:14456,variant,81.55000000000001
H2AJ,human,Homo sapiens,ENSG00000246705,right frontal lobe,84.86,H2AJ:HGNC:14456,variant,81.55000000000001
H2AJ,human,Homo sapiens,ENSG00000246705,ventricular zone,75.84,H2AJ:HGNC:14456,variant,76.655
H2AJ,human,Homo sapiens,ENSG00000246705,ventricular zone,77.47,H2AJ:HGNC:14456,variant,76.655
H2AJ,human,Homo sapiens,ENSG00000246705,trachea,97.81,H2AJ:HGNC:14456,variant,95.75666666666666
H2AJ,human,Homo sapiens,ENSG00000246705,trachea,97.13,H2AJ:HGNC:14456,variant,95.75666666666666
H2AJ,human,Homo sapiens,ENSG00000246705,trachea,92.33,H2AJ:HGNC:14456,variant,95.75666666666666
H2AJ,human,Homo sapiens,ENSG00000246705,epithelium of mammary gland,79.36,H2AJ:HGNC:14456,variant,86.83
H2AJ,human,Homo sapiens,ENSG00000246705,epithelium of mammary gland,94.3,H2AJ:HGNC:14456,variant,86.83
H2AJ,human,Homo sapiens,ENSG00000246705,small intestine Peyer's patch,96.32,H2AJ:HGNC:14456,variant,95.88454545454546
H2AJ,human,Homo sapiens,ENSG00000246705,small intestine Peyer's patch,94.93,H2AJ:HGNC:14456,variant,95.88454545454546
H2AJ,human,Homo sapiens,ENSG00000246705,small intestine Peyer's patch,95.69,H2AJ:HGNC:14456,variant,95.88454545454546
H2AJ,human,Homo sapiens,ENSG00000246705,small intestine Peyer's patch,96.23,H2AJ:HGNC:14456,variant,95.88454545454546
H2AJ,human,Homo sapiens,ENSG00000246705,small intestine Peyer's patch,95.25,H2AJ:HGNC:14456,variant,95.88454545454546
H2AJ,human,Homo sapiens,ENSG00000246705,small intestine Peyer's patch,95.83,H2AJ:HGNC:14456,variant,95.88454545454546
H2AJ,human,Homo sapiens,ENSG00000246705,small intestine Peyer's patch,95.88,H2AJ:HGNC:14456,variant,95.88454545454546
H2AJ,human,Homo sapiens,ENSG00000246705,small intestine Peyer's patch,96.05,H2AJ:HGNC:14456,variant,95.88454545454546
H2AJ,human,Homo sapiens,ENSG00000246705,small intestine Peyer's patch,96.61,H2AJ:HGNC:14456,variant,95.88454545454546
H2AJ,human,Homo sapiens,ENSG00000246705,small intestine Peyer's patch,95.1,H2AJ:HGNC:14456,variant,95.88454545454546
H2AJ,human,Homo sapiens,ENSG00000246705,small intestine Peyer's patch,96.84,H2AJ:HGNC:14456,variant,95.88454545454546
H2AJ,human,Homo sapiens,ENSG00000246705,calcaneal tendon,96.41,H2AJ:HGNC:14456,variant,96.488
H2AJ,human,Homo sapiens,ENSG00000246705,calcaneal tendon,98.03,H2AJ:HGNC:14456,variant,96.488
H2AJ,human,Homo sapiens,ENSG00000246705,calcaneal tendon,97.84,H2AJ:HGNC:14456,variant,96.488
H2AJ,human,Homo sapiens,ENSG00000246705,calcaneal tendon,96.36,H2AJ:HGNC:14456,variant,96.488
H2AJ,human,Homo sapiens,ENSG00000246705,calcaneal tendon,93.8,H2AJ:HGNC:14456,variant,96.488
H2AJ,human,Homo sapiens,ENSG00000246705,mouth mucosa,98.08,H2AJ:HGNC:14456,variant,97.88
H2AJ,human,Homo sapiens,ENSG00000246705,mouth mucosa,98.02,H2AJ:HGNC:14456,variant,97.88
H2AJ,human,Homo sapiens,ENSG00000246705,mouth mucosa,97.96,H2AJ:HGNC:14456,variant,97.88
H2AJ,human,Homo sapiens,ENSG00000246705,mouth mucosa,97.46,H2AJ:HGNC:14456,variant,97.88
H2AJ,human,Homo sapiens,ENSG00000246705,fallopian tube,79.67,H2AJ:HGNC:14456,variant,80.195
H2AJ,human,Homo sapiens,ENSG00000246705,fallopian tube,80.72,H2AJ:HGNC:14456,variant,80.195
H2AJ,human,Homo sapiens,ENSG00000246705,ganglionic eminence,72.08,H2AJ:HGNC:14456,variant,73.405
H2AJ,human,Homo sapiens,ENSG00000246705,ganglionic eminence,74.73,H2AJ:HGNC:14456,variant,73.405
H2AJ,human,Homo sapiens,ENSG00000246705,vena cava,97.07,H2AJ:HGNC:14456,variant,97.07
H2AJ,human,Homo sapiens,ENSG00000246705,hindlimb stylopod muscle,94.38,H2AJ:HGNC:14456,variant,93.425
H2AJ,human,Homo sapiens,ENSG00000246705,hindlimb stylopod muscle,92.47,H2AJ:HGNC:14456,variant,93.425
H2AJ,human,Homo sapiens,ENSG00000246705,upper leg skin,96.33,H2AJ:HGNC:14456,variant,96.33
H2AJ,human,Homo sapiens,ENSG00000246705,upper arm skin,70.49,H2AJ:HGNC:14456,variant,75.7525
H2AJ,human,Homo sapiens,ENSG00000246705,upper arm skin,77.54,H2AJ:HGNC:14456,variant,75.7525
H2AJ,human,Homo sapiens,ENSG00000246705,upper arm skin,77.63,H2AJ:HGNC:14456,variant,75.7525
H2AJ,human,Homo sapiens,ENSG00000246705,upper arm skin,77.35,H2AJ:HGNC:14456,variant,75.7525
H2AJ,human,Homo sapiens,ENSG00000246705,caput epididymis,96.98,H2AJ:HGNC:14456,variant,94.87666666666667
H2AJ,human,Homo sapiens,ENSG00000246705,caput epididymis,94.04,H2AJ:HGNC:14456,variant,94.87666666666667
H2AJ,human,Homo sapiens,ENSG00000246705,caput epididymis,93.61,H2AJ:HGNC:14456,variant,94.87666666666667
H2AJ,human,Homo sapiens,ENSG00000246705,corpus epididymis,96.5,H2AJ:HGNC:14456,variant,95.75
H2AJ,human,Homo sapiens,ENSG00000246705,corpus epididymis,96.63,H2AJ:HGNC:14456,variant,95.75
H2AJ,human,Homo sapiens,ENSG00000246705,corpus epididymis,94.12,H2AJ:HGNC:14456,variant,95.75
H2AJ,human,Homo sapiens,ENSG00000246705,cauda epididymis,93.23,H2AJ:HGNC:14456,variant,93.30666666666667
H2AJ,human,Homo sapiens,ENSG00000246705,cauda epididymis,93.51,H2AJ:HGNC:14456,variant,93.30666666666667
H2AJ,human,Homo sapiens,ENSG00000246705,cauda epididymis,93.18,H2AJ:HGNC:14456,variant,93.30666666666667
H2AJ,human,Homo sapiens,ENSG00000246705,skeletal muscle tissue of biceps brachii,93.74,H2AJ:HGNC:14456,variant,93.4
H2AJ,human,Homo sapiens,ENSG00000246705,skeletal muscle tissue of biceps brachii,93.06,H2AJ:HGNC:14456,variant,93.4
H2AJ,human,Homo sapiens,ENSG00000246705,skeletal muscle tissue of rectus abdominis,92.4,H2AJ:HGNC:14456,variant,92.625
H2AJ,human,Homo sapiens,ENSG00000246705,skeletal muscle tissue of rectus abdominis,92.85,H2AJ:HGNC:14456,variant,92.625
H2AJ,human,Homo sapiens,ENSG00000246705,left testis,99.72,H2AJ:HGNC:14456,variant,99.66000000000001
H2AJ,human,Homo sapiens,ENSG00000246705,left testis,99.68,H2AJ:HGNC:14456,variant,99.66000000000001
H2AJ,human,Homo sapiens,ENSG00000246705,left testis,99.6,H2AJ:HGNC:14456,variant,99.66000000000001
H2AJ,human,Homo sapiens,ENSG00000246705,left testis,99.55,H2AJ:HGNC:14456,variant,99.66000000000001
H2AJ,human,Homo sapiens,ENSG00000246705,left testis,99.6,H2AJ:HGNC:14456,variant,99.66000000000001
H2AJ,human,Homo sapiens,ENSG00000246705,left testis,99.81,H2AJ:HGNC:14456,variant,99.66000000000001
H2AJ,human,Homo sapiens,ENSG00000246705,right testis,99.77,H2AJ:HGNC:14456,variant,99.338
H2AJ,human,Homo sapiens,ENSG00000246705,right testis,99.65,H2AJ:HGNC:14456,variant,99.338
H2AJ,human,Homo sapiens,ENSG00000246705,right testis,99.68,H2AJ:HGNC:14456,variant,99.338
H2AJ,human,Homo sapiens,ENSG00000246705,right testis,99.67,H2AJ:HGNC:14456,variant,99.338
H2AJ,human,Homo sapiens,ENSG00000246705,right testis,97.92,H2AJ:HGNC:14456,variant,99.338
H2AJ,human,Homo sapiens,ENSG00000246705,metanephric glomerulus,84.83,H2AJ:HGNC:14456,variant,83.2
H2AJ,human,Homo sapiens,ENSG00000246705,metanephric glomerulus,83.93,H2AJ:HGNC:14456,variant,83.2
H2AJ,human,Homo sapiens,ENSG00000246705,metanephric glomerulus,85.91,H2AJ:HGNC:14456,variant,83.2
H2AJ,human,Homo sapiens,ENSG00000246705,metanephric glomerulus,79.53,H2AJ:HGNC:14456,variant,83.2
H2AJ,human,Homo sapiens,ENSG00000246705,metanephric glomerulus,86.67,H2AJ:HGNC:14456,variant,83.2
H2AJ,human,Homo sapiens,ENSG00000246705,metanephric glomerulus,78.33,H2AJ:HGNC:14456,variant,83.2
H2AJ,human,Homo sapiens,ENSG00000246705,blood vessel layer,79.47,H2AJ:HGNC:14456,variant,79.47
H2AJ,human,Homo sapiens,ENSG00000246705,oviduct epithelium,70.0,H2AJ:HGNC:14456,variant,70.0
H2AJ,human,Homo sapiens,ENSG00000246705,mucosa of transverse colon,98.82,H2AJ:HGNC:14456,variant,98.82
H2AJ,human,Homo sapiens,ENSG00000246705,mucosa of sigmoid colon,94.8,H2AJ:HGNC:14456,variant,94.8
H2AJ,human,Homo sapiens,ENSG00000246705,mucosa of paranasal sinus,95.57,H2AJ:HGNC:14456,variant,95.57
H2AJ,human,Homo sapiens,ENSG00000246705,thoracic mammary gland,98.72,H2AJ:HGNC:14456,variant,96.33500000000001
H2AJ,human,Homo sapiens,ENSG00000246705,thoracic mammary gland,98.15,H2AJ:HGNC:14456,variant,96.33500000000001
H2AJ,human,Homo sapiens,ENSG00000246705,thoracic mammary gland,98.93,H2AJ:HGNC:14456,variant,96.33500000000001
H2AJ,human,Homo sapiens,ENSG00000246705,thoracic mammary gland,90.53,H2AJ:HGNC:14456,variant,96.33500000000001
H2AJ,human,Homo sapiens,ENSG00000246705,thoracic mammary gland,98.74,H2AJ:HGNC:14456,variant,96.33500000000001
H2AJ,human,Homo sapiens,ENSG00000246705,thoracic mammary gland,93.36,H2AJ:HGNC:14456,variant,96.33500000000001
H2AJ,human,Homo sapiens,ENSG00000246705,thoracic mammary gland,99.24,H2AJ:HGNC:14456,variant,96.33500000000001
H2AJ,human,Homo sapiens,ENSG00000246705,thoracic mammary gland,91.69,H2AJ:HGNC:14456,variant,96.33500000000001
H2AJ,human,Homo sapiens,ENSG00000246705,thoracic mammary gland,98.37,H2AJ:HGNC:14456,variant,96.33500000000001
H2AJ,human,Homo sapiens,ENSG00000246705,thoracic mammary gland,96.72,H2AJ:HGNC:14456,variant,96.33500000000001
H2AJ,human,Homo sapiens,ENSG00000246705,thoracic mammary gland,98.25,H2AJ:HGNC:14456,variant,96.33500000000001
H2AJ,human,Homo sapiens,ENSG00000246705,thoracic mammary gland,96.16,H2AJ:HGNC:14456,variant,96.33500000000001
H2AJ,human,Homo sapiens,ENSG00000246705,thoracic mammary gland,96.04,H2AJ:HGNC:14456,variant,96.33500000000001
H2AJ,human,Homo sapiens,ENSG00000246705,thoracic mammary gland,93.79,H2AJ:HGNC:14456,variant,96.33500000000001
H2AJ,human,Homo sapiens,ENSG00000246705,cortical plate,79.29,H2AJ:HGNC:14456,variant,79.29
H2AJ,human,Homo sapiens,ENSG00000246705,cortical plate,79.29,H2AJ:HGNC:14456,variant,79.29
H2AJ,human,Homo sapiens,ENSG00000246705,inferior vagus X ganglion,89.45,H2AJ:HGNC:14456,variant,90.21000000000001
H2AJ,human,Homo sapiens,ENSG00000246705,inferior vagus X ganglion,88.29,H2AJ:HGNC:14456,variant,90.21000000000001
H2AJ,human,Homo sapiens,ENSG00000246705,inferior vagus X ganglion,90.13,H2AJ:HGNC:14456,variant,90.21000000000001
H2AJ,human,Homo sapiens,ENSG00000246705,inferior vagus X ganglion,89.51,H2AJ:HGNC:14456,variant,90.21000000000001
H2AJ,human,Homo sapiens,ENSG00000246705,inferior vagus X ganglion,93.67,H2AJ:HGNC:14456,variant,90.21000000000001
H2AJ,human,Homo sapiens,ENSG00000246705,nasal cavity epithelium,97.58,H2AJ:HGNC:14456,variant,89.75571428571428
H2AJ,human,Homo sapiens,ENSG00000246705,nasal cavity epithelium,96.59,H2AJ:HGNC:14456,variant,89.75571428571428
H2AJ,human,Homo sapiens,ENSG00000246705,nasal cavity epithelium,97.0,H2AJ:HGNC:14456,variant,89.75571428571428
H2AJ,human,Homo sapiens,ENSG00000246705,nasal cavity epithelium,79.81,H2AJ:HGNC:14456,variant,89.75571428571428
H2AJ,human,Homo sapiens,ENSG00000246705,nasal cavity epithelium,79.22,H2AJ:HGNC:14456,variant,89.75571428571428
H2AJ,human,Homo sapiens,ENSG00000246705,nasal cavity epithelium,94.96,H2AJ:HGNC:14456,variant,89.75571428571428
H2AJ,human,Homo sapiens,ENSG00000246705,nasal cavity epithelium,83.13,H2AJ:HGNC:14456,variant,89.75571428571428
H2AJ,human,Homo sapiens,ENSG00000246705,olfactory segment of nasal mucosa,99.01,H2AJ:HGNC:14456,variant,99.01
H2AJ,human,Homo sapiens,ENSG00000246705,C1 segment of cervical spinal cord,95.67,H2AJ:HGNC:14456,variant,96.23777777777778
H2AJ,human,Homo sapiens,ENSG00000246705,C1 segment of cervical spinal cord,96.92,H2AJ:HGNC:14456,variant,96.23777777777778
H2AJ,human,Homo sapiens,ENSG00000246705,C1 segment of cervical spinal cord,96.02,H2AJ:HGNC:14456,variant,96.23777777777778
H2AJ,human,Homo sapiens,ENSG00000246705,C1 segment of cervical spinal cord,95.61,H2AJ:HGNC:14456,variant,96.23777777777778
H2AJ,human,Homo sapiens,ENSG00000246705,C1 segment of cervical spinal cord,95.8,H2AJ:HGNC:14456,variant,96.23777777777778
H2AJ,human,Homo sapiens,ENSG00000246705,C1 segment of cervical spinal cord,95.4,H2AJ:HGNC:14456,variant,96.23777777777778
H2AJ,human,Homo sapiens,ENSG00000246705,C1 segment of cervical spinal cord,96.44,H2AJ:HGNC:14456,variant,96.23777777777778
H2AJ,human,Homo sapiens,ENSG00000246705,C1 segment of cervical spinal cord,96.65,H2AJ:HGNC:14456,variant,96.23777777777778
H2AJ,human,Homo sapiens,ENSG00000246705,C1 segment of cervical spinal cord,97.63,H2AJ:HGNC:14456,variant,96.23777777777778
H2AJ,human,Homo sapiens,ENSG00000246705,Brodmann (1909) area 46,88.24,H2AJ:HGNC:14456,variant,83.9575
H2AJ,human,Homo sapiens,ENSG00000246705,Brodmann (1909) area 46,80.9,H2AJ:HGNC:14456,variant,83.9575
H2AJ,human,Homo sapiens,ENSG00000246705,Brodmann (1909) area 46,81.2,H2AJ:HGNC:14456,variant,83.9575
H2AJ,human,Homo sapiens,ENSG00000246705,Brodmann (1909) area 46,85.49,H2AJ:HGNC:14456,variant,83.9575
H2AJ,human,Homo sapiens,ENSG00000246705,right atrium auricular region,97.87,H2AJ:HGNC:14456,variant,97.15454545454546
H2AJ,human,Homo sapiens,ENSG00000246705,right atrium auricular region,97.59,H2AJ:HGNC:14456,variant,97.15454545454546
H2AJ,human,Homo sapiens,ENSG00000246705,right atrium auricular region,96.57,H2AJ:HGNC:14456,variant,97.15454545454546
H2AJ,human,Homo sapiens,ENSG00000246705,right atrium auricular region,96.58,H2AJ:HGNC:14456,variant,97.15454545454546
H2AJ,human,Homo sapiens,ENSG00000246705,right atrium auricular region,97.28,H2AJ:HGNC:14456,variant,97.15454545454546
H2AJ,human,Homo sapiens,ENSG00000246705,right atrium auricular region,96.73,H2AJ:HGNC:14456,variant,97.15454545454546
H2AJ,human,Homo sapiens,ENSG00000246705,right atrium auricular region,97.64,H2AJ:HGNC:14456,variant,97.15454545454546
H2AJ,human,Homo sapiens,ENSG00000246705,right atrium auricular region,96.6,H2AJ:HGNC:14456,variant,97.15454545454546
H2AJ,human,Homo sapiens,ENSG00000246705,right atrium auricular region,97.02,H2AJ:HGNC:14456,variant,97.15454545454546
H2AJ,human,Homo sapiens,ENSG00000246705,right atrium auricular region,97.08,H2AJ:HGNC:14456,variant,97.15454545454546
H2AJ,human,Homo sapiens,ENSG00000246705,right atrium auricular region,97.74,H2AJ:HGNC:14456,variant,97.15454545454546
H2AJ,human,Homo sapiens,ENSG00000246705,esophagus squamous epithelium,98.39,H2AJ:HGNC:14456,variant,98.39
H2AJ,human,Homo sapiens,ENSG00000246705,adult organism,99.06,H2AJ:HGNC:14456,variant,99.06
H2AJ,human,Homo sapiens,ENSG00000246705,superior vestibular nucleus,83.47,H2AJ:HGNC:14456,variant,85.7875
H2AJ,human,Homo sapiens,ENSG00000246705,superior vestibular nucleus,83.94,H2AJ:HGNC:14456,variant,85.7875
H2AJ,human,Homo sapiens,ENSG00000246705,superior vestibular nucleus,86.73,H2AJ:HGNC:14456,variant,85.7875
H2AJ,human,Homo sapiens,ENSG00000246705,superior vestibular nucleus,89.01,H2AJ:HGNC:14456,variant,85.7875
H2AJ,human,Homo sapiens,ENSG00000246705,saphenous vein,98.27,H2AJ:HGNC:14456,variant,98.00999999999999
H2AJ,human,Homo sapiens,ENSG00000246705,saphenous vein,97.4,H2AJ:HGNC:14456,variant,98.00999999999999
H2AJ,human,Homo sapiens,ENSG00000246705,saphenous vein,98.36,H2AJ:HGNC:14456,variant,98.00999999999999
H2AJ,human,Homo sapiens,ENSG00000246705,superior surface of tongue,96.12,H2AJ:HGNC:14456,variant,95.14
H2AJ,human,Homo sapiens,ENSG00000246705,superior surface of tongue,95.85,H2AJ:HGNC:14456,variant,95.14
H2AJ,human,Homo sapiens,ENSG00000246705,superior surface of tongue,93.45,H2AJ:HGNC:14456,variant,95.14
H2AJ,human,Homo sapiens,ENSG00000246705,tibial artery,98.95,H2AJ:HGNC:14456,variant,98.88636363636364
H2AJ,human,Homo sapiens,ENSG00000246705,tibial artery,98.9,H2AJ:HGNC:14456,variant,98.88636363636364
H2AJ,human,Homo sapiens,ENSG00000246705,tibial artery,98.87,H2AJ:HGNC:14456,variant,98.88636363636364
H2AJ,human,Homo sapiens,ENSG00000246705,tibial artery,98.87,H2AJ:HGNC:14456,variant,98.88636363636364
H2AJ,human,Homo sapiens,ENSG00000246705,tibial artery,98.87,H2AJ:HGNC:14456,variant,98.88636363636364
H2AJ,human,Homo sapiens,ENSG00000246705,tibial artery,98.78,H2AJ:HGNC:14456,variant,98.88636363636364
H2AJ,human,Homo sapiens,ENSG00000246705,tibial artery,98.87,H2AJ:HGNC:14456,variant,98.88636363636364
H2AJ,human,Homo sapiens,ENSG00000246705,tibial artery,98.75,H2AJ:HGNC:14456,variant,98.88636363636364
H2AJ,human,Homo sapiens,ENSG00000246705,tibial artery,98.76,H2AJ:HGNC:14456,variant,98.88636363636364
H2AJ,human,Homo sapiens,ENSG00000246705,tibial artery,98.75,H2AJ:HGNC:14456,variant,98.88636363636364
H2AJ,human,Homo sapiens,ENSG00000246705,tibial artery,99.38,H2AJ:HGNC:14456,variant,98.88636363636364
H2AJ,human,Homo sapiens,ENSG00000246705,layer of synovial tissue,69.05,H2AJ:HGNC:14456,variant,69.912
H2AJ,human,Homo sapiens,ENSG00000246705,layer of synovial tissue,69.57,H2AJ:HGNC:14456,variant,69.912
H2AJ,human,Homo sapiens,ENSG00000246705,layer of synovial tissue,61.68,H2AJ:HGNC:14456,variant,69.912
H2AJ,human,Homo sapiens,ENSG00000246705,layer of synovial tissue,69.08,H2AJ:HGNC:14456,variant,69.912
H2AJ,human,Homo sapiens,ENSG00000246705,layer of synovial tissue,80.18,H2AJ:HGNC:14456,variant,69.912
H2AJ,human,Homo sapiens,ENSG00000246705,adipose tissue of abdominal region,98.6,H2AJ:HGNC:14456,variant,98.41833333333334
H2AJ,human,Homo sapiens,ENSG00000246705,adipose tissue of abdominal region,98.02,H2AJ:HGNC:14456,variant,98.41833333333334
H2AJ,human,Homo sapiens,ENSG00000246705,adipose tissue of abdominal region,98.33,H2AJ:HGNC:14456,variant,98.41833333333334
H2AJ,human,Homo sapiens,ENSG00000246705,adipose tissue of abdominal region,98.61,H2AJ:HGNC:14456,variant,98.41833333333334
H2AJ,human,Homo sapiens,ENSG00000246705,adipose tissue of abdominal region,98.34,H2AJ:HGNC:14456,variant,98.41833333333334
H2AJ,human,Homo sapiens,ENSG00000246705,adipose tissue of abdominal region,98.61,H2AJ:HGNC:14456,variant,98.41833333333334
H2AJ,human,Homo sapiens,ENSG00000246705,tendon of biceps brachii,95.06,H2AJ:HGNC:14456,variant,95.06
H2AJ,human,Homo sapiens,ENSG00000246705,upper lobe of lung,96.87,H2AJ:HGNC:14456,variant,96.45
H2AJ,human,Homo sapiens,ENSG00000246705,upper lobe of lung,96.05,H2AJ:HGNC:14456,variant,96.45
H2AJ,human,Homo sapiens,ENSG00000246705,upper lobe of lung,95.38,H2AJ:HGNC:14456,variant,96.45
H2AJ,human,Homo sapiens,ENSG00000246705,upper lobe of lung,97.5,H2AJ:HGNC:14456,variant,96.45
H2AJ,human,Homo sapiens,ENSG00000246705,lower lobe of lung,95.91,H2AJ:HGNC:14456,variant,94.335
H2AJ,human,Homo sapiens,ENSG00000246705,lower lobe of lung,94.05,H2AJ:HGNC:14456,variant,94.335
H2AJ,human,Homo sapiens,ENSG00000246705,lower lobe of lung,95.32,H2AJ:HGNC:14456,variant,94.335
H2AJ,human,Homo sapiens,ENSG00000246705,lower lobe of lung,92.1,H2AJ:HGNC:14456,variant,94.335
H2AJ,human,Homo sapiens,ENSG00000246705,lower lobe of lung,96.32,H2AJ:HGNC:14456,variant,94.335
H2AJ,human,Homo sapiens,ENSG00000246705,lower lobe of lung,94.05,H2AJ:HGNC:14456,variant,94.335
H2AJ,human,Homo sapiens,ENSG00000246705,lower lobe of lung,94.39,H2AJ:HGNC:14456,variant,94.335
H2AJ,human,Homo sapiens,ENSG00000246705,lower lobe of lung,92.54,H2AJ:HGNC:14456,variant,94.335
H2AJ,human,Homo sapiens,ENSG00000246705,upper lobe of left lung,96.4,H2AJ:HGNC:14456,variant,96.6725
H2AJ,human,Homo sapiens,ENSG00000246705,upper lobe of left lung,96.06,H2AJ:HGNC:14456,variant,96.6725
H2AJ,human,Homo sapiens,ENSG00000246705,upper lobe of left lung,96.69,H2AJ:HGNC:14456,variant,96.6725
H2AJ,human,Homo sapiens,ENSG00000246705,upper lobe of left lung,97.17,H2AJ:HGNC:14456,variant,96.6725
H2AJ,human,Homo sapiens,ENSG00000246705,upper lobe of left lung,95.94,H2AJ:HGNC:14456,variant,96.6725
H2AJ,human,Homo sapiens,ENSG00000246705,upper lobe of left lung,96.91,H2AJ:HGNC:14456,variant,96.6725
H2AJ,human,Homo sapiens,ENSG00000246705,upper lobe of left lung,97.26,H2AJ:HGNC:14456,variant,96.6725
H2AJ,human,Homo sapiens,ENSG00000246705,upper lobe of left lung,96.95,H2AJ:HGNC:14456,variant,96.6725
H2AJ,human,Homo sapiens,ENSG00000246705,dorsolateral prefrontal cortex,75.11,H2AJ:HGNC:14456,variant,76.4305
H2AJ,human,Homo sapiens,ENSG00000246705,dorsolateral prefrontal cortex,73.25,H2AJ:HGNC:14456,variant,76.4305
H2AJ,human,Homo sapiens,ENSG00000246705,dorsolateral prefrontal cortex,78.27,H2AJ:HGNC:14456,variant,76.4305
H2AJ,human,Homo sapiens,ENSG00000246705,dorsolateral prefrontal cortex,77.91,H2AJ:HGNC:14456,variant,76.4305
H2AJ,human,Homo sapiens,ENSG00000246705,dorsolateral prefrontal cortex,82.87,H2AJ:HGNC:14456,variant,76.4305
H2AJ,human,Homo sapiens,ENSG00000246705,dorsolateral prefrontal cortex,81.32,H2AJ:HGNC:14456,variant,76.4305
H2AJ,human,Homo sapiens,ENSG00000246705,dorsolateral prefrontal cortex,87.37,H2AJ:HGNC:14456,variant,76.4305
H2AJ,human,Homo sapiens,ENSG00000246705,dorsolateral prefrontal cortex,80.18,H2AJ:HGNC:14456,variant,76.4305
H2AJ,human,Homo sapiens,ENSG00000246705,dorsolateral prefrontal cortex,85.45,H2AJ:HGNC:14456,variant,76.4305
H2AJ,human,Homo sapiens,ENSG00000246705,dorsolateral prefrontal cortex,83.72,H2AJ:HGNC:14456,variant,76.4305
H2AJ,human,Homo sapiens,ENSG00000246705,dorsolateral prefrontal cortex,81.65,H2AJ:HGNC:14456,variant,76.4305
H2AJ,human,Homo sapiens,ENSG00000246705,dorsolateral prefrontal cortex,70.02,H2AJ:HGNC:14456,variant,76.4305
H2AJ,human,Homo sapiens,ENSG00000246705,dorsolateral prefrontal cortex,84.11,H2AJ:HGNC:14456,variant,76.4305
H2AJ,human,Homo sapiens,ENSG00000246705,dorsolateral prefrontal cortex,70.55,H2AJ:HGNC:14456,variant,76.4305
H2AJ,human,Homo sapiens,ENSG00000246705,dorsolateral prefrontal cortex,69.51,H2AJ:HGNC:14456,variant,76.4305
H2AJ,human,Homo sapiens,ENSG00000246705,dorsolateral prefrontal cortex,70.49,H2AJ:HGNC:14456,variant,76.4305
H2AJ,human,Homo sapiens,ENSG00000246705,dorsolateral prefrontal cortex,68.72,H2AJ:HGNC:14456,variant,76.4305
H2AJ,human,Homo sapiens,ENSG00000246705,dorsolateral prefrontal cortex,69.24,H2AJ:HGNC:14456,variant,76.4305
H2AJ,human,Homo sapiens,ENSG00000246705,dorsolateral prefrontal cortex,70.66,H2AJ:HGNC:14456,variant,76.4305
H2AJ,human,Homo sapiens,ENSG00000246705,dorsolateral prefrontal cortex,68.21,H2AJ:HGNC:14456,variant,76.4305
H2AJ,human,Homo sapiens,ENSG00000246705,anterior cingulate cortex,77.61,H2AJ:HGNC:14456,variant,82.49111111111111
H2AJ,human,Homo sapiens,ENSG00000246705,anterior cingulate cortex,78.81,H2AJ:HGNC:14456,variant,82.49111111111111
H2AJ,human,Homo sapiens,ENSG00000246705,anterior cingulate cortex,77.71,H2AJ:HGNC:14456,variant,82.49111111111111
H2AJ,human,Homo sapiens,ENSG00000246705,anterior cingulate cortex,81.84,H2AJ:HGNC:14456,variant,82.49111111111111
H2AJ,human,Homo sapiens,ENSG00000246705,anterior cingulate cortex,89.08,H2AJ:HGNC:14456,variant,82.49111111111111
H2AJ,human,Homo sapiens,ENSG00000246705,anterior cingulate cortex,82.27,H2AJ:HGNC:14456,variant,82.49111111111111
H2AJ,human,Homo sapiens,ENSG00000246705,anterior cingulate cortex,87.57,H2AJ:HGNC:14456,variant,82.49111111111111
H2AJ,human,Homo sapiens,ENSG00000246705,anterior cingulate cortex,84.28,H2AJ:HGNC:14456,variant,82.49111111111111
H2AJ,human,Homo sapiens,ENSG00000246705,anterior cingulate cortex,83.25,H2AJ:HGNC:14456,variant,82.49111111111111
H2AJ,human,Homo sapiens,ENSG00000246705,body of uterus,97.15,H2AJ:HGNC:14456,variant,96.744
H2AJ,human,Homo sapiens,ENSG00000246705,body of uterus,96.98,H2AJ:HGNC:14456,variant,96.744
H2AJ,human,Homo sapiens,ENSG00000246705,body of uterus,97.12,H2AJ:HGNC:14456,variant,96.744
H2AJ,human,Homo sapiens,ENSG00000246705,body of uterus,95.7,H2AJ:HGNC:14456,variant,96.744
H2AJ,human,Homo sapiens,ENSG00000246705,body of uterus,96.77,H2AJ:HGNC:14456,variant,96.744
H2AJ,human,Homo sapiens,ENSG00000246705,omental fat pad,98.22,H2AJ:HGNC:14456,variant,98.37272727272726
H2AJ,human,Homo sapiens,ENSG00000246705,omental fat pad,98.49,H2AJ:HGNC:14456,variant,98.37272727272726
H2AJ,human,Homo sapiens,ENSG00000246705,omental fat pad,98.6,H2AJ:HGNC:14456,variant,98.37272727272726
H2AJ,human,Homo sapiens,ENSG00000246705,omental fat pad,98.24,H2AJ:HGNC:14456,variant,98.37272727272726
H2AJ,human,Homo sapiens,ENSG00000246705,omental fat pad,97.93,H2AJ:HGNC:14456,variant,98.37272727272726
H2AJ,human,Homo sapiens,ENSG00000246705,omental fat pad,98.28,H2AJ:HGNC:14456,variant,98.37272727272726
H2AJ,human,Homo sapiens,ENSG00000246705,omental fat pad,98.61,H2AJ:HGNC:14456,variant,98.37272727272726
H2AJ,human,Homo sapiens,ENSG00000246705,omental fat pad,98.32,H2AJ:HGNC:14456,variant,98.37272727272726
H2AJ,human,Homo sapiens,ENSG00000246705,omental fat pad,98.43,H2AJ:HGNC:14456,variant,98.37272727272726
H2AJ,human,Homo sapiens,ENSG00000246705,omental fat pad,98.47,H2AJ:HGNC:14456,variant,98.37272727272726
H2AJ,human,Homo sapiens,ENSG00000246705,omental fat pad,98.51,H2AJ:HGNC:14456,variant,98.37272727272726
H2AJ,human,Homo sapiens,ENSG00000246705,metanephros cortex,97.18,H2AJ:HGNC:14456,variant,97.70500000000001
H2AJ,human,Homo sapiens,ENSG00000246705,metanephros cortex,98.23,H2AJ:HGNC:14456,variant,97.70500000000001
H2AJ,human,Homo sapiens,ENSG00000246705,body of tongue,94.87,H2AJ:HGNC:14456,variant,95.37333333333333
H2AJ,human,Homo sapiens,ENSG00000246705,body of tongue,94.63,H2AJ:HGNC:14456,variant,95.37333333333333
H2AJ,human,Homo sapiens,ENSG00000246705,body of tongue,96.62,H2AJ:HGNC:14456,variant,95.37333333333333
H2AJ,human,Homo sapiens,ENSG00000246705,ectocervix,97.43,H2AJ:HGNC:14456,variant,97.71600000000001
H2AJ,human,Homo sapiens,ENSG00000246705,ectocervix,98.26,H2AJ:HGNC:14456,variant,97.71600000000001
H2AJ,human,Homo sapiens,ENSG00000246705,ectocervix,98.04,H2AJ:HGNC:14456,variant,97.71600000000001
H2AJ,human,Homo sapiens,ENSG00000246705,ectocervix,96.51,H2AJ:HGNC:14456,variant,97.71600000000001
H2AJ,human,Homo sapiens,ENSG00000246705,ectocervix,98.34,H2AJ:HGNC:14456,variant,97.71600000000001
H2AJ,human,Homo sapiens,ENSG00000246705,lower esophagus,97.02,H2AJ:HGNC:14456,variant,97.16
H2AJ,human,Homo sapiens,ENSG00000246705,lower esophagus,97.3,H2AJ:HGNC:14456,variant,97.16
H2AJ,human,Homo sapiens,ENSG00000246705,Brodmann (1909) area 9,81.05,H2AJ:HGNC:14456,variant,83.9125
H2AJ,human,Homo sapiens,ENSG00000246705,Brodmann (1909) area 9,81.79,H2AJ:HGNC:14456,variant,83.9125
H2AJ,human,Homo sapiens,ENSG00000246705,Brodmann (1909) area 9,81.12,H2AJ:HGNC:14456,variant,83.9125
H2AJ,human,Homo sapiens,ENSG00000246705,Brodmann (1909) area 9,82.55,H2AJ:HGNC:14456,variant,83.9125
H2AJ,human,Homo sapiens,ENSG00000246705,Brodmann (1909) area 9,81.58,H2AJ:HGNC:14456,variant,83.9125
H2AJ,human,Homo sapiens,ENSG00000246705,Brodmann (1909) area 9,84.5,H2AJ:HGNC:14456,variant,83.9125
H2AJ,human,Homo sapiens,ENSG00000246705,Brodmann (1909) area 9,86.48,H2AJ:HGNC:14456,variant,83.9125
H2AJ,human,Homo sapiens,ENSG00000246705,Brodmann (1909) area 9,92.23,H2AJ:HGNC:14456,variant,83.9125
H2AJ,human,Homo sapiens,ENSG00000246705,Brodmann (1909) area 23,74.53,H2AJ:HGNC:14456,variant,72.96
H2AJ,human,Homo sapiens,ENSG00000246705,Brodmann (1909) area 23,73.71,H2AJ:HGNC:14456,variant,72.96
H2AJ,human,Homo sapiens,ENSG00000246705,Brodmann (1909) area 23,73.3,H2AJ:HGNC:14456,variant,72.96
H2AJ,human,Homo sapiens,ENSG00000246705,Brodmann (1909) area 23,70.3,H2AJ:HGNC:14456,variant,72.96
H2AJ,human,Homo sapiens,ENSG00000246705,right hemisphere of cerebellum,79.66,H2AJ:HGNC:14456,variant,81.74777777777778
H2AJ,human,Homo sapiens,ENSG00000246705,right hemisphere of cerebellum,81.3,H2AJ:HGNC:14456,variant,81.74777777777778
H2AJ,human,Homo sapiens,ENSG00000246705,right hemisphere of cerebellum,84.79,H2AJ:HGNC:14456,variant,81.74777777777778
H2AJ,human,Homo sapiens,ENSG00000246705,right hemisphere of cerebellum,82.23,H2AJ:HGNC:14456,variant,81.74777777777778
H2AJ,human,Homo sapiens,ENSG00000246705,right hemisphere of cerebellum,82.48,H2AJ:HGNC:14456,variant,81.74777777777778
H2AJ,human,Homo sapiens,ENSG00000246705,right hemisphere of cerebellum,80.78,H2AJ:HGNC:14456,variant,81.74777777777778
H2AJ,human,Homo sapiens,ENSG00000246705,right hemisphere of cerebellum,81.56,H2AJ:HGNC:14456,variant,81.74777777777778
H2AJ,human,Homo sapiens,ENSG00000246705,right hemisphere of cerebellum,81.53,H2AJ:HGNC:14456,variant,81.74777777777778
H2AJ,human,Homo sapiens,ENSG00000246705,right hemisphere of cerebellum,81.4,H2AJ:HGNC:14456,variant,81.74777777777778
H2AJ,human,Homo sapiens,ENSG00000246705,sural nerve,97.26,H2AJ:HGNC:14456,variant,95.44333333333333
H2AJ,human,Homo sapiens,ENSG00000246705,sural nerve,95.44,H2AJ:HGNC:14456,variant,95.44333333333333
H2AJ,human,Homo sapiens,ENSG00000246705,sural nerve,93.63,H2AJ:HGNC:14456,variant,95.44333333333333
H2AJ,human,Homo sapiens,ENSG00000246705,adrenal tissue,61.25,H2AJ:HGNC:14456,variant,78.96333333333332
H2AJ,human,Homo sapiens,ENSG00000246705,adrenal tissue,87.63,H2AJ:HGNC:14456,variant,78.96333333333332
H2AJ,human,Homo sapiens,ENSG00000246705,adrenal tissue,88.01,H2AJ:HGNC:14456,variant,78.96333333333332
H2AJ,human,Homo sapiens,ENSG00000246705,muscle layer of sigmoid colon,96.93,H2AJ:HGNC:14456,variant,96.9718181818182
H2AJ,human,Homo sapiens,ENSG00000246705,muscle layer of sigmoid colon,96.93,H2AJ:HGNC:14456,variant,96.9718181818182
H2AJ,human,Homo sapiens,ENSG00000246705,muscle layer of sigmoid colon,96.83,H2AJ:HGNC:14456,variant,96.9718181818182
H2AJ,human,Homo sapiens,ENSG00000246705,muscle layer of sigmoid colon,96.93,H2AJ:HGNC:14456,variant,96.9718181818182
H2AJ,human,Homo sapiens,ENSG00000246705,muscle layer of sigmoid colon,96.3,H2AJ:HGNC:14456,variant,96.9718181818182
H2AJ,human,Homo sapiens,ENSG00000246705,muscle layer of sigmoid colon,97.58,H2AJ:HGNC:14456,variant,96.9718181818182
H2AJ,human,Homo sapiens,ENSG00000246705,muscle layer of sigmoid colon,97.23,H2AJ:HGNC:14456,variant,96.9718181818182
H2AJ,human,Homo sapiens,ENSG00000246705,muscle layer of sigmoid colon,96.3,H2AJ:HGNC:14456,variant,96.9718181818182
H2AJ,human,Homo sapiens,ENSG00000246705,muscle layer of sigmoid colon,96.74,H2AJ:HGNC:14456,variant,96.9718181818182
H2AJ,human,Homo sapiens,ENSG00000246705,muscle layer of sigmoid colon,96.73,H2AJ:HGNC:14456,variant,96.9718181818182
H2AJ,human,Homo sapiens,ENSG00000246705,muscle layer of sigmoid colon,98.19,H2AJ:HGNC:14456,variant,96.9718181818182
H2AJ,human,Homo sapiens,ENSG00000246705,left adrenal gland cortex,98.04,H2AJ:HGNC:14456,variant,98.4525
H2AJ,human,Homo sapiens,ENSG00000246705,left adrenal gland cortex,98.42,H2AJ:HGNC:14456,variant,98.4525
H2AJ,human,Homo sapiens,ENSG00000246705,left adrenal gland cortex,98.69,H2AJ:HGNC:14456,variant,98.4525
H2AJ,human,Homo sapiens,ENSG00000246705,left adrenal gland cortex,98.36,H2AJ:HGNC:14456,variant,98.4525
H2AJ,human,Homo sapiens,ENSG00000246705,left adrenal gland cortex,98.9,H2AJ:HGNC:14456,variant,98.4525
H2AJ,human,Homo sapiens,ENSG00000246705,left adrenal gland cortex,98.56,H2AJ:HGNC:14456,variant,98.4525
H2AJ,human,Homo sapiens,ENSG00000246705,left adrenal gland cortex,98.45,H2AJ:HGNC:14456,variant,98.4525
H2AJ,human,Homo sapiens,ENSG00000246705,left adrenal gland cortex,98.2,H2AJ:HGNC:14456,variant,98.4525
H2AJ,human,Homo sapiens,ENSG00000246705,right adrenal gland cortex,97.97,H2AJ:HGNC:14456,variant,98.08333333333333
H2AJ,human,Homo sapiens,ENSG00000246705,right adrenal gland cortex,97.86,H2AJ:HGNC:14456,variant,98.08333333333333
H2AJ,human,Homo sapiens,ENSG00000246705,right adrenal gland cortex,98.42,H2AJ:HGNC:14456,variant,98.08333333333333
H2AJ,human,Homo sapiens,ENSG00000246705,lower esophagus muscularis layer,97.57,H2AJ:HGNC:14456,variant,97.30272727272727
H2AJ,human,Homo sapiens,ENSG00000246705,lower esophagus muscularis layer,97.24,H2AJ:HGNC:14456,variant,97.30272727272727
H2AJ,human,Homo sapiens,ENSG00000246705,lower esophagus muscularis layer,97.09,H2AJ:HGNC:14456,variant,97.30272727272727
H2AJ,human,Homo sapiens,ENSG00000246705,lower esophagus muscularis layer,97.18,H2AJ:HGNC:14456,variant,97.30272727272727
H2AJ,human,Homo sapiens,ENSG00000246705,lower esophagus muscularis layer,97.2,H2AJ:HGNC:14456,variant,97.30272727272727
H2AJ,human,Homo sapiens,ENSG00000246705,lower esophagus muscularis layer,97.12,H2AJ:HGNC:14456,variant,97.30272727272727
H2AJ,human,Homo sapiens,ENSG00000246705,lower esophagus muscularis layer,97.13,H2AJ:HGNC:14456,variant,97.30272727272727
H2AJ,human,Homo sapiens,ENSG00000246705,lower esophagus muscularis layer,97.04,H2AJ:HGNC:14456,variant,97.30272727272727
H2AJ,human,Homo sapiens,ENSG00000246705,lower esophagus muscularis layer,97.49,H2AJ:HGNC:14456,variant,97.30272727272727
H2AJ,human,Homo sapiens,ENSG00000246705,lower esophagus muscularis layer,97.31,H2AJ:HGNC:14456,variant,97.30272727272727
H2AJ,human,Homo sapiens,ENSG00000246705,lower esophagus muscularis layer,97.96,H2AJ:HGNC:14456,variant,97.30272727272727
H2AJ,human,Homo sapiens,ENSG00000246705,lower esophagus mucosa,97.47,H2AJ:HGNC:14456,variant,97.47
H2AJ,human,Homo sapiens,ENSG00000246705,esophagogastric junction muscularis propria,97.71,H2AJ:HGNC:14456,variant,97.35363636363637
H2AJ,human,Homo sapiens,ENSG00000246705,esophagogastric junction muscularis propria,96.93,H2AJ:HGNC:14456,variant,97.35363636363637
H2AJ,human,Homo sapiens,ENSG00000246705,esophagogastric junction muscularis propria,96.29,H2AJ:HGNC:14456,variant,97.35363636363637
H2AJ,human,Homo sapiens,ENSG00000246705,esophagogastric junction muscularis propria,97.64,H2AJ:HGNC:14456,variant,97.35363636363637
H2AJ,human,Homo sapiens,ENSG00000246705,esophagogastric junction muscularis propria,97.37,H2AJ:HGNC:14456,variant,97.35363636363637
H2AJ,human,Homo sapiens,ENSG00000246705,esophagogastric junction muscularis propria,97.07,H2AJ:HGNC:14456,variant,97.35363636363637
H2AJ,human,Homo sapiens,ENSG00000246705,esophagogastric junction muscularis propria,97.41,H2AJ:HGNC:14456,variant,97.35363636363637
H2AJ,human,Homo sapiens,ENSG00000246705,esophagogastric junction muscularis propria,97.17,H2AJ:HGNC:14456,variant,97.35363636363637
H2AJ,human,Homo sapiens,ENSG00000246705,esophagogastric junction muscularis propria,97.52,H2AJ:HGNC:14456,variant,97.35363636363637
H2AJ,human,Homo sapiens,ENSG00000246705,esophagogastric junction muscularis propria,97.62,H2AJ:HGNC:14456,variant,97.35363636363637
H2AJ,human,Homo sapiens,ENSG00000246705,esophagogastric junction muscularis propria,98.16,H2AJ:HGNC:14456,variant,97.35363636363637
H2AJ,macaca_mulatta,Macaca mulatta,ENSMMUG00000018013,spermatocyte,94.55,H2AJ:VGNC:99938,variant,94.55
H2AJ,macaca_mulatta,Macaca mulatta,ENSMMUG00000018013,spermatid,94.21,H2AJ:VGNC:99938,variant,94.21
H2AJ,macaca_mulatta,Macaca mulatta,ENSMMUG00000018013,fibroblast,95.16,H2AJ:VGNC:99938,variant,95.16
H2AJ,macaca_mulatta,Macaca mulatta,ENSMMUG00000018013,adult mammalian kidney,93.79,H2AJ:VGNC:99938,variant,95.74666666666667
H2AJ,macaca_mulatta,Macaca mulatta,ENSMMUG00000018013,adult mammalian kidney,97.47,H2AJ:VGNC:99938,variant,95.74666666666667
H2AJ,macaca_mulatta,Macaca mulatta,ENSMMUG00000018013,adult mammalian kidney,95.98,H2AJ:VGNC:99938,variant,95.74666666666667
H2AJ,macaca_mulatta,Macaca mulatta,ENSMMUG00000018013,prefrontal cortex,78.34,H2AJ:VGNC:99938,variant,76.245
H2AJ,macaca_mulatta,Macaca mulatta,ENSMMUG00000018013,prefrontal cortex,70.14,H2AJ:VGNC:99938,variant,76.245
H2AJ,macaca_mulatta,Macaca mulatta,ENSMMUG00000018013,prefrontal cortex,78.18,H2AJ:VGNC:99938,variant,76.245
H2AJ,macaca_mulatta,Macaca mulatta,ENSMMUG00000018013,prefrontal cortex,78.32,H2AJ:VGNC:99938,variant,76.245
H2AJ,macaca_mulatta,Macaca mulatta,ENSMMUG00000018013,multicellular organism,86.61,H2AJ:VGNC:99938,variant,85.91333333333334
H2AJ,macaca_mulatta,Macaca mulatta,ENSMMUG00000018013,multicellular organism,87.03,H2AJ:VGNC:99938,variant,85.91333333333334
H2AJ,macaca_mulatta,Macaca mulatta,ENSMMUG00000018013,multicellular organism,84.1,H2AJ:VGNC:99938,variant,85.91333333333334
H2AJ,macaca_mulatta,Macaca mulatta,ENSMMUG00000018013,testis,99.58,H2AJ:VGNC:99938,variant,99.53333333333335
H2AJ,macaca_mulatta,Macaca mulatta,ENSMMUG00000018013,testis,99.45,H2AJ:VGNC:99938,variant,99.53333333333335
H2AJ,macaca_mulatta,Macaca mulatta,ENSMMUG00000018013,testis,99.57,H2AJ:VGNC:99938,variant,99.53333333333335
H2AJ,macaca_mulatta,Macaca mulatta,ENSMMUG00000018013,heart,96.08,H2AJ:VGNC:99938,variant,94.886
H2AJ,macaca_mulatta,Macaca mulatta,ENSMMUG00000018013,heart,96.11,H2AJ:VGNC:99938,variant,94.886
H2AJ,macaca_mulatta,Macaca mulatta,ENSMMUG00000018013,heart,89.8,H2AJ:VGNC:99938,variant,94.886
H2AJ,macaca_mulatta,Macaca mulatta,ENSMMUG00000018013,heart,95.06,H2AJ:VGNC:99938,variant,94.886
H2AJ,macaca_mulatta,Macaca mulatta,ENSMMUG00000018013,heart,97.38,H2AJ:VGNC:99938,variant,94.886
H2AJ,macaca_mulatta,Macaca mulatta,ENSMMUG00000018013,brain,76.68,H2AJ:VGNC:99938,variant,75.92
H2AJ,macaca_mulatta,Macaca mulatta,ENSMMUG00000018013,brain,76.33,H2AJ:VGNC:99938,variant,75.92
H2AJ,macaca_mulatta,Macaca mulatta,ENSMMUG00000018013,brain,73.76,H2AJ:VGNC:99938,variant,75.92
H2AJ,macaca_mulatta,Macaca mulatta,ENSMMUG00000018013,brain,76.91,H2AJ:VGNC:99938,variant,75.92
H2AJ,macaca_mulatta,Macaca mulatta,ENSMMUG00000018013,cerebral cortex,67.2,H2AJ:VGNC:99938,variant,67.2
H2AJ,macaca_mulatta,Macaca mulatta,ENSMMUG00000018013,adipose tissue,98.51,H2AJ:VGNC:99938,variant,98.51
H2AJ,macaca_mulatta,Macaca mulatta,ENSMMUG00000018013,skeletal muscle tissue,88.61,H2AJ:VGNC:99938,variant,88.405
H2AJ,macaca_mulatta,Macaca mulatta,ENSMMUG00000018013,skeletal muscle tissue,88.2,H2AJ:VGNC:99938,variant,88.405
H2AJ,macaca_mulatta,Macaca mulatta,ENSMMUG00000018013,colon,92.38,H2AJ:VGNC:99938,variant,92.38
H2AJ,macaca_mulatta,Macaca mulatta,ENSMMUG00000018013,cortex of kidney,95.73,H2AJ:VGNC:99938,variant,95.73
H2AJ,macaca_mulatta,Macaca mulatta,ENSMMUG00000018013,frontal cortex,74.02,H2AJ:VGNC:99938,variant,74.02
H2AJ,macaca_mulatta,Macaca mulatta,ENSMMUG00000018013,Ammon's horn,62.8,H2AJ:VGNC:99938,variant,62.8
H2AJ,macaca_mulatta,Macaca mulatta,ENSMMUG00000018013,cerebellum,71.85,H2AJ:VGNC:99938,variant,76.49600000000001
H2AJ,macaca_mulatta,Macaca mulatta,ENSMMUG00000018013,cerebellum,78.8,H2AJ:VGNC:99938,variant,76.49600000000001
H2AJ,macaca_mulatta,Macaca mulatta,ENSMMUG00000018013,cerebellum,81.18,H2AJ:VGNC:99938,variant,76.49600000000001
H2AJ,macaca_mulatta,Macaca mulatta,ENSMMUG00000018013,cerebellum,69.64,H2AJ:VGNC:99938,variant,76.49600000000001
H2AJ,macaca_mulatta,Macaca mulatta,ENSMMUG00000018013,cerebellum,81.01,H2AJ:VGNC:99938,variant,76.49600000000001
H2AJ,macaca_mulatta,Macaca mulatta,ENSMMUG00000018013,lung,94.59,H2AJ:VGNC:99938,variant,90.035
H2AJ,macaca_mulatta,Macaca mulatta,ENSMMUG00000018013,lung,85.48,H2AJ:VGNC:99938,variant,90.035
H2AJ,macaca_mulatta,Macaca mulatta,ENSMMUG00000018013,spleen,94.32,H2AJ:VGNC:99938,variant,90.095
H2AJ,macaca_mulatta,Macaca mulatta,ENSMMUG00000018013,spleen,85.87,H2AJ:VGNC:99938,variant,90.095
H2AJ,macaca_mulatta,Macaca mulatta,ENSMMUG00000018013,liver,97.0,H2AJ:VGNC:99938,variant,96.14142857142858
H2AJ,macaca_mulatta,Macaca mulatta,ENSMMUG00000018013,liver,95.94,H2AJ:VGNC:99938,variant,96.14142857142858
H2AJ,macaca_mulatta,Macaca mulatta,ENSMMUG00000018013,liver,95.66,H2AJ:VGNC:99938,variant,96.14142857142858
H2AJ,macaca_mulatta,Macaca mulatta,ENSMMUG00000018013,liver,96.28,H2AJ:VGNC:99938,variant,96.14142857142858
H2AJ,macaca_mulatta,Macaca mulatta,ENSMMUG00000018013,liver,95.8,H2AJ:VGNC:99938,variant,96.14142857142858
H2AJ,macaca_mulatta,Macaca mulatta,ENSMMUG00000018013,liver,96.0,H2AJ:VGNC:99938,variant,96.14142857142858
H2AJ,macaca_mulatta,Macaca mulatta,ENSMMUG00000018013,liver,96.31,H2AJ:VGNC:99938,variant,96.14142857142858
H2AJ,macaca_mulatta,Macaca mulatta,ENSMMUG00000018013,kidney,95.22,H2AJ:VGNC:99938,variant,95.555
H2AJ,macaca_mulatta,Macaca mulatta,ENSMMUG00000018013,kidney,95.89,H2AJ:VGNC:99938,variant,95.555
H2AJ,macaca_mulatta,Macaca mulatta,ENSMMUG00000018013,ileum,81.75,H2AJ:VGNC:99938,variant,81.75
H2AJ,macaca_mulatta,Macaca mulatta,ENSMMUG00000018013,cerebellar cortex,83.76,H2AJ:VGNC:99938,variant,79.62
H2AJ,macaca_mulatta,Macaca mulatta,ENSMMUG00000018013,cerebellar cortex,80.21,H2AJ:VGNC:99938,variant,79.62
H2AJ,macaca_mulatta,Macaca mulatta,ENSMMUG00000018013,cerebellar cortex,74.89,H2AJ:VGNC:99938,variant,79.62
H2AJ,macaca_mulatta,Macaca mulatta,ENSMMUG00000018013,primary visual cortex,76.44,H2AJ:VGNC:99938,variant,76.44
H2AJ,macaca_mulatta,Macaca mulatta,ENSMMUG00000018013,superior frontal gyrus,81.13,H2AJ:VGNC:99938,variant,81.13
H2AJ,macaca_mulatta,Macaca mulatta,ENSMMUG00000018013,hindlimb stylopod muscle,89.31,H2AJ:VGNC:99938,variant,89.31
H2AJ,macaca_mulatta,Macaca mulatta,ENSMMUG00000018013,olfactory segment of nasal mucosa,98.76,H2AJ:VGNC:99938,variant,98.76
H2AJ,macaca_mulatta,Macaca mulatta,ENSMMUG00000018013,dorsolateral prefrontal cortex,75.22,H2AJ:VGNC:99938,variant,74.395
H2AJ,macaca_mulatta,Macaca mulatta,ENSMMUG00000018013,dorsolateral prefrontal cortex,73.57,H2AJ:VGNC:99938,variant,74.395
H2AJ,pan_troglodytes,Pan troglodytes,ENSPTRG00000004723,fibroblast,98.2,H2AJ:VGNC:52069,variant,97.99000000000001
H2AJ,pan_troglodytes,Pan troglodytes,ENSPTRG00000004723,fibroblast,97.78,H2AJ:VGNC:52069,variant,97.99000000000001
H2AJ,pan_troglodytes,Pan troglodytes,ENSPTRG00000004723,pituitary gland,56.72,H2AJ:VGNC:52069,variant,56.72
H2AJ,pan_troglodytes,Pan troglodytes,ENSPTRG00000004723,lymph node,91.65,H2AJ:VGNC:52069,variant,91.65
H2AJ,pan_troglodytes,Pan troglodytes,ENSPTRG00000004723,adult mammalian kidney,98.18,H2AJ:VGNC:52069,variant,95.24000000000001
H2AJ,pan_troglodytes,Pan troglodytes,ENSPTRG00000004723,adult mammalian kidney,92.15,H2AJ:VGNC:52069,variant,95.24000000000001
H2AJ,pan_troglodytes,Pan troglodytes,ENSPTRG00000004723,adult mammalian kidney,95.39,H2AJ:VGNC:52069,variant,95.24000000000001
H2AJ,pan_troglodytes,Pan troglodytes,ENSPTRG00000004723,prefrontal cortex,78.15,H2AJ:VGNC:52069,variant,74.81272727272727
H2AJ,pan_troglodytes,Pan troglodytes,ENSPTRG00000004723,prefrontal cortex,69.68,H2AJ:VGNC:52069,variant,74.81272727272727
H2AJ,pan_troglodytes,Pan troglodytes,ENSPTRG00000004723,prefrontal cortex,81.91,H2AJ:VGNC:52069,variant,74.81272727272727
H2AJ,pan_troglodytes,Pan troglodytes,ENSPTRG00000004723,prefrontal cortex,79.88,H2AJ:VGNC:52069,variant,74.81272727272727
H2AJ,pan_troglodytes,Pan troglodytes,ENSPTRG00000004723,prefrontal cortex,79.49,H2AJ:VGNC:52069,variant,74.81272727272727
H2AJ,pan_troglodytes,Pan troglodytes,ENSPTRG00000004723,prefrontal cortex,73.75,H2AJ:VGNC:52069,variant,74.81272727272727
H2AJ,pan_troglodytes,Pan troglodytes,ENSPTRG00000004723,prefrontal cortex,81.58,H2AJ:VGNC:52069,variant,74.81272727272727
H2AJ,pan_troglodytes,Pan troglodytes,ENSPTRG00000004723,prefrontal cortex,73.94,H2AJ:VGNC:52069,variant,74.81272727272727
H2AJ,pan_troglodytes,Pan troglodytes,ENSPTRG00000004723,prefrontal cortex,66.72,H2AJ:VGNC:52069,variant,74.81272727272727
H2AJ,pan_troglodytes,Pan troglodytes,ENSPTRG00000004723,prefrontal cortex,64.18,H2AJ:VGNC:52069,variant,74.81272727272727
H2AJ,pan_troglodytes,Pan troglodytes,ENSPTRG00000004723,prefrontal cortex,73.66,H2AJ:VGNC:52069,variant,74.81272727272727
H2AJ,pan_troglodytes,Pan troglodytes,ENSPTRG00000004723,multicellular organism,81.48,H2AJ:VGNC:52069,variant,81.32
H2AJ,pan_troglodytes,Pan troglodytes,ENSPTRG00000004723,multicellular organism,81.16,H2AJ:VGNC:52069,variant,81.32
H2AJ,pan_troglodytes,Pan troglodytes,ENSPTRG00000004723,testis,99.9,H2AJ:VGNC:52069,variant,99.815
H2AJ,pan_troglodytes,Pan troglodytes,ENSPTRG00000004723,testis,99.73,H2AJ:VGNC:52069,variant,99.815
H2AJ,pan_troglodytes,Pan troglodytes,ENSPTRG00000004723,heart,91.55,H2AJ:VGNC:52069,variant,93.71799999999999
H2AJ,pan_troglodytes,Pan troglodytes,ENSPTRG00000004723,heart,97.22,H2AJ:VGNC:52069,variant,93.71799999999999
H2AJ,pan_troglodytes,Pan troglodytes,ENSPTRG00000004723,heart,91.09,H2AJ:VGNC:52069,variant,93.71799999999999
H2AJ,pan_troglodytes,Pan troglodytes,ENSPTRG00000004723,heart,92.16,H2AJ:VGNC:52069,variant,93.71799999999999
H2AJ,pan_troglodytes,Pan troglodytes,ENSPTRG00000004723,heart,96.57,H2AJ:VGNC:52069,variant,93.71799999999999
H2AJ,pan_troglodytes,Pan troglodytes,ENSPTRG00000004723,cerebral cortex,77.23,H2AJ:VGNC:52069,variant,77.23
H2AJ,pan_troglodytes,Pan troglodytes,ENSPTRG00000004723,skeletal muscle tissue,87.0,H2AJ:VGNC:52069,variant,87.0
H2AJ,pan_troglodytes,Pan troglodytes,ENSPTRG00000004723,colon,87.67,H2AJ:VGNC:52069,variant,87.67
H2AJ,pan_troglodytes,Pan troglodytes,ENSPTRG00000004723,cortex of kidney,96.76,H2AJ:VGNC:52069,variant,96.905
H2AJ,pan_troglodytes,Pan troglodytes,ENSPTRG00000004723,cortex of kidney,97.05,H2AJ:VGNC:52069,variant,96.905
H2AJ,pan_troglodytes,Pan troglodytes,ENSPTRG00000004723,frontal cortex,74.9,H2AJ:VGNC:52069,variant,75.18
H2AJ,pan_troglodytes,Pan troglodytes,ENSPTRG00000004723,frontal cortex,75.46,H2AJ:VGNC:52069,variant,75.18
H2AJ,pan_troglodytes,Pan troglodytes,ENSPTRG00000004723,temporal lobe,59.33,H2AJ:VGNC:52069,variant,59.33
H2AJ,pan_troglodytes,Pan troglodytes,ENSPTRG00000004723,cerebellum,74.34,H2AJ:VGNC:52069,variant,74.21000000000001
H2AJ,pan_troglodytes,Pan troglodytes,ENSPTRG00000004723,cerebellum,86.43,H2AJ:VGNC:52069,variant,74.21000000000001
H2AJ,pan_troglodytes,Pan troglodytes,ENSPTRG00000004723,cerebellum,63.29,H2AJ:VGNC:52069,variant,74.21000000000001
H2AJ,pan_troglodytes,Pan troglodytes,ENSPTRG00000004723,cerebellum,72.78,H2AJ:VGNC:52069,variant,74.21000000000001
H2AJ,pan_troglodytes,Pan troglodytes,ENSPTRG00000004723,lung,90.1,H2AJ:VGNC:52069,variant,90.1
H2AJ,pan_troglodytes,Pan troglodytes,ENSPTRG00000004723,spleen,91.67,H2AJ:VGNC:52069,variant,91.67
H2AJ,pan_troglodytes,Pan troglodytes,ENSPTRG00000004723,liver,95.69,H2AJ:VGNC:52069,variant,96.81666666666666
H2AJ,pan_troglodytes,Pan troglodytes,ENSPTRG00000004723,liver,95.52,H2AJ:VGNC:52069,variant,96.81666666666666
H2AJ,pan_troglodytes,Pan troglodytes,ENSPTRG00000004723,liver,98.64,H2AJ:VGNC:52069,variant,96.81666666666666
H2AJ,pan_troglodytes,Pan troglodytes,ENSPTRG00000004723,liver,95.3,H2AJ:VGNC:52069,variant,96.81666666666666
H2AJ,pan_troglodytes,Pan troglodytes,ENSPTRG00000004723,liver,97.71,H2AJ:VGNC:52069,variant,96.81666666666666
H2AJ,pan_troglodytes,Pan troglodytes,ENSPTRG00000004723,liver,98.04,H2AJ:VGNC:52069,variant,96.81666666666666
H2AJ,pan_troglodytes,Pan troglodytes,ENSPTRG00000004723,cerebellar cortex,77.4,H2AJ:VGNC:52069,variant,77.75800000000001
H2AJ,pan_troglodytes,Pan troglodytes,ENSPTRG00000004723,cerebellar cortex,77.05,H2AJ:VGNC:52069,variant,77.75800000000001
H2AJ,pan_troglodytes,Pan troglodytes,ENSPTRG00000004723,cerebellar cortex,73.9,H2AJ:VGNC:52069,variant,77.75800000000001
H2AJ,pan_troglodytes,Pan troglodytes,ENSPTRG00000004723,cerebellar cortex,79.81,H2AJ:VGNC:52069,variant,77.75800000000001
H2AJ,pan_troglodytes,Pan troglodytes,ENSPTRG00000004723,cerebellar cortex,80.63,H2AJ:VGNC:52069,variant,77.75800000000001
H2AJ,pan_troglodytes,Pan troglodytes,ENSPTRG00000004723,thymus,92.38,H2AJ:VGNC:52069,variant,92.38
H2AJ,pan_troglodytes,Pan troglodytes,ENSPTRG00000004723,bone marrow,94.99,H2AJ:VGNC:52069,variant,94.99
H2AJ,pan_troglodytes,Pan troglodytes,ENSPTRG00000004723,primary visual cortex,79.02,H2AJ:VGNC:52069,variant,75.84
H2AJ,pan_troglodytes,Pan troglodytes,ENSPTRG00000004723,primary visual cortex,72.66,H2AJ:VGNC:52069,variant,75.84
H2AJ,pan_troglodytes,Pan troglodytes,ENSPTRG00000004723,superior frontal gyrus,77.94,H2AJ:VGNC:52069,variant,79.09222222222222
H2AJ,pan_troglodytes,Pan troglodytes,ENSPTRG00000004723,superior frontal gyrus,76.71,H2AJ:VGNC:52069,variant,79.09222222222222
H2AJ,pan_troglodytes,Pan troglodytes,ENSPTRG00000004723,superior frontal gyrus,77.47,H2AJ:VGNC:52069,variant,79.09222222222222
H2AJ,pan_troglodytes,Pan troglodytes,ENSPTRG00000004723,superior frontal gyrus,83.27,H2AJ:VGNC:52069,variant,79.09222222222222
H2AJ,pan_troglodytes,Pan troglodytes,ENSPTRG00000004723,superior frontal gyrus,80.59,H2AJ:VGNC:52069,variant,79.09222222222222
H2AJ,pan_troglodytes,Pan troglodytes,ENSPTRG00000004723,superior frontal gyrus,75.9,H2AJ:VGNC:52069,variant,79.09222222222222
H2AJ,pan_troglodytes,Pan troglodytes,ENSPTRG00000004723,superior frontal gyrus,72.66,H2AJ:VGNC:52069,variant,79.09222222222222
H2AJ,pan_troglodytes,Pan troglodytes,ENSPTRG00000004723,superior frontal gyrus,80.85,H2AJ:VGNC:52069,variant,79.09222222222222
H2AJ,pan_troglodytes,Pan troglodytes,ENSPTRG00000004723,superior frontal gyrus,86.44,H2AJ:VGNC:52069,variant,79.09222222222222
H2AJ,pan_troglodytes,Pan troglodytes,ENSPTRG00000004723,hindlimb stylopod muscle,92.05,H2AJ:VGNC:52069,variant,90.515
H2AJ,pan_troglodytes,Pan troglodytes,ENSPTRG00000004723,hindlimb stylopod muscle,88.98,H2AJ:VGNC:52069,variant,90.515
H2AJ,pan_troglodytes,Pan troglodytes,ENSPTRG00000004723,dorsolateral prefrontal cortex,72.36,H2AJ:VGNC:52069,variant,74.67
H2AJ,pan_troglodytes,Pan troglodytes,ENSPTRG00000004723,dorsolateral prefrontal cortex,76.98,H2AJ:VGNC:52069,variant,74.67
H2AJ,pan_troglodytes,Pan troglodytes,ENSPTRG00000004723,Brodmann (1909) area 10,50.04,H2AJ:VGNC:52069,variant,50.04
H2AJ,sus_scrofa,Sus scrofa,ENSSSCG00000039307,oocyte,87.07,H2AJ:VGNC:109801,variant,87.07
H2AJ,sus_scrofa,Sus scrofa,ENSSSCG00000039307,granulosa cell,93.18,H2AJ:VGNC:109801,variant,93.18
H2AJ,sus_scrofa,Sus scrofa,ENSSSCG00000039307,pituitary gland,93.9,H2AJ:VGNC:109801,variant,92.69
H2AJ,sus_scrofa,Sus scrofa,ENSSSCG00000039307,pituitary gland,91.48,H2AJ:VGNC:109801,variant,92.69
H2AJ,sus_scrofa,Sus scrofa,ENSSSCG00000039307,lymph node,94.69,H2AJ:VGNC:109801,variant,94.69
H2AJ,sus_scrofa,Sus scrofa,ENSSSCG00000039307,adult mammalian kidney,96.37,H2AJ:VGNC:109801,variant,97.28
H2AJ,sus_scrofa,Sus scrofa,ENSSSCG00000039307,adult mammalian kidney,96.71,H2AJ:VGNC:109801,variant,97.28
H2AJ,sus_scrofa,Sus scrofa,ENSSSCG00000039307,adult mammalian kidney,97.16,H2AJ:VGNC:109801,variant,97.28
H2AJ,sus_scrofa,Sus scrofa,ENSSSCG00000039307,adult mammalian kidney,98.88,H2AJ:VGNC:109801,variant,97.28
H2AJ,sus_scrofa,Sus scrofa,ENSSSCG00000039307,blood,92.58,H2AJ:VGNC:109801,variant,92.36666666666667
H2AJ,sus_scrofa,Sus scrofa,ENSSSCG00000039307,blood,92.42,H2AJ:VGNC:109801,variant,92.36666666666667
H2AJ,sus_scrofa,Sus scrofa,ENSSSCG00000039307,blood,92.1,H2AJ:VGNC:109801,variant,92.36666666666667
H2AJ,sus_scrofa,Sus scrofa,ENSSSCG00000039307,prefrontal cortex,84.5,H2AJ:VGNC:109801,variant,84.5
H2AJ,sus_scrofa,Sus scrofa,ENSSSCG00000039307,material anatomical entity,90.52,H2AJ:VGNC:109801,variant,89.58
H2AJ,sus_scrofa,Sus scrofa,ENSSSCG00000039307,material anatomical entity,88.64,H2AJ:VGNC:109801,variant,89.58
H2AJ,sus_scrofa,Sus scrofa,ENSSSCG00000039307,testis,62.12,H2AJ:VGNC:109801,variant,72.0
H2AJ,sus_scrofa,Sus scrofa,ENSSSCG00000039307,testis,64.14,H2AJ:VGNC:109801,variant,72.0
H2AJ,sus_scrofa,Sus scrofa,ENSSSCG00000039307,testis,89.74,H2AJ:VGNC:109801,variant,72.0
H2AJ,sus_scrofa,Sus scrofa,ENSSSCG00000039307,stomach,90.5,H2AJ:VGNC:109801,variant,89.495
H2AJ,sus_scrofa,Sus scrofa,ENSSSCG00000039307,stomach,88.49,H2AJ:VGNC:109801,variant,89.495
H2AJ,sus_scrofa,Sus scrofa,ENSSSCG00000039307,heart,89.58,H2AJ:VGNC:109801,variant,90.205
H2AJ,sus_scrofa,Sus scrofa,ENSSSCG00000039307,heart,87.85,H2AJ:VGNC:109801,variant,90.205
H2AJ,sus_scrofa,Sus scrofa,ENSSSCG00000039307,heart,84.26,H2AJ:VGNC:109801,variant,90.205
H2AJ,sus_scrofa,Sus scrofa,ENSSSCG00000039307,heart,96.02,H2AJ:VGNC:109801,variant,90.205
H2AJ,sus_scrofa,Sus scrofa,ENSSSCG00000039307,heart,90.54,H2AJ:VGNC:109801,variant,90.205
H2AJ,sus_scrofa,Sus scrofa,ENSSSCG00000039307,heart,92.98,H2AJ:VGNC:109801,variant,90.205
H2AJ,sus_scrofa,Sus scrofa,ENSSSCG00000039307,cerebral cortex,72.66,H2AJ:VGNC:109801,variant,72.66
H2AJ,sus_scrofa,Sus scrofa,ENSSSCG00000039307,pons,92.86,H2AJ:VGNC:109801,variant,89.28
H2AJ,sus_scrofa,Sus scrofa,ENSSSCG00000039307,pons,85.7,H2AJ:VGNC:109801,variant,89.28
H2AJ,sus_scrofa,Sus scrofa,ENSSSCG00000039307,penis,96.59,H2AJ:VGNC:109801,variant,96.59
H2AJ,sus_scrofa,Sus scrofa,ENSSSCG00000039307,ovary,99.39,H2AJ:VGNC:109801,variant,98.75999999999999
H2AJ,sus_scrofa,Sus scrofa,ENSSSCG00000039307,ovary,99.1,H2AJ:VGNC:109801,variant,98.75999999999999
H2AJ,sus_scrofa,Sus scrofa,ENSSSCG00000039307,ovary,97.79,H2AJ:VGNC:109801,variant,98.75999999999999
H2AJ,sus_scrofa,Sus scrofa,ENSSSCG00000039307,uterus,94.96,H2AJ:VGNC:109801,variant,91.07333333333334
H2AJ,sus_scrofa,Sus scrofa,ENSSSCG00000039307,uterus,90.67,H2AJ:VGNC:109801,variant,91.07333333333334
H2AJ,sus_scrofa,Sus scrofa,ENSSSCG00000039307,uterus,87.59,H2AJ:VGNC:109801,variant,91.07333333333334
H2AJ,sus_scrofa,Sus scrofa,ENSSSCG00000039307,adipose tissue,98.44,H2AJ:VGNC:109801,variant,98.64
H2AJ,sus_scrofa,Sus scrofa,ENSSSCG00000039307,adipose tissue,98.84,H2AJ:VGNC:109801,variant,98.64
H2AJ,sus_scrofa,Sus scrofa,ENSSSCG00000039307,right lobe of liver,97.45,H2AJ:VGNC:109801,variant,97.33500000000001
H2AJ,sus_scrofa,Sus scrofa,ENSSSCG00000039307,right lobe of liver,97.22,H2AJ:VGNC:109801,variant,97.33500000000001
H2AJ,sus_scrofa,Sus scrofa,ENSSSCG00000039307,skeletal muscle tissue,86.99,H2AJ:VGNC:109801,variant,86.565
H2AJ,sus_scrofa,Sus scrofa,ENSSSCG00000039307,skeletal muscle tissue,86.14,H2AJ:VGNC:109801,variant,86.565
H2AJ,sus_scrofa,Sus scrofa,ENSSSCG00000039307,caecum,92.32,H2AJ:VGNC:109801,variant,90.585
H2AJ,sus_scrofa,Sus scrofa,ENSSSCG00000039307,caecum,88.85,H2AJ:VGNC:109801,variant,90.585
H2AJ,sus_scrofa,Sus scrofa,ENSSSCG00000039307,colon,93.17,H2AJ:VGNC:109801,variant,92.025
H2AJ,sus_scrofa,Sus scrofa,ENSSSCG00000039307,colon,90.88,H2AJ:VGNC:109801,variant,92.025
H2AJ,sus_scrofa,Sus scrofa,ENSSSCG00000039307,psoas major muscle,90.52,H2AJ:VGNC:109801,variant,92.945
H2AJ,sus_scrofa,Sus scrofa,ENSSSCG00000039307,psoas major muscle,95.37,H2AJ:VGNC:109801,variant,92.945
H2AJ,sus_scrofa,Sus scrofa,ENSSSCG00000039307,epididymis,97.32,H2AJ:VGNC:109801,variant,97.32
H2AJ,sus_scrofa,Sus scrofa,ENSSSCG00000039307,semimembranosus muscle,93.04,H2AJ:VGNC:109801,variant,93.16
H2AJ,sus_scrofa,Sus scrofa,ENSSSCG00000039307,semimembranosus muscle,93.28,H2AJ:VGNC:109801,variant,93.16
H2AJ,sus_scrofa,Sus scrofa,ENSSSCG00000039307,longissimus thoracis muscle,81.19,H2AJ:VGNC:109801,variant,87.274
H2AJ,sus_scrofa,Sus scrofa,ENSSSCG00000039307,longissimus thoracis muscle,91.85,H2AJ:VGNC:109801,variant,87.274
H2AJ,sus_scrofa,Sus scrofa,ENSSSCG00000039307,longissimus thoracis muscle,86.43,H2AJ:VGNC:109801,variant,87.274
H2AJ,sus_scrofa,Sus scrofa,ENSSSCG00000039307,longissimus thoracis muscle,83.61,H2AJ:VGNC:109801,variant,87.274
H2AJ,sus_scrofa,Sus scrofa,ENSSSCG00000039307,longissimus thoracis muscle,94.61,H2AJ:VGNC:109801,variant,87.274
H2AJ,sus_scrofa,Sus scrofa,ENSSSCG00000039307,longissimus thoracis muscle,85.32,H2AJ:VGNC:109801,variant,87.274
H2AJ,sus_scrofa,Sus scrofa,ENSSSCG00000039307,longissimus thoracis muscle,88.87,H2AJ:VGNC:109801,variant,87.274
H2AJ,sus_scrofa,Sus scrofa,ENSSSCG00000039307,longissimus thoracis muscle,81.17,H2AJ:VGNC:109801,variant,87.274
H2AJ,sus_scrofa,Sus scrofa,ENSSSCG00000039307,longissimus thoracis muscle,85.65,H2AJ:VGNC:109801,variant,87.274
H2AJ,sus_scrofa,Sus scrofa,ENSSSCG00000039307,longissimus thoracis muscle,82.11,H2AJ:VGNC:109801,variant,87.274
H2AJ,sus_scrofa,Sus scrofa,ENSSSCG00000039307,longissimus thoracis muscle,86.26,H2AJ:VGNC:109801,variant,87.274
H2AJ,sus_scrofa,Sus scrofa,ENSSSCG00000039307,longissimus thoracis muscle,94.47,H2AJ:VGNC:109801,variant,87.274
H2AJ,sus_scrofa,Sus scrofa,ENSSSCG00000039307,longissimus thoracis muscle,82.65,H2AJ:VGNC:109801,variant,87.274
H2AJ,sus_scrofa,Sus scrofa,ENSSSCG00000039307,longissimus thoracis muscle,92.59,H2AJ:VGNC:109801,variant,87.274
H2AJ,sus_scrofa,Sus scrofa,ENSSSCG00000039307,longissimus thoracis muscle,84.89,H2AJ:VGNC:109801,variant,87.274
H2AJ,sus_scrofa,Sus scrofa,ENSSSCG00000039307,longissimus thoracis muscle,79.1,H2AJ:VGNC:109801,variant,87.274
H2AJ,sus_scrofa,Sus scrofa,ENSSSCG00000039307,longissimus thoracis muscle,88.81,H2AJ:VGNC:109801,variant,87.274
H2AJ,sus_scrofa,Sus scrofa,ENSSSCG00000039307,longissimus thoracis muscle,93.64,H2AJ:VGNC:109801,variant,87.274
H2AJ,sus_scrofa,Sus scrofa,ENSSSCG00000039307,longissimus thoracis muscle,93.05,H2AJ:VGNC:109801,variant,87.274
H2AJ,sus_scrofa,Sus scrofa,ENSSSCG00000039307,longissimus thoracis muscle,89.21,H2AJ:VGNC:109801,variant,87.274
H2AJ,sus_scrofa,Sus scrofa,ENSSSCG00000039307,frontal cortex,86.0,H2AJ:VGNC:109801,variant,84.03142857142858
H2AJ,sus_scrofa,Sus scrofa,ENSSSCG00000039307,frontal cortex,85.57,H2AJ:VGNC:109801,variant,84.03142857142858
H2AJ,sus_scrofa,Sus scrofa,ENSSSCG00000039307,frontal cortex,78.68,H2AJ:VGNC:109801,variant,84.03142857142858
H2AJ,sus_scrofa,Sus scrofa,ENSSSCG00000039307,frontal cortex,82.78,H2AJ:VGNC:109801,variant,84.03142857142858
H2AJ,sus_scrofa,Sus scrofa,ENSSSCG00000039307,frontal cortex,85.88,H2AJ:VGNC:109801,variant,84.03142857142858
H2AJ,sus_scrofa,Sus scrofa,ENSSSCG00000039307,frontal cortex,86.93,H2AJ:VGNC:109801,variant,84.03142857142858
H2AJ,sus_scrofa,Sus scrofa,ENSSSCG00000039307,frontal cortex,82.38,H2AJ:VGNC:109801,variant,84.03142857142858
H2AJ,sus_scrofa,Sus scrofa,ENSSSCG00000039307,amygdala,85.87,H2AJ:VGNC:109801,variant,88.24000000000001
H2AJ,sus_scrofa,Sus scrofa,ENSSSCG00000039307,amygdala,90.61,H2AJ:VGNC:109801,variant,88.24000000000001
H2AJ,sus_scrofa,Sus scrofa,ENSSSCG00000039307,forebrain,77.4,H2AJ:VGNC:109801,variant,77.4
H2AJ,sus_scrofa,Sus scrofa,ENSSSCG00000039307,medulla oblongata,83.59,H2AJ:VGNC:109801,variant,88.235
H2AJ,sus_scrofa,Sus scrofa,ENSSSCG00000039307,medulla oblongata,92.88,H2AJ:VGNC:109801,variant,88.235
H2AJ,sus_scrofa,Sus scrofa,ENSSSCG00000039307,dorsal plus ventral thalamus,89.02,H2AJ:VGNC:109801,variant,81.47
H2AJ,sus_scrofa,Sus scrofa,ENSSSCG00000039307,dorsal plus ventral thalamus,73.92,H2AJ:VGNC:109801,variant,81.47
H2AJ,sus_scrofa,Sus scrofa,ENSSSCG00000039307,hypothalamus,83.67,H2AJ:VGNC:109801,variant,84.82
H2AJ,sus_scrofa,Sus scrofa,ENSSSCG00000039307,hypothalamus,85.97,H2AJ:VGNC:109801,variant,84.82
H2AJ,sus_scrofa,Sus scrofa,ENSSSCG00000039307,Ammon's horn,86.14,H2AJ:VGNC:109801,variant,86.14
H2AJ,sus_scrofa,Sus scrofa,ENSSSCG00000039307,cerebellum,85.3,H2AJ:VGNC:109801,variant,85.26666666666667
H2AJ,sus_scrofa,Sus scrofa,ENSSSCG00000039307,cerebellum,87.45,H2AJ:VGNC:109801,variant,85.26666666666667
H2AJ,sus_scrofa,Sus scrofa,ENSSSCG00000039307,cerebellum,83.05,H2AJ:VGNC:109801,variant,85.26666666666667
H2AJ,sus_scrofa,Sus scrofa,ENSSSCG00000039307,lung,91.01,H2AJ:VGNC:109801,variant,89.2475
H2AJ,sus_scrofa,Sus scrofa,ENSSSCG00000039307,lung,87.05,H2AJ:VGNC:109801,variant,89.2475
H2AJ,sus_scrofa,Sus scrofa,ENSSSCG00000039307,lung,85.65,H2AJ:VGNC:109801,variant,89.2475
H2AJ,sus_scrofa,Sus scrofa,ENSSSCG00000039307,lung,93.28,H2AJ:VGNC:109801,variant,89.2475
H2AJ,sus_scrofa,Sus scrofa,ENSSSCG00000039307,heart left ventricle,85.71,H2AJ:VGNC:109801,variant,83.985
H2AJ,sus_scrofa,Sus scrofa,ENSSSCG00000039307,heart left ventricle,82.26,H2AJ:VGNC:109801,variant,83.985
H2AJ,sus_scrofa,Sus scrofa,ENSSSCG00000039307,spleen,88.3,H2AJ:VGNC:109801,variant,85.76428571428572
H2AJ,sus_scrofa,Sus scrofa,ENSSSCG00000039307,spleen,92.69,H2AJ:VGNC:109801,variant,85.76428571428572
H2AJ,sus_scrofa,Sus scrofa,ENSSSCG00000039307,spleen,88.86,H2AJ:VGNC:109801,variant,85.76428571428572
H2AJ,sus_scrofa,Sus scrofa,ENSSSCG00000039307,spleen,76.29,H2AJ:VGNC:109801,variant,85.76428571428572
H2AJ,sus_scrofa,Sus scrofa,ENSSSCG00000039307,spleen,92.04,H2AJ:VGNC:109801,variant,85.76428571428572
H2AJ,sus_scrofa,Sus scrofa,ENSSSCG00000039307,spleen,79.67,H2AJ:VGNC:109801,variant,85.76428571428572
H2AJ,sus_scrofa,Sus scrofa,ENSSSCG00000039307,spleen,82.5,H2AJ:VGNC:109801,variant,85.76428571428572
H2AJ,sus_scrofa,Sus scrofa,ENSSSCG00000039307,liver,97.97,H2AJ:VGNC:109801,variant,97.355
H2AJ,sus_scrofa,Sus scrofa,ENSSSCG00000039307,liver,94.68,H2AJ:VGNC:109801,variant,97.355
H2AJ,sus_scrofa,Sus scrofa,ENSSSCG00000039307,liver,98.32,H2AJ:VGNC:109801,variant,97.355
H2AJ,sus_scrofa,Sus scrofa,ENSSSCG00000039307,liver,97.0,H2AJ:VGNC:109801,variant,97.355
H2AJ,sus_scrofa,Sus scrofa,ENSSSCG00000039307,liver,97.04,H2AJ:VGNC:109801,variant,97.355
H2AJ,sus_scrofa,Sus scrofa,ENSSSCG00000039307,liver,99.12,H2AJ:VGNC:109801,variant,97.355
H2AJ,sus_scrofa,Sus scrofa,ENSSSCG00000039307,kidney,98.28,H2AJ:VGNC:109801,variant,98.28
H2AJ,sus_scrofa,Sus scrofa,ENSSSCG00000039307,duodenum,95.9,H2AJ:VGNC:109801,variant,95.92
H2AJ,sus_scrofa,Sus scrofa,ENSSSCG00000039307,duodenum,95.94,H2AJ:VGNC:109801,variant,95.92
H2AJ,sus_scrofa,Sus scrofa,ENSSSCG00000039307,ileum,93.29,H2AJ:VGNC:109801,variant,93.57
H2AJ,sus_scrofa,Sus scrofa,ENSSSCG00000039307,ileum,93.85,H2AJ:VGNC:109801,variant,93.57
H2AJ,sus_scrofa,Sus scrofa,ENSSSCG00000039307,subcutaneous adipose tissue,97.8,H2AJ:VGNC:109801,variant,97.41000000000001
H2AJ,sus_scrofa,Sus scrofa,ENSSSCG00000039307,subcutaneous adipose tissue,97.45,H2AJ:VGNC:109801,variant,97.41000000000001
H2AJ,sus_scrofa,Sus scrofa,ENSSSCG00000039307,subcutaneous adipose tissue,96.98,H2AJ:VGNC:109801,variant,97.41000000000001
H2AJ,sus_scrofa,Sus scrofa,ENSSSCG00000039307,brainstem,80.81,H2AJ:VGNC:109801,variant,86.66333333333334
H2AJ,sus_scrofa,Sus scrofa,ENSSSCG00000039307,brainstem,88.61,H2AJ:VGNC:109801,variant,86.66333333333334
H2AJ,sus_scrofa,Sus scrofa,ENSSSCG00000039307,brainstem,90.57,H2AJ:VGNC:109801,variant,86.66333333333334
H2AJ,sus_scrofa,Sus scrofa,ENSSSCG00000039307,corpus callosum,76.74,H2AJ:VGNC:109801,variant,82.19
H2AJ,sus_scrofa,Sus scrofa,ENSSSCG00000039307,corpus callosum,87.64,H2AJ:VGNC:109801,variant,82.19
H2AJ,sus_scrofa,Sus scrofa,ENSSSCG00000039307,tonsil,94.4,H2AJ:VGNC:109801,variant,94.4
H2AJ,sus_scrofa,Sus scrofa,ENSSSCG00000039307,muscle tissue,81.2,H2AJ:VGNC:109801,variant,84.28
H2AJ,sus_scrofa,Sus scrofa,ENSSSCG00000039307,muscle tissue,87.36,H2AJ:VGNC:109801,variant,84.28
H2AJ,sus_scrofa,Sus scrofa,ENSSSCG00000039307,hippocampal formation,90.58,H2AJ:VGNC:109801,variant,87.11
H2AJ,sus_scrofa,Sus scrofa,ENSSSCG00000039307,hippocampal formation,83.64,H2AJ:VGNC:109801,variant,87.11
H2AJ,sus_scrofa,Sus scrofa,ENSSSCG00000039307,mesenteric lymph node,87.61,H2AJ:VGNC:109801,variant,85.655
H2AJ,sus_scrofa,Sus scrofa,ENSSSCG00000039307,mesenteric lymph node,83.7,H2AJ:VGNC:109801,variant,85.655
H2AJ,sus_scrofa,Sus scrofa,ENSSSCG00000039307,omentum,96.34,H2AJ:VGNC:109801,variant,95.485
H2AJ,sus_scrofa,Sus scrofa,ENSSSCG00000039307,omentum,94.63,H2AJ:VGNC:109801,variant,95.485
H2AJ,sus_scrofa,Sus scrofa,ENSSSCG00000039307,endocardial endothelium,91.17,H2AJ:VGNC:109801,variant,91.17
H2AJ,sus_scrofa,Sus scrofa,ENSSSCG00000039307,forelimb bud,91.37,H2AJ:VGNC:109801,variant,91.37
H2AJ,sus_scrofa,Sus scrofa,ENSSSCG00000039307,hindlimb bud,91.25,H2AJ:VGNC:109801,variant,91.25
H2AJ,sus_scrofa,Sus scrofa,ENSSSCG00000039307,metanephros cortex,97.04,H2AJ:VGNC:109801,variant,97.195
H2AJ,sus_scrofa,Sus scrofa,ENSSSCG00000039307,metanephros cortex,97.35,H2AJ:VGNC:109801,variant,97.195
H2AJ,sus_scrofa,Sus scrofa,ENSSSCG00000039307,longissimus lumborum muscle,94.45,H2AJ:VGNC:109801,variant,94.45
H2AJ,sus_scrofa,Sus scrofa,ENSSSCG00000039307,occipital cortex,87.46,H2AJ:VGNC:109801,variant,86.11333333333333
H2AJ,sus_scrofa,Sus scrofa,ENSSSCG00000039307,occipital cortex,82.42,H2AJ:VGNC:109801,variant,86.11333333333333
H2AJ,sus_scrofa,Sus scrofa,ENSSSCG00000039307,occipital cortex,88.46,H2AJ:VGNC:109801,variant,86.11333333333333
