Gene ID	Gene name	Anatomical entity name	Expression	Call quality	Expression score
ENSBTAG00000001163	MACROH2A2	spermatocyte	present	gold quality	53.07
ENSBTAG00000001163	MACROH2A2	spermatid	present	gold quality	49.67
ENSBTAG00000001163	MACROH2A2	granulosa cell	present	gold quality	76.93
ENSBTAG00000001163	MACROH2A2	theca cell	present	gold quality	83.13
ENSBTAG00000001163	MACROH2A2	cumulus cell	present	gold quality	63.01
ENSBTAG00000001163	MACROH2A2	leukocyte	present	gold quality	55.97
ENSBTAG00000001163	MACROH2A2	leukocyte	present	gold quality	51.88
ENSBTAG00000001163	MACROH2A2	leukocyte	present	gold quality	55.62
ENSBTAG00000001163	MACROH2A2	leukocyte	present	gold quality	54.67
ENSBTAG00000001163	MACROH2A2	leukocyte	present	gold quality	50.11
ENSBTAG00000001163	MACROH2A2	leukocyte	present	gold quality	51.86
ENSBTAG00000001163	MACROH2A2	leukocyte	present	gold quality	48.86
ENSBTAG00000001163	MACROH2A2	leukocyte	present	gold quality	48.78
ENSBTAG00000001163	MACROH2A2	uterine cervix	present	gold quality	88.61
ENSBTAG00000001163	MACROH2A2	uterine cervix	present	gold quality	88.65
ENSBTAG00000001163	MACROH2A2	pituitary gland	present	gold quality	73.07
ENSBTAG00000001163	MACROH2A2	pituitary gland	present	gold quality	81.03
ENSBTAG00000001163	MACROH2A2	pituitary gland	present	gold quality	78.31
ENSBTAG00000001163	MACROH2A2	pituitary gland	present	gold quality	80.66
ENSBTAG00000001163	MACROH2A2	pituitary gland	present	gold quality	83.25
ENSBTAG00000001163	MACROH2A2	pituitary gland	present	gold quality	83.39
ENSBTAG00000001163	MACROH2A2	zone of skin	present	gold quality	69.78
ENSBTAG00000001163	MACROH2A2	zone of skin	present	gold quality	69.34
ENSBTAG00000001163	MACROH2A2	zone of skin	present	gold quality	55.66
ENSBTAG00000001163	MACROH2A2	lymph node	present	gold quality	54.62
ENSBTAG00000001163	MACROH2A2	lymph node	present	gold quality	49.26
ENSBTAG00000001163	MACROH2A2	fornix of vagina	present	gold quality	75.83
ENSBTAG00000001163	MACROH2A2	fornix of vagina	present	gold quality	75.83
ENSBTAG00000001163	MACROH2A2	ureter	present	gold quality	61.74
ENSBTAG00000001163	MACROH2A2	ureter	present	gold quality	61.79
ENSBTAG00000001163	MACROH2A2	urethra	present	gold quality	70.3
ENSBTAG00000001163	MACROH2A2	urethra	present	gold quality	70.28
ENSBTAG00000001163	MACROH2A2	adult mammalian kidney	present	gold quality	51.2
ENSBTAG00000001163	MACROH2A2	adult mammalian kidney	present	gold quality	47.32
ENSBTAG00000001163	MACROH2A2	adult mammalian kidney	present	gold quality	51.26
ENSBTAG00000001163	MACROH2A2	adult mammalian kidney	present	gold quality	49.1
ENSBTAG00000001163	MACROH2A2	blood	present	gold quality	50.15
ENSBTAG00000001163	MACROH2A2	blood	present	gold quality	50.01
ENSBTAG00000001163	MACROH2A2	blood	present	gold quality	49.9
ENSBTAG00000001163	MACROH2A2	blood	present	gold quality	49.62
ENSBTAG00000001163	MACROH2A2	renal medulla	present	gold quality	56.29
ENSBTAG00000001163	MACROH2A2	renal medulla	present	gold quality	57.46
ENSBTAG00000001163	MACROH2A2	tongue muscle	present	gold quality	58.74
ENSBTAG00000001163	MACROH2A2	tongue muscle	present	gold quality	58.71
ENSBTAG00000001163	MACROH2A2	longissimus muscle	present	gold quality	77.05
ENSBTAG00000001163	MACROH2A2	longissimus muscle	present	gold quality	49.48
ENSBTAG00000001163	MACROH2A2	longissimus muscle	present	gold quality	48.08
ENSBTAG00000001163	MACROH2A2	prefrontal cortex	present	gold quality	65.47
ENSBTAG00000001163	MACROH2A2	multicellular organism	present	gold quality	65.59
ENSBTAG00000001163	MACROH2A2	testis	present	gold quality	55.97
ENSBTAG00000001163	MACROH2A2	testis	present	gold quality	74.54
ENSBTAG00000001163	MACROH2A2	testis	present	gold quality	62.78
ENSBTAG00000001163	MACROH2A2	testis	present	gold quality	55.9
ENSBTAG00000001163	MACROH2A2	testis	present	gold quality	60.28
ENSBTAG00000001163	MACROH2A2	testis	present	gold quality	49.53
ENSBTAG00000001163	MACROH2A2	ileocecal valve	present	gold quality	53.59
ENSBTAG00000001163	MACROH2A2	aorta	present	gold quality	55.75
ENSBTAG00000001163	MACROH2A2	aorta	present	gold quality	55.75
ENSBTAG00000001163	MACROH2A2	heart	present	gold quality	69.45
ENSBTAG00000001163	MACROH2A2	heart	present	gold quality	61.66
ENSBTAG00000001163	MACROH2A2	heart	present	gold quality	59.9
ENSBTAG00000001163	MACROH2A2	heart	present	gold quality	60.37
ENSBTAG00000001163	MACROH2A2	brain	present	gold quality	75.24
ENSBTAG00000001163	MACROH2A2	cerebral cortex	present	gold quality	73.56
ENSBTAG00000001163	MACROH2A2	cerebral cortex	present	gold quality	69.03
ENSBTAG00000001163	MACROH2A2	retina	present	gold quality	77.36
ENSBTAG00000001163	MACROH2A2	pons	present	gold quality	64.05
ENSBTAG00000001163	MACROH2A2	pons	present	gold quality	70.32
ENSBTAG00000001163	MACROH2A2	ovary	present	gold quality	89.21
ENSBTAG00000001163	MACROH2A2	ovary	present	gold quality	82.36
ENSBTAG00000001163	MACROH2A2	ovary	present	gold quality	74.63
ENSBTAG00000001163	MACROH2A2	ovary	present	gold quality	82.45
ENSBTAG00000001163	MACROH2A2	uterus	present	gold quality	80.9
ENSBTAG00000001163	MACROH2A2	uterus	present	gold quality	73.81
ENSBTAG00000001163	MACROH2A2	uterus	present	gold quality	82.96
ENSBTAG00000001163	MACROH2A2	vas deferens	present	gold quality	84.59
ENSBTAG00000001163	MACROH2A2	adipose tissue	present	gold quality	67.3
ENSBTAG00000001163	MACROH2A2	adipose tissue	present	gold quality	53.33
ENSBTAG00000001163	MACROH2A2	adipose tissue	present	gold quality	63.46
ENSBTAG00000001163	MACROH2A2	adipose tissue	present	gold quality	57.92
ENSBTAG00000001163	MACROH2A2	adipose tissue	present	gold quality	63.37
ENSBTAG00000001163	MACROH2A2	adipose tissue	present	gold quality	68.37
ENSBTAG00000001163	MACROH2A2	esophagus	present	gold quality	62.19
ENSBTAG00000001163	MACROH2A2	esophagus	present	gold quality	62.07
ENSBTAG00000001163	MACROH2A2	saliva-secreting gland	present	gold quality	68.56
ENSBTAG00000001163	MACROH2A2	saliva-secreting gland	present	gold quality	68.56
ENSBTAG00000001163	MACROH2A2	diaphragm	present	gold quality	74.85
ENSBTAG00000001163	MACROH2A2	diaphragm	present	gold quality	74.85
ENSBTAG00000001163	MACROH2A2	intercostal muscle	present	gold quality	55.38
ENSBTAG00000001163	MACROH2A2	skeletal muscle tissue	present	gold quality	89.49
ENSBTAG00000001163	MACROH2A2	skeletal muscle tissue	present	gold quality	52.36
ENSBTAG00000001163	MACROH2A2	skeletal muscle tissue	present	gold quality	58.51
ENSBTAG00000001163	MACROH2A2	skeletal muscle tissue	present	gold quality	89.56
ENSBTAG00000001163	MACROH2A2	caecum	present	gold quality	61.57
ENSBTAG00000001163	MACROH2A2	caecum	present	gold quality	51.89
ENSBTAG00000001163	MACROH2A2	caecum	present	gold quality	61.61
ENSBTAG00000001163	MACROH2A2	colon	present	gold quality	55.64
ENSBTAG00000001163	MACROH2A2	ascending colon	present	gold quality	58.3
ENSBTAG00000001163	MACROH2A2	ascending colon	present	gold quality	58.3
ENSBTAG00000001163	MACROH2A2	descending colon	present	gold quality	55.27
ENSBTAG00000001163	MACROH2A2	descending colon	present	gold quality	48.24
ENSBTAG00000001163	MACROH2A2	descending colon	present	gold quality	55.27
ENSBTAG00000001163	MACROH2A2	cortex of kidney	present	gold quality	55.48
ENSBTAG00000001163	MACROH2A2	urinary bladder	present	gold quality	53.22
ENSBTAG00000001163	MACROH2A2	urinary bladder	present	gold quality	53.22
ENSBTAG00000001163	MACROH2A2	endometrium	present	gold quality	75.69
ENSBTAG00000001163	MACROH2A2	endometrium	present	gold quality	79.77
ENSBTAG00000001163	MACROH2A2	endometrium	present	gold quality	62.58
ENSBTAG00000001163	MACROH2A2	endometrium	present	gold quality	67.19
ENSBTAG00000001163	MACROH2A2	endometrium	present	gold quality	79.68
ENSBTAG00000001163	MACROH2A2	endometrium	present	gold quality	80.61
ENSBTAG00000001163	MACROH2A2	myometrium	present	gold quality	89.58
ENSBTAG00000001163	MACROH2A2	myometrium	present	gold quality	89.64
ENSBTAG00000001163	MACROH2A2	gluteus medius	present	gold quality	59.28
ENSBTAG00000001163	MACROH2A2	gluteus medius	present	gold quality	59.24
ENSBTAG00000001163	MACROH2A2	biceps femoris	present	gold quality	60.35
ENSBTAG00000001163	MACROH2A2	biceps femoris	present	gold quality	60.34
ENSBTAG00000001163	MACROH2A2	semitendinosus	present	gold quality	49.26
ENSBTAG00000001163	MACROH2A2	semitendinosus	present	gold quality	50.21
ENSBTAG00000001163	MACROH2A2	semitendinosus	present	gold quality	53.21
ENSBTAG00000001163	MACROH2A2	rectus femoris	present	gold quality	53.26
ENSBTAG00000001163	MACROH2A2	rectus femoris	present	gold quality	53.24
ENSBTAG00000001163	MACROH2A2	semimembranosus muscle	present	gold quality	54.53
ENSBTAG00000001163	MACROH2A2	semimembranosus muscle	present	gold quality	54.49
ENSBTAG00000001163	MACROH2A2	semimembranosus muscle	present	gold quality	46.09
ENSBTAG00000001163	MACROH2A2	longissimus thoracis muscle	present	gold quality	53.99
ENSBTAG00000001163	MACROH2A2	longissimus thoracis muscle	present	gold quality	46.69
ENSBTAG00000001163	MACROH2A2	longissimus thoracis muscle	present	gold quality	52.37
ENSBTAG00000001163	MACROH2A2	longissimus thoracis muscle	present	gold quality	52.44
ENSBTAG00000001163	MACROH2A2	longissimus thoracis muscle	present	gold quality	48.96
ENSBTAG00000001163	MACROH2A2	longissimus thoracis muscle	present	gold quality	49.38
ENSBTAG00000001163	MACROH2A2	longissimus thoracis muscle	present	gold quality	56.69
ENSBTAG00000001163	MACROH2A2	longissimus thoracis muscle	present	gold quality	55.35
ENSBTAG00000001163	MACROH2A2	infraspinatus muscle	present	gold quality	56.73
ENSBTAG00000001163	MACROH2A2	infraspinatus muscle	present	gold quality	56.72
ENSBTAG00000001163	MACROH2A2	tongue	present	gold quality	58.14
ENSBTAG00000001163	MACROH2A2	tongue	present	gold quality	58.16
ENSBTAG00000001163	MACROH2A2	tongue	present	gold quality	51.83
ENSBTAG00000001163	MACROH2A2	nasopharynx	present	gold quality	48.34
ENSBTAG00000001163	MACROH2A2	pharyngeal tonsil	present	gold quality	45.7
ENSBTAG00000001163	MACROH2A2	laryngeal cartilage	present	gold quality	66.16
ENSBTAG00000001163	MACROH2A2	laryngeal cartilage	present	gold quality	66.17
ENSBTAG00000001163	MACROH2A2	anterior segment of eyeball	present	gold quality	69.46
ENSBTAG00000001163	MACROH2A2	nasal cavity mucosa	present	gold quality	67.75
ENSBTAG00000001163	MACROH2A2	nasal cavity mucosa	present	gold quality	67.75
ENSBTAG00000001163	MACROH2A2	frontal cortex	present	gold quality	68.68
ENSBTAG00000001163	MACROH2A2	frontal cortex	present	gold quality	71.74
ENSBTAG00000001163	MACROH2A2	frontal cortex	present	gold quality	64.41
ENSBTAG00000001163	MACROH2A2	midbrain	present	gold quality	70.86
ENSBTAG00000001163	MACROH2A2	hypothalamus	present	gold quality	57.05
ENSBTAG00000001163	MACROH2A2	hypothalamus	present	gold quality	66.02
ENSBTAG00000001163	MACROH2A2	hypothalamus	present	gold quality	67.16
ENSBTAG00000001163	MACROH2A2	mammary gland	present	gold quality	75.26
ENSBTAG00000001163	MACROH2A2	mammary gland	present	gold quality	60.73
ENSBTAG00000001163	MACROH2A2	mammary gland	present	gold quality	74.67
ENSBTAG00000001163	MACROH2A2	mammary gland	present	gold quality	51.99
ENSBTAG00000001163	MACROH2A2	milk	present	gold quality	49.14
ENSBTAG00000001163	MACROH2A2	milk	present	gold quality	56.26
ENSBTAG00000001163	MACROH2A2	Ammon's horn	present	gold quality	82.28
ENSBTAG00000001163	MACROH2A2	placenta	present	gold quality	48.39
ENSBTAG00000001163	MACROH2A2	placenta	present	gold quality	46.67
ENSBTAG00000001163	MACROH2A2	gluteal muscle	present	gold quality	52.7
ENSBTAG00000001163	MACROH2A2	occipital lobe	present	gold quality	64.13
ENSBTAG00000001163	MACROH2A2	cerebellum	present	gold quality	70.62
ENSBTAG00000001163	MACROH2A2	cerebellum	present	gold quality	70.7
ENSBTAG00000001163	MACROH2A2	cerebellum	present	gold quality	81.22
ENSBTAG00000001163	MACROH2A2	thyroid gland	present	gold quality	73.92
ENSBTAG00000001163	MACROH2A2	thyroid gland	present	gold quality	59.9
ENSBTAG00000001163	MACROH2A2	lung	present	gold quality	54.0
ENSBTAG00000001163	MACROH2A2	lung	present	gold quality	47.11
ENSBTAG00000001163	MACROH2A2	lung	present	gold quality	48.07
ENSBTAG00000001163	MACROH2A2	lung	present	gold quality	49.93
ENSBTAG00000001163	MACROH2A2	lung	present	gold quality	51.84
ENSBTAG00000001163	MACROH2A2	lung	present	gold quality	48.77
ENSBTAG00000001163	MACROH2A2	lung	present	gold quality	50.2
ENSBTAG00000001163	MACROH2A2	cardiac atrium	present	gold quality	68.22
ENSBTAG00000001163	MACROH2A2	cardiac atrium	present	gold quality	68.16
ENSBTAG00000001163	MACROH2A2	cardiac ventricle	present	gold quality	57.88
ENSBTAG00000001163	MACROH2A2	spleen	present	gold quality	49.83
ENSBTAG00000001163	MACROH2A2	spleen	present	gold quality	50.18
ENSBTAG00000001163	MACROH2A2	spleen	present	gold quality	53.8
ENSBTAG00000001163	MACROH2A2	spleen	present	gold quality	46.49
ENSBTAG00000001163	MACROH2A2	spleen	present	gold quality	49.94
ENSBTAG00000001163	MACROH2A2	liver	present	gold quality	46.63
ENSBTAG00000001163	MACROH2A2	liver	present	gold quality	47.83
ENSBTAG00000001163	MACROH2A2	liver	present	gold quality	50.59
ENSBTAG00000001163	MACROH2A2	liver	present	gold quality	46.96
ENSBTAG00000001163	MACROH2A2	liver	present	gold quality	43.93
ENSBTAG00000001163	MACROH2A2	gall bladder	present	gold quality	67.88
ENSBTAG00000001163	MACROH2A2	gall bladder	present	gold quality	73.71
ENSBTAG00000001163	MACROH2A2	kidney	present	gold quality	50.04
ENSBTAG00000001163	MACROH2A2	duodenum	present	gold quality	55.78
ENSBTAG00000001163	MACROH2A2	duodenum	present	gold quality	50.08
ENSBTAG00000001163	MACROH2A2	duodenum	present	gold quality	51.83
ENSBTAG00000001163	MACROH2A2	duodenum	present	gold quality	55.78
ENSBTAG00000001163	MACROH2A2	jejunum	present	gold quality	53.32
ENSBTAG00000001163	MACROH2A2	jejunum	present	gold quality	50.19
ENSBTAG00000001163	MACROH2A2	jejunum	present	gold quality	51.51
ENSBTAG00000001163	MACROH2A2	jejunum	present	gold quality	60.02
ENSBTAG00000001163	MACROH2A2	ileum	present	gold quality	56.38
ENSBTAG00000001163	MACROH2A2	ileum	present	gold quality	63.24
ENSBTAG00000001163	MACROH2A2	ileum	present	gold quality	39.74
ENSBTAG00000001163	MACROH2A2	ileum	present	gold quality	45.07
ENSBTAG00000001163	MACROH2A2	ileum	present	gold quality	60.99
ENSBTAG00000001163	MACROH2A2	subcutaneous adipose tissue	present	gold quality	57.37
ENSBTAG00000001163	MACROH2A2	subcutaneous adipose tissue	present	gold quality	60.85
ENSBTAG00000001163	MACROH2A2	subcutaneous adipose tissue	present	gold quality	60.78
ENSBTAG00000001163	MACROH2A2	subcutaneous adipose tissue	present	gold quality	61.78
ENSBTAG00000001163	MACROH2A2	subcutaneous adipose tissue	present	gold quality	60.87
ENSBTAG00000001163	MACROH2A2	subcutaneous adipose tissue	present	gold quality	47.93
ENSBTAG00000001163	MACROH2A2	subcutaneous adipose tissue	present	gold quality	58.03
ENSBTAG00000001163	MACROH2A2	subcutaneous adipose tissue	present	gold quality	59.4
ENSBTAG00000001163	MACROH2A2	subcutaneous adipose tissue	present	gold quality	50.13
ENSBTAG00000001163	MACROH2A2	subcutaneous adipose tissue	present	gold quality	48.24
ENSBTAG00000001163	MACROH2A2	subcutaneous adipose tissue	present	gold quality	55.34
ENSBTAG00000001163	MACROH2A2	adenohypophysis	present	gold quality	83.99
ENSBTAG00000001163	MACROH2A2	adenohypophysis	present	gold quality	84.02
ENSBTAG00000001163	MACROH2A2	neurohypophysis	present	gold quality	84.93
ENSBTAG00000001163	MACROH2A2	neurohypophysis	present	gold quality	84.92
ENSBTAG00000001163	MACROH2A2	uterine horn	present	gold quality	78.8
ENSBTAG00000001163	MACROH2A2	prostate gland	present	gold quality	68.23
ENSBTAG00000001163	MACROH2A2	adrenal gland	present	gold quality	51.99
ENSBTAG00000001163	MACROH2A2	adrenal gland	present	gold quality	51.98
ENSBTAG00000001163	MACROH2A2	adrenal gland	present	gold quality	79.87
ENSBTAG00000001163	MACROH2A2	thymus	present	gold quality	72.1
ENSBTAG00000001163	MACROH2A2	bone marrow	present	gold quality	65.76
ENSBTAG00000001163	MACROH2A2	bone marrow	present	gold quality	65.77
ENSBTAG00000001163	MACROH2A2	supraspinatus muscle	present	gold quality	54.65
ENSBTAG00000001163	MACROH2A2	supraspinatus muscle	present	gold quality	54.61
ENSBTAG00000001163	MACROH2A2	muscle tissue	present	gold quality	54.0
ENSBTAG00000001163	MACROH2A2	muscle tissue	present	gold quality	52.51
ENSBTAG00000001163	MACROH2A2	muscle tissue	present	gold quality	46.05
ENSBTAG00000001163	MACROH2A2	muscle tissue	present	gold quality	57.42
ENSBTAG00000001163	MACROH2A2	muscle tissue	present	gold quality	47.64
ENSBTAG00000001163	MACROH2A2	abdominal lymph node	present	gold quality	46.85
ENSBTAG00000001163	MACROH2A2	mesenteric lymph node	present	gold quality	51.84
ENSBTAG00000001163	MACROH2A2	mesenteric lymph node	present	gold quality	51.85
ENSBTAG00000001163	MACROH2A2	corpus luteum	present	gold quality	59.1
ENSBTAG00000001163	MACROH2A2	corpus luteum	present	gold quality	59.12
ENSBTAG00000001163	MACROH2A2	trachea	present	gold quality	54.21
ENSBTAG00000001163	MACROH2A2	trachea	present	gold quality	54.18
ENSBTAG00000001163	MACROH2A2	floor plate of diencephalon	present	gold quality	85.63
ENSBTAG00000001163	MACROH2A2	uterine tube infundibulum	present	gold quality	83.78
ENSBTAG00000001163	MACROH2A2	uterine tube infundibulum	present	gold quality	92.18
ENSBTAG00000001163	MACROH2A2	mammary gland fat	present	gold quality	73.52
ENSBTAG00000001163	MACROH2A2	caput epididymis	present	gold quality	77.54
ENSBTAG00000001163	MACROH2A2	corpus epididymis	present	gold quality	79.02
ENSBTAG00000001163	MACROH2A2	dorsal thalamus	present	gold quality	79.38
ENSBTAG00000001163	MACROH2A2	conceptus	present	gold quality	56.06
ENSBTAG00000001163	MACROH2A2	oviduct epithelium	present	gold quality	79.51
ENSBTAG00000001163	MACROH2A2	olfactory segment of nasal mucosa	present	gold quality	75.6
ENSBTAG00000001163	MACROH2A2	olfactory segment of nasal mucosa	present	gold quality	74.77
ENSBTAG00000001163	MACROH2A2	digestive system secreted substance	present	gold quality	67.71
ENSBTAG00000001163	MACROH2A2	abomasum	present	gold quality	52.92
ENSBTAG00000001163	MACROH2A2	abomasum	present	gold quality	54.59
ENSBTAG00000001163	MACROH2A2	abomasum	present	gold quality	52.08
ENSBTAG00000001163	MACROH2A2	ruminant reticulum	present	gold quality	63.06
ENSBTAG00000001163	MACROH2A2	ruminant reticulum	present	gold quality	63.05
ENSBTAG00000001163	MACROH2A2	omasum	present	gold quality	69.65
ENSBTAG00000001163	MACROH2A2	omasum	present	gold quality	69.63
ENSBTAG00000001163	MACROH2A2	rumen	present	gold quality	67.93
ENSBTAG00000001163	MACROH2A2	rumen	present	gold quality	52.82
ENSBTAG00000001163	MACROH2A2	rumen	present	gold quality	72.39
ENSBTAG00000001163	MACROH2A2	rumen	present	gold quality	56.19
ENSBTAG00000001163	MACROH2A2	rumen	present	gold quality	65.85
ENSBTAG00000001163	MACROH2A2	surface of tongue	present	gold quality	61.18
ENSBTAG00000001163	MACROH2A2	surface of tongue	present	gold quality	61.23
ENSBTAG00000001163	MACROH2A2	pigment epithelium of eye	present	gold quality	75.46
ENSBTAG00000001163	MACROH2A2	pigment epithelium of eye	present	gold quality	75.49
ENSBTAG00000001163	MACROH2A2	rumen epithelium	present	gold quality	50.77
ENSBTAG00000001163	MACROH2A2	rumen epithelium	present	gold quality	53.58
ENSBTAG00000001163	MACROH2A2	rumen epithelium	present	gold quality	56.35
ENSBTAG00000001163	MACROH2A2	rumen papilla	present	gold quality	63.78
ENSBTAG00000001163	MACROH2A2	rumen papilla	present	gold quality	60.84
ENSBTAG00000001163	MACROH2A2	rumen papilla	present	gold quality	63.8
ENSBTAG00000001163	MACROH2A2	spiral colon	present	gold quality	47.27
ENSBTAG00000001163	MACROH2A2	omental fat pad	present	gold quality	48.84
ENSBTAG00000001163	MACROH2A2	omental fat pad	present	gold quality	51.13
ENSBTAG00000001163	MACROH2A2	metanephros cortex	present	gold quality	55.41
ENSBTAG00000001163	MACROH2A2	ampulla of uterine tube	present	gold quality	89.19
ENSBTAG00000001163	MACROH2A2	ampulla of uterine tube	present	gold quality	94.53
ENSBTAG00000001163	MACROH2A2	retropharyngeal lymph node	present	gold quality	43.91
ENSBTAG00000001163	MACROH2A2	temporal cortex	present	gold quality	73.93
ENSBTAG00000001163	MACROH2A2	temporal cortex	present	gold quality	73.79
ENSBTAG00000001163	MACROH2A2	isthmus of fallopian tube	present	gold quality	81.26
ENSBTAG00000001163	MACROH2A2	isthmus of fallopian tube	present	gold quality	81.26
ENSBTAG00000001163	MACROH2A2	intramuscular adipose tissue	present	gold quality	47.77
ENSBTAG00000001163	MACROH2A2	intramuscular adipose tissue	present	gold quality	48.87
ENSBTAG00000001163	MACROH2A2	scapular muscle	present	gold quality	53.04
ENSBTAG00000001163	MACROH2A2	parenchyma of mammary gland	present	gold quality	74.37
ENSBTAG00000004428	H2AZ1	spermatocyte	present	gold quality	99.41
ENSBTAG00000004428	H2AZ1	spermatid	present	gold quality	98.86
ENSBTAG00000004428	H2AZ1	oocyte	present	gold quality	73.79
ENSBTAG00000004428	H2AZ1	granulosa cell	present	gold quality	95.89
ENSBTAG00000004428	H2AZ1	theca cell	present	gold quality	96.28
ENSBTAG00000004428	H2AZ1	monocyte	present	gold quality	91.24
ENSBTAG00000004428	H2AZ1	cumulus cell	present	gold quality	96.19
ENSBTAG00000004428	H2AZ1	leukocyte	present	gold quality	96.4
ENSBTAG00000004428	H2AZ1	leukocyte	present	gold quality	90.18
ENSBTAG00000004428	H2AZ1	leukocyte	present	gold quality	94.71
ENSBTAG00000004428	H2AZ1	leukocyte	present	gold quality	95.77
ENSBTAG00000004428	H2AZ1	leukocyte	present	gold quality	91.61
ENSBTAG00000004428	H2AZ1	leukocyte	present	gold quality	89.95
ENSBTAG00000004428	H2AZ1	leukocyte	present	gold quality	95.81
ENSBTAG00000004428	H2AZ1	leukocyte	present	gold quality	90.15
ENSBTAG00000004428	H2AZ1	leukocyte	present	gold quality	96.07
ENSBTAG00000004428	H2AZ1	leukocyte	present	gold quality	95.29
ENSBTAG00000004428	H2AZ1	leukocyte	present	gold quality	95.69
ENSBTAG00000004428	H2AZ1	neutrophil	present	gold quality	84.73
ENSBTAG00000004428	H2AZ1	uterine cervix	present	gold quality	96.18
ENSBTAG00000004428	H2AZ1	uterine cervix	present	gold quality	96.18
ENSBTAG00000004428	H2AZ1	pituitary gland	present	gold quality	94.74
ENSBTAG00000004428	H2AZ1	pituitary gland	present	gold quality	95.63
ENSBTAG00000004428	H2AZ1	pituitary gland	present	gold quality	93.97
ENSBTAG00000004428	H2AZ1	pituitary gland	present	gold quality	92.7
ENSBTAG00000004428	H2AZ1	pituitary gland	present	gold quality	94.59
ENSBTAG00000004428	H2AZ1	pituitary gland	present	gold quality	94.35
ENSBTAG00000004428	H2AZ1	zone of skin	present	gold quality	97.18
ENSBTAG00000004428	H2AZ1	zone of skin	present	gold quality	97.32
ENSBTAG00000004428	H2AZ1	zone of skin	present	gold quality	95.94
ENSBTAG00000004428	H2AZ1	lymph node	present	gold quality	96.76
ENSBTAG00000004428	H2AZ1	lymph node	present	gold quality	97.56
ENSBTAG00000004428	H2AZ1	fornix of vagina	present	gold quality	94.47
ENSBTAG00000004428	H2AZ1	fornix of vagina	present	gold quality	94.47
ENSBTAG00000004428	H2AZ1	ureter	present	gold quality	96.3
ENSBTAG00000004428	H2AZ1	ureter	present	gold quality	96.32
ENSBTAG00000004428	H2AZ1	urethra	present	gold quality	96.14
ENSBTAG00000004428	H2AZ1	urethra	present	gold quality	96.13
ENSBTAG00000004428	H2AZ1	adult mammalian kidney	present	gold quality	92.47
ENSBTAG00000004428	H2AZ1	adult mammalian kidney	present	gold quality	93.88
ENSBTAG00000004428	H2AZ1	adult mammalian kidney	present	gold quality	91.9
ENSBTAG00000004428	H2AZ1	adult mammalian kidney	present	gold quality	95.68
ENSBTAG00000004428	H2AZ1	blood	present	gold quality	96.67
ENSBTAG00000004428	H2AZ1	blood	present	gold quality	96.94
ENSBTAG00000004428	H2AZ1	blood	present	gold quality	96.66
ENSBTAG00000004428	H2AZ1	blood	present	gold quality	94.33
ENSBTAG00000004428	H2AZ1	renal medulla	present	gold quality	92.11
ENSBTAG00000004428	H2AZ1	renal medulla	present	gold quality	94.15
ENSBTAG00000004428	H2AZ1	tongue muscle	present	gold quality	95.25
ENSBTAG00000004428	H2AZ1	tongue muscle	present	gold quality	95.27
ENSBTAG00000004428	H2AZ1	longissimus muscle	present	gold quality	91.1
ENSBTAG00000004428	H2AZ1	longissimus muscle	present	gold quality	92.71
ENSBTAG00000004428	H2AZ1	longissimus muscle	present	gold quality	88.63
ENSBTAG00000004428	H2AZ1	prefrontal cortex	present	gold quality	95.38
ENSBTAG00000004428	H2AZ1	multicellular organism	present	gold quality	94.47
ENSBTAG00000004428	H2AZ1	testis	present	gold quality	90.53
ENSBTAG00000004428	H2AZ1	testis	present	gold quality	84.14
ENSBTAG00000004428	H2AZ1	testis	present	gold quality	84.12
ENSBTAG00000004428	H2AZ1	testis	present	gold quality	98.23
ENSBTAG00000004428	H2AZ1	testis	present	gold quality	98.53
ENSBTAG00000004428	H2AZ1	testis	present	gold quality	95.03
ENSBTAG00000004428	H2AZ1	ileocecal valve	present	gold quality	97.05
ENSBTAG00000004428	H2AZ1	aorta	present	gold quality	91.49
ENSBTAG00000004428	H2AZ1	aorta	present	gold quality	91.5
ENSBTAG00000004428	H2AZ1	heart	present	gold quality	90.2
ENSBTAG00000004428	H2AZ1	heart	present	gold quality	87.43
ENSBTAG00000004428	H2AZ1	heart	present	gold quality	92.64
ENSBTAG00000004428	H2AZ1	heart	present	gold quality	91.27
ENSBTAG00000004428	H2AZ1	brain	present	gold quality	94.69
ENSBTAG00000004428	H2AZ1	cerebral cortex	present	gold quality	95.51
ENSBTAG00000004428	H2AZ1	cerebral cortex	present	gold quality	96.08
ENSBTAG00000004428	H2AZ1	retina	present	gold quality	96.93
ENSBTAG00000004428	H2AZ1	pons	present	gold quality	91.55
ENSBTAG00000004428	H2AZ1	pons	present	gold quality	94.22
ENSBTAG00000004428	H2AZ1	ovary	present	gold quality	98.02
ENSBTAG00000004428	H2AZ1	ovary	present	gold quality	97.97
ENSBTAG00000004428	H2AZ1	ovary	present	gold quality	97.23
ENSBTAG00000004428	H2AZ1	ovary	present	gold quality	96.07
ENSBTAG00000004428	H2AZ1	uterus	present	gold quality	95.63
ENSBTAG00000004428	H2AZ1	uterus	present	gold quality	92.68
ENSBTAG00000004428	H2AZ1	uterus	present	gold quality	95.65
ENSBTAG00000004428	H2AZ1	vas deferens	present	gold quality	95.14
ENSBTAG00000004428	H2AZ1	adipose tissue	present	gold quality	94.8
ENSBTAG00000004428	H2AZ1	adipose tissue	present	gold quality	91.24
ENSBTAG00000004428	H2AZ1	adipose tissue	present	gold quality	91.88
ENSBTAG00000004428	H2AZ1	adipose tissue	present	gold quality	94.34
ENSBTAG00000004428	H2AZ1	adipose tissue	present	gold quality	91.73
ENSBTAG00000004428	H2AZ1	adipose tissue	present	gold quality	95.1
ENSBTAG00000004428	H2AZ1	esophagus	present	gold quality	96.07
ENSBTAG00000004428	H2AZ1	esophagus	present	gold quality	96.01
ENSBTAG00000004428	H2AZ1	saliva-secreting gland	present	gold quality	93.89
ENSBTAG00000004428	H2AZ1	saliva-secreting gland	present	gold quality	93.89
ENSBTAG00000004428	H2AZ1	diaphragm	present	gold quality	98.36
ENSBTAG00000004428	H2AZ1	diaphragm	present	gold quality	98.36
ENSBTAG00000004428	H2AZ1	intercostal muscle	present	gold quality	91.27
ENSBTAG00000004428	H2AZ1	skeletal muscle tissue	present	gold quality	95.01
ENSBTAG00000004428	H2AZ1	skeletal muscle tissue	present	gold quality	93.39
ENSBTAG00000004428	H2AZ1	skeletal muscle tissue	present	gold quality	91.24
ENSBTAG00000004428	H2AZ1	skeletal muscle tissue	present	gold quality	95.07
ENSBTAG00000004428	H2AZ1	caecum	present	gold quality	96.6
ENSBTAG00000004428	H2AZ1	caecum	present	gold quality	92.73
ENSBTAG00000004428	H2AZ1	caecum	present	gold quality	96.61
ENSBTAG00000004428	H2AZ1	colon	present	gold quality	95.35
ENSBTAG00000004428	H2AZ1	ascending colon	present	gold quality	94.65
ENSBTAG00000004428	H2AZ1	ascending colon	present	gold quality	94.65
ENSBTAG00000004428	H2AZ1	descending colon	present	gold quality	97.44
ENSBTAG00000004428	H2AZ1	descending colon	present	gold quality	94.41
ENSBTAG00000004428	H2AZ1	descending colon	present	gold quality	97.44
ENSBTAG00000004428	H2AZ1	cortex of kidney	present	gold quality	93.47
ENSBTAG00000004428	H2AZ1	urinary bladder	present	gold quality	95.47
ENSBTAG00000004428	H2AZ1	urinary bladder	present	gold quality	95.46
ENSBTAG00000004428	H2AZ1	endometrium	present	gold quality	94.4
ENSBTAG00000004428	H2AZ1	endometrium	present	gold quality	94.48
ENSBTAG00000004428	H2AZ1	endometrium	present	gold quality	94.91
ENSBTAG00000004428	H2AZ1	endometrium	present	gold quality	93.09
ENSBTAG00000004428	H2AZ1	endometrium	present	gold quality	96.45
ENSBTAG00000004428	H2AZ1	endometrium	present	gold quality	95.47
ENSBTAG00000004428	H2AZ1	myometrium	present	gold quality	95.58
ENSBTAG00000004428	H2AZ1	myometrium	present	gold quality	95.6
ENSBTAG00000004428	H2AZ1	gluteus medius	present	gold quality	87.78
ENSBTAG00000004428	H2AZ1	gluteus medius	present	gold quality	87.78
ENSBTAG00000004428	H2AZ1	biceps femoris	present	gold quality	92.26
ENSBTAG00000004428	H2AZ1	biceps femoris	present	gold quality	92.24
ENSBTAG00000004428	H2AZ1	semitendinosus	present	gold quality	95.21
ENSBTAG00000004428	H2AZ1	semitendinosus	present	gold quality	93.21
ENSBTAG00000004428	H2AZ1	semitendinosus	present	gold quality	95.06
ENSBTAG00000004428	H2AZ1	rectus femoris	present	gold quality	92.73
ENSBTAG00000004428	H2AZ1	rectus femoris	present	gold quality	92.72
ENSBTAG00000004428	H2AZ1	semimembranosus muscle	present	gold quality	93.21
ENSBTAG00000004428	H2AZ1	semimembranosus muscle	present	gold quality	93.26
ENSBTAG00000004428	H2AZ1	semimembranosus muscle	present	gold quality	93.74
ENSBTAG00000004428	H2AZ1	longissimus thoracis muscle	present	gold quality	92.34
ENSBTAG00000004428	H2AZ1	longissimus thoracis muscle	present	gold quality	90.28
ENSBTAG00000004428	H2AZ1	longissimus thoracis muscle	present	gold quality	92.55
ENSBTAG00000004428	H2AZ1	longissimus thoracis muscle	present	gold quality	92.38
ENSBTAG00000004428	H2AZ1	longissimus thoracis muscle	present	gold quality	91.64
ENSBTAG00000004428	H2AZ1	longissimus thoracis muscle	present	gold quality	91.94
ENSBTAG00000004428	H2AZ1	longissimus thoracis muscle	present	gold quality	93.8
ENSBTAG00000004428	H2AZ1	longissimus thoracis muscle	present	gold quality	83.66
ENSBTAG00000004428	H2AZ1	longissimus thoracis muscle	present	gold quality	92.62
ENSBTAG00000004428	H2AZ1	longissimus thoracis muscle	present	gold quality	90.59
ENSBTAG00000004428	H2AZ1	infraspinatus muscle	present	gold quality	92.83
ENSBTAG00000004428	H2AZ1	infraspinatus muscle	present	gold quality	92.86
ENSBTAG00000004428	H2AZ1	triceps brachii	present	gold quality	90.46
ENSBTAG00000004428	H2AZ1	triceps brachii	present	gold quality	90.47
ENSBTAG00000004428	H2AZ1	tongue	present	gold quality	95.88
ENSBTAG00000004428	H2AZ1	tongue	present	gold quality	95.91
ENSBTAG00000004428	H2AZ1	tongue	present	gold quality	94.29
ENSBTAG00000004428	H2AZ1	nasopharynx	present	gold quality	98.82
ENSBTAG00000004428	H2AZ1	pharyngeal tonsil	present	gold quality	98.88
ENSBTAG00000004428	H2AZ1	laryngeal cartilage	present	gold quality	88.04
ENSBTAG00000004428	H2AZ1	laryngeal cartilage	present	gold quality	88.07
ENSBTAG00000004428	H2AZ1	anterior segment of eyeball	present	gold quality	98.38
ENSBTAG00000004428	H2AZ1	nasal cavity mucosa	present	gold quality	97.52
ENSBTAG00000004428	H2AZ1	nasal cavity mucosa	present	gold quality	97.53
ENSBTAG00000004428	H2AZ1	frontal cortex	present	gold quality	96.46
ENSBTAG00000004428	H2AZ1	frontal cortex	present	gold quality	96.49
ENSBTAG00000004428	H2AZ1	frontal cortex	present	gold quality	96.36
ENSBTAG00000004428	H2AZ1	choroid plexus	present	gold quality	88.91
ENSBTAG00000004428	H2AZ1	midbrain	present	gold quality	94.4
ENSBTAG00000004428	H2AZ1	hypothalamus	present	gold quality	91.28
ENSBTAG00000004428	H2AZ1	hypothalamus	present	gold quality	94.23
ENSBTAG00000004428	H2AZ1	hypothalamus	present	gold quality	92.74
ENSBTAG00000004428	H2AZ1	mammary gland	present	gold quality	94.97
ENSBTAG00000004428	H2AZ1	mammary gland	present	gold quality	94.27
ENSBTAG00000004428	H2AZ1	mammary gland	present	gold quality	95.16
ENSBTAG00000004428	H2AZ1	mammary gland	present	gold quality	93.74
ENSBTAG00000004428	H2AZ1	milk	present	gold quality	93.95
ENSBTAG00000004428	H2AZ1	milk	present	gold quality	93.97
ENSBTAG00000004428	H2AZ1	Ammon's horn	present	gold quality	95.12
ENSBTAG00000004428	H2AZ1	semen	present	gold quality	98.31
ENSBTAG00000004428	H2AZ1	placenta	present	gold quality	91.67
ENSBTAG00000004428	H2AZ1	placenta	present	gold quality	95.18
ENSBTAG00000004428	H2AZ1	gluteal muscle	present	gold quality	88.36
ENSBTAG00000004428	H2AZ1	occipital lobe	present	gold quality	96.52
ENSBTAG00000004428	H2AZ1	cerebellum	present	gold quality	93.87
ENSBTAG00000004428	H2AZ1	cerebellum	present	gold quality	93.78
ENSBTAG00000004428	H2AZ1	cerebellum	present	gold quality	97.31
ENSBTAG00000004428	H2AZ1	thyroid gland	present	gold quality	93.82
ENSBTAG00000004428	H2AZ1	thyroid gland	present	gold quality	91.76
ENSBTAG00000004428	H2AZ1	lung	present	gold quality	96.06
ENSBTAG00000004428	H2AZ1	lung	present	gold quality	97.06
ENSBTAG00000004428	H2AZ1	lung	present	gold quality	95.94
ENSBTAG00000004428	H2AZ1	lung	present	gold quality	94.88
ENSBTAG00000004428	H2AZ1	lung	present	gold quality	97.72
ENSBTAG00000004428	H2AZ1	lung	present	gold quality	96.73
ENSBTAG00000004428	H2AZ1	lung	present	gold quality	92.7
ENSBTAG00000004428	H2AZ1	cardiac atrium	present	gold quality	92.2
ENSBTAG00000004428	H2AZ1	cardiac atrium	present	gold quality	92.23
ENSBTAG00000004428	H2AZ1	cardiac ventricle	present	gold quality	89.16
ENSBTAG00000004428	H2AZ1	spleen	present	gold quality	96.84
ENSBTAG00000004428	H2AZ1	spleen	present	gold quality	96.77
ENSBTAG00000004428	H2AZ1	spleen	present	gold quality	96.98
ENSBTAG00000004428	H2AZ1	spleen	present	gold quality	97.1
ENSBTAG00000004428	H2AZ1	spleen	present	gold quality	96.95
ENSBTAG00000004428	H2AZ1	liver	present	gold quality	91.17
ENSBTAG00000004428	H2AZ1	liver	present	gold quality	89.66
ENSBTAG00000004428	H2AZ1	liver	present	gold quality	89.44
ENSBTAG00000004428	H2AZ1	liver	present	gold quality	90.15
ENSBTAG00000004428	H2AZ1	liver	present	gold quality	91.13
ENSBTAG00000004428	H2AZ1	liver	present	gold quality	90.01
ENSBTAG00000004428	H2AZ1	liver	present	gold quality	90.95
ENSBTAG00000004428	H2AZ1	liver	present	gold quality	91.43
ENSBTAG00000004428	H2AZ1	liver	present	gold quality	88.5
ENSBTAG00000004428	H2AZ1	liver	present	gold quality	91.45
ENSBTAG00000004428	H2AZ1	liver	present	gold quality	93.21
ENSBTAG00000004428	H2AZ1	liver	present	gold quality	87.39
ENSBTAG00000004428	H2AZ1	liver	present	gold quality	88.43
ENSBTAG00000004428	H2AZ1	liver	present	gold quality	88.9
ENSBTAG00000004428	H2AZ1	liver	present	gold quality	91.65
ENSBTAG00000004428	H2AZ1	liver	present	gold quality	88.73
ENSBTAG00000004428	H2AZ1	gall bladder	present	gold quality	97.17
ENSBTAG00000004428	H2AZ1	gall bladder	present	gold quality	98.21
ENSBTAG00000004428	H2AZ1	kidney	present	gold quality	95.09
ENSBTAG00000004428	H2AZ1	duodenum	present	gold quality	98.08
ENSBTAG00000004428	H2AZ1	duodenum	present	gold quality	96.65
ENSBTAG00000004428	H2AZ1	duodenum	present	gold quality	97.26
ENSBTAG00000004428	H2AZ1	duodenum	present	gold quality	98.08
ENSBTAG00000004428	H2AZ1	jejunum	present	gold quality	97.02
ENSBTAG00000004428	H2AZ1	jejunum	present	gold quality	96.66
ENSBTAG00000004428	H2AZ1	jejunum	present	gold quality	97.36
ENSBTAG00000004428	H2AZ1	jejunum	present	gold quality	98.25
ENSBTAG00000004428	H2AZ1	ileum	present	gold quality	96.35
ENSBTAG00000004428	H2AZ1	ileum	present	gold quality	97.44
ENSBTAG00000004428	H2AZ1	ileum	present	gold quality	97.11
ENSBTAG00000004428	H2AZ1	ileum	present	gold quality	98.07
ENSBTAG00000004428	H2AZ1	ileum	present	gold quality	97.63
ENSBTAG00000004428	H2AZ1	subcutaneous adipose tissue	present	gold quality	92.44
ENSBTAG00000004428	H2AZ1	subcutaneous adipose tissue	present	gold quality	93.07
ENSBTAG00000004428	H2AZ1	subcutaneous adipose tissue	present	gold quality	94.38
ENSBTAG00000004428	H2AZ1	subcutaneous adipose tissue	present	gold quality	94.2
ENSBTAG00000004428	H2AZ1	subcutaneous adipose tissue	present	gold quality	93.19
ENSBTAG00000004428	H2AZ1	subcutaneous adipose tissue	present	gold quality	87.79
ENSBTAG00000004428	H2AZ1	subcutaneous adipose tissue	present	gold quality	93.04
ENSBTAG00000004428	H2AZ1	subcutaneous adipose tissue	present	gold quality	93.17
ENSBTAG00000004428	H2AZ1	subcutaneous adipose tissue	present	gold quality	81.59
ENSBTAG00000004428	H2AZ1	subcutaneous adipose tissue	present	gold quality	86.66
ENSBTAG00000004428	H2AZ1	subcutaneous adipose tissue	present	gold quality	81.19
ENSBTAG00000004428	H2AZ1	adenohypophysis	present	gold quality	97.31
ENSBTAG00000004428	H2AZ1	adenohypophysis	present	gold quality	97.35
ENSBTAG00000004428	H2AZ1	neurohypophysis	present	gold quality	96.24
ENSBTAG00000004428	H2AZ1	neurohypophysis	present	gold quality	96.27
ENSBTAG00000004428	H2AZ1	uterine horn	present	gold quality	96.13
ENSBTAG00000004428	H2AZ1	prostate gland	present	gold quality	96.12
ENSBTAG00000004428	H2AZ1	adrenal gland	present	gold quality	97.61
ENSBTAG00000004428	H2AZ1	adrenal gland	present	gold quality	97.62
ENSBTAG00000004428	H2AZ1	adrenal gland	present	gold quality	98.99
ENSBTAG00000004428	H2AZ1	thymus	present	gold quality	98.67
ENSBTAG00000004428	H2AZ1	bone marrow	present	gold quality	94.01
ENSBTAG00000004428	H2AZ1	bone marrow	present	gold quality	93.99
ENSBTAG00000004428	H2AZ1	supraspinatus muscle	present	gold quality	89.57
ENSBTAG00000004428	H2AZ1	supraspinatus muscle	present	gold quality	89.58
ENSBTAG00000004428	H2AZ1	muscle tissue	present	gold quality	87.88
ENSBTAG00000004428	H2AZ1	muscle tissue	present	gold quality	90.13
ENSBTAG00000004428	H2AZ1	muscle tissue	present	gold quality	87.1
ENSBTAG00000004428	H2AZ1	muscle tissue	present	gold quality	89.12
ENSBTAG00000004428	H2AZ1	muscle tissue	present	gold quality	88.46
ENSBTAG00000004428	H2AZ1	muscle tissue	present	gold quality	92.78
ENSBTAG00000004428	H2AZ1	muscle tissue	present	gold quality	88.89
ENSBTAG00000004428	H2AZ1	abdominal lymph node	present	gold quality	97.86
ENSBTAG00000004428	H2AZ1	mesenteric lymph node	present	gold quality	97.59
ENSBTAG00000004428	H2AZ1	mesenteric lymph node	present	gold quality	97.59
ENSBTAG00000004428	H2AZ1	corpus luteum	present	gold quality	88.96
ENSBTAG00000004428	H2AZ1	corpus luteum	present	gold quality	88.88
ENSBTAG00000004428	H2AZ1	trachea	present	gold quality	88.8
ENSBTAG00000004428	H2AZ1	trachea	present	gold quality	88.79
ENSBTAG00000004428	H2AZ1	floor plate of diencephalon	present	gold quality	97.08
ENSBTAG00000004428	H2AZ1	uterine tube infundibulum	present	gold quality	95.24
ENSBTAG00000004428	H2AZ1	uterine tube infundibulum	present	gold quality	95.93
ENSBTAG00000004428	H2AZ1	mammary gland fat	present	gold quality	96.25
ENSBTAG00000004428	H2AZ1	caput epididymis	present	gold quality	96.73
ENSBTAG00000004428	H2AZ1	corpus epididymis	present	gold quality	95.93
ENSBTAG00000004428	H2AZ1	dorsal thalamus	present	gold quality	96.07
ENSBTAG00000004428	H2AZ1	conceptus	present	gold quality	97.77
ENSBTAG00000004428	H2AZ1	oviduct epithelium	present	gold quality	91.89
ENSBTAG00000004428	H2AZ1	olfactory segment of nasal mucosa	present	gold quality	96.0
ENSBTAG00000004428	H2AZ1	olfactory segment of nasal mucosa	present	gold quality	96.48
ENSBTAG00000004428	H2AZ1	digestive system secreted substance	present	gold quality	95.6
ENSBTAG00000004428	H2AZ1	abomasum	present	gold quality	98.42
ENSBTAG00000004428	H2AZ1	abomasum	present	gold quality	98.42
ENSBTAG00000004428	H2AZ1	abomasum	present	gold quality	98.43
ENSBTAG00000004428	H2AZ1	ruminant reticulum	present	gold quality	95.9
ENSBTAG00000004428	H2AZ1	ruminant reticulum	present	gold quality	95.9
ENSBTAG00000004428	H2AZ1	omasum	present	gold quality	97.07
ENSBTAG00000004428	H2AZ1	omasum	present	gold quality	97.07
ENSBTAG00000004428	H2AZ1	rumen	present	gold quality	96.04
ENSBTAG00000004428	H2AZ1	rumen	present	gold quality	95.33
ENSBTAG00000004428	H2AZ1	rumen	present	gold quality	92.01
ENSBTAG00000004428	H2AZ1	rumen	present	gold quality	95.95
ENSBTAG00000004428	H2AZ1	rumen	present	gold quality	95.59
ENSBTAG00000004428	H2AZ1	surface of tongue	present	gold quality	96.18
ENSBTAG00000004428	H2AZ1	surface of tongue	present	gold quality	96.2
ENSBTAG00000004428	H2AZ1	pigment epithelium of eye	present	gold quality	92.89
ENSBTAG00000004428	H2AZ1	pigment epithelium of eye	present	gold quality	92.8
ENSBTAG00000004428	H2AZ1	rumen epithelium	present	gold quality	91.79
ENSBTAG00000004428	H2AZ1	rumen epithelium	present	gold quality	97.96
ENSBTAG00000004428	H2AZ1	rumen epithelium	present	gold quality	97.19
ENSBTAG00000004428	H2AZ1	rumen papilla	present	gold quality	95.48
ENSBTAG00000004428	H2AZ1	rumen papilla	present	gold quality	97.38
ENSBTAG00000004428	H2AZ1	rumen papilla	present	gold quality	95.46
ENSBTAG00000004428	H2AZ1	spiral colon	present	gold quality	93.57
ENSBTAG00000004428	H2AZ1	omental fat pad	present	gold quality	86.24
ENSBTAG00000004428	H2AZ1	omental fat pad	present	gold quality	85.96
ENSBTAG00000004428	H2AZ1	metanephros cortex	present	gold quality	93.59
ENSBTAG00000004428	H2AZ1	ampulla of uterine tube	present	gold quality	93.4
ENSBTAG00000004428	H2AZ1	ampulla of uterine tube	present	gold quality	93.19
ENSBTAG00000004428	H2AZ1	retropharyngeal lymph node	present	gold quality	98.4
ENSBTAG00000004428	H2AZ1	temporal cortex	present	gold quality	94.01
ENSBTAG00000004428	H2AZ1	temporal cortex	present	gold quality	94.24
ENSBTAG00000004428	H2AZ1	isthmus of fallopian tube	present	gold quality	93.8
ENSBTAG00000004428	H2AZ1	isthmus of fallopian tube	present	gold quality	93.85
ENSBTAG00000004428	H2AZ1	intramuscular adipose tissue	present	gold quality	96.43
ENSBTAG00000004428	H2AZ1	intramuscular adipose tissue	present	gold quality	96.04
ENSBTAG00000004428	H2AZ1	scapular muscle	present	gold quality	90.4
ENSBTAG00000004428	H2AZ1	parenchyma of mammary gland	present	gold quality	94.11
ENSBTAG00000016105	MACROH2A1	spermatocyte	present	gold quality	58.89
ENSBTAG00000016105	MACROH2A1	spermatid	present	gold quality	52.67
ENSBTAG00000016105	MACROH2A1	oocyte	present	gold quality	68.99
ENSBTAG00000016105	MACROH2A1	granulosa cell	present	gold quality	89.02
ENSBTAG00000016105	MACROH2A1	theca cell	present	gold quality	89.79
ENSBTAG00000016105	MACROH2A1	monocyte	present	gold quality	87.32
ENSBTAG00000016105	MACROH2A1	cumulus cell	present	gold quality	80.21
ENSBTAG00000016105	MACROH2A1	leukocyte	present	gold quality	92.44
ENSBTAG00000016105	MACROH2A1	leukocyte	present	gold quality	84.58
ENSBTAG00000016105	MACROH2A1	leukocyte	present	gold quality	88.18
ENSBTAG00000016105	MACROH2A1	leukocyte	present	gold quality	90.75
ENSBTAG00000016105	MACROH2A1	leukocyte	present	gold quality	88.03
ENSBTAG00000016105	MACROH2A1	leukocyte	present	gold quality	90.85
ENSBTAG00000016105	MACROH2A1	leukocyte	present	gold quality	90.87
ENSBTAG00000016105	MACROH2A1	leukocyte	present	gold quality	84.55
ENSBTAG00000016105	MACROH2A1	leukocyte	present	gold quality	89.04
ENSBTAG00000016105	MACROH2A1	leukocyte	present	gold quality	89.34
ENSBTAG00000016105	MACROH2A1	leukocyte	present	gold quality	90.5
ENSBTAG00000016105	MACROH2A1	neutrophil	present	gold quality	91.27
ENSBTAG00000016105	MACROH2A1	uterine cervix	present	gold quality	88.08
ENSBTAG00000016105	MACROH2A1	uterine cervix	present	gold quality	88.06
ENSBTAG00000016105	MACROH2A1	pituitary gland	present	gold quality	91.7
ENSBTAG00000016105	MACROH2A1	pituitary gland	present	gold quality	92.61
ENSBTAG00000016105	MACROH2A1	pituitary gland	present	gold quality	92.1
ENSBTAG00000016105	MACROH2A1	pituitary gland	present	gold quality	94.24
ENSBTAG00000016105	MACROH2A1	pituitary gland	present	gold quality	94.73
ENSBTAG00000016105	MACROH2A1	pituitary gland	present	gold quality	94.74
ENSBTAG00000016105	MACROH2A1	zone of skin	present	gold quality	90.39
ENSBTAG00000016105	MACROH2A1	zone of skin	present	gold quality	90.05
ENSBTAG00000016105	MACROH2A1	zone of skin	present	gold quality	92.04
ENSBTAG00000016105	MACROH2A1	lymph node	present	gold quality	90.34
ENSBTAG00000016105	MACROH2A1	lymph node	present	gold quality	90.15
ENSBTAG00000016105	MACROH2A1	fornix of vagina	present	gold quality	89.97
ENSBTAG00000016105	MACROH2A1	fornix of vagina	present	gold quality	89.95
ENSBTAG00000016105	MACROH2A1	ureter	present	gold quality	91.68
ENSBTAG00000016105	MACROH2A1	ureter	present	gold quality	91.66
ENSBTAG00000016105	MACROH2A1	urethra	present	gold quality	92.39
ENSBTAG00000016105	MACROH2A1	urethra	present	gold quality	92.4
ENSBTAG00000016105	MACROH2A1	adult mammalian kidney	present	gold quality	92.74
ENSBTAG00000016105	MACROH2A1	adult mammalian kidney	present	gold quality	91.19
ENSBTAG00000016105	MACROH2A1	adult mammalian kidney	present	gold quality	93.13
ENSBTAG00000016105	MACROH2A1	adult mammalian kidney	present	gold quality	92.75
ENSBTAG00000016105	MACROH2A1	blood	present	gold quality	89.58
ENSBTAG00000016105	MACROH2A1	blood	present	gold quality	89.85
ENSBTAG00000016105	MACROH2A1	blood	present	gold quality	89.41
ENSBTAG00000016105	MACROH2A1	blood	present	gold quality	89.6
ENSBTAG00000016105	MACROH2A1	renal medulla	present	gold quality	90.44
ENSBTAG00000016105	MACROH2A1	renal medulla	present	gold quality	93.08
ENSBTAG00000016105	MACROH2A1	tongue muscle	present	gold quality	88.85
ENSBTAG00000016105	MACROH2A1	tongue muscle	present	gold quality	88.83
ENSBTAG00000016105	MACROH2A1	longissimus muscle	present	gold quality	84.55
ENSBTAG00000016105	MACROH2A1	longissimus muscle	present	gold quality	83.29
ENSBTAG00000016105	MACROH2A1	longissimus muscle	present	gold quality	86.14
ENSBTAG00000016105	MACROH2A1	prefrontal cortex	present	gold quality	86.41
ENSBTAG00000016105	MACROH2A1	multicellular organism	present	gold quality	89.53
ENSBTAG00000016105	MACROH2A1	testis	present	gold quality	69.01
ENSBTAG00000016105	MACROH2A1	testis	present	gold quality	81.69
ENSBTAG00000016105	MACROH2A1	testis	present	gold quality	74.74
ENSBTAG00000016105	MACROH2A1	testis	present	gold quality	70.4
ENSBTAG00000016105	MACROH2A1	testis	present	gold quality	72.9
ENSBTAG00000016105	MACROH2A1	testis	present	gold quality	63.37
ENSBTAG00000016105	MACROH2A1	ileocecal valve	present	gold quality	90.5
ENSBTAG00000016105	MACROH2A1	aorta	present	gold quality	89.11
ENSBTAG00000016105	MACROH2A1	aorta	present	gold quality	89.12
ENSBTAG00000016105	MACROH2A1	heart	present	gold quality	87.97
ENSBTAG00000016105	MACROH2A1	heart	present	gold quality	88.11
ENSBTAG00000016105	MACROH2A1	heart	present	gold quality	87.64
ENSBTAG00000016105	MACROH2A1	heart	present	gold quality	87.26
ENSBTAG00000016105	MACROH2A1	brain	present	gold quality	90.67
ENSBTAG00000016105	MACROH2A1	cerebral cortex	present	gold quality	90.04
ENSBTAG00000016105	MACROH2A1	cerebral cortex	present	gold quality	89.59
ENSBTAG00000016105	MACROH2A1	retina	present	gold quality	94.39
ENSBTAG00000016105	MACROH2A1	pons	present	gold quality	83.97
ENSBTAG00000016105	MACROH2A1	pons	present	gold quality	85.77
ENSBTAG00000016105	MACROH2A1	ovary	present	gold quality	89.7
ENSBTAG00000016105	MACROH2A1	ovary	present	gold quality	88.6
ENSBTAG00000016105	MACROH2A1	ovary	present	gold quality	87.63
ENSBTAG00000016105	MACROH2A1	ovary	present	gold quality	89.59
ENSBTAG00000016105	MACROH2A1	uterus	present	gold quality	92.25
ENSBTAG00000016105	MACROH2A1	uterus	present	gold quality	92.59
ENSBTAG00000016105	MACROH2A1	uterus	present	gold quality	92.52
ENSBTAG00000016105	MACROH2A1	vas deferens	present	gold quality	92.69
ENSBTAG00000016105	MACROH2A1	adipose tissue	present	gold quality	89.24
ENSBTAG00000016105	MACROH2A1	adipose tissue	present	gold quality	84.47
ENSBTAG00000016105	MACROH2A1	adipose tissue	present	gold quality	87.74
ENSBTAG00000016105	MACROH2A1	adipose tissue	present	gold quality	84.24
ENSBTAG00000016105	MACROH2A1	adipose tissue	present	gold quality	85.62
ENSBTAG00000016105	MACROH2A1	adipose tissue	present	gold quality	89.19
ENSBTAG00000016105	MACROH2A1	esophagus	present	gold quality	94.02
ENSBTAG00000016105	MACROH2A1	esophagus	present	gold quality	93.98
ENSBTAG00000016105	MACROH2A1	saliva-secreting gland	present	gold quality	88.57
ENSBTAG00000016105	MACROH2A1	saliva-secreting gland	present	gold quality	88.64
ENSBTAG00000016105	MACROH2A1	diaphragm	present	gold quality	88.39
ENSBTAG00000016105	MACROH2A1	diaphragm	present	gold quality	88.4
ENSBTAG00000016105	MACROH2A1	intercostal muscle	present	gold quality	83.13
ENSBTAG00000016105	MACROH2A1	skeletal muscle tissue	present	gold quality	92.03
ENSBTAG00000016105	MACROH2A1	skeletal muscle tissue	present	gold quality	86.74
ENSBTAG00000016105	MACROH2A1	skeletal muscle tissue	present	gold quality	89.17
ENSBTAG00000016105	MACROH2A1	skeletal muscle tissue	present	gold quality	92.0
ENSBTAG00000016105	MACROH2A1	caecum	present	gold quality	92.22
ENSBTAG00000016105	MACROH2A1	caecum	present	gold quality	86.53
ENSBTAG00000016105	MACROH2A1	caecum	present	gold quality	92.23
ENSBTAG00000016105	MACROH2A1	colon	present	gold quality	91.08
ENSBTAG00000016105	MACROH2A1	ascending colon	present	gold quality	89.75
ENSBTAG00000016105	MACROH2A1	ascending colon	present	gold quality	89.78
ENSBTAG00000016105	MACROH2A1	descending colon	present	gold quality	90.91
ENSBTAG00000016105	MACROH2A1	descending colon	present	gold quality	87.58
ENSBTAG00000016105	MACROH2A1	descending colon	present	gold quality	90.9
ENSBTAG00000016105	MACROH2A1	cortex of kidney	present	gold quality	93.43
ENSBTAG00000016105	MACROH2A1	urinary bladder	present	gold quality	89.12
ENSBTAG00000016105	MACROH2A1	urinary bladder	present	gold quality	89.17
ENSBTAG00000016105	MACROH2A1	endometrium	present	gold quality	91.48
ENSBTAG00000016105	MACROH2A1	endometrium	present	gold quality	91.4
ENSBTAG00000016105	MACROH2A1	endometrium	present	gold quality	87.25
ENSBTAG00000016105	MACROH2A1	endometrium	present	gold quality	91.98
ENSBTAG00000016105	MACROH2A1	endometrium	present	gold quality	90.95
ENSBTAG00000016105	MACROH2A1	endometrium	present	gold quality	93.56
ENSBTAG00000016105	MACROH2A1	myometrium	present	gold quality	91.95
ENSBTAG00000016105	MACROH2A1	myometrium	present	gold quality	91.95
ENSBTAG00000016105	MACROH2A1	gluteus medius	present	gold quality	85.03
ENSBTAG00000016105	MACROH2A1	gluteus medius	present	gold quality	85.07
ENSBTAG00000016105	MACROH2A1	biceps femoris	present	gold quality	88.08
ENSBTAG00000016105	MACROH2A1	biceps femoris	present	gold quality	88.09
ENSBTAG00000016105	MACROH2A1	semitendinosus	present	gold quality	87.82
ENSBTAG00000016105	MACROH2A1	semitendinosus	present	gold quality	86.16
ENSBTAG00000016105	MACROH2A1	semitendinosus	present	gold quality	87.86
ENSBTAG00000016105	MACROH2A1	rectus femoris	present	gold quality	82.57
ENSBTAG00000016105	MACROH2A1	rectus femoris	present	gold quality	82.62
ENSBTAG00000016105	MACROH2A1	semimembranosus muscle	present	gold quality	84.9
ENSBTAG00000016105	MACROH2A1	semimembranosus muscle	present	gold quality	84.85
ENSBTAG00000016105	MACROH2A1	semimembranosus muscle	present	gold quality	85.3
ENSBTAG00000016105	MACROH2A1	longissimus thoracis muscle	present	gold quality	81.24
ENSBTAG00000016105	MACROH2A1	longissimus thoracis muscle	present	gold quality	86.9
ENSBTAG00000016105	MACROH2A1	longissimus thoracis muscle	present	gold quality	87.65
ENSBTAG00000016105	MACROH2A1	longissimus thoracis muscle	present	gold quality	86.41
ENSBTAG00000016105	MACROH2A1	longissimus thoracis muscle	present	gold quality	86.11
ENSBTAG00000016105	MACROH2A1	longissimus thoracis muscle	present	gold quality	86.45
ENSBTAG00000016105	MACROH2A1	longissimus thoracis muscle	present	gold quality	87.39
ENSBTAG00000016105	MACROH2A1	longissimus thoracis muscle	present	gold quality	86.3
ENSBTAG00000016105	MACROH2A1	longissimus thoracis muscle	present	gold quality	90.11
ENSBTAG00000016105	MACROH2A1	longissimus thoracis muscle	present	gold quality	88.4
ENSBTAG00000016105	MACROH2A1	infraspinatus muscle	present	gold quality	84.89
ENSBTAG00000016105	MACROH2A1	infraspinatus muscle	present	gold quality	84.84
ENSBTAG00000016105	MACROH2A1	triceps brachii	present	gold quality	85.2
ENSBTAG00000016105	MACROH2A1	triceps brachii	present	gold quality	85.16
ENSBTAG00000016105	MACROH2A1	tongue	present	gold quality	92.89
ENSBTAG00000016105	MACROH2A1	tongue	present	gold quality	92.92
ENSBTAG00000016105	MACROH2A1	tongue	present	gold quality	83.71
ENSBTAG00000016105	MACROH2A1	nasopharynx	present	gold quality	91.33
ENSBTAG00000016105	MACROH2A1	pharyngeal tonsil	present	gold quality	91.35
ENSBTAG00000016105	MACROH2A1	laryngeal cartilage	present	gold quality	81.96
ENSBTAG00000016105	MACROH2A1	laryngeal cartilage	present	gold quality	81.96
ENSBTAG00000016105	MACROH2A1	anterior segment of eyeball	present	gold quality	92.45
ENSBTAG00000016105	MACROH2A1	nasal cavity mucosa	present	gold quality	89.2
ENSBTAG00000016105	MACROH2A1	nasal cavity mucosa	present	gold quality	89.16
ENSBTAG00000016105	MACROH2A1	frontal cortex	present	gold quality	90.05
ENSBTAG00000016105	MACROH2A1	frontal cortex	present	gold quality	90.61
ENSBTAG00000016105	MACROH2A1	frontal cortex	present	gold quality	89.59
ENSBTAG00000016105	MACROH2A1	choroid plexus	present	gold quality	82.58
ENSBTAG00000016105	MACROH2A1	midbrain	present	gold quality	89.67
ENSBTAG00000016105	MACROH2A1	hypothalamus	present	gold quality	87.42
ENSBTAG00000016105	MACROH2A1	hypothalamus	present	gold quality	89.94
ENSBTAG00000016105	MACROH2A1	hypothalamus	present	gold quality	90.8
ENSBTAG00000016105	MACROH2A1	mammary gland	present	gold quality	90.46
ENSBTAG00000016105	MACROH2A1	mammary gland	present	gold quality	83.91
ENSBTAG00000016105	MACROH2A1	mammary gland	present	gold quality	89.89
ENSBTAG00000016105	MACROH2A1	mammary gland	present	gold quality	77.41
ENSBTAG00000016105	MACROH2A1	milk	present	gold quality	81.42
ENSBTAG00000016105	MACROH2A1	milk	present	gold quality	81.26
ENSBTAG00000016105	MACROH2A1	Ammon's horn	present	gold quality	91.3
ENSBTAG00000016105	MACROH2A1	semen	present	gold quality	82.25
ENSBTAG00000016105	MACROH2A1	placenta	present	gold quality	89.37
ENSBTAG00000016105	MACROH2A1	placenta	present	gold quality	89.84
ENSBTAG00000016105	MACROH2A1	gluteal muscle	present	gold quality	82.06
ENSBTAG00000016105	MACROH2A1	occipital lobe	present	gold quality	87.02
ENSBTAG00000016105	MACROH2A1	cerebellum	present	gold quality	89.42
ENSBTAG00000016105	MACROH2A1	cerebellum	present	gold quality	89.49
ENSBTAG00000016105	MACROH2A1	cerebellum	present	gold quality	90.89
ENSBTAG00000016105	MACROH2A1	thyroid gland	present	gold quality	92.86
ENSBTAG00000016105	MACROH2A1	thyroid gland	present	gold quality	92.11
ENSBTAG00000016105	MACROH2A1	lung	present	gold quality	88.68
ENSBTAG00000016105	MACROH2A1	lung	present	gold quality	89.13
ENSBTAG00000016105	MACROH2A1	lung	present	gold quality	89.19
ENSBTAG00000016105	MACROH2A1	lung	present	gold quality	89.55
ENSBTAG00000016105	MACROH2A1	lung	present	gold quality	86.66
ENSBTAG00000016105	MACROH2A1	lung	present	gold quality	88.99
ENSBTAG00000016105	MACROH2A1	lung	present	gold quality	89.8
ENSBTAG00000016105	MACROH2A1	cardiac atrium	present	gold quality	87.97
ENSBTAG00000016105	MACROH2A1	cardiac atrium	present	gold quality	87.94
ENSBTAG00000016105	MACROH2A1	cardiac ventricle	present	gold quality	85.18
ENSBTAG00000016105	MACROH2A1	spleen	present	gold quality	90.14
ENSBTAG00000016105	MACROH2A1	spleen	present	gold quality	91.11
ENSBTAG00000016105	MACROH2A1	spleen	present	gold quality	90.94
ENSBTAG00000016105	MACROH2A1	spleen	present	gold quality	89.52
ENSBTAG00000016105	MACROH2A1	spleen	present	gold quality	90.19
ENSBTAG00000016105	MACROH2A1	liver	present	gold quality	85.74
ENSBTAG00000016105	MACROH2A1	liver	present	gold quality	84.02
ENSBTAG00000016105	MACROH2A1	liver	present	gold quality	83.93
ENSBTAG00000016105	MACROH2A1	liver	present	gold quality	84.25
ENSBTAG00000016105	MACROH2A1	liver	present	gold quality	83.46
ENSBTAG00000016105	MACROH2A1	liver	present	gold quality	83.62
ENSBTAG00000016105	MACROH2A1	liver	present	gold quality	81.98
ENSBTAG00000016105	MACROH2A1	liver	present	gold quality	79.38
ENSBTAG00000016105	MACROH2A1	liver	present	gold quality	84.01
ENSBTAG00000016105	MACROH2A1	liver	present	gold quality	86.81
ENSBTAG00000016105	MACROH2A1	liver	present	gold quality	81.61
ENSBTAG00000016105	MACROH2A1	liver	present	gold quality	84.45
ENSBTAG00000016105	MACROH2A1	liver	present	gold quality	84.4
ENSBTAG00000016105	MACROH2A1	liver	present	gold quality	85.31
ENSBTAG00000016105	MACROH2A1	liver	present	gold quality	86.0
ENSBTAG00000016105	MACROH2A1	liver	present	gold quality	83.5
ENSBTAG00000016105	MACROH2A1	gall bladder	present	gold quality	88.69
ENSBTAG00000016105	MACROH2A1	gall bladder	present	gold quality	88.38
ENSBTAG00000016105	MACROH2A1	kidney	present	gold quality	92.97
ENSBTAG00000016105	MACROH2A1	duodenum	present	gold quality	92.15
ENSBTAG00000016105	MACROH2A1	duodenum	present	gold quality	89.45
ENSBTAG00000016105	MACROH2A1	duodenum	present	gold quality	90.19
ENSBTAG00000016105	MACROH2A1	duodenum	present	gold quality	92.18
ENSBTAG00000016105	MACROH2A1	jejunum	present	gold quality	91.13
ENSBTAG00000016105	MACROH2A1	jejunum	present	gold quality	90.68
ENSBTAG00000016105	MACROH2A1	jejunum	present	gold quality	91.5
ENSBTAG00000016105	MACROH2A1	jejunum	present	gold quality	91.51
ENSBTAG00000016105	MACROH2A1	ileum	present	gold quality	91.18
ENSBTAG00000016105	MACROH2A1	ileum	present	gold quality	93.37
ENSBTAG00000016105	MACROH2A1	ileum	present	gold quality	88.18
ENSBTAG00000016105	MACROH2A1	ileum	present	gold quality	90.58
ENSBTAG00000016105	MACROH2A1	ileum	present	gold quality	93.31
ENSBTAG00000016105	MACROH2A1	subcutaneous adipose tissue	present	gold quality	91.29
ENSBTAG00000016105	MACROH2A1	subcutaneous adipose tissue	present	gold quality	87.8
ENSBTAG00000016105	MACROH2A1	subcutaneous adipose tissue	present	gold quality	86.17
ENSBTAG00000016105	MACROH2A1	subcutaneous adipose tissue	present	gold quality	85.9
ENSBTAG00000016105	MACROH2A1	subcutaneous adipose tissue	present	gold quality	87.8
ENSBTAG00000016105	MACROH2A1	subcutaneous adipose tissue	present	gold quality	84.61
ENSBTAG00000016105	MACROH2A1	subcutaneous adipose tissue	present	gold quality	85.77
ENSBTAG00000016105	MACROH2A1	subcutaneous adipose tissue	present	gold quality	86.23
ENSBTAG00000016105	MACROH2A1	subcutaneous adipose tissue	present	gold quality	85.58
ENSBTAG00000016105	MACROH2A1	subcutaneous adipose tissue	present	gold quality	83.88
ENSBTAG00000016105	MACROH2A1	subcutaneous adipose tissue	present	gold quality	87.16
ENSBTAG00000016105	MACROH2A1	adenohypophysis	present	gold quality	92.87
ENSBTAG00000016105	MACROH2A1	adenohypophysis	present	gold quality	92.99
ENSBTAG00000016105	MACROH2A1	neurohypophysis	present	gold quality	93.01
ENSBTAG00000016105	MACROH2A1	neurohypophysis	present	gold quality	92.89
ENSBTAG00000016105	MACROH2A1	uterine horn	present	gold quality	92.06
ENSBTAG00000016105	MACROH2A1	prostate gland	present	gold quality	90.82
ENSBTAG00000016105	MACROH2A1	adrenal gland	present	gold quality	91.19
ENSBTAG00000016105	MACROH2A1	adrenal gland	present	gold quality	91.2
ENSBTAG00000016105	MACROH2A1	adrenal gland	present	gold quality	89.44
ENSBTAG00000016105	MACROH2A1	thymus	present	gold quality	94.0
ENSBTAG00000016105	MACROH2A1	bone marrow	present	gold quality	86.54
ENSBTAG00000016105	MACROH2A1	bone marrow	present	gold quality	86.56
ENSBTAG00000016105	MACROH2A1	supraspinatus muscle	present	gold quality	86.57
ENSBTAG00000016105	MACROH2A1	supraspinatus muscle	present	gold quality	86.6
ENSBTAG00000016105	MACROH2A1	muscle tissue	present	gold quality	85.87
ENSBTAG00000016105	MACROH2A1	muscle tissue	present	gold quality	86.04
ENSBTAG00000016105	MACROH2A1	muscle tissue	present	gold quality	83.16
ENSBTAG00000016105	MACROH2A1	muscle tissue	present	gold quality	82.66
ENSBTAG00000016105	MACROH2A1	muscle tissue	present	gold quality	81.36
ENSBTAG00000016105	MACROH2A1	muscle tissue	present	gold quality	85.4
ENSBTAG00000016105	MACROH2A1	muscle tissue	present	gold quality	83.9
ENSBTAG00000016105	MACROH2A1	abdominal lymph node	present	gold quality	88.09
ENSBTAG00000016105	MACROH2A1	mesenteric lymph node	present	gold quality	90.73
ENSBTAG00000016105	MACROH2A1	mesenteric lymph node	present	gold quality	90.77
ENSBTAG00000016105	MACROH2A1	corpus luteum	present	gold quality	84.68
ENSBTAG00000016105	MACROH2A1	corpus luteum	present	gold quality	84.74
ENSBTAG00000016105	MACROH2A1	trachea	present	gold quality	89.54
ENSBTAG00000016105	MACROH2A1	trachea	present	gold quality	89.55
ENSBTAG00000016105	MACROH2A1	floor plate of diencephalon	present	gold quality	90.15
ENSBTAG00000016105	MACROH2A1	uterine tube infundibulum	present	gold quality	92.31
ENSBTAG00000016105	MACROH2A1	uterine tube infundibulum	present	gold quality	94.47
ENSBTAG00000016105	MACROH2A1	mammary gland fat	present	gold quality	88.93
ENSBTAG00000016105	MACROH2A1	caput epididymis	present	gold quality	91.55
ENSBTAG00000016105	MACROH2A1	corpus epididymis	present	gold quality	92.93
ENSBTAG00000016105	MACROH2A1	dorsal thalamus	present	gold quality	89.71
ENSBTAG00000016105	MACROH2A1	conceptus	present	gold quality	81.64
ENSBTAG00000016105	MACROH2A1	oviduct epithelium	present	gold quality	93.88
ENSBTAG00000016105	MACROH2A1	olfactory segment of nasal mucosa	present	gold quality	91.97
ENSBTAG00000016105	MACROH2A1	olfactory segment of nasal mucosa	present	gold quality	91.77
ENSBTAG00000016105	MACROH2A1	digestive system secreted substance	present	gold quality	94.54
ENSBTAG00000016105	MACROH2A1	abomasum	present	gold quality	90.07
ENSBTAG00000016105	MACROH2A1	abomasum	present	gold quality	90.06
ENSBTAG00000016105	MACROH2A1	abomasum	present	gold quality	90.13
ENSBTAG00000016105	MACROH2A1	ruminant reticulum	present	gold quality	95.36
ENSBTAG00000016105	MACROH2A1	ruminant reticulum	present	gold quality	95.38
ENSBTAG00000016105	MACROH2A1	omasum	present	gold quality	93.52
ENSBTAG00000016105	MACROH2A1	omasum	present	gold quality	93.48
ENSBTAG00000016105	MACROH2A1	rumen	present	gold quality	94.47
ENSBTAG00000016105	MACROH2A1	rumen	present	gold quality	91.93
ENSBTAG00000016105	MACROH2A1	rumen	present	gold quality	94.55
ENSBTAG00000016105	MACROH2A1	rumen	present	gold quality	91.82
ENSBTAG00000016105	MACROH2A1	rumen	present	gold quality	94.44
ENSBTAG00000016105	MACROH2A1	surface of tongue	present	gold quality	93.11
ENSBTAG00000016105	MACROH2A1	surface of tongue	present	gold quality	93.12
ENSBTAG00000016105	MACROH2A1	pigment epithelium of eye	present	gold quality	87.01
ENSBTAG00000016105	MACROH2A1	pigment epithelium of eye	present	gold quality	87.04
ENSBTAG00000016105	MACROH2A1	rumen epithelium	present	gold quality	90.13
ENSBTAG00000016105	MACROH2A1	rumen epithelium	present	gold quality	92.97
ENSBTAG00000016105	MACROH2A1	rumen epithelium	present	gold quality	93.5
ENSBTAG00000016105	MACROH2A1	rumen papilla	present	gold quality	94.47
ENSBTAG00000016105	MACROH2A1	rumen papilla	present	gold quality	93.57
ENSBTAG00000016105	MACROH2A1	rumen papilla	present	gold quality	94.51
ENSBTAG00000016105	MACROH2A1	spiral colon	present	gold quality	86.13
ENSBTAG00000016105	MACROH2A1	omental fat pad	present	gold quality	83.77
ENSBTAG00000016105	MACROH2A1	omental fat pad	present	gold quality	84.33
ENSBTAG00000016105	MACROH2A1	metanephros cortex	present	gold quality	93.37
ENSBTAG00000016105	MACROH2A1	ampulla of uterine tube	present	gold quality	91.09
ENSBTAG00000016105	MACROH2A1	ampulla of uterine tube	present	gold quality	92.15
ENSBTAG00000016105	MACROH2A1	retropharyngeal lymph node	present	gold quality	89.65
ENSBTAG00000016105	MACROH2A1	temporal cortex	present	gold quality	89.45
ENSBTAG00000016105	MACROH2A1	temporal cortex	present	gold quality	89.39
ENSBTAG00000016105	MACROH2A1	isthmus of fallopian tube	present	gold quality	91.06
ENSBTAG00000016105	MACROH2A1	isthmus of fallopian tube	present	gold quality	91.06
ENSBTAG00000016105	MACROH2A1	intramuscular adipose tissue	present	gold quality	83.51
ENSBTAG00000016105	MACROH2A1	intramuscular adipose tissue	present	gold quality	84.71
ENSBTAG00000016105	MACROH2A1	scapular muscle	present	gold quality	83.97
ENSBTAG00000016105	MACROH2A1	parenchyma of mammary gland	present	gold quality	91.24
ENSBTAG00000016975	H2AZ2	spermatocyte	present	gold quality	98.15
ENSBTAG00000016975	H2AZ2	spermatid	present	gold quality	97.53
ENSBTAG00000016975	H2AZ2	oocyte	present	gold quality	97.52
ENSBTAG00000016975	H2AZ2	granulosa cell	present	gold quality	99.02
ENSBTAG00000016975	H2AZ2	theca cell	present	gold quality	98.71
ENSBTAG00000016975	H2AZ2	monocyte	present	gold quality	97.64
ENSBTAG00000016975	H2AZ2	cumulus cell	present	gold quality	97.75
ENSBTAG00000016975	H2AZ2	leukocyte	present	gold quality	99.02
ENSBTAG00000016975	H2AZ2	leukocyte	present	gold quality	97.13
ENSBTAG00000016975	H2AZ2	leukocyte	present	gold quality	98.93
ENSBTAG00000016975	H2AZ2	leukocyte	present	gold quality	99.03
ENSBTAG00000016975	H2AZ2	leukocyte	present	gold quality	97.71
ENSBTAG00000016975	H2AZ2	leukocyte	present	gold quality	99.0
ENSBTAG00000016975	H2AZ2	leukocyte	present	gold quality	99.02
ENSBTAG00000016975	H2AZ2	leukocyte	present	gold quality	97.12
ENSBTAG00000016975	H2AZ2	leukocyte	present	gold quality	99.07
ENSBTAG00000016975	H2AZ2	leukocyte	present	gold quality	98.73
ENSBTAG00000016975	H2AZ2	leukocyte	present	gold quality	99.04
ENSBTAG00000016975	H2AZ2	neutrophil	present	gold quality	93.79
ENSBTAG00000016975	H2AZ2	uterine cervix	present	gold quality	97.76
ENSBTAG00000016975	H2AZ2	uterine cervix	present	gold quality	97.77
ENSBTAG00000016975	H2AZ2	pituitary gland	present	gold quality	97.13
ENSBTAG00000016975	H2AZ2	pituitary gland	present	gold quality	97.2
ENSBTAG00000016975	H2AZ2	pituitary gland	present	gold quality	96.83
ENSBTAG00000016975	H2AZ2	pituitary gland	present	gold quality	96.6
ENSBTAG00000016975	H2AZ2	pituitary gland	present	gold quality	96.74
ENSBTAG00000016975	H2AZ2	pituitary gland	present	gold quality	96.77
ENSBTAG00000016975	H2AZ2	zone of skin	present	gold quality	96.82
ENSBTAG00000016975	H2AZ2	zone of skin	present	gold quality	97.52
ENSBTAG00000016975	H2AZ2	zone of skin	present	gold quality	97.9
ENSBTAG00000016975	H2AZ2	lymph node	present	gold quality	98.57
ENSBTAG00000016975	H2AZ2	lymph node	present	gold quality	98.95
ENSBTAG00000016975	H2AZ2	fornix of vagina	present	gold quality	97.37
ENSBTAG00000016975	H2AZ2	fornix of vagina	present	gold quality	97.37
ENSBTAG00000016975	H2AZ2	ureter	present	gold quality	97.85
ENSBTAG00000016975	H2AZ2	ureter	present	gold quality	97.85
ENSBTAG00000016975	H2AZ2	urethra	present	gold quality	97.92
ENSBTAG00000016975	H2AZ2	urethra	present	gold quality	97.93
ENSBTAG00000016975	H2AZ2	adult mammalian kidney	present	gold quality	95.43
ENSBTAG00000016975	H2AZ2	adult mammalian kidney	present	gold quality	94.79
ENSBTAG00000016975	H2AZ2	adult mammalian kidney	present	gold quality	95.2
ENSBTAG00000016975	H2AZ2	adult mammalian kidney	present	gold quality	96.93
ENSBTAG00000016975	H2AZ2	blood	present	gold quality	98.93
ENSBTAG00000016975	H2AZ2	blood	present	gold quality	98.94
ENSBTAG00000016975	H2AZ2	blood	present	gold quality	98.93
ENSBTAG00000016975	H2AZ2	blood	present	gold quality	98.34
ENSBTAG00000016975	H2AZ2	renal medulla	present	gold quality	96.45
ENSBTAG00000016975	H2AZ2	renal medulla	present	gold quality	96.53
ENSBTAG00000016975	H2AZ2	tongue muscle	present	gold quality	97.38
ENSBTAG00000016975	H2AZ2	tongue muscle	present	gold quality	97.4
ENSBTAG00000016975	H2AZ2	longissimus muscle	present	gold quality	96.62
ENSBTAG00000016975	H2AZ2	longissimus muscle	present	gold quality	96.81
ENSBTAG00000016975	H2AZ2	longissimus muscle	present	gold quality	95.4
ENSBTAG00000016975	H2AZ2	prefrontal cortex	present	gold quality	91.61
ENSBTAG00000016975	H2AZ2	multicellular organism	present	gold quality	97.08
ENSBTAG00000016975	H2AZ2	testis	present	gold quality	93.03
ENSBTAG00000016975	H2AZ2	testis	present	gold quality	93.36
ENSBTAG00000016975	H2AZ2	testis	present	gold quality	90.81
ENSBTAG00000016975	H2AZ2	testis	present	gold quality	98.06
ENSBTAG00000016975	H2AZ2	testis	present	gold quality	98.15
ENSBTAG00000016975	H2AZ2	testis	present	gold quality	95.3
ENSBTAG00000016975	H2AZ2	ileocecal valve	present	gold quality	99.01
ENSBTAG00000016975	H2AZ2	aorta	present	gold quality	97.5
ENSBTAG00000016975	H2AZ2	aorta	present	gold quality	97.5
ENSBTAG00000016975	H2AZ2	heart	present	gold quality	96.64
ENSBTAG00000016975	H2AZ2	heart	present	gold quality	95.96
ENSBTAG00000016975	H2AZ2	heart	present	gold quality	97.15
ENSBTAG00000016975	H2AZ2	heart	present	gold quality	97.14
ENSBTAG00000016975	H2AZ2	brain	present	gold quality	94.45
ENSBTAG00000016975	H2AZ2	cerebral cortex	present	gold quality	94.28
ENSBTAG00000016975	H2AZ2	cerebral cortex	present	gold quality	94.47
ENSBTAG00000016975	H2AZ2	retina	present	gold quality	98.18
ENSBTAG00000016975	H2AZ2	pons	present	gold quality	94.52
ENSBTAG00000016975	H2AZ2	pons	present	gold quality	96.23
ENSBTAG00000016975	H2AZ2	ovary	present	gold quality	98.76
ENSBTAG00000016975	H2AZ2	ovary	present	gold quality	98.54
ENSBTAG00000016975	H2AZ2	ovary	present	gold quality	98.25
ENSBTAG00000016975	H2AZ2	ovary	present	gold quality	98.55
ENSBTAG00000016975	H2AZ2	uterus	present	gold quality	98.64
ENSBTAG00000016975	H2AZ2	uterus	present	gold quality	98.32
ENSBTAG00000016975	H2AZ2	uterus	present	gold quality	98.32
ENSBTAG00000016975	H2AZ2	vas deferens	present	gold quality	97.21
ENSBTAG00000016975	H2AZ2	adipose tissue	present	gold quality	97.78
ENSBTAG00000016975	H2AZ2	adipose tissue	present	gold quality	92.78
ENSBTAG00000016975	H2AZ2	adipose tissue	present	gold quality	97.0
ENSBTAG00000016975	H2AZ2	adipose tissue	present	gold quality	96.24
ENSBTAG00000016975	H2AZ2	adipose tissue	present	gold quality	96.66
ENSBTAG00000016975	H2AZ2	adipose tissue	present	gold quality	97.77
ENSBTAG00000016975	H2AZ2	esophagus	present	gold quality	97.49
ENSBTAG00000016975	H2AZ2	esophagus	present	gold quality	97.55
ENSBTAG00000016975	H2AZ2	saliva-secreting gland	present	gold quality	97.55
ENSBTAG00000016975	H2AZ2	saliva-secreting gland	present	gold quality	97.55
ENSBTAG00000016975	H2AZ2	diaphragm	present	gold quality	98.72
ENSBTAG00000016975	H2AZ2	diaphragm	present	gold quality	98.72
ENSBTAG00000016975	H2AZ2	intercostal muscle	present	gold quality	94.89
ENSBTAG00000016975	H2AZ2	skeletal muscle tissue	present	gold quality	97.85
ENSBTAG00000016975	H2AZ2	skeletal muscle tissue	present	gold quality	96.57
ENSBTAG00000016975	H2AZ2	skeletal muscle tissue	present	gold quality	95.76
ENSBTAG00000016975	H2AZ2	skeletal muscle tissue	present	gold quality	97.86
ENSBTAG00000016975	H2AZ2	caecum	present	gold quality	98.41
ENSBTAG00000016975	H2AZ2	caecum	present	gold quality	95.88
ENSBTAG00000016975	H2AZ2	caecum	present	gold quality	98.4
ENSBTAG00000016975	H2AZ2	colon	present	gold quality	98.23
ENSBTAG00000016975	H2AZ2	ascending colon	present	gold quality	98.63
ENSBTAG00000016975	H2AZ2	ascending colon	present	gold quality	98.63
ENSBTAG00000016975	H2AZ2	descending colon	present	gold quality	98.7
ENSBTAG00000016975	H2AZ2	descending colon	present	gold quality	95.9
ENSBTAG00000016975	H2AZ2	descending colon	present	gold quality	98.69
ENSBTAG00000016975	H2AZ2	cortex of kidney	present	gold quality	96.24
ENSBTAG00000016975	H2AZ2	urinary bladder	present	gold quality	98.02
ENSBTAG00000016975	H2AZ2	urinary bladder	present	gold quality	98.03
ENSBTAG00000016975	H2AZ2	endometrium	present	gold quality	97.28
ENSBTAG00000016975	H2AZ2	endometrium	present	gold quality	98.52
ENSBTAG00000016975	H2AZ2	endometrium	present	gold quality	97.51
ENSBTAG00000016975	H2AZ2	endometrium	present	gold quality	98.21
ENSBTAG00000016975	H2AZ2	endometrium	present	gold quality	98.28
ENSBTAG00000016975	H2AZ2	endometrium	present	gold quality	98.39
ENSBTAG00000016975	H2AZ2	myometrium	present	gold quality	98.25
ENSBTAG00000016975	H2AZ2	myometrium	present	gold quality	98.25
ENSBTAG00000016975	H2AZ2	gluteus medius	present	gold quality	96.44
ENSBTAG00000016975	H2AZ2	gluteus medius	present	gold quality	96.44
ENSBTAG00000016975	H2AZ2	biceps femoris	present	gold quality	96.98
ENSBTAG00000016975	H2AZ2	biceps femoris	present	gold quality	96.97
ENSBTAG00000016975	H2AZ2	semitendinosus	present	gold quality	97.22
ENSBTAG00000016975	H2AZ2	semitendinosus	present	gold quality	96.91
ENSBTAG00000016975	H2AZ2	semitendinosus	present	gold quality	96.92
ENSBTAG00000016975	H2AZ2	rectus femoris	present	gold quality	95.92
ENSBTAG00000016975	H2AZ2	rectus femoris	present	gold quality	95.93
ENSBTAG00000016975	H2AZ2	semimembranosus muscle	present	gold quality	96.97
ENSBTAG00000016975	H2AZ2	semimembranosus muscle	present	gold quality	96.96
ENSBTAG00000016975	H2AZ2	semimembranosus muscle	present	gold quality	96.29
ENSBTAG00000016975	H2AZ2	longissimus thoracis muscle	present	gold quality	95.61
ENSBTAG00000016975	H2AZ2	longissimus thoracis muscle	present	gold quality	94.14
ENSBTAG00000016975	H2AZ2	longissimus thoracis muscle	present	gold quality	96.67
ENSBTAG00000016975	H2AZ2	longissimus thoracis muscle	present	gold quality	96.68
ENSBTAG00000016975	H2AZ2	longissimus thoracis muscle	present	gold quality	96.12
ENSBTAG00000016975	H2AZ2	longissimus thoracis muscle	present	gold quality	96.75
ENSBTAG00000016975	H2AZ2	longissimus thoracis muscle	present	gold quality	96.87
ENSBTAG00000016975	H2AZ2	longissimus thoracis muscle	present	gold quality	95.2
ENSBTAG00000016975	H2AZ2	longissimus thoracis muscle	present	gold quality	97.5
ENSBTAG00000016975	H2AZ2	longissimus thoracis muscle	present	gold quality	96.56
ENSBTAG00000016975	H2AZ2	infraspinatus muscle	present	gold quality	96.72
ENSBTAG00000016975	H2AZ2	infraspinatus muscle	present	gold quality	96.73
ENSBTAG00000016975	H2AZ2	triceps brachii	present	gold quality	97.35
ENSBTAG00000016975	H2AZ2	triceps brachii	present	gold quality	97.35
ENSBTAG00000016975	H2AZ2	tongue	present	gold quality	97.43
ENSBTAG00000016975	H2AZ2	tongue	present	gold quality	97.4
ENSBTAG00000016975	H2AZ2	tongue	present	gold quality	96.46
ENSBTAG00000016975	H2AZ2	nasopharynx	present	gold quality	99.1
ENSBTAG00000016975	H2AZ2	pharyngeal tonsil	present	gold quality	99.07
ENSBTAG00000016975	H2AZ2	laryngeal cartilage	present	gold quality	94.92
ENSBTAG00000016975	H2AZ2	laryngeal cartilage	present	gold quality	94.94
ENSBTAG00000016975	H2AZ2	anterior segment of eyeball	present	gold quality	98.05
ENSBTAG00000016975	H2AZ2	nasal cavity mucosa	present	gold quality	98.18
ENSBTAG00000016975	H2AZ2	nasal cavity mucosa	present	gold quality	98.2
ENSBTAG00000016975	H2AZ2	frontal cortex	present	gold quality	95.0
ENSBTAG00000016975	H2AZ2	frontal cortex	present	gold quality	94.11
ENSBTAG00000016975	H2AZ2	frontal cortex	present	gold quality	95.89
ENSBTAG00000016975	H2AZ2	choroid plexus	present	gold quality	97.68
ENSBTAG00000016975	H2AZ2	midbrain	present	gold quality	94.92
ENSBTAG00000016975	H2AZ2	hypothalamus	present	gold quality	92.97
ENSBTAG00000016975	H2AZ2	hypothalamus	present	gold quality	93.86
ENSBTAG00000016975	H2AZ2	hypothalamus	present	gold quality	93.83
ENSBTAG00000016975	H2AZ2	mammary gland	present	gold quality	98.26
ENSBTAG00000016975	H2AZ2	mammary gland	present	gold quality	89.61
ENSBTAG00000016975	H2AZ2	mammary gland	present	gold quality	97.98
ENSBTAG00000016975	H2AZ2	mammary gland	present	gold quality	60.83
ENSBTAG00000016975	H2AZ2	milk	present	gold quality	95.75
ENSBTAG00000016975	H2AZ2	milk	present	gold quality	96.05
ENSBTAG00000016975	H2AZ2	Ammon's horn	present	gold quality	95.83
ENSBTAG00000016975	H2AZ2	semen	present	gold quality	92.61
ENSBTAG00000016975	H2AZ2	placenta	present	gold quality	95.62
ENSBTAG00000016975	H2AZ2	placenta	present	gold quality	97.64
ENSBTAG00000016975	H2AZ2	gluteal muscle	present	gold quality	95.65
ENSBTAG00000016975	H2AZ2	occipital lobe	present	gold quality	91.67
ENSBTAG00000016975	H2AZ2	cerebellum	present	gold quality	93.61
ENSBTAG00000016975	H2AZ2	cerebellum	present	gold quality	93.65
ENSBTAG00000016975	H2AZ2	cerebellum	present	gold quality	95.18
ENSBTAG00000016975	H2AZ2	thyroid gland	present	gold quality	97.56
ENSBTAG00000016975	H2AZ2	thyroid gland	present	gold quality	96.93
ENSBTAG00000016975	H2AZ2	lung	present	gold quality	97.67
ENSBTAG00000016975	H2AZ2	lung	present	gold quality	97.63
ENSBTAG00000016975	H2AZ2	lung	present	gold quality	97.39
ENSBTAG00000016975	H2AZ2	lung	present	gold quality	96.92
ENSBTAG00000016975	H2AZ2	lung	present	gold quality	97.57
ENSBTAG00000016975	H2AZ2	lung	present	gold quality	97.45
ENSBTAG00000016975	H2AZ2	lung	present	gold quality	95.7
ENSBTAG00000016975	H2AZ2	cardiac atrium	present	gold quality	96.54
ENSBTAG00000016975	H2AZ2	cardiac atrium	present	gold quality	96.56
ENSBTAG00000016975	H2AZ2	cardiac ventricle	present	gold quality	97.07
ENSBTAG00000016975	H2AZ2	spleen	present	gold quality	98.23
ENSBTAG00000016975	H2AZ2	spleen	present	gold quality	98.28
ENSBTAG00000016975	H2AZ2	spleen	present	gold quality	98.65
ENSBTAG00000016975	H2AZ2	spleen	present	gold quality	98.31
ENSBTAG00000016975	H2AZ2	spleen	present	gold quality	98.17
ENSBTAG00000016975	H2AZ2	liver	present	gold quality	94.28
ENSBTAG00000016975	H2AZ2	liver	present	gold quality	90.59
ENSBTAG00000016975	H2AZ2	liver	present	gold quality	90.88
ENSBTAG00000016975	H2AZ2	liver	present	gold quality	94.08
ENSBTAG00000016975	H2AZ2	liver	present	gold quality	92.18
ENSBTAG00000016975	H2AZ2	liver	present	gold quality	93.85
ENSBTAG00000016975	H2AZ2	liver	present	gold quality	92.11
ENSBTAG00000016975	H2AZ2	liver	present	gold quality	90.01
ENSBTAG00000016975	H2AZ2	liver	present	gold quality	92.07
ENSBTAG00000016975	H2AZ2	liver	present	gold quality	93.66
ENSBTAG00000016975	H2AZ2	liver	present	gold quality	92.33
ENSBTAG00000016975	H2AZ2	liver	present	gold quality	92.77
ENSBTAG00000016975	H2AZ2	liver	present	gold quality	92.94
ENSBTAG00000016975	H2AZ2	liver	present	gold quality	91.0
ENSBTAG00000016975	H2AZ2	liver	present	gold quality	94.29
ENSBTAG00000016975	H2AZ2	liver	present	gold quality	91.42
ENSBTAG00000016975	H2AZ2	gall bladder	present	gold quality	98.16
ENSBTAG00000016975	H2AZ2	gall bladder	present	gold quality	98.64
ENSBTAG00000016975	H2AZ2	kidney	present	gold quality	96.86
ENSBTAG00000016975	H2AZ2	duodenum	present	gold quality	98.71
ENSBTAG00000016975	H2AZ2	duodenum	present	gold quality	97.64
ENSBTAG00000016975	H2AZ2	duodenum	present	gold quality	98.01
ENSBTAG00000016975	H2AZ2	duodenum	present	gold quality	98.71
ENSBTAG00000016975	H2AZ2	jejunum	present	gold quality	98.34
ENSBTAG00000016975	H2AZ2	jejunum	present	gold quality	98.08
ENSBTAG00000016975	H2AZ2	jejunum	present	gold quality	98.64
ENSBTAG00000016975	H2AZ2	jejunum	present	gold quality	98.79
ENSBTAG00000016975	H2AZ2	ileum	present	gold quality	98.14
ENSBTAG00000016975	H2AZ2	ileum	present	gold quality	98.74
ENSBTAG00000016975	H2AZ2	ileum	present	gold quality	98.48
ENSBTAG00000016975	H2AZ2	ileum	present	gold quality	98.98
ENSBTAG00000016975	H2AZ2	ileum	present	gold quality	98.73
ENSBTAG00000016975	H2AZ2	subcutaneous adipose tissue	present	gold quality	95.34
ENSBTAG00000016975	H2AZ2	subcutaneous adipose tissue	present	gold quality	97.84
ENSBTAG00000016975	H2AZ2	subcutaneous adipose tissue	present	gold quality	96.92
ENSBTAG00000016975	H2AZ2	subcutaneous adipose tissue	present	gold quality	96.87
ENSBTAG00000016975	H2AZ2	subcutaneous adipose tissue	present	gold quality	97.85
ENSBTAG00000016975	H2AZ2	subcutaneous adipose tissue	present	gold quality	91.61
ENSBTAG00000016975	H2AZ2	subcutaneous adipose tissue	present	gold quality	96.88
ENSBTAG00000016975	H2AZ2	subcutaneous adipose tissue	present	gold quality	96.98
ENSBTAG00000016975	H2AZ2	subcutaneous adipose tissue	present	gold quality	90.96
ENSBTAG00000016975	H2AZ2	subcutaneous adipose tissue	present	gold quality	90.19
ENSBTAG00000016975	H2AZ2	subcutaneous adipose tissue	present	gold quality	91.84
ENSBTAG00000016975	H2AZ2	adenohypophysis	present	gold quality	97.56
ENSBTAG00000016975	H2AZ2	adenohypophysis	present	gold quality	97.58
ENSBTAG00000016975	H2AZ2	neurohypophysis	present	gold quality	97.5
ENSBTAG00000016975	H2AZ2	neurohypophysis	present	gold quality	97.56
ENSBTAG00000016975	H2AZ2	uterine horn	present	gold quality	98.04
ENSBTAG00000016975	H2AZ2	prostate gland	present	gold quality	96.76
ENSBTAG00000016975	H2AZ2	adrenal gland	present	gold quality	98.94
ENSBTAG00000016975	H2AZ2	adrenal gland	present	gold quality	98.95
ENSBTAG00000016975	H2AZ2	adrenal gland	present	gold quality	98.07
ENSBTAG00000016975	H2AZ2	thymus	present	gold quality	99.4
ENSBTAG00000016975	H2AZ2	bone marrow	present	gold quality	97.24
ENSBTAG00000016975	H2AZ2	bone marrow	present	gold quality	97.25
ENSBTAG00000016975	H2AZ2	supraspinatus muscle	present	gold quality	96.19
ENSBTAG00000016975	H2AZ2	supraspinatus muscle	present	gold quality	96.18
ENSBTAG00000016975	H2AZ2	muscle tissue	present	gold quality	91.22
ENSBTAG00000016975	H2AZ2	muscle tissue	present	gold quality	93.38
ENSBTAG00000016975	H2AZ2	muscle tissue	present	gold quality	91.06
ENSBTAG00000016975	H2AZ2	muscle tissue	present	gold quality	91.95
ENSBTAG00000016975	H2AZ2	muscle tissue	present	gold quality	92.47
ENSBTAG00000016975	H2AZ2	muscle tissue	present	gold quality	95.99
ENSBTAG00000016975	H2AZ2	muscle tissue	present	gold quality	92.28
ENSBTAG00000016975	H2AZ2	abdominal lymph node	present	gold quality	98.84
ENSBTAG00000016975	H2AZ2	mesenteric lymph node	present	gold quality	99.0
ENSBTAG00000016975	H2AZ2	mesenteric lymph node	present	gold quality	99.0
ENSBTAG00000016975	H2AZ2	corpus luteum	present	gold quality	96.37
ENSBTAG00000016975	H2AZ2	corpus luteum	present	gold quality	96.39
ENSBTAG00000016975	H2AZ2	trachea	present	gold quality	96.35
ENSBTAG00000016975	H2AZ2	trachea	present	gold quality	96.34
ENSBTAG00000016975	H2AZ2	floor plate of diencephalon	present	gold quality	96.23
ENSBTAG00000016975	H2AZ2	uterine tube infundibulum	present	gold quality	97.73
ENSBTAG00000016975	H2AZ2	uterine tube infundibulum	present	gold quality	98.34
ENSBTAG00000016975	H2AZ2	mammary gland fat	present	gold quality	97.66
ENSBTAG00000016975	H2AZ2	caput epididymis	present	gold quality	97.82
ENSBTAG00000016975	H2AZ2	corpus epididymis	present	gold quality	98.05
ENSBTAG00000016975	H2AZ2	dorsal thalamus	present	gold quality	98.45
ENSBTAG00000016975	H2AZ2	conceptus	present	gold quality	96.52
ENSBTAG00000016975	H2AZ2	oviduct epithelium	present	gold quality	97.25
ENSBTAG00000016975	H2AZ2	olfactory segment of nasal mucosa	present	gold quality	97.25
ENSBTAG00000016975	H2AZ2	olfactory segment of nasal mucosa	present	gold quality	97.53
ENSBTAG00000016975	H2AZ2	digestive system secreted substance	present	gold quality	98.1
ENSBTAG00000016975	H2AZ2	abomasum	present	gold quality	98.61
ENSBTAG00000016975	H2AZ2	abomasum	present	gold quality	98.66
ENSBTAG00000016975	H2AZ2	abomasum	present	gold quality	98.58
ENSBTAG00000016975	H2AZ2	ruminant reticulum	present	gold quality	97.64
ENSBTAG00000016975	H2AZ2	ruminant reticulum	present	gold quality	97.64
ENSBTAG00000016975	H2AZ2	omasum	present	gold quality	98.17
ENSBTAG00000016975	H2AZ2	omasum	present	gold quality	98.18
ENSBTAG00000016975	H2AZ2	rumen	present	gold quality	98.08
ENSBTAG00000016975	H2AZ2	rumen	present	gold quality	97.38
ENSBTAG00000016975	H2AZ2	rumen	present	gold quality	97.33
ENSBTAG00000016975	H2AZ2	rumen	present	gold quality	97.63
ENSBTAG00000016975	H2AZ2	rumen	present	gold quality	98.04
ENSBTAG00000016975	H2AZ2	surface of tongue	present	gold quality	97.85
ENSBTAG00000016975	H2AZ2	surface of tongue	present	gold quality	97.83
ENSBTAG00000016975	H2AZ2	pigment epithelium of eye	present	gold quality	95.16
ENSBTAG00000016975	H2AZ2	pigment epithelium of eye	present	gold quality	95.15
ENSBTAG00000016975	H2AZ2	rumen epithelium	present	gold quality	93.29
ENSBTAG00000016975	H2AZ2	rumen epithelium	present	gold quality	98.21
ENSBTAG00000016975	H2AZ2	rumen epithelium	present	gold quality	98.16
ENSBTAG00000016975	H2AZ2	rumen papilla	present	gold quality	97.9
ENSBTAG00000016975	H2AZ2	rumen papilla	present	gold quality	97.86
ENSBTAG00000016975	H2AZ2	rumen papilla	present	gold quality	97.9
ENSBTAG00000016975	H2AZ2	spiral colon	present	gold quality	95.88
ENSBTAG00000016975	H2AZ2	omental fat pad	present	gold quality	90.67
ENSBTAG00000016975	H2AZ2	omental fat pad	present	gold quality	89.68
ENSBTAG00000016975	H2AZ2	metanephros cortex	present	gold quality	96.29
ENSBTAG00000016975	H2AZ2	ampulla of uterine tube	present	gold quality	95.29
ENSBTAG00000016975	H2AZ2	ampulla of uterine tube	present	gold quality	98.12
ENSBTAG00000016975	H2AZ2	retropharyngeal lymph node	present	gold quality	99.04
ENSBTAG00000016975	H2AZ2	temporal cortex	present	gold quality	92.38
ENSBTAG00000016975	H2AZ2	temporal cortex	present	gold quality	92.51
ENSBTAG00000016975	H2AZ2	isthmus of fallopian tube	present	gold quality	98.21
ENSBTAG00000016975	H2AZ2	isthmus of fallopian tube	present	gold quality	98.21
ENSBTAG00000016975	H2AZ2	intramuscular adipose tissue	present	gold quality	89.25
ENSBTAG00000016975	H2AZ2	intramuscular adipose tissue	present	gold quality	89.05
ENSBTAG00000016975	H2AZ2	scapular muscle	present	gold quality	96.05
ENSBTAG00000016975	H2AZ2	parenchyma of mammary gland	present	gold quality	98.31
ENSBTAG00000030503	H2AJ	spermatocyte	present	gold quality	58.65
ENSBTAG00000030503	H2AJ	spermatid	present	gold quality	50.08
ENSBTAG00000030503	H2AJ	oocyte	present	gold quality	69.85
ENSBTAG00000030503	H2AJ	granulosa cell	present	gold quality	94.03
ENSBTAG00000030503	H2AJ	theca cell	present	gold quality	95.91
ENSBTAG00000030503	H2AJ	monocyte	present	gold quality	96.42
ENSBTAG00000030503	H2AJ	cumulus cell	present	gold quality	88.85
ENSBTAG00000030503	H2AJ	leukocyte	present	gold quality	98.34
ENSBTAG00000030503	H2AJ	leukocyte	present	gold quality	95.2
ENSBTAG00000030503	H2AJ	leukocyte	present	gold quality	97.92
ENSBTAG00000030503	H2AJ	leukocyte	present	gold quality	96.75
ENSBTAG00000030503	H2AJ	leukocyte	present	gold quality	96.62
ENSBTAG00000030503	H2AJ	leukocyte	present	gold quality	97.16
ENSBTAG00000030503	H2AJ	leukocyte	present	gold quality	96.67
ENSBTAG00000030503	H2AJ	leukocyte	present	gold quality	95.18
ENSBTAG00000030503	H2AJ	leukocyte	present	gold quality	97.41
ENSBTAG00000030503	H2AJ	leukocyte	present	gold quality	97.58
ENSBTAG00000030503	H2AJ	leukocyte	present	gold quality	96.89
ENSBTAG00000030503	H2AJ	neutrophil	present	gold quality	96.26
ENSBTAG00000030503	H2AJ	uterine cervix	present	gold quality	94.96
ENSBTAG00000030503	H2AJ	uterine cervix	present	gold quality	94.97
ENSBTAG00000030503	H2AJ	pituitary gland	present	gold quality	94.75
ENSBTAG00000030503	H2AJ	pituitary gland	present	gold quality	93.48
ENSBTAG00000030503	H2AJ	pituitary gland	present	gold quality	93.95
ENSBTAG00000030503	H2AJ	pituitary gland	present	gold quality	97.54
ENSBTAG00000030503	H2AJ	pituitary gland	present	gold quality	97.54
ENSBTAG00000030503	H2AJ	pituitary gland	present	gold quality	97.2
ENSBTAG00000030503	H2AJ	zone of skin	present	gold quality	98.15
ENSBTAG00000030503	H2AJ	zone of skin	present	gold quality	98.53
ENSBTAG00000030503	H2AJ	zone of skin	present	gold quality	96.83
ENSBTAG00000030503	H2AJ	lymph node	present	gold quality	95.58
ENSBTAG00000030503	H2AJ	lymph node	present	gold quality	95.85
ENSBTAG00000030503	H2AJ	fornix of vagina	present	gold quality	93.87
ENSBTAG00000030503	H2AJ	fornix of vagina	present	gold quality	93.86
ENSBTAG00000030503	H2AJ	ureter	present	gold quality	93.2
ENSBTAG00000030503	H2AJ	ureter	present	gold quality	93.19
ENSBTAG00000030503	H2AJ	urethra	present	gold quality	94.96
ENSBTAG00000030503	H2AJ	urethra	present	gold quality	94.97
ENSBTAG00000030503	H2AJ	adult mammalian kidney	present	gold quality	93.93
ENSBTAG00000030503	H2AJ	adult mammalian kidney	present	gold quality	92.55
ENSBTAG00000030503	H2AJ	adult mammalian kidney	present	gold quality	94.09
ENSBTAG00000030503	H2AJ	adult mammalian kidney	present	gold quality	94.99
ENSBTAG00000030503	H2AJ	blood	present	gold quality	97.44
ENSBTAG00000030503	H2AJ	blood	present	gold quality	97.54
ENSBTAG00000030503	H2AJ	blood	present	gold quality	97.32
ENSBTAG00000030503	H2AJ	blood	present	gold quality	96.59
ENSBTAG00000030503	H2AJ	renal medulla	present	gold quality	94.66
ENSBTAG00000030503	H2AJ	renal medulla	present	gold quality	97.0
ENSBTAG00000030503	H2AJ	tongue muscle	present	gold quality	94.48
ENSBTAG00000030503	H2AJ	tongue muscle	present	gold quality	94.43
ENSBTAG00000030503	H2AJ	longissimus muscle	present	gold quality	88.46
ENSBTAG00000030503	H2AJ	longissimus muscle	present	gold quality	86.37
ENSBTAG00000030503	H2AJ	longissimus muscle	present	gold quality	85.42
ENSBTAG00000030503	H2AJ	prefrontal cortex	present	gold quality	79.97
ENSBTAG00000030503	H2AJ	multicellular organism	present	gold quality	93.32
ENSBTAG00000030503	H2AJ	testis	present	gold quality	74.7
ENSBTAG00000030503	H2AJ	testis	present	gold quality	84.25
ENSBTAG00000030503	H2AJ	testis	present	gold quality	72.6
ENSBTAG00000030503	H2AJ	testis	present	gold quality	78.27
ENSBTAG00000030503	H2AJ	testis	present	gold quality	76.06
ENSBTAG00000030503	H2AJ	testis	present	gold quality	76.33
ENSBTAG00000030503	H2AJ	ileocecal valve	present	gold quality	97.91
ENSBTAG00000030503	H2AJ	aorta	present	gold quality	93.4
ENSBTAG00000030503	H2AJ	aorta	present	gold quality	93.43
ENSBTAG00000030503	H2AJ	heart	present	gold quality	90.63
ENSBTAG00000030503	H2AJ	heart	present	gold quality	88.04
ENSBTAG00000030503	H2AJ	heart	present	gold quality	81.67
ENSBTAG00000030503	H2AJ	heart	present	gold quality	88.99
ENSBTAG00000030503	H2AJ	brain	present	gold quality	90.61
ENSBTAG00000030503	H2AJ	cerebral cortex	present	gold quality	90.75
ENSBTAG00000030503	H2AJ	cerebral cortex	present	gold quality	90.49
ENSBTAG00000030503	H2AJ	retina	present	gold quality	95.21
ENSBTAG00000030503	H2AJ	pons	present	gold quality	93.46
ENSBTAG00000030503	H2AJ	pons	present	gold quality	96.92
ENSBTAG00000030503	H2AJ	ovary	present	gold quality	94.54
ENSBTAG00000030503	H2AJ	ovary	present	gold quality	93.61
ENSBTAG00000030503	H2AJ	ovary	present	gold quality	88.42
ENSBTAG00000030503	H2AJ	ovary	present	gold quality	95.39
ENSBTAG00000030503	H2AJ	uterus	present	gold quality	94.05
ENSBTAG00000030503	H2AJ	uterus	present	gold quality	95.04
ENSBTAG00000030503	H2AJ	uterus	present	gold quality	94.09
ENSBTAG00000030503	H2AJ	vas deferens	present	gold quality	95.11
ENSBTAG00000030503	H2AJ	adipose tissue	present	gold quality	95.63
ENSBTAG00000030503	H2AJ	adipose tissue	present	gold quality	90.04
ENSBTAG00000030503	H2AJ	adipose tissue	present	gold quality	91.96
ENSBTAG00000030503	H2AJ	adipose tissue	present	gold quality	91.09
ENSBTAG00000030503	H2AJ	adipose tissue	present	gold quality	93.54
ENSBTAG00000030503	H2AJ	adipose tissue	present	gold quality	95.44
ENSBTAG00000030503	H2AJ	esophagus	present	gold quality	97.36
ENSBTAG00000030503	H2AJ	esophagus	present	gold quality	97.36
ENSBTAG00000030503	H2AJ	saliva-secreting gland	present	gold quality	97.38
ENSBTAG00000030503	H2AJ	saliva-secreting gland	present	gold quality	97.4
ENSBTAG00000030503	H2AJ	diaphragm	present	gold quality	95.77
ENSBTAG00000030503	H2AJ	diaphragm	present	gold quality	95.75
ENSBTAG00000030503	H2AJ	intercostal muscle	present	gold quality	88.79
ENSBTAG00000030503	H2AJ	skeletal muscle tissue	present	gold quality	94.47
ENSBTAG00000030503	H2AJ	skeletal muscle tissue	present	gold quality	88.67
ENSBTAG00000030503	H2AJ	skeletal muscle tissue	present	gold quality	85.36
ENSBTAG00000030503	H2AJ	skeletal muscle tissue	present	gold quality	94.41
ENSBTAG00000030503	H2AJ	caecum	present	gold quality	95.67
ENSBTAG00000030503	H2AJ	caecum	present	gold quality	90.03
ENSBTAG00000030503	H2AJ	caecum	present	gold quality	95.66
ENSBTAG00000030503	H2AJ	colon	present	gold quality	93.29
ENSBTAG00000030503	H2AJ	ascending colon	present	gold quality	95.42
ENSBTAG00000030503	H2AJ	ascending colon	present	gold quality	95.44
ENSBTAG00000030503	H2AJ	descending colon	present	gold quality	91.96
ENSBTAG00000030503	H2AJ	descending colon	present	gold quality	95.37
ENSBTAG00000030503	H2AJ	descending colon	present	gold quality	91.96
ENSBTAG00000030503	H2AJ	cortex of kidney	present	gold quality	96.23
ENSBTAG00000030503	H2AJ	urinary bladder	present	gold quality	95.89
ENSBTAG00000030503	H2AJ	urinary bladder	present	gold quality	95.93
ENSBTAG00000030503	H2AJ	endometrium	present	gold quality	93.92
ENSBTAG00000030503	H2AJ	endometrium	present	gold quality	94.6
ENSBTAG00000030503	H2AJ	endometrium	present	gold quality	95.25
ENSBTAG00000030503	H2AJ	endometrium	present	gold quality	96.99
ENSBTAG00000030503	H2AJ	endometrium	present	gold quality	95.45
ENSBTAG00000030503	H2AJ	endometrium	present	gold quality	94.72
ENSBTAG00000030503	H2AJ	myometrium	present	gold quality	89.11
ENSBTAG00000030503	H2AJ	myometrium	present	gold quality	89.23
ENSBTAG00000030503	H2AJ	gluteus medius	present	gold quality	86.5
ENSBTAG00000030503	H2AJ	gluteus medius	present	gold quality	86.54
ENSBTAG00000030503	H2AJ	biceps femoris	present	gold quality	79.57
ENSBTAG00000030503	H2AJ	biceps femoris	present	gold quality	79.64
ENSBTAG00000030503	H2AJ	semitendinosus	present	gold quality	90.65
ENSBTAG00000030503	H2AJ	semitendinosus	present	gold quality	89.59
ENSBTAG00000030503	H2AJ	semitendinosus	present	gold quality	87.81
ENSBTAG00000030503	H2AJ	rectus femoris	present	gold quality	88.33
ENSBTAG00000030503	H2AJ	rectus femoris	present	gold quality	88.37
ENSBTAG00000030503	H2AJ	semimembranosus muscle	present	gold quality	80.53
ENSBTAG00000030503	H2AJ	semimembranosus muscle	present	gold quality	80.41
ENSBTAG00000030503	H2AJ	semimembranosus muscle	present	gold quality	86.77
ENSBTAG00000030503	H2AJ	longissimus thoracis muscle	present	gold quality	82.18
ENSBTAG00000030503	H2AJ	longissimus thoracis muscle	present	gold quality	82.78
ENSBTAG00000030503	H2AJ	longissimus thoracis muscle	present	gold quality	84.42
ENSBTAG00000030503	H2AJ	longissimus thoracis muscle	present	gold quality	80.02
ENSBTAG00000030503	H2AJ	longissimus thoracis muscle	present	gold quality	83.53
ENSBTAG00000030503	H2AJ	longissimus thoracis muscle	present	gold quality	84.4
ENSBTAG00000030503	H2AJ	longissimus thoracis muscle	present	gold quality	88.24
ENSBTAG00000030503	H2AJ	longissimus thoracis muscle	present	gold quality	88.64
ENSBTAG00000030503	H2AJ	longissimus thoracis muscle	present	gold quality	87.06
ENSBTAG00000030503	H2AJ	longissimus thoracis muscle	present	gold quality	85.81
ENSBTAG00000030503	H2AJ	infraspinatus muscle	present	gold quality	86.93
ENSBTAG00000030503	H2AJ	infraspinatus muscle	present	gold quality	86.84
ENSBTAG00000030503	H2AJ	triceps brachii	present	gold quality	89.36
ENSBTAG00000030503	H2AJ	triceps brachii	present	gold quality	89.29
ENSBTAG00000030503	H2AJ	tongue	present	gold quality	97.47
ENSBTAG00000030503	H2AJ	tongue	present	gold quality	97.46
ENSBTAG00000030503	H2AJ	tongue	present	gold quality	79.53
ENSBTAG00000030503	H2AJ	nasopharynx	present	gold quality	96.5
ENSBTAG00000030503	H2AJ	pharyngeal tonsil	present	gold quality	96.43
ENSBTAG00000030503	H2AJ	laryngeal cartilage	present	gold quality	94.41
ENSBTAG00000030503	H2AJ	laryngeal cartilage	present	gold quality	94.41
ENSBTAG00000030503	H2AJ	anterior segment of eyeball	present	gold quality	97.72
ENSBTAG00000030503	H2AJ	nasal cavity mucosa	present	gold quality	98.35
ENSBTAG00000030503	H2AJ	nasal cavity mucosa	present	gold quality	98.35
ENSBTAG00000030503	H2AJ	frontal cortex	present	gold quality	91.18
ENSBTAG00000030503	H2AJ	frontal cortex	present	gold quality	89.75
ENSBTAG00000030503	H2AJ	frontal cortex	present	gold quality	92.13
ENSBTAG00000030503	H2AJ	choroid plexus	present	gold quality	94.65
ENSBTAG00000030503	H2AJ	midbrain	present	gold quality	89.76
ENSBTAG00000030503	H2AJ	hypothalamus	present	gold quality	77.34
ENSBTAG00000030503	H2AJ	hypothalamus	present	gold quality	85.0
ENSBTAG00000030503	H2AJ	hypothalamus	present	gold quality	83.95
ENSBTAG00000030503	H2AJ	mammary gland	present	gold quality	95.96
ENSBTAG00000030503	H2AJ	mammary gland	present	gold quality	96.6
ENSBTAG00000030503	H2AJ	mammary gland	present	gold quality	95.08
ENSBTAG00000030503	H2AJ	mammary gland	present	gold quality	91.43
ENSBTAG00000030503	H2AJ	milk	present	gold quality	95.97
ENSBTAG00000030503	H2AJ	milk	present	gold quality	96.39
ENSBTAG00000030503	H2AJ	Ammon's horn	present	gold quality	88.26
ENSBTAG00000030503	H2AJ	placenta	present	gold quality	95.45
ENSBTAG00000030503	H2AJ	placenta	present	gold quality	96.38
ENSBTAG00000030503	H2AJ	gluteal muscle	present	gold quality	87.65
ENSBTAG00000030503	H2AJ	occipital lobe	present	gold quality	77.58
ENSBTAG00000030503	H2AJ	cerebellum	present	gold quality	90.9
ENSBTAG00000030503	H2AJ	cerebellum	present	gold quality	91.01
ENSBTAG00000030503	H2AJ	cerebellum	present	gold quality	85.09
ENSBTAG00000030503	H2AJ	thyroid gland	present	gold quality	94.04
ENSBTAG00000030503	H2AJ	thyroid gland	present	gold quality	94.82
ENSBTAG00000030503	H2AJ	lung	present	gold quality	93.41
ENSBTAG00000030503	H2AJ	lung	present	gold quality	96.59
ENSBTAG00000030503	H2AJ	lung	present	gold quality	95.91
ENSBTAG00000030503	H2AJ	lung	present	gold quality	94.59
ENSBTAG00000030503	H2AJ	lung	present	gold quality	91.34
ENSBTAG00000030503	H2AJ	lung	present	gold quality	95.38
ENSBTAG00000030503	H2AJ	lung	present	gold quality	95.64
ENSBTAG00000030503	H2AJ	cardiac atrium	present	gold quality	89.3
ENSBTAG00000030503	H2AJ	cardiac atrium	present	gold quality	89.2
ENSBTAG00000030503	H2AJ	cardiac ventricle	present	gold quality	89.45
ENSBTAG00000030503	H2AJ	spleen	present	gold quality	95.21
ENSBTAG00000030503	H2AJ	spleen	present	gold quality	93.69
ENSBTAG00000030503	H2AJ	spleen	present	gold quality	96.51
ENSBTAG00000030503	H2AJ	spleen	present	gold quality	94.16
ENSBTAG00000030503	H2AJ	spleen	present	gold quality	96.29
ENSBTAG00000030503	H2AJ	liver	present	gold quality	91.9
ENSBTAG00000030503	H2AJ	liver	present	gold quality	94.55
ENSBTAG00000030503	H2AJ	liver	present	gold quality	95.11
ENSBTAG00000030503	H2AJ	liver	present	gold quality	95.12
ENSBTAG00000030503	H2AJ	liver	present	gold quality	94.75
ENSBTAG00000030503	H2AJ	liver	present	gold quality	95.99
ENSBTAG00000030503	H2AJ	liver	present	gold quality	94.92
ENSBTAG00000030503	H2AJ	liver	present	gold quality	93.69
ENSBTAG00000030503	H2AJ	liver	present	gold quality	95.47
ENSBTAG00000030503	H2AJ	liver	present	gold quality	95.26
ENSBTAG00000030503	H2AJ	liver	present	gold quality	93.61
ENSBTAG00000030503	H2AJ	liver	present	gold quality	93.85
ENSBTAG00000030503	H2AJ	liver	present	gold quality	94.43
ENSBTAG00000030503	H2AJ	liver	present	gold quality	96.58
ENSBTAG00000030503	H2AJ	liver	present	gold quality	96.82
ENSBTAG00000030503	H2AJ	liver	present	gold quality	96.46
ENSBTAG00000030503	H2AJ	gall bladder	present	gold quality	95.27
ENSBTAG00000030503	H2AJ	gall bladder	present	gold quality	96.01
ENSBTAG00000030503	H2AJ	kidney	present	gold quality	95.61
ENSBTAG00000030503	H2AJ	duodenum	present	gold quality	95.61
ENSBTAG00000030503	H2AJ	duodenum	present	gold quality	94.61
ENSBTAG00000030503	H2AJ	duodenum	present	gold quality	95.3
ENSBTAG00000030503	H2AJ	duodenum	present	gold quality	95.63
ENSBTAG00000030503	H2AJ	jejunum	present	gold quality	96.47
ENSBTAG00000030503	H2AJ	jejunum	present	gold quality	95.86
ENSBTAG00000030503	H2AJ	jejunum	present	gold quality	96.61
ENSBTAG00000030503	H2AJ	jejunum	present	gold quality	96.25
ENSBTAG00000030503	H2AJ	ileum	present	gold quality	94.57
ENSBTAG00000030503	H2AJ	ileum	present	gold quality	94.48
ENSBTAG00000030503	H2AJ	ileum	present	gold quality	95.17
ENSBTAG00000030503	H2AJ	ileum	present	gold quality	95.77
ENSBTAG00000030503	H2AJ	ileum	present	gold quality	94.37
ENSBTAG00000030503	H2AJ	subcutaneous adipose tissue	present	gold quality	96.19
ENSBTAG00000030503	H2AJ	subcutaneous adipose tissue	present	gold quality	96.08
ENSBTAG00000030503	H2AJ	subcutaneous adipose tissue	present	gold quality	92.36
ENSBTAG00000030503	H2AJ	subcutaneous adipose tissue	present	gold quality	92.09
ENSBTAG00000030503	H2AJ	subcutaneous adipose tissue	present	gold quality	96.08
ENSBTAG00000030503	H2AJ	subcutaneous adipose tissue	present	gold quality	92.01
ENSBTAG00000030503	H2AJ	subcutaneous adipose tissue	present	gold quality	93.27
ENSBTAG00000030503	H2AJ	subcutaneous adipose tissue	present	gold quality	93.57
ENSBTAG00000030503	H2AJ	subcutaneous adipose tissue	present	gold quality	93.61
ENSBTAG00000030503	H2AJ	subcutaneous adipose tissue	present	gold quality	90.32
ENSBTAG00000030503	H2AJ	subcutaneous adipose tissue	present	gold quality	94.22
ENSBTAG00000030503	H2AJ	adenohypophysis	present	gold quality	94.75
ENSBTAG00000030503	H2AJ	adenohypophysis	present	gold quality	94.83
ENSBTAG00000030503	H2AJ	neurohypophysis	present	gold quality	93.57
ENSBTAG00000030503	H2AJ	neurohypophysis	present	gold quality	93.43
ENSBTAG00000030503	H2AJ	uterine horn	present	gold quality	88.37
ENSBTAG00000030503	H2AJ	prostate gland	present	gold quality	97.05
ENSBTAG00000030503	H2AJ	adrenal gland	present	gold quality	97.08
ENSBTAG00000030503	H2AJ	adrenal gland	present	gold quality	97.14
ENSBTAG00000030503	H2AJ	adrenal gland	present	gold quality	89.07
ENSBTAG00000030503	H2AJ	thymus	present	gold quality	95.4
ENSBTAG00000030503	H2AJ	bone marrow	present	gold quality	91.87
ENSBTAG00000030503	H2AJ	bone marrow	present	gold quality	91.92
ENSBTAG00000030503	H2AJ	supraspinatus muscle	present	gold quality	87.95
ENSBTAG00000030503	H2AJ	supraspinatus muscle	present	gold quality	88.01
ENSBTAG00000030503	H2AJ	muscle tissue	present	gold quality	86.8
ENSBTAG00000030503	H2AJ	muscle tissue	present	gold quality	86.81
ENSBTAG00000030503	H2AJ	muscle tissue	present	gold quality	82.69
ENSBTAG00000030503	H2AJ	muscle tissue	present	gold quality	85.56
ENSBTAG00000030503	H2AJ	muscle tissue	present	gold quality	78.49
ENSBTAG00000030503	H2AJ	muscle tissue	present	gold quality	88.81
ENSBTAG00000030503	H2AJ	muscle tissue	present	gold quality	79.71
ENSBTAG00000030503	H2AJ	abdominal lymph node	present	gold quality	93.49
ENSBTAG00000030503	H2AJ	mesenteric lymph node	present	gold quality	95.31
ENSBTAG00000030503	H2AJ	mesenteric lymph node	present	gold quality	95.31
ENSBTAG00000030503	H2AJ	corpus luteum	present	gold quality	85.07
ENSBTAG00000030503	H2AJ	corpus luteum	present	gold quality	85.27
ENSBTAG00000030503	H2AJ	trachea	present	gold quality	91.3
ENSBTAG00000030503	H2AJ	trachea	present	gold quality	91.3
ENSBTAG00000030503	H2AJ	floor plate of diencephalon	present	gold quality	88.57
ENSBTAG00000030503	H2AJ	uterine tube infundibulum	present	gold quality	93.47
ENSBTAG00000030503	H2AJ	uterine tube infundibulum	present	gold quality	95.22
ENSBTAG00000030503	H2AJ	mammary gland fat	present	gold quality	94.61
ENSBTAG00000030503	H2AJ	caput epididymis	present	gold quality	96.6
ENSBTAG00000030503	H2AJ	corpus epididymis	present	gold quality	96.56
ENSBTAG00000030503	H2AJ	dorsal thalamus	present	gold quality	91.89
ENSBTAG00000030503	H2AJ	conceptus	present	gold quality	95.43
ENSBTAG00000030503	H2AJ	oviduct epithelium	present	gold quality	95.78
ENSBTAG00000030503	H2AJ	olfactory segment of nasal mucosa	present	gold quality	98.45
ENSBTAG00000030503	H2AJ	olfactory segment of nasal mucosa	present	gold quality	98.28
ENSBTAG00000030503	H2AJ	digestive system secreted substance	present	gold quality	97.68
ENSBTAG00000030503	H2AJ	abomasum	present	gold quality	95.34
ENSBTAG00000030503	H2AJ	abomasum	present	gold quality	95.29
ENSBTAG00000030503	H2AJ	abomasum	present	gold quality	95.4
ENSBTAG00000030503	H2AJ	ruminant reticulum	present	gold quality	96.88
ENSBTAG00000030503	H2AJ	ruminant reticulum	present	gold quality	96.89
ENSBTAG00000030503	H2AJ	omasum	present	gold quality	96.99
ENSBTAG00000030503	H2AJ	omasum	present	gold quality	96.99
ENSBTAG00000030503	H2AJ	rumen	present	gold quality	97.41
ENSBTAG00000030503	H2AJ	rumen	present	gold quality	96.44
ENSBTAG00000030503	H2AJ	rumen	present	gold quality	97.01
ENSBTAG00000030503	H2AJ	rumen	present	gold quality	96.13
ENSBTAG00000030503	H2AJ	rumen	present	gold quality	97.61
ENSBTAG00000030503	H2AJ	surface of tongue	present	gold quality	97.92
ENSBTAG00000030503	H2AJ	surface of tongue	present	gold quality	97.9
ENSBTAG00000030503	H2AJ	pigment epithelium of eye	present	gold quality	91.85
ENSBTAG00000030503	H2AJ	pigment epithelium of eye	present	gold quality	91.94
ENSBTAG00000030503	H2AJ	rumen epithelium	present	gold quality	94.46
ENSBTAG00000030503	H2AJ	rumen epithelium	present	gold quality	95.99
ENSBTAG00000030503	H2AJ	rumen epithelium	present	gold quality	97.7
ENSBTAG00000030503	H2AJ	rumen papilla	present	gold quality	97.61
ENSBTAG00000030503	H2AJ	rumen papilla	present	gold quality	91.88
ENSBTAG00000030503	H2AJ	rumen papilla	present	gold quality	97.63
ENSBTAG00000030503	H2AJ	spiral colon	present	gold quality	93.07
ENSBTAG00000030503	H2AJ	omental fat pad	present	gold quality	89.09
ENSBTAG00000030503	H2AJ	omental fat pad	present	gold quality	87.67
ENSBTAG00000030503	H2AJ	metanephros cortex	present	gold quality	96.14
ENSBTAG00000030503	H2AJ	ampulla of uterine tube	present	gold quality	93.49
ENSBTAG00000030503	H2AJ	ampulla of uterine tube	present	gold quality	95.76
ENSBTAG00000030503	H2AJ	retropharyngeal lymph node	present	gold quality	96.57
ENSBTAG00000030503	H2AJ	temporal cortex	present	gold quality	88.37
ENSBTAG00000030503	H2AJ	temporal cortex	present	gold quality	88.02
ENSBTAG00000030503	H2AJ	isthmus of fallopian tube	present	gold quality	95.31
ENSBTAG00000030503	H2AJ	isthmus of fallopian tube	present	gold quality	95.29
ENSBTAG00000030503	H2AJ	intramuscular adipose tissue	present	gold quality	88.21
ENSBTAG00000030503	H2AJ	intramuscular adipose tissue	present	gold quality	87.53
ENSBTAG00000030503	H2AJ	scapular muscle	present	gold quality	88.31
ENSBTAG00000030503	H2AJ	parenchyma of mammary gland	present	gold quality	95.62
ENSBTAG00000032456	H2AC21	oocyte	present	gold quality	90.05
ENSBTAG00000032456	H2AC21	theca cell	present	gold quality	48.76
ENSBTAG00000032456	H2AC21	monocyte	present	gold quality	54.13
ENSBTAG00000032456	H2AC21	cumulus cell	present	gold quality	69.24
ENSBTAG00000032456	H2AC21	leukocyte	present	gold quality	82.45
ENSBTAG00000032456	H2AC21	leukocyte	present	gold quality	45.2
ENSBTAG00000032456	H2AC21	leukocyte	present	gold quality	81.27
ENSBTAG00000032456	H2AC21	leukocyte	present	gold quality	55.15
ENSBTAG00000032456	H2AC21	leukocyte	present	gold quality	56.26
ENSBTAG00000032456	H2AC21	leukocyte	present	gold quality	57.7
ENSBTAG00000032456	H2AC21	leukocyte	present	gold quality	55.6
ENSBTAG00000032456	H2AC21	leukocyte	present	gold quality	44.98
ENSBTAG00000032456	H2AC21	leukocyte	present	gold quality	81.97
ENSBTAG00000032456	H2AC21	leukocyte	present	gold quality	77.62
ENSBTAG00000032456	H2AC21	leukocyte	present	gold quality	54.22
ENSBTAG00000032456	H2AC21	neutrophil	present	gold quality	88.75
ENSBTAG00000032456	H2AC21	uterine cervix	present	gold quality	60.02
ENSBTAG00000032456	H2AC21	uterine cervix	present	gold quality	60.09
ENSBTAG00000032456	H2AC21	pituitary gland	present	gold quality	41.71
ENSBTAG00000032456	H2AC21	pituitary gland	present	gold quality	47.33
ENSBTAG00000032456	H2AC21	pituitary gland	present	gold quality	45.95
ENSBTAG00000032456	H2AC21	pituitary gland	present	gold quality	55.94
ENSBTAG00000032456	H2AC21	pituitary gland	present	gold quality	58.51
ENSBTAG00000032456	H2AC21	pituitary gland	present	gold quality	54.19
ENSBTAG00000032456	H2AC21	zone of skin	present	gold quality	49.74
ENSBTAG00000032456	H2AC21	zone of skin	present	gold quality	50.93
ENSBTAG00000032456	H2AC21	zone of skin	present	gold quality	38.08
ENSBTAG00000032456	H2AC21	lymph node	present	gold quality	52.62
ENSBTAG00000032456	H2AC21	lymph node	present	gold quality	57.31
ENSBTAG00000032456	H2AC21	ureter	present	gold quality	47.96
ENSBTAG00000032456	H2AC21	ureter	present	gold quality	48.0
ENSBTAG00000032456	H2AC21	urethra	present	gold quality	47.57
ENSBTAG00000032456	H2AC21	urethra	present	gold quality	47.51
ENSBTAG00000032456	H2AC21	adult mammalian kidney	present	gold quality	43.3
ENSBTAG00000032456	H2AC21	adult mammalian kidney	present	gold quality	44.98
ENSBTAG00000032456	H2AC21	adult mammalian kidney	present	gold quality	43.66
ENSBTAG00000032456	H2AC21	blood	present	gold quality	53.59
ENSBTAG00000032456	H2AC21	blood	present	gold quality	54.46
ENSBTAG00000032456	H2AC21	blood	present	gold quality	52.28
ENSBTAG00000032456	H2AC21	blood	present	gold quality	53.52
ENSBTAG00000032456	H2AC21	renal medulla	present	gold quality	45.3
ENSBTAG00000032456	H2AC21	renal medulla	present	gold quality	44.6
ENSBTAG00000032456	H2AC21	tongue muscle	present	gold quality	46.62
ENSBTAG00000032456	H2AC21	tongue muscle	present	gold quality	46.54
ENSBTAG00000032456	H2AC21	longissimus muscle	present	gold quality	97.81
ENSBTAG00000032456	H2AC21	longissimus muscle	present	gold quality	69.91
ENSBTAG00000032456	H2AC21	longissimus muscle	present	gold quality	41.25
ENSBTAG00000032456	H2AC21	multicellular organism	present	gold quality	41.26
ENSBTAG00000032456	H2AC21	testis	present	gold quality	47.87
ENSBTAG00000032456	H2AC21	testis	present	gold quality	59.94
ENSBTAG00000032456	H2AC21	testis	present	gold quality	40.0
ENSBTAG00000032456	H2AC21	ileocecal valve	present	gold quality	58.43
ENSBTAG00000032456	H2AC21	aorta	present	gold quality	49.07
ENSBTAG00000032456	H2AC21	aorta	present	gold quality	49.08
ENSBTAG00000032456	H2AC21	heart	present	gold quality	32.73
ENSBTAG00000032456	H2AC21	heart	present	gold quality	30.17
ENSBTAG00000032456	H2AC21	brain	present	gold quality	40.66
ENSBTAG00000032456	H2AC21	cerebral cortex	present	gold quality	36.28
ENSBTAG00000032456	H2AC21	cerebral cortex	present	gold quality	39.22
ENSBTAG00000032456	H2AC21	retina	present	gold quality	43.73
ENSBTAG00000032456	H2AC21	pons	present	gold quality	49.81
ENSBTAG00000032456	H2AC21	pons	present	gold quality	60.78
ENSBTAG00000032456	H2AC21	ovary	present	gold quality	42.93
ENSBTAG00000032456	H2AC21	ovary	present	gold quality	40.56
ENSBTAG00000032456	H2AC21	ovary	present	gold quality	47.52
ENSBTAG00000032456	H2AC21	uterus	present	gold quality	36.84
ENSBTAG00000032456	H2AC21	uterus	present	gold quality	40.88
ENSBTAG00000032456	H2AC21	adipose tissue	present	gold quality	42.88
ENSBTAG00000032456	H2AC21	adipose tissue	present	gold quality	37.54
ENSBTAG00000032456	H2AC21	adipose tissue	present	gold quality	43.59
ENSBTAG00000032456	H2AC21	adipose tissue	present	gold quality	38.78
ENSBTAG00000032456	H2AC21	saliva-secreting gland	present	gold quality	53.5
ENSBTAG00000032456	H2AC21	saliva-secreting gland	present	gold quality	53.62
ENSBTAG00000032456	H2AC21	diaphragm	present	gold quality	56.45
ENSBTAG00000032456	H2AC21	diaphragm	present	gold quality	56.39
ENSBTAG00000032456	H2AC21	intercostal muscle	present	gold quality	37.78
ENSBTAG00000032456	H2AC21	skeletal muscle tissue	present	gold quality	48.4
ENSBTAG00000032456	H2AC21	skeletal muscle tissue	present	gold quality	32.82
ENSBTAG00000032456	H2AC21	skeletal muscle tissue	present	gold quality	48.27
ENSBTAG00000032456	H2AC21	caecum	present	gold quality	90.15
ENSBTAG00000032456	H2AC21	colon	present	gold quality	37.27
ENSBTAG00000032456	H2AC21	descending colon	present	gold quality	49.61
ENSBTAG00000032456	H2AC21	descending colon	present	gold quality	93.12
ENSBTAG00000032456	H2AC21	descending colon	present	gold quality	49.6
ENSBTAG00000032456	H2AC21	cortex of kidney	present	gold quality	44.66
ENSBTAG00000032456	H2AC21	endometrium	present	gold quality	34.01
ENSBTAG00000032456	H2AC21	endometrium	present	gold quality	44.93
ENSBTAG00000032456	H2AC21	endometrium	present	gold quality	43.0
ENSBTAG00000032456	H2AC21	endometrium	present	gold quality	33.8
ENSBTAG00000032456	H2AC21	myometrium	present	gold quality	44.67
ENSBTAG00000032456	H2AC21	myometrium	present	gold quality	44.75
ENSBTAG00000032456	H2AC21	semitendinosus	present	gold quality	52.79
ENSBTAG00000032456	H2AC21	semitendinosus	present	gold quality	33.67
ENSBTAG00000032456	H2AC21	semitendinosus	present	gold quality	50.63
ENSBTAG00000032456	H2AC21	rectus femoris	present	gold quality	53.46
ENSBTAG00000032456	H2AC21	rectus femoris	present	gold quality	53.48
ENSBTAG00000032456	H2AC21	longissimus thoracis muscle	present	gold quality	26.9
ENSBTAG00000032456	H2AC21	longissimus thoracis muscle	present	gold quality	49.23
ENSBTAG00000032456	H2AC21	nasopharynx	present	gold quality	55.88
ENSBTAG00000032456	H2AC21	pharyngeal tonsil	present	gold quality	56.39
ENSBTAG00000032456	H2AC21	laryngeal cartilage	present	gold quality	57.47
ENSBTAG00000032456	H2AC21	laryngeal cartilage	present	gold quality	57.53
ENSBTAG00000032456	H2AC21	anterior segment of eyeball	present	gold quality	57.53
ENSBTAG00000032456	H2AC21	nasal cavity mucosa	present	gold quality	63.94
ENSBTAG00000032456	H2AC21	nasal cavity mucosa	present	gold quality	63.72
ENSBTAG00000032456	H2AC21	frontal cortex	present	gold quality	41.51
ENSBTAG00000032456	H2AC21	frontal cortex	present	gold quality	51.18
ENSBTAG00000032456	H2AC21	mammary gland	present	gold quality	31.81
ENSBTAG00000032456	H2AC21	mammary gland	present	gold quality	44.68
ENSBTAG00000032456	H2AC21	mammary gland	present	gold quality	31.22
ENSBTAG00000032456	H2AC21	mammary gland	present	gold quality	67.56
ENSBTAG00000032456	H2AC21	milk	present	gold quality	47.39
ENSBTAG00000032456	H2AC21	milk	present	gold quality	39.0
ENSBTAG00000032456	H2AC21	placenta	present	gold quality	41.66
ENSBTAG00000032456	H2AC21	placenta	present	gold quality	56.06
ENSBTAG00000032456	H2AC21	gluteal muscle	present	gold quality	40.74
ENSBTAG00000032456	H2AC21	thyroid gland	present	gold quality	52.84
ENSBTAG00000032456	H2AC21	thyroid gland	present	gold quality	39.59
ENSBTAG00000032456	H2AC21	lung	present	gold quality	59.29
ENSBTAG00000032456	H2AC21	lung	present	gold quality	37.8
ENSBTAG00000032456	H2AC21	lung	present	gold quality	39.68
ENSBTAG00000032456	H2AC21	lung	present	gold quality	39.47
ENSBTAG00000032456	H2AC21	lung	present	gold quality	36.88
ENSBTAG00000032456	H2AC21	lung	present	gold quality	47.3
ENSBTAG00000032456	H2AC21	spleen	present	gold quality	48.93
ENSBTAG00000032456	H2AC21	spleen	present	gold quality	48.26
ENSBTAG00000032456	H2AC21	spleen	present	gold quality	46.63
ENSBTAG00000032456	H2AC21	liver	present	gold quality	51.49
ENSBTAG00000032456	H2AC21	liver	present	gold quality	35.04
ENSBTAG00000032456	H2AC21	liver	present	gold quality	37.25
ENSBTAG00000032456	H2AC21	liver	present	gold quality	36.33
ENSBTAG00000032456	H2AC21	liver	present	gold quality	54.48
ENSBTAG00000032456	H2AC21	liver	present	gold quality	30.0
ENSBTAG00000032456	H2AC21	liver	present	gold quality	37.41
ENSBTAG00000032456	H2AC21	liver	present	gold quality	42.37
ENSBTAG00000032456	H2AC21	gall bladder	present	gold quality	47.26
ENSBTAG00000032456	H2AC21	gall bladder	present	gold quality	53.4
ENSBTAG00000032456	H2AC21	kidney	present	gold quality	45.37
ENSBTAG00000032456	H2AC21	duodenum	present	gold quality	50.6
ENSBTAG00000032456	H2AC21	duodenum	present	gold quality	57.22
ENSBTAG00000032456	H2AC21	duodenum	present	gold quality	45.94
ENSBTAG00000032456	H2AC21	duodenum	present	gold quality	50.63
ENSBTAG00000032456	H2AC21	jejunum	present	gold quality	54.11
ENSBTAG00000032456	H2AC21	jejunum	present	gold quality	60.98
ENSBTAG00000032456	H2AC21	jejunum	present	gold quality	50.41
ENSBTAG00000032456	H2AC21	jejunum	present	gold quality	56.31
ENSBTAG00000032456	H2AC21	ileum	present	gold quality	49.01
ENSBTAG00000032456	H2AC21	ileum	present	gold quality	48.57
ENSBTAG00000032456	H2AC21	ileum	present	gold quality	98.24
ENSBTAG00000032456	H2AC21	ileum	present	gold quality	79.94
ENSBTAG00000032456	H2AC21	ileum	present	gold quality	50.95
ENSBTAG00000032456	H2AC21	subcutaneous adipose tissue	present	gold quality	87.68
ENSBTAG00000032456	H2AC21	subcutaneous adipose tissue	present	gold quality	50.57
ENSBTAG00000032456	H2AC21	subcutaneous adipose tissue	present	gold quality	36.61
ENSBTAG00000032456	H2AC21	subcutaneous adipose tissue	present	gold quality	38.06
ENSBTAG00000032456	H2AC21	subcutaneous adipose tissue	present	gold quality	50.6
ENSBTAG00000032456	H2AC21	subcutaneous adipose tissue	present	gold quality	35.56
ENSBTAG00000032456	H2AC21	subcutaneous adipose tissue	present	gold quality	37.67
ENSBTAG00000032456	H2AC21	subcutaneous adipose tissue	present	gold quality	26.93
ENSBTAG00000032456	H2AC21	subcutaneous adipose tissue	present	gold quality	32.04
ENSBTAG00000032456	H2AC21	adenohypophysis	present	gold quality	51.53
ENSBTAG00000032456	H2AC21	adenohypophysis	present	gold quality	51.64
ENSBTAG00000032456	H2AC21	neurohypophysis	present	gold quality	44.77
ENSBTAG00000032456	H2AC21	neurohypophysis	present	gold quality	44.67
ENSBTAG00000032456	H2AC21	prostate gland	present	gold quality	62.41
ENSBTAG00000032456	H2AC21	adrenal gland	present	gold quality	55.88
ENSBTAG00000032456	H2AC21	adrenal gland	present	gold quality	56.06
ENSBTAG00000032456	H2AC21	adrenal gland	present	gold quality	42.87
ENSBTAG00000032456	H2AC21	thymus	present	gold quality	52.67
ENSBTAG00000032456	H2AC21	bone marrow	present	gold quality	52.2
ENSBTAG00000032456	H2AC21	bone marrow	present	gold quality	52.2
ENSBTAG00000032456	H2AC21	muscle tissue	present	gold quality	34.37
ENSBTAG00000032456	H2AC21	muscle tissue	present	gold quality	38.76
ENSBTAG00000032456	H2AC21	muscle tissue	present	gold quality	39.16
ENSBTAG00000032456	H2AC21	abdominal lymph node	present	gold quality	53.67
ENSBTAG00000032456	H2AC21	mesenteric lymph node	present	gold quality	52.69
ENSBTAG00000032456	H2AC21	mesenteric lymph node	present	gold quality	52.66
ENSBTAG00000032456	H2AC21	trachea	present	gold quality	50.79
ENSBTAG00000032456	H2AC21	trachea	present	gold quality	50.73
ENSBTAG00000032456	H2AC21	uterine tube infundibulum	present	gold quality	47.1
ENSBTAG00000032456	H2AC21	uterine tube infundibulum	present	gold quality	48.1
ENSBTAG00000032456	H2AC21	conceptus	present	gold quality	91.56
ENSBTAG00000032456	H2AC21	olfactory segment of nasal mucosa	present	gold quality	37.41
ENSBTAG00000032456	H2AC21	olfactory segment of nasal mucosa	present	gold quality	46.99
ENSBTAG00000032456	H2AC21	abomasum	present	gold quality	46.27
ENSBTAG00000032456	H2AC21	omasum	present	gold quality	44.44
ENSBTAG00000032456	H2AC21	omasum	present	gold quality	44.87
ENSBTAG00000032456	H2AC21	rumen	present	gold quality	90.01
ENSBTAG00000032456	H2AC21	rumen	present	gold quality	71.18
ENSBTAG00000032456	H2AC21	rumen epithelium	present	gold quality	76.24
ENSBTAG00000032456	H2AC21	rumen epithelium	present	gold quality	45.79
ENSBTAG00000032456	H2AC21	rumen epithelium	present	gold quality	43.8
ENSBTAG00000032456	H2AC21	rumen papilla	present	gold quality	39.93
ENSBTAG00000032456	H2AC21	spiral colon	present	gold quality	91.67
ENSBTAG00000032456	H2AC21	omental fat pad	present	gold quality	37.55
ENSBTAG00000032456	H2AC21	omental fat pad	present	gold quality	38.42
ENSBTAG00000032456	H2AC21	metanephros cortex	present	gold quality	44.62
ENSBTAG00000032456	H2AC21	ampulla of uterine tube	present	gold quality	44.59
ENSBTAG00000032456	H2AC21	ampulla of uterine tube	present	gold quality	46.97
ENSBTAG00000032456	H2AC21	retropharyngeal lymph node	present	gold quality	55.86
ENSBTAG00000032456	H2AC21	isthmus of fallopian tube	present	gold quality	37.98
ENSBTAG00000032456	H2AC21	isthmus of fallopian tube	present	gold quality	37.93
ENSBTAG00000032456	H2AC21	intramuscular adipose tissue	present	gold quality	27.19
ENSBTAG00000032456	H2AC21	intramuscular adipose tissue	present	gold quality	37.05
ENSBTAG00000032456	H2AC21	scapular muscle	present	gold quality	33.34
ENSBTAG00000037964	H2AW	oocyte	present	gold quality	69.48
ENSBTAG00000037964	H2AW	granulosa cell	present	gold quality	63.53
ENSBTAG00000037964	H2AW	theca cell	present	gold quality	50.38
ENSBTAG00000037964	H2AW	monocyte	present	gold quality	58.91
ENSBTAG00000037964	H2AW	cumulus cell	present	gold quality	68.48
ENSBTAG00000037964	H2AW	leukocyte	present	gold quality	66.73
ENSBTAG00000037964	H2AW	leukocyte	present	gold quality	55.53
ENSBTAG00000037964	H2AW	leukocyte	present	gold quality	64.09
ENSBTAG00000037964	H2AW	leukocyte	present	gold quality	58.24
ENSBTAG00000037964	H2AW	leukocyte	present	gold quality	59.73
ENSBTAG00000037964	H2AW	leukocyte	present	gold quality	58.12
ENSBTAG00000037964	H2AW	leukocyte	present	gold quality	55.52
ENSBTAG00000037964	H2AW	leukocyte	present	gold quality	58.6
ENSBTAG00000037964	H2AW	leukocyte	present	gold quality	60.88
ENSBTAG00000037964	H2AW	leukocyte	present	gold quality	58.39
ENSBTAG00000037964	H2AW	neutrophil	present	gold quality	64.6
ENSBTAG00000037964	H2AW	uterine cervix	present	gold quality	63.47
ENSBTAG00000037964	H2AW	uterine cervix	present	gold quality	63.52
ENSBTAG00000037964	H2AW	pituitary gland	present	gold quality	50.56
ENSBTAG00000037964	H2AW	pituitary gland	present	gold quality	57.13
ENSBTAG00000037964	H2AW	pituitary gland	present	gold quality	54.72
ENSBTAG00000037964	H2AW	pituitary gland	present	gold quality	55.16
ENSBTAG00000037964	H2AW	pituitary gland	present	gold quality	57.68
ENSBTAG00000037964	H2AW	pituitary gland	present	gold quality	56.11
ENSBTAG00000037964	H2AW	zone of skin	present	gold quality	43.76
ENSBTAG00000037964	H2AW	zone of skin	present	gold quality	43.62
ENSBTAG00000037964	H2AW	zone of skin	present	gold quality	43.34
ENSBTAG00000037964	H2AW	lymph node	present	gold quality	55.2
ENSBTAG00000037964	H2AW	lymph node	present	gold quality	53.91
ENSBTAG00000037964	H2AW	fornix of vagina	present	gold quality	59.83
ENSBTAG00000037964	H2AW	fornix of vagina	present	gold quality	59.84
ENSBTAG00000037964	H2AW	ureter	present	gold quality	45.26
ENSBTAG00000037964	H2AW	ureter	present	gold quality	45.31
ENSBTAG00000037964	H2AW	urethra	present	gold quality	67.54
ENSBTAG00000037964	H2AW	urethra	present	gold quality	67.51
ENSBTAG00000037964	H2AW	adult mammalian kidney	present	gold quality	51.92
ENSBTAG00000037964	H2AW	adult mammalian kidney	present	gold quality	56.31
ENSBTAG00000037964	H2AW	adult mammalian kidney	present	gold quality	53.33
ENSBTAG00000037964	H2AW	adult mammalian kidney	present	gold quality	46.99
ENSBTAG00000037964	H2AW	blood	present	gold quality	55.05
ENSBTAG00000037964	H2AW	blood	present	gold quality	54.36
ENSBTAG00000037964	H2AW	blood	present	gold quality	55.69
ENSBTAG00000037964	H2AW	blood	present	gold quality	60.35
ENSBTAG00000037964	H2AW	renal medulla	present	gold quality	55.71
ENSBTAG00000037964	H2AW	renal medulla	present	gold quality	59.64
ENSBTAG00000037964	H2AW	tongue muscle	present	gold quality	46.14
ENSBTAG00000037964	H2AW	tongue muscle	present	gold quality	46.2
ENSBTAG00000037964	H2AW	longissimus muscle	present	gold quality	76.87
ENSBTAG00000037964	H2AW	longissimus muscle	present	gold quality	58.52
ENSBTAG00000037964	H2AW	longissimus muscle	present	gold quality	50.56
ENSBTAG00000037964	H2AW	prefrontal cortex	present	gold quality	37.34
ENSBTAG00000037964	H2AW	multicellular organism	present	gold quality	51.92
ENSBTAG00000037964	H2AW	testis	present	gold quality	49.05
ENSBTAG00000037964	H2AW	testis	present	gold quality	61.25
ENSBTAG00000037964	H2AW	ileocecal valve	present	gold quality	46.51
ENSBTAG00000037964	H2AW	aorta	present	gold quality	56.07
ENSBTAG00000037964	H2AW	aorta	present	gold quality	56.12
ENSBTAG00000037964	H2AW	heart	present	gold quality	53.07
ENSBTAG00000037964	H2AW	heart	present	gold quality	48.21
ENSBTAG00000037964	H2AW	heart	present	gold quality	58.95
ENSBTAG00000037964	H2AW	heart	present	gold quality	49.08
ENSBTAG00000037964	H2AW	brain	present	gold quality	48.44
ENSBTAG00000037964	H2AW	cerebral cortex	present	gold quality	46.75
ENSBTAG00000037964	H2AW	cerebral cortex	present	gold quality	45.74
ENSBTAG00000037964	H2AW	retina	present	gold quality	80.4
ENSBTAG00000037964	H2AW	pons	present	gold quality	56.9
ENSBTAG00000037964	H2AW	pons	present	gold quality	53.63
ENSBTAG00000037964	H2AW	ovary	present	gold quality	49.59
ENSBTAG00000037964	H2AW	ovary	present	gold quality	49.58
ENSBTAG00000037964	H2AW	ovary	present	gold quality	53.1
ENSBTAG00000037964	H2AW	ovary	present	gold quality	50.87
ENSBTAG00000037964	H2AW	uterus	present	gold quality	46.91
ENSBTAG00000037964	H2AW	uterus	present	gold quality	52.4
ENSBTAG00000037964	H2AW	uterus	present	gold quality	58.69
ENSBTAG00000037964	H2AW	vas deferens	present	gold quality	50.05
ENSBTAG00000037964	H2AW	adipose tissue	present	gold quality	52.51
ENSBTAG00000037964	H2AW	adipose tissue	present	gold quality	48.67
ENSBTAG00000037964	H2AW	adipose tissue	present	gold quality	51.58
ENSBTAG00000037964	H2AW	adipose tissue	present	gold quality	51.7
ENSBTAG00000037964	H2AW	adipose tissue	present	gold quality	51.21
ENSBTAG00000037964	H2AW	adipose tissue	present	gold quality	53.17
ENSBTAG00000037964	H2AW	esophagus	present	gold quality	49.07
ENSBTAG00000037964	H2AW	esophagus	present	gold quality	48.89
ENSBTAG00000037964	H2AW	saliva-secreting gland	present	gold quality	71.19
ENSBTAG00000037964	H2AW	saliva-secreting gland	present	gold quality	71.23
ENSBTAG00000037964	H2AW	diaphragm	present	gold quality	51.67
ENSBTAG00000037964	H2AW	diaphragm	present	gold quality	51.64
ENSBTAG00000037964	H2AW	intercostal muscle	present	gold quality	63.07
ENSBTAG00000037964	H2AW	skeletal muscle tissue	present	gold quality	58.92
ENSBTAG00000037964	H2AW	skeletal muscle tissue	present	gold quality	47.64
ENSBTAG00000037964	H2AW	skeletal muscle tissue	present	gold quality	50.1
ENSBTAG00000037964	H2AW	skeletal muscle tissue	present	gold quality	59.2
ENSBTAG00000037964	H2AW	caecum	present	gold quality	50.93
ENSBTAG00000037964	H2AW	caecum	present	gold quality	67.88
ENSBTAG00000037964	H2AW	caecum	present	gold quality	50.92
ENSBTAG00000037964	H2AW	colon	present	gold quality	47.24
ENSBTAG00000037964	H2AW	ascending colon	present	gold quality	49.12
ENSBTAG00000037964	H2AW	ascending colon	present	gold quality	49.09
ENSBTAG00000037964	H2AW	descending colon	present	gold quality	51.57
ENSBTAG00000037964	H2AW	descending colon	present	gold quality	59.14
ENSBTAG00000037964	H2AW	descending colon	present	gold quality	51.55
ENSBTAG00000037964	H2AW	cortex of kidney	present	gold quality	60.18
ENSBTAG00000037964	H2AW	urinary bladder	present	gold quality	55.01
ENSBTAG00000037964	H2AW	urinary bladder	present	gold quality	54.95
ENSBTAG00000037964	H2AW	endometrium	present	gold quality	59.12
ENSBTAG00000037964	H2AW	endometrium	present	gold quality	49.5
ENSBTAG00000037964	H2AW	endometrium	present	gold quality	68.19
ENSBTAG00000037964	H2AW	endometrium	present	gold quality	55.79
ENSBTAG00000037964	H2AW	endometrium	present	gold quality	43.54
ENSBTAG00000037964	H2AW	endometrium	present	gold quality	60.88
ENSBTAG00000037964	H2AW	myometrium	present	gold quality	50.41
ENSBTAG00000037964	H2AW	myometrium	present	gold quality	50.42
ENSBTAG00000037964	H2AW	semitendinosus	present	gold quality	53.32
ENSBTAG00000037964	H2AW	semitendinosus	present	gold quality	43.83
ENSBTAG00000037964	H2AW	semitendinosus	present	gold quality	49.24
ENSBTAG00000037964	H2AW	rectus femoris	present	gold quality	53.31
ENSBTAG00000037964	H2AW	rectus femoris	present	gold quality	53.27
ENSBTAG00000037964	H2AW	semimembranosus muscle	present	gold quality	60.53
ENSBTAG00000037964	H2AW	longissimus thoracis muscle	present	gold quality	50.98
ENSBTAG00000037964	H2AW	longissimus thoracis muscle	present	gold quality	52.07
ENSBTAG00000037964	H2AW	longissimus thoracis muscle	present	gold quality	55.01
ENSBTAG00000037964	H2AW	longissimus thoracis muscle	present	gold quality	45.65
ENSBTAG00000037964	H2AW	longissimus thoracis muscle	present	gold quality	50.69
ENSBTAG00000037964	H2AW	longissimus thoracis muscle	present	gold quality	51.18
ENSBTAG00000037964	H2AW	longissimus thoracis muscle	present	gold quality	50.66
ENSBTAG00000037964	H2AW	longissimus thoracis muscle	present	gold quality	48.07
ENSBTAG00000037964	H2AW	infraspinatus muscle	present	gold quality	57.65
ENSBTAG00000037964	H2AW	infraspinatus muscle	present	gold quality	57.66
ENSBTAG00000037964	H2AW	triceps brachii	present	gold quality	51.8
ENSBTAG00000037964	H2AW	triceps brachii	present	gold quality	51.79
ENSBTAG00000037964	H2AW	tongue	present	gold quality	49.09
ENSBTAG00000037964	H2AW	nasopharynx	present	gold quality	52.82
ENSBTAG00000037964	H2AW	pharyngeal tonsil	present	gold quality	55.68
ENSBTAG00000037964	H2AW	laryngeal cartilage	present	gold quality	53.57
ENSBTAG00000037964	H2AW	laryngeal cartilage	present	gold quality	53.65
ENSBTAG00000037964	H2AW	anterior segment of eyeball	present	gold quality	53.72
ENSBTAG00000037964	H2AW	frontal cortex	present	gold quality	46.37
ENSBTAG00000037964	H2AW	frontal cortex	present	gold quality	46.55
ENSBTAG00000037964	H2AW	frontal cortex	present	gold quality	46.69
ENSBTAG00000037964	H2AW	midbrain	present	gold quality	43.66
ENSBTAG00000037964	H2AW	hypothalamus	present	gold quality	41.46
ENSBTAG00000037964	H2AW	hypothalamus	present	gold quality	42.15
ENSBTAG00000037964	H2AW	mammary gland	present	gold quality	47.02
ENSBTAG00000037964	H2AW	mammary gland	present	gold quality	49.32
ENSBTAG00000037964	H2AW	mammary gland	present	gold quality	48.17
ENSBTAG00000037964	H2AW	milk	present	gold quality	59.21
ENSBTAG00000037964	H2AW	milk	present	gold quality	54.01
ENSBTAG00000037964	H2AW	placenta	present	gold quality	62.37
ENSBTAG00000037964	H2AW	placenta	present	gold quality	55.57
ENSBTAG00000037964	H2AW	gluteal muscle	present	gold quality	48.4
ENSBTAG00000037964	H2AW	occipital lobe	present	gold quality	44.42
ENSBTAG00000037964	H2AW	cerebellum	present	gold quality	50.61
ENSBTAG00000037964	H2AW	thyroid gland	present	gold quality	58.33
ENSBTAG00000037964	H2AW	thyroid gland	present	gold quality	47.56
ENSBTAG00000037964	H2AW	lung	present	gold quality	47.94
ENSBTAG00000037964	H2AW	lung	present	gold quality	51.92
ENSBTAG00000037964	H2AW	lung	present	gold quality	50.04
ENSBTAG00000037964	H2AW	lung	present	gold quality	45.82
ENSBTAG00000037964	H2AW	lung	present	gold quality	54.68
ENSBTAG00000037964	H2AW	lung	present	gold quality	46.8
ENSBTAG00000037964	H2AW	lung	present	gold quality	42.17
ENSBTAG00000037964	H2AW	cardiac atrium	present	gold quality	54.36
ENSBTAG00000037964	H2AW	cardiac atrium	present	gold quality	54.44
ENSBTAG00000037964	H2AW	cardiac ventricle	present	gold quality	45.79
ENSBTAG00000037964	H2AW	spleen	present	gold quality	53.02
ENSBTAG00000037964	H2AW	spleen	present	gold quality	54.28
ENSBTAG00000037964	H2AW	spleen	present	gold quality	50.59
ENSBTAG00000037964	H2AW	spleen	present	gold quality	56.19
ENSBTAG00000037964	H2AW	spleen	present	gold quality	54.55
ENSBTAG00000037964	H2AW	liver	present	gold quality	43.49
ENSBTAG00000037964	H2AW	gall bladder	present	gold quality	50.77
ENSBTAG00000037964	H2AW	gall bladder	present	gold quality	51.25
ENSBTAG00000037964	H2AW	kidney	present	gold quality	49.2
ENSBTAG00000037964	H2AW	duodenum	present	gold quality	50.85
ENSBTAG00000037964	H2AW	duodenum	present	gold quality	57.24
ENSBTAG00000037964	H2AW	duodenum	present	gold quality	54.45
ENSBTAG00000037964	H2AW	duodenum	present	gold quality	50.81
ENSBTAG00000037964	H2AW	jejunum	present	gold quality	61.07
ENSBTAG00000037964	H2AW	jejunum	present	gold quality	54.42
ENSBTAG00000037964	H2AW	jejunum	present	gold quality	47.38
ENSBTAG00000037964	H2AW	jejunum	present	gold quality	62.84
ENSBTAG00000037964	H2AW	ileum	present	gold quality	54.03
ENSBTAG00000037964	H2AW	ileum	present	gold quality	52.47
ENSBTAG00000037964	H2AW	ileum	present	gold quality	79.83
ENSBTAG00000037964	H2AW	ileum	present	gold quality	66.25
ENSBTAG00000037964	H2AW	ileum	present	gold quality	53.61
ENSBTAG00000037964	H2AW	subcutaneous adipose tissue	present	gold quality	58.24
ENSBTAG00000037964	H2AW	subcutaneous adipose tissue	present	gold quality	44.03
ENSBTAG00000037964	H2AW	subcutaneous adipose tissue	present	gold quality	44.23
ENSBTAG00000037964	H2AW	subcutaneous adipose tissue	present	gold quality	45.23
ENSBTAG00000037964	H2AW	subcutaneous adipose tissue	present	gold quality	44.18
ENSBTAG00000037964	H2AW	subcutaneous adipose tissue	present	gold quality	44.02
ENSBTAG00000037964	H2AW	subcutaneous adipose tissue	present	gold quality	46.22
ENSBTAG00000037964	H2AW	subcutaneous adipose tissue	present	gold quality	47.58
ENSBTAG00000037964	H2AW	subcutaneous adipose tissue	present	gold quality	41.68
ENSBTAG00000037964	H2AW	subcutaneous adipose tissue	present	gold quality	42.7
ENSBTAG00000037964	H2AW	subcutaneous adipose tissue	present	gold quality	46.55
ENSBTAG00000037964	H2AW	adenohypophysis	present	gold quality	53.42
ENSBTAG00000037964	H2AW	adenohypophysis	present	gold quality	53.62
ENSBTAG00000037964	H2AW	neurohypophysis	present	gold quality	50.02
ENSBTAG00000037964	H2AW	neurohypophysis	present	gold quality	50.0
ENSBTAG00000037964	H2AW	uterine horn	present	gold quality	47.64
ENSBTAG00000037964	H2AW	adrenal gland	present	gold quality	55.77
ENSBTAG00000037964	H2AW	adrenal gland	present	gold quality	55.73
ENSBTAG00000037964	H2AW	adrenal gland	present	gold quality	60.22
ENSBTAG00000037964	H2AW	thymus	present	gold quality	61.55
ENSBTAG00000037964	H2AW	bone marrow	present	gold quality	59.61
ENSBTAG00000037964	H2AW	bone marrow	present	gold quality	59.55
ENSBTAG00000037964	H2AW	supraspinatus muscle	present	gold quality	52.3
ENSBTAG00000037964	H2AW	supraspinatus muscle	present	gold quality	52.29
ENSBTAG00000037964	H2AW	muscle tissue	present	gold quality	46.51
ENSBTAG00000037964	H2AW	muscle tissue	present	gold quality	47.42
ENSBTAG00000037964	H2AW	muscle tissue	present	gold quality	48.42
ENSBTAG00000037964	H2AW	muscle tissue	present	gold quality	49.63
ENSBTAG00000037964	H2AW	muscle tissue	present	gold quality	51.12
ENSBTAG00000037964	H2AW	abdominal lymph node	present	gold quality	61.88
ENSBTAG00000037964	H2AW	mesenteric lymph node	present	gold quality	51.55
ENSBTAG00000037964	H2AW	mesenteric lymph node	present	gold quality	51.52
ENSBTAG00000037964	H2AW	corpus luteum	present	gold quality	50.95
ENSBTAG00000037964	H2AW	corpus luteum	present	gold quality	50.82
ENSBTAG00000037964	H2AW	trachea	present	gold quality	54.19
ENSBTAG00000037964	H2AW	trachea	present	gold quality	54.15
ENSBTAG00000037964	H2AW	uterine tube infundibulum	present	gold quality	45.77
ENSBTAG00000037964	H2AW	uterine tube infundibulum	present	gold quality	45.79
ENSBTAG00000037964	H2AW	mammary gland fat	present	gold quality	55.63
ENSBTAG00000037964	H2AW	caput epididymis	present	gold quality	58.4
ENSBTAG00000037964	H2AW	corpus epididymis	present	gold quality	51.27
ENSBTAG00000037964	H2AW	dorsal thalamus	present	gold quality	47.92
ENSBTAG00000037964	H2AW	conceptus	present	gold quality	81.73
ENSBTAG00000037964	H2AW	oviduct epithelium	present	gold quality	44.17
ENSBTAG00000037964	H2AW	olfactory segment of nasal mucosa	present	gold quality	41.51
ENSBTAG00000037964	H2AW	olfactory segment of nasal mucosa	present	gold quality	42.1
ENSBTAG00000037964	H2AW	abomasum	present	gold quality	53.13
ENSBTAG00000037964	H2AW	abomasum	present	gold quality	52.73
ENSBTAG00000037964	H2AW	abomasum	present	gold quality	53.26
ENSBTAG00000037964	H2AW	ruminant reticulum	present	gold quality	48.99
ENSBTAG00000037964	H2AW	ruminant reticulum	present	gold quality	48.93
ENSBTAG00000037964	H2AW	omasum	present	gold quality	51.38
ENSBTAG00000037964	H2AW	omasum	present	gold quality	51.4
ENSBTAG00000037964	H2AW	rumen	present	gold quality	49.9
ENSBTAG00000037964	H2AW	rumen	present	gold quality	57.28
ENSBTAG00000037964	H2AW	rumen	present	gold quality	53.72
ENSBTAG00000037964	H2AW	pigment epithelium of eye	present	gold quality	40.47
ENSBTAG00000037964	H2AW	pigment epithelium of eye	present	gold quality	40.39
ENSBTAG00000037964	H2AW	rumen epithelium	present	gold quality	52.91
ENSBTAG00000037964	H2AW	rumen epithelium	present	gold quality	45.8
ENSBTAG00000037964	H2AW	rumen epithelium	present	gold quality	47.91
ENSBTAG00000037964	H2AW	spiral colon	present	gold quality	63.42
ENSBTAG00000037964	H2AW	omental fat pad	present	gold quality	47.23
ENSBTAG00000037964	H2AW	omental fat pad	present	gold quality	46.23
ENSBTAG00000037964	H2AW	metanephros cortex	present	gold quality	60.41
ENSBTAG00000037964	H2AW	ampulla of uterine tube	present	gold quality	44.87
ENSBTAG00000037964	H2AW	ampulla of uterine tube	present	gold quality	45.19
ENSBTAG00000037964	H2AW	retropharyngeal lymph node	present	gold quality	57.96
ENSBTAG00000037964	H2AW	temporal cortex	present	gold quality	43.96
ENSBTAG00000037964	H2AW	temporal cortex	present	gold quality	44.23
ENSBTAG00000037964	H2AW	isthmus of fallopian tube	present	gold quality	55.36
ENSBTAG00000037964	H2AW	isthmus of fallopian tube	present	gold quality	55.41
ENSBTAG00000037964	H2AW	intramuscular adipose tissue	present	gold quality	49.79
ENSBTAG00000037964	H2AW	intramuscular adipose tissue	present	gold quality	50.7
ENSBTAG00000037964	H2AW	scapular muscle	present	gold quality	54.28
ENSBTAG00000038476	H2AC18	spermatocyte	present	gold quality	47.62
ENSBTAG00000038476	H2AC18	spermatid	present	gold quality	48.77
ENSBTAG00000038476	H2AC18	oocyte	present	gold quality	99.2
ENSBTAG00000038476	H2AC18	granulosa cell	present	gold quality	81.28
ENSBTAG00000038476	H2AC18	theca cell	present	gold quality	77.26
ENSBTAG00000038476	H2AC18	monocyte	present	gold quality	78.16
ENSBTAG00000038476	H2AC18	cumulus cell	present	gold quality	88.13
ENSBTAG00000038476	H2AC18	leukocyte	present	gold quality	96.54
ENSBTAG00000038476	H2AC18	leukocyte	present	gold quality	86.01
ENSBTAG00000038476	H2AC18	leukocyte	present	gold quality	95.35
ENSBTAG00000038476	H2AC18	leukocyte	present	gold quality	85.01
ENSBTAG00000038476	H2AC18	leukocyte	present	gold quality	80.29
ENSBTAG00000038476	H2AC18	leukocyte	present	gold quality	74.42
ENSBTAG00000038476	H2AC18	leukocyte	present	gold quality	84.47
ENSBTAG00000038476	H2AC18	leukocyte	present	gold quality	85.95
ENSBTAG00000038476	H2AC18	leukocyte	present	gold quality	95.92
ENSBTAG00000038476	H2AC18	leukocyte	present	gold quality	96.13
ENSBTAG00000038476	H2AC18	leukocyte	present	gold quality	86.02
ENSBTAG00000038476	H2AC18	neutrophil	present	gold quality	94.82
ENSBTAG00000038476	H2AC18	uterine cervix	present	gold quality	88.46
ENSBTAG00000038476	H2AC18	uterine cervix	present	gold quality	88.45
ENSBTAG00000038476	H2AC18	pituitary gland	present	gold quality	93.65
ENSBTAG00000038476	H2AC18	pituitary gland	present	gold quality	96.24
ENSBTAG00000038476	H2AC18	pituitary gland	present	gold quality	93.19
ENSBTAG00000038476	H2AC18	pituitary gland	present	gold quality	99.09
ENSBTAG00000038476	H2AC18	pituitary gland	present	gold quality	99.14
ENSBTAG00000038476	H2AC18	pituitary gland	present	gold quality	99.02
ENSBTAG00000038476	H2AC18	zone of skin	present	gold quality	90.03
ENSBTAG00000038476	H2AC18	zone of skin	present	gold quality	88.34
ENSBTAG00000038476	H2AC18	zone of skin	present	gold quality	81.96
ENSBTAG00000038476	H2AC18	lymph node	present	gold quality	89.64
ENSBTAG00000038476	H2AC18	lymph node	present	gold quality	88.95
ENSBTAG00000038476	H2AC18	fornix of vagina	present	gold quality	71.86
ENSBTAG00000038476	H2AC18	fornix of vagina	present	gold quality	71.85
ENSBTAG00000038476	H2AC18	ureter	present	gold quality	84.05
ENSBTAG00000038476	H2AC18	ureter	present	gold quality	83.97
ENSBTAG00000038476	H2AC18	urethra	present	gold quality	93.29
ENSBTAG00000038476	H2AC18	urethra	present	gold quality	93.31
ENSBTAG00000038476	H2AC18	adult mammalian kidney	present	gold quality	93.31
ENSBTAG00000038476	H2AC18	adult mammalian kidney	present	gold quality	93.25
ENSBTAG00000038476	H2AC18	adult mammalian kidney	present	gold quality	94.64
ENSBTAG00000038476	H2AC18	adult mammalian kidney	present	gold quality	95.89
ENSBTAG00000038476	H2AC18	blood	present	gold quality	94.66
ENSBTAG00000038476	H2AC18	blood	present	gold quality	95.23
ENSBTAG00000038476	H2AC18	blood	present	gold quality	94.49
ENSBTAG00000038476	H2AC18	blood	present	gold quality	87.59
ENSBTAG00000038476	H2AC18	renal medulla	present	gold quality	93.54
ENSBTAG00000038476	H2AC18	renal medulla	present	gold quality	95.86
ENSBTAG00000038476	H2AC18	tongue muscle	present	gold quality	92.13
ENSBTAG00000038476	H2AC18	tongue muscle	present	gold quality	92.0
ENSBTAG00000038476	H2AC18	longissimus muscle	present	gold quality	99.74
ENSBTAG00000038476	H2AC18	longissimus muscle	present	gold quality	97.79
ENSBTAG00000038476	H2AC18	longissimus muscle	present	gold quality	83.16
ENSBTAG00000038476	H2AC18	prefrontal cortex	present	gold quality	62.9
ENSBTAG00000038476	H2AC18	multicellular organism	present	gold quality	86.97
ENSBTAG00000038476	H2AC18	testis	present	gold quality	73.68
ENSBTAG00000038476	H2AC18	testis	present	gold quality	78.69
ENSBTAG00000038476	H2AC18	testis	present	gold quality	90.35
ENSBTAG00000038476	H2AC18	testis	present	gold quality	52.06
ENSBTAG00000038476	H2AC18	testis	present	gold quality	48.79
ENSBTAG00000038476	H2AC18	testis	present	gold quality	63.37
ENSBTAG00000038476	H2AC18	ileocecal valve	present	gold quality	94.04
ENSBTAG00000038476	H2AC18	aorta	present	gold quality	83.07
ENSBTAG00000038476	H2AC18	aorta	present	gold quality	83.13
ENSBTAG00000038476	H2AC18	heart	present	gold quality	82.7
ENSBTAG00000038476	H2AC18	heart	present	gold quality	82.97
ENSBTAG00000038476	H2AC18	heart	present	gold quality	82.9
ENSBTAG00000038476	H2AC18	heart	present	gold quality	85.95
ENSBTAG00000038476	H2AC18	brain	present	gold quality	83.14
ENSBTAG00000038476	H2AC18	cerebral cortex	present	gold quality	79.52
ENSBTAG00000038476	H2AC18	cerebral cortex	present	gold quality	78.0
ENSBTAG00000038476	H2AC18	retina	present	gold quality	93.06
ENSBTAG00000038476	H2AC18	pons	present	gold quality	86.2
ENSBTAG00000038476	H2AC18	pons	present	gold quality	88.9
ENSBTAG00000038476	H2AC18	ovary	present	gold quality	85.68
ENSBTAG00000038476	H2AC18	ovary	present	gold quality	83.82
ENSBTAG00000038476	H2AC18	ovary	present	gold quality	82.19
ENSBTAG00000038476	H2AC18	ovary	present	gold quality	78.55
ENSBTAG00000038476	H2AC18	uterus	present	gold quality	77.72
ENSBTAG00000038476	H2AC18	uterus	present	gold quality	79.31
ENSBTAG00000038476	H2AC18	uterus	present	gold quality	89.84
ENSBTAG00000038476	H2AC18	vas deferens	present	gold quality	89.03
ENSBTAG00000038476	H2AC18	adipose tissue	present	gold quality	89.67
ENSBTAG00000038476	H2AC18	adipose tissue	present	gold quality	82.93
ENSBTAG00000038476	H2AC18	adipose tissue	present	gold quality	81.57
ENSBTAG00000038476	H2AC18	adipose tissue	present	gold quality	85.84
ENSBTAG00000038476	H2AC18	adipose tissue	present	gold quality	88.89
ENSBTAG00000038476	H2AC18	adipose tissue	present	gold quality	88.53
ENSBTAG00000038476	H2AC18	esophagus	present	gold quality	80.39
ENSBTAG00000038476	H2AC18	esophagus	present	gold quality	80.5
ENSBTAG00000038476	H2AC18	saliva-secreting gland	present	gold quality	91.1
ENSBTAG00000038476	H2AC18	saliva-secreting gland	present	gold quality	91.09
ENSBTAG00000038476	H2AC18	diaphragm	present	gold quality	90.03
ENSBTAG00000038476	H2AC18	diaphragm	present	gold quality	90.02
ENSBTAG00000038476	H2AC18	intercostal muscle	present	gold quality	95.15
ENSBTAG00000038476	H2AC18	skeletal muscle tissue	present	gold quality	97.28
ENSBTAG00000038476	H2AC18	skeletal muscle tissue	present	gold quality	92.58
ENSBTAG00000038476	H2AC18	skeletal muscle tissue	present	gold quality	87.76
ENSBTAG00000038476	H2AC18	skeletal muscle tissue	present	gold quality	97.2
ENSBTAG00000038476	H2AC18	caecum	present	gold quality	85.67
ENSBTAG00000038476	H2AC18	caecum	present	gold quality	98.15
ENSBTAG00000038476	H2AC18	caecum	present	gold quality	85.6
ENSBTAG00000038476	H2AC18	colon	present	gold quality	71.74
ENSBTAG00000038476	H2AC18	ascending colon	present	gold quality	63.02
ENSBTAG00000038476	H2AC18	ascending colon	present	gold quality	63.27
ENSBTAG00000038476	H2AC18	descending colon	present	gold quality	76.75
ENSBTAG00000038476	H2AC18	descending colon	present	gold quality	98.58
ENSBTAG00000038476	H2AC18	descending colon	present	gold quality	76.76
ENSBTAG00000038476	H2AC18	cortex of kidney	present	gold quality	94.06
ENSBTAG00000038476	H2AC18	urinary bladder	present	gold quality	91.09
ENSBTAG00000038476	H2AC18	urinary bladder	present	gold quality	91.21
ENSBTAG00000038476	H2AC18	endometrium	present	gold quality	91.71
ENSBTAG00000038476	H2AC18	endometrium	present	gold quality	77.34
ENSBTAG00000038476	H2AC18	endometrium	present	gold quality	90.27
ENSBTAG00000038476	H2AC18	endometrium	present	gold quality	81.9
ENSBTAG00000038476	H2AC18	endometrium	present	gold quality	81.66
ENSBTAG00000038476	H2AC18	endometrium	present	gold quality	92.02
ENSBTAG00000038476	H2AC18	myometrium	present	gold quality	81.57
ENSBTAG00000038476	H2AC18	myometrium	present	gold quality	81.85
ENSBTAG00000038476	H2AC18	gluteus medius	present	gold quality	91.57
ENSBTAG00000038476	H2AC18	gluteus medius	present	gold quality	91.61
ENSBTAG00000038476	H2AC18	biceps femoris	present	gold quality	93.08
ENSBTAG00000038476	H2AC18	biceps femoris	present	gold quality	93.13
ENSBTAG00000038476	H2AC18	semitendinosus	present	gold quality	88.58
ENSBTAG00000038476	H2AC18	semitendinosus	present	gold quality	94.37
ENSBTAG00000038476	H2AC18	semitendinosus	present	gold quality	89.06
ENSBTAG00000038476	H2AC18	rectus femoris	present	gold quality	94.08
ENSBTAG00000038476	H2AC18	rectus femoris	present	gold quality	94.13
ENSBTAG00000038476	H2AC18	semimembranosus muscle	present	gold quality	91.2
ENSBTAG00000038476	H2AC18	semimembranosus muscle	present	gold quality	90.96
ENSBTAG00000038476	H2AC18	semimembranosus muscle	present	gold quality	93.47
ENSBTAG00000038476	H2AC18	longissimus thoracis muscle	present	gold quality	93.64
ENSBTAG00000038476	H2AC18	longissimus thoracis muscle	present	gold quality	91.33
ENSBTAG00000038476	H2AC18	longissimus thoracis muscle	present	gold quality	91.33
ENSBTAG00000038476	H2AC18	longissimus thoracis muscle	present	gold quality	89.35
ENSBTAG00000038476	H2AC18	longissimus thoracis muscle	present	gold quality	94.71
ENSBTAG00000038476	H2AC18	longissimus thoracis muscle	present	gold quality	88.59
ENSBTAG00000038476	H2AC18	longissimus thoracis muscle	present	gold quality	95.3
ENSBTAG00000038476	H2AC18	longissimus thoracis muscle	present	gold quality	66.26
ENSBTAG00000038476	H2AC18	longissimus thoracis muscle	present	gold quality	92.48
ENSBTAG00000038476	H2AC18	longissimus thoracis muscle	present	gold quality	77.6
ENSBTAG00000038476	H2AC18	infraspinatus muscle	present	gold quality	92.75
ENSBTAG00000038476	H2AC18	infraspinatus muscle	present	gold quality	92.45
ENSBTAG00000038476	H2AC18	triceps brachii	present	gold quality	96.01
ENSBTAG00000038476	H2AC18	triceps brachii	present	gold quality	95.99
ENSBTAG00000038476	H2AC18	tongue	present	gold quality	86.34
ENSBTAG00000038476	H2AC18	tongue	present	gold quality	86.28
ENSBTAG00000038476	H2AC18	tongue	present	gold quality	85.39
ENSBTAG00000038476	H2AC18	nasopharynx	present	gold quality	93.09
ENSBTAG00000038476	H2AC18	pharyngeal tonsil	present	gold quality	93.59
ENSBTAG00000038476	H2AC18	laryngeal cartilage	present	gold quality	94.75
ENSBTAG00000038476	H2AC18	laryngeal cartilage	present	gold quality	94.75
ENSBTAG00000038476	H2AC18	anterior segment of eyeball	present	gold quality	89.5
ENSBTAG00000038476	H2AC18	nasal cavity mucosa	present	gold quality	94.28
ENSBTAG00000038476	H2AC18	nasal cavity mucosa	present	gold quality	94.26
ENSBTAG00000038476	H2AC18	frontal cortex	present	gold quality	75.27
ENSBTAG00000038476	H2AC18	frontal cortex	present	gold quality	74.34
ENSBTAG00000038476	H2AC18	frontal cortex	present	gold quality	76.92
ENSBTAG00000038476	H2AC18	choroid plexus	present	gold quality	91.9
ENSBTAG00000038476	H2AC18	midbrain	present	gold quality	74.6
ENSBTAG00000038476	H2AC18	hypothalamus	present	gold quality	47.38
ENSBTAG00000038476	H2AC18	hypothalamus	present	gold quality	61.87
ENSBTAG00000038476	H2AC18	hypothalamus	present	gold quality	55.54
ENSBTAG00000038476	H2AC18	mammary gland	present	gold quality	75.93
ENSBTAG00000038476	H2AC18	mammary gland	present	gold quality	82.09
ENSBTAG00000038476	H2AC18	mammary gland	present	gold quality	76.59
ENSBTAG00000038476	H2AC18	mammary gland	present	gold quality	28.03
ENSBTAG00000038476	H2AC18	milk	present	gold quality	90.42
ENSBTAG00000038476	H2AC18	milk	present	gold quality	87.91
ENSBTAG00000038476	H2AC18	Ammon's horn	present	gold quality	72.06
ENSBTAG00000038476	H2AC18	placenta	present	gold quality	82.24
ENSBTAG00000038476	H2AC18	placenta	present	gold quality	95.95
ENSBTAG00000038476	H2AC18	gluteal muscle	present	gold quality	93.58
ENSBTAG00000038476	H2AC18	occipital lobe	present	gold quality	72.85
ENSBTAG00000038476	H2AC18	cerebellum	present	gold quality	81.67
ENSBTAG00000038476	H2AC18	cerebellum	present	gold quality	81.97
ENSBTAG00000038476	H2AC18	cerebellum	present	gold quality	75.11
ENSBTAG00000038476	H2AC18	thyroid gland	present	gold quality	87.43
ENSBTAG00000038476	H2AC18	thyroid gland	present	gold quality	90.0
ENSBTAG00000038476	H2AC18	lung	present	gold quality	80.23
ENSBTAG00000038476	H2AC18	lung	present	gold quality	87.81
ENSBTAG00000038476	H2AC18	lung	present	gold quality	87.3
ENSBTAG00000038476	H2AC18	lung	present	gold quality	81.45
ENSBTAG00000038476	H2AC18	lung	present	gold quality	79.9
ENSBTAG00000038476	H2AC18	lung	present	gold quality	89.16
ENSBTAG00000038476	H2AC18	lung	present	gold quality	87.99
ENSBTAG00000038476	H2AC18	cardiac atrium	present	gold quality	70.85
ENSBTAG00000038476	H2AC18	cardiac atrium	present	gold quality	70.66
ENSBTAG00000038476	H2AC18	cardiac ventricle	present	gold quality	84.77
ENSBTAG00000038476	H2AC18	spleen	present	gold quality	84.02
ENSBTAG00000038476	H2AC18	spleen	present	gold quality	85.52
ENSBTAG00000038476	H2AC18	spleen	present	gold quality	83.52
ENSBTAG00000038476	H2AC18	spleen	present	gold quality	89.28
ENSBTAG00000038476	H2AC18	spleen	present	gold quality	91.2
ENSBTAG00000038476	H2AC18	liver	present	gold quality	84.18
ENSBTAG00000038476	H2AC18	liver	present	gold quality	92.01
ENSBTAG00000038476	H2AC18	liver	present	gold quality	92.58
ENSBTAG00000038476	H2AC18	liver	present	gold quality	89.99
ENSBTAG00000038476	H2AC18	liver	present	gold quality	90.67
ENSBTAG00000038476	H2AC18	liver	present	gold quality	90.2
ENSBTAG00000038476	H2AC18	liver	present	gold quality	90.26
ENSBTAG00000038476	H2AC18	liver	present	gold quality	82.28
ENSBTAG00000038476	H2AC18	liver	present	gold quality	84.37
ENSBTAG00000038476	H2AC18	liver	present	gold quality	77.28
ENSBTAG00000038476	H2AC18	liver	present	gold quality	91.61
ENSBTAG00000038476	H2AC18	liver	present	gold quality	64.17
ENSBTAG00000038476	H2AC18	liver	present	gold quality	72.83
ENSBTAG00000038476	H2AC18	liver	present	gold quality	93.63
ENSBTAG00000038476	H2AC18	liver	present	gold quality	92.02
ENSBTAG00000038476	H2AC18	liver	present	gold quality	93.87
ENSBTAG00000038476	H2AC18	gall bladder	present	gold quality	90.89
ENSBTAG00000038476	H2AC18	gall bladder	present	gold quality	91.48
ENSBTAG00000038476	H2AC18	kidney	present	gold quality	95.85
ENSBTAG00000038476	H2AC18	duodenum	present	gold quality	86.82
ENSBTAG00000038476	H2AC18	duodenum	present	gold quality	91.88
ENSBTAG00000038476	H2AC18	duodenum	present	gold quality	89.56
ENSBTAG00000038476	H2AC18	duodenum	present	gold quality	86.93
ENSBTAG00000038476	H2AC18	jejunum	present	gold quality	87.34
ENSBTAG00000038476	H2AC18	jejunum	present	gold quality	96.89
ENSBTAG00000038476	H2AC18	jejunum	present	gold quality	96.16
ENSBTAG00000038476	H2AC18	jejunum	present	gold quality	83.5
ENSBTAG00000038476	H2AC18	ileum	present	gold quality	83.89
ENSBTAG00000038476	H2AC18	ileum	present	gold quality	80.87
ENSBTAG00000038476	H2AC18	ileum	present	gold quality	99.69
ENSBTAG00000038476	H2AC18	ileum	present	gold quality	98.69
ENSBTAG00000038476	H2AC18	ileum	present	gold quality	82.27
ENSBTAG00000038476	H2AC18	subcutaneous adipose tissue	present	gold quality	95.26
ENSBTAG00000038476	H2AC18	subcutaneous adipose tissue	present	gold quality	89.07
ENSBTAG00000038476	H2AC18	subcutaneous adipose tissue	present	gold quality	82.94
ENSBTAG00000038476	H2AC18	subcutaneous adipose tissue	present	gold quality	83.96
ENSBTAG00000038476	H2AC18	subcutaneous adipose tissue	present	gold quality	89.05
ENSBTAG00000038476	H2AC18	subcutaneous adipose tissue	present	gold quality	80.15
ENSBTAG00000038476	H2AC18	subcutaneous adipose tissue	present	gold quality	83.65
ENSBTAG00000038476	H2AC18	subcutaneous adipose tissue	present	gold quality	85.47
ENSBTAG00000038476	H2AC18	subcutaneous adipose tissue	present	gold quality	82.85
ENSBTAG00000038476	H2AC18	subcutaneous adipose tissue	present	gold quality	76.85
ENSBTAG00000038476	H2AC18	subcutaneous adipose tissue	present	gold quality	86.66
ENSBTAG00000038476	H2AC18	adenohypophysis	present	gold quality	93.06
ENSBTAG00000038476	H2AC18	adenohypophysis	present	gold quality	93.11
ENSBTAG00000038476	H2AC18	neurohypophysis	present	gold quality	91.0
ENSBTAG00000038476	H2AC18	neurohypophysis	present	gold quality	90.86
ENSBTAG00000038476	H2AC18	uterine horn	present	gold quality	71.92
ENSBTAG00000038476	H2AC18	prostate gland	present	gold quality	63.9
ENSBTAG00000038476	H2AC18	adrenal gland	present	gold quality	93.07
ENSBTAG00000038476	H2AC18	adrenal gland	present	gold quality	93.26
ENSBTAG00000038476	H2AC18	adrenal gland	present	gold quality	94.54
ENSBTAG00000038476	H2AC18	thymus	present	gold quality	92.93
ENSBTAG00000038476	H2AC18	bone marrow	present	gold quality	86.47
ENSBTAG00000038476	H2AC18	bone marrow	present	gold quality	86.6
ENSBTAG00000038476	H2AC18	supraspinatus muscle	present	gold quality	92.47
ENSBTAG00000038476	H2AC18	supraspinatus muscle	present	gold quality	92.48
ENSBTAG00000038476	H2AC18	muscle tissue	present	gold quality	86.89
ENSBTAG00000038476	H2AC18	muscle tissue	present	gold quality	89.85
ENSBTAG00000038476	H2AC18	muscle tissue	present	gold quality	73.83
ENSBTAG00000038476	H2AC18	muscle tissue	present	gold quality	79.8
ENSBTAG00000038476	H2AC18	muscle tissue	present	gold quality	93.24
ENSBTAG00000038476	H2AC18	muscle tissue	present	gold quality	95.76
ENSBTAG00000038476	H2AC18	muscle tissue	present	gold quality	93.39
ENSBTAG00000038476	H2AC18	abdominal lymph node	present	gold quality	87.68
ENSBTAG00000038476	H2AC18	mesenteric lymph node	present	gold quality	83.24
ENSBTAG00000038476	H2AC18	mesenteric lymph node	present	gold quality	83.25
ENSBTAG00000038476	H2AC18	corpus luteum	present	gold quality	95.0
ENSBTAG00000038476	H2AC18	corpus luteum	present	gold quality	95.09
ENSBTAG00000038476	H2AC18	trachea	present	gold quality	83.42
ENSBTAG00000038476	H2AC18	trachea	present	gold quality	83.45
ENSBTAG00000038476	H2AC18	floor plate of diencephalon	present	gold quality	74.25
ENSBTAG00000038476	H2AC18	uterine tube infundibulum	present	gold quality	92.23
ENSBTAG00000038476	H2AC18	uterine tube infundibulum	present	gold quality	92.63
ENSBTAG00000038476	H2AC18	mammary gland fat	present	gold quality	83.14
ENSBTAG00000038476	H2AC18	caput epididymis	present	gold quality	84.41
ENSBTAG00000038476	H2AC18	corpus epididymis	present	gold quality	93.95
ENSBTAG00000038476	H2AC18	dorsal thalamus	present	gold quality	79.26
ENSBTAG00000038476	H2AC18	conceptus	present	gold quality	98.5
ENSBTAG00000038476	H2AC18	oviduct epithelium	present	gold quality	84.66
ENSBTAG00000038476	H2AC18	olfactory segment of nasal mucosa	present	gold quality	91.86
ENSBTAG00000038476	H2AC18	olfactory segment of nasal mucosa	present	gold quality	90.6
ENSBTAG00000038476	H2AC18	digestive system secreted substance	present	gold quality	77.1
ENSBTAG00000038476	H2AC18	abomasum	present	gold quality	89.99
ENSBTAG00000038476	H2AC18	abomasum	present	gold quality	90.68
ENSBTAG00000038476	H2AC18	abomasum	present	gold quality	89.81
ENSBTAG00000038476	H2AC18	ruminant reticulum	present	gold quality	76.76
ENSBTAG00000038476	H2AC18	ruminant reticulum	present	gold quality	76.89
ENSBTAG00000038476	H2AC18	omasum	present	gold quality	78.71
ENSBTAG00000038476	H2AC18	omasum	present	gold quality	78.37
ENSBTAG00000038476	H2AC18	rumen	present	gold quality	79.26
ENSBTAG00000038476	H2AC18	rumen	present	gold quality	98.7
ENSBTAG00000038476	H2AC18	rumen	present	gold quality	85.77
ENSBTAG00000038476	H2AC18	rumen	present	gold quality	96.7
ENSBTAG00000038476	H2AC18	rumen	present	gold quality	73.58
ENSBTAG00000038476	H2AC18	surface of tongue	present	gold quality	89.28
ENSBTAG00000038476	H2AC18	surface of tongue	present	gold quality	89.22
ENSBTAG00000038476	H2AC18	pigment epithelium of eye	present	gold quality	74.46
ENSBTAG00000038476	H2AC18	pigment epithelium of eye	present	gold quality	74.69
ENSBTAG00000038476	H2AC18	rumen epithelium	present	gold quality	96.4
ENSBTAG00000038476	H2AC18	rumen epithelium	present	gold quality	91.81
ENSBTAG00000038476	H2AC18	rumen epithelium	present	gold quality	86.14
ENSBTAG00000038476	H2AC18	rumen papilla	present	gold quality	70.53
ENSBTAG00000038476	H2AC18	rumen papilla	present	gold quality	68.61
ENSBTAG00000038476	H2AC18	rumen papilla	present	gold quality	70.85
ENSBTAG00000038476	H2AC18	spiral colon	present	gold quality	98.44
ENSBTAG00000038476	H2AC18	omental fat pad	present	gold quality	77.21
ENSBTAG00000038476	H2AC18	omental fat pad	present	gold quality	77.54
ENSBTAG00000038476	H2AC18	metanephros cortex	present	gold quality	93.82
ENSBTAG00000038476	H2AC18	ampulla of uterine tube	present	gold quality	85.82
ENSBTAG00000038476	H2AC18	ampulla of uterine tube	present	gold quality	90.89
ENSBTAG00000038476	H2AC18	retropharyngeal lymph node	present	gold quality	93.43
ENSBTAG00000038476	H2AC18	temporal cortex	present	gold quality	81.59
ENSBTAG00000038476	H2AC18	temporal cortex	present	gold quality	80.81
ENSBTAG00000038476	H2AC18	isthmus of fallopian tube	present	gold quality	93.4
ENSBTAG00000038476	H2AC18	isthmus of fallopian tube	present	gold quality	93.34
ENSBTAG00000038476	H2AC18	intramuscular adipose tissue	present	gold quality	86.75
ENSBTAG00000038476	H2AC18	intramuscular adipose tissue	present	gold quality	88.05
ENSBTAG00000038476	H2AC18	scapular muscle	present	gold quality	94.29
ENSBTAG00000038476	H2AC18	parenchyma of mammary gland	present	gold quality	65.87
ENSBTAG00000039657	H2AC6	spermatocyte	present	gold quality	44.57
ENSBTAG00000039657	H2AC6	spermatid	present	gold quality	44.2
ENSBTAG00000039657	H2AC6	oocyte	present	gold quality	91.5
ENSBTAG00000039657	H2AC6	granulosa cell	present	gold quality	71.2
ENSBTAG00000039657	H2AC6	theca cell	present	gold quality	73.99
ENSBTAG00000039657	H2AC6	monocyte	present	gold quality	69.84
ENSBTAG00000039657	H2AC6	cumulus cell	present	gold quality	69.07
ENSBTAG00000039657	H2AC6	leukocyte	present	gold quality	89.98
ENSBTAG00000039657	H2AC6	leukocyte	present	gold quality	67.82
ENSBTAG00000039657	H2AC6	leukocyte	present	gold quality	92.81
ENSBTAG00000039657	H2AC6	leukocyte	present	gold quality	66.99
ENSBTAG00000039657	H2AC6	leukocyte	present	gold quality	71.64
ENSBTAG00000039657	H2AC6	leukocyte	present	gold quality	78.51
ENSBTAG00000039657	H2AC6	leukocyte	present	gold quality	67.3
ENSBTAG00000039657	H2AC6	leukocyte	present	gold quality	67.7
ENSBTAG00000039657	H2AC6	leukocyte	present	gold quality	84.12
ENSBTAG00000039657	H2AC6	leukocyte	present	gold quality	81.43
ENSBTAG00000039657	H2AC6	leukocyte	present	gold quality	66.26
ENSBTAG00000039657	H2AC6	neutrophil	present	gold quality	96.55
ENSBTAG00000039657	H2AC6	uterine cervix	present	gold quality	78.63
ENSBTAG00000039657	H2AC6	uterine cervix	present	gold quality	78.76
ENSBTAG00000039657	H2AC6	pituitary gland	present	gold quality	87.27
ENSBTAG00000039657	H2AC6	pituitary gland	present	gold quality	94.26
ENSBTAG00000039657	H2AC6	pituitary gland	present	gold quality	92.59
ENSBTAG00000039657	H2AC6	pituitary gland	present	gold quality	91.11
ENSBTAG00000039657	H2AC6	pituitary gland	present	gold quality	92.93
ENSBTAG00000039657	H2AC6	pituitary gland	present	gold quality	93.97
ENSBTAG00000039657	H2AC6	zone of skin	present	gold quality	53.98
ENSBTAG00000039657	H2AC6	zone of skin	present	gold quality	47.35
ENSBTAG00000039657	H2AC6	zone of skin	present	gold quality	49.63
ENSBTAG00000039657	H2AC6	lymph node	present	gold quality	80.04
ENSBTAG00000039657	H2AC6	lymph node	present	gold quality	77.86
ENSBTAG00000039657	H2AC6	fornix of vagina	present	gold quality	79.91
ENSBTAG00000039657	H2AC6	fornix of vagina	present	gold quality	79.92
ENSBTAG00000039657	H2AC6	ureter	present	gold quality	66.98
ENSBTAG00000039657	H2AC6	ureter	present	gold quality	67.12
ENSBTAG00000039657	H2AC6	urethra	present	gold quality	76.12
ENSBTAG00000039657	H2AC6	urethra	present	gold quality	76.03
ENSBTAG00000039657	H2AC6	adult mammalian kidney	present	gold quality	67.24
ENSBTAG00000039657	H2AC6	adult mammalian kidney	present	gold quality	66.86
ENSBTAG00000039657	H2AC6	adult mammalian kidney	present	gold quality	57.92
ENSBTAG00000039657	H2AC6	adult mammalian kidney	present	gold quality	77.69
ENSBTAG00000039657	H2AC6	blood	present	gold quality	70.28
ENSBTAG00000039657	H2AC6	blood	present	gold quality	72.28
ENSBTAG00000039657	H2AC6	blood	present	gold quality	67.04
ENSBTAG00000039657	H2AC6	blood	present	gold quality	80.3
ENSBTAG00000039657	H2AC6	renal medulla	present	gold quality	72.13
ENSBTAG00000039657	H2AC6	renal medulla	present	gold quality	70.9
ENSBTAG00000039657	H2AC6	tongue muscle	present	gold quality	65.0
ENSBTAG00000039657	H2AC6	tongue muscle	present	gold quality	65.0
ENSBTAG00000039657	H2AC6	longissimus muscle	present	gold quality	97.16
ENSBTAG00000039657	H2AC6	longissimus muscle	present	gold quality	93.64
ENSBTAG00000039657	H2AC6	longissimus muscle	present	gold quality	83.63
ENSBTAG00000039657	H2AC6	prefrontal cortex	present	gold quality	41.08
ENSBTAG00000039657	H2AC6	multicellular organism	present	gold quality	69.36
ENSBTAG00000039657	H2AC6	testis	present	gold quality	59.07
ENSBTAG00000039657	H2AC6	testis	present	gold quality	73.92
ENSBTAG00000039657	H2AC6	testis	present	gold quality	54.55
ENSBTAG00000039657	H2AC6	ileocecal valve	present	gold quality	69.85
ENSBTAG00000039657	H2AC6	aorta	present	gold quality	61.49
ENSBTAG00000039657	H2AC6	aorta	present	gold quality	61.56
ENSBTAG00000039657	H2AC6	heart	present	gold quality	71.88
ENSBTAG00000039657	H2AC6	heart	present	gold quality	60.98
ENSBTAG00000039657	H2AC6	heart	present	gold quality	67.03
ENSBTAG00000039657	H2AC6	heart	present	gold quality	63.41
ENSBTAG00000039657	H2AC6	brain	present	gold quality	66.41
ENSBTAG00000039657	H2AC6	cerebral cortex	present	gold quality	56.64
ENSBTAG00000039657	H2AC6	cerebral cortex	present	gold quality	53.33
ENSBTAG00000039657	H2AC6	retina	present	gold quality	77.22
ENSBTAG00000039657	H2AC6	pons	present	gold quality	66.0
ENSBTAG00000039657	H2AC6	pons	present	gold quality	65.28
ENSBTAG00000039657	H2AC6	ovary	present	gold quality	55.5
ENSBTAG00000039657	H2AC6	ovary	present	gold quality	75.79
ENSBTAG00000039657	H2AC6	ovary	present	gold quality	60.16
ENSBTAG00000039657	H2AC6	ovary	present	gold quality	73.45
ENSBTAG00000039657	H2AC6	uterus	present	gold quality	55.17
ENSBTAG00000039657	H2AC6	uterus	present	gold quality	59.83
ENSBTAG00000039657	H2AC6	uterus	present	gold quality	70.08
ENSBTAG00000039657	H2AC6	vas deferens	present	gold quality	63.84
ENSBTAG00000039657	H2AC6	adipose tissue	present	gold quality	61.14
ENSBTAG00000039657	H2AC6	adipose tissue	present	gold quality	74.73
ENSBTAG00000039657	H2AC6	adipose tissue	present	gold quality	64.91
ENSBTAG00000039657	H2AC6	adipose tissue	present	gold quality	85.84
ENSBTAG00000039657	H2AC6	adipose tissue	present	gold quality	71.54
ENSBTAG00000039657	H2AC6	adipose tissue	present	gold quality	61.16
ENSBTAG00000039657	H2AC6	esophagus	present	gold quality	60.62
ENSBTAG00000039657	H2AC6	esophagus	present	gold quality	60.61
ENSBTAG00000039657	H2AC6	saliva-secreting gland	present	gold quality	85.26
ENSBTAG00000039657	H2AC6	saliva-secreting gland	present	gold quality	85.22
ENSBTAG00000039657	H2AC6	diaphragm	present	gold quality	94.01
ENSBTAG00000039657	H2AC6	diaphragm	present	gold quality	93.98
ENSBTAG00000039657	H2AC6	intercostal muscle	present	gold quality	89.21
ENSBTAG00000039657	H2AC6	skeletal muscle tissue	present	gold quality	89.77
ENSBTAG00000039657	H2AC6	skeletal muscle tissue	present	gold quality	76.33
ENSBTAG00000039657	H2AC6	skeletal muscle tissue	present	gold quality	77.46
ENSBTAG00000039657	H2AC6	skeletal muscle tissue	present	gold quality	89.9
ENSBTAG00000039657	H2AC6	caecum	present	gold quality	62.68
ENSBTAG00000039657	H2AC6	caecum	present	gold quality	97.71
ENSBTAG00000039657	H2AC6	caecum	present	gold quality	62.6
ENSBTAG00000039657	H2AC6	colon	present	gold quality	59.51
ENSBTAG00000039657	H2AC6	ascending colon	present	gold quality	60.26
ENSBTAG00000039657	H2AC6	ascending colon	present	gold quality	60.22
ENSBTAG00000039657	H2AC6	descending colon	present	gold quality	57.92
ENSBTAG00000039657	H2AC6	descending colon	present	gold quality	98.0
ENSBTAG00000039657	H2AC6	descending colon	present	gold quality	57.9
ENSBTAG00000039657	H2AC6	cortex of kidney	present	gold quality	68.72
ENSBTAG00000039657	H2AC6	urinary bladder	present	gold quality	83.01
ENSBTAG00000039657	H2AC6	urinary bladder	present	gold quality	82.93
ENSBTAG00000039657	H2AC6	endometrium	present	gold quality	72.54
ENSBTAG00000039657	H2AC6	endometrium	present	gold quality	58.25
ENSBTAG00000039657	H2AC6	endometrium	present	gold quality	78.9
ENSBTAG00000039657	H2AC6	endometrium	present	gold quality	73.52
ENSBTAG00000039657	H2AC6	endometrium	present	gold quality	75.21
ENSBTAG00000039657	H2AC6	endometrium	present	gold quality	73.51
ENSBTAG00000039657	H2AC6	myometrium	present	gold quality	48.01
ENSBTAG00000039657	H2AC6	myometrium	present	gold quality	48.1
ENSBTAG00000039657	H2AC6	gluteus medius	present	gold quality	83.03
ENSBTAG00000039657	H2AC6	gluteus medius	present	gold quality	83.0
ENSBTAG00000039657	H2AC6	biceps femoris	present	gold quality	76.72
ENSBTAG00000039657	H2AC6	biceps femoris	present	gold quality	76.72
ENSBTAG00000039657	H2AC6	semitendinosus	present	gold quality	69.11
ENSBTAG00000039657	H2AC6	semitendinosus	present	gold quality	75.58
ENSBTAG00000039657	H2AC6	semitendinosus	present	gold quality	64.12
ENSBTAG00000039657	H2AC6	rectus femoris	present	gold quality	94.45
ENSBTAG00000039657	H2AC6	rectus femoris	present	gold quality	94.42
ENSBTAG00000039657	H2AC6	semimembranosus muscle	present	gold quality	71.17
ENSBTAG00000039657	H2AC6	semimembranosus muscle	present	gold quality	71.2
ENSBTAG00000039657	H2AC6	semimembranosus muscle	present	gold quality	70.36
ENSBTAG00000039657	H2AC6	longissimus thoracis muscle	present	gold quality	87.43
ENSBTAG00000039657	H2AC6	longissimus thoracis muscle	present	gold quality	67.78
ENSBTAG00000039657	H2AC6	longissimus thoracis muscle	present	gold quality	85.39
ENSBTAG00000039657	H2AC6	longissimus thoracis muscle	present	gold quality	88.14
ENSBTAG00000039657	H2AC6	longissimus thoracis muscle	present	gold quality	85.44
ENSBTAG00000039657	H2AC6	longissimus thoracis muscle	present	gold quality	77.98
ENSBTAG00000039657	H2AC6	longissimus thoracis muscle	present	gold quality	78.94
ENSBTAG00000039657	H2AC6	longissimus thoracis muscle	present	gold quality	59.35
ENSBTAG00000039657	H2AC6	longissimus thoracis muscle	present	gold quality	86.76
ENSBTAG00000039657	H2AC6	longissimus thoracis muscle	present	gold quality	89.62
ENSBTAG00000039657	H2AC6	infraspinatus muscle	present	gold quality	86.78
ENSBTAG00000039657	H2AC6	infraspinatus muscle	present	gold quality	86.8
ENSBTAG00000039657	H2AC6	triceps brachii	present	gold quality	83.91
ENSBTAG00000039657	H2AC6	triceps brachii	present	gold quality	83.95
ENSBTAG00000039657	H2AC6	tongue	present	gold quality	68.13
ENSBTAG00000039657	H2AC6	tongue	present	gold quality	68.13
ENSBTAG00000039657	H2AC6	tongue	present	gold quality	63.25
ENSBTAG00000039657	H2AC6	nasopharynx	present	gold quality	62.69
ENSBTAG00000039657	H2AC6	pharyngeal tonsil	present	gold quality	66.51
ENSBTAG00000039657	H2AC6	laryngeal cartilage	present	gold quality	70.07
ENSBTAG00000039657	H2AC6	laryngeal cartilage	present	gold quality	70.1
ENSBTAG00000039657	H2AC6	anterior segment of eyeball	present	gold quality	70.15
ENSBTAG00000039657	H2AC6	nasal cavity mucosa	present	gold quality	78.0
ENSBTAG00000039657	H2AC6	nasal cavity mucosa	present	gold quality	77.92
ENSBTAG00000039657	H2AC6	frontal cortex	present	gold quality	53.58
ENSBTAG00000039657	H2AC6	frontal cortex	present	gold quality	47.69
ENSBTAG00000039657	H2AC6	frontal cortex	present	gold quality	57.42
ENSBTAG00000039657	H2AC6	choroid plexus	present	gold quality	86.09
ENSBTAG00000039657	H2AC6	midbrain	present	gold quality	46.96
ENSBTAG00000039657	H2AC6	hypothalamus	present	gold quality	43.45
ENSBTAG00000039657	H2AC6	hypothalamus	present	gold quality	44.5
ENSBTAG00000039657	H2AC6	hypothalamus	present	gold quality	40.7
ENSBTAG00000039657	H2AC6	mammary gland	present	gold quality	49.91
ENSBTAG00000039657	H2AC6	mammary gland	present	gold quality	84.46
ENSBTAG00000039657	H2AC6	mammary gland	present	gold quality	50.59
ENSBTAG00000039657	H2AC6	mammary gland	present	gold quality	96.5
ENSBTAG00000039657	H2AC6	milk	present	gold quality	90.75
ENSBTAG00000039657	H2AC6	milk	present	gold quality	88.28
ENSBTAG00000039657	H2AC6	Ammon's horn	present	gold quality	49.12
ENSBTAG00000039657	H2AC6	placenta	present	gold quality	78.78
ENSBTAG00000039657	H2AC6	placenta	present	gold quality	86.53
ENSBTAG00000039657	H2AC6	gluteal muscle	present	gold quality	88.03
ENSBTAG00000039657	H2AC6	occipital lobe	present	gold quality	45.05
ENSBTAG00000039657	H2AC6	cerebellum	present	gold quality	44.26
ENSBTAG00000039657	H2AC6	cerebellum	present	gold quality	44.3
ENSBTAG00000039657	H2AC6	cerebellum	present	gold quality	42.22
ENSBTAG00000039657	H2AC6	thyroid gland	present	gold quality	87.39
ENSBTAG00000039657	H2AC6	thyroid gland	present	gold quality	63.11
ENSBTAG00000039657	H2AC6	lung	present	gold quality	63.09
ENSBTAG00000039657	H2AC6	lung	present	gold quality	61.63
ENSBTAG00000039657	H2AC6	lung	present	gold quality	61.55
ENSBTAG00000039657	H2AC6	lung	present	gold quality	61.52
ENSBTAG00000039657	H2AC6	lung	present	gold quality	66.03
ENSBTAG00000039657	H2AC6	lung	present	gold quality	64.73
ENSBTAG00000039657	H2AC6	lung	present	gold quality	62.18
ENSBTAG00000039657	H2AC6	cardiac atrium	present	gold quality	62.91
ENSBTAG00000039657	H2AC6	cardiac atrium	present	gold quality	62.99
ENSBTAG00000039657	H2AC6	cardiac ventricle	present	gold quality	69.3
ENSBTAG00000039657	H2AC6	spleen	present	gold quality	68.55
ENSBTAG00000039657	H2AC6	spleen	present	gold quality	63.52
ENSBTAG00000039657	H2AC6	spleen	present	gold quality	65.31
ENSBTAG00000039657	H2AC6	spleen	present	gold quality	65.72
ENSBTAG00000039657	H2AC6	spleen	present	gold quality	62.85
ENSBTAG00000039657	H2AC6	liver	present	gold quality	65.69
ENSBTAG00000039657	H2AC6	liver	present	gold quality	58.05
ENSBTAG00000039657	H2AC6	liver	present	gold quality	60.67
ENSBTAG00000039657	H2AC6	liver	present	gold quality	54.22
ENSBTAG00000039657	H2AC6	liver	present	gold quality	60.19
ENSBTAG00000039657	H2AC6	liver	present	gold quality	53.66
ENSBTAG00000039657	H2AC6	liver	present	gold quality	52.81
ENSBTAG00000039657	H2AC6	liver	present	gold quality	50.36
ENSBTAG00000039657	H2AC6	liver	present	gold quality	61.8
ENSBTAG00000039657	H2AC6	liver	present	gold quality	60.16
ENSBTAG00000039657	H2AC6	liver	present	gold quality	67.81
ENSBTAG00000039657	H2AC6	liver	present	gold quality	55.03
ENSBTAG00000039657	H2AC6	liver	present	gold quality	56.7
ENSBTAG00000039657	H2AC6	liver	present	gold quality	56.27
ENSBTAG00000039657	H2AC6	liver	present	gold quality	64.27
ENSBTAG00000039657	H2AC6	liver	present	gold quality	67.18
ENSBTAG00000039657	H2AC6	gall bladder	present	gold quality	85.47
ENSBTAG00000039657	H2AC6	gall bladder	present	gold quality	94.21
ENSBTAG00000039657	H2AC6	kidney	present	gold quality	76.86
ENSBTAG00000039657	H2AC6	duodenum	present	gold quality	61.0
ENSBTAG00000039657	H2AC6	duodenum	present	gold quality	78.4
ENSBTAG00000039657	H2AC6	duodenum	present	gold quality	71.12
ENSBTAG00000039657	H2AC6	duodenum	present	gold quality	60.98
ENSBTAG00000039657	H2AC6	jejunum	present	gold quality	68.71
ENSBTAG00000039657	H2AC6	jejunum	present	gold quality	72.26
ENSBTAG00000039657	H2AC6	jejunum	present	gold quality	63.98
ENSBTAG00000039657	H2AC6	jejunum	present	gold quality	63.6
ENSBTAG00000039657	H2AC6	ileum	present	gold quality	73.53
ENSBTAG00000039657	H2AC6	ileum	present	gold quality	72.31
ENSBTAG00000039657	H2AC6	ileum	present	gold quality	99.11
ENSBTAG00000039657	H2AC6	ileum	present	gold quality	81.08
ENSBTAG00000039657	H2AC6	ileum	present	gold quality	68.34
ENSBTAG00000039657	H2AC6	subcutaneous adipose tissue	present	gold quality	83.46
ENSBTAG00000039657	H2AC6	subcutaneous adipose tissue	present	gold quality	49.0
ENSBTAG00000039657	H2AC6	subcutaneous adipose tissue	present	gold quality	44.83
ENSBTAG00000039657	H2AC6	subcutaneous adipose tissue	present	gold quality	48.04
ENSBTAG00000039657	H2AC6	subcutaneous adipose tissue	present	gold quality	49.09
ENSBTAG00000039657	H2AC6	subcutaneous adipose tissue	present	gold quality	57.17
ENSBTAG00000039657	H2AC6	subcutaneous adipose tissue	present	gold quality	46.81
ENSBTAG00000039657	H2AC6	subcutaneous adipose tissue	present	gold quality	46.56
ENSBTAG00000039657	H2AC6	subcutaneous adipose tissue	present	gold quality	53.26
ENSBTAG00000039657	H2AC6	subcutaneous adipose tissue	present	gold quality	56.31
ENSBTAG00000039657	H2AC6	subcutaneous adipose tissue	present	gold quality	59.18
ENSBTAG00000039657	H2AC6	adenohypophysis	present	gold quality	93.86
ENSBTAG00000039657	H2AC6	adenohypophysis	present	gold quality	93.87
ENSBTAG00000039657	H2AC6	neurohypophysis	present	gold quality	87.56
ENSBTAG00000039657	H2AC6	neurohypophysis	present	gold quality	87.68
ENSBTAG00000039657	H2AC6	uterine horn	present	gold quality	56.99
ENSBTAG00000039657	H2AC6	adrenal gland	present	gold quality	76.25
ENSBTAG00000039657	H2AC6	adrenal gland	present	gold quality	76.51
ENSBTAG00000039657	H2AC6	adrenal gland	present	gold quality	94.6
ENSBTAG00000039657	H2AC6	thymus	present	gold quality	83.07
ENSBTAG00000039657	H2AC6	bone marrow	present	gold quality	76.48
ENSBTAG00000039657	H2AC6	bone marrow	present	gold quality	76.48
ENSBTAG00000039657	H2AC6	supraspinatus muscle	present	gold quality	69.92
ENSBTAG00000039657	H2AC6	supraspinatus muscle	present	gold quality	69.87
ENSBTAG00000039657	H2AC6	muscle tissue	present	gold quality	81.25
ENSBTAG00000039657	H2AC6	muscle tissue	present	gold quality	80.56
ENSBTAG00000039657	H2AC6	muscle tissue	present	gold quality	92.48
ENSBTAG00000039657	H2AC6	muscle tissue	present	gold quality	76.85
ENSBTAG00000039657	H2AC6	muscle tissue	present	gold quality	89.76
ENSBTAG00000039657	H2AC6	muscle tissue	present	gold quality	88.38
ENSBTAG00000039657	H2AC6	muscle tissue	present	gold quality	90.37
ENSBTAG00000039657	H2AC6	abdominal lymph node	present	gold quality	67.03
ENSBTAG00000039657	H2AC6	mesenteric lymph node	present	gold quality	78.84
ENSBTAG00000039657	H2AC6	mesenteric lymph node	present	gold quality	78.81
ENSBTAG00000039657	H2AC6	corpus luteum	present	gold quality	78.15
ENSBTAG00000039657	H2AC6	corpus luteum	present	gold quality	78.15
ENSBTAG00000039657	H2AC6	trachea	present	gold quality	58.89
ENSBTAG00000039657	H2AC6	trachea	present	gold quality	58.84
ENSBTAG00000039657	H2AC6	floor plate of diencephalon	present	gold quality	46.84
ENSBTAG00000039657	H2AC6	uterine tube infundibulum	present	gold quality	55.46
ENSBTAG00000039657	H2AC6	uterine tube infundibulum	present	gold quality	52.78
ENSBTAG00000039657	H2AC6	mammary gland fat	present	gold quality	60.62
ENSBTAG00000039657	H2AC6	caput epididymis	present	gold quality	75.44
ENSBTAG00000039657	H2AC6	corpus epididymis	present	gold quality	69.04
ENSBTAG00000039657	H2AC6	dorsal thalamus	present	gold quality	56.89
ENSBTAG00000039657	H2AC6	conceptus	present	gold quality	97.93
ENSBTAG00000039657	H2AC6	oviduct epithelium	present	gold quality	62.5
ENSBTAG00000039657	H2AC6	olfactory segment of nasal mucosa	present	gold quality	49.65
ENSBTAG00000039657	H2AC6	olfactory segment of nasal mucosa	present	gold quality	56.15
ENSBTAG00000039657	H2AC6	digestive system secreted substance	present	gold quality	59.42
ENSBTAG00000039657	H2AC6	abomasum	present	gold quality	71.16
ENSBTAG00000039657	H2AC6	abomasum	present	gold quality	71.39
ENSBTAG00000039657	H2AC6	abomasum	present	gold quality	71.06
ENSBTAG00000039657	H2AC6	ruminant reticulum	present	gold quality	48.34
ENSBTAG00000039657	H2AC6	ruminant reticulum	present	gold quality	48.28
ENSBTAG00000039657	H2AC6	omasum	present	gold quality	66.11
ENSBTAG00000039657	H2AC6	omasum	present	gold quality	66.3
ENSBTAG00000039657	H2AC6	rumen	present	gold quality	63.68
ENSBTAG00000039657	H2AC6	rumen	present	gold quality	98.0
ENSBTAG00000039657	H2AC6	rumen	present	gold quality	78.36
ENSBTAG00000039657	H2AC6	rumen	present	gold quality	86.65
ENSBTAG00000039657	H2AC6	rumen	present	gold quality	44.77
ENSBTAG00000039657	H2AC6	surface of tongue	present	gold quality	75.67
ENSBTAG00000039657	H2AC6	surface of tongue	present	gold quality	75.67
ENSBTAG00000039657	H2AC6	pigment epithelium of eye	present	gold quality	44.66
ENSBTAG00000039657	H2AC6	pigment epithelium of eye	present	gold quality	44.65
ENSBTAG00000039657	H2AC6	rumen epithelium	present	gold quality	95.39
ENSBTAG00000039657	H2AC6	rumen epithelium	present	gold quality	81.06
ENSBTAG00000039657	H2AC6	rumen epithelium	present	gold quality	75.56
ENSBTAG00000039657	H2AC6	rumen papilla	present	gold quality	78.22
ENSBTAG00000039657	H2AC6	spiral colon	present	gold quality	97.88
ENSBTAG00000039657	H2AC6	omental fat pad	present	gold quality	72.13
ENSBTAG00000039657	H2AC6	omental fat pad	present	gold quality	71.25
ENSBTAG00000039657	H2AC6	metanephros cortex	present	gold quality	68.86
ENSBTAG00000039657	H2AC6	ampulla of uterine tube	present	gold quality	61.99
ENSBTAG00000039657	H2AC6	ampulla of uterine tube	present	gold quality	66.33
ENSBTAG00000039657	H2AC6	retropharyngeal lymph node	present	gold quality	61.95
ENSBTAG00000039657	H2AC6	temporal cortex	present	gold quality	48.56
ENSBTAG00000039657	H2AC6	temporal cortex	present	gold quality	48.61
ENSBTAG00000039657	H2AC6	isthmus of fallopian tube	present	gold quality	67.8
ENSBTAG00000039657	H2AC6	isthmus of fallopian tube	present	gold quality	67.84
ENSBTAG00000039657	H2AC6	intramuscular adipose tissue	present	gold quality	75.1
ENSBTAG00000039657	H2AC6	intramuscular adipose tissue	present	gold quality	75.25
ENSBTAG00000039657	H2AC6	scapular muscle	present	gold quality	82.63
ENSBTAG00000040098	H2AC20	oocyte	present	gold quality	71.93
ENSBTAG00000040098	H2AC20	cumulus cell	present	gold quality	69.39
ENSBTAG00000040098	H2AC20	leukocyte	present	gold quality	73.32
ENSBTAG00000040098	H2AC20	neutrophil	present	gold quality	22.06
ENSBTAG00000040098	H2AC20	lymph node	present	gold quality	43.09
ENSBTAG00000040098	H2AC20	longissimus muscle	present	gold quality	97.56
ENSBTAG00000040098	H2AC20	multicellular organism	present	gold quality	22.44
ENSBTAG00000040098	H2AC20	testis	present	gold quality	45.78
ENSBTAG00000040098	H2AC20	testis	present	gold quality	47.56
ENSBTAG00000040098	H2AC20	testis	present	gold quality	62.58
ENSBTAG00000040098	H2AC20	testis	present	gold quality	39.13
ENSBTAG00000040098	H2AC20	caecum	present	gold quality	23.2
ENSBTAG00000040098	H2AC20	descending colon	present	gold quality	40.61
ENSBTAG00000040098	H2AC20	duodenum	present	gold quality	24.15
ENSBTAG00000040098	H2AC20	jejunum	present	gold quality	20.04
ENSBTAG00000040098	H2AC20	ileum	present	gold quality	18.91
ENSBTAG00000040098	H2AC20	subcutaneous adipose tissue	present	gold quality	69.89
ENSBTAG00000040098	H2AC20	mesenteric lymph node	present	gold quality	47.49
ENSBTAG00000040098	H2AC20	mesenteric lymph node	present	gold quality	47.46
ENSBTAG00000040098	H2AC20	rumen	present	gold quality	22.26
ENSBTAG00000040098	H2AC20	isthmus of fallopian tube	present	gold quality	42.29
ENSBTAG00000040098	H2AC20	isthmus of fallopian tube	present	gold quality	42.19
ENSBTAG00000046003	H2AC19	oocyte	present	gold quality	86.64
ENSBTAG00000046003	H2AC19	granulosa cell	present	gold quality	81.12
ENSBTAG00000046003	H2AC19	theca cell	present	gold quality	77.7
ENSBTAG00000046003	H2AC19	monocyte	present	gold quality	72.44
ENSBTAG00000046003	H2AC19	cumulus cell	present	gold quality	53.15
ENSBTAG00000046003	H2AC19	leukocyte	present	gold quality	38.72
ENSBTAG00000046003	H2AC19	leukocyte	present	gold quality	59.24
ENSBTAG00000046003	H2AC19	leukocyte	present	gold quality	69.72
ENSBTAG00000046003	H2AC19	leukocyte	present	gold quality	81.42
ENSBTAG00000046003	H2AC19	leukocyte	present	gold quality	61.12
ENSBTAG00000046003	H2AC19	leukocyte	present	gold quality	38.86
ENSBTAG00000046003	H2AC19	leukocyte	present	gold quality	53.41
ENSBTAG00000046003	H2AC19	leukocyte	present	gold quality	50.65
ENSBTAG00000046003	H2AC19	leukocyte	present	gold quality	55.42
ENSBTAG00000046003	H2AC19	uterine cervix	present	gold quality	73.02
ENSBTAG00000046003	H2AC19	uterine cervix	present	gold quality	73.2
ENSBTAG00000046003	H2AC19	pituitary gland	present	gold quality	79.06
ENSBTAG00000046003	H2AC19	pituitary gland	present	gold quality	50.72
ENSBTAG00000046003	H2AC19	pituitary gland	present	gold quality	77.69
ENSBTAG00000046003	H2AC19	pituitary gland	present	gold quality	48.47
ENSBTAG00000046003	H2AC19	pituitary gland	present	gold quality	52.95
ENSBTAG00000046003	H2AC19	pituitary gland	present	gold quality	48.75
ENSBTAG00000046003	H2AC19	zone of skin	present	gold quality	25.77
ENSBTAG00000046003	H2AC19	lymph node	present	gold quality	68.09
ENSBTAG00000046003	H2AC19	lymph node	present	gold quality	68.63
ENSBTAG00000046003	H2AC19	fornix of vagina	present	gold quality	89.13
ENSBTAG00000046003	H2AC19	fornix of vagina	present	gold quality	89.12
ENSBTAG00000046003	H2AC19	ureter	present	gold quality	63.11
ENSBTAG00000046003	H2AC19	ureter	present	gold quality	63.36
ENSBTAG00000046003	H2AC19	urethra	present	gold quality	80.86
ENSBTAG00000046003	H2AC19	urethra	present	gold quality	80.75
ENSBTAG00000046003	H2AC19	adult mammalian kidney	present	gold quality	34.74
ENSBTAG00000046003	H2AC19	adult mammalian kidney	present	gold quality	39.49
ENSBTAG00000046003	H2AC19	adult mammalian kidney	present	gold quality	32.69
ENSBTAG00000046003	H2AC19	blood	present	gold quality	37.2
ENSBTAG00000046003	H2AC19	blood	present	gold quality	36.68
ENSBTAG00000046003	H2AC19	renal medulla	present	gold quality	72.24
ENSBTAG00000046003	H2AC19	renal medulla	present	gold quality	84.98
ENSBTAG00000046003	H2AC19	tongue muscle	present	gold quality	81.06
ENSBTAG00000046003	H2AC19	tongue muscle	present	gold quality	81.13
ENSBTAG00000046003	H2AC19	longissimus muscle	present	gold quality	51.29
ENSBTAG00000046003	H2AC19	longissimus muscle	present	gold quality	37.45
ENSBTAG00000046003	H2AC19	longissimus muscle	present	gold quality	72.6
ENSBTAG00000046003	H2AC19	multicellular organism	present	gold quality	67.59
ENSBTAG00000046003	H2AC19	testis	present	gold quality	31.75
ENSBTAG00000046003	H2AC19	testis	present	gold quality	66.36
ENSBTAG00000046003	H2AC19	testis	present	gold quality	39.48
ENSBTAG00000046003	H2AC19	ileocecal valve	present	gold quality	84.54
ENSBTAG00000046003	H2AC19	aorta	present	gold quality	71.2
ENSBTAG00000046003	H2AC19	aorta	present	gold quality	71.45
ENSBTAG00000046003	H2AC19	heart	present	gold quality	68.31
ENSBTAG00000046003	H2AC19	heart	present	gold quality	35.69
ENSBTAG00000046003	H2AC19	heart	present	gold quality	51.56
ENSBTAG00000046003	H2AC19	heart	present	gold quality	42.73
ENSBTAG00000046003	H2AC19	brain	present	gold quality	45.81
ENSBTAG00000046003	H2AC19	cerebral cortex	present	gold quality	60.98
ENSBTAG00000046003	H2AC19	cerebral cortex	present	gold quality	57.32
ENSBTAG00000046003	H2AC19	retina	present	gold quality	91.73
ENSBTAG00000046003	H2AC19	pons	present	gold quality	53.32
ENSBTAG00000046003	H2AC19	pons	present	gold quality	74.57
ENSBTAG00000046003	H2AC19	ovary	present	gold quality	67.89
ENSBTAG00000046003	H2AC19	ovary	present	gold quality	62.94
ENSBTAG00000046003	H2AC19	ovary	present	gold quality	75.34
ENSBTAG00000046003	H2AC19	uterus	present	gold quality	55.87
ENSBTAG00000046003	H2AC19	uterus	present	gold quality	60.61
ENSBTAG00000046003	H2AC19	uterus	present	gold quality	69.98
ENSBTAG00000046003	H2AC19	vas deferens	present	gold quality	72.26
ENSBTAG00000046003	H2AC19	adipose tissue	present	gold quality	74.09
ENSBTAG00000046003	H2AC19	adipose tissue	present	gold quality	29.56
ENSBTAG00000046003	H2AC19	adipose tissue	present	gold quality	58.74
ENSBTAG00000046003	H2AC19	adipose tissue	present	gold quality	70.49
ENSBTAG00000046003	H2AC19	adipose tissue	present	gold quality	72.09
ENSBTAG00000046003	H2AC19	esophagus	present	gold quality	63.39
ENSBTAG00000046003	H2AC19	esophagus	present	gold quality	63.57
ENSBTAG00000046003	H2AC19	saliva-secreting gland	present	gold quality	77.19
ENSBTAG00000046003	H2AC19	saliva-secreting gland	present	gold quality	77.43
ENSBTAG00000046003	H2AC19	diaphragm	present	gold quality	70.58
ENSBTAG00000046003	H2AC19	diaphragm	present	gold quality	70.55
ENSBTAG00000046003	H2AC19	intercostal muscle	present	gold quality	59.55
ENSBTAG00000046003	H2AC19	skeletal muscle tissue	present	gold quality	86.62
ENSBTAG00000046003	H2AC19	skeletal muscle tissue	present	gold quality	26.44
ENSBTAG00000046003	H2AC19	skeletal muscle tissue	present	gold quality	44.32
ENSBTAG00000046003	H2AC19	skeletal muscle tissue	present	gold quality	86.81
ENSBTAG00000046003	H2AC19	caecum	present	gold quality	64.52
ENSBTAG00000046003	H2AC19	caecum	present	gold quality	33.63
ENSBTAG00000046003	H2AC19	caecum	present	gold quality	64.53
ENSBTAG00000046003	H2AC19	colon	present	gold quality	47.31
ENSBTAG00000046003	H2AC19	ascending colon	present	gold quality	69.98
ENSBTAG00000046003	H2AC19	ascending colon	present	gold quality	69.87
ENSBTAG00000046003	H2AC19	descending colon	present	gold quality	57.9
ENSBTAG00000046003	H2AC19	descending colon	present	gold quality	40.1
ENSBTAG00000046003	H2AC19	descending colon	present	gold quality	57.89
ENSBTAG00000046003	H2AC19	cortex of kidney	present	gold quality	84.76
ENSBTAG00000046003	H2AC19	urinary bladder	present	gold quality	65.59
ENSBTAG00000046003	H2AC19	urinary bladder	present	gold quality	65.58
ENSBTAG00000046003	H2AC19	endometrium	present	gold quality	72.04
ENSBTAG00000046003	H2AC19	endometrium	present	gold quality	54.08
ENSBTAG00000046003	H2AC19	endometrium	present	gold quality	34.05
ENSBTAG00000046003	H2AC19	endometrium	present	gold quality	62.98
ENSBTAG00000046003	H2AC19	endometrium	present	gold quality	74.62
ENSBTAG00000046003	H2AC19	myometrium	present	gold quality	55.13
ENSBTAG00000046003	H2AC19	myometrium	present	gold quality	55.31
ENSBTAG00000046003	H2AC19	gluteus medius	present	gold quality	83.06
ENSBTAG00000046003	H2AC19	gluteus medius	present	gold quality	82.99
ENSBTAG00000046003	H2AC19	semitendinosus	present	gold quality	62.36
ENSBTAG00000046003	H2AC19	semitendinosus	present	gold quality	33.72
ENSBTAG00000046003	H2AC19	semitendinosus	present	gold quality	73.58
ENSBTAG00000046003	H2AC19	rectus femoris	present	gold quality	81.73
ENSBTAG00000046003	H2AC19	rectus femoris	present	gold quality	81.72
ENSBTAG00000046003	H2AC19	semimembranosus muscle	present	gold quality	78.19
ENSBTAG00000046003	H2AC19	semimembranosus muscle	present	gold quality	78.35
ENSBTAG00000046003	H2AC19	longissimus thoracis muscle	present	gold quality	58.62
ENSBTAG00000046003	H2AC19	longissimus thoracis muscle	present	gold quality	29.54
ENSBTAG00000046003	H2AC19	longissimus thoracis muscle	present	gold quality	77.57
ENSBTAG00000046003	H2AC19	longissimus thoracis muscle	present	gold quality	77.5
ENSBTAG00000046003	H2AC19	longissimus thoracis muscle	present	gold quality	33.92
ENSBTAG00000046003	H2AC19	longissimus thoracis muscle	present	gold quality	75.77
ENSBTAG00000046003	H2AC19	longissimus thoracis muscle	present	gold quality	85.07
ENSBTAG00000046003	H2AC19	longissimus thoracis muscle	present	gold quality	86.21
ENSBTAG00000046003	H2AC19	longissimus thoracis muscle	present	gold quality	81.14
ENSBTAG00000046003	H2AC19	longissimus thoracis muscle	present	gold quality	87.49
ENSBTAG00000046003	H2AC19	infraspinatus muscle	present	gold quality	88.32
ENSBTAG00000046003	H2AC19	infraspinatus muscle	present	gold quality	88.29
ENSBTAG00000046003	H2AC19	triceps brachii	present	gold quality	77.87
ENSBTAG00000046003	H2AC19	triceps brachii	present	gold quality	77.99
ENSBTAG00000046003	H2AC19	tongue	present	gold quality	71.73
ENSBTAG00000046003	H2AC19	tongue	present	gold quality	71.66
ENSBTAG00000046003	H2AC19	nasopharynx	present	gold quality	35.42
ENSBTAG00000046003	H2AC19	pharyngeal tonsil	present	gold quality	40.3
ENSBTAG00000046003	H2AC19	laryngeal cartilage	present	gold quality	81.51
ENSBTAG00000046003	H2AC19	laryngeal cartilage	present	gold quality	81.81
ENSBTAG00000046003	H2AC19	anterior segment of eyeball	present	gold quality	83.89
ENSBTAG00000046003	H2AC19	nasal cavity mucosa	present	gold quality	87.62
ENSBTAG00000046003	H2AC19	nasal cavity mucosa	present	gold quality	87.63
ENSBTAG00000046003	H2AC19	frontal cortex	present	gold quality	61.76
ENSBTAG00000046003	H2AC19	frontal cortex	present	gold quality	65.19
ENSBTAG00000046003	H2AC19	frontal cortex	present	gold quality	59.22
ENSBTAG00000046003	H2AC19	midbrain	present	gold quality	56.73
ENSBTAG00000046003	H2AC19	hypothalamus	present	gold quality	52.89
ENSBTAG00000046003	H2AC19	hypothalamus	present	gold quality	49.36
ENSBTAG00000046003	H2AC19	hypothalamus	present	gold quality	51.25
ENSBTAG00000046003	H2AC19	mammary gland	present	gold quality	58.55
ENSBTAG00000046003	H2AC19	mammary gland	present	gold quality	43.76
ENSBTAG00000046003	H2AC19	mammary gland	present	gold quality	56.25
ENSBTAG00000046003	H2AC19	mammary gland	present	gold quality	86.11
ENSBTAG00000046003	H2AC19	milk	present	gold quality	53.2
ENSBTAG00000046003	H2AC19	milk	present	gold quality	44.76
ENSBTAG00000046003	H2AC19	Ammon's horn	present	gold quality	62.18
ENSBTAG00000046003	H2AC19	placenta	present	gold quality	57.18
ENSBTAG00000046003	H2AC19	placenta	present	gold quality	47.58
ENSBTAG00000046003	H2AC19	gluteal muscle	present	gold quality	62.44
ENSBTAG00000046003	H2AC19	cerebellum	present	gold quality	50.67
ENSBTAG00000046003	H2AC19	cerebellum	present	gold quality	50.76
ENSBTAG00000046003	H2AC19	thyroid gland	present	gold quality	63.36
ENSBTAG00000046003	H2AC19	lung	present	gold quality	54.51
ENSBTAG00000046003	H2AC19	lung	present	gold quality	33.77
ENSBTAG00000046003	H2AC19	lung	present	gold quality	38.36
ENSBTAG00000046003	H2AC19	lung	present	gold quality	26.56
ENSBTAG00000046003	H2AC19	cardiac atrium	present	gold quality	65.94
ENSBTAG00000046003	H2AC19	cardiac atrium	present	gold quality	65.88
ENSBTAG00000046003	H2AC19	cardiac ventricle	present	gold quality	64.73
ENSBTAG00000046003	H2AC19	spleen	present	gold quality	59.47
ENSBTAG00000046003	H2AC19	spleen	present	gold quality	36.24
ENSBTAG00000046003	H2AC19	spleen	present	gold quality	64.33
ENSBTAG00000046003	H2AC19	spleen	present	gold quality	39.81
ENSBTAG00000046003	H2AC19	liver	present	gold quality	70.96
ENSBTAG00000046003	H2AC19	liver	present	gold quality	30.88
ENSBTAG00000046003	H2AC19	liver	present	gold quality	32.53
ENSBTAG00000046003	H2AC19	liver	present	gold quality	69.26
ENSBTAG00000046003	H2AC19	liver	present	gold quality	71.75
ENSBTAG00000046003	H2AC19	liver	present	gold quality	40.14
ENSBTAG00000046003	H2AC19	liver	present	gold quality	28.18
ENSBTAG00000046003	H2AC19	liver	present	gold quality	48.08
ENSBTAG00000046003	H2AC19	liver	present	gold quality	81.72
ENSBTAG00000046003	H2AC19	liver	present	gold quality	73.32
ENSBTAG00000046003	H2AC19	liver	present	gold quality	64.4
ENSBTAG00000046003	H2AC19	liver	present	gold quality	85.32
ENSBTAG00000046003	H2AC19	liver	present	gold quality	37.5
ENSBTAG00000046003	H2AC19	gall bladder	present	gold quality	66.69
ENSBTAG00000046003	H2AC19	gall bladder	present	gold quality	72.31
ENSBTAG00000046003	H2AC19	kidney	present	gold quality	50.95
ENSBTAG00000046003	H2AC19	duodenum	present	gold quality	66.13
ENSBTAG00000046003	H2AC19	duodenum	present	gold quality	35.5
ENSBTAG00000046003	H2AC19	duodenum	present	gold quality	66.23
ENSBTAG00000046003	H2AC19	jejunum	present	gold quality	63.86
ENSBTAG00000046003	H2AC19	jejunum	present	gold quality	36.87
ENSBTAG00000046003	H2AC19	jejunum	present	gold quality	31.83
ENSBTAG00000046003	H2AC19	jejunum	present	gold quality	73.99
ENSBTAG00000046003	H2AC19	ileum	present	gold quality	61.07
ENSBTAG00000046003	H2AC19	ileum	present	gold quality	76.06
ENSBTAG00000046003	H2AC19	ileum	present	gold quality	46.25
ENSBTAG00000046003	H2AC19	ileum	present	gold quality	43.72
ENSBTAG00000046003	H2AC19	ileum	present	gold quality	60.35
ENSBTAG00000046003	H2AC19	subcutaneous adipose tissue	present	gold quality	75.03
ENSBTAG00000046003	H2AC19	subcutaneous adipose tissue	present	gold quality	75.21
ENSBTAG00000046003	H2AC19	subcutaneous adipose tissue	present	gold quality	27.68
ENSBTAG00000046003	H2AC19	subcutaneous adipose tissue	present	gold quality	44.85
ENSBTAG00000046003	H2AC19	subcutaneous adipose tissue	present	gold quality	31.37
ENSBTAG00000046003	H2AC19	adenohypophysis	present	gold quality	78.65
ENSBTAG00000046003	H2AC19	adenohypophysis	present	gold quality	78.43
ENSBTAG00000046003	H2AC19	neurohypophysis	present	gold quality	76.25
ENSBTAG00000046003	H2AC19	neurohypophysis	present	gold quality	76.6
ENSBTAG00000046003	H2AC19	uterine horn	present	gold quality	39.33
ENSBTAG00000046003	H2AC19	adrenal gland	present	gold quality	75.42
ENSBTAG00000046003	H2AC19	adrenal gland	present	gold quality	75.88
ENSBTAG00000046003	H2AC19	bone marrow	present	gold quality	69.04
ENSBTAG00000046003	H2AC19	bone marrow	present	gold quality	69.1
ENSBTAG00000046003	H2AC19	supraspinatus muscle	present	gold quality	79.29
ENSBTAG00000046003	H2AC19	supraspinatus muscle	present	gold quality	79.16
ENSBTAG00000046003	H2AC19	muscle tissue	present	gold quality	30.49
ENSBTAG00000046003	H2AC19	muscle tissue	present	gold quality	29.91
ENSBTAG00000046003	H2AC19	muscle tissue	present	gold quality	82.62
ENSBTAG00000046003	H2AC19	muscle tissue	present	gold quality	80.11
ENSBTAG00000046003	H2AC19	muscle tissue	present	gold quality	37.11
ENSBTAG00000046003	H2AC19	muscle tissue	present	gold quality	37.23
ENSBTAG00000046003	H2AC19	muscle tissue	present	gold quality	39.87
ENSBTAG00000046003	H2AC19	mesenteric lymph node	present	gold quality	54.65
ENSBTAG00000046003	H2AC19	mesenteric lymph node	present	gold quality	54.64
ENSBTAG00000046003	H2AC19	corpus luteum	present	gold quality	86.24
ENSBTAG00000046003	H2AC19	corpus luteum	present	gold quality	86.21
ENSBTAG00000046003	H2AC19	trachea	present	gold quality	59.22
ENSBTAG00000046003	H2AC19	trachea	present	gold quality	59.12
ENSBTAG00000046003	H2AC19	floor plate of diencephalon	present	gold quality	60.13
ENSBTAG00000046003	H2AC19	uterine tube infundibulum	present	gold quality	60.51
ENSBTAG00000046003	H2AC19	uterine tube infundibulum	present	gold quality	70.94
ENSBTAG00000046003	H2AC19	mammary gland fat	present	gold quality	61.56
ENSBTAG00000046003	H2AC19	caput epididymis	present	gold quality	72.86
ENSBTAG00000046003	H2AC19	corpus epididymis	present	gold quality	72.87
ENSBTAG00000046003	H2AC19	dorsal thalamus	present	gold quality	58.58
ENSBTAG00000046003	H2AC19	conceptus	present	gold quality	60.87
ENSBTAG00000046003	H2AC19	oviduct epithelium	present	gold quality	39.64
ENSBTAG00000046003	H2AC19	olfactory segment of nasal mucosa	present	gold quality	24.85
ENSBTAG00000046003	H2AC19	digestive system secreted substance	present	gold quality	65.8
ENSBTAG00000046003	H2AC19	abomasum	present	gold quality	86.28
ENSBTAG00000046003	H2AC19	abomasum	present	gold quality	83.65
ENSBTAG00000046003	H2AC19	abomasum	present	gold quality	87.7
ENSBTAG00000046003	H2AC19	ruminant reticulum	present	gold quality	57.59
ENSBTAG00000046003	H2AC19	ruminant reticulum	present	gold quality	57.57
ENSBTAG00000046003	H2AC19	omasum	present	gold quality	57.25
ENSBTAG00000046003	H2AC19	omasum	present	gold quality	57.92
ENSBTAG00000046003	H2AC19	rumen	present	gold quality	58.6
ENSBTAG00000046003	H2AC19	rumen	present	gold quality	66.89
ENSBTAG00000046003	H2AC19	rumen	present	gold quality	29.21
ENSBTAG00000046003	H2AC19	rumen	present	gold quality	64.36
ENSBTAG00000046003	H2AC19	surface of tongue	present	gold quality	75.24
ENSBTAG00000046003	H2AC19	surface of tongue	present	gold quality	75.14
ENSBTAG00000046003	H2AC19	pigment epithelium of eye	present	gold quality	49.33
ENSBTAG00000046003	H2AC19	pigment epithelium of eye	present	gold quality	49.34
ENSBTAG00000046003	H2AC19	rumen epithelium	present	gold quality	44.63
ENSBTAG00000046003	H2AC19	rumen epithelium	present	gold quality	32.46
ENSBTAG00000046003	H2AC19	rumen epithelium	present	gold quality	66.55
ENSBTAG00000046003	H2AC19	rumen papilla	present	gold quality	62.54
ENSBTAG00000046003	H2AC19	rumen papilla	present	gold quality	66.19
ENSBTAG00000046003	H2AC19	rumen papilla	present	gold quality	62.38
ENSBTAG00000046003	H2AC19	spiral colon	present	gold quality	51.46
ENSBTAG00000046003	H2AC19	omental fat pad	present	gold quality	35.56
ENSBTAG00000046003	H2AC19	metanephros cortex	present	gold quality	84.53
ENSBTAG00000046003	H2AC19	ampulla of uterine tube	present	gold quality	61.63
ENSBTAG00000046003	H2AC19	ampulla of uterine tube	present	gold quality	74.51
ENSBTAG00000046003	H2AC19	temporal cortex	present	gold quality	56.53
ENSBTAG00000046003	H2AC19	temporal cortex	present	gold quality	55.98
ENSBTAG00000046003	H2AC19	isthmus of fallopian tube	present	gold quality	76.55
ENSBTAG00000046003	H2AC19	isthmus of fallopian tube	present	gold quality	76.61
ENSBTAG00000046003	H2AC19	intramuscular adipose tissue	present	gold quality	26.98
ENSBTAG00000046003	H2AC19	intramuscular adipose tissue	present	gold quality	36.89
ENSBTAG00000046003	H2AC19	scapular muscle	present	gold quality	78.92
ENSBTAG00000046003	H2AC19	parenchyma of mammary gland	present	gold quality	52.73
ENSBTAG00000046373		spermatocyte	present	gold quality	57.95
ENSBTAG00000046373		spermatid	present	gold quality	63.73
ENSBTAG00000046373		oocyte	present	gold quality	93.84
ENSBTAG00000046373		granulosa cell	present	gold quality	65.16
ENSBTAG00000046373		theca cell	present	gold quality	67.45
ENSBTAG00000046373		monocyte	present	gold quality	47.88
ENSBTAG00000046373		cumulus cell	present	gold quality	84.44
ENSBTAG00000046373		leukocyte	present	gold quality	83.78
ENSBTAG00000046373		leukocyte	present	gold quality	54.69
ENSBTAG00000046373		leukocyte	present	gold quality	69.59
ENSBTAG00000046373		leukocyte	present	gold quality	67.29
ENSBTAG00000046373		leukocyte	present	gold quality	49.44
ENSBTAG00000046373		leukocyte	present	gold quality	49.88
ENSBTAG00000046373		leukocyte	present	gold quality	66.35
ENSBTAG00000046373		leukocyte	present	gold quality	54.6
ENSBTAG00000046373		leukocyte	present	gold quality	67.98
ENSBTAG00000046373		leukocyte	present	gold quality	73.95
ENSBTAG00000046373		leukocyte	present	gold quality	69.11
ENSBTAG00000046373		neutrophil	present	gold quality	80.39
ENSBTAG00000046373		uterine cervix	present	gold quality	60.19
ENSBTAG00000046373		uterine cervix	present	gold quality	60.24
ENSBTAG00000046373		pituitary gland	present	gold quality	59.7
ENSBTAG00000046373		pituitary gland	present	gold quality	40.45
ENSBTAG00000046373		pituitary gland	present	gold quality	51.08
ENSBTAG00000046373		pituitary gland	present	gold quality	57.74
ENSBTAG00000046373		pituitary gland	present	gold quality	62.12
ENSBTAG00000046373		pituitary gland	present	gold quality	59.43
ENSBTAG00000046373		zone of skin	present	gold quality	56.93
ENSBTAG00000046373		zone of skin	present	gold quality	64.12
ENSBTAG00000046373		zone of skin	present	gold quality	51.95
ENSBTAG00000046373		lymph node	present	gold quality	58.03
ENSBTAG00000046373		lymph node	present	gold quality	62.47
ENSBTAG00000046373		fornix of vagina	present	gold quality	68.09
ENSBTAG00000046373		fornix of vagina	present	gold quality	68.09
ENSBTAG00000046373		ureter	present	gold quality	68.6
ENSBTAG00000046373		ureter	present	gold quality	68.53
ENSBTAG00000046373		urethra	present	gold quality	52.27
ENSBTAG00000046373		urethra	present	gold quality	52.28
ENSBTAG00000046373		adult mammalian kidney	present	gold quality	43.82
ENSBTAG00000046373		adult mammalian kidney	present	gold quality	44.84
ENSBTAG00000046373		adult mammalian kidney	present	gold quality	51.37
ENSBTAG00000046373		blood	present	gold quality	70.5
ENSBTAG00000046373		blood	present	gold quality	71.85
ENSBTAG00000046373		blood	present	gold quality	69.77
ENSBTAG00000046373		blood	present	gold quality	58.15
ENSBTAG00000046373		renal medulla	present	gold quality	53.62
ENSBTAG00000046373		renal medulla	present	gold quality	59.87
ENSBTAG00000046373		tongue muscle	present	gold quality	49.46
ENSBTAG00000046373		tongue muscle	present	gold quality	49.34
ENSBTAG00000046373		longissimus muscle	present	gold quality	99.0
ENSBTAG00000046373		longissimus muscle	present	gold quality	70.92
ENSBTAG00000046373		longissimus muscle	present	gold quality	43.73
ENSBTAG00000046373		prefrontal cortex	present	gold quality	56.86
ENSBTAG00000046373		multicellular organism	present	gold quality	60.14
ENSBTAG00000046373		testis	present	gold quality	73.9
ENSBTAG00000046373		testis	present	gold quality	60.52
ENSBTAG00000046373		testis	present	gold quality	82.35
ENSBTAG00000046373		testis	present	gold quality	50.94
ENSBTAG00000046373		testis	present	gold quality	43.29
ENSBTAG00000046373		testis	present	gold quality	72.4
ENSBTAG00000046373		ileocecal valve	present	gold quality	80.78
ENSBTAG00000046373		aorta	present	gold quality	62.03
ENSBTAG00000046373		aorta	present	gold quality	62.12
ENSBTAG00000046373		heart	present	gold quality	43.1
ENSBTAG00000046373		heart	present	gold quality	42.34
ENSBTAG00000046373		heart	present	gold quality	46.72
ENSBTAG00000046373		heart	present	gold quality	46.06
ENSBTAG00000046373		brain	present	gold quality	59.05
ENSBTAG00000046373		cerebral cortex	present	gold quality	66.64
ENSBTAG00000046373		cerebral cortex	present	gold quality	68.85
ENSBTAG00000046373		retina	present	gold quality	60.67
ENSBTAG00000046373		pons	present	gold quality	68.87
ENSBTAG00000046373		pons	present	gold quality	74.71
ENSBTAG00000046373		ovary	present	gold quality	66.93
ENSBTAG00000046373		ovary	present	gold quality	63.4
ENSBTAG00000046373		ovary	present	gold quality	49.95
ENSBTAG00000046373		ovary	present	gold quality	67.01
ENSBTAG00000046373		uterus	present	gold quality	55.09
ENSBTAG00000046373		uterus	present	gold quality	54.51
ENSBTAG00000046373		uterus	present	gold quality	59.48
ENSBTAG00000046373		vas deferens	present	gold quality	51.91
ENSBTAG00000046373		adipose tissue	present	gold quality	62.61
ENSBTAG00000046373		adipose tissue	present	gold quality	56.47
ENSBTAG00000046373		adipose tissue	present	gold quality	55.93
ENSBTAG00000046373		adipose tissue	present	gold quality	49.48
ENSBTAG00000046373		adipose tissue	present	gold quality	53.6
ENSBTAG00000046373		adipose tissue	present	gold quality	60.61
ENSBTAG00000046373		esophagus	present	gold quality	72.96
ENSBTAG00000046373		esophagus	present	gold quality	72.44
ENSBTAG00000046373		saliva-secreting gland	present	gold quality	56.45
ENSBTAG00000046373		saliva-secreting gland	present	gold quality	56.68
ENSBTAG00000046373		diaphragm	present	gold quality	78.72
ENSBTAG00000046373		diaphragm	present	gold quality	78.5
ENSBTAG00000046373		intercostal muscle	present	gold quality	58.14
ENSBTAG00000046373		skeletal muscle tissue	present	gold quality	58.75
ENSBTAG00000046373		skeletal muscle tissue	present	gold quality	46.82
ENSBTAG00000046373		skeletal muscle tissue	present	gold quality	48.58
ENSBTAG00000046373		skeletal muscle tissue	present	gold quality	58.35
ENSBTAG00000046373		caecum	present	gold quality	66.54
ENSBTAG00000046373		caecum	present	gold quality	97.17
ENSBTAG00000046373		caecum	present	gold quality	66.17
ENSBTAG00000046373		colon	present	gold quality	54.91
ENSBTAG00000046373		ascending colon	present	gold quality	70.72
ENSBTAG00000046373		ascending colon	present	gold quality	70.79
ENSBTAG00000046373		descending colon	present	gold quality	49.32
ENSBTAG00000046373		descending colon	present	gold quality	97.65
ENSBTAG00000046373		descending colon	present	gold quality	50.19
ENSBTAG00000046373		cortex of kidney	present	gold quality	56.78
ENSBTAG00000046373		urinary bladder	present	gold quality	61.0
ENSBTAG00000046373		urinary bladder	present	gold quality	61.16
ENSBTAG00000046373		endometrium	present	gold quality	56.06
ENSBTAG00000046373		endometrium	present	gold quality	54.31
ENSBTAG00000046373		endometrium	present	gold quality	49.71
ENSBTAG00000046373		endometrium	present	gold quality	55.83
ENSBTAG00000046373		endometrium	present	gold quality	59.96
ENSBTAG00000046373		myometrium	present	gold quality	48.11
ENSBTAG00000046373		myometrium	present	gold quality	48.25
ENSBTAG00000046373		gluteus medius	present	gold quality	56.47
ENSBTAG00000046373		gluteus medius	present	gold quality	56.46
ENSBTAG00000046373		semitendinosus	present	gold quality	53.27
ENSBTAG00000046373		semitendinosus	present	gold quality	50.34
ENSBTAG00000046373		semitendinosus	present	gold quality	51.7
ENSBTAG00000046373		rectus femoris	present	gold quality	60.29
ENSBTAG00000046373		rectus femoris	present	gold quality	59.51
ENSBTAG00000046373		semimembranosus muscle	present	gold quality	51.99
ENSBTAG00000046373		longissimus thoracis muscle	present	gold quality	52.18
ENSBTAG00000046373		longissimus thoracis muscle	present	gold quality	41.95
ENSBTAG00000046373		longissimus thoracis muscle	present	gold quality	55.63
ENSBTAG00000046373		longissimus thoracis muscle	present	gold quality	35.48
ENSBTAG00000046373		longissimus thoracis muscle	present	gold quality	53.05
ENSBTAG00000046373		longissimus thoracis muscle	present	gold quality	34.74
ENSBTAG00000046373		longissimus thoracis muscle	present	gold quality	51.05
ENSBTAG00000046373		longissimus thoracis muscle	present	gold quality	49.12
ENSBTAG00000046373		infraspinatus muscle	present	gold quality	55.84
ENSBTAG00000046373		infraspinatus muscle	present	gold quality	52.9
ENSBTAG00000046373		triceps brachii	present	gold quality	56.3
ENSBTAG00000046373		triceps brachii	present	gold quality	56.28
ENSBTAG00000046373		tongue	present	gold quality	70.18
ENSBTAG00000046373		tongue	present	gold quality	70.03
ENSBTAG00000046373		tongue	present	gold quality	43.61
ENSBTAG00000046373		nasopharynx	present	gold quality	74.63
ENSBTAG00000046373		pharyngeal tonsil	present	gold quality	74.59
ENSBTAG00000046373		laryngeal cartilage	present	gold quality	62.76
ENSBTAG00000046373		laryngeal cartilage	present	gold quality	62.72
ENSBTAG00000046373		anterior segment of eyeball	present	gold quality	68.61
ENSBTAG00000046373		nasal cavity mucosa	present	gold quality	71.72
ENSBTAG00000046373		nasal cavity mucosa	present	gold quality	71.54
ENSBTAG00000046373		frontal cortex	present	gold quality	67.88
ENSBTAG00000046373		frontal cortex	present	gold quality	68.46
ENSBTAG00000046373		frontal cortex	present	gold quality	67.04
ENSBTAG00000046373		midbrain	present	gold quality	76.31
ENSBTAG00000046373		hypothalamus	present	gold quality	44.85
ENSBTAG00000046373		hypothalamus	present	gold quality	54.58
ENSBTAG00000046373		hypothalamus	present	gold quality	54.38
ENSBTAG00000046373		mammary gland	present	gold quality	49.47
ENSBTAG00000046373		mammary gland	present	gold quality	53.95
ENSBTAG00000046373		mammary gland	present	gold quality	53.82
ENSBTAG00000046373		mammary gland	present	gold quality	54.69
ENSBTAG00000046373		milk	present	gold quality	61.21
ENSBTAG00000046373		milk	present	gold quality	62.6
ENSBTAG00000046373		Ammon's horn	present	gold quality	72.25
ENSBTAG00000046373		placenta	present	gold quality	62.05
ENSBTAG00000046373		placenta	present	gold quality	69.61
ENSBTAG00000046373		gluteal muscle	present	gold quality	68.12
ENSBTAG00000046373		occipital lobe	present	gold quality	53.04
ENSBTAG00000046373		cerebellum	present	gold quality	80.91
ENSBTAG00000046373		cerebellum	present	gold quality	81.4
ENSBTAG00000046373		cerebellum	present	gold quality	45.64
ENSBTAG00000046373		thyroid gland	present	gold quality	50.52
ENSBTAG00000046373		thyroid gland	present	gold quality	51.57
ENSBTAG00000046373		lung	present	gold quality	64.28
ENSBTAG00000046373		lung	present	gold quality	51.9
ENSBTAG00000046373		lung	present	gold quality	54.57
ENSBTAG00000046373		lung	present	gold quality	55.49
ENSBTAG00000046373		lung	present	gold quality	55.82
ENSBTAG00000046373		lung	present	gold quality	59.68
ENSBTAG00000046373		lung	present	gold quality	63.95
ENSBTAG00000046373		cardiac ventricle	present	gold quality	49.53
ENSBTAG00000046373		spleen	present	gold quality	63.36
ENSBTAG00000046373		spleen	present	gold quality	53.66
ENSBTAG00000046373		spleen	present	gold quality	70.57
ENSBTAG00000046373		spleen	present	gold quality	54.89
ENSBTAG00000046373		spleen	present	gold quality	58.3
ENSBTAG00000046373		liver	present	gold quality	56.76
ENSBTAG00000046373		liver	present	gold quality	42.67
ENSBTAG00000046373		liver	present	gold quality	48.1
ENSBTAG00000046373		liver	present	gold quality	55.4
ENSBTAG00000046373		liver	present	gold quality	48.15
ENSBTAG00000046373		liver	present	gold quality	49.91
ENSBTAG00000046373		liver	present	gold quality	48.8
ENSBTAG00000046373		liver	present	gold quality	30.22
ENSBTAG00000046373		liver	present	gold quality	50.41
ENSBTAG00000046373		liver	present	gold quality	62.02
ENSBTAG00000046373		liver	present	gold quality	36.92
ENSBTAG00000046373		liver	present	gold quality	63.91
ENSBTAG00000046373		liver	present	gold quality	56.48
ENSBTAG00000046373		liver	present	gold quality	61.49
ENSBTAG00000046373		gall bladder	present	gold quality	70.37
ENSBTAG00000046373		gall bladder	present	gold quality	79.63
ENSBTAG00000046373		kidney	present	gold quality	52.87
ENSBTAG00000046373		duodenum	present	gold quality	68.54
ENSBTAG00000046373		duodenum	present	gold quality	68.96
ENSBTAG00000046373		duodenum	present	gold quality	60.04
ENSBTAG00000046373		duodenum	present	gold quality	68.95
ENSBTAG00000046373		jejunum	present	gold quality	63.8
ENSBTAG00000046373		jejunum	present	gold quality	81.2
ENSBTAG00000046373		jejunum	present	gold quality	75.74
ENSBTAG00000046373		jejunum	present	gold quality	63.29
ENSBTAG00000046373		ileum	present	gold quality	55.99
ENSBTAG00000046373		ileum	present	gold quality	59.51
ENSBTAG00000046373		ileum	present	gold quality	99.61
ENSBTAG00000046373		ileum	present	gold quality	91.36
ENSBTAG00000046373		ileum	present	gold quality	64.07
ENSBTAG00000046373		subcutaneous adipose tissue	present	gold quality	70.67
ENSBTAG00000046373		subcutaneous adipose tissue	present	gold quality	69.22
ENSBTAG00000046373		subcutaneous adipose tissue	present	gold quality	53.44
ENSBTAG00000046373		subcutaneous adipose tissue	present	gold quality	55.07
ENSBTAG00000046373		subcutaneous adipose tissue	present	gold quality	69.22
ENSBTAG00000046373		subcutaneous adipose tissue	present	gold quality	54.26
ENSBTAG00000046373		subcutaneous adipose tissue	present	gold quality	54.27
ENSBTAG00000046373		subcutaneous adipose tissue	present	gold quality	53.83
ENSBTAG00000046373		subcutaneous adipose tissue	present	gold quality	59.56
ENSBTAG00000046373		subcutaneous adipose tissue	present	gold quality	62.51
ENSBTAG00000046373		adenohypophysis	present	gold quality	60.66
ENSBTAG00000046373		adenohypophysis	present	gold quality	60.83
ENSBTAG00000046373		neurohypophysis	present	gold quality	59.04
ENSBTAG00000046373		neurohypophysis	present	gold quality	58.1
ENSBTAG00000046373		uterine horn	present	gold quality	49.57
ENSBTAG00000046373		prostate gland	present	gold quality	57.78
ENSBTAG00000046373		adrenal gland	present	gold quality	72.54
ENSBTAG00000046373		adrenal gland	present	gold quality	72.89
ENSBTAG00000046373		adrenal gland	present	gold quality	47.84
ENSBTAG00000046373		thymus	present	gold quality	72.0
ENSBTAG00000046373		bone marrow	present	gold quality	55.38
ENSBTAG00000046373		bone marrow	present	gold quality	55.5
ENSBTAG00000046373		muscle tissue	present	gold quality	35.46
ENSBTAG00000046373		muscle tissue	present	gold quality	43.04
ENSBTAG00000046373		muscle tissue	present	gold quality	39.25
ENSBTAG00000046373		muscle tissue	present	gold quality	48.67
ENSBTAG00000046373		muscle tissue	present	gold quality	58.36
ENSBTAG00000046373		abdominal lymph node	present	gold quality	57.96
ENSBTAG00000046373		mesenteric lymph node	present	gold quality	55.93
ENSBTAG00000046373		mesenteric lymph node	present	gold quality	55.96
ENSBTAG00000046373		corpus luteum	present	gold quality	57.46
ENSBTAG00000046373		corpus luteum	present	gold quality	57.74
ENSBTAG00000046373		trachea	present	gold quality	52.19
ENSBTAG00000046373		trachea	present	gold quality	52.14
ENSBTAG00000046373		floor plate of diencephalon	present	gold quality	80.49
ENSBTAG00000046373		uterine tube infundibulum	present	gold quality	57.79
ENSBTAG00000046373		uterine tube infundibulum	present	gold quality	60.63
ENSBTAG00000046373		mammary gland fat	present	gold quality	51.51
ENSBTAG00000046373		corpus epididymis	present	gold quality	55.84
ENSBTAG00000046373		dorsal thalamus	present	gold quality	64.81
ENSBTAG00000046373		conceptus	present	gold quality	99.13
ENSBTAG00000046373		oviduct epithelium	present	gold quality	44.53
ENSBTAG00000046373		olfactory segment of nasal mucosa	present	gold quality	56.63
ENSBTAG00000046373		olfactory segment of nasal mucosa	present	gold quality	55.76
ENSBTAG00000046373		digestive system secreted substance	present	gold quality	70.6
ENSBTAG00000046373		abomasum	present	gold quality	64.89
ENSBTAG00000046373		abomasum	present	gold quality	61.35
ENSBTAG00000046373		abomasum	present	gold quality	68.3
ENSBTAG00000046373		ruminant reticulum	present	gold quality	65.09
ENSBTAG00000046373		ruminant reticulum	present	gold quality	65.23
ENSBTAG00000046373		omasum	present	gold quality	71.62
ENSBTAG00000046373		omasum	present	gold quality	71.34
ENSBTAG00000046373		rumen	present	gold quality	71.86
ENSBTAG00000046373		rumen	present	gold quality	98.48
ENSBTAG00000046373		rumen	present	gold quality	87.96
ENSBTAG00000046373		rumen	present	gold quality	68.63
ENSBTAG00000046373		surface of tongue	present	gold quality	69.28
ENSBTAG00000046373		surface of tongue	present	gold quality	69.11
ENSBTAG00000046373		pigment epithelium of eye	present	gold quality	60.35
ENSBTAG00000046373		pigment epithelium of eye	present	gold quality	60.53
ENSBTAG00000046373		rumen epithelium	present	gold quality	90.92
ENSBTAG00000046373		rumen epithelium	present	gold quality	67.31
ENSBTAG00000046373		rumen epithelium	present	gold quality	75.56
ENSBTAG00000046373		rumen papilla	present	gold quality	67.1
ENSBTAG00000046373		rumen papilla	present	gold quality	56.27
ENSBTAG00000046373		rumen papilla	present	gold quality	67.37
ENSBTAG00000046373		spiral colon	present	gold quality	96.83
ENSBTAG00000046373		omental fat pad	present	gold quality	64.2
ENSBTAG00000046373		omental fat pad	present	gold quality	56.47
ENSBTAG00000046373		metanephros cortex	present	gold quality	57.78
ENSBTAG00000046373		ampulla of uterine tube	present	gold quality	57.02
ENSBTAG00000046373		ampulla of uterine tube	present	gold quality	58.85
ENSBTAG00000046373		retropharyngeal lymph node	present	gold quality	69.97
ENSBTAG00000046373		temporal cortex	present	gold quality	74.93
ENSBTAG00000046373		temporal cortex	present	gold quality	74.34
ENSBTAG00000046373		isthmus of fallopian tube	present	gold quality	65.34
ENSBTAG00000046373		isthmus of fallopian tube	present	gold quality	65.13
ENSBTAG00000046373		intramuscular adipose tissue	present	gold quality	69.51
ENSBTAG00000046373		intramuscular adipose tissue	present	gold quality	72.34
ENSBTAG00000046373		scapular muscle	present	gold quality	52.36
ENSBTAG00000046992	H2AC1	adult mammalian kidney	present	gold quality	44.17
ENSBTAG00000046992	H2AC1	testis	present	gold quality	56.13
ENSBTAG00000046992	H2AC1	testis	present	gold quality	69.43
ENSBTAG00000046992	H2AC1	testis	present	gold quality	51.16
ENSBTAG00000046992	H2AC1	cortex of kidney	present	gold quality	45.1
ENSBTAG00000046992	H2AC1	semen	present	gold quality	80.95
ENSBTAG00000046992	H2AC1	liver	present	gold quality	40.3
ENSBTAG00000046992	H2AC1	liver	present	gold quality	37.96
ENSBTAG00000046992	H2AC1	liver	present	gold quality	33.42
ENSBTAG00000046992	H2AC1	liver	present	gold quality	33.17
ENSBTAG00000046992	H2AC1	metanephros cortex	present	gold quality	45.03
ENSBTAG00000048599	H2AC11	oocyte	present	gold quality	58.78
ENSBTAG00000048599	H2AC11	theca cell	present	gold quality	45.9
ENSBTAG00000048599	H2AC11	cumulus cell	present	gold quality	43.72
ENSBTAG00000048599	H2AC11	leukocyte	present	gold quality	59.0
ENSBTAG00000048599	H2AC11	leukocyte	present	gold quality	30.87
ENSBTAG00000048599	H2AC11	leukocyte	present	gold quality	49.4
ENSBTAG00000048599	H2AC11	leukocyte	present	gold quality	30.72
ENSBTAG00000048599	H2AC11	leukocyte	present	gold quality	48.62
ENSBTAG00000048599	H2AC11	leukocyte	present	gold quality	50.25
ENSBTAG00000048599	H2AC11	neutrophil	present	gold quality	58.01
ENSBTAG00000048599	H2AC11	pituitary gland	present	gold quality	45.9
ENSBTAG00000048599	H2AC11	pituitary gland	present	gold quality	35.36
ENSBTAG00000048599	H2AC11	adult mammalian kidney	present	gold quality	34.0
ENSBTAG00000048599	H2AC11	blood	present	gold quality	44.04
ENSBTAG00000048599	H2AC11	blood	present	gold quality	42.97
ENSBTAG00000048599	H2AC11	blood	present	gold quality	45.74
ENSBTAG00000048599	H2AC11	longissimus muscle	present	gold quality	96.52
ENSBTAG00000048599	H2AC11	longissimus muscle	present	gold quality	57.49
ENSBTAG00000048599	H2AC11	longissimus muscle	present	gold quality	36.2
ENSBTAG00000048599	H2AC11	multicellular organism	present	gold quality	26.69
ENSBTAG00000048599	H2AC11	testis	present	gold quality	52.31
ENSBTAG00000048599	H2AC11	testis	present	gold quality	56.38
ENSBTAG00000048599	H2AC11	testis	present	gold quality	34.07
ENSBTAG00000048599	H2AC11	testis	present	gold quality	54.21
ENSBTAG00000048599	H2AC11	ileocecal valve	present	gold quality	36.37
ENSBTAG00000048599	H2AC11	ovary	present	gold quality	31.33
ENSBTAG00000048599	H2AC11	ovary	present	gold quality	30.79
ENSBTAG00000048599	H2AC11	ovary	present	gold quality	43.87
ENSBTAG00000048599	H2AC11	uterus	present	gold quality	30.98
ENSBTAG00000048599	H2AC11	adipose tissue	present	gold quality	32.21
ENSBTAG00000048599	H2AC11	adipose tissue	present	gold quality	24.86
ENSBTAG00000048599	H2AC11	adipose tissue	present	gold quality	32.2
ENSBTAG00000048599	H2AC11	adipose tissue	present	gold quality	29.89
ENSBTAG00000048599	H2AC11	intercostal muscle	present	gold quality	37.5
ENSBTAG00000048599	H2AC11	skeletal muscle tissue	present	gold quality	26.84
ENSBTAG00000048599	H2AC11	skeletal muscle tissue	present	gold quality	27.55
ENSBTAG00000048599	H2AC11	caecum	present	gold quality	91.06
ENSBTAG00000048599	H2AC11	colon	present	gold quality	28.98
ENSBTAG00000048599	H2AC11	descending colon	present	gold quality	91.94
ENSBTAG00000048599	H2AC11	endometrium	present	gold quality	28.11
ENSBTAG00000048599	H2AC11	semitendinosus	present	gold quality	28.01
ENSBTAG00000048599	H2AC11	rectus femoris	present	gold quality	48.31
ENSBTAG00000048599	H2AC11	rectus femoris	present	gold quality	47.18
ENSBTAG00000048599	H2AC11	longissimus thoracis muscle	present	gold quality	27.89
ENSBTAG00000048599	H2AC11	longissimus thoracis muscle	present	gold quality	29.58
ENSBTAG00000048599	H2AC11	tongue	present	gold quality	42.25
ENSBTAG00000048599	H2AC11	tongue	present	gold quality	42.05
ENSBTAG00000048599	H2AC11	nasopharynx	present	gold quality	46.99
ENSBTAG00000048599	H2AC11	pharyngeal tonsil	present	gold quality	48.73
ENSBTAG00000048599	H2AC11	anterior segment of eyeball	present	gold quality	47.24
ENSBTAG00000048599	H2AC11	mammary gland	present	gold quality	27.42
ENSBTAG00000048599	H2AC11	mammary gland	present	gold quality	30.52
ENSBTAG00000048599	H2AC11	mammary gland	present	gold quality	55.49
ENSBTAG00000048599	H2AC11	milk	present	gold quality	32.97
ENSBTAG00000048599	H2AC11	milk	present	gold quality	33.9
ENSBTAG00000048599	H2AC11	gluteal muscle	present	gold quality	46.0
ENSBTAG00000048599	H2AC11	liver	present	gold quality	32.68
ENSBTAG00000048599	H2AC11	liver	present	gold quality	31.57
ENSBTAG00000048599	H2AC11	liver	present	gold quality	27.52
ENSBTAG00000048599	H2AC11	liver	present	gold quality	23.62
ENSBTAG00000048599	H2AC11	liver	present	gold quality	38.28
ENSBTAG00000048599	H2AC11	liver	present	gold quality	28.23
ENSBTAG00000048599	H2AC11	gall bladder	present	gold quality	46.23
ENSBTAG00000048599	H2AC11	gall bladder	present	gold quality	47.34
ENSBTAG00000048599	H2AC11	kidney	present	gold quality	32.85
ENSBTAG00000048599	H2AC11	duodenum	present	gold quality	53.98
ENSBTAG00000048599	H2AC11	duodenum	present	gold quality	56.13
ENSBTAG00000048599	H2AC11	duodenum	present	gold quality	45.44
ENSBTAG00000048599	H2AC11	duodenum	present	gold quality	53.9
ENSBTAG00000048599	H2AC11	jejunum	present	gold quality	56.94
ENSBTAG00000048599	H2AC11	jejunum	present	gold quality	44.63
ENSBTAG00000048599	H2AC11	ileum	present	gold quality	98.91
ENSBTAG00000048599	H2AC11	ileum	present	gold quality	73.94
ENSBTAG00000048599	H2AC11	subcutaneous adipose tissue	present	gold quality	51.06
ENSBTAG00000048599	H2AC11	adrenal gland	present	gold quality	40.31
ENSBTAG00000048599	H2AC11	thymus	present	gold quality	48.85
ENSBTAG00000048599	H2AC11	muscle tissue	present	gold quality	27.07
ENSBTAG00000048599	H2AC11	muscle tissue	present	gold quality	39.3
ENSBTAG00000048599	H2AC11	muscle tissue	present	gold quality	24.67
ENSBTAG00000048599	H2AC11	floor plate of diencephalon	present	gold quality	41.73
ENSBTAG00000048599	H2AC11	conceptus	present	gold quality	94.21
ENSBTAG00000048599	H2AC11	digestive system secreted substance	present	gold quality	49.22
ENSBTAG00000048599	H2AC11	rumen	present	gold quality	59.29
ENSBTAG00000048599	H2AC11	rumen	present	gold quality	95.81
ENSBTAG00000048599	H2AC11	rumen	present	gold quality	71.22
ENSBTAG00000048599	H2AC11	rumen	present	gold quality	38.65
ENSBTAG00000048599	H2AC11	rumen epithelium	present	gold quality	79.17
ENSBTAG00000048599	H2AC11	rumen epithelium	present	gold quality	30.34
ENSBTAG00000048599	H2AC11	rumen epithelium	present	gold quality	31.67
ENSBTAG00000048599	H2AC11	rumen papilla	present	gold quality	30.34
ENSBTAG00000048599	H2AC11	spiral colon	present	gold quality	90.67
ENSBTAG00000048599	H2AC11	omental fat pad	present	gold quality	35.39
ENSBTAG00000048599	H2AC11	retropharyngeal lymph node	present	gold quality	45.97
ENSBTAG00000048599	H2AC11	intramuscular adipose tissue	present	gold quality	22.45
ENSBTAG00000048599	H2AC11	scapular muscle	present	gold quality	32.48
ENSBTAG00000048599	H2AC11	parenchyma of mammary gland	present	gold quality	55.12
ENSBTAG00000048743	H2AC8	granulosa cell	present	gold quality	50.5
ENSBTAG00000048743	H2AC8	theca cell	present	gold quality	43.53
ENSBTAG00000048743	H2AC8	cumulus cell	present	gold quality	59.6
ENSBTAG00000048743	H2AC8	leukocyte	present	gold quality	77.58
ENSBTAG00000048743	H2AC8	leukocyte	present	gold quality	50.57
ENSBTAG00000048743	H2AC8	leukocyte	present	gold quality	70.15
ENSBTAG00000048743	H2AC8	leukocyte	present	gold quality	50.02
ENSBTAG00000048743	H2AC8	leukocyte	present	gold quality	44.39
ENSBTAG00000048743	H2AC8	leukocyte	present	gold quality	50.59
ENSBTAG00000048743	H2AC8	leukocyte	present	gold quality	50.5
ENSBTAG00000048743	H2AC8	leukocyte	present	gold quality	60.01
ENSBTAG00000048743	H2AC8	leukocyte	present	gold quality	64.82
ENSBTAG00000048743	H2AC8	neutrophil	present	gold quality	79.38
ENSBTAG00000048743	H2AC8	pituitary gland	present	gold quality	38.05
ENSBTAG00000048743	H2AC8	pituitary gland	present	gold quality	53.53
ENSBTAG00000048743	H2AC8	pituitary gland	present	gold quality	46.73
ENSBTAG00000048743	H2AC8	pituitary gland	present	gold quality	57.91
ENSBTAG00000048743	H2AC8	pituitary gland	present	gold quality	59.9
ENSBTAG00000048743	H2AC8	pituitary gland	present	gold quality	59.37
ENSBTAG00000048743	H2AC8	zone of skin	present	gold quality	43.25
ENSBTAG00000048743	H2AC8	lymph node	present	gold quality	54.29
ENSBTAG00000048743	H2AC8	lymph node	present	gold quality	52.34
ENSBTAG00000048743	H2AC8	urethra	present	gold quality	62.58
ENSBTAG00000048743	H2AC8	urethra	present	gold quality	62.52
ENSBTAG00000048743	H2AC8	adult mammalian kidney	present	gold quality	49.87
ENSBTAG00000048743	H2AC8	adult mammalian kidney	present	gold quality	51.17
ENSBTAG00000048743	H2AC8	adult mammalian kidney	present	gold quality	44.48
ENSBTAG00000048743	H2AC8	blood	present	gold quality	51.56
ENSBTAG00000048743	H2AC8	blood	present	gold quality	50.38
ENSBTAG00000048743	H2AC8	blood	present	gold quality	52.8
ENSBTAG00000048743	H2AC8	blood	present	gold quality	49.57
ENSBTAG00000048743	H2AC8	renal medulla	present	gold quality	47.15
ENSBTAG00000048743	H2AC8	renal medulla	present	gold quality	52.68
ENSBTAG00000048743	H2AC8	longissimus muscle	present	gold quality	98.46
ENSBTAG00000048743	H2AC8	longissimus muscle	present	gold quality	80.93
ENSBTAG00000048743	H2AC8	longissimus muscle	present	gold quality	45.8
ENSBTAG00000048743	H2AC8	multicellular organism	present	gold quality	41.33
ENSBTAG00000048743	H2AC8	testis	present	gold quality	53.65
ENSBTAG00000048743	H2AC8	testis	present	gold quality	72.4
ENSBTAG00000048743	H2AC8	testis	present	gold quality	45.28
ENSBTAG00000048743	H2AC8	ileocecal valve	present	gold quality	40.66
ENSBTAG00000048743	H2AC8	heart	present	gold quality	34.32
ENSBTAG00000048743	H2AC8	heart	present	gold quality	30.37
ENSBTAG00000048743	H2AC8	heart	present	gold quality	28.52
ENSBTAG00000048743	H2AC8	brain	present	gold quality	37.85
ENSBTAG00000048743	H2AC8	cerebral cortex	present	gold quality	26.84
ENSBTAG00000048743	H2AC8	retina	present	gold quality	48.7
ENSBTAG00000048743	H2AC8	ovary	present	gold quality	37.04
ENSBTAG00000048743	H2AC8	ovary	present	gold quality	42.41
ENSBTAG00000048743	H2AC8	ovary	present	gold quality	40.19
ENSBTAG00000048743	H2AC8	ovary	present	gold quality	43.29
ENSBTAG00000048743	H2AC8	uterus	present	gold quality	40.48
ENSBTAG00000048743	H2AC8	uterus	present	gold quality	44.9
ENSBTAG00000048743	H2AC8	uterus	present	gold quality	44.87
ENSBTAG00000048743	H2AC8	adipose tissue	present	gold quality	43.22
ENSBTAG00000048743	H2AC8	adipose tissue	present	gold quality	40.02
ENSBTAG00000048743	H2AC8	adipose tissue	present	gold quality	44.97
ENSBTAG00000048743	H2AC8	adipose tissue	present	gold quality	39.03
ENSBTAG00000048743	H2AC8	esophagus	present	gold quality	49.29
ENSBTAG00000048743	H2AC8	esophagus	present	gold quality	49.4
ENSBTAG00000048743	H2AC8	saliva-secreting gland	present	gold quality	53.1
ENSBTAG00000048743	H2AC8	saliva-secreting gland	present	gold quality	53.1
ENSBTAG00000048743	H2AC8	diaphragm	present	gold quality	48.62
ENSBTAG00000048743	H2AC8	diaphragm	present	gold quality	48.58
ENSBTAG00000048743	H2AC8	intercostal muscle	present	gold quality	66.65
ENSBTAG00000048743	H2AC8	skeletal muscle tissue	present	gold quality	55.28
ENSBTAG00000048743	H2AC8	skeletal muscle tissue	present	gold quality	35.68
ENSBTAG00000048743	H2AC8	skeletal muscle tissue	present	gold quality	41.38
ENSBTAG00000048743	H2AC8	skeletal muscle tissue	present	gold quality	55.18
ENSBTAG00000048743	H2AC8	caecum	present	gold quality	97.01
ENSBTAG00000048743	H2AC8	colon	present	gold quality	32.6
ENSBTAG00000048743	H2AC8	descending colon	present	gold quality	97.11
ENSBTAG00000048743	H2AC8	cortex of kidney	present	gold quality	56.12
ENSBTAG00000048743	H2AC8	urinary bladder	present	gold quality	50.21
ENSBTAG00000048743	H2AC8	urinary bladder	present	gold quality	50.32
ENSBTAG00000048743	H2AC8	endometrium	present	gold quality	54.97
ENSBTAG00000048743	H2AC8	endometrium	present	gold quality	56.21
ENSBTAG00000048743	H2AC8	endometrium	present	gold quality	53.44
ENSBTAG00000048743	H2AC8	endometrium	present	gold quality	54.5
ENSBTAG00000048743	H2AC8	semitendinosus	present	gold quality	32.74
ENSBTAG00000048743	H2AC8	semitendinosus	present	gold quality	30.57
ENSBTAG00000048743	H2AC8	semimembranosus muscle	present	gold quality	46.12
ENSBTAG00000048743	H2AC8	longissimus thoracis muscle	present	gold quality	58.4
ENSBTAG00000048743	H2AC8	longissimus thoracis muscle	present	gold quality	29.2
ENSBTAG00000048743	H2AC8	longissimus thoracis muscle	present	gold quality	32.95
ENSBTAG00000048743	H2AC8	longissimus thoracis muscle	present	gold quality	39.55
ENSBTAG00000048743	H2AC8	longissimus thoracis muscle	present	gold quality	30.89
ENSBTAG00000048743	H2AC8	longissimus thoracis muscle	present	gold quality	34.2
ENSBTAG00000048743	H2AC8	longissimus thoracis muscle	present	gold quality	46.28
ENSBTAG00000048743	H2AC8	infraspinatus muscle	present	gold quality	52.77
ENSBTAG00000048743	H2AC8	infraspinatus muscle	present	gold quality	52.75
ENSBTAG00000048743	H2AC8	triceps brachii	present	gold quality	56.05
ENSBTAG00000048743	H2AC8	triceps brachii	present	gold quality	56.06
ENSBTAG00000048743	H2AC8	tongue	present	gold quality	38.77
ENSBTAG00000048743	H2AC8	tongue	present	gold quality	38.71
ENSBTAG00000048743	H2AC8	nasopharynx	present	gold quality	50.52
ENSBTAG00000048743	H2AC8	pharyngeal tonsil	present	gold quality	53.53
ENSBTAG00000048743	H2AC8	laryngeal cartilage	present	gold quality	48.49
ENSBTAG00000048743	H2AC8	laryngeal cartilage	present	gold quality	48.4
ENSBTAG00000048743	H2AC8	choroid plexus	present	gold quality	77.98
ENSBTAG00000048743	H2AC8	mammary gland	present	gold quality	60.08
ENSBTAG00000048743	H2AC8	mammary gland	present	gold quality	43.76
ENSBTAG00000048743	H2AC8	milk	present	gold quality	48.57
ENSBTAG00000048743	H2AC8	milk	present	gold quality	47.44
ENSBTAG00000048743	H2AC8	Ammon's horn	present	gold quality	45.53
ENSBTAG00000048743	H2AC8	placenta	present	gold quality	49.43
ENSBTAG00000048743	H2AC8	placenta	present	gold quality	43.65
ENSBTAG00000048743	H2AC8	gluteal muscle	present	gold quality	46.75
ENSBTAG00000048743	H2AC8	occipital lobe	present	gold quality	39.46
ENSBTAG00000048743	H2AC8	thyroid gland	present	gold quality	43.23
ENSBTAG00000048743	H2AC8	lung	present	gold quality	36.94
ENSBTAG00000048743	H2AC8	lung	present	gold quality	38.34
ENSBTAG00000048743	H2AC8	lung	present	gold quality	32.99
ENSBTAG00000048743	H2AC8	lung	present	gold quality	34.78
ENSBTAG00000048743	H2AC8	lung	present	gold quality	39.77
ENSBTAG00000048743	H2AC8	spleen	present	gold quality	35.14
ENSBTAG00000048743	H2AC8	spleen	present	gold quality	44.74
ENSBTAG00000048743	H2AC8	spleen	present	gold quality	44.3
ENSBTAG00000048743	H2AC8	spleen	present	gold quality	43.84
ENSBTAG00000048743	H2AC8	liver	present	gold quality	33.01
ENSBTAG00000048743	H2AC8	liver	present	gold quality	42.3
ENSBTAG00000048743	H2AC8	liver	present	gold quality	45.32
ENSBTAG00000048743	H2AC8	liver	present	gold quality	48.64
ENSBTAG00000048743	H2AC8	liver	present	gold quality	54.27
ENSBTAG00000048743	H2AC8	liver	present	gold quality	46.36
ENSBTAG00000048743	H2AC8	liver	present	gold quality	36.11
ENSBTAG00000048743	H2AC8	liver	present	gold quality	48.28
ENSBTAG00000048743	H2AC8	liver	present	gold quality	45.83
ENSBTAG00000048743	H2AC8	liver	present	gold quality	39.5
ENSBTAG00000048743	H2AC8	liver	present	gold quality	46.77
ENSBTAG00000048743	H2AC8	liver	present	gold quality	52.09
ENSBTAG00000048743	H2AC8	gall bladder	present	gold quality	52.33
ENSBTAG00000048743	H2AC8	gall bladder	present	gold quality	53.47
ENSBTAG00000048743	H2AC8	kidney	present	gold quality	47.39
ENSBTAG00000048743	H2AC8	duodenum	present	gold quality	53.35
ENSBTAG00000048743	H2AC8	duodenum	present	gold quality	64.14
ENSBTAG00000048743	H2AC8	duodenum	present	gold quality	54.11
ENSBTAG00000048743	H2AC8	duodenum	present	gold quality	53.33
ENSBTAG00000048743	H2AC8	jejunum	present	gold quality	42.04
ENSBTAG00000048743	H2AC8	jejunum	present	gold quality	63.06
ENSBTAG00000048743	H2AC8	jejunum	present	gold quality	51.9
ENSBTAG00000048743	H2AC8	ileum	present	gold quality	52.36
ENSBTAG00000048743	H2AC8	ileum	present	gold quality	43.09
ENSBTAG00000048743	H2AC8	ileum	present	gold quality	99.42
ENSBTAG00000048743	H2AC8	ileum	present	gold quality	77.29
ENSBTAG00000048743	H2AC8	ileum	present	gold quality	50.59
ENSBTAG00000048743	H2AC8	subcutaneous adipose tissue	present	gold quality	60.27
ENSBTAG00000048743	H2AC8	subcutaneous adipose tissue	present	gold quality	35.18
ENSBTAG00000048743	H2AC8	subcutaneous adipose tissue	present	gold quality	26.53
ENSBTAG00000048743	H2AC8	subcutaneous adipose tissue	present	gold quality	29.41
ENSBTAG00000048743	H2AC8	adenohypophysis	present	gold quality	47.46
ENSBTAG00000048743	H2AC8	adenohypophysis	present	gold quality	47.56
ENSBTAG00000048743	H2AC8	neurohypophysis	present	gold quality	47.03
ENSBTAG00000048743	H2AC8	neurohypophysis	present	gold quality	46.9
ENSBTAG00000048743	H2AC8	uterine horn	present	gold quality	42.41
ENSBTAG00000048743	H2AC8	adrenal gland	present	gold quality	48.71
ENSBTAG00000048743	H2AC8	adrenal gland	present	gold quality	48.93
ENSBTAG00000048743	H2AC8	adrenal gland	present	gold quality	58.41
ENSBTAG00000048743	H2AC8	thymus	present	gold quality	73.32
ENSBTAG00000048743	H2AC8	supraspinatus muscle	present	gold quality	55.36
ENSBTAG00000048743	H2AC8	supraspinatus muscle	present	gold quality	55.29
ENSBTAG00000048743	H2AC8	muscle tissue	present	gold quality	30.49
ENSBTAG00000048743	H2AC8	muscle tissue	present	gold quality	36.5
ENSBTAG00000048743	H2AC8	abdominal lymph node	present	gold quality	60.58
ENSBTAG00000048743	H2AC8	mesenteric lymph node	present	gold quality	47.14
ENSBTAG00000048743	H2AC8	mesenteric lymph node	present	gold quality	47.18
ENSBTAG00000048743	H2AC8	uterine tube infundibulum	present	gold quality	47.97
ENSBTAG00000048743	H2AC8	uterine tube infundibulum	present	gold quality	49.45
ENSBTAG00000048743	H2AC8	conceptus	present	gold quality	98.31
ENSBTAG00000048743	H2AC8	oviduct epithelium	present	gold quality	45.87
ENSBTAG00000048743	H2AC8	olfactory segment of nasal mucosa	present	gold quality	32.49
ENSBTAG00000048743	H2AC8	abomasum	present	gold quality	49.91
ENSBTAG00000048743	H2AC8	abomasum	present	gold quality	48.65
ENSBTAG00000048743	H2AC8	abomasum	present	gold quality	50.59
ENSBTAG00000048743	H2AC8	rumen	present	gold quality	98.29
ENSBTAG00000048743	H2AC8	rumen	present	gold quality	77.89
ENSBTAG00000048743	H2AC8	surface of tongue	present	gold quality	54.41
ENSBTAG00000048743	H2AC8	surface of tongue	present	gold quality	54.31
ENSBTAG00000048743	H2AC8	rumen epithelium	present	gold quality	93.1
ENSBTAG00000048743	H2AC8	rumen epithelium	present	gold quality	44.82
ENSBTAG00000048743	H2AC8	rumen epithelium	present	gold quality	44.44
ENSBTAG00000048743	H2AC8	spiral colon	present	gold quality	97.29
ENSBTAG00000048743	H2AC8	omental fat pad	present	gold quality	45.64
ENSBTAG00000048743	H2AC8	omental fat pad	present	gold quality	40.43
ENSBTAG00000048743	H2AC8	metanephros cortex	present	gold quality	56.06
ENSBTAG00000048743	H2AC8	ampulla of uterine tube	present	gold quality	47.06
ENSBTAG00000048743	H2AC8	ampulla of uterine tube	present	gold quality	50.11
ENSBTAG00000048743	H2AC8	retropharyngeal lymph node	present	gold quality	57.14
ENSBTAG00000048743	H2AC8	isthmus of fallopian tube	present	gold quality	49.27
ENSBTAG00000048743	H2AC8	isthmus of fallopian tube	present	gold quality	49.23
ENSBTAG00000048743	H2AC8	intramuscular adipose tissue	present	gold quality	38.05
ENSBTAG00000048743	H2AC8	intramuscular adipose tissue	present	gold quality	44.45
ENSBTAG00000048743	H2AC8	scapular muscle	present	gold quality	60.06
ENSBTAG00000049451	LOC523631	spermatocyte	present	gold quality	50.41
ENSBTAG00000049451	LOC523631	spermatid	present	gold quality	64.12
ENSBTAG00000049451	LOC523631	oocyte	present	gold quality	65.47
ENSBTAG00000049451	LOC523631	testis	present	gold quality	75.36
ENSBTAG00000049451	LOC523631	testis	present	gold quality	51.7
ENSBTAG00000049451	LOC523631	testis	present	gold quality	92.6
ENSBTAG00000049451	LOC523631	testis	present	gold quality	90.67
ENSBTAG00000049451	LOC523631	testis	present	gold quality	95.94
ENSBTAG00000049451	LOC523631	brain	present	gold quality	23.77
ENSBTAG00000049451	LOC523631	skeletal muscle tissue	present	gold quality	43.05
ENSBTAG00000049451	LOC523631	semen	present	gold quality	96.86
ENSBTAG00000049451	LOC523631	caput epididymis	present	gold quality	65.52
ENSBTAG00000049451	LOC523631	corpus epididymis	present	gold quality	52.47
ENSBTAG00000049451	LOC523631	dorsal thalamus	present	gold quality	47.94
ENSBTAG00000050614	H2AC4	spermatocyte	present	gold quality	43.77
ENSBTAG00000050614	H2AC4	spermatid	present	gold quality	45.64
ENSBTAG00000050614	H2AC4	oocyte	present	gold quality	77.72
ENSBTAG00000050614	H2AC4	theca cell	present	gold quality	41.76
ENSBTAG00000050614	H2AC4	monocyte	present	gold quality	49.73
ENSBTAG00000050614	H2AC4	cumulus cell	present	gold quality	69.62
ENSBTAG00000050614	H2AC4	leukocyte	present	gold quality	68.44
ENSBTAG00000050614	H2AC4	leukocyte	present	gold quality	57.7
ENSBTAG00000050614	H2AC4	leukocyte	present	gold quality	77.39
ENSBTAG00000050614	H2AC4	leukocyte	present	gold quality	53.85
ENSBTAG00000050614	H2AC4	leukocyte	present	gold quality	49.74
ENSBTAG00000050614	H2AC4	leukocyte	present	gold quality	51.57
ENSBTAG00000050614	H2AC4	leukocyte	present	gold quality	55.26
ENSBTAG00000050614	H2AC4	leukocyte	present	gold quality	57.59
ENSBTAG00000050614	H2AC4	leukocyte	present	gold quality	67.7
ENSBTAG00000050614	H2AC4	leukocyte	present	gold quality	65.19
ENSBTAG00000050614	H2AC4	leukocyte	present	gold quality	50.98
ENSBTAG00000050614	H2AC4	neutrophil	present	gold quality	91.71
ENSBTAG00000050614	H2AC4	uterine cervix	present	gold quality	53.1
ENSBTAG00000050614	H2AC4	uterine cervix	present	gold quality	53.23
ENSBTAG00000050614	H2AC4	pituitary gland	present	gold quality	43.14
ENSBTAG00000050614	H2AC4	pituitary gland	present	gold quality	40.01
ENSBTAG00000050614	H2AC4	pituitary gland	present	gold quality	42.52
ENSBTAG00000050614	H2AC4	pituitary gland	present	gold quality	43.99
ENSBTAG00000050614	H2AC4	zone of skin	present	gold quality	44.8
ENSBTAG00000050614	H2AC4	lymph node	present	gold quality	53.48
ENSBTAG00000050614	H2AC4	lymph node	present	gold quality	57.3
ENSBTAG00000050614	H2AC4	urethra	present	gold quality	52.94
ENSBTAG00000050614	H2AC4	urethra	present	gold quality	52.89
ENSBTAG00000050614	H2AC4	adult mammalian kidney	present	gold quality	47.11
ENSBTAG00000050614	H2AC4	adult mammalian kidney	present	gold quality	51.28
ENSBTAG00000050614	H2AC4	adult mammalian kidney	present	gold quality	46.37
ENSBTAG00000050614	H2AC4	adult mammalian kidney	present	gold quality	48.22
ENSBTAG00000050614	H2AC4	blood	present	gold quality	54.92
ENSBTAG00000050614	H2AC4	blood	present	gold quality	54.64
ENSBTAG00000050614	H2AC4	blood	present	gold quality	55.32
ENSBTAG00000050614	H2AC4	blood	present	gold quality	52.79
ENSBTAG00000050614	H2AC4	renal medulla	present	gold quality	39.2
ENSBTAG00000050614	H2AC4	longissimus muscle	present	gold quality	99.39
ENSBTAG00000050614	H2AC4	longissimus muscle	present	gold quality	89.87
ENSBTAG00000050614	H2AC4	longissimus muscle	present	gold quality	46.97
ENSBTAG00000050614	H2AC4	multicellular organism	present	gold quality	41.75
ENSBTAG00000050614	H2AC4	testis	present	gold quality	66.17
ENSBTAG00000050614	H2AC4	testis	present	gold quality	77.35
ENSBTAG00000050614	H2AC4	testis	present	gold quality	40.34
ENSBTAG00000050614	H2AC4	testis	present	gold quality	59.84
ENSBTAG00000050614	H2AC4	ileocecal valve	present	gold quality	55.13
ENSBTAG00000050614	H2AC4	heart	present	gold quality	38.14
ENSBTAG00000050614	H2AC4	heart	present	gold quality	36.94
ENSBTAG00000050614	H2AC4	brain	present	gold quality	32.43
ENSBTAG00000050614	H2AC4	retina	present	gold quality	36.81
ENSBTAG00000050614	H2AC4	pons	present	gold quality	48.12
ENSBTAG00000050614	H2AC4	pons	present	gold quality	52.46
ENSBTAG00000050614	H2AC4	ovary	present	gold quality	42.34
ENSBTAG00000050614	H2AC4	ovary	present	gold quality	41.51
ENSBTAG00000050614	H2AC4	ovary	present	gold quality	38.26
ENSBTAG00000050614	H2AC4	ovary	present	gold quality	42.36
ENSBTAG00000050614	H2AC4	uterus	present	gold quality	31.15
ENSBTAG00000050614	H2AC4	uterus	present	gold quality	39.31
ENSBTAG00000050614	H2AC4	uterus	present	gold quality	43.9
ENSBTAG00000050614	H2AC4	adipose tissue	present	gold quality	37.94
ENSBTAG00000050614	H2AC4	adipose tissue	present	gold quality	40.76
ENSBTAG00000050614	H2AC4	adipose tissue	present	gold quality	43.7
ENSBTAG00000050614	H2AC4	adipose tissue	present	gold quality	43.64
ENSBTAG00000050614	H2AC4	adipose tissue	present	gold quality	45.72
ENSBTAG00000050614	H2AC4	adipose tissue	present	gold quality	39.57
ENSBTAG00000050614	H2AC4	saliva-secreting gland	present	gold quality	49.15
ENSBTAG00000050614	H2AC4	saliva-secreting gland	present	gold quality	49.17
ENSBTAG00000050614	H2AC4	diaphragm	present	gold quality	56.09
ENSBTAG00000050614	H2AC4	diaphragm	present	gold quality	56.05
ENSBTAG00000050614	H2AC4	intercostal muscle	present	gold quality	58.28
ENSBTAG00000050614	H2AC4	skeletal muscle tissue	present	gold quality	48.46
ENSBTAG00000050614	H2AC4	skeletal muscle tissue	present	gold quality	34.67
ENSBTAG00000050614	H2AC4	skeletal muscle tissue	present	gold quality	37.29
ENSBTAG00000050614	H2AC4	skeletal muscle tissue	present	gold quality	48.41
ENSBTAG00000050614	H2AC4	caecum	present	gold quality	55.16
ENSBTAG00000050614	H2AC4	caecum	present	gold quality	98.13
ENSBTAG00000050614	H2AC4	caecum	present	gold quality	55.04
ENSBTAG00000050614	H2AC4	colon	present	gold quality	46.06
ENSBTAG00000050614	H2AC4	descending colon	present	gold quality	50.96
ENSBTAG00000050614	H2AC4	descending colon	present	gold quality	98.31
ENSBTAG00000050614	H2AC4	descending colon	present	gold quality	50.94
ENSBTAG00000050614	H2AC4	cortex of kidney	present	gold quality	50.05
ENSBTAG00000050614	H2AC4	endometrium	present	gold quality	40.56
ENSBTAG00000050614	H2AC4	endometrium	present	gold quality	38.79
ENSBTAG00000050614	H2AC4	endometrium	present	gold quality	45.74
ENSBTAG00000050614	H2AC4	endometrium	present	gold quality	49.84
ENSBTAG00000050614	H2AC4	endometrium	present	gold quality	39.16
ENSBTAG00000050614	H2AC4	myometrium	present	gold quality	44.42
ENSBTAG00000050614	H2AC4	myometrium	present	gold quality	44.55
ENSBTAG00000050614	H2AC4	gluteus medius	present	gold quality	56.48
ENSBTAG00000050614	H2AC4	gluteus medius	present	gold quality	56.49
ENSBTAG00000050614	H2AC4	semitendinosus	present	gold quality	49.58
ENSBTAG00000050614	H2AC4	semitendinosus	present	gold quality	32.4
ENSBTAG00000050614	H2AC4	semitendinosus	present	gold quality	46.08
ENSBTAG00000050614	H2AC4	rectus femoris	present	gold quality	48.39
ENSBTAG00000050614	H2AC4	rectus femoris	present	gold quality	48.43
ENSBTAG00000050614	H2AC4	semimembranosus muscle	present	gold quality	46.17
ENSBTAG00000050614	H2AC4	longissimus thoracis muscle	present	gold quality	48.64
ENSBTAG00000050614	H2AC4	longissimus thoracis muscle	present	gold quality	28.44
ENSBTAG00000050614	H2AC4	longissimus thoracis muscle	present	gold quality	33.66
ENSBTAG00000050614	H2AC4	longissimus thoracis muscle	present	gold quality	35.84
ENSBTAG00000050614	H2AC4	longissimus thoracis muscle	present	gold quality	39.08
ENSBTAG00000050614	H2AC4	tongue	present	gold quality	49.15
ENSBTAG00000050614	H2AC4	tongue	present	gold quality	49.05
ENSBTAG00000050614	H2AC4	nasopharynx	present	gold quality	49.42
ENSBTAG00000050614	H2AC4	pharyngeal tonsil	present	gold quality	51.86
ENSBTAG00000050614	H2AC4	laryngeal cartilage	present	gold quality	48.12
ENSBTAG00000050614	H2AC4	laryngeal cartilage	present	gold quality	48.06
ENSBTAG00000050614	H2AC4	anterior segment of eyeball	present	gold quality	50.07
ENSBTAG00000050614	H2AC4	mammary gland	present	gold quality	39.1
ENSBTAG00000050614	H2AC4	mammary gland	present	gold quality	44.35
ENSBTAG00000050614	H2AC4	mammary gland	present	gold quality	41.41
ENSBTAG00000050614	H2AC4	mammary gland	present	gold quality	42.21
ENSBTAG00000050614	H2AC4	milk	present	gold quality	74.56
ENSBTAG00000050614	H2AC4	milk	present	gold quality	68.56
ENSBTAG00000050614	H2AC4	semen	present	gold quality	97.16
ENSBTAG00000050614	H2AC4	placenta	present	gold quality	43.09
ENSBTAG00000050614	H2AC4	placenta	present	gold quality	58.75
ENSBTAG00000050614	H2AC4	gluteal muscle	present	gold quality	69.4
ENSBTAG00000050614	H2AC4	thyroid gland	present	gold quality	58.03
ENSBTAG00000050614	H2AC4	thyroid gland	present	gold quality	40.78
ENSBTAG00000050614	H2AC4	lung	present	gold quality	37.28
ENSBTAG00000050614	H2AC4	lung	present	gold quality	37.01
ENSBTAG00000050614	H2AC4	lung	present	gold quality	32.06
ENSBTAG00000050614	H2AC4	lung	present	gold quality	30.77
ENSBTAG00000050614	H2AC4	cardiac ventricle	present	gold quality	41.83
ENSBTAG00000050614	H2AC4	spleen	present	gold quality	43.52
ENSBTAG00000050614	H2AC4	spleen	present	gold quality	49.63
ENSBTAG00000050614	H2AC4	spleen	present	gold quality	51.15
ENSBTAG00000050614	H2AC4	spleen	present	gold quality	51.73
ENSBTAG00000050614	H2AC4	liver	present	gold quality	49.85
ENSBTAG00000050614	H2AC4	liver	present	gold quality	42.14
ENSBTAG00000050614	H2AC4	liver	present	gold quality	43.3
ENSBTAG00000050614	H2AC4	liver	present	gold quality	40.29
ENSBTAG00000050614	H2AC4	liver	present	gold quality	33.73
ENSBTAG00000050614	H2AC4	liver	present	gold quality	40.87
ENSBTAG00000050614	H2AC4	liver	present	gold quality	54.15
ENSBTAG00000050614	H2AC4	liver	present	gold quality	59.91
ENSBTAG00000050614	H2AC4	liver	present	gold quality	33.35
ENSBTAG00000050614	H2AC4	liver	present	gold quality	38.26
ENSBTAG00000050614	H2AC4	liver	present	gold quality	47.63
ENSBTAG00000050614	H2AC4	gall bladder	present	gold quality	50.26
ENSBTAG00000050614	H2AC4	gall bladder	present	gold quality	54.31
ENSBTAG00000050614	H2AC4	kidney	present	gold quality	50.05
ENSBTAG00000050614	H2AC4	duodenum	present	gold quality	54.14
ENSBTAG00000050614	H2AC4	duodenum	present	gold quality	64.03
ENSBTAG00000050614	H2AC4	duodenum	present	gold quality	53.81
ENSBTAG00000050614	H2AC4	duodenum	present	gold quality	54.13
ENSBTAG00000050614	H2AC4	jejunum	present	gold quality	34.18
ENSBTAG00000050614	H2AC4	jejunum	present	gold quality	66.63
ENSBTAG00000050614	H2AC4	jejunum	present	gold quality	56.38
ENSBTAG00000050614	H2AC4	ileum	present	gold quality	57.2
ENSBTAG00000050614	H2AC4	ileum	present	gold quality	63.98
ENSBTAG00000050614	H2AC4	ileum	present	gold quality	99.63
ENSBTAG00000050614	H2AC4	ileum	present	gold quality	78.27
ENSBTAG00000050614	H2AC4	ileum	present	gold quality	59.36
ENSBTAG00000050614	H2AC4	subcutaneous adipose tissue	present	gold quality	69.29
ENSBTAG00000050614	H2AC4	subcutaneous adipose tissue	present	gold quality	34.48
ENSBTAG00000050614	H2AC4	subcutaneous adipose tissue	present	gold quality	34.22
ENSBTAG00000050614	H2AC4	subcutaneous adipose tissue	present	gold quality	32.13
ENSBTAG00000050614	H2AC4	adenohypophysis	present	gold quality	49.13
ENSBTAG00000050614	H2AC4	adenohypophysis	present	gold quality	49.31
ENSBTAG00000050614	H2AC4	adrenal gland	present	gold quality	54.54
ENSBTAG00000050614	H2AC4	adrenal gland	present	gold quality	54.94
ENSBTAG00000050614	H2AC4	adrenal gland	present	gold quality	61.91
ENSBTAG00000050614	H2AC4	thymus	present	gold quality	61.47
ENSBTAG00000050614	H2AC4	bone marrow	present	gold quality	59.21
ENSBTAG00000050614	H2AC4	bone marrow	present	gold quality	59.27
ENSBTAG00000050614	H2AC4	muscle tissue	present	gold quality	33.91
ENSBTAG00000050614	H2AC4	muscle tissue	present	gold quality	35.46
ENSBTAG00000050614	H2AC4	muscle tissue	present	gold quality	33.41
ENSBTAG00000050614	H2AC4	muscle tissue	present	gold quality	45.77
ENSBTAG00000050614	H2AC4	abdominal lymph node	present	gold quality	55.42
ENSBTAG00000050614	H2AC4	mesenteric lymph node	present	gold quality	56.37
ENSBTAG00000050614	H2AC4	mesenteric lymph node	present	gold quality	56.34
ENSBTAG00000050614	H2AC4	corpus luteum	present	gold quality	56.91
ENSBTAG00000050614	H2AC4	corpus luteum	present	gold quality	57.13
ENSBTAG00000050614	H2AC4	trachea	present	gold quality	51.94
ENSBTAG00000050614	H2AC4	trachea	present	gold quality	51.87
ENSBTAG00000050614	H2AC4	uterine tube infundibulum	present	gold quality	39.99
ENSBTAG00000050614	H2AC4	uterine tube infundibulum	present	gold quality	45.24
ENSBTAG00000050614	H2AC4	mammary gland fat	present	gold quality	47.62
ENSBTAG00000050614	H2AC4	dorsal thalamus	present	gold quality	40.37
ENSBTAG00000050614	H2AC4	conceptus	present	gold quality	98.46
ENSBTAG00000050614	H2AC4	olfactory segment of nasal mucosa	present	gold quality	24.25
ENSBTAG00000050614	H2AC4	olfactory segment of nasal mucosa	present	gold quality	31.94
ENSBTAG00000050614	H2AC4	abomasum	present	gold quality	54.58
ENSBTAG00000050614	H2AC4	abomasum	present	gold quality	55.49
ENSBTAG00000050614	H2AC4	abomasum	present	gold quality	54.15
ENSBTAG00000050614	H2AC4	rumen	present	gold quality	98.57
ENSBTAG00000050614	H2AC4	rumen	present	gold quality	77.38
ENSBTAG00000050614	H2AC4	surface of tongue	present	gold quality	54.44
ENSBTAG00000050614	H2AC4	surface of tongue	present	gold quality	54.33
ENSBTAG00000050614	H2AC4	rumen epithelium	present	gold quality	95.23
ENSBTAG00000050614	H2AC4	rumen epithelium	present	gold quality	48.16
ENSBTAG00000050614	H2AC4	rumen epithelium	present	gold quality	44.26
ENSBTAG00000050614	H2AC4	rumen papilla	present	gold quality	34.73
ENSBTAG00000050614	H2AC4	spiral colon	present	gold quality	98.14
ENSBTAG00000050614	H2AC4	omental fat pad	present	gold quality	43.46
ENSBTAG00000050614	H2AC4	omental fat pad	present	gold quality	46.06
ENSBTAG00000050614	H2AC4	metanephros cortex	present	gold quality	49.85
ENSBTAG00000050614	H2AC4	ampulla of uterine tube	present	gold quality	41.35
ENSBTAG00000050614	H2AC4	ampulla of uterine tube	present	gold quality	48.81
ENSBTAG00000050614	H2AC4	retropharyngeal lymph node	present	gold quality	52.42
ENSBTAG00000050614	H2AC4	isthmus of fallopian tube	present	gold quality	34.15
ENSBTAG00000050614	H2AC4	isthmus of fallopian tube	present	gold quality	34.15
ENSBTAG00000050614	H2AC4	intramuscular adipose tissue	present	gold quality	48.84
ENSBTAG00000050614	H2AC4	intramuscular adipose tissue	present	gold quality	43.43
ENSBTAG00000050614	H2AC4	scapular muscle	present	gold quality	35.99
ENSBTAG00000050614	H2AC4	parenchyma of mammary gland	present	gold quality	46.49
ENSBTAG00000051969	H2AC14	spermatid	present	gold quality	50.05
ENSBTAG00000051969	H2AC14	oocyte	present	gold quality	69.3
ENSBTAG00000051969	H2AC14	granulosa cell	present	gold quality	62.96
ENSBTAG00000051969	H2AC14	theca cell	present	gold quality	62.2
ENSBTAG00000051969	H2AC14	monocyte	present	gold quality	45.01
ENSBTAG00000051969	H2AC14	cumulus cell	present	gold quality	60.52
ENSBTAG00000051969	H2AC14	leukocyte	present	gold quality	58.27
ENSBTAG00000051969	H2AC14	leukocyte	present	gold quality	37.16
ENSBTAG00000051969	H2AC14	leukocyte	present	gold quality	61.45
ENSBTAG00000051969	H2AC14	leukocyte	present	gold quality	49.95
ENSBTAG00000051969	H2AC14	leukocyte	present	gold quality	44.82
ENSBTAG00000051969	H2AC14	leukocyte	present	gold quality	52.84
ENSBTAG00000051969	H2AC14	leukocyte	present	gold quality	49.88
ENSBTAG00000051969	H2AC14	leukocyte	present	gold quality	37.01
ENSBTAG00000051969	H2AC14	leukocyte	present	gold quality	51.19
ENSBTAG00000051969	H2AC14	leukocyte	present	gold quality	50.91
ENSBTAG00000051969	H2AC14	leukocyte	present	gold quality	50.03
ENSBTAG00000051969	H2AC14	neutrophil	present	gold quality	72.14
ENSBTAG00000051969	H2AC14	pituitary gland	present	gold quality	47.03
ENSBTAG00000051969	H2AC14	pituitary gland	present	gold quality	42.85
ENSBTAG00000051969	H2AC14	lymph node	present	gold quality	46.36
ENSBTAG00000051969	H2AC14	lymph node	present	gold quality	48.64
ENSBTAG00000051969	H2AC14	ureter	present	gold quality	50.87
ENSBTAG00000051969	H2AC14	ureter	present	gold quality	50.96
ENSBTAG00000051969	H2AC14	urethra	present	gold quality	41.4
ENSBTAG00000051969	H2AC14	urethra	present	gold quality	41.36
ENSBTAG00000051969	H2AC14	blood	present	gold quality	43.74
ENSBTAG00000051969	H2AC14	blood	present	gold quality	43.07
ENSBTAG00000051969	H2AC14	longissimus muscle	present	gold quality	97.35
ENSBTAG00000051969	H2AC14	longissimus muscle	present	gold quality	71.86
ENSBTAG00000051969	H2AC14	longissimus muscle	present	gold quality	43.06
ENSBTAG00000051969	H2AC14	multicellular organism	present	gold quality	42.77
ENSBTAG00000051969	H2AC14	testis	present	gold quality	63.32
ENSBTAG00000051969	H2AC14	testis	present	gold quality	73.9
ENSBTAG00000051969	H2AC14	testis	present	gold quality	50.1
ENSBTAG00000051969	H2AC14	testis	present	gold quality	48.99
ENSBTAG00000051969	H2AC14	testis	present	gold quality	56.75
ENSBTAG00000051969	H2AC14	ileocecal valve	present	gold quality	58.45
ENSBTAG00000051969	H2AC14	aorta	present	gold quality	42.68
ENSBTAG00000051969	H2AC14	brain	present	gold quality	33.66
ENSBTAG00000051969	H2AC14	cerebral cortex	present	gold quality	42.04
ENSBTAG00000051969	H2AC14	cerebral cortex	present	gold quality	46.28
ENSBTAG00000051969	H2AC14	retina	present	gold quality	55.29
ENSBTAG00000051969	H2AC14	pons	present	gold quality	48.05
ENSBTAG00000051969	H2AC14	pons	present	gold quality	55.33
ENSBTAG00000051969	H2AC14	ovary	present	gold quality	47.49
ENSBTAG00000051969	H2AC14	ovary	present	gold quality	48.08
ENSBTAG00000051969	H2AC14	ovary	present	gold quality	60.54
ENSBTAG00000051969	H2AC14	uterus	present	gold quality	43.63
ENSBTAG00000051969	H2AC14	uterus	present	gold quality	43.55
ENSBTAG00000051969	H2AC14	uterus	present	gold quality	37.31
ENSBTAG00000051969	H2AC14	adipose tissue	present	gold quality	47.68
ENSBTAG00000051969	H2AC14	adipose tissue	present	gold quality	30.53
ENSBTAG00000051969	H2AC14	adipose tissue	present	gold quality	46.59
ENSBTAG00000051969	H2AC14	adipose tissue	present	gold quality	43.86
ENSBTAG00000051969	H2AC14	adipose tissue	present	gold quality	46.08
ENSBTAG00000051969	H2AC14	saliva-secreting gland	present	gold quality	45.92
ENSBTAG00000051969	H2AC14	saliva-secreting gland	present	gold quality	45.9
ENSBTAG00000051969	H2AC14	diaphragm	present	gold quality	58.94
ENSBTAG00000051969	H2AC14	diaphragm	present	gold quality	58.93
ENSBTAG00000051969	H2AC14	intercostal muscle	present	gold quality	41.75
ENSBTAG00000051969	H2AC14	skeletal muscle tissue	present	gold quality	39.89
ENSBTAG00000051969	H2AC14	skeletal muscle tissue	present	gold quality	42.02
ENSBTAG00000051969	H2AC14	skeletal muscle tissue	present	gold quality	39.88
ENSBTAG00000051969	H2AC14	caecum	present	gold quality	46.84
ENSBTAG00000051969	H2AC14	caecum	present	gold quality	95.81
ENSBTAG00000051969	H2AC14	caecum	present	gold quality	46.82
ENSBTAG00000051969	H2AC14	colon	present	gold quality	44.03
ENSBTAG00000051969	H2AC14	descending colon	present	gold quality	47.08
ENSBTAG00000051969	H2AC14	descending colon	present	gold quality	96.72
ENSBTAG00000051969	H2AC14	descending colon	present	gold quality	47.06
ENSBTAG00000051969	H2AC14	cortex of kidney	present	gold quality	42.29
ENSBTAG00000051969	H2AC14	endometrium	present	gold quality	39.71
ENSBTAG00000051969	H2AC14	endometrium	present	gold quality	41.7
ENSBTAG00000051969	H2AC14	endometrium	present	gold quality	42.93
ENSBTAG00000051969	H2AC14	endometrium	present	gold quality	45.15
ENSBTAG00000051969	H2AC14	semitendinosus	present	gold quality	50.2
ENSBTAG00000051969	H2AC14	semitendinosus	present	gold quality	38.4
ENSBTAG00000051969	H2AC14	semitendinosus	present	gold quality	53.1
ENSBTAG00000051969	H2AC14	longissimus thoracis muscle	present	gold quality	31.94
ENSBTAG00000051969	H2AC14	longissimus thoracis muscle	present	gold quality	43.76
ENSBTAG00000051969	H2AC14	longissimus thoracis muscle	present	gold quality	38.81
ENSBTAG00000051969	H2AC14	longissimus thoracis muscle	present	gold quality	44.56
ENSBTAG00000051969	H2AC14	tongue	present	gold quality	54.33
ENSBTAG00000051969	H2AC14	tongue	present	gold quality	54.29
ENSBTAG00000051969	H2AC14	nasopharynx	present	gold quality	49.95
ENSBTAG00000051969	H2AC14	pharyngeal tonsil	present	gold quality	50.24
ENSBTAG00000051969	H2AC14	anterior segment of eyeball	present	gold quality	54.88
ENSBTAG00000051969	H2AC14	frontal cortex	present	gold quality	41.78
ENSBTAG00000051969	H2AC14	frontal cortex	present	gold quality	42.37
ENSBTAG00000051969	H2AC14	midbrain	present	gold quality	50.32
ENSBTAG00000051969	H2AC14	hypothalamus	present	gold quality	43.09
ENSBTAG00000051969	H2AC14	hypothalamus	present	gold quality	43.1
ENSBTAG00000051969	H2AC14	hypothalamus	present	gold quality	45.32
ENSBTAG00000051969	H2AC14	mammary gland	present	gold quality	40.78
ENSBTAG00000051969	H2AC14	mammary gland	present	gold quality	85.73
ENSBTAG00000051969	H2AC14	milk	present	gold quality	41.15
ENSBTAG00000051969	H2AC14	milk	present	gold quality	40.12
ENSBTAG00000051969	H2AC14	Ammon's horn	present	gold quality	53.89
ENSBTAG00000051969	H2AC14	placenta	present	gold quality	36.57
ENSBTAG00000051969	H2AC14	placenta	present	gold quality	46.48
ENSBTAG00000051969	H2AC14	gluteal muscle	present	gold quality	45.17
ENSBTAG00000051969	H2AC14	cerebellum	present	gold quality	60.31
ENSBTAG00000051969	H2AC14	cerebellum	present	gold quality	60.34
ENSBTAG00000051969	H2AC14	lung	present	gold quality	41.19
ENSBTAG00000051969	H2AC14	lung	present	gold quality	33.11
ENSBTAG00000051969	H2AC14	lung	present	gold quality	29.67
ENSBTAG00000051969	H2AC14	spleen	present	gold quality	49.76
ENSBTAG00000051969	H2AC14	spleen	present	gold quality	44.28
ENSBTAG00000051969	H2AC14	spleen	present	gold quality	56.45
ENSBTAG00000051969	H2AC14	spleen	present	gold quality	40.84
ENSBTAG00000051969	H2AC14	spleen	present	gold quality	42.83
ENSBTAG00000051969	H2AC14	liver	present	gold quality	45.42
ENSBTAG00000051969	H2AC14	liver	present	gold quality	30.56
ENSBTAG00000051969	H2AC14	liver	present	gold quality	45.56
ENSBTAG00000051969	H2AC14	liver	present	gold quality	33.35
ENSBTAG00000051969	H2AC14	liver	present	gold quality	50.37
ENSBTAG00000051969	H2AC14	liver	present	gold quality	37.05
ENSBTAG00000051969	H2AC14	liver	present	gold quality	30.85
ENSBTAG00000051969	H2AC14	gall bladder	present	gold quality	50.2
ENSBTAG00000051969	H2AC14	gall bladder	present	gold quality	59.07
ENSBTAG00000051969	H2AC14	kidney	present	gold quality	33.48
ENSBTAG00000051969	H2AC14	duodenum	present	gold quality	55.55
ENSBTAG00000051969	H2AC14	duodenum	present	gold quality	58.5
ENSBTAG00000051969	H2AC14	duodenum	present	gold quality	47.85
ENSBTAG00000051969	H2AC14	duodenum	present	gold quality	55.51
ENSBTAG00000051969	H2AC14	jejunum	present	gold quality	44.72
ENSBTAG00000051969	H2AC14	jejunum	present	gold quality	56.96
ENSBTAG00000051969	H2AC14	jejunum	present	gold quality	43.99
ENSBTAG00000051969	H2AC14	jejunum	present	gold quality	46.75
ENSBTAG00000051969	H2AC14	ileum	present	gold quality	41.7
ENSBTAG00000051969	H2AC14	ileum	present	gold quality	47.7
ENSBTAG00000051969	H2AC14	ileum	present	gold quality	99.07
ENSBTAG00000051969	H2AC14	ileum	present	gold quality	73.76
ENSBTAG00000051969	H2AC14	ileum	present	gold quality	45.16
ENSBTAG00000051969	H2AC14	subcutaneous adipose tissue	present	gold quality	53.76
ENSBTAG00000051969	H2AC14	subcutaneous adipose tissue	present	gold quality	49.65
ENSBTAG00000051969	H2AC14	subcutaneous adipose tissue	present	gold quality	49.67
ENSBTAG00000051969	H2AC14	subcutaneous adipose tissue	present	gold quality	41.72
ENSBTAG00000051969	H2AC14	adenohypophysis	present	gold quality	46.07
ENSBTAG00000051969	H2AC14	adenohypophysis	present	gold quality	46.02
ENSBTAG00000051969	H2AC14	neurohypophysis	present	gold quality	43.86
ENSBTAG00000051969	H2AC14	neurohypophysis	present	gold quality	44.08
ENSBTAG00000051969	H2AC14	adrenal gland	present	gold quality	49.48
ENSBTAG00000051969	H2AC14	adrenal gland	present	gold quality	49.6
ENSBTAG00000051969	H2AC14	thymus	present	gold quality	49.87
ENSBTAG00000051969	H2AC14	bone marrow	present	gold quality	56.21
ENSBTAG00000051969	H2AC14	bone marrow	present	gold quality	56.21
ENSBTAG00000051969	H2AC14	muscle tissue	present	gold quality	39.71
ENSBTAG00000051969	H2AC14	muscle tissue	present	gold quality	34.78
ENSBTAG00000051969	H2AC14	muscle tissue	present	gold quality	40.23
ENSBTAG00000051969	H2AC14	trachea	present	gold quality	45.33
ENSBTAG00000051969	H2AC14	trachea	present	gold quality	45.25
ENSBTAG00000051969	H2AC14	floor plate of diencephalon	present	gold quality	53.45
ENSBTAG00000051969	H2AC14	uterine tube infundibulum	present	gold quality	50.32
ENSBTAG00000051969	H2AC14	uterine tube infundibulum	present	gold quality	51.9
ENSBTAG00000051969	H2AC14	corpus epididymis	present	gold quality	48.97
ENSBTAG00000051969	H2AC14	dorsal thalamus	present	gold quality	43.76
ENSBTAG00000051969	H2AC14	conceptus	present	gold quality	98.11
ENSBTAG00000051969	H2AC14	digestive system secreted substance	present	gold quality	53.76
ENSBTAG00000051969	H2AC14	abomasum	present	gold quality	52.82
ENSBTAG00000051969	H2AC14	abomasum	present	gold quality	51.74
ENSBTAG00000051969	H2AC14	abomasum	present	gold quality	53.36
ENSBTAG00000051969	H2AC14	ruminant reticulum	present	gold quality	55.83
ENSBTAG00000051969	H2AC14	ruminant reticulum	present	gold quality	55.81
ENSBTAG00000051969	H2AC14	rumen	present	gold quality	95.55
ENSBTAG00000051969	H2AC14	rumen	present	gold quality	73.41
ENSBTAG00000051969	H2AC14	rumen	present	gold quality	58.13
ENSBTAG00000051969	H2AC14	surface of tongue	present	gold quality	55.48
ENSBTAG00000051969	H2AC14	surface of tongue	present	gold quality	55.43
ENSBTAG00000051969	H2AC14	pigment epithelium of eye	present	gold quality	46.38
ENSBTAG00000051969	H2AC14	pigment epithelium of eye	present	gold quality	46.42
ENSBTAG00000051969	H2AC14	rumen epithelium	present	gold quality	89.02
ENSBTAG00000051969	H2AC14	rumen epithelium	present	gold quality	40.71
ENSBTAG00000051969	H2AC14	rumen epithelium	present	gold quality	56.27
ENSBTAG00000051969	H2AC14	rumen papilla	present	gold quality	62.91
ENSBTAG00000051969	H2AC14	rumen papilla	present	gold quality	52.51
ENSBTAG00000051969	H2AC14	rumen papilla	present	gold quality	62.96
ENSBTAG00000051969	H2AC14	spiral colon	present	gold quality	95.79
ENSBTAG00000051969	H2AC14	metanephros cortex	present	gold quality	41.95
ENSBTAG00000051969	H2AC14	ampulla of uterine tube	present	gold quality	37.47
ENSBTAG00000051969	H2AC14	ampulla of uterine tube	present	gold quality	43.85
ENSBTAG00000051969	H2AC14	retropharyngeal lymph node	present	gold quality	46.5
ENSBTAG00000051969	H2AC14	temporal cortex	present	gold quality	52.52
ENSBTAG00000051969	H2AC14	temporal cortex	present	gold quality	52.24
ENSBTAG00000051969	H2AC14	isthmus of fallopian tube	present	gold quality	49.11
ENSBTAG00000051969	H2AC14	isthmus of fallopian tube	present	gold quality	49.1
ENSBTAG00000051969	H2AC14	scapular muscle	present	gold quality	33.51
ENSBTAG00000052113	LOC617633	spermatocyte	present	gold quality	48.96
ENSBTAG00000052113	LOC617633	spermatid	present	gold quality	64.79
ENSBTAG00000052113	LOC617633	oocyte	present	gold quality	94.5
ENSBTAG00000052113	LOC617633	cumulus cell	present	gold quality	37.26
ENSBTAG00000052113	LOC617633	testis	present	gold quality	68.82
ENSBTAG00000052113	LOC617633	testis	present	gold quality	38.36
ENSBTAG00000052113	LOC617633	testis	present	gold quality	90.43
ENSBTAG00000052113	LOC617633	testis	present	gold quality	88.33
ENSBTAG00000052113	LOC617633	testis	present	gold quality	95.07
ENSBTAG00000052113	LOC617633	skeletal muscle tissue	present	gold quality	36.19
ENSBTAG00000052113	LOC617633	endometrium	present	gold quality	33.61
ENSBTAG00000052113	LOC617633	semen	present	gold quality	98.1
ENSBTAG00000052113	LOC617633	caput epididymis	present	gold quality	67.83
ENSBTAG00000052113	LOC617633	corpus epididymis	present	gold quality	53.28
ENSBTAG00000052113	LOC617633	dorsal thalamus	present	gold quality	45.0
ENSBTAG00000052895	H2AC10	oocyte	present	gold quality	83.25
ENSBTAG00000052895	H2AC10	theca cell	present	gold quality	39.14
ENSBTAG00000052895	H2AC10	cumulus cell	present	gold quality	50.04
ENSBTAG00000052895	H2AC10	leukocyte	present	gold quality	70.34
ENSBTAG00000052895	H2AC10	leukocyte	present	gold quality	30.27
ENSBTAG00000052895	H2AC10	leukocyte	present	gold quality	77.13
ENSBTAG00000052895	H2AC10	leukocyte	present	gold quality	30.05
ENSBTAG00000052895	H2AC10	leukocyte	present	gold quality	60.54
ENSBTAG00000052895	H2AC10	leukocyte	present	gold quality	61.97
ENSBTAG00000052895	H2AC10	neutrophil	present	gold quality	81.13
ENSBTAG00000052895	H2AC10	uterine cervix	present	gold quality	51.73
ENSBTAG00000052895	H2AC10	uterine cervix	present	gold quality	51.79
ENSBTAG00000052895	H2AC10	pituitary gland	present	gold quality	35.46
ENSBTAG00000052895	H2AC10	pituitary gland	present	gold quality	38.82
ENSBTAG00000052895	H2AC10	pituitary gland	present	gold quality	39.71
ENSBTAG00000052895	H2AC10	lymph node	present	gold quality	48.38
ENSBTAG00000052895	H2AC10	lymph node	present	gold quality	52.81
ENSBTAG00000052895	H2AC10	longissimus muscle	present	gold quality	98.59
ENSBTAG00000052895	H2AC10	longissimus muscle	present	gold quality	90.18
ENSBTAG00000052895	H2AC10	longissimus muscle	present	gold quality	44.7
ENSBTAG00000052895	H2AC10	multicellular organism	present	gold quality	33.7
ENSBTAG00000052895	H2AC10	testis	present	gold quality	57.36
ENSBTAG00000052895	H2AC10	testis	present	gold quality	74.44
ENSBTAG00000052895	H2AC10	testis	present	gold quality	49.4
ENSBTAG00000052895	H2AC10	ileocecal valve	present	gold quality	48.16
ENSBTAG00000052895	H2AC10	brain	present	gold quality	26.19
ENSBTAG00000052895	H2AC10	cerebral cortex	present	gold quality	28.01
ENSBTAG00000052895	H2AC10	cerebral cortex	present	gold quality	26.1
ENSBTAG00000052895	H2AC10	retina	present	gold quality	47.59
ENSBTAG00000052895	H2AC10	ovary	present	gold quality	37.99
ENSBTAG00000052895	H2AC10	uterus	present	gold quality	39.17
ENSBTAG00000052895	H2AC10	adipose tissue	present	gold quality	36.33
ENSBTAG00000052895	H2AC10	adipose tissue	present	gold quality	33.29
ENSBTAG00000052895	H2AC10	saliva-secreting gland	present	gold quality	56.61
ENSBTAG00000052895	H2AC10	saliva-secreting gland	present	gold quality	56.67
ENSBTAG00000052895	H2AC10	diaphragm	present	gold quality	44.85
ENSBTAG00000052895	H2AC10	diaphragm	present	gold quality	44.82
ENSBTAG00000052895	H2AC10	intercostal muscle	present	gold quality	43.8
ENSBTAG00000052895	H2AC10	caecum	present	gold quality	47.07
ENSBTAG00000052895	H2AC10	caecum	present	gold quality	95.74
ENSBTAG00000052895	H2AC10	caecum	present	gold quality	46.99
ENSBTAG00000052895	H2AC10	colon	present	gold quality	33.17
ENSBTAG00000052895	H2AC10	descending colon	present	gold quality	96.86
ENSBTAG00000052895	H2AC10	urinary bladder	present	gold quality	54.8
ENSBTAG00000052895	H2AC10	urinary bladder	present	gold quality	54.91
ENSBTAG00000052895	H2AC10	endometrium	present	gold quality	37.97
ENSBTAG00000052895	H2AC10	endometrium	present	gold quality	37.92
ENSBTAG00000052895	H2AC10	endometrium	present	gold quality	39.0
ENSBTAG00000052895	H2AC10	semitendinosus	present	gold quality	32.79
ENSBTAG00000052895	H2AC10	longissimus thoracis muscle	present	gold quality	49.21
ENSBTAG00000052895	H2AC10	longissimus thoracis muscle	present	gold quality	28.14
ENSBTAG00000052895	H2AC10	nasopharynx	present	gold quality	43.05
ENSBTAG00000052895	H2AC10	pharyngeal tonsil	present	gold quality	43.21
ENSBTAG00000052895	H2AC10	frontal cortex	present	gold quality	31.43
ENSBTAG00000052895	H2AC10	frontal cortex	present	gold quality	32.89
ENSBTAG00000052895	H2AC10	mammary gland	present	gold quality	35.02
ENSBTAG00000052895	H2AC10	mammary gland	present	gold quality	80.25
ENSBTAG00000052895	H2AC10	milk	present	gold quality	50.83
ENSBTAG00000052895	H2AC10	milk	present	gold quality	47.6
ENSBTAG00000052895	H2AC10	placenta	present	gold quality	37.91
ENSBTAG00000052895	H2AC10	placenta	present	gold quality	49.0
ENSBTAG00000052895	H2AC10	gluteal muscle	present	gold quality	48.41
ENSBTAG00000052895	H2AC10	lung	present	gold quality	47.45
ENSBTAG00000052895	H2AC10	spleen	present	gold quality	44.63
ENSBTAG00000052895	H2AC10	spleen	present	gold quality	44.51
ENSBTAG00000052895	H2AC10	spleen	present	gold quality	49.01
ENSBTAG00000052895	H2AC10	spleen	present	gold quality	49.35
ENSBTAG00000052895	H2AC10	liver	present	gold quality	36.1
ENSBTAG00000052895	H2AC10	liver	present	gold quality	34.46
ENSBTAG00000052895	H2AC10	liver	present	gold quality	36.52
ENSBTAG00000052895	H2AC10	liver	present	gold quality	37.26
ENSBTAG00000052895	H2AC10	liver	present	gold quality	47.29
ENSBTAG00000052895	H2AC10	liver	present	gold quality	31.5
ENSBTAG00000052895	H2AC10	liver	present	gold quality	42.77
ENSBTAG00000052895	H2AC10	gall bladder	present	gold quality	43.19
ENSBTAG00000052895	H2AC10	gall bladder	present	gold quality	42.59
ENSBTAG00000052895	H2AC10	duodenum	present	gold quality	53.36
ENSBTAG00000052895	H2AC10	jejunum	present	gold quality	53.85
ENSBTAG00000052895	H2AC10	jejunum	present	gold quality	39.99
ENSBTAG00000052895	H2AC10	ileum	present	gold quality	43.78
ENSBTAG00000052895	H2AC10	ileum	present	gold quality	41.96
ENSBTAG00000052895	H2AC10	ileum	present	gold quality	99.15
ENSBTAG00000052895	H2AC10	ileum	present	gold quality	72.18
ENSBTAG00000052895	H2AC10	ileum	present	gold quality	45.54
ENSBTAG00000052895	H2AC10	subcutaneous adipose tissue	present	gold quality	66.78
ENSBTAG00000052895	H2AC10	subcutaneous adipose tissue	present	gold quality	31.22
ENSBTAG00000052895	H2AC10	adrenal gland	present	gold quality	49.66
ENSBTAG00000052895	H2AC10	adrenal gland	present	gold quality	49.89
ENSBTAG00000052895	H2AC10	thymus	present	gold quality	49.13
ENSBTAG00000052895	H2AC10	abdominal lymph node	present	gold quality	48.44
ENSBTAG00000052895	H2AC10	mesenteric lymph node	present	gold quality	52.28
ENSBTAG00000052895	H2AC10	mesenteric lymph node	present	gold quality	52.28
ENSBTAG00000052895	H2AC10	conceptus	present	gold quality	98.08
ENSBTAG00000052895	H2AC10	digestive system secreted substance	present	gold quality	52.26
ENSBTAG00000052895	H2AC10	abomasum	present	gold quality	43.16
ENSBTAG00000052895	H2AC10	abomasum	present	gold quality	47.48
ENSBTAG00000052895	H2AC10	rumen	present	gold quality	97.35
ENSBTAG00000052895	H2AC10	rumen	present	gold quality	70.78
ENSBTAG00000052895	H2AC10	rumen	present	gold quality	40.73
ENSBTAG00000052895	H2AC10	rumen epithelium	present	gold quality	90.58
ENSBTAG00000052895	H2AC10	rumen epithelium	present	gold quality	33.94
ENSBTAG00000052895	H2AC10	rumen epithelium	present	gold quality	33.46
ENSBTAG00000052895	H2AC10	rumen papilla	present	gold quality	30.94
ENSBTAG00000052895	H2AC10	spiral colon	present	gold quality	95.56
ENSBTAG00000052895	H2AC10	ampulla of uterine tube	present	gold quality	35.29
ENSBTAG00000052895	H2AC10	ampulla of uterine tube	present	gold quality	41.14
ENSBTAG00000052895	H2AC10	retropharyngeal lymph node	present	gold quality	43.13
ENSBTAG00000052895	H2AC10	scapular muscle	present	gold quality	35.16
ENSBTAG00000053621	H2AC17	oocyte	present	gold quality	79.44
ENSBTAG00000053621	H2AC17	cumulus cell	present	gold quality	42.27
ENSBTAG00000053621	H2AC17	leukocyte	present	gold quality	52.52
ENSBTAG00000053621	H2AC17	leukocyte	present	gold quality	48.74
ENSBTAG00000053621	H2AC17	leukocyte	present	gold quality	45.97
ENSBTAG00000053621	H2AC17	neutrophil	present	gold quality	61.27
ENSBTAG00000053621	H2AC17	zone of skin	present	gold quality	36.23
ENSBTAG00000053621	H2AC17	blood	present	gold quality	47.31
ENSBTAG00000053621	H2AC17	longissimus muscle	present	gold quality	94.29
ENSBTAG00000053621	H2AC17	longissimus muscle	present	gold quality	49.13
ENSBTAG00000053621	H2AC17	longissimus muscle	present	gold quality	37.73
ENSBTAG00000053621	H2AC17	multicellular organism	present	gold quality	28.96
ENSBTAG00000053621	H2AC17	testis	present	gold quality	55.11
ENSBTAG00000053621	H2AC17	testis	present	gold quality	66.45
ENSBTAG00000053621	H2AC17	testis	present	gold quality	51.26
ENSBTAG00000053621	H2AC17	ileocecal valve	present	gold quality	30.04
ENSBTAG00000053621	H2AC17	uterus	present	gold quality	25.84
ENSBTAG00000053621	H2AC17	uterus	present	gold quality	30.93
ENSBTAG00000053621	H2AC17	adipose tissue	present	gold quality	32.01
ENSBTAG00000053621	H2AC17	adipose tissue	present	gold quality	32.04
ENSBTAG00000053621	H2AC17	adipose tissue	present	gold quality	35.71
ENSBTAG00000053621	H2AC17	adipose tissue	present	gold quality	32.28
ENSBTAG00000053621	H2AC17	diaphragm	present	gold quality	46.84
ENSBTAG00000053621	H2AC17	diaphragm	present	gold quality	46.8
ENSBTAG00000053621	H2AC17	caecum	present	gold quality	44.93
ENSBTAG00000053621	H2AC17	caecum	present	gold quality	88.43
ENSBTAG00000053621	H2AC17	caecum	present	gold quality	44.9
ENSBTAG00000053621	H2AC17	colon	present	gold quality	33.01
ENSBTAG00000053621	H2AC17	descending colon	present	gold quality	91.4
ENSBTAG00000053621	H2AC17	semitendinosus	present	gold quality	45.24
ENSBTAG00000053621	H2AC17	longissimus thoracis muscle	present	gold quality	28.43
ENSBTAG00000053621	H2AC17	longissimus thoracis muscle	present	gold quality	34.69
ENSBTAG00000053621	H2AC17	longissimus thoracis muscle	present	gold quality	27.8
ENSBTAG00000053621	H2AC17	longissimus thoracis muscle	present	gold quality	48.26
ENSBTAG00000053621	H2AC17	pharyngeal tonsil	present	gold quality	34.75
ENSBTAG00000053621	H2AC17	mammary gland	present	gold quality	28.89
ENSBTAG00000053621	H2AC17	mammary gland	present	gold quality	38.09
ENSBTAG00000053621	H2AC17	milk	present	gold quality	34.92
ENSBTAG00000053621	H2AC17	milk	present	gold quality	39.61
ENSBTAG00000053621	H2AC17	semen	present	gold quality	86.64
ENSBTAG00000053621	H2AC17	placenta	present	gold quality	33.91
ENSBTAG00000053621	H2AC17	placenta	present	gold quality	41.5
ENSBTAG00000053621	H2AC17	gluteal muscle	present	gold quality	41.08
ENSBTAG00000053621	H2AC17	liver	present	gold quality	44.55
ENSBTAG00000053621	H2AC17	liver	present	gold quality	47.7
ENSBTAG00000053621	H2AC17	gall bladder	present	gold quality	43.2
ENSBTAG00000053621	H2AC17	gall bladder	present	gold quality	45.81
ENSBTAG00000053621	H2AC17	duodenum	present	gold quality	50.33
ENSBTAG00000053621	H2AC17	jejunum	present	gold quality	47.13
ENSBTAG00000053621	H2AC17	jejunum	present	gold quality	32.46
ENSBTAG00000053621	H2AC17	ileum	present	gold quality	31.32
ENSBTAG00000053621	H2AC17	ileum	present	gold quality	97.68
ENSBTAG00000053621	H2AC17	ileum	present	gold quality	69.7
ENSBTAG00000053621	H2AC17	ileum	present	gold quality	40.47
ENSBTAG00000053621	H2AC17	subcutaneous adipose tissue	present	gold quality	43.34
ENSBTAG00000053621	H2AC17	subcutaneous adipose tissue	present	gold quality	42.02
ENSBTAG00000053621	H2AC17	subcutaneous adipose tissue	present	gold quality	26.37
ENSBTAG00000053621	H2AC17	subcutaneous adipose tissue	present	gold quality	45.85
ENSBTAG00000053621	H2AC17	subcutaneous adipose tissue	present	gold quality	45.41
ENSBTAG00000053621	H2AC17	subcutaneous adipose tissue	present	gold quality	31.75
ENSBTAG00000053621	H2AC17	conceptus	present	gold quality	96.36
ENSBTAG00000053621	H2AC17	abomasum	present	gold quality	52.0
ENSBTAG00000053621	H2AC17	abomasum	present	gold quality	47.78
ENSBTAG00000053621	H2AC17	abomasum	present	gold quality	54.16
ENSBTAG00000053621	H2AC17	rumen	present	gold quality	84.81
ENSBTAG00000053621	H2AC17	rumen	present	gold quality	63.58
ENSBTAG00000053621	H2AC17	rumen epithelium	present	gold quality	78.86
ENSBTAG00000053621	H2AC17	rumen epithelium	present	gold quality	27.47
ENSBTAG00000053621	H2AC17	rumen epithelium	present	gold quality	28.25
ENSBTAG00000053621	H2AC17	spiral colon	present	gold quality	88.18
ENSBTAG00000053621	H2AC17	temporal cortex	present	gold quality	33.8
ENSBTAG00000053621	H2AC17	temporal cortex	present	gold quality	45.68
ENSBTAG00000053621	H2AC17	intramuscular adipose tissue	present	gold quality	32.78
ENSBTAG00000053621	H2AC17	scapular muscle	present	gold quality	33.19
ENSBTAG00000053792	H2AC7	oocyte	present	gold quality	69.29
ENSBTAG00000053792	H2AC7	granulosa cell	present	gold quality	52.25
ENSBTAG00000053792	H2AC7	theca cell	present	gold quality	53.09
ENSBTAG00000053792	H2AC7	monocyte	present	gold quality	51.57
ENSBTAG00000053792	H2AC7	cumulus cell	present	gold quality	56.34
ENSBTAG00000053792	H2AC7	leukocyte	present	gold quality	79.27
ENSBTAG00000053792	H2AC7	leukocyte	present	gold quality	41.69
ENSBTAG00000053792	H2AC7	leukocyte	present	gold quality	64.75
ENSBTAG00000053792	H2AC7	leukocyte	present	gold quality	50.77
ENSBTAG00000053792	H2AC7	leukocyte	present	gold quality	51.21
ENSBTAG00000053792	H2AC7	leukocyte	present	gold quality	49.87
ENSBTAG00000053792	H2AC7	leukocyte	present	gold quality	51.76
ENSBTAG00000053792	H2AC7	leukocyte	present	gold quality	41.54
ENSBTAG00000053792	H2AC7	leukocyte	present	gold quality	56.39
ENSBTAG00000053792	H2AC7	leukocyte	present	gold quality	54.58
ENSBTAG00000053792	H2AC7	neutrophil	present	gold quality	78.03
ENSBTAG00000053792	H2AC7	uterine cervix	present	gold quality	59.84
ENSBTAG00000053792	H2AC7	uterine cervix	present	gold quality	59.93
ENSBTAG00000053792	H2AC7	pituitary gland	present	gold quality	44.64
ENSBTAG00000053792	H2AC7	pituitary gland	present	gold quality	52.36
ENSBTAG00000053792	H2AC7	pituitary gland	present	gold quality	46.89
ENSBTAG00000053792	H2AC7	pituitary gland	present	gold quality	62.79
ENSBTAG00000053792	H2AC7	pituitary gland	present	gold quality	65.69
ENSBTAG00000053792	H2AC7	pituitary gland	present	gold quality	66.02
ENSBTAG00000053792	H2AC7	zone of skin	present	gold quality	40.93
ENSBTAG00000053792	H2AC7	zone of skin	present	gold quality	46.93
ENSBTAG00000053792	H2AC7	zone of skin	present	gold quality	39.35
ENSBTAG00000053792	H2AC7	lymph node	present	gold quality	62.36
ENSBTAG00000053792	H2AC7	lymph node	present	gold quality	63.68
ENSBTAG00000053792	H2AC7	ureter	present	gold quality	44.99
ENSBTAG00000053792	H2AC7	ureter	present	gold quality	45.0
ENSBTAG00000053792	H2AC7	urethra	present	gold quality	51.38
ENSBTAG00000053792	H2AC7	urethra	present	gold quality	51.35
ENSBTAG00000053792	H2AC7	adult mammalian kidney	present	gold quality	48.68
ENSBTAG00000053792	H2AC7	adult mammalian kidney	present	gold quality	43.22
ENSBTAG00000053792	H2AC7	adult mammalian kidney	present	gold quality	47.91
ENSBTAG00000053792	H2AC7	adult mammalian kidney	present	gold quality	54.26
ENSBTAG00000053792	H2AC7	blood	present	gold quality	51.58
ENSBTAG00000053792	H2AC7	blood	present	gold quality	51.56
ENSBTAG00000053792	H2AC7	blood	present	gold quality	51.33
ENSBTAG00000053792	H2AC7	blood	present	gold quality	54.5
ENSBTAG00000053792	H2AC7	renal medulla	present	gold quality	55.99
ENSBTAG00000053792	H2AC7	renal medulla	present	gold quality	60.69
ENSBTAG00000053792	H2AC7	longissimus muscle	present	gold quality	98.28
ENSBTAG00000053792	H2AC7	longissimus muscle	present	gold quality	80.55
ENSBTAG00000053792	H2AC7	longissimus muscle	present	gold quality	48.23
ENSBTAG00000053792	H2AC7	multicellular organism	present	gold quality	47.32
ENSBTAG00000053792	H2AC7	testis	present	gold quality	60.41
ENSBTAG00000053792	H2AC7	testis	present	gold quality	51.67
ENSBTAG00000053792	H2AC7	testis	present	gold quality	77.51
ENSBTAG00000053792	H2AC7	testis	present	gold quality	51.07
ENSBTAG00000053792	H2AC7	ileocecal valve	present	gold quality	63.52
ENSBTAG00000053792	H2AC7	aorta	present	gold quality	45.93
ENSBTAG00000053792	H2AC7	aorta	present	gold quality	46.01
ENSBTAG00000053792	H2AC7	heart	present	gold quality	43.83
ENSBTAG00000053792	H2AC7	heart	present	gold quality	38.59
ENSBTAG00000053792	H2AC7	heart	present	gold quality	41.35
ENSBTAG00000053792	H2AC7	brain	present	gold quality	41.4
ENSBTAG00000053792	H2AC7	cerebral cortex	present	gold quality	28.92
ENSBTAG00000053792	H2AC7	cerebral cortex	present	gold quality	28.38
ENSBTAG00000053792	H2AC7	retina	present	gold quality	48.14
ENSBTAG00000053792	H2AC7	pons	present	gold quality	56.83
ENSBTAG00000053792	H2AC7	pons	present	gold quality	55.12
ENSBTAG00000053792	H2AC7	ovary	present	gold quality	43.35
ENSBTAG00000053792	H2AC7	ovary	present	gold quality	43.92
ENSBTAG00000053792	H2AC7	ovary	present	gold quality	41.55
ENSBTAG00000053792	H2AC7	ovary	present	gold quality	52.76
ENSBTAG00000053792	H2AC7	uterus	present	gold quality	30.99
ENSBTAG00000053792	H2AC7	uterus	present	gold quality	40.76
ENSBTAG00000053792	H2AC7	uterus	present	gold quality	47.08
ENSBTAG00000053792	H2AC7	vas deferens	present	gold quality	52.85
ENSBTAG00000053792	H2AC7	adipose tissue	present	gold quality	53.43
ENSBTAG00000053792	H2AC7	adipose tissue	present	gold quality	39.61
ENSBTAG00000053792	H2AC7	adipose tissue	present	gold quality	46.21
ENSBTAG00000053792	H2AC7	adipose tissue	present	gold quality	39.93
ENSBTAG00000053792	H2AC7	adipose tissue	present	gold quality	53.53
ENSBTAG00000053792	H2AC7	saliva-secreting gland	present	gold quality	57.59
ENSBTAG00000053792	H2AC7	saliva-secreting gland	present	gold quality	57.74
ENSBTAG00000053792	H2AC7	diaphragm	present	gold quality	57.72
ENSBTAG00000053792	H2AC7	diaphragm	present	gold quality	57.69
ENSBTAG00000053792	H2AC7	intercostal muscle	present	gold quality	66.76
ENSBTAG00000053792	H2AC7	skeletal muscle tissue	present	gold quality	50.44
ENSBTAG00000053792	H2AC7	skeletal muscle tissue	present	gold quality	41.76
ENSBTAG00000053792	H2AC7	skeletal muscle tissue	present	gold quality	43.26
ENSBTAG00000053792	H2AC7	skeletal muscle tissue	present	gold quality	50.33
ENSBTAG00000053792	H2AC7	caecum	present	gold quality	55.25
ENSBTAG00000053792	H2AC7	caecum	present	gold quality	94.11
ENSBTAG00000053792	H2AC7	caecum	present	gold quality	55.16
ENSBTAG00000053792	H2AC7	colon	present	gold quality	41.25
ENSBTAG00000053792	H2AC7	descending colon	present	gold quality	48.12
ENSBTAG00000053792	H2AC7	descending colon	present	gold quality	96.1
ENSBTAG00000053792	H2AC7	descending colon	present	gold quality	48.09
ENSBTAG00000053792	H2AC7	cortex of kidney	present	gold quality	50.01
ENSBTAG00000053792	H2AC7	urinary bladder	present	gold quality	67.27
ENSBTAG00000053792	H2AC7	urinary bladder	present	gold quality	67.49
ENSBTAG00000053792	H2AC7	endometrium	present	gold quality	52.78
ENSBTAG00000053792	H2AC7	endometrium	present	gold quality	33.03
ENSBTAG00000053792	H2AC7	endometrium	present	gold quality	51.64
ENSBTAG00000053792	H2AC7	endometrium	present	gold quality	44.12
ENSBTAG00000053792	H2AC7	endometrium	present	gold quality	44.96
ENSBTAG00000053792	H2AC7	endometrium	present	gold quality	53.0
ENSBTAG00000053792	H2AC7	semitendinosus	present	gold quality	56.45
ENSBTAG00000053792	H2AC7	semitendinosus	present	gold quality	45.69
ENSBTAG00000053792	H2AC7	semitendinosus	present	gold quality	50.34
ENSBTAG00000053792	H2AC7	longissimus thoracis muscle	present	gold quality	53.41
ENSBTAG00000053792	H2AC7	longissimus thoracis muscle	present	gold quality	32.14
ENSBTAG00000053792	H2AC7	longissimus thoracis muscle	present	gold quality	28.04
ENSBTAG00000053792	H2AC7	longissimus thoracis muscle	present	gold quality	40.4
ENSBTAG00000053792	H2AC7	longissimus thoracis muscle	present	gold quality	48.93
ENSBTAG00000053792	H2AC7	longissimus thoracis muscle	present	gold quality	33.49
ENSBTAG00000053792	H2AC7	longissimus thoracis muscle	present	gold quality	56.12
ENSBTAG00000053792	H2AC7	longissimus thoracis muscle	present	gold quality	48.92
ENSBTAG00000053792	H2AC7	tongue	present	gold quality	39.27
ENSBTAG00000053792	H2AC7	tongue	present	gold quality	39.18
ENSBTAG00000053792	H2AC7	nasopharynx	present	gold quality	53.88
ENSBTAG00000053792	H2AC7	pharyngeal tonsil	present	gold quality	55.84
ENSBTAG00000053792	H2AC7	laryngeal cartilage	present	gold quality	60.31
ENSBTAG00000053792	H2AC7	laryngeal cartilage	present	gold quality	60.37
ENSBTAG00000053792	H2AC7	anterior segment of eyeball	present	gold quality	60.94
ENSBTAG00000053792	H2AC7	nasal cavity mucosa	present	gold quality	71.8
ENSBTAG00000053792	H2AC7	nasal cavity mucosa	present	gold quality	71.6
ENSBTAG00000053792	H2AC7	frontal cortex	present	gold quality	28.59
ENSBTAG00000053792	H2AC7	frontal cortex	present	gold quality	37.48
ENSBTAG00000053792	H2AC7	midbrain	present	gold quality	39.59
ENSBTAG00000053792	H2AC7	mammary gland	present	gold quality	36.66
ENSBTAG00000053792	H2AC7	mammary gland	present	gold quality	49.67
ENSBTAG00000053792	H2AC7	mammary gland	present	gold quality	44.78
ENSBTAG00000053792	H2AC7	milk	present	gold quality	53.22
ENSBTAG00000053792	H2AC7	milk	present	gold quality	43.88
ENSBTAG00000053792	H2AC7	placenta	present	gold quality	56.66
ENSBTAG00000053792	H2AC7	placenta	present	gold quality	57.23
ENSBTAG00000053792	H2AC7	gluteal muscle	present	gold quality	45.96
ENSBTAG00000053792	H2AC7	thyroid gland	present	gold quality	56.12
ENSBTAG00000053792	H2AC7	thyroid gland	present	gold quality	39.97
ENSBTAG00000053792	H2AC7	lung	present	gold quality	56.96
ENSBTAG00000053792	H2AC7	lung	present	gold quality	37.91
ENSBTAG00000053792	H2AC7	lung	present	gold quality	38.73
ENSBTAG00000053792	H2AC7	lung	present	gold quality	35.3
ENSBTAG00000053792	H2AC7	lung	present	gold quality	37.02
ENSBTAG00000053792	H2AC7	lung	present	gold quality	43.86
ENSBTAG00000053792	H2AC7	cardiac ventricle	present	gold quality	45.57
ENSBTAG00000053792	H2AC7	spleen	present	gold quality	47.28
ENSBTAG00000053792	H2AC7	spleen	present	gold quality	47.49
ENSBTAG00000053792	H2AC7	spleen	present	gold quality	44.39
ENSBTAG00000053792	H2AC7	spleen	present	gold quality	50.82
ENSBTAG00000053792	H2AC7	liver	present	gold quality	35.74
ENSBTAG00000053792	H2AC7	liver	present	gold quality	40.85
ENSBTAG00000053792	H2AC7	liver	present	gold quality	42.66
ENSBTAG00000053792	H2AC7	liver	present	gold quality	32.91
ENSBTAG00000053792	H2AC7	liver	present	gold quality	41.28
ENSBTAG00000053792	H2AC7	liver	present	gold quality	36.82
ENSBTAG00000053792	H2AC7	liver	present	gold quality	39.2
ENSBTAG00000053792	H2AC7	liver	present	gold quality	46.7
ENSBTAG00000053792	H2AC7	gall bladder	present	gold quality	55.61
ENSBTAG00000053792	H2AC7	gall bladder	present	gold quality	57.58
ENSBTAG00000053792	H2AC7	kidney	present	gold quality	55.42
ENSBTAG00000053792	H2AC7	duodenum	present	gold quality	58.0
ENSBTAG00000053792	H2AC7	duodenum	present	gold quality	62.41
ENSBTAG00000053792	H2AC7	duodenum	present	gold quality	51.29
ENSBTAG00000053792	H2AC7	duodenum	present	gold quality	58.05
ENSBTAG00000053792	H2AC7	jejunum	present	gold quality	58.74
ENSBTAG00000053792	H2AC7	jejunum	present	gold quality	62.86
ENSBTAG00000053792	H2AC7	jejunum	present	gold quality	51.8
ENSBTAG00000053792	H2AC7	jejunum	present	gold quality	57.39
ENSBTAG00000053792	H2AC7	ileum	present	gold quality	57.02
ENSBTAG00000053792	H2AC7	ileum	present	gold quality	65.3
ENSBTAG00000053792	H2AC7	ileum	present	gold quality	99.19
ENSBTAG00000053792	H2AC7	ileum	present	gold quality	76.65
ENSBTAG00000053792	H2AC7	ileum	present	gold quality	56.32
ENSBTAG00000053792	H2AC7	subcutaneous adipose tissue	present	gold quality	66.71
ENSBTAG00000053792	H2AC7	subcutaneous adipose tissue	present	gold quality	50.46
ENSBTAG00000053792	H2AC7	subcutaneous adipose tissue	present	gold quality	35.93
ENSBTAG00000053792	H2AC7	subcutaneous adipose tissue	present	gold quality	36.51
ENSBTAG00000053792	H2AC7	subcutaneous adipose tissue	present	gold quality	50.38
ENSBTAG00000053792	H2AC7	subcutaneous adipose tissue	present	gold quality	42.38
ENSBTAG00000053792	H2AC7	subcutaneous adipose tissue	present	gold quality	35.76
ENSBTAG00000053792	H2AC7	subcutaneous adipose tissue	present	gold quality	30.24
ENSBTAG00000053792	H2AC7	subcutaneous adipose tissue	present	gold quality	44.56
ENSBTAG00000053792	H2AC7	adenohypophysis	present	gold quality	47.77
ENSBTAG00000053792	H2AC7	adenohypophysis	present	gold quality	48.2
ENSBTAG00000053792	H2AC7	neurohypophysis	present	gold quality	51.06
ENSBTAG00000053792	H2AC7	neurohypophysis	present	gold quality	50.59
ENSBTAG00000053792	H2AC7	adrenal gland	present	gold quality	58.28
ENSBTAG00000053792	H2AC7	adrenal gland	present	gold quality	58.58
ENSBTAG00000053792	H2AC7	adrenal gland	present	gold quality	49.53
ENSBTAG00000053792	H2AC7	thymus	present	gold quality	61.08
ENSBTAG00000053792	H2AC7	bone marrow	present	gold quality	64.32
ENSBTAG00000053792	H2AC7	bone marrow	present	gold quality	64.43
ENSBTAG00000053792	H2AC7	muscle tissue	present	gold quality	38.58
ENSBTAG00000053792	H2AC7	muscle tissue	present	gold quality	40.58
ENSBTAG00000053792	H2AC7	muscle tissue	present	gold quality	35.33
ENSBTAG00000053792	H2AC7	muscle tissue	present	gold quality	50.45
ENSBTAG00000053792	H2AC7	muscle tissue	present	gold quality	41.04
ENSBTAG00000053792	H2AC7	abdominal lymph node	present	gold quality	54.57
ENSBTAG00000053792	H2AC7	mesenteric lymph node	present	gold quality	63.69
ENSBTAG00000053792	H2AC7	mesenteric lymph node	present	gold quality	63.7
ENSBTAG00000053792	H2AC7	trachea	present	gold quality	44.83
ENSBTAG00000053792	H2AC7	trachea	present	gold quality	44.77
ENSBTAG00000053792	H2AC7	uterine tube infundibulum	present	gold quality	59.51
ENSBTAG00000053792	H2AC7	uterine tube infundibulum	present	gold quality	61.45
ENSBTAG00000053792	H2AC7	mammary gland fat	present	gold quality	54.44
ENSBTAG00000053792	H2AC7	caput epididymis	present	gold quality	53.01
ENSBTAG00000053792	H2AC7	corpus epididymis	present	gold quality	72.82
ENSBTAG00000053792	H2AC7	dorsal thalamus	present	gold quality	42.67
ENSBTAG00000053792	H2AC7	conceptus	present	gold quality	97.99
ENSBTAG00000053792	H2AC7	oviduct epithelium	present	gold quality	46.22
ENSBTAG00000053792	H2AC7	olfactory segment of nasal mucosa	present	gold quality	41.53
ENSBTAG00000053792	H2AC7	olfactory segment of nasal mucosa	present	gold quality	47.9
ENSBTAG00000053792	H2AC7	digestive system secreted substance	present	gold quality	48.42
ENSBTAG00000053792	H2AC7	abomasum	present	gold quality	54.49
ENSBTAG00000053792	H2AC7	abomasum	present	gold quality	50.72
ENSBTAG00000053792	H2AC7	abomasum	present	gold quality	56.52
ENSBTAG00000053792	H2AC7	omasum	present	gold quality	44.28
ENSBTAG00000053792	H2AC7	omasum	present	gold quality	44.7
ENSBTAG00000053792	H2AC7	rumen	present	gold quality	97.29
ENSBTAG00000053792	H2AC7	rumen	present	gold quality	73.53
ENSBTAG00000053792	H2AC7	rumen	present	gold quality	76.11
ENSBTAG00000053792	H2AC7	rumen	present	gold quality	49.67
ENSBTAG00000053792	H2AC7	rumen epithelium	present	gold quality	86.94
ENSBTAG00000053792	H2AC7	rumen epithelium	present	gold quality	51.38
ENSBTAG00000053792	H2AC7	rumen epithelium	present	gold quality	48.71
ENSBTAG00000053792	H2AC7	rumen papilla	present	gold quality	45.56
ENSBTAG00000053792	H2AC7	spiral colon	present	gold quality	95.58
ENSBTAG00000053792	H2AC7	omental fat pad	present	gold quality	35.65
ENSBTAG00000053792	H2AC7	omental fat pad	present	gold quality	25.8
ENSBTAG00000053792	H2AC7	metanephros cortex	present	gold quality	49.71
ENSBTAG00000053792	H2AC7	ampulla of uterine tube	present	gold quality	48.05
ENSBTAG00000053792	H2AC7	ampulla of uterine tube	present	gold quality	50.55
ENSBTAG00000053792	H2AC7	retropharyngeal lymph node	present	gold quality	54.76
ENSBTAG00000053792	H2AC7	isthmus of fallopian tube	present	gold quality	50.52
ENSBTAG00000053792	H2AC7	isthmus of fallopian tube	present	gold quality	50.45
ENSBTAG00000053792	H2AC7	intramuscular adipose tissue	present	gold quality	40.66
ENSBTAG00000053792	H2AC7	intramuscular adipose tissue	present	gold quality	43.88
ENSBTAG00000053792	H2AC7	scapular muscle	present	gold quality	34.2
ENSBTAG00000054548	H2AC12	spermatocyte	present	gold quality	41.7
ENSBTAG00000054548	H2AC12	spermatid	present	gold quality	51.7
ENSBTAG00000054548	H2AC12	oocyte	present	gold quality	96.97
ENSBTAG00000054548	H2AC12	granulosa cell	present	gold quality	44.28
ENSBTAG00000054548	H2AC12	theca cell	present	gold quality	50.38
ENSBTAG00000054548	H2AC12	monocyte	present	gold quality	42.73
ENSBTAG00000054548	H2AC12	cumulus cell	present	gold quality	75.15
ENSBTAG00000054548	H2AC12	leukocyte	present	gold quality	77.21
ENSBTAG00000054548	H2AC12	leukocyte	present	gold quality	50.67
ENSBTAG00000054548	H2AC12	leukocyte	present	gold quality	72.28
ENSBTAG00000054548	H2AC12	leukocyte	present	gold quality	63.29
ENSBTAG00000054548	H2AC12	leukocyte	present	gold quality	44.69
ENSBTAG00000054548	H2AC12	leukocyte	present	gold quality	62.54
ENSBTAG00000054548	H2AC12	leukocyte	present	gold quality	50.62
ENSBTAG00000054548	H2AC12	leukocyte	present	gold quality	63.25
ENSBTAG00000054548	H2AC12	leukocyte	present	gold quality	67.47
ENSBTAG00000054548	H2AC12	leukocyte	present	gold quality	64.68
ENSBTAG00000054548	H2AC12	neutrophil	present	gold quality	69.43
ENSBTAG00000054548	H2AC12	uterine cervix	present	gold quality	58.67
ENSBTAG00000054548	H2AC12	uterine cervix	present	gold quality	58.88
ENSBTAG00000054548	H2AC12	pituitary gland	present	gold quality	49.41
ENSBTAG00000054548	H2AC12	pituitary gland	present	gold quality	50.6
ENSBTAG00000054548	H2AC12	pituitary gland	present	gold quality	47.67
ENSBTAG00000054548	H2AC12	pituitary gland	present	gold quality	52.79
ENSBTAG00000054548	H2AC12	pituitary gland	present	gold quality	55.12
ENSBTAG00000054548	H2AC12	pituitary gland	present	gold quality	53.43
ENSBTAG00000054548	H2AC12	zone of skin	present	gold quality	50.49
ENSBTAG00000054548	H2AC12	zone of skin	present	gold quality	54.49
ENSBTAG00000054548	H2AC12	lymph node	present	gold quality	56.79
ENSBTAG00000054548	H2AC12	lymph node	present	gold quality	54.37
ENSBTAG00000054548	H2AC12	fornix of vagina	present	gold quality	66.13
ENSBTAG00000054548	H2AC12	fornix of vagina	present	gold quality	66.16
ENSBTAG00000054548	H2AC12	ureter	present	gold quality	57.26
ENSBTAG00000054548	H2AC12	ureter	present	gold quality	57.81
ENSBTAG00000054548	H2AC12	urethra	present	gold quality	50.71
ENSBTAG00000054548	H2AC12	urethra	present	gold quality	50.63
ENSBTAG00000054548	H2AC12	adult mammalian kidney	present	gold quality	40.7
ENSBTAG00000054548	H2AC12	adult mammalian kidney	present	gold quality	39.26
ENSBTAG00000054548	H2AC12	adult mammalian kidney	present	gold quality	42.64
ENSBTAG00000054548	H2AC12	blood	present	gold quality	59.79
ENSBTAG00000054548	H2AC12	blood	present	gold quality	60.27
ENSBTAG00000054548	H2AC12	blood	present	gold quality	59.66
ENSBTAG00000054548	H2AC12	blood	present	gold quality	49.01
ENSBTAG00000054548	H2AC12	renal medulla	present	gold quality	48.21
ENSBTAG00000054548	H2AC12	renal medulla	present	gold quality	54.33
ENSBTAG00000054548	H2AC12	tongue muscle	present	gold quality	50.92
ENSBTAG00000054548	H2AC12	tongue muscle	present	gold quality	51.02
ENSBTAG00000054548	H2AC12	longissimus muscle	present	gold quality	95.88
ENSBTAG00000054548	H2AC12	longissimus muscle	present	gold quality	76.35
ENSBTAG00000054548	H2AC12	longissimus muscle	present	gold quality	44.82
ENSBTAG00000054548	H2AC12	prefrontal cortex	present	gold quality	39.51
ENSBTAG00000054548	H2AC12	multicellular organism	present	gold quality	54.06
ENSBTAG00000054548	H2AC12	testis	present	gold quality	72.91
ENSBTAG00000054548	H2AC12	testis	present	gold quality	64.26
ENSBTAG00000054548	H2AC12	testis	present	gold quality	83.82
ENSBTAG00000054548	H2AC12	testis	present	gold quality	56.02
ENSBTAG00000054548	H2AC12	testis	present	gold quality	50.53
ENSBTAG00000054548	H2AC12	testis	present	gold quality	66.87
ENSBTAG00000054548	H2AC12	ileocecal valve	present	gold quality	65.86
ENSBTAG00000054548	H2AC12	aorta	present	gold quality	55.47
ENSBTAG00000054548	H2AC12	aorta	present	gold quality	55.65
ENSBTAG00000054548	H2AC12	heart	present	gold quality	31.24
ENSBTAG00000054548	H2AC12	heart	present	gold quality	35.79
ENSBTAG00000054548	H2AC12	heart	present	gold quality	33.3
ENSBTAG00000054548	H2AC12	brain	present	gold quality	50.8
ENSBTAG00000054548	H2AC12	cerebral cortex	present	gold quality	56.8
ENSBTAG00000054548	H2AC12	cerebral cortex	present	gold quality	54.04
ENSBTAG00000054548	H2AC12	retina	present	gold quality	55.52
ENSBTAG00000054548	H2AC12	pons	present	gold quality	59.91
ENSBTAG00000054548	H2AC12	pons	present	gold quality	66.07
ENSBTAG00000054548	H2AC12	ovary	present	gold quality	53.56
ENSBTAG00000054548	H2AC12	ovary	present	gold quality	53.13
ENSBTAG00000054548	H2AC12	ovary	present	gold quality	42.77
ENSBTAG00000054548	H2AC12	ovary	present	gold quality	50.87
ENSBTAG00000054548	H2AC12	uterus	present	gold quality	47.3
ENSBTAG00000054548	H2AC12	uterus	present	gold quality	48.34
ENSBTAG00000054548	H2AC12	uterus	present	gold quality	56.26
ENSBTAG00000054548	H2AC12	vas deferens	present	gold quality	62.49
ENSBTAG00000054548	H2AC12	adipose tissue	present	gold quality	56.01
ENSBTAG00000054548	H2AC12	adipose tissue	present	gold quality	50.92
ENSBTAG00000054548	H2AC12	adipose tissue	present	gold quality	52.02
ENSBTAG00000054548	H2AC12	adipose tissue	present	gold quality	50.64
ENSBTAG00000054548	H2AC12	adipose tissue	present	gold quality	41.5
ENSBTAG00000054548	H2AC12	adipose tissue	present	gold quality	54.95
ENSBTAG00000054548	H2AC12	esophagus	present	gold quality	68.21
ENSBTAG00000054548	H2AC12	esophagus	present	gold quality	68.14
ENSBTAG00000054548	H2AC12	saliva-secreting gland	present	gold quality	53.42
ENSBTAG00000054548	H2AC12	saliva-secreting gland	present	gold quality	53.45
ENSBTAG00000054548	H2AC12	diaphragm	present	gold quality	65.77
ENSBTAG00000054548	H2AC12	diaphragm	present	gold quality	65.7
ENSBTAG00000054548	H2AC12	intercostal muscle	present	gold quality	53.83
ENSBTAG00000054548	H2AC12	skeletal muscle tissue	present	gold quality	48.16
ENSBTAG00000054548	H2AC12	skeletal muscle tissue	present	gold quality	48.0
ENSBTAG00000054548	H2AC12	skeletal muscle tissue	present	gold quality	44.84
ENSBTAG00000054548	H2AC12	skeletal muscle tissue	present	gold quality	48.18
ENSBTAG00000054548	H2AC12	caecum	present	gold quality	57.34
ENSBTAG00000054548	H2AC12	caecum	present	gold quality	95.88
ENSBTAG00000054548	H2AC12	caecum	present	gold quality	57.31
ENSBTAG00000054548	H2AC12	colon	present	gold quality	49.32
ENSBTAG00000054548	H2AC12	ascending colon	present	gold quality	59.21
ENSBTAG00000054548	H2AC12	ascending colon	present	gold quality	59.22
ENSBTAG00000054548	H2AC12	descending colon	present	gold quality	47.0
ENSBTAG00000054548	H2AC12	descending colon	present	gold quality	95.91
ENSBTAG00000054548	H2AC12	descending colon	present	gold quality	47.0
ENSBTAG00000054548	H2AC12	cortex of kidney	present	gold quality	43.54
ENSBTAG00000054548	H2AC12	urinary bladder	present	gold quality	59.99
ENSBTAG00000054548	H2AC12	urinary bladder	present	gold quality	59.97
ENSBTAG00000054548	H2AC12	endometrium	present	gold quality	57.42
ENSBTAG00000054548	H2AC12	endometrium	present	gold quality	46.85
ENSBTAG00000054548	H2AC12	endometrium	present	gold quality	49.33
ENSBTAG00000054548	H2AC12	endometrium	present	gold quality	51.27
ENSBTAG00000054548	H2AC12	endometrium	present	gold quality	60.85
ENSBTAG00000054548	H2AC12	myometrium	present	gold quality	43.93
ENSBTAG00000054548	H2AC12	myometrium	present	gold quality	44.1
ENSBTAG00000054548	H2AC12	gluteus medius	present	gold quality	50.89
ENSBTAG00000054548	H2AC12	gluteus medius	present	gold quality	50.83
ENSBTAG00000054548	H2AC12	semitendinosus	present	gold quality	54.55
ENSBTAG00000054548	H2AC12	semitendinosus	present	gold quality	44.62
ENSBTAG00000054548	H2AC12	semitendinosus	present	gold quality	54.67
ENSBTAG00000054548	H2AC12	rectus femoris	present	gold quality	47.68
ENSBTAG00000054548	H2AC12	rectus femoris	present	gold quality	47.64
ENSBTAG00000054548	H2AC12	longissimus thoracis muscle	present	gold quality	51.73
ENSBTAG00000054548	H2AC12	longissimus thoracis muscle	present	gold quality	35.23
ENSBTAG00000054548	H2AC12	longissimus thoracis muscle	present	gold quality	50.51
ENSBTAG00000054548	H2AC12	longissimus thoracis muscle	present	gold quality	46.53
ENSBTAG00000054548	H2AC12	longissimus thoracis muscle	present	gold quality	49.77
ENSBTAG00000054548	H2AC12	longissimus thoracis muscle	present	gold quality	46.52
ENSBTAG00000054548	H2AC12	longissimus thoracis muscle	present	gold quality	52.81
ENSBTAG00000054548	H2AC12	tongue	present	gold quality	63.06
ENSBTAG00000054548	H2AC12	tongue	present	gold quality	63.02
ENSBTAG00000054548	H2AC12	tongue	present	gold quality	43.57
ENSBTAG00000054548	H2AC12	nasopharynx	present	gold quality	63.4
ENSBTAG00000054548	H2AC12	pharyngeal tonsil	present	gold quality	63.4
ENSBTAG00000054548	H2AC12	laryngeal cartilage	present	gold quality	56.34
ENSBTAG00000054548	H2AC12	laryngeal cartilage	present	gold quality	56.41
ENSBTAG00000054548	H2AC12	anterior segment of eyeball	present	gold quality	61.27
ENSBTAG00000054548	H2AC12	nasal cavity mucosa	present	gold quality	70.22
ENSBTAG00000054548	H2AC12	nasal cavity mucosa	present	gold quality	70.1
ENSBTAG00000054548	H2AC12	frontal cortex	present	gold quality	55.88
ENSBTAG00000054548	H2AC12	frontal cortex	present	gold quality	54.77
ENSBTAG00000054548	H2AC12	frontal cortex	present	gold quality	54.25
ENSBTAG00000054548	H2AC12	midbrain	present	gold quality	59.85
ENSBTAG00000054548	H2AC12	hypothalamus	present	gold quality	44.28
ENSBTAG00000054548	H2AC12	hypothalamus	present	gold quality	45.48
ENSBTAG00000054548	H2AC12	hypothalamus	present	gold quality	47.44
ENSBTAG00000054548	H2AC12	mammary gland	present	gold quality	55.51
ENSBTAG00000054548	H2AC12	mammary gland	present	gold quality	51.64
ENSBTAG00000054548	H2AC12	mammary gland	present	gold quality	49.76
ENSBTAG00000054548	H2AC12	mammary gland	present	gold quality	79.79
ENSBTAG00000054548	H2AC12	milk	present	gold quality	59.26
ENSBTAG00000054548	H2AC12	milk	present	gold quality	59.58
ENSBTAG00000054548	H2AC12	Ammon's horn	present	gold quality	59.45
ENSBTAG00000054548	H2AC12	placenta	present	gold quality	43.12
ENSBTAG00000054548	H2AC12	placenta	present	gold quality	58.79
ENSBTAG00000054548	H2AC12	gluteal muscle	present	gold quality	64.13
ENSBTAG00000054548	H2AC12	occipital lobe	present	gold quality	47.06
ENSBTAG00000054548	H2AC12	cerebellum	present	gold quality	68.12
ENSBTAG00000054548	H2AC12	cerebellum	present	gold quality	68.61
ENSBTAG00000054548	H2AC12	cerebellum	present	gold quality	41.87
ENSBTAG00000054548	H2AC12	thyroid gland	present	gold quality	46.48
ENSBTAG00000054548	H2AC12	lung	present	gold quality	47.96
ENSBTAG00000054548	H2AC12	lung	present	gold quality	44.93
ENSBTAG00000054548	H2AC12	lung	present	gold quality	46.01
ENSBTAG00000054548	H2AC12	lung	present	gold quality	43.8
ENSBTAG00000054548	H2AC12	lung	present	gold quality	44.16
ENSBTAG00000054548	H2AC12	lung	present	gold quality	50.13
ENSBTAG00000054548	H2AC12	lung	present	gold quality	46.35
ENSBTAG00000054548	H2AC12	spleen	present	gold quality	55.15
ENSBTAG00000054548	H2AC12	spleen	present	gold quality	43.95
ENSBTAG00000054548	H2AC12	spleen	present	gold quality	52.57
ENSBTAG00000054548	H2AC12	spleen	present	gold quality	45.09
ENSBTAG00000054548	H2AC12	spleen	present	gold quality	49.9
ENSBTAG00000054548	H2AC12	liver	present	gold quality	48.12
ENSBTAG00000054548	H2AC12	liver	present	gold quality	37.26
ENSBTAG00000054548	H2AC12	liver	present	gold quality	40.93
ENSBTAG00000054548	H2AC12	liver	present	gold quality	48.47
ENSBTAG00000054548	H2AC12	liver	present	gold quality	42.43
ENSBTAG00000054548	H2AC12	liver	present	gold quality	42.42
ENSBTAG00000054548	H2AC12	liver	present	gold quality	41.11
ENSBTAG00000054548	H2AC12	liver	present	gold quality	48.0
ENSBTAG00000054548	H2AC12	liver	present	gold quality	31.8
ENSBTAG00000054548	H2AC12	liver	present	gold quality	49.85
ENSBTAG00000054548	H2AC12	liver	present	gold quality	38.4
ENSBTAG00000054548	H2AC12	liver	present	gold quality	49.66
ENSBTAG00000054548	H2AC12	gall bladder	present	gold quality	64.81
ENSBTAG00000054548	H2AC12	gall bladder	present	gold quality	69.0
ENSBTAG00000054548	H2AC12	kidney	present	gold quality	44.4
ENSBTAG00000054548	H2AC12	duodenum	present	gold quality	53.53
ENSBTAG00000054548	H2AC12	duodenum	present	gold quality	66.85
ENSBTAG00000054548	H2AC12	duodenum	present	gold quality	58.01
ENSBTAG00000054548	H2AC12	duodenum	present	gold quality	53.5
ENSBTAG00000054548	H2AC12	jejunum	present	gold quality	59.28
ENSBTAG00000054548	H2AC12	jejunum	present	gold quality	73.11
ENSBTAG00000054548	H2AC12	jejunum	present	gold quality	65.17
ENSBTAG00000054548	H2AC12	jejunum	present	gold quality	57.86
ENSBTAG00000054548	H2AC12	ileum	present	gold quality	50.55
ENSBTAG00000054548	H2AC12	ileum	present	gold quality	53.53
ENSBTAG00000054548	H2AC12	ileum	present	gold quality	99.14
ENSBTAG00000054548	H2AC12	ileum	present	gold quality	86.31
ENSBTAG00000054548	H2AC12	ileum	present	gold quality	55.53
ENSBTAG00000054548	H2AC12	subcutaneous adipose tissue	present	gold quality	55.88
ENSBTAG00000054548	H2AC12	subcutaneous adipose tissue	present	gold quality	59.75
ENSBTAG00000054548	H2AC12	subcutaneous adipose tissue	present	gold quality	44.73
ENSBTAG00000054548	H2AC12	subcutaneous adipose tissue	present	gold quality	45.74
ENSBTAG00000054548	H2AC12	subcutaneous adipose tissue	present	gold quality	59.86
ENSBTAG00000054548	H2AC12	subcutaneous adipose tissue	present	gold quality	46.3
ENSBTAG00000054548	H2AC12	subcutaneous adipose tissue	present	gold quality	44.97
ENSBTAG00000054548	H2AC12	subcutaneous adipose tissue	present	gold quality	44.57
ENSBTAG00000054548	H2AC12	subcutaneous adipose tissue	present	gold quality	50.7
ENSBTAG00000054548	H2AC12	subcutaneous adipose tissue	present	gold quality	49.4
ENSBTAG00000054548	H2AC12	subcutaneous adipose tissue	present	gold quality	44.85
ENSBTAG00000054548	H2AC12	adenohypophysis	present	gold quality	50.33
ENSBTAG00000054548	H2AC12	adenohypophysis	present	gold quality	50.5
ENSBTAG00000054548	H2AC12	neurohypophysis	present	gold quality	51.77
ENSBTAG00000054548	H2AC12	neurohypophysis	present	gold quality	51.68
ENSBTAG00000054548	H2AC12	uterine horn	present	gold quality	43.07
ENSBTAG00000054548	H2AC12	adrenal gland	present	gold quality	52.43
ENSBTAG00000054548	H2AC12	adrenal gland	present	gold quality	52.53
ENSBTAG00000054548	H2AC12	adrenal gland	present	gold quality	48.97
ENSBTAG00000054548	H2AC12	thymus	present	gold quality	61.17
ENSBTAG00000054548	H2AC12	bone marrow	present	gold quality	50.46
ENSBTAG00000054548	H2AC12	bone marrow	present	gold quality	50.45
ENSBTAG00000054548	H2AC12	muscle tissue	present	gold quality	38.47
ENSBTAG00000054548	H2AC12	muscle tissue	present	gold quality	40.12
ENSBTAG00000054548	H2AC12	muscle tissue	present	gold quality	44.26
ENSBTAG00000054548	H2AC12	muscle tissue	present	gold quality	48.04
ENSBTAG00000054548	H2AC12	abdominal lymph node	present	gold quality	50.31
ENSBTAG00000054548	H2AC12	mesenteric lymph node	present	gold quality	48.36
ENSBTAG00000054548	H2AC12	mesenteric lymph node	present	gold quality	48.33
ENSBTAG00000054548	H2AC12	corpus luteum	present	gold quality	56.39
ENSBTAG00000054548	H2AC12	corpus luteum	present	gold quality	56.37
ENSBTAG00000054548	H2AC12	trachea	present	gold quality	55.61
ENSBTAG00000054548	H2AC12	trachea	present	gold quality	55.53
ENSBTAG00000054548	H2AC12	floor plate of diencephalon	present	gold quality	68.14
ENSBTAG00000054548	H2AC12	uterine tube infundibulum	present	gold quality	52.35
ENSBTAG00000054548	H2AC12	uterine tube infundibulum	present	gold quality	52.06
ENSBTAG00000054548	H2AC12	mammary gland fat	present	gold quality	49.37
ENSBTAG00000054548	H2AC12	caput epididymis	present	gold quality	48.59
ENSBTAG00000054548	H2AC12	corpus epididymis	present	gold quality	67.55
ENSBTAG00000054548	H2AC12	dorsal thalamus	present	gold quality	58.6
ENSBTAG00000054548	H2AC12	conceptus	present	gold quality	98.47
ENSBTAG00000054548	H2AC12	oviduct epithelium	present	gold quality	51.73
ENSBTAG00000054548	H2AC12	olfactory segment of nasal mucosa	present	gold quality	53.41
ENSBTAG00000054548	H2AC12	olfactory segment of nasal mucosa	present	gold quality	47.31
ENSBTAG00000054548	H2AC12	digestive system secreted substance	present	gold quality	67.47
ENSBTAG00000054548	H2AC12	abomasum	present	gold quality	56.06
ENSBTAG00000054548	H2AC12	abomasum	present	gold quality	61.61
ENSBTAG00000054548	H2AC12	abomasum	present	gold quality	53.27
ENSBTAG00000054548	H2AC12	ruminant reticulum	present	gold quality	65.16
ENSBTAG00000054548	H2AC12	ruminant reticulum	present	gold quality	65.42
ENSBTAG00000054548	H2AC12	omasum	present	gold quality	59.31
ENSBTAG00000054548	H2AC12	omasum	present	gold quality	59.04
ENSBTAG00000054548	H2AC12	rumen	present	gold quality	66.96
ENSBTAG00000054548	H2AC12	rumen	present	gold quality	96.9
ENSBTAG00000054548	H2AC12	rumen	present	gold quality	40.15
ENSBTAG00000054548	H2AC12	rumen	present	gold quality	81.75
ENSBTAG00000054548	H2AC12	rumen	present	gold quality	64.88
ENSBTAG00000054548	H2AC12	surface of tongue	present	gold quality	53.54
ENSBTAG00000054548	H2AC12	surface of tongue	present	gold quality	53.49
ENSBTAG00000054548	H2AC12	pigment epithelium of eye	present	gold quality	52.03
ENSBTAG00000054548	H2AC12	pigment epithelium of eye	present	gold quality	52.04
ENSBTAG00000054548	H2AC12	rumen epithelium	present	gold quality	91.61
ENSBTAG00000054548	H2AC12	rumen epithelium	present	gold quality	54.68
ENSBTAG00000054548	H2AC12	rumen epithelium	present	gold quality	63.03
ENSBTAG00000054548	H2AC12	rumen papilla	present	gold quality	61.84
ENSBTAG00000054548	H2AC12	rumen papilla	present	gold quality	51.96
ENSBTAG00000054548	H2AC12	rumen papilla	present	gold quality	61.84
ENSBTAG00000054548	H2AC12	spiral colon	present	gold quality	96.4
ENSBTAG00000054548	H2AC12	omental fat pad	present	gold quality	53.81
ENSBTAG00000054548	H2AC12	omental fat pad	present	gold quality	48.6
ENSBTAG00000054548	H2AC12	metanephros cortex	present	gold quality	43.62
ENSBTAG00000054548	H2AC12	ampulla of uterine tube	present	gold quality	51.19
ENSBTAG00000054548	H2AC12	ampulla of uterine tube	present	gold quality	54.96
ENSBTAG00000054548	H2AC12	retropharyngeal lymph node	present	gold quality	61.7
ENSBTAG00000054548	H2AC12	temporal cortex	present	gold quality	52.07
ENSBTAG00000054548	H2AC12	temporal cortex	present	gold quality	52.07
ENSBTAG00000054548	H2AC12	isthmus of fallopian tube	present	gold quality	60.87
ENSBTAG00000054548	H2AC12	isthmus of fallopian tube	present	gold quality	60.86
ENSBTAG00000054548	H2AC12	intramuscular adipose tissue	present	gold quality	56.95
ENSBTAG00000054548	H2AC12	intramuscular adipose tissue	present	gold quality	57.8
ENSBTAG00000054548	H2AC12	scapular muscle	present	gold quality	34.83
ENSBTAG00000054548	H2AC12	parenchyma of mammary gland	present	gold quality	54.44
